<?xml version="1.0" encoding="UTF-8"?>
<gpx xmlns:gpxdata="http://www.cluetrust.com/XML/GPXDATA/1/0" xmlns:xsi="http://www.w3.org/2001/XMLSchema-instance" xmlns="http://www.topografix.com/GPX/1/1" version="1.1" creator="http://ridewithgps.com/" xsi:schemaLocation="http://www.topografix.com/GPX/1/1 http://www.topografix.com/GPX/1/1/gpx.xsd http://www.cluetrust.com/XML/GPXDATA/1/0 http://www.cluetrust.com/Schemas/gpxdata10.xsd">
  <metadata>
    <name>Doss Gravel 34</name>
    <link href="https://ridewithgps.com/routes/50378522">
      <text>Doss Gravel 34</text>
    </link>
    <time>2025-04-18T08:05:35Z</time>
  </metadata>
  <wpt lat="30.512329570840315" lon="-99.13760338228724">
    <name>Use Caution</name>
    <cmt>caution</cmt>
    <sym>Dot</sym>
    <type>danger</type>
  </wpt>
  <wpt lat="30.514100000000017" lon="-99.16515686806069">
    <name>Smile for Camera</name>
    <cmt>viewpoint</cmt>
    <sym>Dot</sym>
    <type>overlook</type>
  </wpt>
  <wpt lat="30.514100000000017" lon="-99.16505226190911">
    <name>Use Caution</name>
    <cmt>caution</cmt>
    <sym>Dot</sym>
    <type>danger</type>
  </wpt>
  <wpt lat="30.54424999999999" lon="-99.17792999999999">
    <name>Use Caution</name>
    <cmt>caution</cmt>
    <sym>Dot</sym>
    <type>danger</type>
  </wpt>
  <wpt lat="30.544315936651238" lon="-99.17795548875222">
    <name>Smile for Camera</name>
    <cmt>viewpoint</cmt>
    <sym>Dot</sym>
    <type>overlook</type>
  </wpt>
  <wpt lat="30.585702586487447" lon="-99.11544594729561">
    <name>Use Caution</name>
    <cmt>caution</cmt>
    <sym>Dot</sym>
    <type>danger</type>
  </wpt>
  <wpt lat="30.58661583427912" lon="-99.11447159319373">
    <name>Use Caution</name>
    <cmt>caution</cmt>
    <sym>Dot</sym>
    <type>danger</type>
  </wpt>
  <wpt lat="30.60338271331106" lon="-99.1086032309394">
    <name>Use Caution</name>
    <cmt>caution</cmt>
    <sym>Dot</sym>
    <type>danger</type>
  </wpt>
  <wpt lat="30.603393763861796" lon="-99.10868426831412">
    <name>Smile for Camera</name>
    <cmt>viewpoint</cmt>
    <sym>Dot</sym>
    <type>overlook</type>
  </wpt>
  <trk>
    <name>Doss Gravel 34</name>
    <trkseg>
      <trkpt lat="30.4446" lon="-99.13057">
        <ele>527.2</ele>
      </trkpt>
      <trkpt lat="30.44463" lon="-99.13057">
        <ele>527.2</ele>
      </trkpt>
      <trkpt lat="30.4447" lon="-99.13055">
        <ele>527.2</ele>
      </trkpt>
      <trkpt lat="30.44519" lon="-99.13051">
        <ele>526.8</ele>
      </trkpt>
      <trkpt lat="30.44525" lon="-99.13051">
        <ele>526.8</ele>
      </trkpt>
      <trkpt lat="30.44543" lon="-99.13051">
        <ele>526.7</ele>
      </trkpt>
      <trkpt lat="30.44595" lon="-99.13051">
        <ele>526.4</ele>
      </trkpt>
      <trkpt lat="30.44617" lon="-99.13051">
        <ele>526.3</ele>
      </trkpt>
      <trkpt lat="30.44628" lon="-99.13051">
        <ele>526.2</ele>
      </trkpt>
      <trkpt lat="30.44651" lon="-99.1305">
        <ele>526.1</ele>
      </trkpt>
      <trkpt lat="30.44723" lon="-99.1305">
        <ele>525.8</ele>
      </trkpt>
      <trkpt lat="30.44741" lon="-99.1305">
        <ele>525.7</ele>
      </trkpt>
      <trkpt lat="30.44766" lon="-99.1305">
        <ele>525.6</ele>
      </trkpt>
      <trkpt lat="30.44922" lon="-99.13049">
        <ele>524.5</ele>
      </trkpt>
      <trkpt lat="30.44926" lon="-99.13049">
        <ele>524.4</ele>
      </trkpt>
      <trkpt lat="30.44931" lon="-99.13049">
        <ele>524.4</ele>
      </trkpt>
      <trkpt lat="30.45057" lon="-99.13048">
        <ele>522.7</ele>
      </trkpt>
      <trkpt lat="30.45083" lon="-99.13048">
        <ele>522.3</ele>
      </trkpt>
      <trkpt lat="30.45118" lon="-99.13047">
        <ele>521.9</ele>
      </trkpt>
      <trkpt lat="30.4519" lon="-99.13047">
        <ele>521.0</ele>
      </trkpt>
      <trkpt lat="30.45243" lon="-99.13046">
        <ele>520.4</ele>
      </trkpt>
      <trkpt lat="30.45335" lon="-99.13046">
        <ele>519.8</ele>
      </trkpt>
      <trkpt lat="30.45531" lon="-99.13046">
        <ele>518.4</ele>
      </trkpt>
      <trkpt lat="30.45549" lon="-99.13046">
        <ele>518.1</ele>
      </trkpt>
      <trkpt lat="30.45567" lon="-99.13046">
        <ele>517.7</ele>
      </trkpt>
      <trkpt lat="30.45585" lon="-99.13046">
        <ele>517.4</ele>
      </trkpt>
      <trkpt lat="30.45647" lon="-99.13046">
        <ele>515.7</ele>
      </trkpt>
      <trkpt lat="30.45719" lon="-99.13046">
        <ele>513.2</ele>
      </trkpt>
      <trkpt lat="30.45737" lon="-99.13046">
        <ele>512.9</ele>
      </trkpt>
      <trkpt lat="30.45755" lon="-99.13046">
        <ele>512.7</ele>
      </trkpt>
      <trkpt lat="30.45815" lon="-99.13046">
        <ele>512.4</ele>
      </trkpt>
      <trkpt lat="30.45861" lon="-99.13047">
        <ele>511.8</ele>
      </trkpt>
      <trkpt lat="30.45899" lon="-99.13047">
        <ele>511.6</ele>
      </trkpt>
      <trkpt lat="30.45958" lon="-99.13047">
        <ele>511.3</ele>
      </trkpt>
      <trkpt lat="30.46007" lon="-99.13047">
        <ele>510.9</ele>
      </trkpt>
      <trkpt lat="30.46025" lon="-99.13047">
        <ele>510.8</ele>
      </trkpt>
      <trkpt lat="30.46079" lon="-99.13047">
        <ele>509.3</ele>
      </trkpt>
      <trkpt lat="30.46109" lon="-99.13047">
        <ele>507.4</ele>
      </trkpt>
      <trkpt lat="30.46187" lon="-99.13046">
        <ele>504.8</ele>
      </trkpt>
      <trkpt lat="30.46205" lon="-99.13046">
        <ele>504.3</ele>
      </trkpt>
      <trkpt lat="30.46223" lon="-99.13046">
        <ele>503.5</ele>
      </trkpt>
      <trkpt lat="30.46231" lon="-99.13046">
        <ele>503.2</ele>
      </trkpt>
      <trkpt lat="30.46241" lon="-99.13046">
        <ele>502.9</ele>
      </trkpt>
      <trkpt lat="30.46261" lon="-99.13046">
        <ele>502.3</ele>
      </trkpt>
      <trkpt lat="30.46295" lon="-99.13046">
        <ele>501.8</ele>
      </trkpt>
      <trkpt lat="30.46313" lon="-99.13046">
        <ele>501.9</ele>
      </trkpt>
      <trkpt lat="30.46388" lon="-99.13045">
        <ele>503.6</ele>
      </trkpt>
      <trkpt lat="30.46505" lon="-99.13044">
        <ele>506.7</ele>
      </trkpt>
      <trkpt lat="30.46523" lon="-99.13044">
        <ele>507.1</ele>
      </trkpt>
      <trkpt lat="30.46541" lon="-99.13044">
        <ele>507.3</ele>
      </trkpt>
      <trkpt lat="30.46667" lon="-99.13044">
        <ele>507.3</ele>
      </trkpt>
      <trkpt lat="30.46683" lon="-99.13044">
        <ele>507.3</ele>
      </trkpt>
      <trkpt lat="30.46721" lon="-99.13043">
        <ele>507.8</ele>
      </trkpt>
      <trkpt lat="30.46811" lon="-99.13043">
        <ele>509.2</ele>
      </trkpt>
      <trkpt lat="30.46829" lon="-99.13043">
        <ele>509.5</ele>
      </trkpt>
      <trkpt lat="30.46847" lon="-99.13043">
        <ele>509.9</ele>
      </trkpt>
      <trkpt lat="30.46901" lon="-99.13043">
        <ele>511.3</ele>
      </trkpt>
      <trkpt lat="30.46937" lon="-99.13042">
        <ele>512.0</ele>
      </trkpt>
      <trkpt lat="30.47009" lon="-99.13042">
        <ele>512.5</ele>
      </trkpt>
      <trkpt lat="30.47045" lon="-99.13042">
        <ele>512.5</ele>
      </trkpt>
      <trkpt lat="30.4706" lon="-99.13042">
        <ele>512.5</ele>
      </trkpt>
      <trkpt lat="30.47063" lon="-99.13042">
        <ele>512.5</ele>
      </trkpt>
      <trkpt lat="30.47081" lon="-99.13042">
        <ele>512.4</ele>
      </trkpt>
      <trkpt lat="30.47099" lon="-99.13042">
        <ele>512.4</ele>
      </trkpt>
      <trkpt lat="30.47117" lon="-99.13042">
        <ele>512.3</ele>
      </trkpt>
      <trkpt lat="30.47189" lon="-99.13041">
        <ele>512.0</ele>
      </trkpt>
      <trkpt lat="30.47207" lon="-99.13041">
        <ele>511.8</ele>
      </trkpt>
      <trkpt lat="30.47213" lon="-99.13041">
        <ele>511.8</ele>
      </trkpt>
      <trkpt lat="30.47225" lon="-99.13041">
        <ele>511.8</ele>
      </trkpt>
      <trkpt lat="30.47243" lon="-99.13041">
        <ele>512.0</ele>
      </trkpt>
      <trkpt lat="30.47261" lon="-99.1304">
        <ele>512.2</ele>
      </trkpt>
      <trkpt lat="30.47279" lon="-99.1304">
        <ele>512.6</ele>
      </trkpt>
      <trkpt lat="30.47297" lon="-99.1304">
        <ele>513.0</ele>
      </trkpt>
      <trkpt lat="30.47315" lon="-99.1304">
        <ele>513.3</ele>
      </trkpt>
      <trkpt lat="30.47333" lon="-99.1304">
        <ele>513.4</ele>
      </trkpt>
      <trkpt lat="30.47351" lon="-99.1304">
        <ele>513.3</ele>
      </trkpt>
      <trkpt lat="30.47387" lon="-99.13039">
        <ele>512.9</ele>
      </trkpt>
      <trkpt lat="30.47423" lon="-99.13039">
        <ele>512.3</ele>
      </trkpt>
      <trkpt lat="30.47441" lon="-99.13039">
        <ele>512.1</ele>
      </trkpt>
      <trkpt lat="30.47459" lon="-99.13039">
        <ele>512.1</ele>
      </trkpt>
      <trkpt lat="30.47477" lon="-99.13039">
        <ele>512.1</ele>
      </trkpt>
      <trkpt lat="30.47513" lon="-99.13039">
        <ele>512.3</ele>
      </trkpt>
      <trkpt lat="30.47531" lon="-99.13038">
        <ele>512.6</ele>
      </trkpt>
      <trkpt lat="30.47601" lon="-99.13038">
        <ele>513.9</ele>
      </trkpt>
      <trkpt lat="30.47638" lon="-99.13037">
        <ele>513.9</ele>
      </trkpt>
      <trkpt lat="30.47656" lon="-99.13037">
        <ele>513.8</ele>
      </trkpt>
      <trkpt lat="30.47674" lon="-99.13037">
        <ele>513.7</ele>
      </trkpt>
      <trkpt lat="30.47692" lon="-99.13036">
        <ele>513.6</ele>
      </trkpt>
      <trkpt lat="30.4771" lon="-99.13036">
        <ele>513.5</ele>
      </trkpt>
      <trkpt lat="30.47764" lon="-99.13035">
        <ele>513.1</ele>
      </trkpt>
      <trkpt lat="30.47782" lon="-99.13035">
        <ele>513.1</ele>
      </trkpt>
      <trkpt lat="30.47792" lon="-99.13035">
        <ele>513.0</ele>
      </trkpt>
      <trkpt lat="30.478" lon="-99.13035">
        <ele>513.0</ele>
      </trkpt>
      <trkpt lat="30.47818" lon="-99.13035">
        <ele>512.9</ele>
      </trkpt>
      <trkpt lat="30.47872" lon="-99.13035">
        <ele>512.6</ele>
      </trkpt>
      <trkpt lat="30.4789" lon="-99.13034">
        <ele>512.5</ele>
      </trkpt>
      <trkpt lat="30.47908" lon="-99.13034">
        <ele>512.4</ele>
      </trkpt>
      <trkpt lat="30.47926" lon="-99.13034">
        <ele>512.3</ele>
      </trkpt>
      <trkpt lat="30.47936" lon="-99.13034">
        <ele>512.3</ele>
      </trkpt>
      <trkpt lat="30.47944" lon="-99.13034">
        <ele>512.4</ele>
      </trkpt>
      <trkpt lat="30.47962" lon="-99.13033">
        <ele>512.8</ele>
      </trkpt>
      <trkpt lat="30.47998" lon="-99.13032">
        <ele>513.8</ele>
      </trkpt>
      <trkpt lat="30.48016" lon="-99.13032">
        <ele>514.5</ele>
      </trkpt>
      <trkpt lat="30.48034" lon="-99.13032">
        <ele>515.3</ele>
      </trkpt>
      <trkpt lat="30.48106" lon="-99.13031">
        <ele>518.0</ele>
      </trkpt>
      <trkpt lat="30.48149" lon="-99.1303">
        <ele>518.6</ele>
      </trkpt>
      <trkpt lat="30.48231" lon="-99.1303">
        <ele>517.8</ele>
      </trkpt>
      <trkpt lat="30.48321" lon="-99.13029">
        <ele>515.0</ele>
      </trkpt>
      <trkpt lat="30.48339" lon="-99.13029">
        <ele>514.6</ele>
      </trkpt>
      <trkpt lat="30.48361" lon="-99.13029">
        <ele>514.1</ele>
      </trkpt>
      <trkpt lat="30.48411" lon="-99.13028">
        <ele>513.3</ele>
      </trkpt>
      <trkpt lat="30.48437" lon="-99.13028">
        <ele>513.0</ele>
      </trkpt>
      <trkpt lat="30.48473" lon="-99.13029">
        <ele>512.6</ele>
      </trkpt>
      <trkpt lat="30.4859" lon="-99.1303">
        <ele>508.9</ele>
      </trkpt>
      <trkpt lat="30.48608" lon="-99.1303">
        <ele>508.4</ele>
      </trkpt>
      <trkpt lat="30.4862" lon="-99.1303">
        <ele>508.1</ele>
      </trkpt>
      <trkpt lat="30.48662" lon="-99.13031">
        <ele>507.6</ele>
      </trkpt>
      <trkpt lat="30.4868" lon="-99.13031">
        <ele>507.6</ele>
      </trkpt>
      <trkpt lat="30.48701" lon="-99.13031">
        <ele>507.5</ele>
      </trkpt>
      <trkpt lat="30.48742" lon="-99.13031">
        <ele>507.1</ele>
      </trkpt>
      <trkpt lat="30.48752" lon="-99.13031">
        <ele>507.0</ele>
      </trkpt>
      <trkpt lat="30.4877" lon="-99.13032">
        <ele>506.7</ele>
      </trkpt>
      <trkpt lat="30.48783" lon="-99.13032">
        <ele>506.4</ele>
      </trkpt>
      <trkpt lat="30.48788" lon="-99.13032">
        <ele>506.3</ele>
      </trkpt>
      <trkpt lat="30.48806" lon="-99.13033">
        <ele>505.5</ele>
      </trkpt>
      <trkpt lat="30.48808" lon="-99.13033">
        <ele>505.3</ele>
      </trkpt>
      <trkpt lat="30.48811" lon="-99.13033">
        <ele>505.2</ele>
      </trkpt>
      <trkpt lat="30.48837" lon="-99.13035">
        <ele>503.4</ele>
      </trkpt>
      <trkpt lat="30.48842" lon="-99.13036">
        <ele>503.0</ele>
      </trkpt>
      <trkpt lat="30.48857" lon="-99.13038">
        <ele>502.2</ele>
      </trkpt>
      <trkpt lat="30.48876" lon="-99.13041">
        <ele>501.3</ele>
      </trkpt>
      <trkpt lat="30.48901" lon="-99.13045">
        <ele>500.3</ele>
      </trkpt>
      <trkpt lat="30.48913" lon="-99.13047">
        <ele>499.7</ele>
      </trkpt>
      <trkpt lat="30.48931" lon="-99.1305">
        <ele>499.0</ele>
      </trkpt>
      <trkpt lat="30.48949" lon="-99.13053">
        <ele>498.4</ele>
      </trkpt>
      <trkpt lat="30.48954" lon="-99.13054">
        <ele>498.2</ele>
      </trkpt>
      <trkpt lat="30.48966" lon="-99.13057">
        <ele>497.7</ele>
      </trkpt>
      <trkpt lat="30.48975" lon="-99.13058">
        <ele>497.3</ele>
      </trkpt>
      <trkpt lat="30.48993" lon="-99.13062">
        <ele>496.5</ele>
      </trkpt>
      <trkpt lat="30.49002" lon="-99.13063">
        <ele>496.2</ele>
      </trkpt>
      <trkpt lat="30.49018" lon="-99.13066">
        <ele>495.7</ele>
      </trkpt>
      <trkpt lat="30.49037" lon="-99.1307">
        <ele>495.1</ele>
      </trkpt>
      <trkpt lat="30.49055" lon="-99.13073">
        <ele>494.4</ele>
      </trkpt>
      <trkpt lat="30.49083" lon="-99.13077">
        <ele>492.6</ele>
      </trkpt>
      <trkpt lat="30.49094" lon="-99.13078">
        <ele>493.0</ele>
      </trkpt>
      <trkpt lat="30.49132" lon="-99.13082">
        <ele>494.4</ele>
      </trkpt>
      <trkpt lat="30.49164" lon="-99.13083">
        <ele>494.6</ele>
      </trkpt>
      <trkpt lat="30.49166" lon="-99.13083">
        <ele>494.6</ele>
      </trkpt>
      <trkpt lat="30.49181" lon="-99.13083">
        <ele>494.5</ele>
      </trkpt>
      <trkpt lat="30.49212" lon="-99.13082">
        <ele>494.1</ele>
      </trkpt>
      <trkpt lat="30.49225" lon="-99.13081">
        <ele>494.2</ele>
      </trkpt>
      <trkpt lat="30.49246" lon="-99.13079">
        <ele>494.5</ele>
      </trkpt>
      <trkpt lat="30.49261" lon="-99.13077">
        <ele>494.7</ele>
      </trkpt>
      <trkpt lat="30.49267" lon="-99.13076">
        <ele>494.7</ele>
      </trkpt>
      <trkpt lat="30.49279" lon="-99.13075">
        <ele>494.9</ele>
      </trkpt>
      <trkpt lat="30.49295" lon="-99.13073">
        <ele>495.7</ele>
      </trkpt>
      <trkpt lat="30.49297" lon="-99.13073">
        <ele>495.9</ele>
      </trkpt>
      <trkpt lat="30.49303" lon="-99.13072">
        <ele>496.6</ele>
      </trkpt>
      <trkpt lat="30.49315" lon="-99.1307">
        <ele>498.6</ele>
      </trkpt>
      <trkpt lat="30.49321" lon="-99.13069">
        <ele>499.3</ele>
      </trkpt>
      <trkpt lat="30.49332" lon="-99.13068">
        <ele>500.3</ele>
      </trkpt>
      <trkpt lat="30.4935" lon="-99.13066">
        <ele>501.2</ele>
      </trkpt>
      <trkpt lat="30.49362" lon="-99.13064">
        <ele>501.7</ele>
      </trkpt>
      <trkpt lat="30.49384" lon="-99.13062">
        <ele>502.6</ele>
      </trkpt>
      <trkpt lat="30.49404" lon="-99.13059">
        <ele>503.5</ele>
      </trkpt>
      <trkpt lat="30.49419" lon="-99.13057">
        <ele>504.0</ele>
      </trkpt>
      <trkpt lat="30.49422" lon="-99.13057">
        <ele>504.0</ele>
      </trkpt>
      <trkpt lat="30.49459" lon="-99.13052">
        <ele>504.7</ele>
      </trkpt>
      <trkpt lat="30.49476" lon="-99.1305">
        <ele>505.3</ele>
      </trkpt>
      <trkpt lat="30.49482" lon="-99.1305">
        <ele>505.6</ele>
      </trkpt>
      <trkpt lat="30.49493" lon="-99.13048">
        <ele>506.1</ele>
      </trkpt>
      <trkpt lat="30.49509" lon="-99.13048">
        <ele>506.3</ele>
      </trkpt>
      <trkpt lat="30.49529" lon="-99.13047">
        <ele>507.3</ele>
      </trkpt>
      <trkpt lat="30.49558" lon="-99.13049">
        <ele>508.8</ele>
      </trkpt>
      <trkpt lat="30.49565" lon="-99.1305">
        <ele>509.3</ele>
      </trkpt>
      <trkpt lat="30.49568" lon="-99.13051">
        <ele>509.4</ele>
      </trkpt>
      <trkpt lat="30.49582" lon="-99.13053">
        <ele>510.3</ele>
      </trkpt>
      <trkpt lat="30.49583" lon="-99.13053">
        <ele>510.4</ele>
      </trkpt>
      <trkpt lat="30.49597" lon="-99.13056">
        <ele>511.4</ele>
      </trkpt>
      <trkpt lat="30.496" lon="-99.13057">
        <ele>511.6</ele>
      </trkpt>
      <trkpt lat="30.49601" lon="-99.13057">
        <ele>511.7</ele>
      </trkpt>
      <trkpt lat="30.49618" lon="-99.13062">
        <ele>512.9</ele>
      </trkpt>
      <trkpt lat="30.49621" lon="-99.13063">
        <ele>513.1</ele>
      </trkpt>
      <trkpt lat="30.49628" lon="-99.13065">
        <ele>513.3</ele>
      </trkpt>
      <trkpt lat="30.49635" lon="-99.13067">
        <ele>513.3</ele>
      </trkpt>
      <trkpt lat="30.49667" lon="-99.1308">
        <ele>513.1</ele>
      </trkpt>
      <trkpt lat="30.49704" lon="-99.13096">
        <ele>512.7</ele>
      </trkpt>
      <trkpt lat="30.4974" lon="-99.13112">
        <ele>513.1</ele>
      </trkpt>
      <trkpt lat="30.49755" lon="-99.13118">
        <ele>513.6</ele>
      </trkpt>
      <trkpt lat="30.49757" lon="-99.13119">
        <ele>513.6</ele>
      </trkpt>
      <trkpt lat="30.49772" lon="-99.13125">
        <ele>513.8</ele>
      </trkpt>
      <trkpt lat="30.49788" lon="-99.13133">
        <ele>513.9</ele>
      </trkpt>
      <trkpt lat="30.49791" lon="-99.13134">
        <ele>514.0</ele>
      </trkpt>
      <trkpt lat="30.49805" lon="-99.1314">
        <ele>514.0</ele>
      </trkpt>
      <trkpt lat="30.49808" lon="-99.13141">
        <ele>513.9</ele>
      </trkpt>
      <trkpt lat="30.49822" lon="-99.13147">
        <ele>513.8</ele>
      </trkpt>
      <trkpt lat="30.49858" lon="-99.13163">
        <ele>513.4</ele>
      </trkpt>
      <trkpt lat="30.49875" lon="-99.1317">
        <ele>513.1</ele>
      </trkpt>
      <trkpt lat="30.49879" lon="-99.13172">
        <ele>513.1</ele>
      </trkpt>
      <trkpt lat="30.49912" lon="-99.13187">
        <ele>512.6</ele>
      </trkpt>
      <trkpt lat="30.49965" lon="-99.1321">
        <ele>512.2</ele>
      </trkpt>
      <trkpt lat="30.49969" lon="-99.13211">
        <ele>512.2</ele>
      </trkpt>
      <trkpt lat="30.49976" lon="-99.13214">
        <ele>512.2</ele>
      </trkpt>
      <trkpt lat="30.49993" lon="-99.13222">
        <ele>512.2</ele>
      </trkpt>
      <trkpt lat="30.50033" lon="-99.13239">
        <ele>512.1</ele>
      </trkpt>
      <trkpt lat="30.50037" lon="-99.13241">
        <ele>512.1</ele>
      </trkpt>
      <trkpt lat="30.50046" lon="-99.13245">
        <ele>512.1</ele>
      </trkpt>
      <trkpt lat="30.5006" lon="-99.13251">
        <ele>512.1</ele>
      </trkpt>
      <trkpt lat="30.50083" lon="-99.13261">
        <ele>512.4</ele>
      </trkpt>
      <trkpt lat="30.50087" lon="-99.13263">
        <ele>512.4</ele>
      </trkpt>
      <trkpt lat="30.50094" lon="-99.13266">
        <ele>512.5</ele>
      </trkpt>
      <trkpt lat="30.50111" lon="-99.13273">
        <ele>513.0</ele>
      </trkpt>
      <trkpt lat="30.50124" lon="-99.13278">
        <ele>513.6</ele>
      </trkpt>
      <trkpt lat="30.50128" lon="-99.1328">
        <ele>513.8</ele>
      </trkpt>
      <trkpt lat="30.50195" lon="-99.1331">
        <ele>517.1</ele>
      </trkpt>
      <trkpt lat="30.50212" lon="-99.13317">
        <ele>517.4</ele>
      </trkpt>
      <trkpt lat="30.50218" lon="-99.1332">
        <ele>517.6</ele>
      </trkpt>
      <trkpt lat="30.50263" lon="-99.13339">
        <ele>518.2</ele>
      </trkpt>
      <trkpt lat="30.50279" lon="-99.13346">
        <ele>518.5</ele>
      </trkpt>
      <trkpt lat="30.50313" lon="-99.13361">
        <ele>518.9</ele>
      </trkpt>
      <trkpt lat="30.50364" lon="-99.13383">
        <ele>519.4</ele>
      </trkpt>
      <trkpt lat="30.50465" lon="-99.13427">
        <ele>521.2</ele>
      </trkpt>
      <trkpt lat="30.50498" lon="-99.13441">
        <ele>521.9</ele>
      </trkpt>
      <trkpt lat="30.50573" lon="-99.13473">
        <ele>523.5</ele>
      </trkpt>
      <trkpt lat="30.50584" lon="-99.13478">
        <ele>523.7</ele>
      </trkpt>
      <trkpt lat="30.50619" lon="-99.13493">
        <ele>524.4</ele>
      </trkpt>
      <trkpt lat="30.50636" lon="-99.13501">
        <ele>524.4</ele>
      </trkpt>
      <trkpt lat="30.50698" lon="-99.13528">
        <ele>524.8</ele>
      </trkpt>
      <trkpt lat="30.50737" lon="-99.13545">
        <ele>525.2</ele>
      </trkpt>
      <trkpt lat="30.50753" lon="-99.13552">
        <ele>525.3</ele>
      </trkpt>
      <trkpt lat="30.50821" lon="-99.13581">
        <ele>525.9</ele>
      </trkpt>
      <trkpt lat="30.50886" lon="-99.13609">
        <ele>526.4</ele>
      </trkpt>
      <trkpt lat="30.50902" lon="-99.13617">
        <ele>526.6</ele>
      </trkpt>
      <trkpt lat="30.50919" lon="-99.13624">
        <ele>526.9</ele>
      </trkpt>
      <trkpt lat="30.50936" lon="-99.13631">
        <ele>527.1</ele>
      </trkpt>
      <trkpt lat="30.5102" lon="-99.13668">
        <ele>528.4</ele>
      </trkpt>
      <trkpt lat="30.51037" lon="-99.13675">
        <ele>528.7</ele>
      </trkpt>
      <trkpt lat="30.51071" lon="-99.1369">
        <ele>529.3</ele>
      </trkpt>
      <trkpt lat="30.51128" lon="-99.13715">
        <ele>530.3</ele>
      </trkpt>
      <trkpt lat="30.51138" lon="-99.13719">
        <ele>530.5</ele>
      </trkpt>
      <trkpt lat="30.5115" lon="-99.13724">
        <ele>530.6</ele>
      </trkpt>
      <trkpt lat="30.51155" lon="-99.13726">
        <ele>530.7</ele>
      </trkpt>
      <trkpt lat="30.51233" lon="-99.137603">
        <ele>530.8</ele>
      </trkpt>
      <trkpt lat="30.51239" lon="-99.13763">
        <ele>530.8</ele>
      </trkpt>
      <trkpt lat="30.51239" lon="-99.13763">
        <ele>530.8</ele>
      </trkpt>
      <trkpt lat="30.5124" lon="-99.13785">
        <ele>531.2</ele>
      </trkpt>
      <trkpt lat="30.5124" lon="-99.13797">
        <ele>531.5</ele>
      </trkpt>
      <trkpt lat="30.5124" lon="-99.13807">
        <ele>531.7</ele>
      </trkpt>
      <trkpt lat="30.51241" lon="-99.13834">
        <ele>532.1</ele>
      </trkpt>
      <trkpt lat="30.51241" lon="-99.13874">
        <ele>532.7</ele>
      </trkpt>
      <trkpt lat="30.51241" lon="-99.13901">
        <ele>532.9</ele>
      </trkpt>
      <trkpt lat="30.51241" lon="-99.1391">
        <ele>533.0</ele>
      </trkpt>
      <trkpt lat="30.51241" lon="-99.1391">
        <ele>533.0</ele>
      </trkpt>
      <trkpt lat="30.5124" lon="-99.14011">
        <ele>533.7</ele>
      </trkpt>
      <trkpt lat="30.51239" lon="-99.14015">
        <ele>533.7</ele>
      </trkpt>
      <trkpt lat="30.51236" lon="-99.14041">
        <ele>533.8</ele>
      </trkpt>
      <trkpt lat="30.51233" lon="-99.14056">
        <ele>533.8</ele>
      </trkpt>
      <trkpt lat="30.51229" lon="-99.14071">
        <ele>533.8</ele>
      </trkpt>
      <trkpt lat="30.51223" lon="-99.14086">
        <ele>533.7</ele>
      </trkpt>
      <trkpt lat="30.51219" lon="-99.14095">
        <ele>533.7</ele>
      </trkpt>
      <trkpt lat="30.51215" lon="-99.14105">
        <ele>533.6</ele>
      </trkpt>
      <trkpt lat="30.5121" lon="-99.14118">
        <ele>533.6</ele>
      </trkpt>
      <trkpt lat="30.51202" lon="-99.14138">
        <ele>533.5</ele>
      </trkpt>
      <trkpt lat="30.51198" lon="-99.14149">
        <ele>533.5</ele>
      </trkpt>
      <trkpt lat="30.51194" lon="-99.14164">
        <ele>533.5</ele>
      </trkpt>
      <trkpt lat="30.51193" lon="-99.14172">
        <ele>533.5</ele>
      </trkpt>
      <trkpt lat="30.51192" lon="-99.14189">
        <ele>533.6</ele>
      </trkpt>
      <trkpt lat="30.51192" lon="-99.14204">
        <ele>533.6</ele>
      </trkpt>
      <trkpt lat="30.51192" lon="-99.14246">
        <ele>533.8</ele>
      </trkpt>
      <trkpt lat="30.51192" lon="-99.14263">
        <ele>533.8</ele>
      </trkpt>
      <trkpt lat="30.51192" lon="-99.14267">
        <ele>533.9</ele>
      </trkpt>
      <trkpt lat="30.51192" lon="-99.14308">
        <ele>533.8</ele>
      </trkpt>
      <trkpt lat="30.51192" lon="-99.14318">
        <ele>533.8</ele>
      </trkpt>
      <trkpt lat="30.51192" lon="-99.14346">
        <ele>533.9</ele>
      </trkpt>
      <trkpt lat="30.51191" lon="-99.14385">
        <ele>534.1</ele>
      </trkpt>
      <trkpt lat="30.51191" lon="-99.14434">
        <ele>534.3</ele>
      </trkpt>
      <trkpt lat="30.51191" lon="-99.14444">
        <ele>534.4</ele>
      </trkpt>
      <trkpt lat="30.5119" lon="-99.14517">
        <ele>534.8</ele>
      </trkpt>
      <trkpt lat="30.5119" lon="-99.14524">
        <ele>534.9</ele>
      </trkpt>
      <trkpt lat="30.51191" lon="-99.14611">
        <ele>535.7</ele>
      </trkpt>
      <trkpt lat="30.51191" lon="-99.14622">
        <ele>535.8</ele>
      </trkpt>
      <trkpt lat="30.51191" lon="-99.14624">
        <ele>535.8</ele>
      </trkpt>
      <trkpt lat="30.51192" lon="-99.14631">
        <ele>535.9</ele>
      </trkpt>
      <trkpt lat="30.51192" lon="-99.14633">
        <ele>535.9</ele>
      </trkpt>
      <trkpt lat="30.51194" lon="-99.14642">
        <ele>536.0</ele>
      </trkpt>
      <trkpt lat="30.51195" lon="-99.14648">
        <ele>536.0</ele>
      </trkpt>
      <trkpt lat="30.51202" lon="-99.14677">
        <ele>536.3</ele>
      </trkpt>
      <trkpt lat="30.51208" lon="-99.14703">
        <ele>536.4</ele>
      </trkpt>
      <trkpt lat="30.51212" lon="-99.14723">
        <ele>536.4</ele>
      </trkpt>
      <trkpt lat="30.51218" lon="-99.14752">
        <ele>536.6</ele>
      </trkpt>
      <trkpt lat="30.51225" lon="-99.14766">
        <ele>536.8</ele>
      </trkpt>
      <trkpt lat="30.51238" lon="-99.14776">
        <ele>537.0</ele>
      </trkpt>
      <trkpt lat="30.5126" lon="-99.14789">
        <ele>537.5</ele>
      </trkpt>
      <trkpt lat="30.51265" lon="-99.14792">
        <ele>537.6</ele>
      </trkpt>
      <trkpt lat="30.51269" lon="-99.14794">
        <ele>537.6</ele>
      </trkpt>
      <trkpt lat="30.51286" lon="-99.14802">
        <ele>538.0</ele>
      </trkpt>
      <trkpt lat="30.51301" lon="-99.14809">
        <ele>538.3</ele>
      </trkpt>
      <trkpt lat="30.51333" lon="-99.14821">
        <ele>538.9</ele>
      </trkpt>
      <trkpt lat="30.51354" lon="-99.14826">
        <ele>539.2</ele>
      </trkpt>
      <trkpt lat="30.51359" lon="-99.14827">
        <ele>539.3</ele>
      </trkpt>
      <trkpt lat="30.51363" lon="-99.14828">
        <ele>539.4</ele>
      </trkpt>
      <trkpt lat="30.51369" lon="-99.14829">
        <ele>539.4</ele>
      </trkpt>
      <trkpt lat="30.51372" lon="-99.14829">
        <ele>539.5</ele>
      </trkpt>
      <trkpt lat="30.51419" lon="-99.14834">
        <ele>540.2</ele>
      </trkpt>
      <trkpt lat="30.51477" lon="-99.14836">
        <ele>541.0</ele>
      </trkpt>
      <trkpt lat="30.5148" lon="-99.14836">
        <ele>541.0</ele>
      </trkpt>
      <trkpt lat="30.5149" lon="-99.14837">
        <ele>541.1</ele>
      </trkpt>
      <trkpt lat="30.51497" lon="-99.1484">
        <ele>541.2</ele>
      </trkpt>
      <trkpt lat="30.51508" lon="-99.14846">
        <ele>541.4</ele>
      </trkpt>
      <trkpt lat="30.51519" lon="-99.14864">
        <ele>541.6</ele>
      </trkpt>
      <trkpt lat="30.51535" lon="-99.14898">
        <ele>542.0</ele>
      </trkpt>
      <trkpt lat="30.51548" lon="-99.14928">
        <ele>542.3</ele>
      </trkpt>
      <trkpt lat="30.51559" lon="-99.14959">
        <ele>542.6</ele>
      </trkpt>
      <trkpt lat="30.51566" lon="-99.1499">
        <ele>542.8</ele>
      </trkpt>
      <trkpt lat="30.51568" lon="-99.15004">
        <ele>542.8</ele>
      </trkpt>
      <trkpt lat="30.5157" lon="-99.15022">
        <ele>542.9</ele>
      </trkpt>
      <trkpt lat="30.5157" lon="-99.15058">
        <ele>542.9</ele>
      </trkpt>
      <trkpt lat="30.51571" lon="-99.15108">
        <ele>543.0</ele>
      </trkpt>
      <trkpt lat="30.51572" lon="-99.15118">
        <ele>543.0</ele>
      </trkpt>
      <trkpt lat="30.51573" lon="-99.15171">
        <ele>543.0</ele>
      </trkpt>
      <trkpt lat="30.51574" lon="-99.15261">
        <ele>542.9</ele>
      </trkpt>
      <trkpt lat="30.51575" lon="-99.15275">
        <ele>542.7</ele>
      </trkpt>
      <trkpt lat="30.51575" lon="-99.15296">
        <ele>542.5</ele>
      </trkpt>
      <trkpt lat="30.51577" lon="-99.15351">
        <ele>541.9</ele>
      </trkpt>
      <trkpt lat="30.5158" lon="-99.15381">
        <ele>541.5</ele>
      </trkpt>
      <trkpt lat="30.51581" lon="-99.154">
        <ele>541.2</ele>
      </trkpt>
      <trkpt lat="30.51583" lon="-99.15414">
        <ele>540.9</ele>
      </trkpt>
      <trkpt lat="30.51584" lon="-99.15421">
        <ele>540.8</ele>
      </trkpt>
      <trkpt lat="30.51585" lon="-99.1543">
        <ele>540.6</ele>
      </trkpt>
      <trkpt lat="30.51586" lon="-99.15442">
        <ele>540.3</ele>
      </trkpt>
      <trkpt lat="30.5159" lon="-99.15488">
        <ele>539.4</ele>
      </trkpt>
      <trkpt lat="30.51596" lon="-99.15545">
        <ele>538.1</ele>
      </trkpt>
      <trkpt lat="30.51597" lon="-99.15555">
        <ele>537.9</ele>
      </trkpt>
      <trkpt lat="30.51597" lon="-99.15586">
        <ele>537.2</ele>
      </trkpt>
      <trkpt lat="30.51597" lon="-99.15598">
        <ele>537.0</ele>
      </trkpt>
      <trkpt lat="30.51597" lon="-99.15619">
        <ele>536.5</ele>
      </trkpt>
      <trkpt lat="30.51597" lon="-99.15627">
        <ele>536.4</ele>
      </trkpt>
      <trkpt lat="30.51597" lon="-99.15636">
        <ele>536.4</ele>
      </trkpt>
      <trkpt lat="30.51598" lon="-99.1564">
        <ele>536.4</ele>
      </trkpt>
      <trkpt lat="30.51601" lon="-99.15698">
        <ele>537.4</ele>
      </trkpt>
      <trkpt lat="30.51603" lon="-99.1575">
        <ele>538.5</ele>
      </trkpt>
      <trkpt lat="30.51606" lon="-99.15786">
        <ele>539.2</ele>
      </trkpt>
      <trkpt lat="30.51609" lon="-99.1581">
        <ele>539.7</ele>
      </trkpt>
      <trkpt lat="30.51616" lon="-99.15849">
        <ele>540.4</ele>
      </trkpt>
      <trkpt lat="30.51624" lon="-99.15881">
        <ele>541.0</ele>
      </trkpt>
      <trkpt lat="30.51632" lon="-99.15907">
        <ele>541.4</ele>
      </trkpt>
      <trkpt lat="30.51637" lon="-99.15927">
        <ele>541.8</ele>
      </trkpt>
      <trkpt lat="30.51648" lon="-99.15967">
        <ele>542.6</ele>
      </trkpt>
      <trkpt lat="30.51651" lon="-99.15976">
        <ele>542.8</ele>
      </trkpt>
      <trkpt lat="30.51656" lon="-99.16002">
        <ele>543.2</ele>
      </trkpt>
      <trkpt lat="30.51657" lon="-99.16007">
        <ele>543.3</ele>
      </trkpt>
      <trkpt lat="30.5166" lon="-99.16032">
        <ele>543.7</ele>
      </trkpt>
      <trkpt lat="30.5166" lon="-99.16049">
        <ele>543.8</ele>
      </trkpt>
      <trkpt lat="30.5166" lon="-99.16051">
        <ele>543.8</ele>
      </trkpt>
      <trkpt lat="30.51659" lon="-99.16069">
        <ele>543.9</ele>
      </trkpt>
      <trkpt lat="30.51658" lon="-99.16079">
        <ele>543.9</ele>
      </trkpt>
      <trkpt lat="30.51657" lon="-99.1609">
        <ele>544.0</ele>
      </trkpt>
      <trkpt lat="30.51656" lon="-99.16099">
        <ele>544.0</ele>
      </trkpt>
      <trkpt lat="30.51651" lon="-99.16152">
        <ele>542.9</ele>
      </trkpt>
      <trkpt lat="30.51649" lon="-99.16173">
        <ele>542.2</ele>
      </trkpt>
      <trkpt lat="30.51647" lon="-99.16199">
        <ele>541.1</ele>
      </trkpt>
      <trkpt lat="30.51642" lon="-99.16219">
        <ele>540.0</ele>
      </trkpt>
      <trkpt lat="30.5163" lon="-99.16239">
        <ele>538.3</ele>
      </trkpt>
      <trkpt lat="30.51617" lon="-99.16254">
        <ele>536.9</ele>
      </trkpt>
      <trkpt lat="30.5161" lon="-99.16262">
        <ele>536.3</ele>
      </trkpt>
      <trkpt lat="30.51596" lon="-99.16276">
        <ele>535.8</ele>
      </trkpt>
      <trkpt lat="30.51586" lon="-99.16285">
        <ele>535.6</ele>
      </trkpt>
      <trkpt lat="30.51582" lon="-99.16289">
        <ele>535.5</ele>
      </trkpt>
      <trkpt lat="30.51543" lon="-99.16332">
        <ele>534.7</ele>
      </trkpt>
      <trkpt lat="30.5154" lon="-99.16335">
        <ele>534.6</ele>
      </trkpt>
      <trkpt lat="30.51529" lon="-99.16346">
        <ele>534.6</ele>
      </trkpt>
      <trkpt lat="30.51508" lon="-99.16367">
        <ele>534.6</ele>
      </trkpt>
      <trkpt lat="30.51488" lon="-99.16387">
        <ele>534.8</ele>
      </trkpt>
      <trkpt lat="30.51464" lon="-99.16412">
        <ele>535.1</ele>
      </trkpt>
      <trkpt lat="30.51448" lon="-99.16428">
        <ele>535.4</ele>
      </trkpt>
      <trkpt lat="30.51439" lon="-99.16436">
        <ele>535.6</ele>
      </trkpt>
      <trkpt lat="30.51415" lon="-99.1647">
        <ele>536.5</ele>
      </trkpt>
      <trkpt lat="30.51413" lon="-99.16481">
        <ele>536.9</ele>
      </trkpt>
      <trkpt lat="30.5141" lon="-99.16503">
        <ele>537.7</ele>
      </trkpt>
      <trkpt lat="30.5141" lon="-99.165052">
        <ele>537.8</ele>
      </trkpt>
      <trkpt lat="30.5141" lon="-99.165157">
        <ele>538.2</ele>
      </trkpt>
      <trkpt lat="30.5141" lon="-99.16517">
        <ele>538.2</ele>
      </trkpt>
      <trkpt lat="30.5141" lon="-99.16517">
        <ele>538.2</ele>
      </trkpt>
      <trkpt lat="30.51464" lon="-99.1654">
        <ele>538.5</ele>
      </trkpt>
      <trkpt lat="30.51482" lon="-99.16547">
        <ele>538.4</ele>
      </trkpt>
      <trkpt lat="30.5149" lon="-99.16551">
        <ele>538.4</ele>
      </trkpt>
      <trkpt lat="30.5149" lon="-99.16551">
        <ele>538.4</ele>
      </trkpt>
      <trkpt lat="30.5155" lon="-99.16575">
        <ele>538.3</ele>
      </trkpt>
      <trkpt lat="30.51555" lon="-99.16577">
        <ele>538.3</ele>
      </trkpt>
      <trkpt lat="30.51567" lon="-99.16581">
        <ele>538.3</ele>
      </trkpt>
      <trkpt lat="30.51601" lon="-99.16595">
        <ele>538.5</ele>
      </trkpt>
      <trkpt lat="30.51754" lon="-99.16654">
        <ele>538.6</ele>
      </trkpt>
      <trkpt lat="30.51772" lon="-99.16661">
        <ele>538.4</ele>
      </trkpt>
      <trkpt lat="30.51789" lon="-99.16668">
        <ele>538.2</ele>
      </trkpt>
      <trkpt lat="30.51942" lon="-99.16728">
        <ele>535.5</ele>
      </trkpt>
      <trkpt lat="30.51947" lon="-99.1673">
        <ele>535.3</ele>
      </trkpt>
      <trkpt lat="30.51959" lon="-99.16735">
        <ele>535.3</ele>
      </trkpt>
      <trkpt lat="30.51979" lon="-99.16743">
        <ele>535.7</ele>
      </trkpt>
      <trkpt lat="30.51992" lon="-99.16751">
        <ele>536.4</ele>
      </trkpt>
      <trkpt lat="30.52005" lon="-99.16759">
        <ele>537.1</ele>
      </trkpt>
      <trkpt lat="30.52008" lon="-99.16761">
        <ele>537.3</ele>
      </trkpt>
      <trkpt lat="30.52028" lon="-99.1678">
        <ele>537.9</ele>
      </trkpt>
      <trkpt lat="30.52051" lon="-99.16804">
        <ele>538.1</ele>
      </trkpt>
      <trkpt lat="30.52074" lon="-99.16831">
        <ele>538.8</ele>
      </trkpt>
      <trkpt lat="30.52098" lon="-99.16861">
        <ele>540.4</ele>
      </trkpt>
      <trkpt lat="30.52122" lon="-99.16895">
        <ele>543.9</ele>
      </trkpt>
      <trkpt lat="30.52133" lon="-99.1691">
        <ele>544.1</ele>
      </trkpt>
      <trkpt lat="30.52144" lon="-99.16926">
        <ele>544.0</ele>
      </trkpt>
      <trkpt lat="30.52146" lon="-99.1693">
        <ele>544.1</ele>
      </trkpt>
      <trkpt lat="30.52156" lon="-99.16942">
        <ele>544.0</ele>
      </trkpt>
      <trkpt lat="30.5217" lon="-99.16962">
        <ele>544.1</ele>
      </trkpt>
      <trkpt lat="30.52179" lon="-99.16974">
        <ele>544.0</ele>
      </trkpt>
      <trkpt lat="30.52244" lon="-99.17064">
        <ele>543.5</ele>
      </trkpt>
      <trkpt lat="30.52248" lon="-99.1707">
        <ele>543.5</ele>
      </trkpt>
      <trkpt lat="30.52304" lon="-99.17146">
        <ele>541.6</ele>
      </trkpt>
      <trkpt lat="30.52321" lon="-99.17169">
        <ele>541.5</ele>
      </trkpt>
      <trkpt lat="30.52339" lon="-99.17193">
        <ele>541.7</ele>
      </trkpt>
      <trkpt lat="30.52351" lon="-99.17209">
        <ele>542.0</ele>
      </trkpt>
      <trkpt lat="30.52369" lon="-99.17234">
        <ele>542.8</ele>
      </trkpt>
      <trkpt lat="30.5241" lon="-99.17293">
        <ele>545.4</ele>
      </trkpt>
      <trkpt lat="30.5242" lon="-99.17306">
        <ele>546.1</ele>
      </trkpt>
      <trkpt lat="30.5243" lon="-99.17313">
        <ele>546.4</ele>
      </trkpt>
      <trkpt lat="30.52435" lon="-99.17315">
        <ele>546.5</ele>
      </trkpt>
      <trkpt lat="30.52443" lon="-99.17319">
        <ele>546.6</ele>
      </trkpt>
      <trkpt lat="30.52452" lon="-99.17324">
        <ele>546.8</ele>
      </trkpt>
      <trkpt lat="30.52455" lon="-99.17325">
        <ele>546.8</ele>
      </trkpt>
      <trkpt lat="30.52469" lon="-99.17327">
        <ele>546.5</ele>
      </trkpt>
      <trkpt lat="30.52487" lon="-99.17328">
        <ele>546.2</ele>
      </trkpt>
      <trkpt lat="30.52505" lon="-99.1733">
        <ele>545.8</ele>
      </trkpt>
      <trkpt lat="30.52559" lon="-99.17334">
        <ele>544.9</ele>
      </trkpt>
      <trkpt lat="30.52613" lon="-99.17341">
        <ele>544.4</ele>
      </trkpt>
      <trkpt lat="30.52649" lon="-99.17346">
        <ele>543.8</ele>
      </trkpt>
      <trkpt lat="30.52655" lon="-99.17346">
        <ele>543.6</ele>
      </trkpt>
      <trkpt lat="30.52666" lon="-99.17348">
        <ele>543.3</ele>
      </trkpt>
      <trkpt lat="30.52684" lon="-99.1735">
        <ele>542.6</ele>
      </trkpt>
      <trkpt lat="30.52792" lon="-99.17364">
        <ele>539.3</ele>
      </trkpt>
      <trkpt lat="30.52795" lon="-99.17365">
        <ele>539.2</ele>
      </trkpt>
      <trkpt lat="30.52809" lon="-99.17366">
        <ele>539.1</ele>
      </trkpt>
      <trkpt lat="30.52827" lon="-99.17369">
        <ele>539.0</ele>
      </trkpt>
      <trkpt lat="30.52863" lon="-99.17373">
        <ele>538.8</ele>
      </trkpt>
      <trkpt lat="30.52881" lon="-99.17376">
        <ele>538.7</ele>
      </trkpt>
      <trkpt lat="30.52899" lon="-99.17378">
        <ele>538.8</ele>
      </trkpt>
      <trkpt lat="30.52903" lon="-99.17379">
        <ele>538.9</ele>
      </trkpt>
      <trkpt lat="30.52935" lon="-99.17383">
        <ele>539.9</ele>
      </trkpt>
      <trkpt lat="30.52941" lon="-99.17383">
        <ele>540.2</ele>
      </trkpt>
      <trkpt lat="30.5297" lon="-99.17388">
        <ele>542.1</ele>
      </trkpt>
      <trkpt lat="30.52988" lon="-99.1739">
        <ele>543.0</ele>
      </trkpt>
      <trkpt lat="30.53006" lon="-99.17393">
        <ele>543.6</ele>
      </trkpt>
      <trkpt lat="30.5302" lon="-99.17395">
        <ele>543.9</ele>
      </trkpt>
      <trkpt lat="30.53057" lon="-99.17399">
        <ele>544.4</ele>
      </trkpt>
      <trkpt lat="30.53101" lon="-99.17404">
        <ele>544.8</ele>
      </trkpt>
      <trkpt lat="30.53111" lon="-99.17406">
        <ele>544.9</ele>
      </trkpt>
      <trkpt lat="30.53123" lon="-99.17408">
        <ele>545.0</ele>
      </trkpt>
      <trkpt lat="30.53129" lon="-99.17409">
        <ele>545.1</ele>
      </trkpt>
      <trkpt lat="30.53145" lon="-99.1741">
        <ele>545.1</ele>
      </trkpt>
      <trkpt lat="30.53147" lon="-99.1741">
        <ele>545.1</ele>
      </trkpt>
      <trkpt lat="30.53163" lon="-99.1741">
        <ele>545.1</ele>
      </trkpt>
      <trkpt lat="30.53165" lon="-99.1741">
        <ele>545.0</ele>
      </trkpt>
      <trkpt lat="30.53176" lon="-99.1741">
        <ele>545.0</ele>
      </trkpt>
      <trkpt lat="30.53206" lon="-99.17413">
        <ele>544.6</ele>
      </trkpt>
      <trkpt lat="30.53236" lon="-99.17419">
        <ele>544.1</ele>
      </trkpt>
      <trkpt lat="30.5326" lon="-99.17426">
        <ele>543.6</ele>
      </trkpt>
      <trkpt lat="30.53306" lon="-99.1744">
        <ele>540.9</ele>
      </trkpt>
      <trkpt lat="30.53323" lon="-99.17445">
        <ele>540.1</ele>
      </trkpt>
      <trkpt lat="30.53325" lon="-99.17445">
        <ele>540.0</ele>
      </trkpt>
      <trkpt lat="30.53336" lon="-99.17449">
        <ele>539.8</ele>
      </trkpt>
      <trkpt lat="30.53341" lon="-99.1745">
        <ele>539.7</ele>
      </trkpt>
      <trkpt lat="30.53434" lon="-99.17479">
        <ele>540.4</ele>
      </trkpt>
      <trkpt lat="30.53508" lon="-99.17502">
        <ele>541.5</ele>
      </trkpt>
      <trkpt lat="30.5352" lon="-99.17506">
        <ele>541.9</ele>
      </trkpt>
      <trkpt lat="30.53677" lon="-99.17556">
        <ele>546.4</ele>
      </trkpt>
      <trkpt lat="30.53722" lon="-99.1757">
        <ele>547.1</ele>
      </trkpt>
      <trkpt lat="30.5377" lon="-99.17586">
        <ele>547.9</ele>
      </trkpt>
      <trkpt lat="30.5378" lon="-99.17589">
        <ele>548.1</ele>
      </trkpt>
      <trkpt lat="30.53847" lon="-99.1761">
        <ele>549.2</ele>
      </trkpt>
      <trkpt lat="30.53872" lon="-99.17618">
        <ele>549.9</ele>
      </trkpt>
      <trkpt lat="30.53885" lon="-99.17622">
        <ele>550.1</ele>
      </trkpt>
      <trkpt lat="30.53935" lon="-99.17637">
        <ele>550.8</ele>
      </trkpt>
      <trkpt lat="30.53989" lon="-99.17654">
        <ele>551.2</ele>
      </trkpt>
      <trkpt lat="30.54006" lon="-99.1766">
        <ele>551.3</ele>
      </trkpt>
      <trkpt lat="30.54024" lon="-99.17666">
        <ele>551.3</ele>
      </trkpt>
      <trkpt lat="30.54041" lon="-99.17671">
        <ele>551.4</ele>
      </trkpt>
      <trkpt lat="30.5411" lon="-99.17694">
        <ele>551.5</ele>
      </trkpt>
      <trkpt lat="30.54145" lon="-99.17705">
        <ele>551.5</ele>
      </trkpt>
      <trkpt lat="30.54162" lon="-99.17711">
        <ele>551.5</ele>
      </trkpt>
      <trkpt lat="30.54273" lon="-99.17744">
        <ele>551.7</ele>
      </trkpt>
      <trkpt lat="30.54301" lon="-99.17753">
        <ele>551.6</ele>
      </trkpt>
      <trkpt lat="30.54313" lon="-99.17757">
        <ele>551.5</ele>
      </trkpt>
      <trkpt lat="30.54336" lon="-99.17765">
        <ele>551.5</ele>
      </trkpt>
      <trkpt lat="30.54391" lon="-99.17781">
        <ele>551.8</ele>
      </trkpt>
      <trkpt lat="30.54414" lon="-99.17788">
        <ele>552.0</ele>
      </trkpt>
      <trkpt lat="30.54425" lon="-99.17793">
        <ele>552.0</ele>
      </trkpt>
      <trkpt lat="30.54425" lon="-99.17793">
        <ele>552.0</ele>
      </trkpt>
      <trkpt lat="30.54425" lon="-99.17793">
        <ele>552.0</ele>
      </trkpt>
      <trkpt lat="30.54427" lon="-99.177928">
        <ele>552.0</ele>
      </trkpt>
      <trkpt lat="30.54541" lon="-99.17779">
        <ele>552.0</ele>
      </trkpt>
      <trkpt lat="30.54595" lon="-99.17774">
        <ele>551.2</ele>
      </trkpt>
      <trkpt lat="30.54613" lon="-99.17772">
        <ele>550.9</ele>
      </trkpt>
      <trkpt lat="30.5468" lon="-99.17766">
        <ele>550.1</ele>
      </trkpt>
      <trkpt lat="30.54684" lon="-99.17766">
        <ele>550.1</ele>
      </trkpt>
      <trkpt lat="30.54702" lon="-99.17764">
        <ele>549.9</ele>
      </trkpt>
      <trkpt lat="30.54756" lon="-99.1776">
        <ele>548.8</ele>
      </trkpt>
      <trkpt lat="30.54774" lon="-99.17759">
        <ele>548.5</ele>
      </trkpt>
      <trkpt lat="30.54816" lon="-99.17756">
        <ele>548.0</ele>
      </trkpt>
      <trkpt lat="30.549" lon="-99.17747">
        <ele>545.5</ele>
      </trkpt>
      <trkpt lat="30.54918" lon="-99.17745">
        <ele>544.7</ele>
      </trkpt>
      <trkpt lat="30.54932" lon="-99.17744">
        <ele>544.3</ele>
      </trkpt>
      <trkpt lat="30.54989" lon="-99.1774">
        <ele>543.9</ele>
      </trkpt>
      <trkpt lat="30.55025" lon="-99.17737">
        <ele>543.3</ele>
      </trkpt>
      <trkpt lat="30.55041" lon="-99.17736">
        <ele>542.8</ele>
      </trkpt>
      <trkpt lat="30.55061" lon="-99.17734">
        <ele>541.3</ele>
      </trkpt>
      <trkpt lat="30.55079" lon="-99.17731">
        <ele>539.3</ele>
      </trkpt>
      <trkpt lat="30.55108" lon="-99.17728">
        <ele>536.2</ele>
      </trkpt>
      <trkpt lat="30.55187" lon="-99.17722">
        <ele>530.0</ele>
      </trkpt>
      <trkpt lat="30.55212" lon="-99.1772">
        <ele>528.0</ele>
      </trkpt>
      <trkpt lat="30.55278" lon="-99.17714">
        <ele>520.6</ele>
      </trkpt>
      <trkpt lat="30.55294" lon="-99.17712">
        <ele>518.5</ele>
      </trkpt>
      <trkpt lat="30.55324" lon="-99.17708">
        <ele>517.2</ele>
      </trkpt>
      <trkpt lat="30.55344" lon="-99.17703">
        <ele>516.7</ele>
      </trkpt>
      <trkpt lat="30.55362" lon="-99.17695">
        <ele>516.4</ele>
      </trkpt>
      <trkpt lat="30.55376" lon="-99.17686">
        <ele>516.3</ele>
      </trkpt>
      <trkpt lat="30.55392" lon="-99.17672">
        <ele>516.3</ele>
      </trkpt>
      <trkpt lat="30.55406" lon="-99.17657">
        <ele>516.1</ele>
      </trkpt>
      <trkpt lat="30.55421" lon="-99.17641">
        <ele>515.8</ele>
      </trkpt>
      <trkpt lat="30.55459" lon="-99.176">
        <ele>515.9</ele>
      </trkpt>
      <trkpt lat="30.55467" lon="-99.17591">
        <ele>515.9</ele>
      </trkpt>
      <trkpt lat="30.55501" lon="-99.17556">
        <ele>516.2</ele>
      </trkpt>
      <trkpt lat="30.55525" lon="-99.17529">
        <ele>515.9</ele>
      </trkpt>
      <trkpt lat="30.55529" lon="-99.17523">
        <ele>515.8</ele>
      </trkpt>
      <trkpt lat="30.55538" lon="-99.17514">
        <ele>515.3</ele>
      </trkpt>
      <trkpt lat="30.55558" lon="-99.17493">
        <ele>513.5</ele>
      </trkpt>
      <trkpt lat="30.55585" lon="-99.17465">
        <ele>511.4</ele>
      </trkpt>
      <trkpt lat="30.55612" lon="-99.17438">
        <ele>510.6</ele>
      </trkpt>
      <trkpt lat="30.55665" lon="-99.1739">
        <ele>507.5</ele>
      </trkpt>
      <trkpt lat="30.55676" lon="-99.17381">
        <ele>506.6</ele>
      </trkpt>
      <trkpt lat="30.5569" lon="-99.17368">
        <ele>505.8</ele>
      </trkpt>
      <trkpt lat="30.55739" lon="-99.17325">
        <ele>505.0</ele>
      </trkpt>
      <trkpt lat="30.55791" lon="-99.1728">
        <ele>504.7</ele>
      </trkpt>
      <trkpt lat="30.55805" lon="-99.17267">
        <ele>504.6</ele>
      </trkpt>
      <trkpt lat="30.55807" lon="-99.17265">
        <ele>504.6</ele>
      </trkpt>
      <trkpt lat="30.5586" lon="-99.17218">
        <ele>504.0</ele>
      </trkpt>
      <trkpt lat="30.5589" lon="-99.1719">
        <ele>503.9</ele>
      </trkpt>
      <trkpt lat="30.55954" lon="-99.17134">
        <ele>503.3</ele>
      </trkpt>
      <trkpt lat="30.55994" lon="-99.17098">
        <ele>502.8</ele>
      </trkpt>
      <trkpt lat="30.56062" lon="-99.17037">
        <ele>502.2</ele>
      </trkpt>
      <trkpt lat="30.56082" lon="-99.17018">
        <ele>502.0</ele>
      </trkpt>
      <trkpt lat="30.56093" lon="-99.17008">
        <ele>501.9</ele>
      </trkpt>
      <trkpt lat="30.56096" lon="-99.17005">
        <ele>501.9</ele>
      </trkpt>
      <trkpt lat="30.5613" lon="-99.16969">
        <ele>501.6</ele>
      </trkpt>
      <trkpt lat="30.56157" lon="-99.16935">
        <ele>501.3</ele>
      </trkpt>
      <trkpt lat="30.5616" lon="-99.16932">
        <ele>501.3</ele>
      </trkpt>
      <trkpt lat="30.56171" lon="-99.16916">
        <ele>501.2</ele>
      </trkpt>
      <trkpt lat="30.56191" lon="-99.1689">
        <ele>500.8</ele>
      </trkpt>
      <trkpt lat="30.56195" lon="-99.16884">
        <ele>500.8</ele>
      </trkpt>
      <trkpt lat="30.56215" lon="-99.16854">
        <ele>500.3</ele>
      </trkpt>
      <trkpt lat="30.56217" lon="-99.16852">
        <ele>500.3</ele>
      </trkpt>
      <trkpt lat="30.56239" lon="-99.16823">
        <ele>499.6</ele>
      </trkpt>
      <trkpt lat="30.56241" lon="-99.1682">
        <ele>499.5</ele>
      </trkpt>
      <trkpt lat="30.56278" lon="-99.16774">
        <ele>496.4</ele>
      </trkpt>
      <trkpt lat="30.56297" lon="-99.1675">
        <ele>495.1</ele>
      </trkpt>
      <trkpt lat="30.56302" lon="-99.16743">
        <ele>494.9</ele>
      </trkpt>
      <trkpt lat="30.56338" lon="-99.16697">
        <ele>494.3</ele>
      </trkpt>
      <trkpt lat="30.56344" lon="-99.16689">
        <ele>494.3</ele>
      </trkpt>
      <trkpt lat="30.56372" lon="-99.16653">
        <ele>494.0</ele>
      </trkpt>
      <trkpt lat="30.56396" lon="-99.16617">
        <ele>493.2</ele>
      </trkpt>
      <trkpt lat="30.56404" lon="-99.16606">
        <ele>493.0</ele>
      </trkpt>
      <trkpt lat="30.56426" lon="-99.16571">
        <ele>492.7</ele>
      </trkpt>
      <trkpt lat="30.56447" lon="-99.16531">
        <ele>492.7</ele>
      </trkpt>
      <trkpt lat="30.56452" lon="-99.16521">
        <ele>492.8</ele>
      </trkpt>
      <trkpt lat="30.5646" lon="-99.16505">
        <ele>492.8</ele>
      </trkpt>
      <trkpt lat="30.56468" lon="-99.16487">
        <ele>492.8</ele>
      </trkpt>
      <trkpt lat="30.56478" lon="-99.16453">
        <ele>492.9</ele>
      </trkpt>
      <trkpt lat="30.56481" lon="-99.16437">
        <ele>493.0</ele>
      </trkpt>
      <trkpt lat="30.56483" lon="-99.16428">
        <ele>493.0</ele>
      </trkpt>
      <trkpt lat="30.56487" lon="-99.16408">
        <ele>493.1</ele>
      </trkpt>
      <trkpt lat="30.56489" lon="-99.16401">
        <ele>493.1</ele>
      </trkpt>
      <trkpt lat="30.56496" lon="-99.16383">
        <ele>493.0</ele>
      </trkpt>
      <trkpt lat="30.56502" lon="-99.16372">
        <ele>492.9</ele>
      </trkpt>
      <trkpt lat="30.56511" lon="-99.16358">
        <ele>492.7</ele>
      </trkpt>
      <trkpt lat="30.56521" lon="-99.16348">
        <ele>492.4</ele>
      </trkpt>
      <trkpt lat="30.56529" lon="-99.16342">
        <ele>492.2</ele>
      </trkpt>
      <trkpt lat="30.56545" lon="-99.16334">
        <ele>491.7</ele>
      </trkpt>
      <trkpt lat="30.56564" lon="-99.16326">
        <ele>491.1</ele>
      </trkpt>
      <trkpt lat="30.56582" lon="-99.16317">
        <ele>490.5</ele>
      </trkpt>
      <trkpt lat="30.56595" lon="-99.16307">
        <ele>490.1</ele>
      </trkpt>
      <trkpt lat="30.56606" lon="-99.16294">
        <ele>489.7</ele>
      </trkpt>
      <trkpt lat="30.56613" lon="-99.16287">
        <ele>489.4</ele>
      </trkpt>
      <trkpt lat="30.5663" lon="-99.16267">
        <ele>488.9</ele>
      </trkpt>
      <trkpt lat="30.56656" lon="-99.16233">
        <ele>488.4</ele>
      </trkpt>
      <trkpt lat="30.56686" lon="-99.16195">
        <ele>488.2</ele>
      </trkpt>
      <trkpt lat="30.56696" lon="-99.16182">
        <ele>488.1</ele>
      </trkpt>
      <trkpt lat="30.56735" lon="-99.16136">
        <ele>487.2</ele>
      </trkpt>
      <trkpt lat="30.56749" lon="-99.1612">
        <ele>486.9</ele>
      </trkpt>
      <trkpt lat="30.56771" lon="-99.16092">
        <ele>486.6</ele>
      </trkpt>
      <trkpt lat="30.5679" lon="-99.16069">
        <ele>486.4</ele>
      </trkpt>
      <trkpt lat="30.56797" lon="-99.16058">
        <ele>486.4</ele>
      </trkpt>
      <trkpt lat="30.56806" lon="-99.16045">
        <ele>486.4</ele>
      </trkpt>
      <trkpt lat="30.56816" lon="-99.16019">
        <ele>486.8</ele>
      </trkpt>
      <trkpt lat="30.56817" lon="-99.16017">
        <ele>486.9</ele>
      </trkpt>
      <trkpt lat="30.56822" lon="-99.16">
        <ele>487.3</ele>
      </trkpt>
      <trkpt lat="30.56831" lon="-99.15959">
        <ele>488.7</ele>
      </trkpt>
      <trkpt lat="30.56831" lon="-99.15958">
        <ele>488.8</ele>
      </trkpt>
      <trkpt lat="30.56832" lon="-99.15956">
        <ele>488.9</ele>
      </trkpt>
      <trkpt lat="30.56835" lon="-99.15936">
        <ele>489.8</ele>
      </trkpt>
      <trkpt lat="30.56838" lon="-99.15923">
        <ele>490.2</ele>
      </trkpt>
      <trkpt lat="30.56839" lon="-99.15915">
        <ele>490.5</ele>
      </trkpt>
      <trkpt lat="30.56843" lon="-99.15895">
        <ele>490.8</ele>
      </trkpt>
      <trkpt lat="30.56846" lon="-99.15876">
        <ele>490.9</ele>
      </trkpt>
      <trkpt lat="30.5685" lon="-99.15854">
        <ele>490.6</ele>
      </trkpt>
      <trkpt lat="30.56864" lon="-99.15772">
        <ele>487.8</ele>
      </trkpt>
      <trkpt lat="30.56869" lon="-99.15744">
        <ele>487.1</ele>
      </trkpt>
      <trkpt lat="30.56871" lon="-99.15731">
        <ele>487.3</ele>
      </trkpt>
      <trkpt lat="30.56879" lon="-99.1569">
        <ele>489.9</ele>
      </trkpt>
      <trkpt lat="30.56894" lon="-99.15609">
        <ele>494.9</ele>
      </trkpt>
      <trkpt lat="30.56895" lon="-99.15605">
        <ele>495.0</ele>
      </trkpt>
      <trkpt lat="30.56905" lon="-99.15547">
        <ele>495.9</ele>
      </trkpt>
      <trkpt lat="30.5692" lon="-99.15465">
        <ele>498.8</ele>
      </trkpt>
      <trkpt lat="30.56921" lon="-99.15455">
        <ele>498.8</ele>
      </trkpt>
      <trkpt lat="30.56923" lon="-99.15445">
        <ele>498.8</ele>
      </trkpt>
      <trkpt lat="30.56927" lon="-99.15424">
        <ele>498.6</ele>
      </trkpt>
      <trkpt lat="30.56932" lon="-99.15396">
        <ele>498.3</ele>
      </trkpt>
      <trkpt lat="30.56934" lon="-99.15383">
        <ele>498.1</ele>
      </trkpt>
      <trkpt lat="30.56937" lon="-99.15361">
        <ele>497.4</ele>
      </trkpt>
      <trkpt lat="30.56941" lon="-99.15343">
        <ele>496.6</ele>
      </trkpt>
      <trkpt lat="30.56943" lon="-99.15335">
        <ele>496.2</ele>
      </trkpt>
      <trkpt lat="30.56945" lon="-99.15322">
        <ele>495.8</ele>
      </trkpt>
      <trkpt lat="30.56947" lon="-99.15312">
        <ele>495.6</ele>
      </trkpt>
      <trkpt lat="30.56953" lon="-99.15297">
        <ele>495.3</ele>
      </trkpt>
      <trkpt lat="30.56961" lon="-99.1528">
        <ele>495.1</ele>
      </trkpt>
      <trkpt lat="30.56973" lon="-99.15261">
        <ele>494.9</ele>
      </trkpt>
      <trkpt lat="30.56982" lon="-99.15249">
        <ele>494.9</ele>
      </trkpt>
      <trkpt lat="30.56994" lon="-99.15237">
        <ele>494.9</ele>
      </trkpt>
      <trkpt lat="30.57002" lon="-99.15228">
        <ele>494.9</ele>
      </trkpt>
      <trkpt lat="30.57022" lon="-99.15213">
        <ele>494.8</ele>
      </trkpt>
      <trkpt lat="30.57039" lon="-99.15203">
        <ele>495.1</ele>
      </trkpt>
      <trkpt lat="30.57099" lon="-99.15163">
        <ele>492.8</ele>
      </trkpt>
      <trkpt lat="30.57102" lon="-99.15161">
        <ele>492.6</ele>
      </trkpt>
      <trkpt lat="30.57115" lon="-99.15153">
        <ele>492.1</ele>
      </trkpt>
      <trkpt lat="30.57134" lon="-99.15141">
        <ele>491.2</ele>
      </trkpt>
      <trkpt lat="30.57147" lon="-99.15132">
        <ele>490.8</ele>
      </trkpt>
      <trkpt lat="30.5716" lon="-99.15124">
        <ele>490.5</ele>
      </trkpt>
      <trkpt lat="30.57166" lon="-99.15119">
        <ele>490.4</ele>
      </trkpt>
      <trkpt lat="30.57191" lon="-99.15105">
        <ele>489.9</ele>
      </trkpt>
      <trkpt lat="30.57216" lon="-99.15094">
        <ele>489.5</ele>
      </trkpt>
      <trkpt lat="30.57233" lon="-99.15091">
        <ele>489.3</ele>
      </trkpt>
      <trkpt lat="30.57249" lon="-99.1509">
        <ele>489.0</ele>
      </trkpt>
      <trkpt lat="30.57269" lon="-99.15088">
        <ele>488.7</ele>
      </trkpt>
      <trkpt lat="30.57296" lon="-99.15088">
        <ele>488.2</ele>
      </trkpt>
      <trkpt lat="30.57312" lon="-99.15082">
        <ele>487.8</ele>
      </trkpt>
      <trkpt lat="30.5733" lon="-99.1507">
        <ele>487.1</ele>
      </trkpt>
      <trkpt lat="30.57352" lon="-99.1505">
        <ele>485.9</ele>
      </trkpt>
      <trkpt lat="30.57364" lon="-99.15038">
        <ele>485.2</ele>
      </trkpt>
      <trkpt lat="30.57371" lon="-99.15031">
        <ele>484.8</ele>
      </trkpt>
      <trkpt lat="30.57374" lon="-99.15027">
        <ele>484.6</ele>
      </trkpt>
      <trkpt lat="30.57385" lon="-99.15014">
        <ele>484.1</ele>
      </trkpt>
      <trkpt lat="30.57387" lon="-99.15012">
        <ele>484.0</ele>
      </trkpt>
      <trkpt lat="30.57448" lon="-99.14943">
        <ele>482.8</ele>
      </trkpt>
      <trkpt lat="30.57464" lon="-99.14924">
        <ele>482.6</ele>
      </trkpt>
      <trkpt lat="30.57508" lon="-99.14878">
        <ele>482.6</ele>
      </trkpt>
      <trkpt lat="30.57531" lon="-99.14852">
        <ele>482.4</ele>
      </trkpt>
      <trkpt lat="30.57557" lon="-99.14823">
        <ele>482.3</ele>
      </trkpt>
      <trkpt lat="30.57561" lon="-99.14819">
        <ele>482.2</ele>
      </trkpt>
      <trkpt lat="30.5757" lon="-99.14808">
        <ele>482.2</ele>
      </trkpt>
      <trkpt lat="30.57574" lon="-99.14804">
        <ele>482.2</ele>
      </trkpt>
      <trkpt lat="30.57583" lon="-99.14794">
        <ele>482.2</ele>
      </trkpt>
      <trkpt lat="30.57596" lon="-99.14778">
        <ele>482.2</ele>
      </trkpt>
      <trkpt lat="30.57663" lon="-99.14702">
        <ele>480.9</ele>
      </trkpt>
      <trkpt lat="30.57676" lon="-99.14688">
        <ele>480.6</ele>
      </trkpt>
      <trkpt lat="30.57691" lon="-99.14672">
        <ele>480.3</ele>
      </trkpt>
      <trkpt lat="30.57728" lon="-99.14629">
        <ele>480.0</ele>
      </trkpt>
      <trkpt lat="30.57772" lon="-99.14579">
        <ele>479.5</ele>
      </trkpt>
      <trkpt lat="30.57826" lon="-99.1452">
        <ele>478.7</ele>
      </trkpt>
      <trkpt lat="30.57847" lon="-99.14496">
        <ele>478.3</ele>
      </trkpt>
      <trkpt lat="30.5786" lon="-99.14482">
        <ele>478.0</ele>
      </trkpt>
      <trkpt lat="30.57871" lon="-99.1447">
        <ele>477.7</ele>
      </trkpt>
      <trkpt lat="30.57916" lon="-99.14419">
        <ele>476.4</ele>
      </trkpt>
      <trkpt lat="30.57938" lon="-99.14395">
        <ele>475.5</ele>
      </trkpt>
      <trkpt lat="30.57955" lon="-99.14377">
        <ele>475.3</ele>
      </trkpt>
      <trkpt lat="30.57971" lon="-99.14358">
        <ele>475.1</ele>
      </trkpt>
      <trkpt lat="30.57984" lon="-99.14336">
        <ele>475.0</ele>
      </trkpt>
      <trkpt lat="30.57993" lon="-99.14314">
        <ele>474.9</ele>
      </trkpt>
      <trkpt lat="30.57996" lon="-99.14298">
        <ele>474.8</ele>
      </trkpt>
      <trkpt lat="30.57998" lon="-99.14277">
        <ele>474.8</ele>
      </trkpt>
      <trkpt lat="30.57998" lon="-99.14264">
        <ele>474.8</ele>
      </trkpt>
      <trkpt lat="30.57998" lon="-99.14259">
        <ele>474.8</ele>
      </trkpt>
      <trkpt lat="30.57999" lon="-99.14229">
        <ele>474.7</ele>
      </trkpt>
      <trkpt lat="30.57999" lon="-99.1421">
        <ele>474.7</ele>
      </trkpt>
      <trkpt lat="30.57998" lon="-99.14117">
        <ele>474.2</ele>
      </trkpt>
      <trkpt lat="30.57998" lon="-99.14022">
        <ele>473.7</ele>
      </trkpt>
      <trkpt lat="30.57998" lon="-99.14009">
        <ele>473.7</ele>
      </trkpt>
      <trkpt lat="30.57998" lon="-99.13946">
        <ele>473.5</ele>
      </trkpt>
      <trkpt lat="30.57998" lon="-99.13883">
        <ele>473.3</ele>
      </trkpt>
      <trkpt lat="30.57998" lon="-99.13821">
        <ele>473.3</ele>
      </trkpt>
      <trkpt lat="30.57998" lon="-99.13758">
        <ele>473.3</ele>
      </trkpt>
      <trkpt lat="30.57998" lon="-99.13743">
        <ele>473.4</ele>
      </trkpt>
      <trkpt lat="30.57998" lon="-99.13737">
        <ele>473.4</ele>
      </trkpt>
      <trkpt lat="30.57998" lon="-99.13601">
        <ele>473.8</ele>
      </trkpt>
      <trkpt lat="30.57999" lon="-99.13546">
        <ele>473.9</ele>
      </trkpt>
      <trkpt lat="30.57998" lon="-99.13449">
        <ele>474.0</ele>
      </trkpt>
      <trkpt lat="30.57998" lon="-99.13429">
        <ele>474.0</ele>
      </trkpt>
      <trkpt lat="30.57998" lon="-99.13408">
        <ele>474.0</ele>
      </trkpt>
      <trkpt lat="30.57998" lon="-99.13324">
        <ele>473.9</ele>
      </trkpt>
      <trkpt lat="30.57998" lon="-99.13303">
        <ele>473.9</ele>
      </trkpt>
      <trkpt lat="30.57999" lon="-99.1324">
        <ele>473.8</ele>
      </trkpt>
      <trkpt lat="30.57999" lon="-99.13164">
        <ele>473.6</ele>
      </trkpt>
      <trkpt lat="30.57999" lon="-99.13046">
        <ele>473.2</ele>
      </trkpt>
      <trkpt lat="30.57999" lon="-99.13039">
        <ele>473.2</ele>
      </trkpt>
      <trkpt lat="30.57999" lon="-99.13032">
        <ele>473.2</ele>
      </trkpt>
      <trkpt lat="30.57999" lon="-99.12935">
        <ele>472.6</ele>
      </trkpt>
      <trkpt lat="30.57999" lon="-99.12927">
        <ele>472.5</ele>
      </trkpt>
      <trkpt lat="30.58" lon="-99.12912">
        <ele>472.3</ele>
      </trkpt>
      <trkpt lat="30.58" lon="-99.12881">
        <ele>471.9</ele>
      </trkpt>
      <trkpt lat="30.58" lon="-99.12862">
        <ele>471.5</ele>
      </trkpt>
      <trkpt lat="30.58" lon="-99.12853">
        <ele>471.3</ele>
      </trkpt>
      <trkpt lat="30.58" lon="-99.12851">
        <ele>471.3</ele>
      </trkpt>
      <trkpt lat="30.58001" lon="-99.12826">
        <ele>470.5</ele>
      </trkpt>
      <trkpt lat="30.58001" lon="-99.12815">
        <ele>470.1</ele>
      </trkpt>
      <trkpt lat="30.58001" lon="-99.12811">
        <ele>469.9</ele>
      </trkpt>
      <trkpt lat="30.58001" lon="-99.12809">
        <ele>469.8</ele>
      </trkpt>
      <trkpt lat="30.58001" lon="-99.12796">
        <ele>469.4</ele>
      </trkpt>
      <trkpt lat="30.58001" lon="-99.12788">
        <ele>469.2</ele>
      </trkpt>
      <trkpt lat="30.58001" lon="-99.1277">
        <ele>468.9</ele>
      </trkpt>
      <trkpt lat="30.58002" lon="-99.12739">
        <ele>468.7</ele>
      </trkpt>
      <trkpt lat="30.58003" lon="-99.12729">
        <ele>468.6</ele>
      </trkpt>
      <trkpt lat="30.58003" lon="-99.12727">
        <ele>468.6</ele>
      </trkpt>
      <trkpt lat="30.58003" lon="-99.12726">
        <ele>468.6</ele>
      </trkpt>
      <trkpt lat="30.58007" lon="-99.1271">
        <ele>468.4</ele>
      </trkpt>
      <trkpt lat="30.58007" lon="-99.12708">
        <ele>468.4</ele>
      </trkpt>
      <trkpt lat="30.58012" lon="-99.12689">
        <ele>468.3</ele>
      </trkpt>
      <trkpt lat="30.58026" lon="-99.12627">
        <ele>468.5</ele>
      </trkpt>
      <trkpt lat="30.58031" lon="-99.12605">
        <ele>468.8</ele>
      </trkpt>
      <trkpt lat="30.58035" lon="-99.12587">
        <ele>468.8</ele>
      </trkpt>
      <trkpt lat="30.58044" lon="-99.12546">
        <ele>468.5</ele>
      </trkpt>
      <trkpt lat="30.58063" lon="-99.12462">
        <ele>466.7</ele>
      </trkpt>
      <trkpt lat="30.58066" lon="-99.1245">
        <ele>466.4</ele>
      </trkpt>
      <trkpt lat="30.58068" lon="-99.12445">
        <ele>466.2</ele>
      </trkpt>
      <trkpt lat="30.58068" lon="-99.12443">
        <ele>466.1</ele>
      </trkpt>
      <trkpt lat="30.58074" lon="-99.12426">
        <ele>465.1</ele>
      </trkpt>
      <trkpt lat="30.58075" lon="-99.12425">
        <ele>465.0</ele>
      </trkpt>
      <trkpt lat="30.5808" lon="-99.12412">
        <ele>464.2</ele>
      </trkpt>
      <trkpt lat="30.58082" lon="-99.12407">
        <ele>463.8</ele>
      </trkpt>
      <trkpt lat="30.58085" lon="-99.124">
        <ele>463.4</ele>
      </trkpt>
      <trkpt lat="30.58092" lon="-99.1239">
        <ele>463.0</ele>
      </trkpt>
      <trkpt lat="30.58103" lon="-99.12378">
        <ele>462.5</ele>
      </trkpt>
      <trkpt lat="30.58106" lon="-99.12376">
        <ele>462.3</ele>
      </trkpt>
      <trkpt lat="30.58114" lon="-99.1237">
        <ele>462.0</ele>
      </trkpt>
      <trkpt lat="30.5814" lon="-99.12357">
        <ele>461.3</ele>
      </trkpt>
      <trkpt lat="30.58154" lon="-99.1235">
        <ele>460.9</ele>
      </trkpt>
      <trkpt lat="30.58171" lon="-99.1234">
        <ele>460.4</ele>
      </trkpt>
      <trkpt lat="30.58183" lon="-99.12331">
        <ele>460.2</ele>
      </trkpt>
      <trkpt lat="30.58189" lon="-99.12323">
        <ele>459.8</ele>
      </trkpt>
      <trkpt lat="30.58199" lon="-99.12306">
        <ele>459.4</ele>
      </trkpt>
      <trkpt lat="30.58217" lon="-99.12269">
        <ele>459.9</ele>
      </trkpt>
      <trkpt lat="30.58218" lon="-99.12267">
        <ele>459.9</ele>
      </trkpt>
      <trkpt lat="30.58227" lon="-99.12248">
        <ele>460.2</ele>
      </trkpt>
      <trkpt lat="30.58234" lon="-99.12233">
        <ele>460.2</ele>
      </trkpt>
      <trkpt lat="30.58234" lon="-99.12232">
        <ele>460.1</ele>
      </trkpt>
      <trkpt lat="30.58235" lon="-99.1223">
        <ele>460.1</ele>
      </trkpt>
      <trkpt lat="30.58248" lon="-99.12202">
        <ele>459.8</ele>
      </trkpt>
      <trkpt lat="30.58262" lon="-99.12175">
        <ele>459.4</ele>
      </trkpt>
      <trkpt lat="30.58287" lon="-99.12123">
        <ele>458.6</ele>
      </trkpt>
      <trkpt lat="30.58288" lon="-99.12121">
        <ele>458.6</ele>
      </trkpt>
      <trkpt lat="30.58298" lon="-99.12102">
        <ele>458.3</ele>
      </trkpt>
      <trkpt lat="30.58333" lon="-99.1203">
        <ele>457.9</ele>
      </trkpt>
      <trkpt lat="30.58341" lon="-99.12015">
        <ele>457.7</ele>
      </trkpt>
      <trkpt lat="30.58342" lon="-99.12012">
        <ele>457.6</ele>
      </trkpt>
      <trkpt lat="30.5835" lon="-99.11997">
        <ele>457.2</ele>
      </trkpt>
      <trkpt lat="30.58385" lon="-99.11924">
        <ele>455.2</ele>
      </trkpt>
      <trkpt lat="30.58403" lon="-99.11887">
        <ele>455.6</ele>
      </trkpt>
      <trkpt lat="30.58409" lon="-99.11874">
        <ele>456.0</ele>
      </trkpt>
      <trkpt lat="30.58438" lon="-99.11814">
        <ele>457.8</ele>
      </trkpt>
      <trkpt lat="30.58446" lon="-99.11798">
        <ele>458.3</ele>
      </trkpt>
      <trkpt lat="30.58489" lon="-99.11708">
        <ele>458.3</ele>
      </trkpt>
      <trkpt lat="30.58493" lon="-99.11699">
        <ele>458.2</ele>
      </trkpt>
      <trkpt lat="30.58493" lon="-99.11699">
        <ele>458.2</ele>
      </trkpt>
      <trkpt lat="30.58509" lon="-99.11669">
        <ele>457.8</ele>
      </trkpt>
      <trkpt lat="30.58518" lon="-99.11651">
        <ele>457.7</ele>
      </trkpt>
      <trkpt lat="30.58519" lon="-99.11651">
        <ele>457.7</ele>
      </trkpt>
      <trkpt lat="30.58522" lon="-99.11645">
        <ele>457.6</ele>
      </trkpt>
      <trkpt lat="30.58528" lon="-99.11633">
        <ele>457.4</ele>
      </trkpt>
      <trkpt lat="30.58531" lon="-99.11627">
        <ele>457.3</ele>
      </trkpt>
      <trkpt lat="30.58533" lon="-99.11622">
        <ele>457.1</ele>
      </trkpt>
      <trkpt lat="30.58555" lon="-99.11579">
        <ele>455.6</ele>
      </trkpt>
      <trkpt lat="30.58565" lon="-99.11559">
        <ele>454.9</ele>
      </trkpt>
      <trkpt lat="30.58569" lon="-99.11549">
        <ele>454.6</ele>
      </trkpt>
      <trkpt lat="30.585703" lon="-99.115446">
        <ele>454.4</ele>
      </trkpt>
      <trkpt lat="30.58571" lon="-99.11542">
        <ele>454.3</ele>
      </trkpt>
      <trkpt lat="30.58572" lon="-99.11535">
        <ele>454.1</ele>
      </trkpt>
      <trkpt lat="30.58572" lon="-99.11535">
        <ele>454.1</ele>
      </trkpt>
      <trkpt lat="30.58666" lon="-99.11458">
        <ele>452.6</ele>
      </trkpt>
      <trkpt lat="30.58666" lon="-99.11458">
        <ele>452.6</ele>
      </trkpt>
      <trkpt lat="30.586616" lon="-99.114472">
        <ele>452.5</ele>
      </trkpt>
      <trkpt lat="30.58655" lon="-99.11431">
        <ele>452.3</ele>
      </trkpt>
      <trkpt lat="30.58652" lon="-99.11418">
        <ele>452.1</ele>
      </trkpt>
      <trkpt lat="30.58649" lon="-99.11399">
        <ele>451.7</ele>
      </trkpt>
      <trkpt lat="30.58649" lon="-99.11397">
        <ele>451.6</ele>
      </trkpt>
      <trkpt lat="30.58647" lon="-99.11391">
        <ele>451.4</ele>
      </trkpt>
      <trkpt lat="30.58644" lon="-99.11379">
        <ele>451.0</ele>
      </trkpt>
      <trkpt lat="30.58643" lon="-99.11374">
        <ele>450.8</ele>
      </trkpt>
      <trkpt lat="30.58642" lon="-99.11365">
        <ele>450.4</ele>
      </trkpt>
      <trkpt lat="30.58641" lon="-99.11356">
        <ele>450.0</ele>
      </trkpt>
      <trkpt lat="30.5864" lon="-99.11349">
        <ele>449.7</ele>
      </trkpt>
      <trkpt lat="30.58643" lon="-99.11336">
        <ele>449.1</ele>
      </trkpt>
      <trkpt lat="30.58652" lon="-99.11318">
        <ele>448.3</ele>
      </trkpt>
      <trkpt lat="30.5866" lon="-99.11299">
        <ele>447.2</ele>
      </trkpt>
      <trkpt lat="30.58663" lon="-99.11293">
        <ele>446.9</ele>
      </trkpt>
      <trkpt lat="30.58667" lon="-99.1128">
        <ele>446.5</ele>
      </trkpt>
      <trkpt lat="30.58674" lon="-99.1126">
        <ele>445.5</ele>
      </trkpt>
      <trkpt lat="30.58687" lon="-99.11222">
        <ele>444.1</ele>
      </trkpt>
      <trkpt lat="30.58688" lon="-99.11219">
        <ele>443.9</ele>
      </trkpt>
      <trkpt lat="30.58692" lon="-99.11202">
        <ele>443.1</ele>
      </trkpt>
      <trkpt lat="30.58693" lon="-99.11197">
        <ele>442.8</ele>
      </trkpt>
      <trkpt lat="30.587" lon="-99.11173">
        <ele>441.5</ele>
      </trkpt>
      <trkpt lat="30.58698" lon="-99.11158">
        <ele>440.8</ele>
      </trkpt>
      <trkpt lat="30.58698" lon="-99.11152">
        <ele>440.5</ele>
      </trkpt>
      <trkpt lat="30.58694" lon="-99.11114">
        <ele>438.5</ele>
      </trkpt>
      <trkpt lat="30.58694" lon="-99.11111">
        <ele>438.3</ele>
      </trkpt>
      <trkpt lat="30.58694" lon="-99.11104">
        <ele>438.0</ele>
      </trkpt>
      <trkpt lat="30.58693" lon="-99.1109">
        <ele>437.2</ele>
      </trkpt>
      <trkpt lat="30.58692" lon="-99.11069">
        <ele>435.8</ele>
      </trkpt>
      <trkpt lat="30.58692" lon="-99.11057">
        <ele>434.8</ele>
      </trkpt>
      <trkpt lat="30.5869" lon="-99.11048">
        <ele>434.1</ele>
      </trkpt>
      <trkpt lat="30.58689" lon="-99.11041">
        <ele>433.5</ele>
      </trkpt>
      <trkpt lat="30.58687" lon="-99.11028">
        <ele>432.7</ele>
      </trkpt>
      <trkpt lat="30.58684" lon="-99.11015">
        <ele>432.0</ele>
      </trkpt>
      <trkpt lat="30.58681" lon="-99.11008">
        <ele>431.5</ele>
      </trkpt>
      <trkpt lat="30.58679" lon="-99.11002">
        <ele>431.2</ele>
      </trkpt>
      <trkpt lat="30.58673" lon="-99.1099">
        <ele>430.4</ele>
      </trkpt>
      <trkpt lat="30.58673" lon="-99.10989">
        <ele>430.3</ele>
      </trkpt>
      <trkpt lat="30.58672" lon="-99.10987">
        <ele>430.2</ele>
      </trkpt>
      <trkpt lat="30.58665" lon="-99.10972">
        <ele>429.3</ele>
      </trkpt>
      <trkpt lat="30.58665" lon="-99.10971">
        <ele>429.3</ele>
      </trkpt>
      <trkpt lat="30.58664" lon="-99.10971">
        <ele>429.3</ele>
      </trkpt>
      <trkpt lat="30.58664" lon="-99.10969">
        <ele>429.2</ele>
      </trkpt>
      <trkpt lat="30.58655" lon="-99.10954">
        <ele>429.2</ele>
      </trkpt>
      <trkpt lat="30.5865" lon="-99.10944">
        <ele>429.3</ele>
      </trkpt>
      <trkpt lat="30.58647" lon="-99.10936">
        <ele>429.4</ele>
      </trkpt>
      <trkpt lat="30.58644" lon="-99.10928">
        <ele>429.5</ele>
      </trkpt>
      <trkpt lat="30.58639" lon="-99.10916">
        <ele>429.6</ele>
      </trkpt>
      <trkpt lat="30.58639" lon="-99.10914">
        <ele>429.6</ele>
      </trkpt>
      <trkpt lat="30.58634" lon="-99.10896">
        <ele>429.8</ele>
      </trkpt>
      <trkpt lat="30.5862" lon="-99.1085">
        <ele>430.0</ele>
      </trkpt>
      <trkpt lat="30.58604" lon="-99.10797">
        <ele>430.3</ele>
      </trkpt>
      <trkpt lat="30.58601" lon="-99.10784">
        <ele>430.4</ele>
      </trkpt>
      <trkpt lat="30.58589" lon="-99.10748">
        <ele>430.6</ele>
      </trkpt>
      <trkpt lat="30.58579" lon="-99.10719">
        <ele>430.7</ele>
      </trkpt>
      <trkpt lat="30.58573" lon="-99.10699">
        <ele>430.9</ele>
      </trkpt>
      <trkpt lat="30.58567" lon="-99.10684">
        <ele>431.0</ele>
      </trkpt>
      <trkpt lat="30.58553" lon="-99.10641">
        <ele>431.2</ele>
      </trkpt>
      <trkpt lat="30.58539" lon="-99.10601">
        <ele>431.5</ele>
      </trkpt>
      <trkpt lat="30.58528" lon="-99.1057">
        <ele>431.7</ele>
      </trkpt>
      <trkpt lat="30.58527" lon="-99.10569">
        <ele>431.7</ele>
      </trkpt>
      <trkpt lat="30.58516" lon="-99.10537">
        <ele>431.8</ele>
      </trkpt>
      <trkpt lat="30.58488" lon="-99.1046">
        <ele>431.7</ele>
      </trkpt>
      <trkpt lat="30.58481" lon="-99.10441">
        <ele>431.7</ele>
      </trkpt>
      <trkpt lat="30.58474" lon="-99.10422">
        <ele>431.7</ele>
      </trkpt>
      <trkpt lat="30.58427" lon="-99.10294">
        <ele>431.4</ele>
      </trkpt>
      <trkpt lat="30.58411" lon="-99.10247">
        <ele>431.0</ele>
      </trkpt>
      <trkpt lat="30.58392" lon="-99.10197">
        <ele>430.3</ele>
      </trkpt>
      <trkpt lat="30.58385" lon="-99.10178">
        <ele>430.0</ele>
      </trkpt>
      <trkpt lat="30.58384" lon="-99.10176">
        <ele>429.9</ele>
      </trkpt>
      <trkpt lat="30.58379" lon="-99.10159">
        <ele>429.5</ele>
      </trkpt>
      <trkpt lat="30.58374" lon="-99.10146">
        <ele>429.2</ele>
      </trkpt>
      <trkpt lat="30.58372" lon="-99.10139">
        <ele>429.0</ele>
      </trkpt>
      <trkpt lat="30.58365" lon="-99.10115">
        <ele>428.2</ele>
      </trkpt>
      <trkpt lat="30.58362" lon="-99.10099">
        <ele>428.3</ele>
      </trkpt>
      <trkpt lat="30.58358" lon="-99.10081">
        <ele>428.6</ele>
      </trkpt>
      <trkpt lat="30.58355" lon="-99.10046">
        <ele>428.9</ele>
      </trkpt>
      <trkpt lat="30.58356" lon="-99.10037">
        <ele>429.0</ele>
      </trkpt>
      <trkpt lat="30.58359" lon="-99.10016">
        <ele>429.1</ele>
      </trkpt>
      <trkpt lat="30.5836" lon="-99.10008">
        <ele>429.1</ele>
      </trkpt>
      <trkpt lat="30.58366" lon="-99.09976">
        <ele>429.2</ele>
      </trkpt>
      <trkpt lat="30.58367" lon="-99.0997">
        <ele>429.2</ele>
      </trkpt>
      <trkpt lat="30.5837" lon="-99.09955">
        <ele>429.2</ele>
      </trkpt>
      <trkpt lat="30.58376" lon="-99.09914">
        <ele>429.3</ele>
      </trkpt>
      <trkpt lat="30.58383" lon="-99.09873">
        <ele>428.0</ele>
      </trkpt>
      <trkpt lat="30.58384" lon="-99.09863">
        <ele>427.8</ele>
      </trkpt>
      <trkpt lat="30.58385" lon="-99.09852">
        <ele>427.9</ele>
      </trkpt>
      <trkpt lat="30.58385" lon="-99.09824">
        <ele>428.5</ele>
      </trkpt>
      <trkpt lat="30.58378" lon="-99.09791">
        <ele>428.6</ele>
      </trkpt>
      <trkpt lat="30.5837" lon="-99.09754">
        <ele>427.9</ele>
      </trkpt>
      <trkpt lat="30.58364" lon="-99.0973">
        <ele>427.2</ele>
      </trkpt>
      <trkpt lat="30.58362" lon="-99.09722">
        <ele>427.1</ele>
      </trkpt>
      <trkpt lat="30.58359" lon="-99.0971">
        <ele>426.8</ele>
      </trkpt>
      <trkpt lat="30.58353" lon="-99.0969">
        <ele>426.1</ele>
      </trkpt>
      <trkpt lat="30.58353" lon="-99.09689">
        <ele>426.1</ele>
      </trkpt>
      <trkpt lat="30.58343" lon="-99.09673">
        <ele>425.9</ele>
      </trkpt>
      <trkpt lat="30.58328" lon="-99.09656">
        <ele>426.6</ele>
      </trkpt>
      <trkpt lat="30.58316" lon="-99.09646">
        <ele>426.8</ele>
      </trkpt>
      <trkpt lat="30.58302" lon="-99.09633">
        <ele>427.2</ele>
      </trkpt>
      <trkpt lat="30.58297" lon="-99.09629">
        <ele>427.3</ele>
      </trkpt>
      <trkpt lat="30.58287" lon="-99.09621">
        <ele>427.3</ele>
      </trkpt>
      <trkpt lat="30.58272" lon="-99.0961">
        <ele>427.1</ele>
      </trkpt>
      <trkpt lat="30.58271" lon="-99.09609">
        <ele>427.1</ele>
      </trkpt>
      <trkpt lat="30.58244" lon="-99.09583">
        <ele>426.2</ele>
      </trkpt>
      <trkpt lat="30.58243" lon="-99.09582">
        <ele>426.2</ele>
      </trkpt>
      <trkpt lat="30.58233" lon="-99.09568">
        <ele>425.9</ele>
      </trkpt>
      <trkpt lat="30.58233" lon="-99.09567">
        <ele>425.9</ele>
      </trkpt>
      <trkpt lat="30.58224" lon="-99.09549">
        <ele>425.5</ele>
      </trkpt>
      <trkpt lat="30.58216" lon="-99.09535">
        <ele>425.2</ele>
      </trkpt>
      <trkpt lat="30.58199" lon="-99.09504">
        <ele>424.5</ele>
      </trkpt>
      <trkpt lat="30.58188" lon="-99.09485">
        <ele>424.0</ele>
      </trkpt>
      <trkpt lat="30.58169" lon="-99.09467">
        <ele>423.5</ele>
      </trkpt>
      <trkpt lat="30.58155" lon="-99.09454">
        <ele>423.1</ele>
      </trkpt>
      <trkpt lat="30.58143" lon="-99.09444">
        <ele>422.7</ele>
      </trkpt>
      <trkpt lat="30.58141" lon="-99.09442">
        <ele>422.6</ele>
      </trkpt>
      <trkpt lat="30.58119" lon="-99.09421">
        <ele>421.8</ele>
      </trkpt>
      <trkpt lat="30.58113" lon="-99.09414">
        <ele>421.6</ele>
      </trkpt>
      <trkpt lat="30.58102" lon="-99.09401">
        <ele>421.1</ele>
      </trkpt>
      <trkpt lat="30.58092" lon="-99.09387">
        <ele>420.1</ele>
      </trkpt>
      <trkpt lat="30.58087" lon="-99.09377">
        <ele>418.9</ele>
      </trkpt>
      <trkpt lat="30.58082" lon="-99.09365">
        <ele>417.2</ele>
      </trkpt>
      <trkpt lat="30.58082" lon="-99.09364">
        <ele>417.0</ele>
      </trkpt>
      <trkpt lat="30.58081" lon="-99.09353">
        <ele>415.8</ele>
      </trkpt>
      <trkpt lat="30.58082" lon="-99.09345">
        <ele>415.0</ele>
      </trkpt>
      <trkpt lat="30.58082" lon="-99.09344">
        <ele>414.9</ele>
      </trkpt>
      <trkpt lat="30.58085" lon="-99.09336">
        <ele>414.9</ele>
      </trkpt>
      <trkpt lat="30.5809" lon="-99.09325">
        <ele>415.0</ele>
      </trkpt>
      <trkpt lat="30.58091" lon="-99.09323">
        <ele>414.8</ele>
      </trkpt>
      <trkpt lat="30.58097" lon="-99.09306">
        <ele>411.5</ele>
      </trkpt>
      <trkpt lat="30.58098" lon="-99.093">
        <ele>412.3</ele>
      </trkpt>
      <trkpt lat="30.581" lon="-99.0929">
        <ele>416.0</ele>
      </trkpt>
      <trkpt lat="30.58101" lon="-99.09285">
        <ele>418.3</ele>
      </trkpt>
      <trkpt lat="30.58101" lon="-99.09283">
        <ele>419.1</ele>
      </trkpt>
      <trkpt lat="30.58103" lon="-99.09276">
        <ele>421.0</ele>
      </trkpt>
      <trkpt lat="30.58104" lon="-99.09273">
        <ele>420.9</ele>
      </trkpt>
      <trkpt lat="30.58104" lon="-99.09265">
        <ele>420.2</ele>
      </trkpt>
      <trkpt lat="30.58106" lon="-99.09249">
        <ele>417.1</ele>
      </trkpt>
      <trkpt lat="30.58105" lon="-99.09244">
        <ele>416.2</ele>
      </trkpt>
      <trkpt lat="30.58104" lon="-99.09234">
        <ele>415.2</ele>
      </trkpt>
      <trkpt lat="30.58102" lon="-99.09224">
        <ele>415.0</ele>
      </trkpt>
      <trkpt lat="30.581" lon="-99.09216">
        <ele>415.1</ele>
      </trkpt>
      <trkpt lat="30.58101" lon="-99.09203">
        <ele>415.9</ele>
      </trkpt>
      <trkpt lat="30.58102" lon="-99.09197">
        <ele>416.6</ele>
      </trkpt>
      <trkpt lat="30.58105" lon="-99.09187">
        <ele>417.8</ele>
      </trkpt>
      <trkpt lat="30.58106" lon="-99.09183">
        <ele>418.2</ele>
      </trkpt>
      <trkpt lat="30.58107" lon="-99.09178">
        <ele>418.7</ele>
      </trkpt>
      <trkpt lat="30.58116" lon="-99.09166">
        <ele>419.8</ele>
      </trkpt>
      <trkpt lat="30.58125" lon="-99.09157">
        <ele>420.6</ele>
      </trkpt>
      <trkpt lat="30.58143" lon="-99.09139">
        <ele>421.3</ele>
      </trkpt>
      <trkpt lat="30.58158" lon="-99.09123">
        <ele>421.6</ele>
      </trkpt>
      <trkpt lat="30.5817" lon="-99.09111">
        <ele>421.9</ele>
      </trkpt>
      <trkpt lat="30.58184" lon="-99.09098">
        <ele>422.1</ele>
      </trkpt>
      <trkpt lat="30.58189" lon="-99.09094">
        <ele>422.2</ele>
      </trkpt>
      <trkpt lat="30.58205" lon="-99.09078">
        <ele>422.3</ele>
      </trkpt>
      <trkpt lat="30.58216" lon="-99.09068">
        <ele>422.5</ele>
      </trkpt>
      <trkpt lat="30.5824" lon="-99.09056">
        <ele>422.8</ele>
      </trkpt>
      <trkpt lat="30.58271" lon="-99.09049">
        <ele>423.1</ele>
      </trkpt>
      <trkpt lat="30.58278" lon="-99.09047">
        <ele>423.2</ele>
      </trkpt>
      <trkpt lat="30.58289" lon="-99.09045">
        <ele>423.3</ele>
      </trkpt>
      <trkpt lat="30.58309" lon="-99.0904">
        <ele>423.6</ele>
      </trkpt>
      <trkpt lat="30.58336" lon="-99.09036">
        <ele>424.1</ele>
      </trkpt>
      <trkpt lat="30.5836" lon="-99.09031">
        <ele>424.4</ele>
      </trkpt>
      <trkpt lat="30.5839" lon="-99.09024">
        <ele>424.9</ele>
      </trkpt>
      <trkpt lat="30.5841" lon="-99.09038">
        <ele>424.0</ele>
      </trkpt>
      <trkpt lat="30.58424" lon="-99.09037">
        <ele>423.9</ele>
      </trkpt>
      <trkpt lat="30.58431" lon="-99.0903">
        <ele>424.3</ele>
      </trkpt>
      <trkpt lat="30.58444" lon="-99.09019">
        <ele>425.0</ele>
      </trkpt>
      <trkpt lat="30.58454" lon="-99.09011">
        <ele>425.2</ele>
      </trkpt>
      <trkpt lat="30.58457" lon="-99.09002">
        <ele>425.4</ele>
      </trkpt>
      <trkpt lat="30.58465" lon="-99.08991">
        <ele>425.8</ele>
      </trkpt>
      <trkpt lat="30.58468" lon="-99.08987">
        <ele>425.9</ele>
      </trkpt>
      <trkpt lat="30.58476" lon="-99.0898">
        <ele>426.1</ele>
      </trkpt>
      <trkpt lat="30.58486" lon="-99.08973">
        <ele>426.2</ele>
      </trkpt>
      <trkpt lat="30.58496" lon="-99.08971">
        <ele>426.2</ele>
      </trkpt>
      <trkpt lat="30.58502" lon="-99.08969">
        <ele>426.2</ele>
      </trkpt>
      <trkpt lat="30.58514" lon="-99.08965">
        <ele>426.3</ele>
      </trkpt>
      <trkpt lat="30.58525" lon="-99.08964">
        <ele>426.5</ele>
      </trkpt>
      <trkpt lat="30.58531" lon="-99.08965">
        <ele>426.5</ele>
      </trkpt>
      <trkpt lat="30.58534" lon="-99.08965">
        <ele>426.5</ele>
      </trkpt>
      <trkpt lat="30.58544" lon="-99.08967">
        <ele>426.5</ele>
      </trkpt>
      <trkpt lat="30.58557" lon="-99.08973">
        <ele>426.3</ele>
      </trkpt>
      <trkpt lat="30.58573" lon="-99.08984">
        <ele>426.3</ele>
      </trkpt>
      <trkpt lat="30.58597" lon="-99.08996">
        <ele>426.5</ele>
      </trkpt>
      <trkpt lat="30.586" lon="-99.08998">
        <ele>426.6</ele>
      </trkpt>
      <trkpt lat="30.58629" lon="-99.09014">
        <ele>427.5</ele>
      </trkpt>
      <trkpt lat="30.58662" lon="-99.09035">
        <ele>428.7</ele>
      </trkpt>
      <trkpt lat="30.58676" lon="-99.09045">
        <ele>429.1</ele>
      </trkpt>
      <trkpt lat="30.58686" lon="-99.09052">
        <ele>429.5</ele>
      </trkpt>
      <trkpt lat="30.58738" lon="-99.09089">
        <ele>431.1</ele>
      </trkpt>
      <trkpt lat="30.58739" lon="-99.0909">
        <ele>431.2</ele>
      </trkpt>
      <trkpt lat="30.58743" lon="-99.09093">
        <ele>431.2</ele>
      </trkpt>
      <trkpt lat="30.58753" lon="-99.091">
        <ele>431.4</ele>
      </trkpt>
      <trkpt lat="30.58768" lon="-99.09111">
        <ele>431.7</ele>
      </trkpt>
      <trkpt lat="30.58829" lon="-99.09155">
        <ele>432.7</ele>
      </trkpt>
      <trkpt lat="30.58838" lon="-99.09161">
        <ele>432.9</ele>
      </trkpt>
      <trkpt lat="30.58845" lon="-99.09166">
        <ele>433.1</ele>
      </trkpt>
      <trkpt lat="30.5886" lon="-99.09177">
        <ele>433.5</ele>
      </trkpt>
      <trkpt lat="30.58868" lon="-99.09183">
        <ele>433.7</ele>
      </trkpt>
      <trkpt lat="30.58874" lon="-99.09189">
        <ele>433.8</ele>
      </trkpt>
      <trkpt lat="30.58889" lon="-99.09202">
        <ele>434.0</ele>
      </trkpt>
      <trkpt lat="30.5889" lon="-99.09203">
        <ele>434.0</ele>
      </trkpt>
      <trkpt lat="30.58893" lon="-99.09205">
        <ele>433.9</ele>
      </trkpt>
      <trkpt lat="30.58903" lon="-99.09215">
        <ele>433.6</ele>
      </trkpt>
      <trkpt lat="30.58913" lon="-99.09226">
        <ele>433.0</ele>
      </trkpt>
      <trkpt lat="30.58916" lon="-99.09229">
        <ele>432.8</ele>
      </trkpt>
      <trkpt lat="30.5892" lon="-99.09234">
        <ele>432.5</ele>
      </trkpt>
      <trkpt lat="30.58929" lon="-99.09244">
        <ele>431.7</ele>
      </trkpt>
      <trkpt lat="30.58932" lon="-99.09248">
        <ele>431.5</ele>
      </trkpt>
      <trkpt lat="30.58938" lon="-99.09256">
        <ele>431.0</ele>
      </trkpt>
      <trkpt lat="30.58952" lon="-99.09275">
        <ele>429.8</ele>
      </trkpt>
      <trkpt lat="30.58959" lon="-99.09286">
        <ele>429.2</ele>
      </trkpt>
      <trkpt lat="30.58974" lon="-99.09309">
        <ele>428.0</ele>
      </trkpt>
      <trkpt lat="30.58976" lon="-99.09313">
        <ele>427.7</ele>
      </trkpt>
      <trkpt lat="30.5898" lon="-99.09319">
        <ele>427.4</ele>
      </trkpt>
      <trkpt lat="30.5899" lon="-99.09337">
        <ele>426.5</ele>
      </trkpt>
      <trkpt lat="30.58994" lon="-99.09343">
        <ele>426.3</ele>
      </trkpt>
      <trkpt lat="30.59008" lon="-99.09364">
        <ele>425.6</ele>
      </trkpt>
      <trkpt lat="30.59015" lon="-99.09377">
        <ele>425.3</ele>
      </trkpt>
      <trkpt lat="30.59025" lon="-99.09394">
        <ele>424.8</ele>
      </trkpt>
      <trkpt lat="30.59046" lon="-99.09429">
        <ele>423.6</ele>
      </trkpt>
      <trkpt lat="30.59047" lon="-99.09431">
        <ele>423.6</ele>
      </trkpt>
      <trkpt lat="30.59048" lon="-99.09432">
        <ele>423.5</ele>
      </trkpt>
      <trkpt lat="30.59064" lon="-99.09462">
        <ele>422.8</ele>
      </trkpt>
      <trkpt lat="30.59076" lon="-99.09487">
        <ele>422.3</ele>
      </trkpt>
      <trkpt lat="30.59085" lon="-99.09498">
        <ele>422.0</ele>
      </trkpt>
      <trkpt lat="30.59087" lon="-99.095">
        <ele>421.9</ele>
      </trkpt>
      <trkpt lat="30.59089" lon="-99.09503">
        <ele>421.8</ele>
      </trkpt>
      <trkpt lat="30.59099" lon="-99.09512">
        <ele>421.5</ele>
      </trkpt>
      <trkpt lat="30.59125" lon="-99.09518">
        <ele>420.3</ele>
      </trkpt>
      <trkpt lat="30.59139" lon="-99.0952">
        <ele>419.0</ele>
      </trkpt>
      <trkpt lat="30.59152" lon="-99.09523">
        <ele>417.9</ele>
      </trkpt>
      <trkpt lat="30.59154" lon="-99.09523">
        <ele>417.7</ele>
      </trkpt>
      <trkpt lat="30.59156" lon="-99.09523">
        <ele>417.6</ele>
      </trkpt>
      <trkpt lat="30.5917" lon="-99.09526">
        <ele>417.0</ele>
      </trkpt>
      <trkpt lat="30.59177" lon="-99.09527">
        <ele>417.0</ele>
      </trkpt>
      <trkpt lat="30.59188" lon="-99.09528">
        <ele>417.3</ele>
      </trkpt>
      <trkpt lat="30.5919" lon="-99.09529">
        <ele>417.4</ele>
      </trkpt>
      <trkpt lat="30.59195" lon="-99.0953">
        <ele>417.6</ele>
      </trkpt>
      <trkpt lat="30.59205" lon="-99.09526">
        <ele>417.9</ele>
      </trkpt>
      <trkpt lat="30.59221" lon="-99.09521">
        <ele>418.4</ele>
      </trkpt>
      <trkpt lat="30.59223" lon="-99.09521">
        <ele>418.4</ele>
      </trkpt>
      <trkpt lat="30.5924" lon="-99.09514">
        <ele>418.9</ele>
      </trkpt>
      <trkpt lat="30.59243" lon="-99.09513">
        <ele>419.0</ele>
      </trkpt>
      <trkpt lat="30.59248" lon="-99.09511">
        <ele>419.1</ele>
      </trkpt>
      <trkpt lat="30.59257" lon="-99.09508">
        <ele>419.3</ele>
      </trkpt>
      <trkpt lat="30.59274" lon="-99.09502">
        <ele>419.6</ele>
      </trkpt>
      <trkpt lat="30.59279" lon="-99.09501">
        <ele>419.7</ele>
      </trkpt>
      <trkpt lat="30.59319" lon="-99.09499">
        <ele>420.4</ele>
      </trkpt>
      <trkpt lat="30.59349" lon="-99.09503">
        <ele>421.0</ele>
      </trkpt>
      <trkpt lat="30.59377" lon="-99.09507">
        <ele>421.6</ele>
      </trkpt>
      <trkpt lat="30.59403" lon="-99.09509">
        <ele>422.1</ele>
      </trkpt>
      <trkpt lat="30.59429" lon="-99.09509">
        <ele>422.3</ele>
      </trkpt>
      <trkpt lat="30.5944" lon="-99.09506">
        <ele>422.4</ele>
      </trkpt>
      <trkpt lat="30.59449" lon="-99.09503">
        <ele>422.4</ele>
      </trkpt>
      <trkpt lat="30.59455" lon="-99.09499">
        <ele>422.5</ele>
      </trkpt>
      <trkpt lat="30.59459" lon="-99.09493">
        <ele>422.5</ele>
      </trkpt>
      <trkpt lat="30.59461" lon="-99.09484">
        <ele>422.5</ele>
      </trkpt>
      <trkpt lat="30.59462" lon="-99.09481">
        <ele>422.6</ele>
      </trkpt>
      <trkpt lat="30.59462" lon="-99.09479">
        <ele>422.6</ele>
      </trkpt>
      <trkpt lat="30.59465" lon="-99.09463">
        <ele>422.7</ele>
      </trkpt>
      <trkpt lat="30.59474" lon="-99.09424">
        <ele>422.9</ele>
      </trkpt>
      <trkpt lat="30.59474" lon="-99.09423">
        <ele>422.9</ele>
      </trkpt>
      <trkpt lat="30.5948" lon="-99.09385">
        <ele>423.3</ele>
      </trkpt>
      <trkpt lat="30.59485" lon="-99.09351">
        <ele>423.7</ele>
      </trkpt>
      <trkpt lat="30.59486" lon="-99.09341">
        <ele>423.9</ele>
      </trkpt>
      <trkpt lat="30.59487" lon="-99.09331">
        <ele>424.0</ele>
      </trkpt>
      <trkpt lat="30.59489" lon="-99.09313">
        <ele>424.3</ele>
      </trkpt>
      <trkpt lat="30.59492" lon="-99.09297">
        <ele>424.6</ele>
      </trkpt>
      <trkpt lat="30.59495" lon="-99.09288">
        <ele>424.8</ele>
      </trkpt>
      <trkpt lat="30.59502" lon="-99.09278">
        <ele>424.9</ele>
      </trkpt>
      <trkpt lat="30.59508" lon="-99.09272">
        <ele>425.0</ele>
      </trkpt>
      <trkpt lat="30.59511" lon="-99.0927">
        <ele>425.0</ele>
      </trkpt>
      <trkpt lat="30.59552" lon="-99.09254">
        <ele>424.1</ele>
      </trkpt>
      <trkpt lat="30.59671" lon="-99.09207">
        <ele>420.4</ele>
      </trkpt>
      <trkpt lat="30.59688" lon="-99.092">
        <ele>420.2</ele>
      </trkpt>
      <trkpt lat="30.59705" lon="-99.09193">
        <ele>420.1</ele>
      </trkpt>
      <trkpt lat="30.5979" lon="-99.09159">
        <ele>415.7</ele>
      </trkpt>
      <trkpt lat="30.59807" lon="-99.09153">
        <ele>415.1</ele>
      </trkpt>
      <trkpt lat="30.59823" lon="-99.09146">
        <ele>414.9</ele>
      </trkpt>
      <trkpt lat="30.59824" lon="-99.09146">
        <ele>414.9</ele>
      </trkpt>
      <trkpt lat="30.59866" lon="-99.09132">
        <ele>416.1</ele>
      </trkpt>
      <trkpt lat="30.59935" lon="-99.09109">
        <ele>417.3</ele>
      </trkpt>
      <trkpt lat="30.5997" lon="-99.09098">
        <ele>417.3</ele>
      </trkpt>
      <trkpt lat="30.5997" lon="-99.09098">
        <ele>417.3</ele>
      </trkpt>
      <trkpt lat="30.59969" lon="-99.09125">
        <ele>416.4</ele>
      </trkpt>
      <trkpt lat="30.59966" lon="-99.09153">
        <ele>415.8</ele>
      </trkpt>
      <trkpt lat="30.59965" lon="-99.09154">
        <ele>415.8</ele>
      </trkpt>
      <trkpt lat="30.59964" lon="-99.09175">
        <ele>415.4</ele>
      </trkpt>
      <trkpt lat="30.59962" lon="-99.09196">
        <ele>414.9</ele>
      </trkpt>
      <trkpt lat="30.59961" lon="-99.09217">
        <ele>414.3</ele>
      </trkpt>
      <trkpt lat="30.5996" lon="-99.09228">
        <ele>413.9</ele>
      </trkpt>
      <trkpt lat="30.5996" lon="-99.09258">
        <ele>412.8</ele>
      </trkpt>
      <trkpt lat="30.59961" lon="-99.09279">
        <ele>412.2</ele>
      </trkpt>
      <trkpt lat="30.59962" lon="-99.09299">
        <ele>412.0</ele>
      </trkpt>
      <trkpt lat="30.59962" lon="-99.093">
        <ele>412.0</ele>
      </trkpt>
      <trkpt lat="30.59964" lon="-99.09321">
        <ele>412.0</ele>
      </trkpt>
      <trkpt lat="30.59966" lon="-99.09331">
        <ele>411.9</ele>
      </trkpt>
      <trkpt lat="30.59971" lon="-99.0937">
        <ele>412.3</ele>
      </trkpt>
      <trkpt lat="30.59974" lon="-99.09382">
        <ele>412.5</ele>
      </trkpt>
      <trkpt lat="30.59978" lon="-99.09395">
        <ele>412.6</ele>
      </trkpt>
      <trkpt lat="30.5998" lon="-99.09402">
        <ele>412.6</ele>
      </trkpt>
      <trkpt lat="30.59985" lon="-99.0942">
        <ele>412.6</ele>
      </trkpt>
      <trkpt lat="30.59986" lon="-99.09422">
        <ele>412.6</ele>
      </trkpt>
      <trkpt lat="30.5999" lon="-99.09434">
        <ele>412.5</ele>
      </trkpt>
      <trkpt lat="30.59999" lon="-99.09464">
        <ele>412.4</ele>
      </trkpt>
      <trkpt lat="30.60005" lon="-99.09481">
        <ele>412.2</ele>
      </trkpt>
      <trkpt lat="30.60005" lon="-99.09482">
        <ele>412.2</ele>
      </trkpt>
      <trkpt lat="30.6001" lon="-99.09496">
        <ele>412.1</ele>
      </trkpt>
      <trkpt lat="30.60017" lon="-99.09518">
        <ele>411.9</ele>
      </trkpt>
      <trkpt lat="30.60021" lon="-99.09531">
        <ele>411.7</ele>
      </trkpt>
      <trkpt lat="30.60032" lon="-99.09567">
        <ele>411.4</ele>
      </trkpt>
      <trkpt lat="30.60038" lon="-99.09604">
        <ele>411.5</ele>
      </trkpt>
      <trkpt lat="30.60039" lon="-99.0962">
        <ele>411.7</ele>
      </trkpt>
      <trkpt lat="30.60041" lon="-99.09647">
        <ele>412.1</ele>
      </trkpt>
      <trkpt lat="30.60041" lon="-99.09674">
        <ele>412.4</ele>
      </trkpt>
      <trkpt lat="30.60038" lon="-99.09688">
        <ele>412.6</ele>
      </trkpt>
      <trkpt lat="30.60033" lon="-99.09713">
        <ele>412.7</ele>
      </trkpt>
      <trkpt lat="30.60025" lon="-99.09745">
        <ele>412.9</ele>
      </trkpt>
      <trkpt lat="30.60021" lon="-99.09763">
        <ele>413.0</ele>
      </trkpt>
      <trkpt lat="30.60021" lon="-99.09763">
        <ele>413.0</ele>
      </trkpt>
      <trkpt lat="30.60016" lon="-99.09784">
        <ele>412.9</ele>
      </trkpt>
      <trkpt lat="30.60015" lon="-99.09786">
        <ele>412.9</ele>
      </trkpt>
      <trkpt lat="30.60012" lon="-99.09804">
        <ele>412.8</ele>
      </trkpt>
      <trkpt lat="30.60011" lon="-99.09805">
        <ele>412.7</ele>
      </trkpt>
      <trkpt lat="30.6001" lon="-99.09819">
        <ele>412.5</ele>
      </trkpt>
      <trkpt lat="30.6001" lon="-99.09825">
        <ele>412.4</ele>
      </trkpt>
      <trkpt lat="30.6001" lon="-99.09837">
        <ele>412.2</ele>
      </trkpt>
      <trkpt lat="30.60012" lon="-99.09854">
        <ele>412.2</ele>
      </trkpt>
      <trkpt lat="30.60014" lon="-99.09866">
        <ele>412.0</ele>
      </trkpt>
      <trkpt lat="30.60014" lon="-99.09867">
        <ele>412.0</ele>
      </trkpt>
      <trkpt lat="30.60014" lon="-99.09869">
        <ele>412.0</ele>
      </trkpt>
      <trkpt lat="30.60017" lon="-99.09882">
        <ele>411.6</ele>
      </trkpt>
      <trkpt lat="30.60019" lon="-99.09886">
        <ele>411.4</ele>
      </trkpt>
      <trkpt lat="30.60021" lon="-99.09891">
        <ele>411.1</ele>
      </trkpt>
      <trkpt lat="30.60027" lon="-99.09899">
        <ele>410.4</ele>
      </trkpt>
      <trkpt lat="30.60031" lon="-99.09903">
        <ele>409.9</ele>
      </trkpt>
      <trkpt lat="30.60044" lon="-99.09914">
        <ele>408.5</ele>
      </trkpt>
      <trkpt lat="30.60075" lon="-99.09937">
        <ele>406.9</ele>
      </trkpt>
      <trkpt lat="30.60076" lon="-99.09938">
        <ele>406.9</ele>
      </trkpt>
      <trkpt lat="30.6009" lon="-99.09949">
        <ele>406.2</ele>
      </trkpt>
      <trkpt lat="30.60091" lon="-99.09949">
        <ele>406.2</ele>
      </trkpt>
      <trkpt lat="30.601" lon="-99.09957">
        <ele>406.0</ele>
      </trkpt>
      <trkpt lat="30.60118" lon="-99.09973">
        <ele>406.1</ele>
      </trkpt>
      <trkpt lat="30.60119" lon="-99.09974">
        <ele>406.2</ele>
      </trkpt>
      <trkpt lat="30.6012" lon="-99.09975">
        <ele>406.2</ele>
      </trkpt>
      <trkpt lat="30.60133" lon="-99.09986">
        <ele>406.0</ele>
      </trkpt>
      <trkpt lat="30.60147" lon="-99.09998">
        <ele>406.4</ele>
      </trkpt>
      <trkpt lat="30.60148" lon="-99.09999">
        <ele>406.5</ele>
      </trkpt>
      <trkpt lat="30.60152" lon="-99.10002">
        <ele>406.8</ele>
      </trkpt>
      <trkpt lat="30.60162" lon="-99.10011">
        <ele>407.5</ele>
      </trkpt>
      <trkpt lat="30.60191" lon="-99.10035">
        <ele>408.9</ele>
      </trkpt>
      <trkpt lat="30.60221" lon="-99.10061">
        <ele>410.8</ele>
      </trkpt>
      <trkpt lat="30.6023" lon="-99.10069">
        <ele>411.5</ele>
      </trkpt>
      <trkpt lat="30.60234" lon="-99.10073">
        <ele>411.9</ele>
      </trkpt>
      <trkpt lat="30.60246" lon="-99.10089">
        <ele>413.2</ele>
      </trkpt>
      <trkpt lat="30.60247" lon="-99.1009">
        <ele>413.3</ele>
      </trkpt>
      <trkpt lat="30.60248" lon="-99.10091">
        <ele>413.4</ele>
      </trkpt>
      <trkpt lat="30.60256" lon="-99.10106">
        <ele>414.5</ele>
      </trkpt>
      <trkpt lat="30.60263" lon="-99.10117">
        <ele>415.1</ele>
      </trkpt>
      <trkpt lat="30.60265" lon="-99.10124">
        <ele>415.3</ele>
      </trkpt>
      <trkpt lat="30.6027" lon="-99.10137">
        <ele>415.7</ele>
      </trkpt>
      <trkpt lat="30.60271" lon="-99.10143">
        <ele>415.9</ele>
      </trkpt>
      <trkpt lat="30.60271" lon="-99.10145">
        <ele>415.9</ele>
      </trkpt>
      <trkpt lat="30.60272" lon="-99.10148">
        <ele>416.0</ele>
      </trkpt>
      <trkpt lat="30.60273" lon="-99.10164">
        <ele>416.2</ele>
      </trkpt>
      <trkpt lat="30.60277" lon="-99.10206">
        <ele>416.7</ele>
      </trkpt>
      <trkpt lat="30.60283" lon="-99.1027">
        <ele>417.3</ele>
      </trkpt>
      <trkpt lat="30.60288" lon="-99.1033">
        <ele>418.7</ele>
      </trkpt>
      <trkpt lat="30.60292" lon="-99.10372">
        <ele>419.9</ele>
      </trkpt>
      <trkpt lat="30.60298" lon="-99.10434">
        <ele>421.6</ele>
      </trkpt>
      <trkpt lat="30.603" lon="-99.10463">
        <ele>422.1</ele>
      </trkpt>
      <trkpt lat="30.60303" lon="-99.10501">
        <ele>422.6</ele>
      </trkpt>
      <trkpt lat="30.60305" lon="-99.10517">
        <ele>423.0</ele>
      </trkpt>
      <trkpt lat="30.60308" lon="-99.10559">
        <ele>423.9</ele>
      </trkpt>
      <trkpt lat="30.6031" lon="-99.1058">
        <ele>424.3</ele>
      </trkpt>
      <trkpt lat="30.6031" lon="-99.10581">
        <ele>424.3</ele>
      </trkpt>
      <trkpt lat="30.60313" lon="-99.1061">
        <ele>424.7</ele>
      </trkpt>
      <trkpt lat="30.60313" lon="-99.10612">
        <ele>424.7</ele>
      </trkpt>
      <trkpt lat="30.60316" lon="-99.10644">
        <ele>424.5</ele>
      </trkpt>
      <trkpt lat="30.60316" lon="-99.10645">
        <ele>424.5</ele>
      </trkpt>
      <trkpt lat="30.60321" lon="-99.10698">
        <ele>423.3</ele>
      </trkpt>
      <trkpt lat="30.60322" lon="-99.10707">
        <ele>422.9</ele>
      </trkpt>
      <trkpt lat="30.60324" lon="-99.10727">
        <ele>422.3</ele>
      </trkpt>
      <trkpt lat="30.60327" lon="-99.10748">
        <ele>421.5</ele>
      </trkpt>
      <trkpt lat="30.60329" lon="-99.10768">
        <ele>421.0</ele>
      </trkpt>
      <trkpt lat="30.60329" lon="-99.10769">
        <ele>421.0</ele>
      </trkpt>
      <trkpt lat="30.6033" lon="-99.10782">
        <ele>420.8</ele>
      </trkpt>
      <trkpt lat="30.60333" lon="-99.1081">
        <ele>420.9</ele>
      </trkpt>
      <trkpt lat="30.60334" lon="-99.10818">
        <ele>420.9</ele>
      </trkpt>
      <trkpt lat="30.60334" lon="-99.10818">
        <ele>420.9</ele>
      </trkpt>
      <trkpt lat="30.60335" lon="-99.1083">
        <ele>420.9</ele>
      </trkpt>
      <trkpt lat="30.60335" lon="-99.10831">
        <ele>421.0</ele>
      </trkpt>
      <trkpt lat="30.60335" lon="-99.10833">
        <ele>421.0</ele>
      </trkpt>
      <trkpt lat="30.60337" lon="-99.10851">
        <ele>421.2</ele>
      </trkpt>
      <trkpt lat="30.603383" lon="-99.108603">
        <ele>421.3</ele>
      </trkpt>
      <trkpt lat="30.603394" lon="-99.108684">
        <ele>421.4</ele>
      </trkpt>
      <trkpt lat="30.6034" lon="-99.10873">
        <ele>421.5</ele>
      </trkpt>
      <trkpt lat="30.6034" lon="-99.10873">
        <ele>421.5</ele>
      </trkpt>
      <trkpt lat="30.60307" lon="-99.10882">
        <ele>423.2</ele>
      </trkpt>
      <trkpt lat="30.60305" lon="-99.10883">
        <ele>423.3</ele>
      </trkpt>
      <trkpt lat="30.60287" lon="-99.10888">
        <ele>424.4</ele>
      </trkpt>
      <trkpt lat="30.60282" lon="-99.1089">
        <ele>424.6</ele>
      </trkpt>
      <trkpt lat="30.6027" lon="-99.10893">
        <ele>425.4</ele>
      </trkpt>
      <trkpt lat="30.6025" lon="-99.10899">
        <ele>426.7</ele>
      </trkpt>
      <trkpt lat="30.60212" lon="-99.1091">
        <ele>428.0</ele>
      </trkpt>
      <trkpt lat="30.60195" lon="-99.10915">
        <ele>428.6</ele>
      </trkpt>
      <trkpt lat="30.60165" lon="-99.10922">
        <ele>430.0</ele>
      </trkpt>
      <trkpt lat="30.60158" lon="-99.10923">
        <ele>430.5</ele>
      </trkpt>
      <trkpt lat="30.60147" lon="-99.10925">
        <ele>431.3</ele>
      </trkpt>
      <trkpt lat="30.60129" lon="-99.10928">
        <ele>432.6</ele>
      </trkpt>
      <trkpt lat="30.60122" lon="-99.10929">
        <ele>433.0</ele>
      </trkpt>
      <trkpt lat="30.60111" lon="-99.1093">
        <ele>433.2</ele>
      </trkpt>
      <trkpt lat="30.60094" lon="-99.10933">
        <ele>433.6</ele>
      </trkpt>
      <trkpt lat="30.60093" lon="-99.10933">
        <ele>433.6</ele>
      </trkpt>
      <trkpt lat="30.60081" lon="-99.10935">
        <ele>433.4</ele>
      </trkpt>
      <trkpt lat="30.60058" lon="-99.10938">
        <ele>433.1</ele>
      </trkpt>
      <trkpt lat="30.60051" lon="-99.1094">
        <ele>432.9</ele>
      </trkpt>
      <trkpt lat="30.6004" lon="-99.10942">
        <ele>432.6</ele>
      </trkpt>
      <trkpt lat="30.60005" lon="-99.10951">
        <ele>431.2</ele>
      </trkpt>
      <trkpt lat="30.59953" lon="-99.10966">
        <ele>429.0</ele>
      </trkpt>
      <trkpt lat="30.59949" lon="-99.10967">
        <ele>428.8</ele>
      </trkpt>
      <trkpt lat="30.59918" lon="-99.10976">
        <ele>427.6</ele>
      </trkpt>
      <trkpt lat="30.599" lon="-99.10981">
        <ele>426.9</ele>
      </trkpt>
      <trkpt lat="30.59883" lon="-99.10986">
        <ele>426.8</ele>
      </trkpt>
      <trkpt lat="30.59796" lon="-99.11012">
        <ele>425.7</ele>
      </trkpt>
      <trkpt lat="30.5974" lon="-99.11029">
        <ele>425.0</ele>
      </trkpt>
      <trkpt lat="30.59687" lon="-99.11045">
        <ele>425.0</ele>
      </trkpt>
      <trkpt lat="30.59643" lon="-99.11058">
        <ele>425.2</ele>
      </trkpt>
      <trkpt lat="30.59582" lon="-99.11076">
        <ele>426.0</ele>
      </trkpt>
      <trkpt lat="30.59556" lon="-99.11083">
        <ele>426.5</ele>
      </trkpt>
      <trkpt lat="30.59539" lon="-99.11088">
        <ele>426.8</ele>
      </trkpt>
      <trkpt lat="30.59539" lon="-99.11089">
        <ele>426.8</ele>
      </trkpt>
      <trkpt lat="30.59522" lon="-99.11094">
        <ele>426.9</ele>
      </trkpt>
      <trkpt lat="30.59486" lon="-99.11104">
        <ele>427.1</ele>
      </trkpt>
      <trkpt lat="30.59469" lon="-99.11109">
        <ele>427.2</ele>
      </trkpt>
      <trkpt lat="30.59434" lon="-99.1112">
        <ele>427.3</ele>
      </trkpt>
      <trkpt lat="30.59431" lon="-99.1112">
        <ele>427.3</ele>
      </trkpt>
      <trkpt lat="30.59347" lon="-99.11145">
        <ele>427.8</ele>
      </trkpt>
      <trkpt lat="30.5933" lon="-99.1115">
        <ele>427.7</ele>
      </trkpt>
      <trkpt lat="30.59329" lon="-99.1115">
        <ele>427.7</ele>
      </trkpt>
      <trkpt lat="30.59318" lon="-99.11153">
        <ele>427.9</ele>
      </trkpt>
      <trkpt lat="30.59313" lon="-99.11155">
        <ele>427.9</ele>
      </trkpt>
      <trkpt lat="30.59312" lon="-99.11155">
        <ele>428.0</ele>
      </trkpt>
      <trkpt lat="30.5925" lon="-99.11174">
        <ele>429.5</ele>
      </trkpt>
      <trkpt lat="30.59242" lon="-99.11176">
        <ele>429.7</ele>
      </trkpt>
      <trkpt lat="30.59219" lon="-99.11183">
        <ele>430.4</ele>
      </trkpt>
      <trkpt lat="30.59208" lon="-99.11186">
        <ele>430.7</ele>
      </trkpt>
      <trkpt lat="30.59207" lon="-99.11186">
        <ele>430.7</ele>
      </trkpt>
      <trkpt lat="30.59138" lon="-99.11207">
        <ele>432.8</ele>
      </trkpt>
      <trkpt lat="30.59103" lon="-99.11217">
        <ele>433.3</ele>
      </trkpt>
      <trkpt lat="30.58999" lon="-99.11248">
        <ele>435.7</ele>
      </trkpt>
      <trkpt lat="30.58998" lon="-99.11248">
        <ele>435.7</ele>
      </trkpt>
      <trkpt lat="30.58981" lon="-99.11254">
        <ele>436.3</ele>
      </trkpt>
      <trkpt lat="30.58955" lon="-99.11262">
        <ele>437.6</ele>
      </trkpt>
      <trkpt lat="30.5895" lon="-99.11264">
        <ele>437.9</ele>
      </trkpt>
      <trkpt lat="30.58947" lon="-99.11265">
        <ele>438.1</ele>
      </trkpt>
      <trkpt lat="30.58946" lon="-99.11265">
        <ele>438.1</ele>
      </trkpt>
      <trkpt lat="30.58934" lon="-99.1127">
        <ele>438.8</ele>
      </trkpt>
      <trkpt lat="30.5893" lon="-99.11271">
        <ele>438.9</ele>
      </trkpt>
      <trkpt lat="30.58929" lon="-99.11272">
        <ele>439.0</ele>
      </trkpt>
      <trkpt lat="30.58918" lon="-99.11276">
        <ele>439.4</ele>
      </trkpt>
      <trkpt lat="30.58912" lon="-99.11279">
        <ele>439.6</ele>
      </trkpt>
      <trkpt lat="30.58902" lon="-99.11283">
        <ele>440.0</ele>
      </trkpt>
      <trkpt lat="30.58896" lon="-99.11286">
        <ele>440.2</ele>
      </trkpt>
      <trkpt lat="30.58884" lon="-99.11292">
        <ele>440.6</ele>
      </trkpt>
      <trkpt lat="30.58869" lon="-99.11301">
        <ele>441.1</ele>
      </trkpt>
      <trkpt lat="30.58863" lon="-99.11304">
        <ele>441.4</ele>
      </trkpt>
      <trkpt lat="30.58858" lon="-99.11307">
        <ele>441.6</ele>
      </trkpt>
      <trkpt lat="30.5883" lon="-99.11326">
        <ele>443.4</ele>
      </trkpt>
      <trkpt lat="30.58807" lon="-99.11342">
        <ele>445.0</ele>
      </trkpt>
      <trkpt lat="30.58802" lon="-99.11347">
        <ele>445.3</ele>
      </trkpt>
      <trkpt lat="30.58787" lon="-99.11359">
        <ele>446.1</ele>
      </trkpt>
      <trkpt lat="30.58783" lon="-99.11362">
        <ele>446.4</ele>
      </trkpt>
      <trkpt lat="30.58758" lon="-99.11383">
        <ele>447.7</ele>
      </trkpt>
      <trkpt lat="30.58733" lon="-99.11403">
        <ele>449.1</ele>
      </trkpt>
      <trkpt lat="30.58713" lon="-99.11419">
        <ele>450.3</ele>
      </trkpt>
      <trkpt lat="30.58713" lon="-99.11419">
        <ele>450.3</ele>
      </trkpt>
      <trkpt lat="30.58684" lon="-99.11443">
        <ele>451.9</ele>
      </trkpt>
      <trkpt lat="30.58666" lon="-99.11458">
        <ele>452.6</ele>
      </trkpt>
      <trkpt lat="30.58572" lon="-99.11535">
        <ele>454.1</ele>
      </trkpt>
      <trkpt lat="30.58572" lon="-99.11535">
        <ele>454.1</ele>
      </trkpt>
      <trkpt lat="30.58571" lon="-99.11542">
        <ele>454.3</ele>
      </trkpt>
      <trkpt lat="30.58569" lon="-99.11549">
        <ele>454.6</ele>
      </trkpt>
      <trkpt lat="30.58565" lon="-99.11559">
        <ele>454.9</ele>
      </trkpt>
      <trkpt lat="30.58555" lon="-99.11579">
        <ele>455.6</ele>
      </trkpt>
      <trkpt lat="30.58533" lon="-99.11622">
        <ele>457.1</ele>
      </trkpt>
      <trkpt lat="30.58531" lon="-99.11627">
        <ele>457.3</ele>
      </trkpt>
      <trkpt lat="30.58528" lon="-99.11633">
        <ele>457.4</ele>
      </trkpt>
      <trkpt lat="30.58522" lon="-99.11645">
        <ele>457.6</ele>
      </trkpt>
      <trkpt lat="30.58519" lon="-99.11651">
        <ele>457.7</ele>
      </trkpt>
      <trkpt lat="30.58518" lon="-99.11651">
        <ele>457.7</ele>
      </trkpt>
      <trkpt lat="30.58509" lon="-99.11669">
        <ele>457.8</ele>
      </trkpt>
      <trkpt lat="30.58489" lon="-99.11708">
        <ele>458.3</ele>
      </trkpt>
      <trkpt lat="30.58446" lon="-99.11798">
        <ele>458.3</ele>
      </trkpt>
      <trkpt lat="30.58438" lon="-99.11814">
        <ele>457.8</ele>
      </trkpt>
      <trkpt lat="30.58409" lon="-99.11874">
        <ele>456.0</ele>
      </trkpt>
      <trkpt lat="30.58403" lon="-99.11887">
        <ele>455.6</ele>
      </trkpt>
      <trkpt lat="30.58385" lon="-99.11924">
        <ele>455.2</ele>
      </trkpt>
      <trkpt lat="30.5835" lon="-99.11997">
        <ele>457.2</ele>
      </trkpt>
      <trkpt lat="30.58342" lon="-99.12012">
        <ele>457.6</ele>
      </trkpt>
      <trkpt lat="30.58341" lon="-99.12015">
        <ele>457.7</ele>
      </trkpt>
      <trkpt lat="30.58333" lon="-99.1203">
        <ele>457.9</ele>
      </trkpt>
      <trkpt lat="30.58298" lon="-99.12102">
        <ele>458.3</ele>
      </trkpt>
      <trkpt lat="30.58288" lon="-99.12121">
        <ele>458.6</ele>
      </trkpt>
      <trkpt lat="30.58287" lon="-99.12123">
        <ele>458.6</ele>
      </trkpt>
      <trkpt lat="30.58262" lon="-99.12175">
        <ele>459.4</ele>
      </trkpt>
      <trkpt lat="30.58248" lon="-99.12202">
        <ele>459.8</ele>
      </trkpt>
      <trkpt lat="30.58235" lon="-99.1223">
        <ele>460.1</ele>
      </trkpt>
      <trkpt lat="30.58234" lon="-99.12232">
        <ele>460.1</ele>
      </trkpt>
      <trkpt lat="30.58234" lon="-99.12233">
        <ele>460.2</ele>
      </trkpt>
      <trkpt lat="30.58227" lon="-99.12248">
        <ele>460.2</ele>
      </trkpt>
      <trkpt lat="30.58218" lon="-99.12267">
        <ele>459.9</ele>
      </trkpt>
      <trkpt lat="30.58217" lon="-99.12269">
        <ele>459.9</ele>
      </trkpt>
      <trkpt lat="30.58199" lon="-99.12306">
        <ele>459.4</ele>
      </trkpt>
      <trkpt lat="30.58189" lon="-99.12323">
        <ele>459.8</ele>
      </trkpt>
      <trkpt lat="30.58183" lon="-99.12331">
        <ele>460.2</ele>
      </trkpt>
      <trkpt lat="30.58171" lon="-99.1234">
        <ele>460.4</ele>
      </trkpt>
      <trkpt lat="30.58154" lon="-99.1235">
        <ele>460.9</ele>
      </trkpt>
      <trkpt lat="30.5814" lon="-99.12357">
        <ele>461.3</ele>
      </trkpt>
      <trkpt lat="30.58114" lon="-99.1237">
        <ele>462.0</ele>
      </trkpt>
      <trkpt lat="30.58106" lon="-99.12376">
        <ele>462.3</ele>
      </trkpt>
      <trkpt lat="30.58103" lon="-99.12378">
        <ele>462.5</ele>
      </trkpt>
      <trkpt lat="30.58092" lon="-99.1239">
        <ele>463.0</ele>
      </trkpt>
      <trkpt lat="30.58085" lon="-99.124">
        <ele>463.4</ele>
      </trkpt>
      <trkpt lat="30.58082" lon="-99.12407">
        <ele>463.8</ele>
      </trkpt>
      <trkpt lat="30.5808" lon="-99.12412">
        <ele>464.2</ele>
      </trkpt>
      <trkpt lat="30.58075" lon="-99.12425">
        <ele>465.0</ele>
      </trkpt>
      <trkpt lat="30.58074" lon="-99.12426">
        <ele>465.1</ele>
      </trkpt>
      <trkpt lat="30.58068" lon="-99.12443">
        <ele>466.1</ele>
      </trkpt>
      <trkpt lat="30.58068" lon="-99.12445">
        <ele>466.2</ele>
      </trkpt>
      <trkpt lat="30.58066" lon="-99.1245">
        <ele>466.4</ele>
      </trkpt>
      <trkpt lat="30.58063" lon="-99.12462">
        <ele>466.7</ele>
      </trkpt>
      <trkpt lat="30.58044" lon="-99.12546">
        <ele>468.5</ele>
      </trkpt>
      <trkpt lat="30.58035" lon="-99.12587">
        <ele>468.8</ele>
      </trkpt>
      <trkpt lat="30.58031" lon="-99.12605">
        <ele>468.8</ele>
      </trkpt>
      <trkpt lat="30.58026" lon="-99.12627">
        <ele>468.5</ele>
      </trkpt>
      <trkpt lat="30.58012" lon="-99.12689">
        <ele>468.3</ele>
      </trkpt>
      <trkpt lat="30.58007" lon="-99.12708">
        <ele>468.4</ele>
      </trkpt>
      <trkpt lat="30.58007" lon="-99.1271">
        <ele>468.4</ele>
      </trkpt>
      <trkpt lat="30.58003" lon="-99.12726">
        <ele>468.6</ele>
      </trkpt>
      <trkpt lat="30.58003" lon="-99.12727">
        <ele>468.6</ele>
      </trkpt>
      <trkpt lat="30.58003" lon="-99.12729">
        <ele>468.6</ele>
      </trkpt>
      <trkpt lat="30.58002" lon="-99.12739">
        <ele>468.7</ele>
      </trkpt>
      <trkpt lat="30.58001" lon="-99.1277">
        <ele>468.9</ele>
      </trkpt>
      <trkpt lat="30.58001" lon="-99.12788">
        <ele>469.2</ele>
      </trkpt>
      <trkpt lat="30.58001" lon="-99.12796">
        <ele>469.4</ele>
      </trkpt>
      <trkpt lat="30.58001" lon="-99.12809">
        <ele>469.8</ele>
      </trkpt>
      <trkpt lat="30.58001" lon="-99.12811">
        <ele>469.9</ele>
      </trkpt>
      <trkpt lat="30.58001" lon="-99.12815">
        <ele>470.1</ele>
      </trkpt>
      <trkpt lat="30.58001" lon="-99.12826">
        <ele>470.5</ele>
      </trkpt>
      <trkpt lat="30.58" lon="-99.12851">
        <ele>471.3</ele>
      </trkpt>
      <trkpt lat="30.58" lon="-99.12853">
        <ele>471.3</ele>
      </trkpt>
      <trkpt lat="30.58" lon="-99.12862">
        <ele>471.5</ele>
      </trkpt>
      <trkpt lat="30.58" lon="-99.12881">
        <ele>471.9</ele>
      </trkpt>
      <trkpt lat="30.58" lon="-99.12912">
        <ele>472.3</ele>
      </trkpt>
      <trkpt lat="30.57999" lon="-99.12927">
        <ele>472.5</ele>
      </trkpt>
      <trkpt lat="30.57999" lon="-99.12935">
        <ele>472.6</ele>
      </trkpt>
      <trkpt lat="30.57999" lon="-99.13032">
        <ele>473.2</ele>
      </trkpt>
      <trkpt lat="30.57999" lon="-99.13039">
        <ele>473.2</ele>
      </trkpt>
      <trkpt lat="30.57999" lon="-99.13046">
        <ele>473.2</ele>
      </trkpt>
      <trkpt lat="30.57999" lon="-99.13164">
        <ele>473.6</ele>
      </trkpt>
      <trkpt lat="30.57999" lon="-99.1324">
        <ele>473.8</ele>
      </trkpt>
      <trkpt lat="30.57998" lon="-99.13303">
        <ele>473.9</ele>
      </trkpt>
      <trkpt lat="30.57998" lon="-99.13324">
        <ele>473.9</ele>
      </trkpt>
      <trkpt lat="30.57998" lon="-99.13408">
        <ele>474.0</ele>
      </trkpt>
      <trkpt lat="30.57998" lon="-99.13429">
        <ele>474.0</ele>
      </trkpt>
      <trkpt lat="30.57998" lon="-99.13449">
        <ele>474.0</ele>
      </trkpt>
      <trkpt lat="30.57999" lon="-99.13546">
        <ele>473.9</ele>
      </trkpt>
      <trkpt lat="30.57998" lon="-99.13601">
        <ele>473.8</ele>
      </trkpt>
      <trkpt lat="30.57998" lon="-99.13737">
        <ele>473.4</ele>
      </trkpt>
      <trkpt lat="30.57998" lon="-99.13743">
        <ele>473.4</ele>
      </trkpt>
      <trkpt lat="30.57998" lon="-99.13758">
        <ele>473.3</ele>
      </trkpt>
      <trkpt lat="30.57998" lon="-99.13821">
        <ele>473.3</ele>
      </trkpt>
      <trkpt lat="30.57998" lon="-99.13883">
        <ele>473.3</ele>
      </trkpt>
      <trkpt lat="30.57998" lon="-99.13946">
        <ele>473.5</ele>
      </trkpt>
      <trkpt lat="30.57998" lon="-99.14009">
        <ele>473.7</ele>
      </trkpt>
      <trkpt lat="30.57998" lon="-99.14022">
        <ele>473.7</ele>
      </trkpt>
      <trkpt lat="30.57998" lon="-99.14117">
        <ele>474.2</ele>
      </trkpt>
      <trkpt lat="30.57999" lon="-99.1421">
        <ele>474.7</ele>
      </trkpt>
      <trkpt lat="30.57999" lon="-99.14229">
        <ele>474.7</ele>
      </trkpt>
      <trkpt lat="30.57998" lon="-99.14259">
        <ele>474.8</ele>
      </trkpt>
      <trkpt lat="30.57998" lon="-99.14264">
        <ele>474.8</ele>
      </trkpt>
      <trkpt lat="30.57998" lon="-99.14277">
        <ele>474.8</ele>
      </trkpt>
      <trkpt lat="30.57996" lon="-99.14298">
        <ele>474.8</ele>
      </trkpt>
      <trkpt lat="30.57993" lon="-99.14314">
        <ele>474.9</ele>
      </trkpt>
      <trkpt lat="30.57984" lon="-99.14336">
        <ele>475.0</ele>
      </trkpt>
      <trkpt lat="30.57971" lon="-99.14358">
        <ele>475.1</ele>
      </trkpt>
      <trkpt lat="30.57955" lon="-99.14377">
        <ele>475.3</ele>
      </trkpt>
      <trkpt lat="30.57938" lon="-99.14395">
        <ele>475.5</ele>
      </trkpt>
      <trkpt lat="30.57916" lon="-99.14419">
        <ele>476.4</ele>
      </trkpt>
      <trkpt lat="30.57871" lon="-99.1447">
        <ele>477.7</ele>
      </trkpt>
      <trkpt lat="30.5786" lon="-99.14482">
        <ele>478.0</ele>
      </trkpt>
      <trkpt lat="30.57847" lon="-99.14496">
        <ele>478.3</ele>
      </trkpt>
      <trkpt lat="30.57826" lon="-99.1452">
        <ele>478.7</ele>
      </trkpt>
      <trkpt lat="30.57772" lon="-99.14579">
        <ele>479.5</ele>
      </trkpt>
      <trkpt lat="30.57728" lon="-99.14629">
        <ele>480.0</ele>
      </trkpt>
      <trkpt lat="30.57691" lon="-99.14672">
        <ele>480.3</ele>
      </trkpt>
      <trkpt lat="30.57676" lon="-99.14688">
        <ele>480.6</ele>
      </trkpt>
      <trkpt lat="30.57663" lon="-99.14702">
        <ele>480.9</ele>
      </trkpt>
      <trkpt lat="30.57596" lon="-99.14778">
        <ele>482.2</ele>
      </trkpt>
      <trkpt lat="30.57583" lon="-99.14794">
        <ele>482.2</ele>
      </trkpt>
      <trkpt lat="30.57574" lon="-99.14804">
        <ele>482.2</ele>
      </trkpt>
      <trkpt lat="30.5757" lon="-99.14808">
        <ele>482.2</ele>
      </trkpt>
      <trkpt lat="30.57561" lon="-99.14819">
        <ele>482.2</ele>
      </trkpt>
      <trkpt lat="30.57557" lon="-99.14823">
        <ele>482.3</ele>
      </trkpt>
      <trkpt lat="30.57531" lon="-99.14852">
        <ele>482.4</ele>
      </trkpt>
      <trkpt lat="30.57508" lon="-99.14878">
        <ele>482.6</ele>
      </trkpt>
      <trkpt lat="30.57464" lon="-99.14924">
        <ele>482.6</ele>
      </trkpt>
      <trkpt lat="30.57448" lon="-99.14943">
        <ele>482.8</ele>
      </trkpt>
      <trkpt lat="30.57387" lon="-99.15012">
        <ele>484.0</ele>
      </trkpt>
      <trkpt lat="30.57385" lon="-99.15014">
        <ele>484.1</ele>
      </trkpt>
      <trkpt lat="30.57374" lon="-99.15027">
        <ele>484.6</ele>
      </trkpt>
      <trkpt lat="30.57371" lon="-99.15031">
        <ele>484.8</ele>
      </trkpt>
      <trkpt lat="30.57364" lon="-99.15038">
        <ele>485.2</ele>
      </trkpt>
      <trkpt lat="30.57352" lon="-99.1505">
        <ele>485.9</ele>
      </trkpt>
      <trkpt lat="30.5733" lon="-99.1507">
        <ele>487.1</ele>
      </trkpt>
      <trkpt lat="30.57312" lon="-99.15082">
        <ele>487.8</ele>
      </trkpt>
      <trkpt lat="30.57296" lon="-99.15088">
        <ele>488.2</ele>
      </trkpt>
      <trkpt lat="30.57269" lon="-99.15088">
        <ele>488.7</ele>
      </trkpt>
      <trkpt lat="30.57249" lon="-99.1509">
        <ele>489.0</ele>
      </trkpt>
      <trkpt lat="30.57233" lon="-99.15091">
        <ele>489.3</ele>
      </trkpt>
      <trkpt lat="30.57216" lon="-99.15094">
        <ele>489.5</ele>
      </trkpt>
      <trkpt lat="30.57191" lon="-99.15105">
        <ele>489.9</ele>
      </trkpt>
      <trkpt lat="30.57166" lon="-99.15119">
        <ele>490.4</ele>
      </trkpt>
      <trkpt lat="30.5716" lon="-99.15124">
        <ele>490.5</ele>
      </trkpt>
      <trkpt lat="30.57147" lon="-99.15132">
        <ele>490.8</ele>
      </trkpt>
      <trkpt lat="30.57134" lon="-99.15141">
        <ele>491.2</ele>
      </trkpt>
      <trkpt lat="30.57115" lon="-99.15153">
        <ele>492.1</ele>
      </trkpt>
      <trkpt lat="30.57102" lon="-99.15161">
        <ele>492.6</ele>
      </trkpt>
      <trkpt lat="30.57099" lon="-99.15163">
        <ele>492.8</ele>
      </trkpt>
      <trkpt lat="30.57039" lon="-99.15203">
        <ele>495.1</ele>
      </trkpt>
      <trkpt lat="30.57022" lon="-99.15213">
        <ele>494.8</ele>
      </trkpt>
      <trkpt lat="30.57002" lon="-99.15228">
        <ele>494.9</ele>
      </trkpt>
      <trkpt lat="30.56994" lon="-99.15237">
        <ele>494.9</ele>
      </trkpt>
      <trkpt lat="30.56982" lon="-99.15249">
        <ele>494.9</ele>
      </trkpt>
      <trkpt lat="30.56973" lon="-99.15261">
        <ele>494.9</ele>
      </trkpt>
      <trkpt lat="30.56961" lon="-99.1528">
        <ele>495.1</ele>
      </trkpt>
      <trkpt lat="30.56953" lon="-99.15297">
        <ele>495.3</ele>
      </trkpt>
      <trkpt lat="30.56947" lon="-99.15312">
        <ele>495.6</ele>
      </trkpt>
      <trkpt lat="30.56945" lon="-99.15322">
        <ele>495.8</ele>
      </trkpt>
      <trkpt lat="30.56943" lon="-99.15335">
        <ele>496.2</ele>
      </trkpt>
      <trkpt lat="30.56941" lon="-99.15343">
        <ele>496.6</ele>
      </trkpt>
      <trkpt lat="30.56937" lon="-99.15361">
        <ele>497.4</ele>
      </trkpt>
      <trkpt lat="30.56934" lon="-99.15383">
        <ele>498.1</ele>
      </trkpt>
      <trkpt lat="30.56932" lon="-99.15396">
        <ele>498.3</ele>
      </trkpt>
      <trkpt lat="30.56927" lon="-99.15424">
        <ele>498.6</ele>
      </trkpt>
      <trkpt lat="30.56923" lon="-99.15445">
        <ele>498.8</ele>
      </trkpt>
      <trkpt lat="30.56921" lon="-99.15455">
        <ele>498.8</ele>
      </trkpt>
      <trkpt lat="30.5692" lon="-99.15465">
        <ele>498.8</ele>
      </trkpt>
      <trkpt lat="30.56905" lon="-99.15547">
        <ele>495.9</ele>
      </trkpt>
      <trkpt lat="30.56895" lon="-99.15605">
        <ele>495.0</ele>
      </trkpt>
      <trkpt lat="30.56894" lon="-99.15609">
        <ele>494.9</ele>
      </trkpt>
      <trkpt lat="30.56879" lon="-99.1569">
        <ele>489.9</ele>
      </trkpt>
      <trkpt lat="30.56871" lon="-99.15731">
        <ele>487.3</ele>
      </trkpt>
      <trkpt lat="30.56869" lon="-99.15744">
        <ele>487.1</ele>
      </trkpt>
      <trkpt lat="30.56864" lon="-99.15772">
        <ele>487.8</ele>
      </trkpt>
      <trkpt lat="30.5685" lon="-99.15854">
        <ele>490.6</ele>
      </trkpt>
      <trkpt lat="30.56846" lon="-99.15876">
        <ele>490.9</ele>
      </trkpt>
      <trkpt lat="30.56843" lon="-99.15895">
        <ele>490.8</ele>
      </trkpt>
      <trkpt lat="30.56839" lon="-99.15915">
        <ele>490.5</ele>
      </trkpt>
      <trkpt lat="30.56838" lon="-99.15923">
        <ele>490.2</ele>
      </trkpt>
      <trkpt lat="30.56835" lon="-99.15936">
        <ele>489.8</ele>
      </trkpt>
      <trkpt lat="30.56832" lon="-99.15956">
        <ele>488.9</ele>
      </trkpt>
      <trkpt lat="30.56831" lon="-99.15958">
        <ele>488.8</ele>
      </trkpt>
      <trkpt lat="30.56831" lon="-99.15959">
        <ele>488.7</ele>
      </trkpt>
      <trkpt lat="30.56822" lon="-99.16">
        <ele>487.3</ele>
      </trkpt>
      <trkpt lat="30.56817" lon="-99.16017">
        <ele>486.9</ele>
      </trkpt>
      <trkpt lat="30.56816" lon="-99.16019">
        <ele>486.8</ele>
      </trkpt>
      <trkpt lat="30.56806" lon="-99.16045">
        <ele>486.4</ele>
      </trkpt>
      <trkpt lat="30.56797" lon="-99.16058">
        <ele>486.4</ele>
      </trkpt>
      <trkpt lat="30.5679" lon="-99.16069">
        <ele>486.4</ele>
      </trkpt>
      <trkpt lat="30.56771" lon="-99.16092">
        <ele>486.6</ele>
      </trkpt>
      <trkpt lat="30.56749" lon="-99.1612">
        <ele>486.9</ele>
      </trkpt>
      <trkpt lat="30.56735" lon="-99.16136">
        <ele>487.2</ele>
      </trkpt>
      <trkpt lat="30.56696" lon="-99.16182">
        <ele>488.1</ele>
      </trkpt>
      <trkpt lat="30.56686" lon="-99.16195">
        <ele>488.2</ele>
      </trkpt>
      <trkpt lat="30.56656" lon="-99.16233">
        <ele>488.4</ele>
      </trkpt>
      <trkpt lat="30.5663" lon="-99.16267">
        <ele>488.9</ele>
      </trkpt>
      <trkpt lat="30.56613" lon="-99.16287">
        <ele>489.4</ele>
      </trkpt>
      <trkpt lat="30.56606" lon="-99.16294">
        <ele>489.7</ele>
      </trkpt>
      <trkpt lat="30.56595" lon="-99.16307">
        <ele>490.1</ele>
      </trkpt>
      <trkpt lat="30.56582" lon="-99.16317">
        <ele>490.5</ele>
      </trkpt>
      <trkpt lat="30.56564" lon="-99.16326">
        <ele>491.1</ele>
      </trkpt>
      <trkpt lat="30.56545" lon="-99.16334">
        <ele>491.7</ele>
      </trkpt>
      <trkpt lat="30.56529" lon="-99.16342">
        <ele>492.2</ele>
      </trkpt>
      <trkpt lat="30.56521" lon="-99.16348">
        <ele>492.4</ele>
      </trkpt>
      <trkpt lat="30.56511" lon="-99.16358">
        <ele>492.7</ele>
      </trkpt>
      <trkpt lat="30.56502" lon="-99.16372">
        <ele>492.9</ele>
      </trkpt>
      <trkpt lat="30.56496" lon="-99.16383">
        <ele>493.0</ele>
      </trkpt>
      <trkpt lat="30.56489" lon="-99.16401">
        <ele>493.1</ele>
      </trkpt>
      <trkpt lat="30.56487" lon="-99.16408">
        <ele>493.1</ele>
      </trkpt>
      <trkpt lat="30.56483" lon="-99.16428">
        <ele>493.0</ele>
      </trkpt>
      <trkpt lat="30.56481" lon="-99.16437">
        <ele>493.0</ele>
      </trkpt>
      <trkpt lat="30.56478" lon="-99.16453">
        <ele>492.9</ele>
      </trkpt>
      <trkpt lat="30.56468" lon="-99.16487">
        <ele>492.8</ele>
      </trkpt>
      <trkpt lat="30.5646" lon="-99.16505">
        <ele>492.8</ele>
      </trkpt>
      <trkpt lat="30.56452" lon="-99.16521">
        <ele>492.8</ele>
      </trkpt>
      <trkpt lat="30.56447" lon="-99.16531">
        <ele>492.7</ele>
      </trkpt>
      <trkpt lat="30.56426" lon="-99.16571">
        <ele>492.7</ele>
      </trkpt>
      <trkpt lat="30.56404" lon="-99.16606">
        <ele>493.0</ele>
      </trkpt>
      <trkpt lat="30.56396" lon="-99.16617">
        <ele>493.2</ele>
      </trkpt>
      <trkpt lat="30.56372" lon="-99.16653">
        <ele>494.0</ele>
      </trkpt>
      <trkpt lat="30.56344" lon="-99.16689">
        <ele>494.3</ele>
      </trkpt>
      <trkpt lat="30.56338" lon="-99.16697">
        <ele>494.3</ele>
      </trkpt>
      <trkpt lat="30.56302" lon="-99.16743">
        <ele>494.9</ele>
      </trkpt>
      <trkpt lat="30.56297" lon="-99.1675">
        <ele>495.1</ele>
      </trkpt>
      <trkpt lat="30.56278" lon="-99.16774">
        <ele>496.4</ele>
      </trkpt>
      <trkpt lat="30.56241" lon="-99.1682">
        <ele>499.5</ele>
      </trkpt>
      <trkpt lat="30.56239" lon="-99.16823">
        <ele>499.6</ele>
      </trkpt>
      <trkpt lat="30.56217" lon="-99.16852">
        <ele>500.3</ele>
      </trkpt>
      <trkpt lat="30.56215" lon="-99.16854">
        <ele>500.3</ele>
      </trkpt>
      <trkpt lat="30.56195" lon="-99.16884">
        <ele>500.8</ele>
      </trkpt>
      <trkpt lat="30.56191" lon="-99.1689">
        <ele>500.8</ele>
      </trkpt>
      <trkpt lat="30.56171" lon="-99.16916">
        <ele>501.2</ele>
      </trkpt>
      <trkpt lat="30.5616" lon="-99.16932">
        <ele>501.3</ele>
      </trkpt>
      <trkpt lat="30.56157" lon="-99.16935">
        <ele>501.3</ele>
      </trkpt>
      <trkpt lat="30.5613" lon="-99.16969">
        <ele>501.6</ele>
      </trkpt>
      <trkpt lat="30.56096" lon="-99.17005">
        <ele>501.9</ele>
      </trkpt>
      <trkpt lat="30.56093" lon="-99.17008">
        <ele>501.9</ele>
      </trkpt>
      <trkpt lat="30.56082" lon="-99.17018">
        <ele>502.0</ele>
      </trkpt>
      <trkpt lat="30.56062" lon="-99.17037">
        <ele>502.2</ele>
      </trkpt>
      <trkpt lat="30.55994" lon="-99.17098">
        <ele>502.8</ele>
      </trkpt>
      <trkpt lat="30.55954" lon="-99.17134">
        <ele>503.3</ele>
      </trkpt>
      <trkpt lat="30.5589" lon="-99.1719">
        <ele>503.9</ele>
      </trkpt>
      <trkpt lat="30.5586" lon="-99.17218">
        <ele>504.0</ele>
      </trkpt>
      <trkpt lat="30.55807" lon="-99.17265">
        <ele>504.6</ele>
      </trkpt>
      <trkpt lat="30.55805" lon="-99.17267">
        <ele>504.6</ele>
      </trkpt>
      <trkpt lat="30.55791" lon="-99.1728">
        <ele>504.7</ele>
      </trkpt>
      <trkpt lat="30.55739" lon="-99.17325">
        <ele>505.0</ele>
      </trkpt>
      <trkpt lat="30.5569" lon="-99.17368">
        <ele>505.8</ele>
      </trkpt>
      <trkpt lat="30.55676" lon="-99.17381">
        <ele>506.6</ele>
      </trkpt>
      <trkpt lat="30.55665" lon="-99.1739">
        <ele>507.5</ele>
      </trkpt>
      <trkpt lat="30.55612" lon="-99.17438">
        <ele>510.6</ele>
      </trkpt>
      <trkpt lat="30.55585" lon="-99.17465">
        <ele>511.4</ele>
      </trkpt>
      <trkpt lat="30.55558" lon="-99.17493">
        <ele>513.5</ele>
      </trkpt>
      <trkpt lat="30.55538" lon="-99.17514">
        <ele>515.3</ele>
      </trkpt>
      <trkpt lat="30.55529" lon="-99.17523">
        <ele>515.8</ele>
      </trkpt>
      <trkpt lat="30.55525" lon="-99.17529">
        <ele>515.9</ele>
      </trkpt>
      <trkpt lat="30.55501" lon="-99.17556">
        <ele>516.2</ele>
      </trkpt>
      <trkpt lat="30.55467" lon="-99.17591">
        <ele>515.9</ele>
      </trkpt>
      <trkpt lat="30.55459" lon="-99.176">
        <ele>515.9</ele>
      </trkpt>
      <trkpt lat="30.55421" lon="-99.17641">
        <ele>515.8</ele>
      </trkpt>
      <trkpt lat="30.55406" lon="-99.17657">
        <ele>516.1</ele>
      </trkpt>
      <trkpt lat="30.55392" lon="-99.17672">
        <ele>516.3</ele>
      </trkpt>
      <trkpt lat="30.55376" lon="-99.17686">
        <ele>516.3</ele>
      </trkpt>
      <trkpt lat="30.55362" lon="-99.17695">
        <ele>516.4</ele>
      </trkpt>
      <trkpt lat="30.55344" lon="-99.17703">
        <ele>516.7</ele>
      </trkpt>
      <trkpt lat="30.55324" lon="-99.17708">
        <ele>517.2</ele>
      </trkpt>
      <trkpt lat="30.55294" lon="-99.17712">
        <ele>518.5</ele>
      </trkpt>
      <trkpt lat="30.55278" lon="-99.17714">
        <ele>520.6</ele>
      </trkpt>
      <trkpt lat="30.55212" lon="-99.1772">
        <ele>528.0</ele>
      </trkpt>
      <trkpt lat="30.55187" lon="-99.17722">
        <ele>530.0</ele>
      </trkpt>
      <trkpt lat="30.55108" lon="-99.17728">
        <ele>536.2</ele>
      </trkpt>
      <trkpt lat="30.55079" lon="-99.17731">
        <ele>539.3</ele>
      </trkpt>
      <trkpt lat="30.55061" lon="-99.17734">
        <ele>541.3</ele>
      </trkpt>
      <trkpt lat="30.55041" lon="-99.17736">
        <ele>542.8</ele>
      </trkpt>
      <trkpt lat="30.55025" lon="-99.17737">
        <ele>543.3</ele>
      </trkpt>
      <trkpt lat="30.54989" lon="-99.1774">
        <ele>543.9</ele>
      </trkpt>
      <trkpt lat="30.54932" lon="-99.17744">
        <ele>544.3</ele>
      </trkpt>
      <trkpt lat="30.54918" lon="-99.17745">
        <ele>544.7</ele>
      </trkpt>
      <trkpt lat="30.549" lon="-99.17747">
        <ele>545.5</ele>
      </trkpt>
      <trkpt lat="30.54816" lon="-99.17756">
        <ele>548.0</ele>
      </trkpt>
      <trkpt lat="30.54774" lon="-99.17759">
        <ele>548.5</ele>
      </trkpt>
      <trkpt lat="30.54756" lon="-99.1776">
        <ele>548.8</ele>
      </trkpt>
      <trkpt lat="30.54702" lon="-99.17764">
        <ele>549.9</ele>
      </trkpt>
      <trkpt lat="30.54684" lon="-99.17766">
        <ele>550.1</ele>
      </trkpt>
      <trkpt lat="30.5468" lon="-99.17766">
        <ele>550.1</ele>
      </trkpt>
      <trkpt lat="30.54613" lon="-99.17772">
        <ele>550.9</ele>
      </trkpt>
      <trkpt lat="30.54595" lon="-99.17774">
        <ele>551.2</ele>
      </trkpt>
      <trkpt lat="30.54541" lon="-99.17779">
        <ele>552.0</ele>
      </trkpt>
      <trkpt lat="30.54425" lon="-99.17793">
        <ele>552.0</ele>
      </trkpt>
      <trkpt lat="30.54425" lon="-99.17793">
        <ele>552.0</ele>
      </trkpt>
      <trkpt lat="30.54419" lon="-99.1779">
        <ele>552.0</ele>
      </trkpt>
      <trkpt lat="30.54419" lon="-99.1779">
        <ele>552.0</ele>
      </trkpt>
      <trkpt lat="30.54414" lon="-99.17788">
        <ele>552.0</ele>
      </trkpt>
      <trkpt lat="30.54391" lon="-99.17781">
        <ele>551.8</ele>
      </trkpt>
      <trkpt lat="30.54336" lon="-99.17765">
        <ele>551.5</ele>
      </trkpt>
      <trkpt lat="30.54313" lon="-99.17757">
        <ele>551.5</ele>
      </trkpt>
      <trkpt lat="30.54301" lon="-99.17753">
        <ele>551.6</ele>
      </trkpt>
      <trkpt lat="30.54273" lon="-99.17744">
        <ele>551.7</ele>
      </trkpt>
      <trkpt lat="30.54162" lon="-99.17711">
        <ele>551.5</ele>
      </trkpt>
      <trkpt lat="30.54145" lon="-99.17705">
        <ele>551.5</ele>
      </trkpt>
      <trkpt lat="30.5411" lon="-99.17694">
        <ele>551.5</ele>
      </trkpt>
      <trkpt lat="30.54041" lon="-99.17671">
        <ele>551.4</ele>
      </trkpt>
      <trkpt lat="30.54024" lon="-99.17666">
        <ele>551.3</ele>
      </trkpt>
      <trkpt lat="30.54006" lon="-99.1766">
        <ele>551.3</ele>
      </trkpt>
      <trkpt lat="30.53989" lon="-99.17654">
        <ele>551.2</ele>
      </trkpt>
      <trkpt lat="30.53935" lon="-99.17637">
        <ele>550.8</ele>
      </trkpt>
      <trkpt lat="30.53885" lon="-99.17622">
        <ele>550.1</ele>
      </trkpt>
      <trkpt lat="30.53872" lon="-99.17618">
        <ele>549.9</ele>
      </trkpt>
      <trkpt lat="30.53847" lon="-99.1761">
        <ele>549.2</ele>
      </trkpt>
      <trkpt lat="30.5378" lon="-99.17589">
        <ele>548.1</ele>
      </trkpt>
      <trkpt lat="30.5377" lon="-99.17586">
        <ele>547.9</ele>
      </trkpt>
      <trkpt lat="30.53722" lon="-99.1757">
        <ele>547.1</ele>
      </trkpt>
      <trkpt lat="30.53677" lon="-99.17556">
        <ele>546.4</ele>
      </trkpt>
      <trkpt lat="30.5352" lon="-99.17506">
        <ele>541.9</ele>
      </trkpt>
      <trkpt lat="30.53508" lon="-99.17502">
        <ele>541.5</ele>
      </trkpt>
      <trkpt lat="30.53434" lon="-99.17479">
        <ele>540.4</ele>
      </trkpt>
      <trkpt lat="30.53341" lon="-99.1745">
        <ele>539.7</ele>
      </trkpt>
      <trkpt lat="30.53336" lon="-99.17449">
        <ele>539.8</ele>
      </trkpt>
      <trkpt lat="30.53325" lon="-99.17445">
        <ele>540.0</ele>
      </trkpt>
      <trkpt lat="30.53323" lon="-99.17445">
        <ele>540.1</ele>
      </trkpt>
      <trkpt lat="30.53306" lon="-99.1744">
        <ele>540.9</ele>
      </trkpt>
      <trkpt lat="30.5326" lon="-99.17426">
        <ele>543.6</ele>
      </trkpt>
      <trkpt lat="30.53236" lon="-99.17419">
        <ele>544.1</ele>
      </trkpt>
      <trkpt lat="30.53206" lon="-99.17413">
        <ele>544.6</ele>
      </trkpt>
      <trkpt lat="30.53176" lon="-99.1741">
        <ele>545.0</ele>
      </trkpt>
      <trkpt lat="30.53165" lon="-99.1741">
        <ele>545.0</ele>
      </trkpt>
      <trkpt lat="30.53163" lon="-99.1741">
        <ele>545.1</ele>
      </trkpt>
      <trkpt lat="30.53147" lon="-99.1741">
        <ele>545.1</ele>
      </trkpt>
      <trkpt lat="30.53145" lon="-99.1741">
        <ele>545.1</ele>
      </trkpt>
      <trkpt lat="30.53129" lon="-99.17409">
        <ele>545.1</ele>
      </trkpt>
      <trkpt lat="30.53123" lon="-99.17408">
        <ele>545.0</ele>
      </trkpt>
      <trkpt lat="30.53111" lon="-99.17406">
        <ele>544.9</ele>
      </trkpt>
      <trkpt lat="30.53101" lon="-99.17404">
        <ele>544.8</ele>
      </trkpt>
      <trkpt lat="30.53057" lon="-99.17399">
        <ele>544.4</ele>
      </trkpt>
      <trkpt lat="30.5302" lon="-99.17395">
        <ele>543.9</ele>
      </trkpt>
      <trkpt lat="30.53006" lon="-99.17393">
        <ele>543.6</ele>
      </trkpt>
      <trkpt lat="30.52988" lon="-99.1739">
        <ele>543.0</ele>
      </trkpt>
      <trkpt lat="30.5297" lon="-99.17388">
        <ele>542.1</ele>
      </trkpt>
      <trkpt lat="30.52941" lon="-99.17383">
        <ele>540.2</ele>
      </trkpt>
      <trkpt lat="30.52935" lon="-99.17383">
        <ele>539.9</ele>
      </trkpt>
      <trkpt lat="30.52903" lon="-99.17379">
        <ele>538.9</ele>
      </trkpt>
      <trkpt lat="30.52899" lon="-99.17378">
        <ele>538.8</ele>
      </trkpt>
      <trkpt lat="30.52881" lon="-99.17376">
        <ele>538.7</ele>
      </trkpt>
      <trkpt lat="30.52863" lon="-99.17373">
        <ele>538.8</ele>
      </trkpt>
      <trkpt lat="30.52827" lon="-99.17369">
        <ele>539.0</ele>
      </trkpt>
      <trkpt lat="30.52809" lon="-99.17366">
        <ele>539.1</ele>
      </trkpt>
      <trkpt lat="30.52795" lon="-99.17365">
        <ele>539.2</ele>
      </trkpt>
      <trkpt lat="30.52792" lon="-99.17364">
        <ele>539.3</ele>
      </trkpt>
      <trkpt lat="30.52684" lon="-99.1735">
        <ele>542.6</ele>
      </trkpt>
      <trkpt lat="30.52666" lon="-99.17348">
        <ele>543.3</ele>
      </trkpt>
      <trkpt lat="30.52655" lon="-99.17346">
        <ele>543.6</ele>
      </trkpt>
      <trkpt lat="30.52649" lon="-99.17346">
        <ele>543.8</ele>
      </trkpt>
      <trkpt lat="30.52613" lon="-99.17341">
        <ele>544.4</ele>
      </trkpt>
      <trkpt lat="30.52559" lon="-99.17334">
        <ele>544.9</ele>
      </trkpt>
      <trkpt lat="30.52505" lon="-99.1733">
        <ele>545.8</ele>
      </trkpt>
      <trkpt lat="30.52487" lon="-99.17328">
        <ele>546.2</ele>
      </trkpt>
      <trkpt lat="30.52469" lon="-99.17327">
        <ele>546.5</ele>
      </trkpt>
      <trkpt lat="30.52455" lon="-99.17325">
        <ele>546.8</ele>
      </trkpt>
      <trkpt lat="30.52452" lon="-99.17324">
        <ele>546.8</ele>
      </trkpt>
      <trkpt lat="30.52443" lon="-99.17319">
        <ele>546.6</ele>
      </trkpt>
      <trkpt lat="30.52435" lon="-99.17315">
        <ele>546.5</ele>
      </trkpt>
      <trkpt lat="30.5243" lon="-99.17313">
        <ele>546.4</ele>
      </trkpt>
      <trkpt lat="30.5242" lon="-99.17306">
        <ele>546.1</ele>
      </trkpt>
      <trkpt lat="30.5241" lon="-99.17293">
        <ele>545.4</ele>
      </trkpt>
      <trkpt lat="30.52369" lon="-99.17234">
        <ele>542.8</ele>
      </trkpt>
      <trkpt lat="30.52351" lon="-99.17209">
        <ele>542.0</ele>
      </trkpt>
      <trkpt lat="30.52339" lon="-99.17193">
        <ele>541.7</ele>
      </trkpt>
      <trkpt lat="30.52321" lon="-99.17169">
        <ele>541.5</ele>
      </trkpt>
      <trkpt lat="30.52304" lon="-99.17146">
        <ele>541.6</ele>
      </trkpt>
      <trkpt lat="30.52248" lon="-99.1707">
        <ele>543.5</ele>
      </trkpt>
      <trkpt lat="30.52244" lon="-99.17064">
        <ele>543.5</ele>
      </trkpt>
      <trkpt lat="30.52179" lon="-99.16974">
        <ele>544.0</ele>
      </trkpt>
      <trkpt lat="30.5217" lon="-99.16962">
        <ele>544.1</ele>
      </trkpt>
      <trkpt lat="30.52156" lon="-99.16942">
        <ele>544.0</ele>
      </trkpt>
      <trkpt lat="30.52146" lon="-99.1693">
        <ele>544.1</ele>
      </trkpt>
      <trkpt lat="30.52144" lon="-99.16926">
        <ele>544.0</ele>
      </trkpt>
      <trkpt lat="30.52133" lon="-99.1691">
        <ele>544.1</ele>
      </trkpt>
      <trkpt lat="30.52122" lon="-99.16895">
        <ele>543.9</ele>
      </trkpt>
      <trkpt lat="30.52098" lon="-99.16861">
        <ele>540.4</ele>
      </trkpt>
      <trkpt lat="30.52074" lon="-99.16831">
        <ele>538.8</ele>
      </trkpt>
      <trkpt lat="30.52051" lon="-99.16804">
        <ele>538.1</ele>
      </trkpt>
      <trkpt lat="30.52028" lon="-99.1678">
        <ele>537.9</ele>
      </trkpt>
      <trkpt lat="30.52008" lon="-99.16761">
        <ele>537.3</ele>
      </trkpt>
      <trkpt lat="30.52005" lon="-99.16759">
        <ele>537.1</ele>
      </trkpt>
      <trkpt lat="30.51992" lon="-99.16751">
        <ele>536.4</ele>
      </trkpt>
      <trkpt lat="30.51979" lon="-99.16743">
        <ele>535.7</ele>
      </trkpt>
      <trkpt lat="30.51959" lon="-99.16735">
        <ele>535.3</ele>
      </trkpt>
      <trkpt lat="30.51947" lon="-99.1673">
        <ele>535.3</ele>
      </trkpt>
      <trkpt lat="30.51942" lon="-99.16728">
        <ele>535.5</ele>
      </trkpt>
      <trkpt lat="30.51789" lon="-99.16668">
        <ele>538.2</ele>
      </trkpt>
      <trkpt lat="30.51772" lon="-99.16661">
        <ele>538.4</ele>
      </trkpt>
      <trkpt lat="30.51754" lon="-99.16654">
        <ele>538.6</ele>
      </trkpt>
      <trkpt lat="30.51601" lon="-99.16595">
        <ele>538.5</ele>
      </trkpt>
      <trkpt lat="30.51567" lon="-99.16581">
        <ele>538.3</ele>
      </trkpt>
      <trkpt lat="30.51555" lon="-99.16577">
        <ele>538.3</ele>
      </trkpt>
      <trkpt lat="30.5155" lon="-99.16575">
        <ele>538.3</ele>
      </trkpt>
      <trkpt lat="30.51482" lon="-99.16547">
        <ele>538.4</ele>
      </trkpt>
      <trkpt lat="30.51464" lon="-99.1654">
        <ele>538.5</ele>
      </trkpt>
      <trkpt lat="30.5141" lon="-99.16517">
        <ele>538.2</ele>
      </trkpt>
      <trkpt lat="30.5141" lon="-99.16517">
        <ele>538.2</ele>
      </trkpt>
      <trkpt lat="30.5141" lon="-99.16503">
        <ele>537.7</ele>
      </trkpt>
      <trkpt lat="30.51413" lon="-99.16481">
        <ele>536.9</ele>
      </trkpt>
      <trkpt lat="30.51415" lon="-99.1647">
        <ele>536.5</ele>
      </trkpt>
      <trkpt lat="30.51439" lon="-99.16436">
        <ele>535.6</ele>
      </trkpt>
      <trkpt lat="30.5144" lon="-99.16435">
        <ele>535.5</ele>
      </trkpt>
      <trkpt lat="30.5144" lon="-99.16435">
        <ele>535.5</ele>
      </trkpt>
      <trkpt lat="30.51448" lon="-99.16428">
        <ele>535.4</ele>
      </trkpt>
      <trkpt lat="30.51464" lon="-99.16412">
        <ele>535.1</ele>
      </trkpt>
      <trkpt lat="30.51488" lon="-99.16387">
        <ele>534.8</ele>
      </trkpt>
      <trkpt lat="30.51508" lon="-99.16367">
        <ele>534.6</ele>
      </trkpt>
      <trkpt lat="30.51529" lon="-99.16346">
        <ele>534.6</ele>
      </trkpt>
      <trkpt lat="30.5154" lon="-99.16335">
        <ele>534.6</ele>
      </trkpt>
      <trkpt lat="30.51543" lon="-99.16332">
        <ele>534.7</ele>
      </trkpt>
      <trkpt lat="30.51582" lon="-99.16289">
        <ele>535.5</ele>
      </trkpt>
      <trkpt lat="30.51586" lon="-99.16285">
        <ele>535.6</ele>
      </trkpt>
      <trkpt lat="30.51596" lon="-99.16276">
        <ele>535.8</ele>
      </trkpt>
      <trkpt lat="30.5161" lon="-99.16262">
        <ele>536.3</ele>
      </trkpt>
      <trkpt lat="30.51617" lon="-99.16254">
        <ele>536.9</ele>
      </trkpt>
      <trkpt lat="30.5163" lon="-99.16239">
        <ele>538.3</ele>
      </trkpt>
      <trkpt lat="30.51642" lon="-99.16219">
        <ele>540.0</ele>
      </trkpt>
      <trkpt lat="30.51647" lon="-99.16199">
        <ele>541.1</ele>
      </trkpt>
      <trkpt lat="30.51649" lon="-99.16173">
        <ele>542.2</ele>
      </trkpt>
      <trkpt lat="30.51651" lon="-99.16152">
        <ele>542.9</ele>
      </trkpt>
      <trkpt lat="30.51656" lon="-99.16099">
        <ele>544.0</ele>
      </trkpt>
      <trkpt lat="30.51657" lon="-99.1609">
        <ele>544.0</ele>
      </trkpt>
      <trkpt lat="30.51658" lon="-99.16079">
        <ele>543.9</ele>
      </trkpt>
      <trkpt lat="30.51659" lon="-99.16069">
        <ele>543.9</ele>
      </trkpt>
      <trkpt lat="30.5166" lon="-99.16051">
        <ele>543.8</ele>
      </trkpt>
      <trkpt lat="30.5166" lon="-99.16049">
        <ele>543.8</ele>
      </trkpt>
      <trkpt lat="30.5166" lon="-99.16032">
        <ele>543.7</ele>
      </trkpt>
      <trkpt lat="30.51657" lon="-99.16007">
        <ele>543.3</ele>
      </trkpt>
      <trkpt lat="30.51656" lon="-99.16002">
        <ele>543.2</ele>
      </trkpt>
      <trkpt lat="30.51651" lon="-99.15976">
        <ele>542.8</ele>
      </trkpt>
      <trkpt lat="30.51648" lon="-99.15967">
        <ele>542.6</ele>
      </trkpt>
      <trkpt lat="30.51637" lon="-99.15927">
        <ele>541.8</ele>
      </trkpt>
      <trkpt lat="30.51632" lon="-99.15907">
        <ele>541.4</ele>
      </trkpt>
      <trkpt lat="30.51624" lon="-99.15881">
        <ele>541.0</ele>
      </trkpt>
      <trkpt lat="30.51616" lon="-99.15849">
        <ele>540.4</ele>
      </trkpt>
      <trkpt lat="30.51609" lon="-99.1581">
        <ele>539.7</ele>
      </trkpt>
      <trkpt lat="30.51606" lon="-99.15786">
        <ele>539.2</ele>
      </trkpt>
      <trkpt lat="30.51603" lon="-99.1575">
        <ele>538.5</ele>
      </trkpt>
      <trkpt lat="30.51601" lon="-99.15698">
        <ele>537.4</ele>
      </trkpt>
      <trkpt lat="30.51598" lon="-99.1564">
        <ele>536.4</ele>
      </trkpt>
      <trkpt lat="30.51597" lon="-99.15636">
        <ele>536.4</ele>
      </trkpt>
      <trkpt lat="30.51597" lon="-99.15627">
        <ele>536.4</ele>
      </trkpt>
      <trkpt lat="30.51597" lon="-99.15619">
        <ele>536.5</ele>
      </trkpt>
      <trkpt lat="30.51597" lon="-99.15598">
        <ele>537.0</ele>
      </trkpt>
      <trkpt lat="30.51597" lon="-99.15586">
        <ele>537.2</ele>
      </trkpt>
      <trkpt lat="30.51597" lon="-99.15555">
        <ele>537.9</ele>
      </trkpt>
      <trkpt lat="30.51596" lon="-99.15545">
        <ele>538.1</ele>
      </trkpt>
      <trkpt lat="30.5159" lon="-99.15488">
        <ele>539.4</ele>
      </trkpt>
      <trkpt lat="30.51586" lon="-99.15442">
        <ele>540.3</ele>
      </trkpt>
      <trkpt lat="30.51585" lon="-99.1543">
        <ele>540.6</ele>
      </trkpt>
      <trkpt lat="30.51584" lon="-99.15421">
        <ele>540.8</ele>
      </trkpt>
      <trkpt lat="30.51583" lon="-99.15414">
        <ele>540.9</ele>
      </trkpt>
      <trkpt lat="30.51581" lon="-99.154">
        <ele>541.2</ele>
      </trkpt>
      <trkpt lat="30.5158" lon="-99.15381">
        <ele>541.5</ele>
      </trkpt>
      <trkpt lat="30.51577" lon="-99.15351">
        <ele>541.9</ele>
      </trkpt>
      <trkpt lat="30.51575" lon="-99.15296">
        <ele>542.5</ele>
      </trkpt>
      <trkpt lat="30.51575" lon="-99.15275">
        <ele>542.7</ele>
      </trkpt>
      <trkpt lat="30.51574" lon="-99.15261">
        <ele>542.9</ele>
      </trkpt>
      <trkpt lat="30.51573" lon="-99.15171">
        <ele>543.0</ele>
      </trkpt>
      <trkpt lat="30.51572" lon="-99.15118">
        <ele>543.0</ele>
      </trkpt>
      <trkpt lat="30.51571" lon="-99.15108">
        <ele>543.0</ele>
      </trkpt>
      <trkpt lat="30.5157" lon="-99.15058">
        <ele>542.9</ele>
      </trkpt>
      <trkpt lat="30.5157" lon="-99.15022">
        <ele>542.9</ele>
      </trkpt>
      <trkpt lat="30.51568" lon="-99.15004">
        <ele>542.8</ele>
      </trkpt>
      <trkpt lat="30.51566" lon="-99.1499">
        <ele>542.8</ele>
      </trkpt>
      <trkpt lat="30.51559" lon="-99.14959">
        <ele>542.6</ele>
      </trkpt>
      <trkpt lat="30.51548" lon="-99.14928">
        <ele>542.3</ele>
      </trkpt>
      <trkpt lat="30.51535" lon="-99.14898">
        <ele>542.0</ele>
      </trkpt>
      <trkpt lat="30.51519" lon="-99.14864">
        <ele>541.6</ele>
      </trkpt>
      <trkpt lat="30.51508" lon="-99.14846">
        <ele>541.4</ele>
      </trkpt>
      <trkpt lat="30.51497" lon="-99.1484">
        <ele>541.2</ele>
      </trkpt>
      <trkpt lat="30.5149" lon="-99.14837">
        <ele>541.1</ele>
      </trkpt>
      <trkpt lat="30.5148" lon="-99.14836">
        <ele>541.0</ele>
      </trkpt>
      <trkpt lat="30.51477" lon="-99.14836">
        <ele>541.0</ele>
      </trkpt>
      <trkpt lat="30.51419" lon="-99.14834">
        <ele>540.2</ele>
      </trkpt>
      <trkpt lat="30.51372" lon="-99.14829">
        <ele>539.5</ele>
      </trkpt>
      <trkpt lat="30.51369" lon="-99.14829">
        <ele>539.4</ele>
      </trkpt>
      <trkpt lat="30.51363" lon="-99.14828">
        <ele>539.4</ele>
      </trkpt>
      <trkpt lat="30.51359" lon="-99.14827">
        <ele>539.3</ele>
      </trkpt>
      <trkpt lat="30.51354" lon="-99.14826">
        <ele>539.2</ele>
      </trkpt>
      <trkpt lat="30.51333" lon="-99.14821">
        <ele>538.9</ele>
      </trkpt>
      <trkpt lat="30.51301" lon="-99.14809">
        <ele>538.3</ele>
      </trkpt>
      <trkpt lat="30.51286" lon="-99.14802">
        <ele>538.0</ele>
      </trkpt>
      <trkpt lat="30.51269" lon="-99.14794">
        <ele>537.6</ele>
      </trkpt>
      <trkpt lat="30.51265" lon="-99.14792">
        <ele>537.6</ele>
      </trkpt>
      <trkpt lat="30.5126" lon="-99.14789">
        <ele>537.5</ele>
      </trkpt>
      <trkpt lat="30.51238" lon="-99.14776">
        <ele>537.0</ele>
      </trkpt>
      <trkpt lat="30.51225" lon="-99.14766">
        <ele>536.8</ele>
      </trkpt>
      <trkpt lat="30.51218" lon="-99.14752">
        <ele>536.6</ele>
      </trkpt>
      <trkpt lat="30.51212" lon="-99.14723">
        <ele>536.4</ele>
      </trkpt>
      <trkpt lat="30.51208" lon="-99.14703">
        <ele>536.4</ele>
      </trkpt>
      <trkpt lat="30.51202" lon="-99.14677">
        <ele>536.3</ele>
      </trkpt>
      <trkpt lat="30.51195" lon="-99.14648">
        <ele>536.0</ele>
      </trkpt>
      <trkpt lat="30.51194" lon="-99.14642">
        <ele>536.0</ele>
      </trkpt>
      <trkpt lat="30.51192" lon="-99.14633">
        <ele>535.9</ele>
      </trkpt>
      <trkpt lat="30.51192" lon="-99.14631">
        <ele>535.9</ele>
      </trkpt>
      <trkpt lat="30.51191" lon="-99.14624">
        <ele>535.8</ele>
      </trkpt>
      <trkpt lat="30.51191" lon="-99.14622">
        <ele>535.8</ele>
      </trkpt>
      <trkpt lat="30.51191" lon="-99.14611">
        <ele>535.7</ele>
      </trkpt>
      <trkpt lat="30.5119" lon="-99.14524">
        <ele>534.9</ele>
      </trkpt>
      <trkpt lat="30.5119" lon="-99.14517">
        <ele>534.8</ele>
      </trkpt>
      <trkpt lat="30.51191" lon="-99.14444">
        <ele>534.4</ele>
      </trkpt>
      <trkpt lat="30.51191" lon="-99.14434">
        <ele>534.3</ele>
      </trkpt>
      <trkpt lat="30.51191" lon="-99.14385">
        <ele>534.1</ele>
      </trkpt>
      <trkpt lat="30.51192" lon="-99.14346">
        <ele>533.9</ele>
      </trkpt>
      <trkpt lat="30.51192" lon="-99.14318">
        <ele>533.8</ele>
      </trkpt>
      <trkpt lat="30.51192" lon="-99.14308">
        <ele>533.8</ele>
      </trkpt>
      <trkpt lat="30.51192" lon="-99.14267">
        <ele>533.9</ele>
      </trkpt>
      <trkpt lat="30.51192" lon="-99.14263">
        <ele>533.8</ele>
      </trkpt>
      <trkpt lat="30.51192" lon="-99.14246">
        <ele>533.8</ele>
      </trkpt>
      <trkpt lat="30.51192" lon="-99.14204">
        <ele>533.6</ele>
      </trkpt>
      <trkpt lat="30.51192" lon="-99.14189">
        <ele>533.6</ele>
      </trkpt>
      <trkpt lat="30.51193" lon="-99.14172">
        <ele>533.5</ele>
      </trkpt>
      <trkpt lat="30.51194" lon="-99.14164">
        <ele>533.5</ele>
      </trkpt>
      <trkpt lat="30.51198" lon="-99.14149">
        <ele>533.5</ele>
      </trkpt>
      <trkpt lat="30.51202" lon="-99.14138">
        <ele>533.5</ele>
      </trkpt>
      <trkpt lat="30.5121" lon="-99.14118">
        <ele>533.6</ele>
      </trkpt>
      <trkpt lat="30.51215" lon="-99.14105">
        <ele>533.6</ele>
      </trkpt>
      <trkpt lat="30.51219" lon="-99.14095">
        <ele>533.7</ele>
      </trkpt>
      <trkpt lat="30.51223" lon="-99.14086">
        <ele>533.7</ele>
      </trkpt>
      <trkpt lat="30.51229" lon="-99.14071">
        <ele>533.8</ele>
      </trkpt>
      <trkpt lat="30.51233" lon="-99.14056">
        <ele>533.8</ele>
      </trkpt>
      <trkpt lat="30.51236" lon="-99.14041">
        <ele>533.8</ele>
      </trkpt>
      <trkpt lat="30.51239" lon="-99.14015">
        <ele>533.7</ele>
      </trkpt>
      <trkpt lat="30.5124" lon="-99.14011">
        <ele>533.7</ele>
      </trkpt>
      <trkpt lat="30.51241" lon="-99.13901">
        <ele>532.9</ele>
      </trkpt>
      <trkpt lat="30.51241" lon="-99.13874">
        <ele>532.7</ele>
      </trkpt>
      <trkpt lat="30.51241" lon="-99.13834">
        <ele>532.1</ele>
      </trkpt>
      <trkpt lat="30.5124" lon="-99.13807">
        <ele>531.7</ele>
      </trkpt>
      <trkpt lat="30.5124" lon="-99.13797">
        <ele>531.5</ele>
      </trkpt>
      <trkpt lat="30.5124" lon="-99.13785">
        <ele>531.2</ele>
      </trkpt>
      <trkpt lat="30.51239" lon="-99.13763">
        <ele>530.8</ele>
      </trkpt>
      <trkpt lat="30.51239" lon="-99.13763">
        <ele>530.8</ele>
      </trkpt>
      <trkpt lat="30.51231" lon="-99.13759">
        <ele>530.8</ele>
      </trkpt>
      <trkpt lat="30.51231" lon="-99.13759">
        <ele>530.8</ele>
      </trkpt>
      <trkpt lat="30.51155" lon="-99.13726">
        <ele>530.7</ele>
      </trkpt>
      <trkpt lat="30.5115" lon="-99.13724">
        <ele>530.6</ele>
      </trkpt>
      <trkpt lat="30.51138" lon="-99.13719">
        <ele>530.5</ele>
      </trkpt>
      <trkpt lat="30.51128" lon="-99.13715">
        <ele>530.3</ele>
      </trkpt>
      <trkpt lat="30.51071" lon="-99.1369">
        <ele>529.3</ele>
      </trkpt>
      <trkpt lat="30.51037" lon="-99.13675">
        <ele>528.7</ele>
      </trkpt>
      <trkpt lat="30.5102" lon="-99.13668">
        <ele>528.4</ele>
      </trkpt>
      <trkpt lat="30.50936" lon="-99.13631">
        <ele>527.1</ele>
      </trkpt>
      <trkpt lat="30.50919" lon="-99.13624">
        <ele>526.9</ele>
      </trkpt>
      <trkpt lat="30.50902" lon="-99.13617">
        <ele>526.6</ele>
      </trkpt>
      <trkpt lat="30.50886" lon="-99.13609">
        <ele>526.4</ele>
      </trkpt>
      <trkpt lat="30.50821" lon="-99.13581">
        <ele>525.9</ele>
      </trkpt>
      <trkpt lat="30.50753" lon="-99.13552">
        <ele>525.3</ele>
      </trkpt>
      <trkpt lat="30.50737" lon="-99.13545">
        <ele>525.2</ele>
      </trkpt>
      <trkpt lat="30.50698" lon="-99.13528">
        <ele>524.8</ele>
      </trkpt>
      <trkpt lat="30.50636" lon="-99.13501">
        <ele>524.4</ele>
      </trkpt>
      <trkpt lat="30.50619" lon="-99.13493">
        <ele>524.4</ele>
      </trkpt>
      <trkpt lat="30.50584" lon="-99.13478">
        <ele>523.7</ele>
      </trkpt>
      <trkpt lat="30.50573" lon="-99.13473">
        <ele>523.5</ele>
      </trkpt>
      <trkpt lat="30.50498" lon="-99.13441">
        <ele>521.9</ele>
      </trkpt>
      <trkpt lat="30.50465" lon="-99.13427">
        <ele>521.2</ele>
      </trkpt>
      <trkpt lat="30.50364" lon="-99.13383">
        <ele>519.4</ele>
      </trkpt>
      <trkpt lat="30.50313" lon="-99.13361">
        <ele>518.9</ele>
      </trkpt>
      <trkpt lat="30.50279" lon="-99.13346">
        <ele>518.5</ele>
      </trkpt>
      <trkpt lat="30.50263" lon="-99.13339">
        <ele>518.2</ele>
      </trkpt>
      <trkpt lat="30.50218" lon="-99.1332">
        <ele>517.6</ele>
      </trkpt>
      <trkpt lat="30.50212" lon="-99.13317">
        <ele>517.4</ele>
      </trkpt>
      <trkpt lat="30.50195" lon="-99.1331">
        <ele>517.1</ele>
      </trkpt>
      <trkpt lat="30.50128" lon="-99.1328">
        <ele>513.8</ele>
      </trkpt>
      <trkpt lat="30.50124" lon="-99.13278">
        <ele>513.6</ele>
      </trkpt>
      <trkpt lat="30.50111" lon="-99.13273">
        <ele>513.0</ele>
      </trkpt>
      <trkpt lat="30.50094" lon="-99.13266">
        <ele>512.5</ele>
      </trkpt>
      <trkpt lat="30.50087" lon="-99.13263">
        <ele>512.4</ele>
      </trkpt>
      <trkpt lat="30.50083" lon="-99.13261">
        <ele>512.4</ele>
      </trkpt>
      <trkpt lat="30.5006" lon="-99.13251">
        <ele>512.1</ele>
      </trkpt>
      <trkpt lat="30.50046" lon="-99.13245">
        <ele>512.1</ele>
      </trkpt>
      <trkpt lat="30.50037" lon="-99.13241">
        <ele>512.1</ele>
      </trkpt>
      <trkpt lat="30.50033" lon="-99.13239">
        <ele>512.1</ele>
      </trkpt>
      <trkpt lat="30.49993" lon="-99.13222">
        <ele>512.2</ele>
      </trkpt>
      <trkpt lat="30.49976" lon="-99.13214">
        <ele>512.2</ele>
      </trkpt>
      <trkpt lat="30.49969" lon="-99.13211">
        <ele>512.2</ele>
      </trkpt>
      <trkpt lat="30.49965" lon="-99.1321">
        <ele>512.2</ele>
      </trkpt>
      <trkpt lat="30.49912" lon="-99.13187">
        <ele>512.6</ele>
      </trkpt>
      <trkpt lat="30.49879" lon="-99.13172">
        <ele>513.1</ele>
      </trkpt>
      <trkpt lat="30.49875" lon="-99.1317">
        <ele>513.1</ele>
      </trkpt>
      <trkpt lat="30.49858" lon="-99.13163">
        <ele>513.4</ele>
      </trkpt>
      <trkpt lat="30.49822" lon="-99.13147">
        <ele>513.8</ele>
      </trkpt>
      <trkpt lat="30.49808" lon="-99.13141">
        <ele>513.9</ele>
      </trkpt>
      <trkpt lat="30.49805" lon="-99.1314">
        <ele>514.0</ele>
      </trkpt>
      <trkpt lat="30.49791" lon="-99.13134">
        <ele>514.0</ele>
      </trkpt>
      <trkpt lat="30.49788" lon="-99.13133">
        <ele>513.9</ele>
      </trkpt>
      <trkpt lat="30.49772" lon="-99.13125">
        <ele>513.8</ele>
      </trkpt>
      <trkpt lat="30.49757" lon="-99.13119">
        <ele>513.6</ele>
      </trkpt>
      <trkpt lat="30.49755" lon="-99.13118">
        <ele>513.6</ele>
      </trkpt>
      <trkpt lat="30.4974" lon="-99.13112">
        <ele>513.1</ele>
      </trkpt>
      <trkpt lat="30.49704" lon="-99.13096">
        <ele>512.7</ele>
      </trkpt>
      <trkpt lat="30.49667" lon="-99.1308">
        <ele>513.1</ele>
      </trkpt>
      <trkpt lat="30.49635" lon="-99.13067">
        <ele>513.3</ele>
      </trkpt>
      <trkpt lat="30.49628" lon="-99.13065">
        <ele>513.3</ele>
      </trkpt>
      <trkpt lat="30.49621" lon="-99.13063">
        <ele>513.1</ele>
      </trkpt>
      <trkpt lat="30.49618" lon="-99.13062">
        <ele>512.9</ele>
      </trkpt>
      <trkpt lat="30.49601" lon="-99.13057">
        <ele>511.7</ele>
      </trkpt>
      <trkpt lat="30.496" lon="-99.13057">
        <ele>511.6</ele>
      </trkpt>
      <trkpt lat="30.49597" lon="-99.13056">
        <ele>511.4</ele>
      </trkpt>
      <trkpt lat="30.49583" lon="-99.13053">
        <ele>510.4</ele>
      </trkpt>
      <trkpt lat="30.49582" lon="-99.13053">
        <ele>510.3</ele>
      </trkpt>
      <trkpt lat="30.49568" lon="-99.13051">
        <ele>509.4</ele>
      </trkpt>
      <trkpt lat="30.49565" lon="-99.1305">
        <ele>509.3</ele>
      </trkpt>
      <trkpt lat="30.49558" lon="-99.13049">
        <ele>508.8</ele>
      </trkpt>
      <trkpt lat="30.49529" lon="-99.13047">
        <ele>507.3</ele>
      </trkpt>
      <trkpt lat="30.49509" lon="-99.13048">
        <ele>506.3</ele>
      </trkpt>
      <trkpt lat="30.49493" lon="-99.13048">
        <ele>506.1</ele>
      </trkpt>
      <trkpt lat="30.49482" lon="-99.1305">
        <ele>505.6</ele>
      </trkpt>
      <trkpt lat="30.49476" lon="-99.1305">
        <ele>505.3</ele>
      </trkpt>
      <trkpt lat="30.49459" lon="-99.13052">
        <ele>504.7</ele>
      </trkpt>
      <trkpt lat="30.49422" lon="-99.13057">
        <ele>504.0</ele>
      </trkpt>
      <trkpt lat="30.49419" lon="-99.13057">
        <ele>504.0</ele>
      </trkpt>
      <trkpt lat="30.49404" lon="-99.13059">
        <ele>503.5</ele>
      </trkpt>
      <trkpt lat="30.49384" lon="-99.13062">
        <ele>502.6</ele>
      </trkpt>
      <trkpt lat="30.49362" lon="-99.13064">
        <ele>501.7</ele>
      </trkpt>
      <trkpt lat="30.4935" lon="-99.13066">
        <ele>501.2</ele>
      </trkpt>
      <trkpt lat="30.49332" lon="-99.13068">
        <ele>500.3</ele>
      </trkpt>
      <trkpt lat="30.49321" lon="-99.13069">
        <ele>499.3</ele>
      </trkpt>
      <trkpt lat="30.49315" lon="-99.1307">
        <ele>498.6</ele>
      </trkpt>
      <trkpt lat="30.49303" lon="-99.13072">
        <ele>496.6</ele>
      </trkpt>
      <trkpt lat="30.49297" lon="-99.13073">
        <ele>495.9</ele>
      </trkpt>
      <trkpt lat="30.49295" lon="-99.13073">
        <ele>495.7</ele>
      </trkpt>
      <trkpt lat="30.49279" lon="-99.13075">
        <ele>494.9</ele>
      </trkpt>
      <trkpt lat="30.49267" lon="-99.13076">
        <ele>494.7</ele>
      </trkpt>
      <trkpt lat="30.49261" lon="-99.13077">
        <ele>494.7</ele>
      </trkpt>
      <trkpt lat="30.49246" lon="-99.13079">
        <ele>494.5</ele>
      </trkpt>
      <trkpt lat="30.49225" lon="-99.13081">
        <ele>494.2</ele>
      </trkpt>
      <trkpt lat="30.49212" lon="-99.13082">
        <ele>494.1</ele>
      </trkpt>
      <trkpt lat="30.49181" lon="-99.13083">
        <ele>494.5</ele>
      </trkpt>
      <trkpt lat="30.49166" lon="-99.13083">
        <ele>494.6</ele>
      </trkpt>
      <trkpt lat="30.49164" lon="-99.13083">
        <ele>494.6</ele>
      </trkpt>
      <trkpt lat="30.49132" lon="-99.13082">
        <ele>494.4</ele>
      </trkpt>
      <trkpt lat="30.49094" lon="-99.13078">
        <ele>493.0</ele>
      </trkpt>
      <trkpt lat="30.49083" lon="-99.13077">
        <ele>492.6</ele>
      </trkpt>
      <trkpt lat="30.49055" lon="-99.13073">
        <ele>494.4</ele>
      </trkpt>
      <trkpt lat="30.49037" lon="-99.1307">
        <ele>495.1</ele>
      </trkpt>
      <trkpt lat="30.49018" lon="-99.13066">
        <ele>495.7</ele>
      </trkpt>
      <trkpt lat="30.49002" lon="-99.13063">
        <ele>496.2</ele>
      </trkpt>
      <trkpt lat="30.48993" lon="-99.13062">
        <ele>496.5</ele>
      </trkpt>
      <trkpt lat="30.48975" lon="-99.13058">
        <ele>497.3</ele>
      </trkpt>
      <trkpt lat="30.48966" lon="-99.13057">
        <ele>497.7</ele>
      </trkpt>
      <trkpt lat="30.48954" lon="-99.13054">
        <ele>498.2</ele>
      </trkpt>
      <trkpt lat="30.48949" lon="-99.13053">
        <ele>498.4</ele>
      </trkpt>
      <trkpt lat="30.48931" lon="-99.1305">
        <ele>499.0</ele>
      </trkpt>
      <trkpt lat="30.48913" lon="-99.13047">
        <ele>499.7</ele>
      </trkpt>
      <trkpt lat="30.48901" lon="-99.13045">
        <ele>500.3</ele>
      </trkpt>
      <trkpt lat="30.48876" lon="-99.13041">
        <ele>501.3</ele>
      </trkpt>
      <trkpt lat="30.48857" lon="-99.13038">
        <ele>502.2</ele>
      </trkpt>
      <trkpt lat="30.48842" lon="-99.13036">
        <ele>503.0</ele>
      </trkpt>
      <trkpt lat="30.48837" lon="-99.13035">
        <ele>503.4</ele>
      </trkpt>
      <trkpt lat="30.48811" lon="-99.13033">
        <ele>505.2</ele>
      </trkpt>
      <trkpt lat="30.48808" lon="-99.13033">
        <ele>505.3</ele>
      </trkpt>
      <trkpt lat="30.48806" lon="-99.13033">
        <ele>505.5</ele>
      </trkpt>
      <trkpt lat="30.48788" lon="-99.13032">
        <ele>506.3</ele>
      </trkpt>
      <trkpt lat="30.48783" lon="-99.13032">
        <ele>506.4</ele>
      </trkpt>
      <trkpt lat="30.4877" lon="-99.13032">
        <ele>506.7</ele>
      </trkpt>
      <trkpt lat="30.48752" lon="-99.13031">
        <ele>507.0</ele>
      </trkpt>
      <trkpt lat="30.48742" lon="-99.13031">
        <ele>507.1</ele>
      </trkpt>
      <trkpt lat="30.48701" lon="-99.13031">
        <ele>507.5</ele>
      </trkpt>
      <trkpt lat="30.4868" lon="-99.13031">
        <ele>507.6</ele>
      </trkpt>
      <trkpt lat="30.48662" lon="-99.13031">
        <ele>507.6</ele>
      </trkpt>
      <trkpt lat="30.4862" lon="-99.1303">
        <ele>508.1</ele>
      </trkpt>
      <trkpt lat="30.48608" lon="-99.1303">
        <ele>508.4</ele>
      </trkpt>
      <trkpt lat="30.4859" lon="-99.1303">
        <ele>508.9</ele>
      </trkpt>
      <trkpt lat="30.48473" lon="-99.13029">
        <ele>512.6</ele>
      </trkpt>
      <trkpt lat="30.48437" lon="-99.13028">
        <ele>513.0</ele>
      </trkpt>
      <trkpt lat="30.48411" lon="-99.13028">
        <ele>513.3</ele>
      </trkpt>
      <trkpt lat="30.48361" lon="-99.13029">
        <ele>514.1</ele>
      </trkpt>
      <trkpt lat="30.48339" lon="-99.13029">
        <ele>514.6</ele>
      </trkpt>
      <trkpt lat="30.48321" lon="-99.13029">
        <ele>515.0</ele>
      </trkpt>
      <trkpt lat="30.48231" lon="-99.1303">
        <ele>517.8</ele>
      </trkpt>
      <trkpt lat="30.48149" lon="-99.1303">
        <ele>518.6</ele>
      </trkpt>
      <trkpt lat="30.48106" lon="-99.13031">
        <ele>518.0</ele>
      </trkpt>
      <trkpt lat="30.48034" lon="-99.13032">
        <ele>515.3</ele>
      </trkpt>
      <trkpt lat="30.48016" lon="-99.13032">
        <ele>514.5</ele>
      </trkpt>
      <trkpt lat="30.47998" lon="-99.13032">
        <ele>513.8</ele>
      </trkpt>
      <trkpt lat="30.47962" lon="-99.13033">
        <ele>512.8</ele>
      </trkpt>
      <trkpt lat="30.47944" lon="-99.13034">
        <ele>512.4</ele>
      </trkpt>
      <trkpt lat="30.47936" lon="-99.13034">
        <ele>512.3</ele>
      </trkpt>
      <trkpt lat="30.47926" lon="-99.13034">
        <ele>512.3</ele>
      </trkpt>
      <trkpt lat="30.47908" lon="-99.13034">
        <ele>512.4</ele>
      </trkpt>
      <trkpt lat="30.4789" lon="-99.13034">
        <ele>512.5</ele>
      </trkpt>
      <trkpt lat="30.47872" lon="-99.13035">
        <ele>512.6</ele>
      </trkpt>
      <trkpt lat="30.47818" lon="-99.13035">
        <ele>512.9</ele>
      </trkpt>
      <trkpt lat="30.478" lon="-99.13035">
        <ele>513.0</ele>
      </trkpt>
      <trkpt lat="30.47792" lon="-99.13035">
        <ele>513.0</ele>
      </trkpt>
      <trkpt lat="30.47782" lon="-99.13035">
        <ele>513.1</ele>
      </trkpt>
      <trkpt lat="30.47764" lon="-99.13035">
        <ele>513.1</ele>
      </trkpt>
      <trkpt lat="30.4771" lon="-99.13036">
        <ele>513.5</ele>
      </trkpt>
      <trkpt lat="30.47692" lon="-99.13036">
        <ele>513.6</ele>
      </trkpt>
      <trkpt lat="30.47674" lon="-99.13037">
        <ele>513.7</ele>
      </trkpt>
      <trkpt lat="30.47656" lon="-99.13037">
        <ele>513.8</ele>
      </trkpt>
      <trkpt lat="30.47638" lon="-99.13037">
        <ele>513.9</ele>
      </trkpt>
      <trkpt lat="30.47601" lon="-99.13038">
        <ele>513.9</ele>
      </trkpt>
      <trkpt lat="30.47531" lon="-99.13038">
        <ele>512.6</ele>
      </trkpt>
      <trkpt lat="30.47513" lon="-99.13039">
        <ele>512.3</ele>
      </trkpt>
      <trkpt lat="30.47477" lon="-99.13039">
        <ele>512.1</ele>
      </trkpt>
      <trkpt lat="30.47459" lon="-99.13039">
        <ele>512.1</ele>
      </trkpt>
      <trkpt lat="30.47441" lon="-99.13039">
        <ele>512.1</ele>
      </trkpt>
      <trkpt lat="30.47423" lon="-99.13039">
        <ele>512.3</ele>
      </trkpt>
      <trkpt lat="30.47387" lon="-99.13039">
        <ele>512.9</ele>
      </trkpt>
      <trkpt lat="30.47351" lon="-99.1304">
        <ele>513.3</ele>
      </trkpt>
      <trkpt lat="30.47333" lon="-99.1304">
        <ele>513.4</ele>
      </trkpt>
      <trkpt lat="30.47315" lon="-99.1304">
        <ele>513.3</ele>
      </trkpt>
      <trkpt lat="30.47297" lon="-99.1304">
        <ele>513.0</ele>
      </trkpt>
      <trkpt lat="30.47279" lon="-99.1304">
        <ele>512.6</ele>
      </trkpt>
      <trkpt lat="30.47261" lon="-99.1304">
        <ele>512.2</ele>
      </trkpt>
      <trkpt lat="30.47243" lon="-99.13041">
        <ele>512.0</ele>
      </trkpt>
      <trkpt lat="30.47225" lon="-99.13041">
        <ele>511.8</ele>
      </trkpt>
      <trkpt lat="30.47213" lon="-99.13041">
        <ele>511.8</ele>
      </trkpt>
      <trkpt lat="30.47207" lon="-99.13041">
        <ele>511.8</ele>
      </trkpt>
      <trkpt lat="30.47189" lon="-99.13041">
        <ele>512.0</ele>
      </trkpt>
      <trkpt lat="30.47117" lon="-99.13042">
        <ele>512.3</ele>
      </trkpt>
      <trkpt lat="30.47099" lon="-99.13042">
        <ele>512.4</ele>
      </trkpt>
      <trkpt lat="30.47081" lon="-99.13042">
        <ele>512.4</ele>
      </trkpt>
      <trkpt lat="30.47063" lon="-99.13042">
        <ele>512.5</ele>
      </trkpt>
      <trkpt lat="30.4706" lon="-99.13042">
        <ele>512.5</ele>
      </trkpt>
      <trkpt lat="30.47045" lon="-99.13042">
        <ele>512.5</ele>
      </trkpt>
      <trkpt lat="30.47009" lon="-99.13042">
        <ele>512.5</ele>
      </trkpt>
      <trkpt lat="30.46937" lon="-99.13042">
        <ele>512.0</ele>
      </trkpt>
      <trkpt lat="30.46901" lon="-99.13043">
        <ele>511.3</ele>
      </trkpt>
      <trkpt lat="30.46847" lon="-99.13043">
        <ele>509.9</ele>
      </trkpt>
      <trkpt lat="30.46829" lon="-99.13043">
        <ele>509.5</ele>
      </trkpt>
      <trkpt lat="30.46811" lon="-99.13043">
        <ele>509.2</ele>
      </trkpt>
      <trkpt lat="30.46721" lon="-99.13043">
        <ele>507.8</ele>
      </trkpt>
      <trkpt lat="30.46683" lon="-99.13044">
        <ele>507.3</ele>
      </trkpt>
      <trkpt lat="30.46667" lon="-99.13044">
        <ele>507.3</ele>
      </trkpt>
      <trkpt lat="30.46541" lon="-99.13044">
        <ele>507.3</ele>
      </trkpt>
      <trkpt lat="30.46523" lon="-99.13044">
        <ele>507.1</ele>
      </trkpt>
      <trkpt lat="30.46505" lon="-99.13044">
        <ele>506.7</ele>
      </trkpt>
      <trkpt lat="30.46388" lon="-99.13045">
        <ele>503.6</ele>
      </trkpt>
      <trkpt lat="30.46313" lon="-99.13046">
        <ele>501.9</ele>
      </trkpt>
      <trkpt lat="30.46295" lon="-99.13046">
        <ele>501.8</ele>
      </trkpt>
      <trkpt lat="30.46261" lon="-99.13046">
        <ele>502.3</ele>
      </trkpt>
      <trkpt lat="30.46241" lon="-99.13046">
        <ele>502.9</ele>
      </trkpt>
      <trkpt lat="30.46231" lon="-99.13046">
        <ele>503.2</ele>
      </trkpt>
      <trkpt lat="30.46223" lon="-99.13046">
        <ele>503.5</ele>
      </trkpt>
      <trkpt lat="30.46205" lon="-99.13046">
        <ele>504.3</ele>
      </trkpt>
      <trkpt lat="30.46187" lon="-99.13046">
        <ele>504.8</ele>
      </trkpt>
      <trkpt lat="30.46109" lon="-99.13047">
        <ele>507.4</ele>
      </trkpt>
      <trkpt lat="30.46079" lon="-99.13047">
        <ele>509.3</ele>
      </trkpt>
      <trkpt lat="30.46025" lon="-99.13047">
        <ele>510.8</ele>
      </trkpt>
      <trkpt lat="30.46007" lon="-99.13047">
        <ele>510.9</ele>
      </trkpt>
      <trkpt lat="30.45958" lon="-99.13047">
        <ele>511.3</ele>
      </trkpt>
      <trkpt lat="30.45899" lon="-99.13047">
        <ele>511.6</ele>
      </trkpt>
      <trkpt lat="30.45861" lon="-99.13047">
        <ele>511.8</ele>
      </trkpt>
      <trkpt lat="30.45815" lon="-99.13046">
        <ele>512.4</ele>
      </trkpt>
      <trkpt lat="30.45755" lon="-99.13046">
        <ele>512.7</ele>
      </trkpt>
      <trkpt lat="30.45737" lon="-99.13046">
        <ele>512.9</ele>
      </trkpt>
      <trkpt lat="30.45719" lon="-99.13046">
        <ele>513.2</ele>
      </trkpt>
      <trkpt lat="30.45647" lon="-99.13046">
        <ele>515.7</ele>
      </trkpt>
      <trkpt lat="30.45585" lon="-99.13046">
        <ele>517.4</ele>
      </trkpt>
      <trkpt lat="30.45567" lon="-99.13046">
        <ele>517.7</ele>
      </trkpt>
      <trkpt lat="30.45549" lon="-99.13046">
        <ele>518.1</ele>
      </trkpt>
      <trkpt lat="30.45531" lon="-99.13046">
        <ele>518.4</ele>
      </trkpt>
      <trkpt lat="30.45335" lon="-99.13046">
        <ele>519.8</ele>
      </trkpt>
      <trkpt lat="30.45243" lon="-99.13046">
        <ele>520.4</ele>
      </trkpt>
      <trkpt lat="30.4519" lon="-99.13047">
        <ele>521.0</ele>
      </trkpt>
      <trkpt lat="30.45118" lon="-99.13047">
        <ele>521.9</ele>
      </trkpt>
      <trkpt lat="30.45083" lon="-99.13048">
        <ele>522.3</ele>
      </trkpt>
      <trkpt lat="30.45057" lon="-99.13048">
        <ele>522.7</ele>
      </trkpt>
      <trkpt lat="30.44931" lon="-99.13049">
        <ele>524.4</ele>
      </trkpt>
      <trkpt lat="30.44926" lon="-99.13049">
        <ele>524.4</ele>
      </trkpt>
      <trkpt lat="30.44922" lon="-99.13049">
        <ele>524.5</ele>
      </trkpt>
      <trkpt lat="30.44766" lon="-99.1305">
        <ele>525.6</ele>
      </trkpt>
      <trkpt lat="30.44741" lon="-99.1305">
        <ele>525.7</ele>
      </trkpt>
      <trkpt lat="30.44723" lon="-99.1305">
        <ele>525.8</ele>
      </trkpt>
      <trkpt lat="30.44651" lon="-99.1305">
        <ele>526.1</ele>
      </trkpt>
      <trkpt lat="30.44628" lon="-99.13051">
        <ele>526.2</ele>
      </trkpt>
      <trkpt lat="30.44617" lon="-99.13051">
        <ele>526.3</ele>
      </trkpt>
      <trkpt lat="30.44595" lon="-99.13051">
        <ele>526.4</ele>
      </trkpt>
      <trkpt lat="30.44543" lon="-99.13051">
        <ele>526.7</ele>
      </trkpt>
      <trkpt lat="30.44525" lon="-99.13051">
        <ele>526.8</ele>
      </trkpt>
      <trkpt lat="30.44519" lon="-99.13051">
        <ele>526.8</ele>
      </trkpt>
      <trkpt lat="30.4447" lon="-99.13055">
        <ele>527.2</ele>
      </trkpt>
      <trkpt lat="30.44463" lon="-99.13057">
        <ele>527.2</ele>
      </trkpt>
      <trkpt lat="30.44456" lon="-99.13057">
        <ele>527.3</ele>
      </trkpt>
    </trkseg>
  </trk>
</gpx>
