<?xml version="1.0" encoding="UTF-8"?>
<gpx xmlns:gpxdata="http://www.cluetrust.com/XML/GPXDATA/1/0" xmlns:xsi="http://www.w3.org/2001/XMLSchema-instance" xmlns="http://www.topografix.com/GPX/1/1" version="1.1" creator="http://ridewithgps.com/" xsi:schemaLocation="http://www.topografix.com/GPX/1/1 http://www.topografix.com/GPX/1/1/gpx.xsd http://www.cluetrust.com/XML/GPXDATA/1/0 http://www.cluetrust.com/Schemas/gpxdata10.xsd">
  <metadata>
    <name>Doss Gravel 105</name>
    <link href="https://ridewithgps.com/routes/50378241">
      <text>Doss Gravel 105</text>
    </link>
    <time>2025-04-18T07:37:45Z</time>
  </metadata>
  <wpt lat="30.60344785338857" lon="-99.10927926693637">
    <name>Use Caution</name>
    <cmt>caution</cmt>
    <sym>Dot</sym>
    <type>danger</type>
  </wpt>
  <wpt lat="30.645596252247213" lon="-99.24661305306164">
    <name>Use Caution</name>
    <cmt>caution</cmt>
    <sym>Dot</sym>
    <type>danger</type>
  </wpt>
  <wpt lat="30.511240000000004" lon="-99.30947064261426">
    <name>Use Caution</name>
    <cmt>caution</cmt>
    <sym>Dot</sym>
    <type>danger</type>
  </wpt>
  <wpt lat="30.514106409262006" lon="-99.1649829987511">
    <name>Use Caution</name>
    <cmt>caution</cmt>
    <sym>Dot</sym>
    <type>danger</type>
  </wpt>
  <wpt lat="30.57197969981881" lon="-99.3237186651255">
    <name>Water Crossing</name>
    <cmt>caution</cmt>
    <sym>Dot</sym>
    <type>danger</type>
  </wpt>
  <wpt lat="30.564695078324462" lon="-99.3305719373426">
    <name>Water Crossing</name>
    <cmt>caution</cmt>
    <sym>Dot</sym>
    <type>danger</type>
  </wpt>
  <wpt lat="30.514100000000017" lon="-99.16515942886981">
    <name>Smile for Camera</name>
    <cmt>viewpoint</cmt>
    <sym>Dot</sym>
    <type>overlook</type>
  </wpt>
  <wpt lat="30.5517856034261" lon="-99.32515109914367">
    <name>Water Crossing</name>
    <cmt>caution</cmt>
    <sym>Dot</sym>
    <type>danger</type>
  </wpt>
  <wpt lat="30.54670539220087" lon="-99.32333269609687">
    <name>Water Crossing</name>
    <cmt>caution</cmt>
    <sym>Dot</sym>
    <type>danger</type>
  </wpt>
  <wpt lat="30.511235731744883" lon="-99.30969">
    <name>Smile for Camera</name>
    <cmt>viewpoint</cmt>
    <sym>Dot</sym>
    <type>overlook</type>
  </wpt>
  <wpt lat="30.651995196969082" lon="-99.25134629924179">
    <name>Dos Rios Restroom &amp; Aid Station</name>
    <cmt>restroom</cmt>
    <sym>Dot</sym>
    <type>toilet</type>
  </wpt>
  <wpt lat="30.58674609191341" lon="-99.11451153870603">
    <name>Hilda Methodist Church Restroom</name>
    <cmt>restroom</cmt>
    <desc>Use the restrooms as Hilda Methodist Church </desc>
    <sym>Dot</sym>
    <type>toilet</type>
  </wpt>
  <trk>
    <name>Doss Gravel 105</name>
    <trkseg>
      <trkpt lat="30.4447" lon="-99.13055">
        <ele>527.2</ele>
      </trkpt>
      <trkpt lat="30.44519" lon="-99.13051">
        <ele>526.8</ele>
      </trkpt>
      <trkpt lat="30.44525" lon="-99.13051">
        <ele>526.8</ele>
      </trkpt>
      <trkpt lat="30.44543" lon="-99.13051">
        <ele>526.7</ele>
      </trkpt>
      <trkpt lat="30.44595" lon="-99.13051">
        <ele>526.4</ele>
      </trkpt>
      <trkpt lat="30.44617" lon="-99.13051">
        <ele>526.3</ele>
      </trkpt>
      <trkpt lat="30.44628" lon="-99.13051">
        <ele>526.2</ele>
      </trkpt>
      <trkpt lat="30.44651" lon="-99.1305">
        <ele>526.1</ele>
      </trkpt>
      <trkpt lat="30.44723" lon="-99.1305">
        <ele>525.8</ele>
      </trkpt>
      <trkpt lat="30.44741" lon="-99.1305">
        <ele>525.7</ele>
      </trkpt>
      <trkpt lat="30.44766" lon="-99.1305">
        <ele>525.6</ele>
      </trkpt>
      <trkpt lat="30.44922" lon="-99.13049">
        <ele>524.5</ele>
      </trkpt>
      <trkpt lat="30.44926" lon="-99.13049">
        <ele>524.4</ele>
      </trkpt>
      <trkpt lat="30.44931" lon="-99.13049">
        <ele>524.4</ele>
      </trkpt>
      <trkpt lat="30.45057" lon="-99.13048">
        <ele>522.7</ele>
      </trkpt>
      <trkpt lat="30.45083" lon="-99.13048">
        <ele>522.3</ele>
      </trkpt>
      <trkpt lat="30.45118" lon="-99.13047">
        <ele>521.9</ele>
      </trkpt>
      <trkpt lat="30.4519" lon="-99.13047">
        <ele>521.0</ele>
      </trkpt>
      <trkpt lat="30.45243" lon="-99.13046">
        <ele>520.4</ele>
      </trkpt>
      <trkpt lat="30.45335" lon="-99.13046">
        <ele>519.8</ele>
      </trkpt>
      <trkpt lat="30.45531" lon="-99.13046">
        <ele>518.4</ele>
      </trkpt>
      <trkpt lat="30.45549" lon="-99.13046">
        <ele>518.1</ele>
      </trkpt>
      <trkpt lat="30.45567" lon="-99.13046">
        <ele>517.7</ele>
      </trkpt>
      <trkpt lat="30.45585" lon="-99.13046">
        <ele>517.4</ele>
      </trkpt>
      <trkpt lat="30.45647" lon="-99.13046">
        <ele>515.7</ele>
      </trkpt>
      <trkpt lat="30.45719" lon="-99.13046">
        <ele>513.2</ele>
      </trkpt>
      <trkpt lat="30.45737" lon="-99.13046">
        <ele>512.9</ele>
      </trkpt>
      <trkpt lat="30.45755" lon="-99.13046">
        <ele>512.7</ele>
      </trkpt>
      <trkpt lat="30.45815" lon="-99.13046">
        <ele>512.4</ele>
      </trkpt>
      <trkpt lat="30.45861" lon="-99.13047">
        <ele>511.8</ele>
      </trkpt>
      <trkpt lat="30.45899" lon="-99.13047">
        <ele>511.6</ele>
      </trkpt>
      <trkpt lat="30.45958" lon="-99.13047">
        <ele>511.3</ele>
      </trkpt>
      <trkpt lat="30.46007" lon="-99.13047">
        <ele>510.9</ele>
      </trkpt>
      <trkpt lat="30.46025" lon="-99.13047">
        <ele>510.8</ele>
      </trkpt>
      <trkpt lat="30.46079" lon="-99.13047">
        <ele>509.3</ele>
      </trkpt>
      <trkpt lat="30.46109" lon="-99.13047">
        <ele>507.4</ele>
      </trkpt>
      <trkpt lat="30.46187" lon="-99.13046">
        <ele>504.8</ele>
      </trkpt>
      <trkpt lat="30.46205" lon="-99.13046">
        <ele>504.3</ele>
      </trkpt>
      <trkpt lat="30.46223" lon="-99.13046">
        <ele>503.5</ele>
      </trkpt>
      <trkpt lat="30.46231" lon="-99.13046">
        <ele>503.2</ele>
      </trkpt>
      <trkpt lat="30.46241" lon="-99.13046">
        <ele>502.9</ele>
      </trkpt>
      <trkpt lat="30.46261" lon="-99.13046">
        <ele>502.3</ele>
      </trkpt>
      <trkpt lat="30.46295" lon="-99.13046">
        <ele>501.8</ele>
      </trkpt>
      <trkpt lat="30.46313" lon="-99.13046">
        <ele>501.9</ele>
      </trkpt>
      <trkpt lat="30.46388" lon="-99.13045">
        <ele>503.6</ele>
      </trkpt>
      <trkpt lat="30.46505" lon="-99.13044">
        <ele>506.7</ele>
      </trkpt>
      <trkpt lat="30.46523" lon="-99.13044">
        <ele>507.1</ele>
      </trkpt>
      <trkpt lat="30.46541" lon="-99.13044">
        <ele>507.3</ele>
      </trkpt>
      <trkpt lat="30.46667" lon="-99.13044">
        <ele>507.3</ele>
      </trkpt>
      <trkpt lat="30.46683" lon="-99.13044">
        <ele>507.3</ele>
      </trkpt>
      <trkpt lat="30.46721" lon="-99.13043">
        <ele>507.8</ele>
      </trkpt>
      <trkpt lat="30.46811" lon="-99.13043">
        <ele>509.2</ele>
      </trkpt>
      <trkpt lat="30.46829" lon="-99.13043">
        <ele>509.5</ele>
      </trkpt>
      <trkpt lat="30.46847" lon="-99.13043">
        <ele>509.9</ele>
      </trkpt>
      <trkpt lat="30.46901" lon="-99.13043">
        <ele>511.3</ele>
      </trkpt>
      <trkpt lat="30.46937" lon="-99.13042">
        <ele>512.0</ele>
      </trkpt>
      <trkpt lat="30.47009" lon="-99.13042">
        <ele>512.5</ele>
      </trkpt>
      <trkpt lat="30.47045" lon="-99.13042">
        <ele>512.5</ele>
      </trkpt>
      <trkpt lat="30.4706" lon="-99.13042">
        <ele>512.5</ele>
      </trkpt>
      <trkpt lat="30.47063" lon="-99.13042">
        <ele>512.5</ele>
      </trkpt>
      <trkpt lat="30.47081" lon="-99.13042">
        <ele>512.4</ele>
      </trkpt>
      <trkpt lat="30.47099" lon="-99.13042">
        <ele>512.4</ele>
      </trkpt>
      <trkpt lat="30.47117" lon="-99.13042">
        <ele>512.3</ele>
      </trkpt>
      <trkpt lat="30.47189" lon="-99.13041">
        <ele>512.0</ele>
      </trkpt>
      <trkpt lat="30.47207" lon="-99.13041">
        <ele>511.8</ele>
      </trkpt>
      <trkpt lat="30.47213" lon="-99.13041">
        <ele>511.8</ele>
      </trkpt>
      <trkpt lat="30.47225" lon="-99.13041">
        <ele>511.8</ele>
      </trkpt>
      <trkpt lat="30.47243" lon="-99.13041">
        <ele>512.0</ele>
      </trkpt>
      <trkpt lat="30.47261" lon="-99.1304">
        <ele>512.2</ele>
      </trkpt>
      <trkpt lat="30.47279" lon="-99.1304">
        <ele>512.6</ele>
      </trkpt>
      <trkpt lat="30.47297" lon="-99.1304">
        <ele>513.0</ele>
      </trkpt>
      <trkpt lat="30.47315" lon="-99.1304">
        <ele>513.3</ele>
      </trkpt>
      <trkpt lat="30.47333" lon="-99.1304">
        <ele>513.4</ele>
      </trkpt>
      <trkpt lat="30.47351" lon="-99.1304">
        <ele>513.3</ele>
      </trkpt>
      <trkpt lat="30.47387" lon="-99.13039">
        <ele>512.9</ele>
      </trkpt>
      <trkpt lat="30.47423" lon="-99.13039">
        <ele>512.3</ele>
      </trkpt>
      <trkpt lat="30.47441" lon="-99.13039">
        <ele>512.1</ele>
      </trkpt>
      <trkpt lat="30.47459" lon="-99.13039">
        <ele>512.1</ele>
      </trkpt>
      <trkpt lat="30.47477" lon="-99.13039">
        <ele>512.1</ele>
      </trkpt>
      <trkpt lat="30.47513" lon="-99.13039">
        <ele>512.3</ele>
      </trkpt>
      <trkpt lat="30.47531" lon="-99.13038">
        <ele>512.6</ele>
      </trkpt>
      <trkpt lat="30.47601" lon="-99.13038">
        <ele>513.9</ele>
      </trkpt>
      <trkpt lat="30.47638" lon="-99.13037">
        <ele>513.9</ele>
      </trkpt>
      <trkpt lat="30.47656" lon="-99.13037">
        <ele>513.8</ele>
      </trkpt>
      <trkpt lat="30.47674" lon="-99.13037">
        <ele>513.7</ele>
      </trkpt>
      <trkpt lat="30.47692" lon="-99.13036">
        <ele>513.6</ele>
      </trkpt>
      <trkpt lat="30.4771" lon="-99.13036">
        <ele>513.5</ele>
      </trkpt>
      <trkpt lat="30.47764" lon="-99.13035">
        <ele>513.1</ele>
      </trkpt>
      <trkpt lat="30.47782" lon="-99.13035">
        <ele>513.1</ele>
      </trkpt>
      <trkpt lat="30.47792" lon="-99.13035">
        <ele>513.0</ele>
      </trkpt>
      <trkpt lat="30.478" lon="-99.13035">
        <ele>513.0</ele>
      </trkpt>
      <trkpt lat="30.47818" lon="-99.13035">
        <ele>512.9</ele>
      </trkpt>
      <trkpt lat="30.47872" lon="-99.13035">
        <ele>512.6</ele>
      </trkpt>
      <trkpt lat="30.4789" lon="-99.13034">
        <ele>512.5</ele>
      </trkpt>
      <trkpt lat="30.47908" lon="-99.13034">
        <ele>512.4</ele>
      </trkpt>
      <trkpt lat="30.47926" lon="-99.13034">
        <ele>512.3</ele>
      </trkpt>
      <trkpt lat="30.47936" lon="-99.13034">
        <ele>512.3</ele>
      </trkpt>
      <trkpt lat="30.47944" lon="-99.13034">
        <ele>512.4</ele>
      </trkpt>
      <trkpt lat="30.47962" lon="-99.13033">
        <ele>512.8</ele>
      </trkpt>
      <trkpt lat="30.47998" lon="-99.13032">
        <ele>513.8</ele>
      </trkpt>
      <trkpt lat="30.48016" lon="-99.13032">
        <ele>514.5</ele>
      </trkpt>
      <trkpt lat="30.48034" lon="-99.13032">
        <ele>515.3</ele>
      </trkpt>
      <trkpt lat="30.48106" lon="-99.13031">
        <ele>518.0</ele>
      </trkpt>
      <trkpt lat="30.48149" lon="-99.1303">
        <ele>518.6</ele>
      </trkpt>
      <trkpt lat="30.48231" lon="-99.1303">
        <ele>517.8</ele>
      </trkpt>
      <trkpt lat="30.48321" lon="-99.13029">
        <ele>515.0</ele>
      </trkpt>
      <trkpt lat="30.48339" lon="-99.13029">
        <ele>514.6</ele>
      </trkpt>
      <trkpt lat="30.48361" lon="-99.13029">
        <ele>514.1</ele>
      </trkpt>
      <trkpt lat="30.48411" lon="-99.13028">
        <ele>513.3</ele>
      </trkpt>
      <trkpt lat="30.48437" lon="-99.13028">
        <ele>513.0</ele>
      </trkpt>
      <trkpt lat="30.48473" lon="-99.13029">
        <ele>512.6</ele>
      </trkpt>
      <trkpt lat="30.4859" lon="-99.1303">
        <ele>508.9</ele>
      </trkpt>
      <trkpt lat="30.48608" lon="-99.1303">
        <ele>508.4</ele>
      </trkpt>
      <trkpt lat="30.4862" lon="-99.1303">
        <ele>508.1</ele>
      </trkpt>
      <trkpt lat="30.48662" lon="-99.13031">
        <ele>507.6</ele>
      </trkpt>
      <trkpt lat="30.4868" lon="-99.13031">
        <ele>507.6</ele>
      </trkpt>
      <trkpt lat="30.48701" lon="-99.13031">
        <ele>507.5</ele>
      </trkpt>
      <trkpt lat="30.48742" lon="-99.13031">
        <ele>507.1</ele>
      </trkpt>
      <trkpt lat="30.48752" lon="-99.13031">
        <ele>507.0</ele>
      </trkpt>
      <trkpt lat="30.4877" lon="-99.13032">
        <ele>506.7</ele>
      </trkpt>
      <trkpt lat="30.48783" lon="-99.13032">
        <ele>506.4</ele>
      </trkpt>
      <trkpt lat="30.48788" lon="-99.13032">
        <ele>506.3</ele>
      </trkpt>
      <trkpt lat="30.48806" lon="-99.13033">
        <ele>505.5</ele>
      </trkpt>
      <trkpt lat="30.48808" lon="-99.13033">
        <ele>505.3</ele>
      </trkpt>
      <trkpt lat="30.48811" lon="-99.13033">
        <ele>505.2</ele>
      </trkpt>
      <trkpt lat="30.48837" lon="-99.13035">
        <ele>503.4</ele>
      </trkpt>
      <trkpt lat="30.48842" lon="-99.13036">
        <ele>503.0</ele>
      </trkpt>
      <trkpt lat="30.48857" lon="-99.13038">
        <ele>502.2</ele>
      </trkpt>
      <trkpt lat="30.48876" lon="-99.13041">
        <ele>501.3</ele>
      </trkpt>
      <trkpt lat="30.48901" lon="-99.13045">
        <ele>500.3</ele>
      </trkpt>
      <trkpt lat="30.48913" lon="-99.13047">
        <ele>499.7</ele>
      </trkpt>
      <trkpt lat="30.48931" lon="-99.1305">
        <ele>499.0</ele>
      </trkpt>
      <trkpt lat="30.48949" lon="-99.13053">
        <ele>498.4</ele>
      </trkpt>
      <trkpt lat="30.48954" lon="-99.13054">
        <ele>498.2</ele>
      </trkpt>
      <trkpt lat="30.48966" lon="-99.13057">
        <ele>497.7</ele>
      </trkpt>
      <trkpt lat="30.48975" lon="-99.13058">
        <ele>497.3</ele>
      </trkpt>
      <trkpt lat="30.48993" lon="-99.13062">
        <ele>496.5</ele>
      </trkpt>
      <trkpt lat="30.49002" lon="-99.13063">
        <ele>496.2</ele>
      </trkpt>
      <trkpt lat="30.49018" lon="-99.13066">
        <ele>495.7</ele>
      </trkpt>
      <trkpt lat="30.49037" lon="-99.1307">
        <ele>495.1</ele>
      </trkpt>
      <trkpt lat="30.49055" lon="-99.13073">
        <ele>494.4</ele>
      </trkpt>
      <trkpt lat="30.49083" lon="-99.13077">
        <ele>492.6</ele>
      </trkpt>
      <trkpt lat="30.49094" lon="-99.13078">
        <ele>493.0</ele>
      </trkpt>
      <trkpt lat="30.49132" lon="-99.13082">
        <ele>494.4</ele>
      </trkpt>
      <trkpt lat="30.49164" lon="-99.13083">
        <ele>494.6</ele>
      </trkpt>
      <trkpt lat="30.49166" lon="-99.13083">
        <ele>494.6</ele>
      </trkpt>
      <trkpt lat="30.49181" lon="-99.13083">
        <ele>494.5</ele>
      </trkpt>
      <trkpt lat="30.49212" lon="-99.13082">
        <ele>494.1</ele>
      </trkpt>
      <trkpt lat="30.49225" lon="-99.13081">
        <ele>494.2</ele>
      </trkpt>
      <trkpt lat="30.49246" lon="-99.13079">
        <ele>494.5</ele>
      </trkpt>
      <trkpt lat="30.49261" lon="-99.13077">
        <ele>494.7</ele>
      </trkpt>
      <trkpt lat="30.49267" lon="-99.13076">
        <ele>494.7</ele>
      </trkpt>
      <trkpt lat="30.49279" lon="-99.13075">
        <ele>494.9</ele>
      </trkpt>
      <trkpt lat="30.49295" lon="-99.13073">
        <ele>495.7</ele>
      </trkpt>
      <trkpt lat="30.49297" lon="-99.13073">
        <ele>495.9</ele>
      </trkpt>
      <trkpt lat="30.49303" lon="-99.13072">
        <ele>496.6</ele>
      </trkpt>
      <trkpt lat="30.49315" lon="-99.1307">
        <ele>498.6</ele>
      </trkpt>
      <trkpt lat="30.49321" lon="-99.13069">
        <ele>499.3</ele>
      </trkpt>
      <trkpt lat="30.49332" lon="-99.13068">
        <ele>500.3</ele>
      </trkpt>
      <trkpt lat="30.4935" lon="-99.13066">
        <ele>501.2</ele>
      </trkpt>
      <trkpt lat="30.49362" lon="-99.13064">
        <ele>501.7</ele>
      </trkpt>
      <trkpt lat="30.49384" lon="-99.13062">
        <ele>502.6</ele>
      </trkpt>
      <trkpt lat="30.49404" lon="-99.13059">
        <ele>503.5</ele>
      </trkpt>
      <trkpt lat="30.49419" lon="-99.13057">
        <ele>504.0</ele>
      </trkpt>
      <trkpt lat="30.49422" lon="-99.13057">
        <ele>504.0</ele>
      </trkpt>
      <trkpt lat="30.49459" lon="-99.13052">
        <ele>504.7</ele>
      </trkpt>
      <trkpt lat="30.49476" lon="-99.1305">
        <ele>505.3</ele>
      </trkpt>
      <trkpt lat="30.49482" lon="-99.1305">
        <ele>505.6</ele>
      </trkpt>
      <trkpt lat="30.49493" lon="-99.13048">
        <ele>506.1</ele>
      </trkpt>
      <trkpt lat="30.49509" lon="-99.13048">
        <ele>506.3</ele>
      </trkpt>
      <trkpt lat="30.49529" lon="-99.13047">
        <ele>507.3</ele>
      </trkpt>
      <trkpt lat="30.49558" lon="-99.13049">
        <ele>508.8</ele>
      </trkpt>
      <trkpt lat="30.49565" lon="-99.1305">
        <ele>509.3</ele>
      </trkpt>
      <trkpt lat="30.49568" lon="-99.13051">
        <ele>509.4</ele>
      </trkpt>
      <trkpt lat="30.49582" lon="-99.13053">
        <ele>510.3</ele>
      </trkpt>
      <trkpt lat="30.49583" lon="-99.13053">
        <ele>510.4</ele>
      </trkpt>
      <trkpt lat="30.49597" lon="-99.13056">
        <ele>511.4</ele>
      </trkpt>
      <trkpt lat="30.496" lon="-99.13057">
        <ele>511.6</ele>
      </trkpt>
      <trkpt lat="30.49601" lon="-99.13057">
        <ele>511.7</ele>
      </trkpt>
      <trkpt lat="30.49618" lon="-99.13062">
        <ele>512.9</ele>
      </trkpt>
      <trkpt lat="30.49621" lon="-99.13063">
        <ele>513.1</ele>
      </trkpt>
      <trkpt lat="30.49628" lon="-99.13065">
        <ele>513.3</ele>
      </trkpt>
      <trkpt lat="30.49635" lon="-99.13067">
        <ele>513.3</ele>
      </trkpt>
      <trkpt lat="30.49667" lon="-99.1308">
        <ele>513.1</ele>
      </trkpt>
      <trkpt lat="30.49704" lon="-99.13096">
        <ele>512.7</ele>
      </trkpt>
      <trkpt lat="30.4974" lon="-99.13112">
        <ele>513.1</ele>
      </trkpt>
      <trkpt lat="30.49755" lon="-99.13118">
        <ele>513.6</ele>
      </trkpt>
      <trkpt lat="30.49757" lon="-99.13119">
        <ele>513.6</ele>
      </trkpt>
      <trkpt lat="30.49772" lon="-99.13125">
        <ele>513.8</ele>
      </trkpt>
      <trkpt lat="30.49788" lon="-99.13133">
        <ele>513.9</ele>
      </trkpt>
      <trkpt lat="30.49791" lon="-99.13134">
        <ele>514.0</ele>
      </trkpt>
      <trkpt lat="30.49805" lon="-99.1314">
        <ele>514.0</ele>
      </trkpt>
      <trkpt lat="30.49808" lon="-99.13141">
        <ele>513.9</ele>
      </trkpt>
      <trkpt lat="30.49822" lon="-99.13147">
        <ele>513.8</ele>
      </trkpt>
      <trkpt lat="30.49858" lon="-99.13163">
        <ele>513.4</ele>
      </trkpt>
      <trkpt lat="30.49875" lon="-99.1317">
        <ele>513.1</ele>
      </trkpt>
      <trkpt lat="30.49879" lon="-99.13172">
        <ele>513.1</ele>
      </trkpt>
      <trkpt lat="30.49912" lon="-99.13187">
        <ele>512.6</ele>
      </trkpt>
      <trkpt lat="30.49965" lon="-99.1321">
        <ele>512.2</ele>
      </trkpt>
      <trkpt lat="30.49969" lon="-99.13211">
        <ele>512.2</ele>
      </trkpt>
      <trkpt lat="30.49976" lon="-99.13214">
        <ele>512.2</ele>
      </trkpt>
      <trkpt lat="30.49993" lon="-99.13222">
        <ele>512.2</ele>
      </trkpt>
      <trkpt lat="30.50033" lon="-99.13239">
        <ele>512.1</ele>
      </trkpt>
      <trkpt lat="30.50037" lon="-99.13241">
        <ele>512.1</ele>
      </trkpt>
      <trkpt lat="30.50046" lon="-99.13245">
        <ele>512.1</ele>
      </trkpt>
      <trkpt lat="30.5006" lon="-99.13251">
        <ele>512.1</ele>
      </trkpt>
      <trkpt lat="30.50083" lon="-99.13261">
        <ele>512.4</ele>
      </trkpt>
      <trkpt lat="30.50087" lon="-99.13263">
        <ele>512.4</ele>
      </trkpt>
      <trkpt lat="30.50094" lon="-99.13266">
        <ele>512.5</ele>
      </trkpt>
      <trkpt lat="30.50111" lon="-99.13273">
        <ele>513.0</ele>
      </trkpt>
      <trkpt lat="30.50124" lon="-99.13278">
        <ele>513.6</ele>
      </trkpt>
      <trkpt lat="30.50128" lon="-99.1328">
        <ele>513.8</ele>
      </trkpt>
      <trkpt lat="30.50195" lon="-99.1331">
        <ele>517.1</ele>
      </trkpt>
      <trkpt lat="30.50212" lon="-99.13317">
        <ele>517.4</ele>
      </trkpt>
      <trkpt lat="30.50218" lon="-99.1332">
        <ele>517.6</ele>
      </trkpt>
      <trkpt lat="30.50263" lon="-99.13339">
        <ele>518.2</ele>
      </trkpt>
      <trkpt lat="30.50279" lon="-99.13346">
        <ele>518.5</ele>
      </trkpt>
      <trkpt lat="30.50313" lon="-99.13361">
        <ele>518.9</ele>
      </trkpt>
      <trkpt lat="30.50364" lon="-99.13383">
        <ele>519.4</ele>
      </trkpt>
      <trkpt lat="30.50465" lon="-99.13427">
        <ele>521.2</ele>
      </trkpt>
      <trkpt lat="30.50498" lon="-99.13441">
        <ele>521.9</ele>
      </trkpt>
      <trkpt lat="30.50573" lon="-99.13473">
        <ele>523.5</ele>
      </trkpt>
      <trkpt lat="30.50584" lon="-99.13478">
        <ele>523.7</ele>
      </trkpt>
      <trkpt lat="30.50619" lon="-99.13493">
        <ele>524.4</ele>
      </trkpt>
      <trkpt lat="30.50636" lon="-99.13501">
        <ele>524.4</ele>
      </trkpt>
      <trkpt lat="30.50698" lon="-99.13528">
        <ele>524.8</ele>
      </trkpt>
      <trkpt lat="30.50737" lon="-99.13545">
        <ele>525.2</ele>
      </trkpt>
      <trkpt lat="30.50753" lon="-99.13552">
        <ele>525.3</ele>
      </trkpt>
      <trkpt lat="30.50821" lon="-99.13581">
        <ele>525.9</ele>
      </trkpt>
      <trkpt lat="30.50886" lon="-99.13609">
        <ele>526.4</ele>
      </trkpt>
      <trkpt lat="30.50902" lon="-99.13617">
        <ele>526.6</ele>
      </trkpt>
      <trkpt lat="30.50919" lon="-99.13624">
        <ele>526.9</ele>
      </trkpt>
      <trkpt lat="30.50936" lon="-99.13631">
        <ele>527.1</ele>
      </trkpt>
      <trkpt lat="30.5102" lon="-99.13668">
        <ele>528.4</ele>
      </trkpt>
      <trkpt lat="30.51037" lon="-99.13675">
        <ele>528.7</ele>
      </trkpt>
      <trkpt lat="30.51071" lon="-99.1369">
        <ele>529.3</ele>
      </trkpt>
      <trkpt lat="30.51128" lon="-99.13715">
        <ele>530.3</ele>
      </trkpt>
      <trkpt lat="30.51138" lon="-99.13719">
        <ele>530.5</ele>
      </trkpt>
      <trkpt lat="30.5115" lon="-99.13724">
        <ele>530.6</ele>
      </trkpt>
      <trkpt lat="30.51155" lon="-99.13726">
        <ele>530.7</ele>
      </trkpt>
      <trkpt lat="30.51239" lon="-99.13763">
        <ele>530.8</ele>
      </trkpt>
      <trkpt lat="30.51239" lon="-99.13763">
        <ele>530.8</ele>
      </trkpt>
      <trkpt lat="30.5124" lon="-99.13785">
        <ele>531.2</ele>
      </trkpt>
      <trkpt lat="30.5124" lon="-99.13797">
        <ele>531.5</ele>
      </trkpt>
      <trkpt lat="30.5124" lon="-99.13807">
        <ele>531.7</ele>
      </trkpt>
      <trkpt lat="30.51241" lon="-99.13834">
        <ele>532.1</ele>
      </trkpt>
      <trkpt lat="30.51241" lon="-99.13872">
        <ele>532.6</ele>
      </trkpt>
      <trkpt lat="30.51241" lon="-99.13872">
        <ele>532.6</ele>
      </trkpt>
      <trkpt lat="30.51241" lon="-99.13874">
        <ele>532.7</ele>
      </trkpt>
      <trkpt lat="30.51241" lon="-99.13901">
        <ele>532.9</ele>
      </trkpt>
      <trkpt lat="30.5124" lon="-99.14011">
        <ele>533.7</ele>
      </trkpt>
      <trkpt lat="30.51239" lon="-99.14015">
        <ele>533.7</ele>
      </trkpt>
      <trkpt lat="30.51236" lon="-99.14041">
        <ele>533.8</ele>
      </trkpt>
      <trkpt lat="30.51233" lon="-99.14056">
        <ele>533.8</ele>
      </trkpt>
      <trkpt lat="30.51229" lon="-99.14071">
        <ele>533.8</ele>
      </trkpt>
      <trkpt lat="30.51223" lon="-99.14086">
        <ele>533.7</ele>
      </trkpt>
      <trkpt lat="30.51219" lon="-99.14095">
        <ele>533.7</ele>
      </trkpt>
      <trkpt lat="30.51215" lon="-99.14105">
        <ele>533.6</ele>
      </trkpt>
      <trkpt lat="30.5121" lon="-99.14118">
        <ele>533.6</ele>
      </trkpt>
      <trkpt lat="30.51202" lon="-99.14138">
        <ele>533.5</ele>
      </trkpt>
      <trkpt lat="30.51198" lon="-99.14149">
        <ele>533.5</ele>
      </trkpt>
      <trkpt lat="30.51194" lon="-99.14164">
        <ele>533.5</ele>
      </trkpt>
      <trkpt lat="30.51193" lon="-99.14172">
        <ele>533.5</ele>
      </trkpt>
      <trkpt lat="30.51192" lon="-99.14189">
        <ele>533.6</ele>
      </trkpt>
      <trkpt lat="30.51192" lon="-99.14204">
        <ele>533.6</ele>
      </trkpt>
      <trkpt lat="30.51192" lon="-99.14246">
        <ele>533.8</ele>
      </trkpt>
      <trkpt lat="30.51192" lon="-99.14263">
        <ele>533.8</ele>
      </trkpt>
      <trkpt lat="30.51192" lon="-99.14267">
        <ele>533.9</ele>
      </trkpt>
      <trkpt lat="30.51192" lon="-99.14308">
        <ele>533.8</ele>
      </trkpt>
      <trkpt lat="30.51192" lon="-99.14318">
        <ele>533.8</ele>
      </trkpt>
      <trkpt lat="30.51192" lon="-99.14346">
        <ele>533.9</ele>
      </trkpt>
      <trkpt lat="30.51191" lon="-99.14385">
        <ele>534.1</ele>
      </trkpt>
      <trkpt lat="30.51191" lon="-99.14434">
        <ele>534.3</ele>
      </trkpt>
      <trkpt lat="30.51191" lon="-99.14444">
        <ele>534.4</ele>
      </trkpt>
      <trkpt lat="30.5119" lon="-99.14517">
        <ele>534.8</ele>
      </trkpt>
      <trkpt lat="30.5119" lon="-99.14524">
        <ele>534.9</ele>
      </trkpt>
      <trkpt lat="30.51191" lon="-99.14611">
        <ele>535.7</ele>
      </trkpt>
      <trkpt lat="30.51191" lon="-99.14622">
        <ele>535.8</ele>
      </trkpt>
      <trkpt lat="30.51191" lon="-99.14624">
        <ele>535.8</ele>
      </trkpt>
      <trkpt lat="30.51192" lon="-99.14631">
        <ele>535.9</ele>
      </trkpt>
      <trkpt lat="30.51192" lon="-99.14633">
        <ele>535.9</ele>
      </trkpt>
      <trkpt lat="30.51194" lon="-99.14642">
        <ele>536.0</ele>
      </trkpt>
      <trkpt lat="30.51195" lon="-99.14648">
        <ele>536.0</ele>
      </trkpt>
      <trkpt lat="30.51202" lon="-99.14677">
        <ele>536.3</ele>
      </trkpt>
      <trkpt lat="30.51208" lon="-99.14703">
        <ele>536.4</ele>
      </trkpt>
      <trkpt lat="30.51212" lon="-99.14723">
        <ele>536.4</ele>
      </trkpt>
      <trkpt lat="30.51218" lon="-99.14752">
        <ele>536.6</ele>
      </trkpt>
      <trkpt lat="30.51225" lon="-99.14766">
        <ele>536.8</ele>
      </trkpt>
      <trkpt lat="30.51238" lon="-99.14776">
        <ele>537.0</ele>
      </trkpt>
      <trkpt lat="30.5126" lon="-99.14789">
        <ele>537.5</ele>
      </trkpt>
      <trkpt lat="30.51265" lon="-99.14792">
        <ele>537.6</ele>
      </trkpt>
      <trkpt lat="30.51269" lon="-99.14794">
        <ele>537.6</ele>
      </trkpt>
      <trkpt lat="30.51286" lon="-99.14802">
        <ele>538.0</ele>
      </trkpt>
      <trkpt lat="30.51301" lon="-99.14809">
        <ele>538.3</ele>
      </trkpt>
      <trkpt lat="30.51333" lon="-99.14821">
        <ele>538.9</ele>
      </trkpt>
      <trkpt lat="30.51354" lon="-99.14826">
        <ele>539.2</ele>
      </trkpt>
      <trkpt lat="30.51359" lon="-99.14827">
        <ele>539.3</ele>
      </trkpt>
      <trkpt lat="30.51363" lon="-99.14828">
        <ele>539.4</ele>
      </trkpt>
      <trkpt lat="30.51369" lon="-99.14829">
        <ele>539.4</ele>
      </trkpt>
      <trkpt lat="30.51372" lon="-99.14829">
        <ele>539.5</ele>
      </trkpt>
      <trkpt lat="30.51419" lon="-99.14834">
        <ele>540.2</ele>
      </trkpt>
      <trkpt lat="30.51477" lon="-99.14836">
        <ele>541.0</ele>
      </trkpt>
      <trkpt lat="30.5148" lon="-99.14836">
        <ele>541.0</ele>
      </trkpt>
      <trkpt lat="30.5149" lon="-99.14837">
        <ele>541.1</ele>
      </trkpt>
      <trkpt lat="30.51497" lon="-99.1484">
        <ele>541.2</ele>
      </trkpt>
      <trkpt lat="30.51508" lon="-99.14846">
        <ele>541.4</ele>
      </trkpt>
      <trkpt lat="30.51519" lon="-99.14864">
        <ele>541.6</ele>
      </trkpt>
      <trkpt lat="30.51535" lon="-99.14898">
        <ele>542.0</ele>
      </trkpt>
      <trkpt lat="30.51548" lon="-99.14928">
        <ele>542.3</ele>
      </trkpt>
      <trkpt lat="30.51559" lon="-99.14959">
        <ele>542.6</ele>
      </trkpt>
      <trkpt lat="30.51566" lon="-99.1499">
        <ele>542.8</ele>
      </trkpt>
      <trkpt lat="30.51568" lon="-99.15004">
        <ele>542.8</ele>
      </trkpt>
      <trkpt lat="30.5157" lon="-99.15022">
        <ele>542.9</ele>
      </trkpt>
      <trkpt lat="30.5157" lon="-99.15058">
        <ele>542.9</ele>
      </trkpt>
      <trkpt lat="30.51571" lon="-99.15108">
        <ele>543.0</ele>
      </trkpt>
      <trkpt lat="30.51572" lon="-99.15118">
        <ele>543.0</ele>
      </trkpt>
      <trkpt lat="30.51573" lon="-99.15171">
        <ele>543.0</ele>
      </trkpt>
      <trkpt lat="30.51574" lon="-99.15261">
        <ele>542.9</ele>
      </trkpt>
      <trkpt lat="30.51575" lon="-99.15275">
        <ele>542.7</ele>
      </trkpt>
      <trkpt lat="30.51575" lon="-99.15296">
        <ele>542.5</ele>
      </trkpt>
      <trkpt lat="30.51577" lon="-99.15351">
        <ele>541.9</ele>
      </trkpt>
      <trkpt lat="30.5158" lon="-99.15381">
        <ele>541.5</ele>
      </trkpt>
      <trkpt lat="30.51581" lon="-99.154">
        <ele>541.2</ele>
      </trkpt>
      <trkpt lat="30.51583" lon="-99.15414">
        <ele>540.9</ele>
      </trkpt>
      <trkpt lat="30.51584" lon="-99.15421">
        <ele>540.8</ele>
      </trkpt>
      <trkpt lat="30.51585" lon="-99.1543">
        <ele>540.6</ele>
      </trkpt>
      <trkpt lat="30.51586" lon="-99.15442">
        <ele>540.3</ele>
      </trkpt>
      <trkpt lat="30.5159" lon="-99.15488">
        <ele>539.4</ele>
      </trkpt>
      <trkpt lat="30.51596" lon="-99.15545">
        <ele>538.1</ele>
      </trkpt>
      <trkpt lat="30.51597" lon="-99.15555">
        <ele>537.9</ele>
      </trkpt>
      <trkpt lat="30.51597" lon="-99.15586">
        <ele>537.2</ele>
      </trkpt>
      <trkpt lat="30.51597" lon="-99.15598">
        <ele>537.0</ele>
      </trkpt>
      <trkpt lat="30.51597" lon="-99.15619">
        <ele>536.5</ele>
      </trkpt>
      <trkpt lat="30.51597" lon="-99.15627">
        <ele>536.4</ele>
      </trkpt>
      <trkpt lat="30.51597" lon="-99.15636">
        <ele>536.4</ele>
      </trkpt>
      <trkpt lat="30.51598" lon="-99.1564">
        <ele>536.4</ele>
      </trkpt>
      <trkpt lat="30.51601" lon="-99.15698">
        <ele>537.4</ele>
      </trkpt>
      <trkpt lat="30.51603" lon="-99.1575">
        <ele>538.5</ele>
      </trkpt>
      <trkpt lat="30.51606" lon="-99.15786">
        <ele>539.2</ele>
      </trkpt>
      <trkpt lat="30.51609" lon="-99.1581">
        <ele>539.7</ele>
      </trkpt>
      <trkpt lat="30.51616" lon="-99.15849">
        <ele>540.4</ele>
      </trkpt>
      <trkpt lat="30.51624" lon="-99.15881">
        <ele>541.0</ele>
      </trkpt>
      <trkpt lat="30.51632" lon="-99.15907">
        <ele>541.4</ele>
      </trkpt>
      <trkpt lat="30.51637" lon="-99.15927">
        <ele>541.8</ele>
      </trkpt>
      <trkpt lat="30.51648" lon="-99.15967">
        <ele>542.6</ele>
      </trkpt>
      <trkpt lat="30.51651" lon="-99.15976">
        <ele>542.8</ele>
      </trkpt>
      <trkpt lat="30.51656" lon="-99.16002">
        <ele>543.2</ele>
      </trkpt>
      <trkpt lat="30.51657" lon="-99.16007">
        <ele>543.3</ele>
      </trkpt>
      <trkpt lat="30.5166" lon="-99.16032">
        <ele>543.7</ele>
      </trkpt>
      <trkpt lat="30.5166" lon="-99.16049">
        <ele>543.8</ele>
      </trkpt>
      <trkpt lat="30.5166" lon="-99.16051">
        <ele>543.8</ele>
      </trkpt>
      <trkpt lat="30.51659" lon="-99.16069">
        <ele>543.9</ele>
      </trkpt>
      <trkpt lat="30.51658" lon="-99.16079">
        <ele>543.9</ele>
      </trkpt>
      <trkpt lat="30.51657" lon="-99.1609">
        <ele>544.0</ele>
      </trkpt>
      <trkpt lat="30.51656" lon="-99.16099">
        <ele>544.0</ele>
      </trkpt>
      <trkpt lat="30.51651" lon="-99.16152">
        <ele>542.9</ele>
      </trkpt>
      <trkpt lat="30.51649" lon="-99.16173">
        <ele>542.2</ele>
      </trkpt>
      <trkpt lat="30.51647" lon="-99.16199">
        <ele>541.1</ele>
      </trkpt>
      <trkpt lat="30.51642" lon="-99.16219">
        <ele>540.0</ele>
      </trkpt>
      <trkpt lat="30.5163" lon="-99.16239">
        <ele>538.3</ele>
      </trkpt>
      <trkpt lat="30.51617" lon="-99.16254">
        <ele>536.9</ele>
      </trkpt>
      <trkpt lat="30.5161" lon="-99.16262">
        <ele>536.3</ele>
      </trkpt>
      <trkpt lat="30.51596" lon="-99.16276">
        <ele>535.8</ele>
      </trkpt>
      <trkpt lat="30.51586" lon="-99.16285">
        <ele>535.6</ele>
      </trkpt>
      <trkpt lat="30.51582" lon="-99.16289">
        <ele>535.5</ele>
      </trkpt>
      <trkpt lat="30.51543" lon="-99.16332">
        <ele>534.7</ele>
      </trkpt>
      <trkpt lat="30.5154" lon="-99.16335">
        <ele>534.6</ele>
      </trkpt>
      <trkpt lat="30.51529" lon="-99.16346">
        <ele>534.6</ele>
      </trkpt>
      <trkpt lat="30.51508" lon="-99.16367">
        <ele>534.6</ele>
      </trkpt>
      <trkpt lat="30.51488" lon="-99.16387">
        <ele>534.8</ele>
      </trkpt>
      <trkpt lat="30.51464" lon="-99.16412">
        <ele>535.1</ele>
      </trkpt>
      <trkpt lat="30.51448" lon="-99.16428">
        <ele>535.4</ele>
      </trkpt>
      <trkpt lat="30.51439" lon="-99.16436">
        <ele>535.6</ele>
      </trkpt>
      <trkpt lat="30.51415" lon="-99.1647">
        <ele>536.5</ele>
      </trkpt>
      <trkpt lat="30.51413" lon="-99.16481">
        <ele>536.9</ele>
      </trkpt>
      <trkpt lat="30.514106" lon="-99.164983">
        <ele>537.5</ele>
      </trkpt>
      <trkpt lat="30.5141" lon="-99.16503">
        <ele>537.7</ele>
      </trkpt>
      <trkpt lat="30.5141" lon="-99.165159">
        <ele>538.2</ele>
      </trkpt>
      <trkpt lat="30.5141" lon="-99.16517">
        <ele>538.2</ele>
      </trkpt>
      <trkpt lat="30.5141" lon="-99.16517">
        <ele>538.2</ele>
      </trkpt>
      <trkpt lat="30.51464" lon="-99.1654">
        <ele>538.5</ele>
      </trkpt>
      <trkpt lat="30.51482" lon="-99.16547">
        <ele>538.4</ele>
      </trkpt>
      <trkpt lat="30.51497" lon="-99.16553">
        <ele>538.3</ele>
      </trkpt>
      <trkpt lat="30.51497" lon="-99.16553">
        <ele>538.3</ele>
      </trkpt>
      <trkpt lat="30.5155" lon="-99.16575">
        <ele>538.3</ele>
      </trkpt>
      <trkpt lat="30.51555" lon="-99.16577">
        <ele>538.3</ele>
      </trkpt>
      <trkpt lat="30.51567" lon="-99.16581">
        <ele>538.3</ele>
      </trkpt>
      <trkpt lat="30.51601" lon="-99.16595">
        <ele>538.5</ele>
      </trkpt>
      <trkpt lat="30.51754" lon="-99.16654">
        <ele>538.6</ele>
      </trkpt>
      <trkpt lat="30.51772" lon="-99.16661">
        <ele>538.4</ele>
      </trkpt>
      <trkpt lat="30.51789" lon="-99.16668">
        <ele>538.2</ele>
      </trkpt>
      <trkpt lat="30.51942" lon="-99.16728">
        <ele>535.5</ele>
      </trkpt>
      <trkpt lat="30.51947" lon="-99.1673">
        <ele>535.3</ele>
      </trkpt>
      <trkpt lat="30.51959" lon="-99.16735">
        <ele>535.3</ele>
      </trkpt>
      <trkpt lat="30.51979" lon="-99.16743">
        <ele>535.7</ele>
      </trkpt>
      <trkpt lat="30.51992" lon="-99.16751">
        <ele>536.4</ele>
      </trkpt>
      <trkpt lat="30.52005" lon="-99.16759">
        <ele>537.1</ele>
      </trkpt>
      <trkpt lat="30.52008" lon="-99.16761">
        <ele>537.3</ele>
      </trkpt>
      <trkpt lat="30.52028" lon="-99.1678">
        <ele>537.9</ele>
      </trkpt>
      <trkpt lat="30.52051" lon="-99.16804">
        <ele>538.1</ele>
      </trkpt>
      <trkpt lat="30.52074" lon="-99.16831">
        <ele>538.8</ele>
      </trkpt>
      <trkpt lat="30.52098" lon="-99.16861">
        <ele>540.4</ele>
      </trkpt>
      <trkpt lat="30.52122" lon="-99.16895">
        <ele>543.9</ele>
      </trkpt>
      <trkpt lat="30.52133" lon="-99.1691">
        <ele>544.1</ele>
      </trkpt>
      <trkpt lat="30.52144" lon="-99.16926">
        <ele>544.0</ele>
      </trkpt>
      <trkpt lat="30.52146" lon="-99.1693">
        <ele>544.1</ele>
      </trkpt>
      <trkpt lat="30.52156" lon="-99.16942">
        <ele>544.0</ele>
      </trkpt>
      <trkpt lat="30.5217" lon="-99.16962">
        <ele>544.1</ele>
      </trkpt>
      <trkpt lat="30.52179" lon="-99.16974">
        <ele>544.0</ele>
      </trkpt>
      <trkpt lat="30.52244" lon="-99.17064">
        <ele>543.5</ele>
      </trkpt>
      <trkpt lat="30.52248" lon="-99.1707">
        <ele>543.5</ele>
      </trkpt>
      <trkpt lat="30.52304" lon="-99.17146">
        <ele>541.6</ele>
      </trkpt>
      <trkpt lat="30.52321" lon="-99.17169">
        <ele>541.5</ele>
      </trkpt>
      <trkpt lat="30.52339" lon="-99.17193">
        <ele>541.7</ele>
      </trkpt>
      <trkpt lat="30.52351" lon="-99.17209">
        <ele>542.0</ele>
      </trkpt>
      <trkpt lat="30.52369" lon="-99.17234">
        <ele>542.8</ele>
      </trkpt>
      <trkpt lat="30.5241" lon="-99.17293">
        <ele>545.4</ele>
      </trkpt>
      <trkpt lat="30.5242" lon="-99.17306">
        <ele>546.1</ele>
      </trkpt>
      <trkpt lat="30.5243" lon="-99.17313">
        <ele>546.4</ele>
      </trkpt>
      <trkpt lat="30.52435" lon="-99.17315">
        <ele>546.5</ele>
      </trkpt>
      <trkpt lat="30.52443" lon="-99.17319">
        <ele>546.6</ele>
      </trkpt>
      <trkpt lat="30.52452" lon="-99.17324">
        <ele>546.8</ele>
      </trkpt>
      <trkpt lat="30.52455" lon="-99.17325">
        <ele>546.8</ele>
      </trkpt>
      <trkpt lat="30.52469" lon="-99.17327">
        <ele>546.5</ele>
      </trkpt>
      <trkpt lat="30.52487" lon="-99.17328">
        <ele>546.2</ele>
      </trkpt>
      <trkpt lat="30.52505" lon="-99.1733">
        <ele>545.8</ele>
      </trkpt>
      <trkpt lat="30.52559" lon="-99.17334">
        <ele>544.9</ele>
      </trkpt>
      <trkpt lat="30.52613" lon="-99.17341">
        <ele>544.4</ele>
      </trkpt>
      <trkpt lat="30.52649" lon="-99.17346">
        <ele>543.8</ele>
      </trkpt>
      <trkpt lat="30.52655" lon="-99.17346">
        <ele>543.6</ele>
      </trkpt>
      <trkpt lat="30.52666" lon="-99.17348">
        <ele>543.3</ele>
      </trkpt>
      <trkpt lat="30.52684" lon="-99.1735">
        <ele>542.6</ele>
      </trkpt>
      <trkpt lat="30.52792" lon="-99.17364">
        <ele>539.3</ele>
      </trkpt>
      <trkpt lat="30.52795" lon="-99.17365">
        <ele>539.2</ele>
      </trkpt>
      <trkpt lat="30.52809" lon="-99.17366">
        <ele>539.1</ele>
      </trkpt>
      <trkpt lat="30.52827" lon="-99.17369">
        <ele>539.0</ele>
      </trkpt>
      <trkpt lat="30.52863" lon="-99.17373">
        <ele>538.8</ele>
      </trkpt>
      <trkpt lat="30.52881" lon="-99.17376">
        <ele>538.7</ele>
      </trkpt>
      <trkpt lat="30.52899" lon="-99.17378">
        <ele>538.8</ele>
      </trkpt>
      <trkpt lat="30.52903" lon="-99.17379">
        <ele>538.9</ele>
      </trkpt>
      <trkpt lat="30.52935" lon="-99.17383">
        <ele>539.9</ele>
      </trkpt>
      <trkpt lat="30.52941" lon="-99.17383">
        <ele>540.2</ele>
      </trkpt>
      <trkpt lat="30.5297" lon="-99.17388">
        <ele>542.1</ele>
      </trkpt>
      <trkpt lat="30.52988" lon="-99.1739">
        <ele>543.0</ele>
      </trkpt>
      <trkpt lat="30.53006" lon="-99.17393">
        <ele>543.6</ele>
      </trkpt>
      <trkpt lat="30.5302" lon="-99.17395">
        <ele>543.9</ele>
      </trkpt>
      <trkpt lat="30.53057" lon="-99.17399">
        <ele>544.4</ele>
      </trkpt>
      <trkpt lat="30.53101" lon="-99.17404">
        <ele>544.8</ele>
      </trkpt>
      <trkpt lat="30.53111" lon="-99.17406">
        <ele>544.9</ele>
      </trkpt>
      <trkpt lat="30.53123" lon="-99.17408">
        <ele>545.0</ele>
      </trkpt>
      <trkpt lat="30.53129" lon="-99.17409">
        <ele>545.1</ele>
      </trkpt>
      <trkpt lat="30.53145" lon="-99.1741">
        <ele>545.1</ele>
      </trkpt>
      <trkpt lat="30.53147" lon="-99.1741">
        <ele>545.1</ele>
      </trkpt>
      <trkpt lat="30.53163" lon="-99.1741">
        <ele>545.1</ele>
      </trkpt>
      <trkpt lat="30.53165" lon="-99.1741">
        <ele>545.0</ele>
      </trkpt>
      <trkpt lat="30.53176" lon="-99.1741">
        <ele>545.0</ele>
      </trkpt>
      <trkpt lat="30.53206" lon="-99.17413">
        <ele>544.6</ele>
      </trkpt>
      <trkpt lat="30.53236" lon="-99.17419">
        <ele>544.1</ele>
      </trkpt>
      <trkpt lat="30.5326" lon="-99.17426">
        <ele>543.6</ele>
      </trkpt>
      <trkpt lat="30.53306" lon="-99.1744">
        <ele>540.9</ele>
      </trkpt>
      <trkpt lat="30.53323" lon="-99.17445">
        <ele>540.1</ele>
      </trkpt>
      <trkpt lat="30.53325" lon="-99.17445">
        <ele>540.0</ele>
      </trkpt>
      <trkpt lat="30.53336" lon="-99.17449">
        <ele>539.8</ele>
      </trkpt>
      <trkpt lat="30.53341" lon="-99.1745">
        <ele>539.7</ele>
      </trkpt>
      <trkpt lat="30.53434" lon="-99.17479">
        <ele>540.4</ele>
      </trkpt>
      <trkpt lat="30.53508" lon="-99.17502">
        <ele>541.5</ele>
      </trkpt>
      <trkpt lat="30.5352" lon="-99.17506">
        <ele>541.9</ele>
      </trkpt>
      <trkpt lat="30.53677" lon="-99.17556">
        <ele>546.4</ele>
      </trkpt>
      <trkpt lat="30.53722" lon="-99.1757">
        <ele>547.1</ele>
      </trkpt>
      <trkpt lat="30.5377" lon="-99.17586">
        <ele>547.9</ele>
      </trkpt>
      <trkpt lat="30.5378" lon="-99.17589">
        <ele>548.1</ele>
      </trkpt>
      <trkpt lat="30.53847" lon="-99.1761">
        <ele>549.2</ele>
      </trkpt>
      <trkpt lat="30.53872" lon="-99.17618">
        <ele>549.9</ele>
      </trkpt>
      <trkpt lat="30.53885" lon="-99.17622">
        <ele>550.1</ele>
      </trkpt>
      <trkpt lat="30.53935" lon="-99.17637">
        <ele>550.8</ele>
      </trkpt>
      <trkpt lat="30.53989" lon="-99.17654">
        <ele>551.2</ele>
      </trkpt>
      <trkpt lat="30.54006" lon="-99.1766">
        <ele>551.3</ele>
      </trkpt>
      <trkpt lat="30.54024" lon="-99.17666">
        <ele>551.3</ele>
      </trkpt>
      <trkpt lat="30.54041" lon="-99.17671">
        <ele>551.4</ele>
      </trkpt>
      <trkpt lat="30.5411" lon="-99.17694">
        <ele>551.5</ele>
      </trkpt>
      <trkpt lat="30.54145" lon="-99.17705">
        <ele>551.5</ele>
      </trkpt>
      <trkpt lat="30.54162" lon="-99.17711">
        <ele>551.5</ele>
      </trkpt>
      <trkpt lat="30.54273" lon="-99.17744">
        <ele>551.7</ele>
      </trkpt>
      <trkpt lat="30.54301" lon="-99.17753">
        <ele>551.6</ele>
      </trkpt>
      <trkpt lat="30.54313" lon="-99.17757">
        <ele>551.5</ele>
      </trkpt>
      <trkpt lat="30.54336" lon="-99.17765">
        <ele>551.5</ele>
      </trkpt>
      <trkpt lat="30.54391" lon="-99.17781">
        <ele>551.8</ele>
      </trkpt>
      <trkpt lat="30.54414" lon="-99.17788">
        <ele>552.0</ele>
      </trkpt>
      <trkpt lat="30.54425" lon="-99.17793">
        <ele>552.0</ele>
      </trkpt>
      <trkpt lat="30.54425" lon="-99.17793">
        <ele>552.0</ele>
      </trkpt>
      <trkpt lat="30.54417" lon="-99.17803">
        <ele>551.8</ele>
      </trkpt>
      <trkpt lat="30.5441" lon="-99.1781">
        <ele>551.6</ele>
      </trkpt>
      <trkpt lat="30.54393" lon="-99.17821">
        <ele>551.2</ele>
      </trkpt>
      <trkpt lat="30.54367" lon="-99.17842">
        <ele>550.4</ele>
      </trkpt>
      <trkpt lat="30.54354" lon="-99.17855">
        <ele>549.9</ele>
      </trkpt>
      <trkpt lat="30.54329" lon="-99.1788">
        <ele>549.1</ele>
      </trkpt>
      <trkpt lat="30.54293" lon="-99.17917">
        <ele>548.3</ele>
      </trkpt>
      <trkpt lat="30.54273" lon="-99.17938">
        <ele>547.8</ele>
      </trkpt>
      <trkpt lat="30.5423" lon="-99.17983">
        <ele>547.2</ele>
      </trkpt>
      <trkpt lat="30.54144" lon="-99.18084">
        <ele>543.7</ele>
      </trkpt>
      <trkpt lat="30.54112" lon="-99.18121">
        <ele>542.2</ele>
      </trkpt>
      <trkpt lat="30.54049" lon="-99.18194">
        <ele>537.6</ele>
      </trkpt>
      <trkpt lat="30.54024" lon="-99.18225">
        <ele>537.7</ele>
      </trkpt>
      <trkpt lat="30.54016" lon="-99.18235">
        <ele>537.9</ele>
      </trkpt>
      <trkpt lat="30.54012" lon="-99.1824">
        <ele>538.0</ele>
      </trkpt>
      <trkpt lat="30.53999" lon="-99.18255">
        <ele>538.4</ele>
      </trkpt>
      <trkpt lat="30.53949" lon="-99.18314">
        <ele>541.8</ele>
      </trkpt>
      <trkpt lat="30.53924" lon="-99.18344">
        <ele>543.1</ele>
      </trkpt>
      <trkpt lat="30.53911" lon="-99.18359">
        <ele>543.4</ele>
      </trkpt>
      <trkpt lat="30.53907" lon="-99.18364">
        <ele>543.5</ele>
      </trkpt>
      <trkpt lat="30.53899" lon="-99.18374">
        <ele>543.5</ele>
      </trkpt>
      <trkpt lat="30.53836" lon="-99.18449">
        <ele>544.2</ele>
      </trkpt>
      <trkpt lat="30.53811" lon="-99.18479">
        <ele>544.9</ele>
      </trkpt>
      <trkpt lat="30.53803" lon="-99.1849">
        <ele>545.2</ele>
      </trkpt>
      <trkpt lat="30.53761" lon="-99.18539">
        <ele>546.8</ele>
      </trkpt>
      <trkpt lat="30.53707" lon="-99.18604">
        <ele>548.3</ele>
      </trkpt>
      <trkpt lat="30.53646" lon="-99.18675">
        <ele>546.9</ele>
      </trkpt>
      <trkpt lat="30.53644" lon="-99.18678">
        <ele>546.9</ele>
      </trkpt>
      <trkpt lat="30.53602" lon="-99.18728">
        <ele>546.3</ele>
      </trkpt>
      <trkpt lat="30.53589" lon="-99.18748">
        <ele>546.0</ele>
      </trkpt>
      <trkpt lat="30.53582" lon="-99.18764">
        <ele>545.7</ele>
      </trkpt>
      <trkpt lat="30.53579" lon="-99.18776">
        <ele>545.4</ele>
      </trkpt>
      <trkpt lat="30.53577" lon="-99.18785">
        <ele>545.2</ele>
      </trkpt>
      <trkpt lat="30.53576" lon="-99.18791">
        <ele>545.0</ele>
      </trkpt>
      <trkpt lat="30.53575" lon="-99.18815">
        <ele>544.4</ele>
      </trkpt>
      <trkpt lat="30.53576" lon="-99.18826">
        <ele>544.0</ele>
      </trkpt>
      <trkpt lat="30.53587" lon="-99.1886">
        <ele>543.3</ele>
      </trkpt>
      <trkpt lat="30.53599" lon="-99.18891">
        <ele>542.6</ele>
      </trkpt>
      <trkpt lat="30.53603" lon="-99.18904">
        <ele>542.4</ele>
      </trkpt>
      <trkpt lat="30.5362" lon="-99.18949">
        <ele>541.9</ele>
      </trkpt>
      <trkpt lat="30.53625" lon="-99.18961">
        <ele>541.9</ele>
      </trkpt>
      <trkpt lat="30.53629" lon="-99.18971">
        <ele>541.9</ele>
      </trkpt>
      <trkpt lat="30.53632" lon="-99.1898">
        <ele>541.9</ele>
      </trkpt>
      <trkpt lat="30.53647" lon="-99.19018">
        <ele>542.0</ele>
      </trkpt>
      <trkpt lat="30.53654" lon="-99.19037">
        <ele>542.1</ele>
      </trkpt>
      <trkpt lat="30.53668" lon="-99.19075">
        <ele>542.1</ele>
      </trkpt>
      <trkpt lat="30.53682" lon="-99.19107">
        <ele>542.0</ele>
      </trkpt>
      <trkpt lat="30.53684" lon="-99.19113">
        <ele>542.0</ele>
      </trkpt>
      <trkpt lat="30.53688" lon="-99.19123">
        <ele>541.9</ele>
      </trkpt>
      <trkpt lat="30.53691" lon="-99.19133">
        <ele>541.9</ele>
      </trkpt>
      <trkpt lat="30.53702" lon="-99.19161">
        <ele>541.9</ele>
      </trkpt>
      <trkpt lat="30.53706" lon="-99.19171">
        <ele>541.9</ele>
      </trkpt>
      <trkpt lat="30.5372" lon="-99.19209">
        <ele>541.5</ele>
      </trkpt>
      <trkpt lat="30.53723" lon="-99.19218">
        <ele>541.4</ele>
      </trkpt>
      <trkpt lat="30.53724" lon="-99.19219">
        <ele>541.3</ele>
      </trkpt>
      <trkpt lat="30.53727" lon="-99.19228">
        <ele>541.1</ele>
      </trkpt>
      <trkpt lat="30.53757" lon="-99.19304">
        <ele>537.9</ele>
      </trkpt>
      <trkpt lat="30.53764" lon="-99.19323">
        <ele>537.2</ele>
      </trkpt>
      <trkpt lat="30.53772" lon="-99.19342">
        <ele>536.6</ele>
      </trkpt>
      <trkpt lat="30.53776" lon="-99.19352">
        <ele>536.3</ele>
      </trkpt>
      <trkpt lat="30.53783" lon="-99.19371">
        <ele>536.0</ele>
      </trkpt>
      <trkpt lat="30.53794" lon="-99.19399">
        <ele>535.8</ele>
      </trkpt>
      <trkpt lat="30.53801" lon="-99.19419">
        <ele>535.5</ele>
      </trkpt>
      <trkpt lat="30.53812" lon="-99.19447">
        <ele>535.2</ele>
      </trkpt>
      <trkpt lat="30.53812" lon="-99.19449">
        <ele>535.3</ele>
      </trkpt>
      <trkpt lat="30.53815" lon="-99.19457">
        <ele>535.3</ele>
      </trkpt>
      <trkpt lat="30.53825" lon="-99.19484">
        <ele>535.7</ele>
      </trkpt>
      <trkpt lat="30.53828" lon="-99.1949">
        <ele>535.8</ele>
      </trkpt>
      <trkpt lat="30.5385" lon="-99.19547">
        <ele>536.8</ele>
      </trkpt>
      <trkpt lat="30.53865" lon="-99.19585">
        <ele>537.0</ele>
      </trkpt>
      <trkpt lat="30.53909" lon="-99.197">
        <ele>535.9</ele>
      </trkpt>
      <trkpt lat="30.53938" lon="-99.19776">
        <ele>535.9</ele>
      </trkpt>
      <trkpt lat="30.53963" lon="-99.19842">
        <ele>537.0</ele>
      </trkpt>
      <trkpt lat="30.53964" lon="-99.19843">
        <ele>537.0</ele>
      </trkpt>
      <trkpt lat="30.53993" lon="-99.19919">
        <ele>538.4</ele>
      </trkpt>
      <trkpt lat="30.53997" lon="-99.19928">
        <ele>538.7</ele>
      </trkpt>
      <trkpt lat="30.54058" lon="-99.20091">
        <ele>541.8</ele>
      </trkpt>
      <trkpt lat="30.54065" lon="-99.2011">
        <ele>542.0</ele>
      </trkpt>
      <trkpt lat="30.5408" lon="-99.20148">
        <ele>542.4</ele>
      </trkpt>
      <trkpt lat="30.54092" lon="-99.20179">
        <ele>542.9</ele>
      </trkpt>
      <trkpt lat="30.54124" lon="-99.20263">
        <ele>543.7</ele>
      </trkpt>
      <trkpt lat="30.54146" lon="-99.2032">
        <ele>544.9</ele>
      </trkpt>
      <trkpt lat="30.54153" lon="-99.20339">
        <ele>545.4</ele>
      </trkpt>
      <trkpt lat="30.5416" lon="-99.20358">
        <ele>545.9</ele>
      </trkpt>
      <trkpt lat="30.54173" lon="-99.20391">
        <ele>546.7</ele>
      </trkpt>
      <trkpt lat="30.54212" lon="-99.20492">
        <ele>547.4</ele>
      </trkpt>
      <trkpt lat="30.54219" lon="-99.2051">
        <ele>547.5</ele>
      </trkpt>
      <trkpt lat="30.54219" lon="-99.20511">
        <ele>547.5</ele>
      </trkpt>
      <trkpt lat="30.54237" lon="-99.20559">
        <ele>547.5</ele>
      </trkpt>
      <trkpt lat="30.54246" lon="-99.20585">
        <ele>547.5</ele>
      </trkpt>
      <trkpt lat="30.54273" lon="-99.20657">
        <ele>547.3</ele>
      </trkpt>
      <trkpt lat="30.54294" lon="-99.20716">
        <ele>547.3</ele>
      </trkpt>
      <trkpt lat="30.5432" lon="-99.20784">
        <ele>548.2</ele>
      </trkpt>
      <trkpt lat="30.54335" lon="-99.20822">
        <ele>550.1</ele>
      </trkpt>
      <trkpt lat="30.54337" lon="-99.20825">
        <ele>550.2</ele>
      </trkpt>
      <trkpt lat="30.54368" lon="-99.20896">
        <ele>551.9</ele>
      </trkpt>
      <trkpt lat="30.54376" lon="-99.20915">
        <ele>552.1</ele>
      </trkpt>
      <trkpt lat="30.54377" lon="-99.20917">
        <ele>552.1</ele>
      </trkpt>
      <trkpt lat="30.54392" lon="-99.20952">
        <ele>552.2</ele>
      </trkpt>
      <trkpt lat="30.54415" lon="-99.21009">
        <ele>551.1</ele>
      </trkpt>
      <trkpt lat="30.54426" lon="-99.21035">
        <ele>549.6</ele>
      </trkpt>
      <trkpt lat="30.54447" lon="-99.21084">
        <ele>547.8</ele>
      </trkpt>
      <trkpt lat="30.5447" lon="-99.2114">
        <ele>547.2</ele>
      </trkpt>
      <trkpt lat="30.54478" lon="-99.21159">
        <ele>546.9</ele>
      </trkpt>
      <trkpt lat="30.54491" lon="-99.21192">
        <ele>546.1</ele>
      </trkpt>
      <trkpt lat="30.54518" lon="-99.21253">
        <ele>544.0</ele>
      </trkpt>
      <trkpt lat="30.54526" lon="-99.21271">
        <ele>543.3</ele>
      </trkpt>
      <trkpt lat="30.54542" lon="-99.21309">
        <ele>542.6</ele>
      </trkpt>
      <trkpt lat="30.5455" lon="-99.21328">
        <ele>543.3</ele>
      </trkpt>
      <trkpt lat="30.54563" lon="-99.21358">
        <ele>544.0</ele>
      </trkpt>
      <trkpt lat="30.54599" lon="-99.21439">
        <ele>543.5</ele>
      </trkpt>
      <trkpt lat="30.54632" lon="-99.21516">
        <ele>541.4</ele>
      </trkpt>
      <trkpt lat="30.54655" lon="-99.2157">
        <ele>541.3</ele>
      </trkpt>
      <trkpt lat="30.54663" lon="-99.21589">
        <ele>541.3</ele>
      </trkpt>
      <trkpt lat="30.54679" lon="-99.21626">
        <ele>541.2</ele>
      </trkpt>
      <trkpt lat="30.54702" lon="-99.21683">
        <ele>541.3</ele>
      </trkpt>
      <trkpt lat="30.5471" lon="-99.21701">
        <ele>541.5</ele>
      </trkpt>
      <trkpt lat="30.54711" lon="-99.21705">
        <ele>541.5</ele>
      </trkpt>
      <trkpt lat="30.54735" lon="-99.21757">
        <ele>544.2</ele>
      </trkpt>
      <trkpt lat="30.54753" lon="-99.21793">
        <ele>543.7</ele>
      </trkpt>
      <trkpt lat="30.54753" lon="-99.21795">
        <ele>543.9</ele>
      </trkpt>
      <trkpt lat="30.54761" lon="-99.21812">
        <ele>543.9</ele>
      </trkpt>
      <trkpt lat="30.54762" lon="-99.21814">
        <ele>543.9</ele>
      </trkpt>
      <trkpt lat="30.54764" lon="-99.21826">
        <ele>544.1</ele>
      </trkpt>
      <trkpt lat="30.54764" lon="-99.21836">
        <ele>544.3</ele>
      </trkpt>
      <trkpt lat="30.54762" lon="-99.21851">
        <ele>544.5</ele>
      </trkpt>
      <trkpt lat="30.54758" lon="-99.21873">
        <ele>544.6</ele>
      </trkpt>
      <trkpt lat="30.54755" lon="-99.21885">
        <ele>544.8</ele>
      </trkpt>
      <trkpt lat="30.54754" lon="-99.21894">
        <ele>544.7</ele>
      </trkpt>
      <trkpt lat="30.5475" lon="-99.21914">
        <ele>544.9</ele>
      </trkpt>
      <trkpt lat="30.54747" lon="-99.21927">
        <ele>545.2</ele>
      </trkpt>
      <trkpt lat="30.54746" lon="-99.21934">
        <ele>545.3</ele>
      </trkpt>
      <trkpt lat="30.54742" lon="-99.21954">
        <ele>545.8</ele>
      </trkpt>
      <trkpt lat="30.54742" lon="-99.21955">
        <ele>545.8</ele>
      </trkpt>
      <trkpt lat="30.54736" lon="-99.2197">
        <ele>546.3</ele>
      </trkpt>
      <trkpt lat="30.54727" lon="-99.21987">
        <ele>546.6</ele>
      </trkpt>
      <trkpt lat="30.54714" lon="-99.22006">
        <ele>546.8</ele>
      </trkpt>
      <trkpt lat="30.54698" lon="-99.22029">
        <ele>546.6</ele>
      </trkpt>
      <trkpt lat="30.54679" lon="-99.22053">
        <ele>546.2</ele>
      </trkpt>
      <trkpt lat="30.5466" lon="-99.22078">
        <ele>545.7</ele>
      </trkpt>
      <trkpt lat="30.54654" lon="-99.22086">
        <ele>545.5</ele>
      </trkpt>
      <trkpt lat="30.54642" lon="-99.22102">
        <ele>545.1</ele>
      </trkpt>
      <trkpt lat="30.54641" lon="-99.22103">
        <ele>545.1</ele>
      </trkpt>
      <trkpt lat="30.54626" lon="-99.22127">
        <ele>544.9</ele>
      </trkpt>
      <trkpt lat="30.54606" lon="-99.22156">
        <ele>544.7</ele>
      </trkpt>
      <trkpt lat="30.54598" lon="-99.22168">
        <ele>544.2</ele>
      </trkpt>
      <trkpt lat="30.5458" lon="-99.22196">
        <ele>541.9</ele>
      </trkpt>
      <trkpt lat="30.54564" lon="-99.22218">
        <ele>541.1</ele>
      </trkpt>
      <trkpt lat="30.54553" lon="-99.22233">
        <ele>540.5</ele>
      </trkpt>
      <trkpt lat="30.54535" lon="-99.22259">
        <ele>539.4</ele>
      </trkpt>
      <trkpt lat="30.54519" lon="-99.22282">
        <ele>539.0</ele>
      </trkpt>
      <trkpt lat="30.54515" lon="-99.22288">
        <ele>539.0</ele>
      </trkpt>
      <trkpt lat="30.54508" lon="-99.22298">
        <ele>539.0</ele>
      </trkpt>
      <trkpt lat="30.54487" lon="-99.22328">
        <ele>539.1</ele>
      </trkpt>
      <trkpt lat="30.54485" lon="-99.22331">
        <ele>539.1</ele>
      </trkpt>
      <trkpt lat="30.54474" lon="-99.22347">
        <ele>539.2</ele>
      </trkpt>
      <trkpt lat="30.54461" lon="-99.22364">
        <ele>539.5</ele>
      </trkpt>
      <trkpt lat="30.54433" lon="-99.22405">
        <ele>540.4</ele>
      </trkpt>
      <trkpt lat="30.54418" lon="-99.22428">
        <ele>541.0</ele>
      </trkpt>
      <trkpt lat="30.54408" lon="-99.22443">
        <ele>541.3</ele>
      </trkpt>
      <trkpt lat="30.54407" lon="-99.22445">
        <ele>541.3</ele>
      </trkpt>
      <trkpt lat="30.5439" lon="-99.2247">
        <ele>543.1</ele>
      </trkpt>
      <trkpt lat="30.54384" lon="-99.22477">
        <ele>544.3</ele>
      </trkpt>
      <trkpt lat="30.54372" lon="-99.22494">
        <ele>545.2</ele>
      </trkpt>
      <trkpt lat="30.5435" lon="-99.22519">
        <ele>543.3</ele>
      </trkpt>
      <trkpt lat="30.54347" lon="-99.22522">
        <ele>542.9</ele>
      </trkpt>
      <trkpt lat="30.54331" lon="-99.22537">
        <ele>542.2</ele>
      </trkpt>
      <trkpt lat="30.54303" lon="-99.22562">
        <ele>541.7</ele>
      </trkpt>
      <trkpt lat="30.54277" lon="-99.22584">
        <ele>541.6</ele>
      </trkpt>
      <trkpt lat="30.54248" lon="-99.226">
        <ele>541.7</ele>
      </trkpt>
      <trkpt lat="30.54195" lon="-99.22626">
        <ele>541.5</ele>
      </trkpt>
      <trkpt lat="30.54128" lon="-99.22658">
        <ele>541.6</ele>
      </trkpt>
      <trkpt lat="30.54115" lon="-99.22665">
        <ele>541.4</ele>
      </trkpt>
      <trkpt lat="30.54112" lon="-99.22666">
        <ele>541.4</ele>
      </trkpt>
      <trkpt lat="30.54095" lon="-99.22675">
        <ele>541.0</ele>
      </trkpt>
      <trkpt lat="30.54078" lon="-99.22683">
        <ele>540.4</ele>
      </trkpt>
      <trkpt lat="30.54016" lon="-99.22711">
        <ele>538.4</ele>
      </trkpt>
      <trkpt lat="30.53962" lon="-99.22738">
        <ele>536.2</ele>
      </trkpt>
      <trkpt lat="30.53946" lon="-99.22746">
        <ele>535.6</ele>
      </trkpt>
      <trkpt lat="30.53935" lon="-99.22751">
        <ele>535.2</ele>
      </trkpt>
      <trkpt lat="30.53912" lon="-99.22761">
        <ele>534.4</ele>
      </trkpt>
      <trkpt lat="30.53895" lon="-99.22769">
        <ele>533.8</ele>
      </trkpt>
      <trkpt lat="30.53865" lon="-99.22782">
        <ele>532.9</ele>
      </trkpt>
      <trkpt lat="30.53828" lon="-99.22799">
        <ele>532.3</ele>
      </trkpt>
      <trkpt lat="30.53811" lon="-99.22807">
        <ele>532.1</ele>
      </trkpt>
      <trkpt lat="30.53795" lon="-99.22815">
        <ele>531.8</ele>
      </trkpt>
      <trkpt lat="30.53778" lon="-99.22825">
        <ele>531.3</ele>
      </trkpt>
      <trkpt lat="30.5375" lon="-99.22842">
        <ele>529.7</ele>
      </trkpt>
      <trkpt lat="30.53747" lon="-99.22844">
        <ele>529.1</ele>
      </trkpt>
      <trkpt lat="30.53733" lon="-99.22855">
        <ele>529.5</ele>
      </trkpt>
      <trkpt lat="30.53724" lon="-99.22862">
        <ele>531.0</ele>
      </trkpt>
      <trkpt lat="30.53717" lon="-99.2287">
        <ele>531.7</ele>
      </trkpt>
      <trkpt lat="30.53714" lon="-99.22874">
        <ele>532.0</ele>
      </trkpt>
      <trkpt lat="30.5371" lon="-99.2288">
        <ele>532.4</ele>
      </trkpt>
      <trkpt lat="30.53701" lon="-99.22893">
        <ele>533.2</ele>
      </trkpt>
      <trkpt lat="30.53687" lon="-99.22916">
        <ele>534.5</ele>
      </trkpt>
      <trkpt lat="30.53672" lon="-99.22941">
        <ele>535.6</ele>
      </trkpt>
      <trkpt lat="30.53671" lon="-99.22941">
        <ele>535.6</ele>
      </trkpt>
      <trkpt lat="30.53649" lon="-99.22974">
        <ele>537.0</ele>
      </trkpt>
      <trkpt lat="30.53631" lon="-99.22999">
        <ele>536.6</ele>
      </trkpt>
      <trkpt lat="30.53615" lon="-99.23022">
        <ele>535.2</ele>
      </trkpt>
      <trkpt lat="30.5361" lon="-99.2303">
        <ele>534.7</ele>
      </trkpt>
      <trkpt lat="30.53604" lon="-99.23038">
        <ele>534.1</ele>
      </trkpt>
      <trkpt lat="30.53592" lon="-99.23054">
        <ele>532.9</ele>
      </trkpt>
      <trkpt lat="30.5357" lon="-99.23085">
        <ele>530.6</ele>
      </trkpt>
      <trkpt lat="30.53547" lon="-99.23119">
        <ele>529.9</ele>
      </trkpt>
      <trkpt lat="30.53541" lon="-99.23128">
        <ele>529.9</ele>
      </trkpt>
      <trkpt lat="30.53537" lon="-99.23136">
        <ele>529.8</ele>
      </trkpt>
      <trkpt lat="30.53523" lon="-99.23162">
        <ele>529.8</ele>
      </trkpt>
      <trkpt lat="30.53513" lon="-99.23186">
        <ele>530.4</ele>
      </trkpt>
      <trkpt lat="30.53502" lon="-99.2322">
        <ele>531.4</ele>
      </trkpt>
      <trkpt lat="30.535" lon="-99.2324">
        <ele>531.6</ele>
      </trkpt>
      <trkpt lat="30.53497" lon="-99.23259">
        <ele>532.4</ele>
      </trkpt>
      <trkpt lat="30.5349" lon="-99.23304">
        <ele>534.6</ele>
      </trkpt>
      <trkpt lat="30.53486" lon="-99.23329">
        <ele>535.4</ele>
      </trkpt>
      <trkpt lat="30.53485" lon="-99.23343">
        <ele>535.6</ele>
      </trkpt>
      <trkpt lat="30.53483" lon="-99.23364">
        <ele>536.0</ele>
      </trkpt>
      <trkpt lat="30.53483" lon="-99.23365">
        <ele>536.1</ele>
      </trkpt>
      <trkpt lat="30.53484" lon="-99.234">
        <ele>537.6</ele>
      </trkpt>
      <trkpt lat="30.53486" lon="-99.23421">
        <ele>538.7</ele>
      </trkpt>
      <trkpt lat="30.53487" lon="-99.23453">
        <ele>541.3</ele>
      </trkpt>
      <trkpt lat="30.53487" lon="-99.23468">
        <ele>542.2</ele>
      </trkpt>
      <trkpt lat="30.53487" lon="-99.23473">
        <ele>542.5</ele>
      </trkpt>
      <trkpt lat="30.53485" lon="-99.2349">
        <ele>542.8</ele>
      </trkpt>
      <trkpt lat="30.53484" lon="-99.23492">
        <ele>542.8</ele>
      </trkpt>
      <trkpt lat="30.53481" lon="-99.23515">
        <ele>543.0</ele>
      </trkpt>
      <trkpt lat="30.53475" lon="-99.23538">
        <ele>543.0</ele>
      </trkpt>
      <trkpt lat="30.53474" lon="-99.23546">
        <ele>543.0</ele>
      </trkpt>
      <trkpt lat="30.53471" lon="-99.23558">
        <ele>542.8</ele>
      </trkpt>
      <trkpt lat="30.53471" lon="-99.23561">
        <ele>542.8</ele>
      </trkpt>
      <trkpt lat="30.53466" lon="-99.23587">
        <ele>542.5</ele>
      </trkpt>
      <trkpt lat="30.53459" lon="-99.23617">
        <ele>542.1</ele>
      </trkpt>
      <trkpt lat="30.5345" lon="-99.23659">
        <ele>541.9</ele>
      </trkpt>
      <trkpt lat="30.53449" lon="-99.23662">
        <ele>541.9</ele>
      </trkpt>
      <trkpt lat="30.5344" lon="-99.237">
        <ele>541.9</ele>
      </trkpt>
      <trkpt lat="30.53439" lon="-99.23707">
        <ele>542.0</ele>
      </trkpt>
      <trkpt lat="30.53432" lon="-99.23734">
        <ele>542.2</ele>
      </trkpt>
      <trkpt lat="30.53431" lon="-99.23739">
        <ele>542.2</ele>
      </trkpt>
      <trkpt lat="30.5343" lon="-99.23743">
        <ele>542.2</ele>
      </trkpt>
      <trkpt lat="30.53419" lon="-99.23793">
        <ele>542.6</ele>
      </trkpt>
      <trkpt lat="30.53417" lon="-99.23801">
        <ele>542.7</ele>
      </trkpt>
      <trkpt lat="30.53405" lon="-99.23849">
        <ele>543.2</ele>
      </trkpt>
      <trkpt lat="30.53401" lon="-99.2386">
        <ele>543.3</ele>
      </trkpt>
      <trkpt lat="30.53395" lon="-99.23877">
        <ele>543.4</ele>
      </trkpt>
      <trkpt lat="30.53382" lon="-99.23908">
        <ele>543.4</ele>
      </trkpt>
      <trkpt lat="30.53368" lon="-99.23938">
        <ele>543.4</ele>
      </trkpt>
      <trkpt lat="30.53354" lon="-99.23962">
        <ele>543.3</ele>
      </trkpt>
      <trkpt lat="30.53351" lon="-99.23965">
        <ele>543.3</ele>
      </trkpt>
      <trkpt lat="30.53318" lon="-99.24019">
        <ele>543.3</ele>
      </trkpt>
      <trkpt lat="30.53286" lon="-99.2407">
        <ele>543.0</ele>
      </trkpt>
      <trkpt lat="30.53273" lon="-99.24092">
        <ele>542.7</ele>
      </trkpt>
      <trkpt lat="30.53261" lon="-99.24112">
        <ele>542.6</ele>
      </trkpt>
      <trkpt lat="30.53255" lon="-99.24121">
        <ele>542.6</ele>
      </trkpt>
      <trkpt lat="30.53245" lon="-99.24139">
        <ele>542.7</ele>
      </trkpt>
      <trkpt lat="30.53229" lon="-99.24166">
        <ele>543.9</ele>
      </trkpt>
      <trkpt lat="30.5321" lon="-99.242">
        <ele>545.8</ele>
      </trkpt>
      <trkpt lat="30.53195" lon="-99.24225">
        <ele>547.1</ele>
      </trkpt>
      <trkpt lat="30.53184" lon="-99.24245">
        <ele>547.8</ele>
      </trkpt>
      <trkpt lat="30.53136" lon="-99.24322">
        <ele>548.5</ele>
      </trkpt>
      <trkpt lat="30.53133" lon="-99.24328">
        <ele>548.7</ele>
      </trkpt>
      <trkpt lat="30.53111" lon="-99.24363">
        <ele>549.4</ele>
      </trkpt>
      <trkpt lat="30.53091" lon="-99.24396">
        <ele>549.6</ele>
      </trkpt>
      <trkpt lat="30.53062" lon="-99.24444">
        <ele>549.5</ele>
      </trkpt>
      <trkpt lat="30.5306" lon="-99.24447">
        <ele>549.5</ele>
      </trkpt>
      <trkpt lat="30.5305" lon="-99.24464">
        <ele>549.3</ele>
      </trkpt>
      <trkpt lat="30.5303" lon="-99.24498">
        <ele>549.3</ele>
      </trkpt>
      <trkpt lat="30.53008" lon="-99.24532">
        <ele>549.8</ele>
      </trkpt>
      <trkpt lat="30.53006" lon="-99.24534">
        <ele>549.9</ele>
      </trkpt>
      <trkpt lat="30.52998" lon="-99.24549">
        <ele>550.0</ele>
      </trkpt>
      <trkpt lat="30.52991" lon="-99.24561">
        <ele>550.0</ele>
      </trkpt>
      <trkpt lat="30.52945" lon="-99.24638">
        <ele>549.9</ele>
      </trkpt>
      <trkpt lat="30.52936" lon="-99.24652">
        <ele>550.2</ele>
      </trkpt>
      <trkpt lat="30.529" lon="-99.2471">
        <ele>552.4</ele>
      </trkpt>
      <trkpt lat="30.52884" lon="-99.24737">
        <ele>553.3</ele>
      </trkpt>
      <trkpt lat="30.52871" lon="-99.24757">
        <ele>553.9</ele>
      </trkpt>
      <trkpt lat="30.52843" lon="-99.24805">
        <ele>554.9</ele>
      </trkpt>
      <trkpt lat="30.52838" lon="-99.24813">
        <ele>555.1</ele>
      </trkpt>
      <trkpt lat="30.52834" lon="-99.24822">
        <ele>555.3</ele>
      </trkpt>
      <trkpt lat="30.52831" lon="-99.24826">
        <ele>555.4</ele>
      </trkpt>
      <trkpt lat="30.52828" lon="-99.24832">
        <ele>555.5</ele>
      </trkpt>
      <trkpt lat="30.52827" lon="-99.24837">
        <ele>555.6</ele>
      </trkpt>
      <trkpt lat="30.52826" lon="-99.24841">
        <ele>555.7</ele>
      </trkpt>
      <trkpt lat="30.52824" lon="-99.24849">
        <ele>555.8</ele>
      </trkpt>
      <trkpt lat="30.52824" lon="-99.24863">
        <ele>556.0</ele>
      </trkpt>
      <trkpt lat="30.52824" lon="-99.24922">
        <ele>556.8</ele>
      </trkpt>
      <trkpt lat="30.52824" lon="-99.24988">
        <ele>557.7</ele>
      </trkpt>
      <trkpt lat="30.52825" lon="-99.25053">
        <ele>559.9</ele>
      </trkpt>
      <trkpt lat="30.52824" lon="-99.25119">
        <ele>561.8</ele>
      </trkpt>
      <trkpt lat="30.52824" lon="-99.25134">
        <ele>562.1</ele>
      </trkpt>
      <trkpt lat="30.52824" lon="-99.25155">
        <ele>562.5</ele>
      </trkpt>
      <trkpt lat="30.52824" lon="-99.25176">
        <ele>562.8</ele>
      </trkpt>
      <trkpt lat="30.52824" lon="-99.25187">
        <ele>562.9</ele>
      </trkpt>
      <trkpt lat="30.52824" lon="-99.25222">
        <ele>562.9</ele>
      </trkpt>
      <trkpt lat="30.52825" lon="-99.25301">
        <ele>562.6</ele>
      </trkpt>
      <trkpt lat="30.52825" lon="-99.25321">
        <ele>562.8</ele>
      </trkpt>
      <trkpt lat="30.52825" lon="-99.25322">
        <ele>562.8</ele>
      </trkpt>
      <trkpt lat="30.52825" lon="-99.25343">
        <ele>563.0</ele>
      </trkpt>
      <trkpt lat="30.52824" lon="-99.25362">
        <ele>563.3</ele>
      </trkpt>
      <trkpt lat="30.52822" lon="-99.25401">
        <ele>564.1</ele>
      </trkpt>
      <trkpt lat="30.52818" lon="-99.25435">
        <ele>564.8</ele>
      </trkpt>
      <trkpt lat="30.52818" lon="-99.2544">
        <ele>564.9</ele>
      </trkpt>
      <trkpt lat="30.52816" lon="-99.25468">
        <ele>565.4</ele>
      </trkpt>
      <trkpt lat="30.52813" lon="-99.25486">
        <ele>565.8</ele>
      </trkpt>
      <trkpt lat="30.52812" lon="-99.25508">
        <ele>566.1</ele>
      </trkpt>
      <trkpt lat="30.52813" lon="-99.25541">
        <ele>566.7</ele>
      </trkpt>
      <trkpt lat="30.52815" lon="-99.2558">
        <ele>567.4</ele>
      </trkpt>
      <trkpt lat="30.52815" lon="-99.25584">
        <ele>567.4</ele>
      </trkpt>
      <trkpt lat="30.52815" lon="-99.25605">
        <ele>567.8</ele>
      </trkpt>
      <trkpt lat="30.52816" lon="-99.25626">
        <ele>568.0</ele>
      </trkpt>
      <trkpt lat="30.52817" lon="-99.25647">
        <ele>567.8</ele>
      </trkpt>
      <trkpt lat="30.52817" lon="-99.25658">
        <ele>567.7</ele>
      </trkpt>
      <trkpt lat="30.52817" lon="-99.25668">
        <ele>567.4</ele>
      </trkpt>
      <trkpt lat="30.52818" lon="-99.25688">
        <ele>566.8</ele>
      </trkpt>
      <trkpt lat="30.52818" lon="-99.25712">
        <ele>566.5</ele>
      </trkpt>
      <trkpt lat="30.5282" lon="-99.25747">
        <ele>566.1</ele>
      </trkpt>
      <trkpt lat="30.52821" lon="-99.25782">
        <ele>565.0</ele>
      </trkpt>
      <trkpt lat="30.52821" lon="-99.25814">
        <ele>564.1</ele>
      </trkpt>
      <trkpt lat="30.52821" lon="-99.25818">
        <ele>564.0</ele>
      </trkpt>
      <trkpt lat="30.5282" lon="-99.25834">
        <ele>563.5</ele>
      </trkpt>
      <trkpt lat="30.52818" lon="-99.25876">
        <ele>562.2</ele>
      </trkpt>
      <trkpt lat="30.52816" lon="-99.25897">
        <ele>562.0</ele>
      </trkpt>
      <trkpt lat="30.52815" lon="-99.25918">
        <ele>562.3</ele>
      </trkpt>
      <trkpt lat="30.52815" lon="-99.25926">
        <ele>562.4</ele>
      </trkpt>
      <trkpt lat="30.52812" lon="-99.25955">
        <ele>563.0</ele>
      </trkpt>
      <trkpt lat="30.52812" lon="-99.25959">
        <ele>563.1</ele>
      </trkpt>
      <trkpt lat="30.5281" lon="-99.2598">
        <ele>563.7</ele>
      </trkpt>
      <trkpt lat="30.52809" lon="-99.25986">
        <ele>563.9</ele>
      </trkpt>
      <trkpt lat="30.52804" lon="-99.26063">
        <ele>565.3</ele>
      </trkpt>
      <trkpt lat="30.52803" lon="-99.26084">
        <ele>565.4</ele>
      </trkpt>
      <trkpt lat="30.528" lon="-99.2611">
        <ele>565.3</ele>
      </trkpt>
      <trkpt lat="30.52796" lon="-99.26167">
        <ele>565.0</ele>
      </trkpt>
      <trkpt lat="30.52795" lon="-99.26187">
        <ele>565.0</ele>
      </trkpt>
      <trkpt lat="30.52794" lon="-99.26209">
        <ele>565.2</ele>
      </trkpt>
      <trkpt lat="30.52793" lon="-99.26228">
        <ele>565.4</ele>
      </trkpt>
      <trkpt lat="30.52791" lon="-99.26251">
        <ele>565.7</ele>
      </trkpt>
      <trkpt lat="30.5279" lon="-99.26264">
        <ele>565.8</ele>
      </trkpt>
      <trkpt lat="30.52789" lon="-99.26271">
        <ele>565.8</ele>
      </trkpt>
      <trkpt lat="30.52788" lon="-99.26287">
        <ele>565.8</ele>
      </trkpt>
      <trkpt lat="30.52788" lon="-99.26292">
        <ele>565.8</ele>
      </trkpt>
      <trkpt lat="30.52787" lon="-99.26305">
        <ele>565.7</ele>
      </trkpt>
      <trkpt lat="30.52783" lon="-99.26334">
        <ele>565.2</ele>
      </trkpt>
      <trkpt lat="30.52782" lon="-99.26342">
        <ele>565.0</ele>
      </trkpt>
      <trkpt lat="30.52782" lon="-99.26344">
        <ele>564.9</ele>
      </trkpt>
      <trkpt lat="30.5278" lon="-99.26357">
        <ele>564.6</ele>
      </trkpt>
      <trkpt lat="30.52778" lon="-99.26378">
        <ele>564.1</ele>
      </trkpt>
      <trkpt lat="30.52774" lon="-99.26413">
        <ele>562.6</ele>
      </trkpt>
      <trkpt lat="30.5277" lon="-99.26431">
        <ele>561.6</ele>
      </trkpt>
      <trkpt lat="30.52766" lon="-99.2646">
        <ele>560.2</ele>
      </trkpt>
      <trkpt lat="30.52759" lon="-99.26505">
        <ele>558.1</ele>
      </trkpt>
      <trkpt lat="30.52757" lon="-99.26522">
        <ele>557.4</ele>
      </trkpt>
      <trkpt lat="30.52753" lon="-99.26542">
        <ele>556.4</ele>
      </trkpt>
      <trkpt lat="30.52738" lon="-99.26645">
        <ele>553.1</ele>
      </trkpt>
      <trkpt lat="30.52737" lon="-99.26651">
        <ele>553.0</ele>
      </trkpt>
      <trkpt lat="30.52735" lon="-99.26666">
        <ele>552.6</ele>
      </trkpt>
      <trkpt lat="30.52727" lon="-99.26711">
        <ele>551.2</ele>
      </trkpt>
      <trkpt lat="30.52717" lon="-99.26789">
        <ele>548.8</ele>
      </trkpt>
      <trkpt lat="30.52712" lon="-99.2682">
        <ele>548.2</ele>
      </trkpt>
      <trkpt lat="30.52708" lon="-99.26851">
        <ele>547.5</ele>
      </trkpt>
      <trkpt lat="30.52704" lon="-99.26872">
        <ele>547.1</ele>
      </trkpt>
      <trkpt lat="30.52698" lon="-99.26915">
        <ele>546.0</ele>
      </trkpt>
      <trkpt lat="30.52688" lon="-99.26974">
        <ele>544.6</ele>
      </trkpt>
      <trkpt lat="30.52674" lon="-99.27066">
        <ele>543.9</ele>
      </trkpt>
      <trkpt lat="30.52655" lon="-99.27199">
        <ele>543.3</ele>
      </trkpt>
      <trkpt lat="30.52653" lon="-99.27209">
        <ele>543.2</ele>
      </trkpt>
      <trkpt lat="30.52653" lon="-99.2721">
        <ele>543.2</ele>
      </trkpt>
      <trkpt lat="30.5265" lon="-99.2723">
        <ele>543.0</ele>
      </trkpt>
      <trkpt lat="30.52646" lon="-99.2725">
        <ele>542.9</ele>
      </trkpt>
      <trkpt lat="30.52644" lon="-99.27264">
        <ele>543.1</ele>
      </trkpt>
      <trkpt lat="30.52634" lon="-99.2733">
        <ele>543.6</ele>
      </trkpt>
      <trkpt lat="30.52631" lon="-99.27353">
        <ele>543.7</ele>
      </trkpt>
      <trkpt lat="30.52628" lon="-99.27374">
        <ele>543.6</ele>
      </trkpt>
      <trkpt lat="30.52625" lon="-99.27396">
        <ele>543.4</ele>
      </trkpt>
      <trkpt lat="30.52619" lon="-99.27436">
        <ele>542.9</ele>
      </trkpt>
      <trkpt lat="30.5261" lon="-99.27497">
        <ele>541.9</ele>
      </trkpt>
      <trkpt lat="30.52608" lon="-99.27511">
        <ele>541.8</ele>
      </trkpt>
      <trkpt lat="30.52607" lon="-99.27518">
        <ele>541.8</ele>
      </trkpt>
      <trkpt lat="30.52603" lon="-99.27538">
        <ele>541.8</ele>
      </trkpt>
      <trkpt lat="30.52602" lon="-99.27544">
        <ele>541.9</ele>
      </trkpt>
      <trkpt lat="30.526" lon="-99.27559">
        <ele>542.1</ele>
      </trkpt>
      <trkpt lat="30.52587" lon="-99.27642">
        <ele>543.7</ele>
      </trkpt>
      <trkpt lat="30.52584" lon="-99.27662">
        <ele>544.0</ele>
      </trkpt>
      <trkpt lat="30.52575" lon="-99.27724">
        <ele>543.9</ele>
      </trkpt>
      <trkpt lat="30.52572" lon="-99.27744">
        <ele>543.8</ele>
      </trkpt>
      <trkpt lat="30.52566" lon="-99.27781">
        <ele>543.6</ele>
      </trkpt>
      <trkpt lat="30.52563" lon="-99.27806">
        <ele>543.4</ele>
      </trkpt>
      <trkpt lat="30.5256" lon="-99.27826">
        <ele>543.2</ele>
      </trkpt>
      <trkpt lat="30.5256" lon="-99.27827">
        <ele>543.2</ele>
      </trkpt>
      <trkpt lat="30.52557" lon="-99.27847">
        <ele>542.8</ele>
      </trkpt>
      <trkpt lat="30.52557" lon="-99.2785">
        <ele>542.8</ele>
      </trkpt>
      <trkpt lat="30.52546" lon="-99.27918">
        <ele>541.6</ele>
      </trkpt>
      <trkpt lat="30.52544" lon="-99.27929">
        <ele>541.5</ele>
      </trkpt>
      <trkpt lat="30.52541" lon="-99.2795">
        <ele>541.4</ele>
      </trkpt>
      <trkpt lat="30.52534" lon="-99.27991">
        <ele>541.4</ele>
      </trkpt>
      <trkpt lat="30.52528" lon="-99.28032">
        <ele>541.7</ele>
      </trkpt>
      <trkpt lat="30.52519" lon="-99.28089">
        <ele>542.4</ele>
      </trkpt>
      <trkpt lat="30.52513" lon="-99.28135">
        <ele>543.0</ele>
      </trkpt>
      <trkpt lat="30.52513" lon="-99.28136">
        <ele>543.0</ele>
      </trkpt>
      <trkpt lat="30.52509" lon="-99.28159">
        <ele>543.1</ele>
      </trkpt>
      <trkpt lat="30.52504" lon="-99.28184">
        <ele>543.2</ele>
      </trkpt>
      <trkpt lat="30.52499" lon="-99.28199">
        <ele>543.2</ele>
      </trkpt>
      <trkpt lat="30.52497" lon="-99.28205">
        <ele>543.2</ele>
      </trkpt>
      <trkpt lat="30.52487" lon="-99.28224">
        <ele>543.1</ele>
      </trkpt>
      <trkpt lat="30.52472" lon="-99.28243">
        <ele>542.7</ele>
      </trkpt>
      <trkpt lat="30.52433" lon="-99.28289">
        <ele>541.2</ele>
      </trkpt>
      <trkpt lat="30.52414" lon="-99.28311">
        <ele>540.5</ele>
      </trkpt>
      <trkpt lat="30.52389" lon="-99.28341">
        <ele>539.4</ele>
      </trkpt>
      <trkpt lat="30.52371" lon="-99.28362">
        <ele>538.6</ele>
      </trkpt>
      <trkpt lat="30.52364" lon="-99.28371">
        <ele>538.2</ele>
      </trkpt>
      <trkpt lat="30.52355" lon="-99.2838">
        <ele>537.8</ele>
      </trkpt>
      <trkpt lat="30.52313" lon="-99.2843">
        <ele>535.7</ele>
      </trkpt>
      <trkpt lat="30.52301" lon="-99.28445">
        <ele>534.9</ele>
      </trkpt>
      <trkpt lat="30.52286" lon="-99.28462">
        <ele>533.9</ele>
      </trkpt>
      <trkpt lat="30.52275" lon="-99.28475">
        <ele>533.0</ele>
      </trkpt>
      <trkpt lat="30.52245" lon="-99.28511">
        <ele>531.2</ele>
      </trkpt>
      <trkpt lat="30.52238" lon="-99.28519">
        <ele>530.7</ele>
      </trkpt>
      <trkpt lat="30.52225" lon="-99.28534">
        <ele>529.8</ele>
      </trkpt>
      <trkpt lat="30.52213" lon="-99.28549">
        <ele>529.0</ele>
      </trkpt>
      <trkpt lat="30.52199" lon="-99.28566">
        <ele>527.9</ele>
      </trkpt>
      <trkpt lat="30.52186" lon="-99.2858">
        <ele>526.6</ele>
      </trkpt>
      <trkpt lat="30.52163" lon="-99.28607">
        <ele>524.4</ele>
      </trkpt>
      <trkpt lat="30.52144" lon="-99.28629">
        <ele>523.3</ele>
      </trkpt>
      <trkpt lat="30.52135" lon="-99.28639">
        <ele>522.9</ele>
      </trkpt>
      <trkpt lat="30.52127" lon="-99.28648">
        <ele>522.4</ele>
      </trkpt>
      <trkpt lat="30.52102" lon="-99.28675">
        <ele>521.0</ele>
      </trkpt>
      <trkpt lat="30.52096" lon="-99.28682">
        <ele>520.6</ele>
      </trkpt>
      <trkpt lat="30.52084" lon="-99.28696">
        <ele>519.9</ele>
      </trkpt>
      <trkpt lat="30.52076" lon="-99.28709">
        <ele>519.4</ele>
      </trkpt>
      <trkpt lat="30.52073" lon="-99.28715">
        <ele>519.2</ele>
      </trkpt>
      <trkpt lat="30.52071" lon="-99.28719">
        <ele>519.1</ele>
      </trkpt>
      <trkpt lat="30.52068" lon="-99.28729">
        <ele>518.7</ele>
      </trkpt>
      <trkpt lat="30.52067" lon="-99.28734">
        <ele>518.6</ele>
      </trkpt>
      <trkpt lat="30.52066" lon="-99.28739">
        <ele>518.4</ele>
      </trkpt>
      <trkpt lat="30.52065" lon="-99.28755">
        <ele>517.7</ele>
      </trkpt>
      <trkpt lat="30.52064" lon="-99.28778">
        <ele>517.6</ele>
      </trkpt>
      <trkpt lat="30.52062" lon="-99.2879">
        <ele>518.3</ele>
      </trkpt>
      <trkpt lat="30.52061" lon="-99.28801">
        <ele>518.9</ele>
      </trkpt>
      <trkpt lat="30.5206" lon="-99.28818">
        <ele>519.6</ele>
      </trkpt>
      <trkpt lat="30.52061" lon="-99.28828">
        <ele>519.9</ele>
      </trkpt>
      <trkpt lat="30.52063" lon="-99.2884">
        <ele>520.4</ele>
      </trkpt>
      <trkpt lat="30.52066" lon="-99.28851">
        <ele>520.5</ele>
      </trkpt>
      <trkpt lat="30.52069" lon="-99.28861">
        <ele>520.6</ele>
      </trkpt>
      <trkpt lat="30.52074" lon="-99.28882">
        <ele>520.7</ele>
      </trkpt>
      <trkpt lat="30.52076" lon="-99.28896">
        <ele>520.9</ele>
      </trkpt>
      <trkpt lat="30.52077" lon="-99.28906">
        <ele>520.7</ele>
      </trkpt>
      <trkpt lat="30.52077" lon="-99.28912">
        <ele>520.6</ele>
      </trkpt>
      <trkpt lat="30.52075" lon="-99.2892">
        <ele>520.4</ele>
      </trkpt>
      <trkpt lat="30.52071" lon="-99.28928">
        <ele>520.3</ele>
      </trkpt>
      <trkpt lat="30.52066" lon="-99.28942">
        <ele>519.6</ele>
      </trkpt>
      <trkpt lat="30.52052" lon="-99.2897">
        <ele>519.2</ele>
      </trkpt>
      <trkpt lat="30.52045" lon="-99.28986">
        <ele>519.7</ele>
      </trkpt>
      <trkpt lat="30.5204" lon="-99.28998">
        <ele>520.0</ele>
      </trkpt>
      <trkpt lat="30.52037" lon="-99.29004">
        <ele>520.1</ele>
      </trkpt>
      <trkpt lat="30.52032" lon="-99.29014">
        <ele>520.5</ele>
      </trkpt>
      <trkpt lat="30.52023" lon="-99.29027">
        <ele>521.0</ele>
      </trkpt>
      <trkpt lat="30.52015" lon="-99.29037">
        <ele>521.5</ele>
      </trkpt>
      <trkpt lat="30.52005" lon="-99.29046">
        <ele>521.9</ele>
      </trkpt>
      <trkpt lat="30.51996" lon="-99.29055">
        <ele>522.4</ele>
      </trkpt>
      <trkpt lat="30.51983" lon="-99.29064">
        <ele>522.5</ele>
      </trkpt>
      <trkpt lat="30.51954" lon="-99.29081">
        <ele>523.0</ele>
      </trkpt>
      <trkpt lat="30.51938" lon="-99.2909">
        <ele>523.1</ele>
      </trkpt>
      <trkpt lat="30.5192" lon="-99.29101">
        <ele>523.1</ele>
      </trkpt>
      <trkpt lat="30.51906" lon="-99.29109">
        <ele>523.1</ele>
      </trkpt>
      <trkpt lat="30.51891" lon="-99.29118">
        <ele>523.1</ele>
      </trkpt>
      <trkpt lat="30.5189" lon="-99.29119">
        <ele>523.1</ele>
      </trkpt>
      <trkpt lat="30.51853" lon="-99.29141">
        <ele>523.1</ele>
      </trkpt>
      <trkpt lat="30.51827" lon="-99.29158">
        <ele>523.1</ele>
      </trkpt>
      <trkpt lat="30.51825" lon="-99.29159">
        <ele>523.0</ele>
      </trkpt>
      <trkpt lat="30.51818" lon="-99.29166">
        <ele>523.1</ele>
      </trkpt>
      <trkpt lat="30.51814" lon="-99.29173">
        <ele>523.1</ele>
      </trkpt>
      <trkpt lat="30.51811" lon="-99.29183">
        <ele>523.3</ele>
      </trkpt>
      <trkpt lat="30.5181" lon="-99.29193">
        <ele>523.4</ele>
      </trkpt>
      <trkpt lat="30.51807" lon="-99.29208">
        <ele>523.4</ele>
      </trkpt>
      <trkpt lat="30.51804" lon="-99.29217">
        <ele>523.6</ele>
      </trkpt>
      <trkpt lat="30.51802" lon="-99.29221">
        <ele>523.8</ele>
      </trkpt>
      <trkpt lat="30.51801" lon="-99.29223">
        <ele>523.9</ele>
      </trkpt>
      <trkpt lat="30.51797" lon="-99.29228">
        <ele>524.2</ele>
      </trkpt>
      <trkpt lat="30.51791" lon="-99.29235">
        <ele>524.8</ele>
      </trkpt>
      <trkpt lat="30.5179" lon="-99.29236">
        <ele>524.9</ele>
      </trkpt>
      <trkpt lat="30.51785" lon="-99.29241">
        <ele>525.4</ele>
      </trkpt>
      <trkpt lat="30.51777" lon="-99.29248">
        <ele>526.2</ele>
      </trkpt>
      <trkpt lat="30.51753" lon="-99.29268">
        <ele>529.1</ele>
      </trkpt>
      <trkpt lat="30.51733" lon="-99.29286">
        <ele>531.2</ele>
      </trkpt>
      <trkpt lat="30.51731" lon="-99.29287">
        <ele>531.3</ele>
      </trkpt>
      <trkpt lat="30.51724" lon="-99.29294">
        <ele>531.7</ele>
      </trkpt>
      <trkpt lat="30.51719" lon="-99.29299">
        <ele>532.0</ele>
      </trkpt>
      <trkpt lat="30.51691" lon="-99.29325">
        <ele>533.5</ele>
      </trkpt>
      <trkpt lat="30.51682" lon="-99.29333">
        <ele>534.0</ele>
      </trkpt>
      <trkpt lat="30.51676" lon="-99.29338">
        <ele>534.4</ele>
      </trkpt>
      <trkpt lat="30.51655" lon="-99.29357">
        <ele>535.4</ele>
      </trkpt>
      <trkpt lat="30.51627" lon="-99.29386">
        <ele>535.5</ele>
      </trkpt>
      <trkpt lat="30.51623" lon="-99.2939">
        <ele>535.5</ele>
      </trkpt>
      <trkpt lat="30.516" lon="-99.29411">
        <ele>535.6</ele>
      </trkpt>
      <trkpt lat="30.51593" lon="-99.29418">
        <ele>535.6</ele>
      </trkpt>
      <trkpt lat="30.51579" lon="-99.29431">
        <ele>535.7</ele>
      </trkpt>
      <trkpt lat="30.51512" lon="-99.29488">
        <ele>537.2</ele>
      </trkpt>
      <trkpt lat="30.51478" lon="-99.29518">
        <ele>537.4</ele>
      </trkpt>
      <trkpt lat="30.51445" lon="-99.29547">
        <ele>537.8</ele>
      </trkpt>
      <trkpt lat="30.51435" lon="-99.29556">
        <ele>537.9</ele>
      </trkpt>
      <trkpt lat="30.51392" lon="-99.29594">
        <ele>538.0</ele>
      </trkpt>
      <trkpt lat="30.51389" lon="-99.29597">
        <ele>538.0</ele>
      </trkpt>
      <trkpt lat="30.51348" lon="-99.29635">
        <ele>538.3</ele>
      </trkpt>
      <trkpt lat="30.51327" lon="-99.29653">
        <ele>538.4</ele>
      </trkpt>
      <trkpt lat="30.51321" lon="-99.29659">
        <ele>538.5</ele>
      </trkpt>
      <trkpt lat="30.51308" lon="-99.29672">
        <ele>538.5</ele>
      </trkpt>
      <trkpt lat="30.51272" lon="-99.29704">
        <ele>538.6</ele>
      </trkpt>
      <trkpt lat="30.51214" lon="-99.29756">
        <ele>538.7</ele>
      </trkpt>
      <trkpt lat="30.51203" lon="-99.29766">
        <ele>538.7</ele>
      </trkpt>
      <trkpt lat="30.51171" lon="-99.29795">
        <ele>538.7</ele>
      </trkpt>
      <trkpt lat="30.51142" lon="-99.29822">
        <ele>538.5</ele>
      </trkpt>
      <trkpt lat="30.5113" lon="-99.29836">
        <ele>538.4</ele>
      </trkpt>
      <trkpt lat="30.5112" lon="-99.29853">
        <ele>538.4</ele>
      </trkpt>
      <trkpt lat="30.5112" lon="-99.29853">
        <ele>538.4</ele>
      </trkpt>
      <trkpt lat="30.51114" lon="-99.29903">
        <ele>538.9</ele>
      </trkpt>
      <trkpt lat="30.51113" lon="-99.29938">
        <ele>539.3</ele>
      </trkpt>
      <trkpt lat="30.51118" lon="-99.30312">
        <ele>543.7</ele>
      </trkpt>
      <trkpt lat="30.51118" lon="-99.30333">
        <ele>543.8</ele>
      </trkpt>
      <trkpt lat="30.51118" lon="-99.30352">
        <ele>544.0</ele>
      </trkpt>
      <trkpt lat="30.5112" lon="-99.30459">
        <ele>544.8</ele>
      </trkpt>
      <trkpt lat="30.5112" lon="-99.30496">
        <ele>545.1</ele>
      </trkpt>
      <trkpt lat="30.51119" lon="-99.30551">
        <ele>545.7</ele>
      </trkpt>
      <trkpt lat="30.51119" lon="-99.30552">
        <ele>545.7</ele>
      </trkpt>
      <trkpt lat="30.51119" lon="-99.30631">
        <ele>546.8</ele>
      </trkpt>
      <trkpt lat="30.51119" lon="-99.30677">
        <ele>547.4</ele>
      </trkpt>
      <trkpt lat="30.5112" lon="-99.30719">
        <ele>548.0</ele>
      </trkpt>
      <trkpt lat="30.51121" lon="-99.30782">
        <ele>548.8</ele>
      </trkpt>
      <trkpt lat="30.51121" lon="-99.30803">
        <ele>549.1</ele>
      </trkpt>
      <trkpt lat="30.51122" lon="-99.30834">
        <ele>549.6</ele>
      </trkpt>
      <trkpt lat="30.51122" lon="-99.30866">
        <ele>550.1</ele>
      </trkpt>
      <trkpt lat="30.51122" lon="-99.30895">
        <ele>550.4</ele>
      </trkpt>
      <trkpt lat="30.51122" lon="-99.30907">
        <ele>550.6</ele>
      </trkpt>
      <trkpt lat="30.51123" lon="-99.30917">
        <ele>550.6</ele>
      </trkpt>
      <trkpt lat="30.51124" lon="-99.30943">
        <ele>550.8</ele>
      </trkpt>
      <trkpt lat="30.51124" lon="-99.309471">
        <ele>550.8</ele>
      </trkpt>
      <trkpt lat="30.51124" lon="-99.30951">
        <ele>550.8</ele>
      </trkpt>
      <trkpt lat="30.51124" lon="-99.30957">
        <ele>550.9</ele>
      </trkpt>
      <trkpt lat="30.51123" lon="-99.30962">
        <ele>550.9</ele>
      </trkpt>
      <trkpt lat="30.51122" lon="-99.30969">
        <ele>550.9</ele>
      </trkpt>
      <trkpt lat="30.51122" lon="-99.30969">
        <ele>550.9</ele>
      </trkpt>
      <trkpt lat="30.511236" lon="-99.30969">
        <ele>550.9</ele>
      </trkpt>
      <trkpt lat="30.51131" lon="-99.30969">
        <ele>550.8</ele>
      </trkpt>
      <trkpt lat="30.51165" lon="-99.30965">
        <ele>550.6</ele>
      </trkpt>
      <trkpt lat="30.51184" lon="-99.30963">
        <ele>550.4</ele>
      </trkpt>
      <trkpt lat="30.51205" lon="-99.30961">
        <ele>550.3</ele>
      </trkpt>
      <trkpt lat="30.51222" lon="-99.3096">
        <ele>550.2</ele>
      </trkpt>
      <trkpt lat="30.51239" lon="-99.30959">
        <ele>550.1</ele>
      </trkpt>
      <trkpt lat="30.51248" lon="-99.30959">
        <ele>550.0</ele>
      </trkpt>
      <trkpt lat="30.51266" lon="-99.30959">
        <ele>549.9</ele>
      </trkpt>
      <trkpt lat="30.51285" lon="-99.30958">
        <ele>549.7</ele>
      </trkpt>
      <trkpt lat="30.51329" lon="-99.30958">
        <ele>549.3</ele>
      </trkpt>
      <trkpt lat="30.51391" lon="-99.30957">
        <ele>548.8</ele>
      </trkpt>
      <trkpt lat="30.51427" lon="-99.30957">
        <ele>548.5</ele>
      </trkpt>
      <trkpt lat="30.5145" lon="-99.30957">
        <ele>548.2</ele>
      </trkpt>
      <trkpt lat="30.51482" lon="-99.30957">
        <ele>547.8</ele>
      </trkpt>
      <trkpt lat="30.51533" lon="-99.30957">
        <ele>547.0</ele>
      </trkpt>
      <trkpt lat="30.51603" lon="-99.30957">
        <ele>545.8</ele>
      </trkpt>
      <trkpt lat="30.51632" lon="-99.30957">
        <ele>545.3</ele>
      </trkpt>
      <trkpt lat="30.51665" lon="-99.30957">
        <ele>544.8</ele>
      </trkpt>
      <trkpt lat="30.51725" lon="-99.30957">
        <ele>543.8</ele>
      </trkpt>
      <trkpt lat="30.5173" lon="-99.30957">
        <ele>543.8</ele>
      </trkpt>
      <trkpt lat="30.51762" lon="-99.30957">
        <ele>543.6</ele>
      </trkpt>
      <trkpt lat="30.51812" lon="-99.30957">
        <ele>543.6</ele>
      </trkpt>
      <trkpt lat="30.51861" lon="-99.30958">
        <ele>543.9</ele>
      </trkpt>
      <trkpt lat="30.51875" lon="-99.30958">
        <ele>544.0</ele>
      </trkpt>
      <trkpt lat="30.51936" lon="-99.30958">
        <ele>544.4</ele>
      </trkpt>
      <trkpt lat="30.51969" lon="-99.30958">
        <ele>544.6</ele>
      </trkpt>
      <trkpt lat="30.51995" lon="-99.30958">
        <ele>544.7</ele>
      </trkpt>
      <trkpt lat="30.52058" lon="-99.30957">
        <ele>545.0</ele>
      </trkpt>
      <trkpt lat="30.52116" lon="-99.30957">
        <ele>545.2</ele>
      </trkpt>
      <trkpt lat="30.52149" lon="-99.30957">
        <ele>545.2</ele>
      </trkpt>
      <trkpt lat="30.52179" lon="-99.30957">
        <ele>545.1</ele>
      </trkpt>
      <trkpt lat="30.52233" lon="-99.30957">
        <ele>545.0</ele>
      </trkpt>
      <trkpt lat="30.52239" lon="-99.30957">
        <ele>545.0</ele>
      </trkpt>
      <trkpt lat="30.52283" lon="-99.30956">
        <ele>544.9</ele>
      </trkpt>
      <trkpt lat="30.5235" lon="-99.30956">
        <ele>545.0</ele>
      </trkpt>
      <trkpt lat="30.52401" lon="-99.30957">
        <ele>545.2</ele>
      </trkpt>
      <trkpt lat="30.52415" lon="-99.30957">
        <ele>545.2</ele>
      </trkpt>
      <trkpt lat="30.5247" lon="-99.30956">
        <ele>545.5</ele>
      </trkpt>
      <trkpt lat="30.52529" lon="-99.30957">
        <ele>545.7</ele>
      </trkpt>
      <trkpt lat="30.52575" lon="-99.30957">
        <ele>546.0</ele>
      </trkpt>
      <trkpt lat="30.52598" lon="-99.30957">
        <ele>546.2</ele>
      </trkpt>
      <trkpt lat="30.52602" lon="-99.30957">
        <ele>546.2</ele>
      </trkpt>
      <trkpt lat="30.52639" lon="-99.30958">
        <ele>546.5</ele>
      </trkpt>
      <trkpt lat="30.52663" lon="-99.30958">
        <ele>546.9</ele>
      </trkpt>
      <trkpt lat="30.52663" lon="-99.30958">
        <ele>546.9</ele>
      </trkpt>
      <trkpt lat="30.52671" lon="-99.30958">
        <ele>547.0</ele>
      </trkpt>
      <trkpt lat="30.52691" lon="-99.30959">
        <ele>547.1</ele>
      </trkpt>
      <trkpt lat="30.52752" lon="-99.30959">
        <ele>547.1</ele>
      </trkpt>
      <trkpt lat="30.52761" lon="-99.30959">
        <ele>547.1</ele>
      </trkpt>
      <trkpt lat="30.52779" lon="-99.30959">
        <ele>547.0</ele>
      </trkpt>
      <trkpt lat="30.52802" lon="-99.30959">
        <ele>547.0</ele>
      </trkpt>
      <trkpt lat="30.52876" lon="-99.30959">
        <ele>547.0</ele>
      </trkpt>
      <trkpt lat="30.52934" lon="-99.30959">
        <ele>547.0</ele>
      </trkpt>
      <trkpt lat="30.5294" lon="-99.30959">
        <ele>547.0</ele>
      </trkpt>
      <trkpt lat="30.52958" lon="-99.30958">
        <ele>547.0</ele>
      </trkpt>
      <trkpt lat="30.52997" lon="-99.30958">
        <ele>546.9</ele>
      </trkpt>
      <trkpt lat="30.53016" lon="-99.30957">
        <ele>547.0</ele>
      </trkpt>
      <trkpt lat="30.53043" lon="-99.30958">
        <ele>546.9</ele>
      </trkpt>
      <trkpt lat="30.53056" lon="-99.3096">
        <ele>546.7</ele>
      </trkpt>
      <trkpt lat="30.53068" lon="-99.30964">
        <ele>546.5</ele>
      </trkpt>
      <trkpt lat="30.53083" lon="-99.3097">
        <ele>546.2</ele>
      </trkpt>
      <trkpt lat="30.53098" lon="-99.30977">
        <ele>545.9</ele>
      </trkpt>
      <trkpt lat="30.53108" lon="-99.30984">
        <ele>545.7</ele>
      </trkpt>
      <trkpt lat="30.53116" lon="-99.3099">
        <ele>545.5</ele>
      </trkpt>
      <trkpt lat="30.53124" lon="-99.30997">
        <ele>545.4</ele>
      </trkpt>
      <trkpt lat="30.53129" lon="-99.31002">
        <ele>545.3</ele>
      </trkpt>
      <trkpt lat="30.53137" lon="-99.3101">
        <ele>545.1</ele>
      </trkpt>
      <trkpt lat="30.53142" lon="-99.31016">
        <ele>545.0</ele>
      </trkpt>
      <trkpt lat="30.5316" lon="-99.31038">
        <ele>544.6</ele>
      </trkpt>
      <trkpt lat="30.53196" lon="-99.31083">
        <ele>544.0</ele>
      </trkpt>
      <trkpt lat="30.53204" lon="-99.31092">
        <ele>544.0</ele>
      </trkpt>
      <trkpt lat="30.53231" lon="-99.31122">
        <ele>544.0</ele>
      </trkpt>
      <trkpt lat="30.53257" lon="-99.31149">
        <ele>543.7</ele>
      </trkpt>
      <trkpt lat="30.5327" lon="-99.31163">
        <ele>543.5</ele>
      </trkpt>
      <trkpt lat="30.53284" lon="-99.31176">
        <ele>543.4</ele>
      </trkpt>
      <trkpt lat="30.5329" lon="-99.31182">
        <ele>543.3</ele>
      </trkpt>
      <trkpt lat="30.53298" lon="-99.31189">
        <ele>543.1</ele>
      </trkpt>
      <trkpt lat="30.533" lon="-99.3119">
        <ele>543.0</ele>
      </trkpt>
      <trkpt lat="30.53311" lon="-99.31198">
        <ele>542.7</ele>
      </trkpt>
      <trkpt lat="30.5332" lon="-99.31204">
        <ele>542.5</ele>
      </trkpt>
      <trkpt lat="30.53333" lon="-99.31212">
        <ele>541.8</ele>
      </trkpt>
      <trkpt lat="30.53367" lon="-99.31229">
        <ele>540.1</ele>
      </trkpt>
      <trkpt lat="30.53395" lon="-99.31243">
        <ele>538.9</ele>
      </trkpt>
      <trkpt lat="30.53424" lon="-99.31257">
        <ele>538.2</ele>
      </trkpt>
      <trkpt lat="30.53466" lon="-99.31277">
        <ele>537.1</ele>
      </trkpt>
      <trkpt lat="30.53497" lon="-99.31293">
        <ele>535.8</ele>
      </trkpt>
      <trkpt lat="30.53498" lon="-99.31294">
        <ele>535.8</ele>
      </trkpt>
      <trkpt lat="30.53511" lon="-99.31301">
        <ele>535.2</ele>
      </trkpt>
      <trkpt lat="30.53525" lon="-99.31311">
        <ele>534.5</ele>
      </trkpt>
      <trkpt lat="30.53529" lon="-99.31314">
        <ele>534.3</ele>
      </trkpt>
      <trkpt lat="30.53545" lon="-99.31326">
        <ele>533.6</ele>
      </trkpt>
      <trkpt lat="30.53567" lon="-99.31346">
        <ele>533.0</ele>
      </trkpt>
      <trkpt lat="30.53572" lon="-99.31351">
        <ele>533.0</ele>
      </trkpt>
      <trkpt lat="30.53577" lon="-99.31356">
        <ele>533.0</ele>
      </trkpt>
      <trkpt lat="30.53585" lon="-99.31365">
        <ele>533.1</ele>
      </trkpt>
      <trkpt lat="30.53586" lon="-99.31366">
        <ele>533.1</ele>
      </trkpt>
      <trkpt lat="30.53597" lon="-99.31382">
        <ele>533.7</ele>
      </trkpt>
      <trkpt lat="30.53614" lon="-99.3141">
        <ele>535.1</ele>
      </trkpt>
      <trkpt lat="30.53628" lon="-99.31432">
        <ele>536.2</ele>
      </trkpt>
      <trkpt lat="30.53628" lon="-99.31433">
        <ele>536.2</ele>
      </trkpt>
      <trkpt lat="30.53639" lon="-99.31449">
        <ele>537.0</ele>
      </trkpt>
      <trkpt lat="30.5365" lon="-99.31468">
        <ele>537.4</ele>
      </trkpt>
      <trkpt lat="30.53662" lon="-99.31483">
        <ele>537.5</ele>
      </trkpt>
      <trkpt lat="30.53673" lon="-99.31495">
        <ele>537.5</ele>
      </trkpt>
      <trkpt lat="30.53674" lon="-99.31496">
        <ele>537.5</ele>
      </trkpt>
      <trkpt lat="30.53687" lon="-99.3151">
        <ele>537.4</ele>
      </trkpt>
      <trkpt lat="30.53695" lon="-99.31518">
        <ele>537.3</ele>
      </trkpt>
      <trkpt lat="30.53701" lon="-99.31523">
        <ele>537.1</ele>
      </trkpt>
      <trkpt lat="30.53704" lon="-99.31526">
        <ele>537.0</ele>
      </trkpt>
      <trkpt lat="30.53714" lon="-99.31534">
        <ele>536.6</ele>
      </trkpt>
      <trkpt lat="30.53722" lon="-99.31538">
        <ele>536.1</ele>
      </trkpt>
      <trkpt lat="30.53731" lon="-99.31542">
        <ele>535.5</ele>
      </trkpt>
      <trkpt lat="30.53733" lon="-99.31543">
        <ele>535.4</ele>
      </trkpt>
      <trkpt lat="30.53742" lon="-99.31546">
        <ele>535.0</ele>
      </trkpt>
      <trkpt lat="30.53767" lon="-99.31552">
        <ele>532.9</ele>
      </trkpt>
      <trkpt lat="30.5378" lon="-99.31553">
        <ele>532.3</ele>
      </trkpt>
      <trkpt lat="30.53791" lon="-99.31554">
        <ele>531.9</ele>
      </trkpt>
      <trkpt lat="30.53801" lon="-99.31553">
        <ele>531.7</ele>
      </trkpt>
      <trkpt lat="30.53812" lon="-99.3155">
        <ele>531.5</ele>
      </trkpt>
      <trkpt lat="30.53821" lon="-99.31547">
        <ele>531.2</ele>
      </trkpt>
      <trkpt lat="30.53845" lon="-99.31536">
        <ele>530.1</ele>
      </trkpt>
      <trkpt lat="30.53865" lon="-99.31527">
        <ele>528.3</ele>
      </trkpt>
      <trkpt lat="30.53872" lon="-99.31525">
        <ele>527.7</ele>
      </trkpt>
      <trkpt lat="30.53874" lon="-99.31524">
        <ele>527.5</ele>
      </trkpt>
      <trkpt lat="30.53883" lon="-99.31522">
        <ele>526.8</ele>
      </trkpt>
      <trkpt lat="30.53889" lon="-99.31521">
        <ele>526.3</ele>
      </trkpt>
      <trkpt lat="30.53901" lon="-99.31519">
        <ele>525.7</ele>
      </trkpt>
      <trkpt lat="30.53921" lon="-99.31518">
        <ele>524.4</ele>
      </trkpt>
      <trkpt lat="30.53932" lon="-99.31517">
        <ele>523.4</ele>
      </trkpt>
      <trkpt lat="30.53945" lon="-99.31517">
        <ele>522.2</ele>
      </trkpt>
      <trkpt lat="30.53956" lon="-99.31517">
        <ele>521.0</ele>
      </trkpt>
      <trkpt lat="30.53969" lon="-99.3152">
        <ele>519.9</ele>
      </trkpt>
      <trkpt lat="30.53985" lon="-99.31523">
        <ele>518.7</ele>
      </trkpt>
      <trkpt lat="30.53996" lon="-99.31527">
        <ele>517.9</ele>
      </trkpt>
      <trkpt lat="30.54009" lon="-99.31531">
        <ele>516.9</ele>
      </trkpt>
      <trkpt lat="30.54013" lon="-99.31532">
        <ele>516.6</ele>
      </trkpt>
      <trkpt lat="30.54051" lon="-99.31545">
        <ele>513.7</ele>
      </trkpt>
      <trkpt lat="30.54081" lon="-99.31556">
        <ele>512.5</ele>
      </trkpt>
      <trkpt lat="30.54122" lon="-99.31571">
        <ele>510.0</ele>
      </trkpt>
      <trkpt lat="30.54147" lon="-99.3158">
        <ele>508.6</ele>
      </trkpt>
      <trkpt lat="30.54151" lon="-99.31582">
        <ele>508.4</ele>
      </trkpt>
      <trkpt lat="30.54169" lon="-99.31591">
        <ele>507.4</ele>
      </trkpt>
      <trkpt lat="30.54195" lon="-99.31602">
        <ele>505.9</ele>
      </trkpt>
      <trkpt lat="30.54235" lon="-99.31618">
        <ele>502.6</ele>
      </trkpt>
      <trkpt lat="30.54239" lon="-99.3162">
        <ele>502.4</ele>
      </trkpt>
      <trkpt lat="30.54252" lon="-99.31625">
        <ele>501.5</ele>
      </trkpt>
      <trkpt lat="30.54269" lon="-99.31633">
        <ele>500.4</ele>
      </trkpt>
      <trkpt lat="30.54287" lon="-99.31639">
        <ele>497.9</ele>
      </trkpt>
      <trkpt lat="30.54312" lon="-99.31647">
        <ele>493.9</ele>
      </trkpt>
      <trkpt lat="30.54321" lon="-99.3165">
        <ele>492.6</ele>
      </trkpt>
      <trkpt lat="30.54341" lon="-99.31656">
        <ele>491.8</ele>
      </trkpt>
      <trkpt lat="30.54356" lon="-99.31661">
        <ele>491.9</ele>
      </trkpt>
      <trkpt lat="30.54357" lon="-99.31661">
        <ele>491.9</ele>
      </trkpt>
      <trkpt lat="30.54384" lon="-99.31668">
        <ele>492.1</ele>
      </trkpt>
      <trkpt lat="30.54391" lon="-99.31669">
        <ele>492.3</ele>
      </trkpt>
      <trkpt lat="30.54408" lon="-99.31674">
        <ele>492.4</ele>
      </trkpt>
      <trkpt lat="30.54422" lon="-99.31676">
        <ele>492.4</ele>
      </trkpt>
      <trkpt lat="30.54433" lon="-99.3168">
        <ele>492.4</ele>
      </trkpt>
      <trkpt lat="30.5445" lon="-99.31685">
        <ele>492.5</ele>
      </trkpt>
      <trkpt lat="30.54459" lon="-99.31689">
        <ele>492.5</ele>
      </trkpt>
      <trkpt lat="30.54466" lon="-99.31693">
        <ele>492.6</ele>
      </trkpt>
      <trkpt lat="30.54477" lon="-99.317">
        <ele>492.7</ele>
      </trkpt>
      <trkpt lat="30.54485" lon="-99.31706">
        <ele>492.7</ele>
      </trkpt>
      <trkpt lat="30.54495" lon="-99.31714">
        <ele>492.6</ele>
      </trkpt>
      <trkpt lat="30.5451" lon="-99.31726">
        <ele>492.3</ele>
      </trkpt>
      <trkpt lat="30.54535" lon="-99.31747">
        <ele>492.0</ele>
      </trkpt>
      <trkpt lat="30.5455" lon="-99.31759">
        <ele>491.8</ele>
      </trkpt>
      <trkpt lat="30.54564" lon="-99.31771">
        <ele>491.4</ele>
      </trkpt>
      <trkpt lat="30.54583" lon="-99.31785">
        <ele>491.3</ele>
      </trkpt>
      <trkpt lat="30.54595" lon="-99.31794">
        <ele>491.2</ele>
      </trkpt>
      <trkpt lat="30.54614" lon="-99.31808">
        <ele>491.2</ele>
      </trkpt>
      <trkpt lat="30.54624" lon="-99.31816">
        <ele>491.2</ele>
      </trkpt>
      <trkpt lat="30.54625" lon="-99.31817">
        <ele>491.2</ele>
      </trkpt>
      <trkpt lat="30.54633" lon="-99.31824">
        <ele>491.1</ele>
      </trkpt>
      <trkpt lat="30.54638" lon="-99.3183">
        <ele>491.0</ele>
      </trkpt>
      <trkpt lat="30.54643" lon="-99.31837">
        <ele>490.8</ele>
      </trkpt>
      <trkpt lat="30.54646" lon="-99.31843">
        <ele>490.7</ele>
      </trkpt>
      <trkpt lat="30.54649" lon="-99.31851">
        <ele>490.4</ele>
      </trkpt>
      <trkpt lat="30.54652" lon="-99.31859">
        <ele>490.2</ele>
      </trkpt>
      <trkpt lat="30.54656" lon="-99.31872">
        <ele>489.9</ele>
      </trkpt>
      <trkpt lat="30.54657" lon="-99.31882">
        <ele>489.5</ele>
      </trkpt>
      <trkpt lat="30.54658" lon="-99.31893">
        <ele>489.1</ele>
      </trkpt>
      <trkpt lat="30.54659" lon="-99.31909">
        <ele>488.6</ele>
      </trkpt>
      <trkpt lat="30.54658" lon="-99.31949">
        <ele>487.5</ele>
      </trkpt>
      <trkpt lat="30.54656" lon="-99.31993">
        <ele>487.7</ele>
      </trkpt>
      <trkpt lat="30.54655" lon="-99.32014">
        <ele>488.3</ele>
      </trkpt>
      <trkpt lat="30.54654" lon="-99.32027">
        <ele>488.9</ele>
      </trkpt>
      <trkpt lat="30.54652" lon="-99.32076">
        <ele>489.0</ele>
      </trkpt>
      <trkpt lat="30.54652" lon="-99.32078">
        <ele>489.0</ele>
      </trkpt>
      <trkpt lat="30.54651" lon="-99.3209">
        <ele>489.0</ele>
      </trkpt>
      <trkpt lat="30.5465" lon="-99.32097">
        <ele>489.0</ele>
      </trkpt>
      <trkpt lat="30.5465" lon="-99.32099">
        <ele>489.0</ele>
      </trkpt>
      <trkpt lat="30.54648" lon="-99.32107">
        <ele>489.0</ele>
      </trkpt>
      <trkpt lat="30.54645" lon="-99.32113">
        <ele>488.9</ele>
      </trkpt>
      <trkpt lat="30.54643" lon="-99.32116">
        <ele>488.8</ele>
      </trkpt>
      <trkpt lat="30.54642" lon="-99.32119">
        <ele>488.7</ele>
      </trkpt>
      <trkpt lat="30.54635" lon="-99.3213">
        <ele>488.5</ele>
      </trkpt>
      <trkpt lat="30.54629" lon="-99.32141">
        <ele>488.3</ele>
      </trkpt>
      <trkpt lat="30.54624" lon="-99.3215">
        <ele>488.2</ele>
      </trkpt>
      <trkpt lat="30.54624" lon="-99.32151">
        <ele>488.2</ele>
      </trkpt>
      <trkpt lat="30.54622" lon="-99.32157">
        <ele>488.2</ele>
      </trkpt>
      <trkpt lat="30.5462" lon="-99.32164">
        <ele>488.0</ele>
      </trkpt>
      <trkpt lat="30.54619" lon="-99.32173">
        <ele>487.7</ele>
      </trkpt>
      <trkpt lat="30.54619" lon="-99.32178">
        <ele>487.5</ele>
      </trkpt>
      <trkpt lat="30.5462" lon="-99.32198">
        <ele>486.8</ele>
      </trkpt>
      <trkpt lat="30.54622" lon="-99.32206">
        <ele>486.5</ele>
      </trkpt>
      <trkpt lat="30.54625" lon="-99.32222">
        <ele>485.7</ele>
      </trkpt>
      <trkpt lat="30.54627" lon="-99.32233">
        <ele>485.1</ele>
      </trkpt>
      <trkpt lat="30.54633" lon="-99.32253">
        <ele>483.9</ele>
      </trkpt>
      <trkpt lat="30.54636" lon="-99.32268">
        <ele>483.3</ele>
      </trkpt>
      <trkpt lat="30.54643" lon="-99.32294">
        <ele>482.2</ele>
      </trkpt>
      <trkpt lat="30.54647" lon="-99.32307">
        <ele>481.4</ele>
      </trkpt>
      <trkpt lat="30.54649" lon="-99.32312">
        <ele>480.6</ele>
      </trkpt>
      <trkpt lat="30.54652" lon="-99.32317">
        <ele>479.7</ele>
      </trkpt>
      <trkpt lat="30.54655" lon="-99.32321">
        <ele>478.9</ele>
      </trkpt>
      <trkpt lat="30.54659" lon="-99.32325">
        <ele>478.1</ele>
      </trkpt>
      <trkpt lat="30.54661" lon="-99.32327">
        <ele>477.8</ele>
      </trkpt>
      <trkpt lat="30.54664" lon="-99.3233">
        <ele>477.4</ele>
      </trkpt>
      <trkpt lat="30.54668" lon="-99.32332">
        <ele>477.1</ele>
      </trkpt>
      <trkpt lat="30.546705" lon="-99.323333">
        <ele>477.0</ele>
      </trkpt>
      <trkpt lat="30.54676" lon="-99.32336">
        <ele>476.8</ele>
      </trkpt>
      <trkpt lat="30.54677" lon="-99.32336">
        <ele>476.8</ele>
      </trkpt>
      <trkpt lat="30.54685" lon="-99.32338">
        <ele>476.8</ele>
      </trkpt>
      <trkpt lat="30.54703" lon="-99.32343">
        <ele>476.9</ele>
      </trkpt>
      <trkpt lat="30.54712" lon="-99.32345">
        <ele>476.9</ele>
      </trkpt>
      <trkpt lat="30.54726" lon="-99.32349">
        <ele>477.0</ele>
      </trkpt>
      <trkpt lat="30.54747" lon="-99.32355">
        <ele>477.2</ele>
      </trkpt>
      <trkpt lat="30.54751" lon="-99.32356">
        <ele>477.2</ele>
      </trkpt>
      <trkpt lat="30.54765" lon="-99.3236">
        <ele>477.2</ele>
      </trkpt>
      <trkpt lat="30.5478" lon="-99.32363">
        <ele>477.2</ele>
      </trkpt>
      <trkpt lat="30.54783" lon="-99.32364">
        <ele>477.2</ele>
      </trkpt>
      <trkpt lat="30.54794" lon="-99.32365">
        <ele>477.3</ele>
      </trkpt>
      <trkpt lat="30.548" lon="-99.32367">
        <ele>477.3</ele>
      </trkpt>
      <trkpt lat="30.54802" lon="-99.32367">
        <ele>477.3</ele>
      </trkpt>
      <trkpt lat="30.54809" lon="-99.32369">
        <ele>477.4</ele>
      </trkpt>
      <trkpt lat="30.54821" lon="-99.32374">
        <ele>477.4</ele>
      </trkpt>
      <trkpt lat="30.54828" lon="-99.32378">
        <ele>477.4</ele>
      </trkpt>
      <trkpt lat="30.54836" lon="-99.32382">
        <ele>477.4</ele>
      </trkpt>
      <trkpt lat="30.54843" lon="-99.32386">
        <ele>477.4</ele>
      </trkpt>
      <trkpt lat="30.54847" lon="-99.32389">
        <ele>477.3</ele>
      </trkpt>
      <trkpt lat="30.5485" lon="-99.32392">
        <ele>477.3</ele>
      </trkpt>
      <trkpt lat="30.54856" lon="-99.32397">
        <ele>477.3</ele>
      </trkpt>
      <trkpt lat="30.54862" lon="-99.32405">
        <ele>477.2</ele>
      </trkpt>
      <trkpt lat="30.54874" lon="-99.32422">
        <ele>477.0</ele>
      </trkpt>
      <trkpt lat="30.54875" lon="-99.32422">
        <ele>477.0</ele>
      </trkpt>
      <trkpt lat="30.54887" lon="-99.32441">
        <ele>476.8</ele>
      </trkpt>
      <trkpt lat="30.54896" lon="-99.32455">
        <ele>476.7</ele>
      </trkpt>
      <trkpt lat="30.5491" lon="-99.32476">
        <ele>476.6</ele>
      </trkpt>
      <trkpt lat="30.54917" lon="-99.32486">
        <ele>476.5</ele>
      </trkpt>
      <trkpt lat="30.54924" lon="-99.32496">
        <ele>476.5</ele>
      </trkpt>
      <trkpt lat="30.54931" lon="-99.32502">
        <ele>476.4</ele>
      </trkpt>
      <trkpt lat="30.54938" lon="-99.32506">
        <ele>476.4</ele>
      </trkpt>
      <trkpt lat="30.54942" lon="-99.32508">
        <ele>476.4</ele>
      </trkpt>
      <trkpt lat="30.54947" lon="-99.32509">
        <ele>476.4</ele>
      </trkpt>
      <trkpt lat="30.54948" lon="-99.32509">
        <ele>476.4</ele>
      </trkpt>
      <trkpt lat="30.54954" lon="-99.32511">
        <ele>476.3</ele>
      </trkpt>
      <trkpt lat="30.54963" lon="-99.32511">
        <ele>476.3</ele>
      </trkpt>
      <trkpt lat="30.54966" lon="-99.32511">
        <ele>476.3</ele>
      </trkpt>
      <trkpt lat="30.5497" lon="-99.32511">
        <ele>476.3</ele>
      </trkpt>
      <trkpt lat="30.5498" lon="-99.32511">
        <ele>476.3</ele>
      </trkpt>
      <trkpt lat="30.54984" lon="-99.32511">
        <ele>476.3</ele>
      </trkpt>
      <trkpt lat="30.54989" lon="-99.3251">
        <ele>476.3</ele>
      </trkpt>
      <trkpt lat="30.54998" lon="-99.32509">
        <ele>476.3</ele>
      </trkpt>
      <trkpt lat="30.55012" lon="-99.32506">
        <ele>476.3</ele>
      </trkpt>
      <trkpt lat="30.55022" lon="-99.32503">
        <ele>476.3</ele>
      </trkpt>
      <trkpt lat="30.55032" lon="-99.325">
        <ele>476.3</ele>
      </trkpt>
      <trkpt lat="30.55037" lon="-99.32499">
        <ele>476.3</ele>
      </trkpt>
      <trkpt lat="30.55047" lon="-99.32498">
        <ele>476.3</ele>
      </trkpt>
      <trkpt lat="30.55054" lon="-99.32498">
        <ele>476.3</ele>
      </trkpt>
      <trkpt lat="30.55055" lon="-99.32498">
        <ele>476.3</ele>
      </trkpt>
      <trkpt lat="30.55061" lon="-99.325">
        <ele>476.2</ele>
      </trkpt>
      <trkpt lat="30.55072" lon="-99.32502">
        <ele>476.1</ele>
      </trkpt>
      <trkpt lat="30.55077" lon="-99.32503">
        <ele>476.1</ele>
      </trkpt>
      <trkpt lat="30.5509" lon="-99.32506">
        <ele>476.0</ele>
      </trkpt>
      <trkpt lat="30.55091" lon="-99.32506">
        <ele>476.0</ele>
      </trkpt>
      <trkpt lat="30.55108" lon="-99.3251">
        <ele>475.7</ele>
      </trkpt>
      <trkpt lat="30.55111" lon="-99.3251">
        <ele>475.6</ele>
      </trkpt>
      <trkpt lat="30.5513" lon="-99.32516">
        <ele>476.0</ele>
      </trkpt>
      <trkpt lat="30.55137" lon="-99.32517">
        <ele>476.3</ele>
      </trkpt>
      <trkpt lat="30.55143" lon="-99.32518">
        <ele>476.5</ele>
      </trkpt>
      <trkpt lat="30.55144" lon="-99.32518">
        <ele>476.5</ele>
      </trkpt>
      <trkpt lat="30.55153" lon="-99.32518">
        <ele>476.3</ele>
      </trkpt>
      <trkpt lat="30.55161" lon="-99.32517">
        <ele>475.8</ele>
      </trkpt>
      <trkpt lat="30.55165" lon="-99.32517">
        <ele>475.6</ele>
      </trkpt>
      <trkpt lat="30.55175" lon="-99.32516">
        <ele>475.3</ele>
      </trkpt>
      <trkpt lat="30.551786" lon="-99.325151">
        <ele>475.2</ele>
      </trkpt>
      <trkpt lat="30.55179" lon="-99.32515">
        <ele>475.2</ele>
      </trkpt>
      <trkpt lat="30.55193" lon="-99.32514">
        <ele>474.9</ele>
      </trkpt>
      <trkpt lat="30.55197" lon="-99.32513">
        <ele>474.8</ele>
      </trkpt>
      <trkpt lat="30.55204" lon="-99.32513">
        <ele>474.8</ele>
      </trkpt>
      <trkpt lat="30.55215" lon="-99.32511">
        <ele>474.8</ele>
      </trkpt>
      <trkpt lat="30.55228" lon="-99.32509">
        <ele>474.8</ele>
      </trkpt>
      <trkpt lat="30.55232" lon="-99.32509">
        <ele>474.8</ele>
      </trkpt>
      <trkpt lat="30.55236" lon="-99.32509">
        <ele>475.0</ele>
      </trkpt>
      <trkpt lat="30.55241" lon="-99.32509">
        <ele>475.1</ele>
      </trkpt>
      <trkpt lat="30.55245" lon="-99.32509">
        <ele>475.4</ele>
      </trkpt>
      <trkpt lat="30.55252" lon="-99.3251">
        <ele>475.8</ele>
      </trkpt>
      <trkpt lat="30.55258" lon="-99.32512">
        <ele>476.3</ele>
      </trkpt>
      <trkpt lat="30.55271" lon="-99.32519">
        <ele>477.2</ele>
      </trkpt>
      <trkpt lat="30.55283" lon="-99.32526">
        <ele>477.9</ele>
      </trkpt>
      <trkpt lat="30.55285" lon="-99.32527">
        <ele>478.0</ele>
      </trkpt>
      <trkpt lat="30.55302" lon="-99.32535">
        <ele>478.6</ele>
      </trkpt>
      <trkpt lat="30.55316" lon="-99.32543">
        <ele>478.8</ele>
      </trkpt>
      <trkpt lat="30.55327" lon="-99.32548">
        <ele>478.6</ele>
      </trkpt>
      <trkpt lat="30.55344" lon="-99.32556">
        <ele>477.9</ele>
      </trkpt>
      <trkpt lat="30.5535" lon="-99.32559">
        <ele>477.7</ele>
      </trkpt>
      <trkpt lat="30.55367" lon="-99.32566">
        <ele>477.4</ele>
      </trkpt>
      <trkpt lat="30.55376" lon="-99.32571">
        <ele>477.3</ele>
      </trkpt>
      <trkpt lat="30.55389" lon="-99.32578">
        <ele>477.2</ele>
      </trkpt>
      <trkpt lat="30.55399" lon="-99.32585">
        <ele>477.4</ele>
      </trkpt>
      <trkpt lat="30.55414" lon="-99.32595">
        <ele>477.7</ele>
      </trkpt>
      <trkpt lat="30.55446" lon="-99.32617">
        <ele>477.2</ele>
      </trkpt>
      <trkpt lat="30.55467" lon="-99.32632">
        <ele>476.1</ele>
      </trkpt>
      <trkpt lat="30.5548" lon="-99.32641">
        <ele>475.7</ele>
      </trkpt>
      <trkpt lat="30.555" lon="-99.32652">
        <ele>475.4</ele>
      </trkpt>
      <trkpt lat="30.5551" lon="-99.32657">
        <ele>475.3</ele>
      </trkpt>
      <trkpt lat="30.55524" lon="-99.32662">
        <ele>475.3</ele>
      </trkpt>
      <trkpt lat="30.55533" lon="-99.32664">
        <ele>475.2</ele>
      </trkpt>
      <trkpt lat="30.55542" lon="-99.32667">
        <ele>475.2</ele>
      </trkpt>
      <trkpt lat="30.55543" lon="-99.32667">
        <ele>475.2</ele>
      </trkpt>
      <trkpt lat="30.55561" lon="-99.32669">
        <ele>475.1</ele>
      </trkpt>
      <trkpt lat="30.55571" lon="-99.3267">
        <ele>475.0</ele>
      </trkpt>
      <trkpt lat="30.55579" lon="-99.32671">
        <ele>475.0</ele>
      </trkpt>
      <trkpt lat="30.55582" lon="-99.32671">
        <ele>474.9</ele>
      </trkpt>
      <trkpt lat="30.55592" lon="-99.32673">
        <ele>474.9</ele>
      </trkpt>
      <trkpt lat="30.55596" lon="-99.32674">
        <ele>474.8</ele>
      </trkpt>
      <trkpt lat="30.55599" lon="-99.32675">
        <ele>474.8</ele>
      </trkpt>
      <trkpt lat="30.55606" lon="-99.32678">
        <ele>474.8</ele>
      </trkpt>
      <trkpt lat="30.55611" lon="-99.32681">
        <ele>474.7</ele>
      </trkpt>
      <trkpt lat="30.55619" lon="-99.32686">
        <ele>474.8</ele>
      </trkpt>
      <trkpt lat="30.55626" lon="-99.32691">
        <ele>474.9</ele>
      </trkpt>
      <trkpt lat="30.55632" lon="-99.32697">
        <ele>475.2</ele>
      </trkpt>
      <trkpt lat="30.5564" lon="-99.32707">
        <ele>475.8</ele>
      </trkpt>
      <trkpt lat="30.55641" lon="-99.32708">
        <ele>475.9</ele>
      </trkpt>
      <trkpt lat="30.55652" lon="-99.32723">
        <ele>476.8</ele>
      </trkpt>
      <trkpt lat="30.55657" lon="-99.32729">
        <ele>477.2</ele>
      </trkpt>
      <trkpt lat="30.55665" lon="-99.32738">
        <ele>477.6</ele>
      </trkpt>
      <trkpt lat="30.55673" lon="-99.32749">
        <ele>478.6</ele>
      </trkpt>
      <trkpt lat="30.55677" lon="-99.32753">
        <ele>479.1</ele>
      </trkpt>
      <trkpt lat="30.55683" lon="-99.32761">
        <ele>480.2</ele>
      </trkpt>
      <trkpt lat="30.557" lon="-99.32781">
        <ele>482.2</ele>
      </trkpt>
      <trkpt lat="30.55702" lon="-99.32784">
        <ele>482.4</ele>
      </trkpt>
      <trkpt lat="30.55716" lon="-99.328">
        <ele>484.4</ele>
      </trkpt>
      <trkpt lat="30.55727" lon="-99.32811">
        <ele>486.3</ele>
      </trkpt>
      <trkpt lat="30.55735" lon="-99.32818">
        <ele>487.5</ele>
      </trkpt>
      <trkpt lat="30.55747" lon="-99.32827">
        <ele>489.6</ele>
      </trkpt>
      <trkpt lat="30.55755" lon="-99.32832">
        <ele>490.9</ele>
      </trkpt>
      <trkpt lat="30.55758" lon="-99.32834">
        <ele>491.5</ele>
      </trkpt>
      <trkpt lat="30.55763" lon="-99.32837">
        <ele>492.3</ele>
      </trkpt>
      <trkpt lat="30.55773" lon="-99.32843">
        <ele>493.8</ele>
      </trkpt>
      <trkpt lat="30.55774" lon="-99.32843">
        <ele>493.9</ele>
      </trkpt>
      <trkpt lat="30.55782" lon="-99.32847">
        <ele>494.8</ele>
      </trkpt>
      <trkpt lat="30.5579" lon="-99.32848">
        <ele>495.7</ele>
      </trkpt>
      <trkpt lat="30.55792" lon="-99.32849">
        <ele>495.9</ele>
      </trkpt>
      <trkpt lat="30.55797" lon="-99.32849">
        <ele>496.3</ele>
      </trkpt>
      <trkpt lat="30.55803" lon="-99.32849">
        <ele>496.7</ele>
      </trkpt>
      <trkpt lat="30.5581" lon="-99.32849">
        <ele>497.1</ele>
      </trkpt>
      <trkpt lat="30.55816" lon="-99.32848">
        <ele>497.3</ele>
      </trkpt>
      <trkpt lat="30.55828" lon="-99.32846">
        <ele>497.5</ele>
      </trkpt>
      <trkpt lat="30.55836" lon="-99.32845">
        <ele>497.5</ele>
      </trkpt>
      <trkpt lat="30.55842" lon="-99.32843">
        <ele>497.5</ele>
      </trkpt>
      <trkpt lat="30.55845" lon="-99.32841">
        <ele>497.5</ele>
      </trkpt>
      <trkpt lat="30.55859" lon="-99.32834">
        <ele>497.6</ele>
      </trkpt>
      <trkpt lat="30.55872" lon="-99.32828">
        <ele>497.4</ele>
      </trkpt>
      <trkpt lat="30.55877" lon="-99.32825">
        <ele>497.3</ele>
      </trkpt>
      <trkpt lat="30.55884" lon="-99.32822">
        <ele>497.2</ele>
      </trkpt>
      <trkpt lat="30.55888" lon="-99.32821">
        <ele>497.1</ele>
      </trkpt>
      <trkpt lat="30.55895" lon="-99.3282">
        <ele>496.9</ele>
      </trkpt>
      <trkpt lat="30.55905" lon="-99.32819">
        <ele>496.4</ele>
      </trkpt>
      <trkpt lat="30.55913" lon="-99.3282">
        <ele>496.0</ele>
      </trkpt>
      <trkpt lat="30.55914" lon="-99.3282">
        <ele>495.9</ele>
      </trkpt>
      <trkpt lat="30.55922" lon="-99.32822">
        <ele>495.5</ele>
      </trkpt>
      <trkpt lat="30.55931" lon="-99.32825">
        <ele>495.2</ele>
      </trkpt>
      <trkpt lat="30.55942" lon="-99.3283">
        <ele>494.9</ele>
      </trkpt>
      <trkpt lat="30.55947" lon="-99.32833">
        <ele>494.9</ele>
      </trkpt>
      <trkpt lat="30.55955" lon="-99.32838">
        <ele>494.8</ele>
      </trkpt>
      <trkpt lat="30.55962" lon="-99.32842">
        <ele>494.6</ele>
      </trkpt>
      <trkpt lat="30.5597" lon="-99.32847">
        <ele>494.3</ele>
      </trkpt>
      <trkpt lat="30.55977" lon="-99.32853">
        <ele>493.8</ele>
      </trkpt>
      <trkpt lat="30.55978" lon="-99.32855">
        <ele>493.7</ele>
      </trkpt>
      <trkpt lat="30.55984" lon="-99.32862">
        <ele>492.9</ele>
      </trkpt>
      <trkpt lat="30.55992" lon="-99.32871">
        <ele>491.7</ele>
      </trkpt>
      <trkpt lat="30.56003" lon="-99.32885">
        <ele>489.6</ele>
      </trkpt>
      <trkpt lat="30.56016" lon="-99.329">
        <ele>487.6</ele>
      </trkpt>
      <trkpt lat="30.56034" lon="-99.32923">
        <ele>485.0</ele>
      </trkpt>
      <trkpt lat="30.56054" lon="-99.32946">
        <ele>481.6</ele>
      </trkpt>
      <trkpt lat="30.56065" lon="-99.3296">
        <ele>480.0</ele>
      </trkpt>
      <trkpt lat="30.56072" lon="-99.32967">
        <ele>479.0</ele>
      </trkpt>
      <trkpt lat="30.56086" lon="-99.32984">
        <ele>476.8</ele>
      </trkpt>
      <trkpt lat="30.56091" lon="-99.32989">
        <ele>476.1</ele>
      </trkpt>
      <trkpt lat="30.56101" lon="-99.33">
        <ele>475.0</ele>
      </trkpt>
      <trkpt lat="30.56105" lon="-99.33003">
        <ele>474.8</ele>
      </trkpt>
      <trkpt lat="30.56107" lon="-99.33005">
        <ele>474.6</ele>
      </trkpt>
      <trkpt lat="30.56116" lon="-99.33012">
        <ele>474.0</ele>
      </trkpt>
      <trkpt lat="30.56127" lon="-99.33019">
        <ele>473.3</ele>
      </trkpt>
      <trkpt lat="30.56142" lon="-99.33028">
        <ele>472.5</ele>
      </trkpt>
      <trkpt lat="30.56162" lon="-99.33039">
        <ele>471.0</ele>
      </trkpt>
      <trkpt lat="30.56168" lon="-99.33042">
        <ele>470.4</ele>
      </trkpt>
      <trkpt lat="30.56176" lon="-99.33047">
        <ele>469.5</ele>
      </trkpt>
      <trkpt lat="30.56184" lon="-99.3305">
        <ele>469.0</ele>
      </trkpt>
      <trkpt lat="30.56185" lon="-99.33051">
        <ele>468.9</ele>
      </trkpt>
      <trkpt lat="30.56189" lon="-99.33053">
        <ele>468.7</ele>
      </trkpt>
      <trkpt lat="30.56201" lon="-99.33058">
        <ele>468.2</ele>
      </trkpt>
      <trkpt lat="30.56217" lon="-99.33062">
        <ele>467.5</ele>
      </trkpt>
      <trkpt lat="30.56219" lon="-99.33063">
        <ele>467.4</ele>
      </trkpt>
      <trkpt lat="30.56229" lon="-99.33065">
        <ele>466.9</ele>
      </trkpt>
      <trkpt lat="30.56239" lon="-99.33067">
        <ele>466.2</ele>
      </trkpt>
      <trkpt lat="30.56254" lon="-99.33069">
        <ele>465.1</ele>
      </trkpt>
      <trkpt lat="30.56259" lon="-99.33069">
        <ele>464.8</ele>
      </trkpt>
      <trkpt lat="30.56276" lon="-99.33072">
        <ele>463.5</ele>
      </trkpt>
      <trkpt lat="30.56286" lon="-99.33073">
        <ele>463.2</ele>
      </trkpt>
      <trkpt lat="30.56315" lon="-99.33077">
        <ele>462.7</ele>
      </trkpt>
      <trkpt lat="30.56322" lon="-99.33078">
        <ele>462.3</ele>
      </trkpt>
      <trkpt lat="30.56333" lon="-99.33079">
        <ele>461.6</ele>
      </trkpt>
      <trkpt lat="30.56351" lon="-99.33081">
        <ele>460.3</ele>
      </trkpt>
      <trkpt lat="30.56368" lon="-99.33083">
        <ele>459.2</ele>
      </trkpt>
      <trkpt lat="30.56384" lon="-99.33083">
        <ele>458.6</ele>
      </trkpt>
      <trkpt lat="30.56394" lon="-99.33083">
        <ele>458.4</ele>
      </trkpt>
      <trkpt lat="30.5641" lon="-99.33083">
        <ele>458.2</ele>
      </trkpt>
      <trkpt lat="30.56418" lon="-99.33083">
        <ele>458.0</ele>
      </trkpt>
      <trkpt lat="30.56422" lon="-99.33083">
        <ele>457.9</ele>
      </trkpt>
      <trkpt lat="30.56425" lon="-99.33082">
        <ele>457.9</ele>
      </trkpt>
      <trkpt lat="30.56429" lon="-99.33081">
        <ele>457.8</ele>
      </trkpt>
      <trkpt lat="30.56437" lon="-99.33078">
        <ele>457.6</ele>
      </trkpt>
      <trkpt lat="30.56446" lon="-99.33073">
        <ele>457.3</ele>
      </trkpt>
      <trkpt lat="30.56457" lon="-99.33066">
        <ele>456.9</ele>
      </trkpt>
      <trkpt lat="30.56466" lon="-99.3306">
        <ele>456.6</ele>
      </trkpt>
      <trkpt lat="30.564695" lon="-99.330572">
        <ele>456.5</ele>
      </trkpt>
      <trkpt lat="30.56471" lon="-99.33056">
        <ele>456.4</ele>
      </trkpt>
      <trkpt lat="30.56476" lon="-99.3305">
        <ele>455.7</ele>
      </trkpt>
      <trkpt lat="30.56479" lon="-99.33047">
        <ele>455.3</ele>
      </trkpt>
      <trkpt lat="30.56489" lon="-99.33035">
        <ele>454.2</ele>
      </trkpt>
      <trkpt lat="30.56494" lon="-99.3303">
        <ele>454.0</ele>
      </trkpt>
      <trkpt lat="30.56502" lon="-99.33021">
        <ele>454.0</ele>
      </trkpt>
      <trkpt lat="30.56507" lon="-99.33018">
        <ele>454.0</ele>
      </trkpt>
      <trkpt lat="30.5651" lon="-99.33016">
        <ele>454.0</ele>
      </trkpt>
      <trkpt lat="30.56513" lon="-99.33015">
        <ele>454.0</ele>
      </trkpt>
      <trkpt lat="30.56518" lon="-99.33013">
        <ele>454.0</ele>
      </trkpt>
      <trkpt lat="30.56536" lon="-99.33008">
        <ele>454.0</ele>
      </trkpt>
      <trkpt lat="30.56537" lon="-99.33008">
        <ele>454.0</ele>
      </trkpt>
      <trkpt lat="30.56541" lon="-99.33008">
        <ele>454.0</ele>
      </trkpt>
      <trkpt lat="30.56543" lon="-99.33008">
        <ele>454.0</ele>
      </trkpt>
      <trkpt lat="30.56545" lon="-99.33008">
        <ele>454.0</ele>
      </trkpt>
      <trkpt lat="30.56549" lon="-99.3301">
        <ele>454.0</ele>
      </trkpt>
      <trkpt lat="30.56551" lon="-99.33012">
        <ele>454.0</ele>
      </trkpt>
      <trkpt lat="30.56555" lon="-99.33016">
        <ele>454.0</ele>
      </trkpt>
      <trkpt lat="30.56557" lon="-99.33019">
        <ele>454.0</ele>
      </trkpt>
      <trkpt lat="30.56563" lon="-99.33029">
        <ele>455.1</ele>
      </trkpt>
      <trkpt lat="30.56568" lon="-99.33035">
        <ele>456.1</ele>
      </trkpt>
      <trkpt lat="30.56573" lon="-99.33041">
        <ele>456.6</ele>
      </trkpt>
      <trkpt lat="30.56579" lon="-99.33045">
        <ele>457.3</ele>
      </trkpt>
      <trkpt lat="30.56588" lon="-99.3305">
        <ele>458.7</ele>
      </trkpt>
      <trkpt lat="30.56593" lon="-99.33053">
        <ele>459.6</ele>
      </trkpt>
      <trkpt lat="30.56599" lon="-99.33054">
        <ele>460.8</ele>
      </trkpt>
      <trkpt lat="30.56605" lon="-99.33055">
        <ele>461.8</ele>
      </trkpt>
      <trkpt lat="30.56611" lon="-99.33055">
        <ele>462.6</ele>
      </trkpt>
      <trkpt lat="30.56616" lon="-99.33054">
        <ele>463.0</ele>
      </trkpt>
      <trkpt lat="30.56632" lon="-99.33051">
        <ele>463.7</ele>
      </trkpt>
      <trkpt lat="30.56642" lon="-99.33049">
        <ele>464.0</ele>
      </trkpt>
      <trkpt lat="30.56646" lon="-99.33049">
        <ele>464.1</ele>
      </trkpt>
      <trkpt lat="30.56649" lon="-99.33048">
        <ele>464.1</ele>
      </trkpt>
      <trkpt lat="30.56658" lon="-99.33047">
        <ele>464.4</ele>
      </trkpt>
      <trkpt lat="30.56675" lon="-99.33048">
        <ele>464.9</ele>
      </trkpt>
      <trkpt lat="30.56682" lon="-99.33048">
        <ele>465.1</ele>
      </trkpt>
      <trkpt lat="30.56699" lon="-99.33049">
        <ele>465.7</ele>
      </trkpt>
      <trkpt lat="30.567" lon="-99.33049">
        <ele>465.7</ele>
      </trkpt>
      <trkpt lat="30.56718" lon="-99.3305">
        <ele>466.4</ele>
      </trkpt>
      <trkpt lat="30.56731" lon="-99.3305">
        <ele>466.9</ele>
      </trkpt>
      <trkpt lat="30.56755" lon="-99.33052">
        <ele>467.8</ele>
      </trkpt>
      <trkpt lat="30.56769" lon="-99.33052">
        <ele>468.4</ele>
      </trkpt>
      <trkpt lat="30.56775" lon="-99.33052">
        <ele>468.6</ele>
      </trkpt>
      <trkpt lat="30.5678" lon="-99.33051">
        <ele>468.7</ele>
      </trkpt>
      <trkpt lat="30.56787" lon="-99.33045">
        <ele>468.9</ele>
      </trkpt>
      <trkpt lat="30.56795" lon="-99.33038">
        <ele>469.1</ele>
      </trkpt>
      <trkpt lat="30.56833" lon="-99.32999">
        <ele>470.7</ele>
      </trkpt>
      <trkpt lat="30.56872" lon="-99.32958">
        <ele>470.1</ele>
      </trkpt>
      <trkpt lat="30.56875" lon="-99.32955">
        <ele>469.9</ele>
      </trkpt>
      <trkpt lat="30.56898" lon="-99.32931">
        <ele>469.0</ele>
      </trkpt>
      <trkpt lat="30.56916" lon="-99.32913">
        <ele>468.7</ele>
      </trkpt>
      <trkpt lat="30.56933" lon="-99.32895">
        <ele>468.4</ele>
      </trkpt>
      <trkpt lat="30.56945" lon="-99.32881">
        <ele>468.2</ele>
      </trkpt>
      <trkpt lat="30.56951" lon="-99.32873">
        <ele>468.1</ele>
      </trkpt>
      <trkpt lat="30.56953" lon="-99.32869">
        <ele>468.1</ele>
      </trkpt>
      <trkpt lat="30.56955" lon="-99.32866">
        <ele>468.0</ele>
      </trkpt>
      <trkpt lat="30.56957" lon="-99.32861">
        <ele>468.0</ele>
      </trkpt>
      <trkpt lat="30.56971" lon="-99.32833">
        <ele>467.5</ele>
      </trkpt>
      <trkpt lat="30.56974" lon="-99.32826">
        <ele>467.4</ele>
      </trkpt>
      <trkpt lat="30.56988" lon="-99.32797">
        <ele>466.6</ele>
      </trkpt>
      <trkpt lat="30.57004" lon="-99.32764">
        <ele>465.3</ele>
      </trkpt>
      <trkpt lat="30.57014" lon="-99.32742">
        <ele>464.6</ele>
      </trkpt>
      <trkpt lat="30.57028" lon="-99.32712">
        <ele>463.7</ele>
      </trkpt>
      <trkpt lat="30.57033" lon="-99.327">
        <ele>463.3</ele>
      </trkpt>
      <trkpt lat="30.57036" lon="-99.32689">
        <ele>463.1</ele>
      </trkpt>
      <trkpt lat="30.57037" lon="-99.32685">
        <ele>463.0</ele>
      </trkpt>
      <trkpt lat="30.57037" lon="-99.32682">
        <ele>462.9</ele>
      </trkpt>
      <trkpt lat="30.57038" lon="-99.3267">
        <ele>462.7</ele>
      </trkpt>
      <trkpt lat="30.57042" lon="-99.32614">
        <ele>461.9</ele>
      </trkpt>
      <trkpt lat="30.57044" lon="-99.32563">
        <ele>460.7</ele>
      </trkpt>
      <trkpt lat="30.57046" lon="-99.3252">
        <ele>459.3</ele>
      </trkpt>
      <trkpt lat="30.57046" lon="-99.32513">
        <ele>459.0</ele>
      </trkpt>
      <trkpt lat="30.57047" lon="-99.32505">
        <ele>458.8</ele>
      </trkpt>
      <trkpt lat="30.57049" lon="-99.32499">
        <ele>458.6</ele>
      </trkpt>
      <trkpt lat="30.57049" lon="-99.32498">
        <ele>458.5</ele>
      </trkpt>
      <trkpt lat="30.57051" lon="-99.32493">
        <ele>458.4</ele>
      </trkpt>
      <trkpt lat="30.57053" lon="-99.32486">
        <ele>458.1</ele>
      </trkpt>
      <trkpt lat="30.57056" lon="-99.3248">
        <ele>458.0</ele>
      </trkpt>
      <trkpt lat="30.5706" lon="-99.32472">
        <ele>457.7</ele>
      </trkpt>
      <trkpt lat="30.57066" lon="-99.32461">
        <ele>457.2</ele>
      </trkpt>
      <trkpt lat="30.57067" lon="-99.32459">
        <ele>457.1</ele>
      </trkpt>
      <trkpt lat="30.57078" lon="-99.32443">
        <ele>456.0</ele>
      </trkpt>
      <trkpt lat="30.57087" lon="-99.32432">
        <ele>455.4</ele>
      </trkpt>
      <trkpt lat="30.5709" lon="-99.32429">
        <ele>455.2</ele>
      </trkpt>
      <trkpt lat="30.57094" lon="-99.32425">
        <ele>454.8</ele>
      </trkpt>
      <trkpt lat="30.571" lon="-99.32422">
        <ele>454.5</ele>
      </trkpt>
      <trkpt lat="30.57105" lon="-99.32419">
        <ele>454.1</ele>
      </trkpt>
      <trkpt lat="30.5711" lon="-99.32416">
        <ele>453.7</ele>
      </trkpt>
      <trkpt lat="30.5712" lon="-99.32412">
        <ele>453.2</ele>
      </trkpt>
      <trkpt lat="30.57122" lon="-99.32412">
        <ele>453.1</ele>
      </trkpt>
      <trkpt lat="30.57137" lon="-99.32408">
        <ele>452.4</ele>
      </trkpt>
      <trkpt lat="30.57147" lon="-99.32404">
        <ele>451.8</ele>
      </trkpt>
      <trkpt lat="30.57153" lon="-99.32402">
        <ele>451.4</ele>
      </trkpt>
      <trkpt lat="30.57157" lon="-99.32399">
        <ele>451.0</ele>
      </trkpt>
      <trkpt lat="30.57161" lon="-99.32397">
        <ele>450.9</ele>
      </trkpt>
      <trkpt lat="30.57167" lon="-99.32393">
        <ele>450.6</ele>
      </trkpt>
      <trkpt lat="30.57172" lon="-99.32388">
        <ele>450.4</ele>
      </trkpt>
      <trkpt lat="30.57174" lon="-99.32386">
        <ele>450.2</ele>
      </trkpt>
      <trkpt lat="30.57179" lon="-99.32383">
        <ele>450.1</ele>
      </trkpt>
      <trkpt lat="30.57185" lon="-99.32379">
        <ele>449.9</ele>
      </trkpt>
      <trkpt lat="30.57198" lon="-99.323719">
        <ele>448.7</ele>
      </trkpt>
      <trkpt lat="30.57205" lon="-99.32368">
        <ele>448.3</ele>
      </trkpt>
      <trkpt lat="30.57224" lon="-99.32353">
        <ele>447.7</ele>
      </trkpt>
      <trkpt lat="30.57249" lon="-99.32334">
        <ele>447.7</ele>
      </trkpt>
      <trkpt lat="30.57251" lon="-99.32332">
        <ele>447.7</ele>
      </trkpt>
      <trkpt lat="30.57266" lon="-99.3232">
        <ele>447.7</ele>
      </trkpt>
      <trkpt lat="30.57281" lon="-99.32309">
        <ele>447.7</ele>
      </trkpt>
      <trkpt lat="30.57304" lon="-99.32291">
        <ele>449.6</ele>
      </trkpt>
      <trkpt lat="30.57308" lon="-99.32288">
        <ele>450.1</ele>
      </trkpt>
      <trkpt lat="30.57312" lon="-99.32286">
        <ele>450.3</ele>
      </trkpt>
      <trkpt lat="30.57329" lon="-99.3228">
        <ele>450.2</ele>
      </trkpt>
      <trkpt lat="30.57331" lon="-99.32279">
        <ele>450.3</ele>
      </trkpt>
      <trkpt lat="30.5734" lon="-99.32275">
        <ele>450.5</ele>
      </trkpt>
      <trkpt lat="30.57344" lon="-99.32274">
        <ele>450.3</ele>
      </trkpt>
      <trkpt lat="30.57348" lon="-99.32273">
        <ele>450.1</ele>
      </trkpt>
      <trkpt lat="30.57356" lon="-99.32273">
        <ele>449.6</ele>
      </trkpt>
      <trkpt lat="30.57362" lon="-99.32273">
        <ele>449.5</ele>
      </trkpt>
      <trkpt lat="30.57368" lon="-99.32271">
        <ele>449.8</ele>
      </trkpt>
      <trkpt lat="30.57375" lon="-99.32269">
        <ele>450.2</ele>
      </trkpt>
      <trkpt lat="30.57381" lon="-99.32268">
        <ele>450.5</ele>
      </trkpt>
      <trkpt lat="30.57384" lon="-99.32267">
        <ele>451.0</ele>
      </trkpt>
      <trkpt lat="30.57398" lon="-99.32264">
        <ele>453.2</ele>
      </trkpt>
      <trkpt lat="30.57399" lon="-99.32264">
        <ele>453.2</ele>
      </trkpt>
      <trkpt lat="30.57412" lon="-99.32262">
        <ele>453.7</ele>
      </trkpt>
      <trkpt lat="30.57416" lon="-99.32261">
        <ele>453.8</ele>
      </trkpt>
      <trkpt lat="30.57421" lon="-99.32259">
        <ele>453.9</ele>
      </trkpt>
      <trkpt lat="30.57436" lon="-99.32251">
        <ele>454.5</ele>
      </trkpt>
      <trkpt lat="30.57453" lon="-99.3224">
        <ele>455.2</ele>
      </trkpt>
      <trkpt lat="30.57469" lon="-99.32226">
        <ele>455.8</ele>
      </trkpt>
      <trkpt lat="30.57479" lon="-99.32219">
        <ele>456.0</ele>
      </trkpt>
      <trkpt lat="30.57488" lon="-99.32212">
        <ele>456.2</ele>
      </trkpt>
      <trkpt lat="30.57493" lon="-99.32209">
        <ele>456.2</ele>
      </trkpt>
      <trkpt lat="30.57494" lon="-99.32208">
        <ele>456.2</ele>
      </trkpt>
      <trkpt lat="30.57497" lon="-99.32206">
        <ele>456.2</ele>
      </trkpt>
      <trkpt lat="30.57525" lon="-99.32193">
        <ele>456.2</ele>
      </trkpt>
      <trkpt lat="30.57527" lon="-99.32192">
        <ele>456.2</ele>
      </trkpt>
      <trkpt lat="30.57544" lon="-99.32185">
        <ele>456.2</ele>
      </trkpt>
      <trkpt lat="30.57546" lon="-99.32184">
        <ele>456.3</ele>
      </trkpt>
      <trkpt lat="30.57554" lon="-99.3218">
        <ele>456.4</ele>
      </trkpt>
      <trkpt lat="30.57568" lon="-99.32175">
        <ele>456.5</ele>
      </trkpt>
      <trkpt lat="30.57594" lon="-99.32166">
        <ele>456.4</ele>
      </trkpt>
      <trkpt lat="30.57626" lon="-99.32156">
        <ele>456.1</ele>
      </trkpt>
      <trkpt lat="30.57658" lon="-99.32145">
        <ele>455.8</ele>
      </trkpt>
      <trkpt lat="30.57665" lon="-99.32142">
        <ele>455.8</ele>
      </trkpt>
      <trkpt lat="30.57692" lon="-99.32131">
        <ele>455.7</ele>
      </trkpt>
      <trkpt lat="30.57726" lon="-99.32117">
        <ele>455.6</ele>
      </trkpt>
      <trkpt lat="30.57761" lon="-99.32102">
        <ele>455.5</ele>
      </trkpt>
      <trkpt lat="30.57783" lon="-99.32092">
        <ele>455.4</ele>
      </trkpt>
      <trkpt lat="30.57816" lon="-99.32077">
        <ele>455.2</ele>
      </trkpt>
      <trkpt lat="30.57825" lon="-99.32073">
        <ele>455.1</ele>
      </trkpt>
      <trkpt lat="30.57855" lon="-99.32059">
        <ele>455.1</ele>
      </trkpt>
      <trkpt lat="30.57882" lon="-99.32045">
        <ele>455.2</ele>
      </trkpt>
      <trkpt lat="30.57904" lon="-99.32034">
        <ele>455.1</ele>
      </trkpt>
      <trkpt lat="30.57949" lon="-99.32011">
        <ele>455.0</ele>
      </trkpt>
      <trkpt lat="30.57955" lon="-99.32008">
        <ele>455.0</ele>
      </trkpt>
      <trkpt lat="30.5799" lon="-99.3199">
        <ele>455.0</ele>
      </trkpt>
      <trkpt lat="30.58014" lon="-99.31976">
        <ele>455.0</ele>
      </trkpt>
      <trkpt lat="30.58041" lon="-99.31961">
        <ele>454.7</ele>
      </trkpt>
      <trkpt lat="30.58061" lon="-99.3195">
        <ele>454.5</ele>
      </trkpt>
      <trkpt lat="30.58078" lon="-99.31939">
        <ele>454.4</ele>
      </trkpt>
      <trkpt lat="30.58081" lon="-99.31937">
        <ele>454.3</ele>
      </trkpt>
      <trkpt lat="30.58094" lon="-99.31929">
        <ele>453.9</ele>
      </trkpt>
      <trkpt lat="30.58107" lon="-99.31921">
        <ele>453.4</ele>
      </trkpt>
      <trkpt lat="30.5811" lon="-99.31919">
        <ele>453.3</ele>
      </trkpt>
      <trkpt lat="30.58121" lon="-99.31911">
        <ele>452.7</ele>
      </trkpt>
      <trkpt lat="30.58144" lon="-99.31894">
        <ele>450.4</ele>
      </trkpt>
      <trkpt lat="30.58155" lon="-99.31885">
        <ele>447.7</ele>
      </trkpt>
      <trkpt lat="30.58163" lon="-99.31878">
        <ele>447.4</ele>
      </trkpt>
      <trkpt lat="30.5817" lon="-99.31872">
        <ele>447.7</ele>
      </trkpt>
      <trkpt lat="30.58176" lon="-99.31867">
        <ele>448.0</ele>
      </trkpt>
      <trkpt lat="30.58189" lon="-99.31852">
        <ele>449.3</ele>
      </trkpt>
      <trkpt lat="30.58196" lon="-99.31844">
        <ele>449.7</ele>
      </trkpt>
      <trkpt lat="30.58198" lon="-99.31842">
        <ele>449.8</ele>
      </trkpt>
      <trkpt lat="30.58202" lon="-99.31836">
        <ele>450.0</ele>
      </trkpt>
      <trkpt lat="30.58205" lon="-99.3183">
        <ele>450.2</ele>
      </trkpt>
      <trkpt lat="30.58207" lon="-99.31825">
        <ele>450.3</ele>
      </trkpt>
      <trkpt lat="30.58209" lon="-99.31819">
        <ele>450.5</ele>
      </trkpt>
      <trkpt lat="30.5821" lon="-99.31814">
        <ele>450.8</ele>
      </trkpt>
      <trkpt lat="30.58212" lon="-99.31803">
        <ele>451.3</ele>
      </trkpt>
      <trkpt lat="30.58215" lon="-99.31779">
        <ele>452.4</ele>
      </trkpt>
      <trkpt lat="30.58219" lon="-99.31744">
        <ele>454.1</ele>
      </trkpt>
      <trkpt lat="30.58221" lon="-99.31728">
        <ele>454.8</ele>
      </trkpt>
      <trkpt lat="30.5823" lon="-99.31661">
        <ele>455.7</ele>
      </trkpt>
      <trkpt lat="30.5823" lon="-99.3166">
        <ele>455.7</ele>
      </trkpt>
      <trkpt lat="30.58232" lon="-99.31651">
        <ele>455.7</ele>
      </trkpt>
      <trkpt lat="30.58242" lon="-99.31572">
        <ele>456.9</ele>
      </trkpt>
      <trkpt lat="30.58247" lon="-99.31538">
        <ele>458.1</ele>
      </trkpt>
      <trkpt lat="30.58247" lon="-99.31536">
        <ele>458.1</ele>
      </trkpt>
      <trkpt lat="30.58251" lon="-99.31518">
        <ele>458.5</ele>
      </trkpt>
      <trkpt lat="30.58254" lon="-99.31506">
        <ele>458.7</ele>
      </trkpt>
      <trkpt lat="30.58264" lon="-99.31483">
        <ele>459.0</ele>
      </trkpt>
      <trkpt lat="30.58266" lon="-99.31479">
        <ele>459.0</ele>
      </trkpt>
      <trkpt lat="30.58283" lon="-99.31444">
        <ele>459.2</ele>
      </trkpt>
      <trkpt lat="30.58301" lon="-99.31408">
        <ele>459.0</ele>
      </trkpt>
      <trkpt lat="30.58318" lon="-99.31376">
        <ele>458.4</ele>
      </trkpt>
      <trkpt lat="30.58329" lon="-99.31353">
        <ele>458.3</ele>
      </trkpt>
      <trkpt lat="30.5833" lon="-99.31352">
        <ele>458.3</ele>
      </trkpt>
      <trkpt lat="30.58338" lon="-99.31335">
        <ele>458.6</ele>
      </trkpt>
      <trkpt lat="30.58348" lon="-99.31316">
        <ele>459.0</ele>
      </trkpt>
      <trkpt lat="30.58367" lon="-99.31278">
        <ele>459.0</ele>
      </trkpt>
      <trkpt lat="30.58376" lon="-99.31264">
        <ele>458.7</ele>
      </trkpt>
      <trkpt lat="30.58384" lon="-99.3125">
        <ele>458.3</ele>
      </trkpt>
      <trkpt lat="30.58396" lon="-99.31228">
        <ele>458.2</ele>
      </trkpt>
      <trkpt lat="30.58401" lon="-99.31219">
        <ele>458.7</ele>
      </trkpt>
      <trkpt lat="30.58416" lon="-99.31193">
        <ele>460.1</ele>
      </trkpt>
      <trkpt lat="30.58419" lon="-99.31188">
        <ele>460.1</ele>
      </trkpt>
      <trkpt lat="30.58426" lon="-99.31176">
        <ele>459.9</ele>
      </trkpt>
      <trkpt lat="30.58434" lon="-99.31163">
        <ele>459.4</ele>
      </trkpt>
      <trkpt lat="30.58437" lon="-99.3116">
        <ele>459.2</ele>
      </trkpt>
      <trkpt lat="30.58444" lon="-99.3115">
        <ele>458.7</ele>
      </trkpt>
      <trkpt lat="30.58452" lon="-99.3114">
        <ele>458.6</ele>
      </trkpt>
      <trkpt lat="30.58462" lon="-99.31132">
        <ele>458.5</ele>
      </trkpt>
      <trkpt lat="30.58474" lon="-99.31124">
        <ele>458.5</ele>
      </trkpt>
      <trkpt lat="30.58497" lon="-99.3111">
        <ele>458.2</ele>
      </trkpt>
      <trkpt lat="30.58544" lon="-99.31087">
        <ele>455.1</ele>
      </trkpt>
      <trkpt lat="30.58552" lon="-99.31083">
        <ele>454.8</ele>
      </trkpt>
      <trkpt lat="30.58576" lon="-99.31067">
        <ele>454.1</ele>
      </trkpt>
      <trkpt lat="30.58587" lon="-99.31059">
        <ele>454.0</ele>
      </trkpt>
      <trkpt lat="30.58597" lon="-99.3105">
        <ele>454.1</ele>
      </trkpt>
      <trkpt lat="30.58606" lon="-99.31041">
        <ele>454.1</ele>
      </trkpt>
      <trkpt lat="30.58629" lon="-99.31011">
        <ele>454.3</ele>
      </trkpt>
      <trkpt lat="30.58639" lon="-99.30998">
        <ele>454.3</ele>
      </trkpt>
      <trkpt lat="30.58641" lon="-99.30996">
        <ele>454.3</ele>
      </trkpt>
      <trkpt lat="30.58649" lon="-99.30987">
        <ele>454.3</ele>
      </trkpt>
      <trkpt lat="30.58667" lon="-99.3097">
        <ele>454.2</ele>
      </trkpt>
      <trkpt lat="30.58697" lon="-99.30944">
        <ele>454.0</ele>
      </trkpt>
      <trkpt lat="30.5872" lon="-99.30925">
        <ele>453.3</ele>
      </trkpt>
      <trkpt lat="30.58726" lon="-99.30919">
        <ele>453.4</ele>
      </trkpt>
      <trkpt lat="30.58729" lon="-99.30916">
        <ele>453.4</ele>
      </trkpt>
      <trkpt lat="30.58744" lon="-99.309">
        <ele>453.9</ele>
      </trkpt>
      <trkpt lat="30.58768" lon="-99.30875">
        <ele>454.2</ele>
      </trkpt>
      <trkpt lat="30.58786" lon="-99.30855">
        <ele>454.4</ele>
      </trkpt>
      <trkpt lat="30.58802" lon="-99.30838">
        <ele>454.4</ele>
      </trkpt>
      <trkpt lat="30.58805" lon="-99.30833">
        <ele>454.6</ele>
      </trkpt>
      <trkpt lat="30.58809" lon="-99.30828">
        <ele>454.6</ele>
      </trkpt>
      <trkpt lat="30.58816" lon="-99.30817">
        <ele>454.8</ele>
      </trkpt>
      <trkpt lat="30.58818" lon="-99.30814">
        <ele>454.9</ele>
      </trkpt>
      <trkpt lat="30.58822" lon="-99.30806">
        <ele>454.9</ele>
      </trkpt>
      <trkpt lat="30.58825" lon="-99.30795">
        <ele>455.1</ele>
      </trkpt>
      <trkpt lat="30.5883" lon="-99.30774">
        <ele>455.2</ele>
      </trkpt>
      <trkpt lat="30.58834" lon="-99.3075">
        <ele>454.3</ele>
      </trkpt>
      <trkpt lat="30.58842" lon="-99.30717">
        <ele>452.6</ele>
      </trkpt>
      <trkpt lat="30.58847" lon="-99.30697">
        <ele>450.4</ele>
      </trkpt>
      <trkpt lat="30.58854" lon="-99.3067">
        <ele>450.9</ele>
      </trkpt>
      <trkpt lat="30.58857" lon="-99.30657">
        <ele>450.7</ele>
      </trkpt>
      <trkpt lat="30.58858" lon="-99.30653">
        <ele>451.0</ele>
      </trkpt>
      <trkpt lat="30.58862" lon="-99.3064">
        <ele>451.8</ele>
      </trkpt>
      <trkpt lat="30.58863" lon="-99.30638">
        <ele>451.5</ele>
      </trkpt>
      <trkpt lat="30.58865" lon="-99.30634">
        <ele>450.5</ele>
      </trkpt>
      <trkpt lat="30.58868" lon="-99.3063">
        <ele>449.7</ele>
      </trkpt>
      <trkpt lat="30.58872" lon="-99.30625">
        <ele>449.1</ele>
      </trkpt>
      <trkpt lat="30.58877" lon="-99.30621">
        <ele>448.6</ele>
      </trkpt>
      <trkpt lat="30.58882" lon="-99.30619">
        <ele>448.2</ele>
      </trkpt>
      <trkpt lat="30.58891" lon="-99.30616">
        <ele>447.6</ele>
      </trkpt>
      <trkpt lat="30.58909" lon="-99.30611">
        <ele>446.3</ele>
      </trkpt>
      <trkpt lat="30.58915" lon="-99.30609">
        <ele>446.2</ele>
      </trkpt>
      <trkpt lat="30.5892" lon="-99.30607">
        <ele>446.9</ele>
      </trkpt>
      <trkpt lat="30.58924" lon="-99.30604">
        <ele>447.3</ele>
      </trkpt>
      <trkpt lat="30.58928" lon="-99.306">
        <ele>447.7</ele>
      </trkpt>
      <trkpt lat="30.58934" lon="-99.30592">
        <ele>448.5</ele>
      </trkpt>
      <trkpt lat="30.58945" lon="-99.30576">
        <ele>449.4</ele>
      </trkpt>
      <trkpt lat="30.5895" lon="-99.30567">
        <ele>449.6</ele>
      </trkpt>
      <trkpt lat="30.58958" lon="-99.30556">
        <ele>450.3</ele>
      </trkpt>
      <trkpt lat="30.58964" lon="-99.3055">
        <ele>451.2</ele>
      </trkpt>
      <trkpt lat="30.58971" lon="-99.30543">
        <ele>452.0</ele>
      </trkpt>
      <trkpt lat="30.58979" lon="-99.30536">
        <ele>452.7</ele>
      </trkpt>
      <trkpt lat="30.58984" lon="-99.30533">
        <ele>452.9</ele>
      </trkpt>
      <trkpt lat="30.58996" lon="-99.30529">
        <ele>453.3</ele>
      </trkpt>
      <trkpt lat="30.59001" lon="-99.30527">
        <ele>453.4</ele>
      </trkpt>
      <trkpt lat="30.59005" lon="-99.30526">
        <ele>453.6</ele>
      </trkpt>
      <trkpt lat="30.59018" lon="-99.30524">
        <ele>453.9</ele>
      </trkpt>
      <trkpt lat="30.59026" lon="-99.30523">
        <ele>454.0</ele>
      </trkpt>
      <trkpt lat="30.59037" lon="-99.30524">
        <ele>453.7</ele>
      </trkpt>
      <trkpt lat="30.59038" lon="-99.30524">
        <ele>453.7</ele>
      </trkpt>
      <trkpt lat="30.59048" lon="-99.30524">
        <ele>453.0</ele>
      </trkpt>
      <trkpt lat="30.59058" lon="-99.30526">
        <ele>451.9</ele>
      </trkpt>
      <trkpt lat="30.59077" lon="-99.3053">
        <ele>451.4</ele>
      </trkpt>
      <trkpt lat="30.59092" lon="-99.30532">
        <ele>451.8</ele>
      </trkpt>
      <trkpt lat="30.59108" lon="-99.30536">
        <ele>452.3</ele>
      </trkpt>
      <trkpt lat="30.59117" lon="-99.30538">
        <ele>452.9</ele>
      </trkpt>
      <trkpt lat="30.59134" lon="-99.30543">
        <ele>454.1</ele>
      </trkpt>
      <trkpt lat="30.59178" lon="-99.30556">
        <ele>455.7</ele>
      </trkpt>
      <trkpt lat="30.59182" lon="-99.30557">
        <ele>455.8</ele>
      </trkpt>
      <trkpt lat="30.59194" lon="-99.30559">
        <ele>455.9</ele>
      </trkpt>
      <trkpt lat="30.592" lon="-99.3056">
        <ele>456.0</ele>
      </trkpt>
      <trkpt lat="30.59206" lon="-99.30561">
        <ele>456.0</ele>
      </trkpt>
      <trkpt lat="30.59212" lon="-99.30561">
        <ele>456.1</ele>
      </trkpt>
      <trkpt lat="30.59213" lon="-99.3056">
        <ele>456.1</ele>
      </trkpt>
      <trkpt lat="30.5922" lon="-99.3056">
        <ele>456.1</ele>
      </trkpt>
      <trkpt lat="30.59232" lon="-99.30558">
        <ele>456.2</ele>
      </trkpt>
      <trkpt lat="30.59245" lon="-99.30555">
        <ele>456.1</ele>
      </trkpt>
      <trkpt lat="30.59267" lon="-99.30549">
        <ele>456.0</ele>
      </trkpt>
      <trkpt lat="30.59289" lon="-99.30543">
        <ele>455.8</ele>
      </trkpt>
      <trkpt lat="30.59301" lon="-99.3054">
        <ele>455.8</ele>
      </trkpt>
      <trkpt lat="30.59332" lon="-99.30531">
        <ele>455.8</ele>
      </trkpt>
      <trkpt lat="30.59362" lon="-99.30523">
        <ele>456.1</ele>
      </trkpt>
      <trkpt lat="30.59371" lon="-99.3052">
        <ele>456.1</ele>
      </trkpt>
      <trkpt lat="30.59384" lon="-99.30516">
        <ele>456.2</ele>
      </trkpt>
      <trkpt lat="30.59389" lon="-99.30514">
        <ele>456.2</ele>
      </trkpt>
      <trkpt lat="30.59406" lon="-99.30508">
        <ele>455.7</ele>
      </trkpt>
      <trkpt lat="30.59414" lon="-99.30506">
        <ele>455.5</ele>
      </trkpt>
      <trkpt lat="30.59423" lon="-99.30502">
        <ele>455.2</ele>
      </trkpt>
      <trkpt lat="30.59444" lon="-99.30493">
        <ele>454.9</ele>
      </trkpt>
      <trkpt lat="30.59457" lon="-99.30488">
        <ele>454.7</ele>
      </trkpt>
      <trkpt lat="30.59471" lon="-99.30482">
        <ele>454.3</ele>
      </trkpt>
      <trkpt lat="30.59474" lon="-99.30481">
        <ele>454.2</ele>
      </trkpt>
      <trkpt lat="30.59494" lon="-99.30474">
        <ele>453.2</ele>
      </trkpt>
      <trkpt lat="30.59504" lon="-99.30471">
        <ele>452.6</ele>
      </trkpt>
      <trkpt lat="30.5951" lon="-99.30469">
        <ele>452.2</ele>
      </trkpt>
      <trkpt lat="30.59517" lon="-99.30468">
        <ele>451.8</ele>
      </trkpt>
      <trkpt lat="30.59526" lon="-99.30468">
        <ele>451.5</ele>
      </trkpt>
      <trkpt lat="30.59528" lon="-99.30467">
        <ele>451.4</ele>
      </trkpt>
      <trkpt lat="30.59537" lon="-99.30467">
        <ele>451.4</ele>
      </trkpt>
      <trkpt lat="30.59561" lon="-99.30469">
        <ele>452.2</ele>
      </trkpt>
      <trkpt lat="30.59573" lon="-99.3047">
        <ele>452.7</ele>
      </trkpt>
      <trkpt lat="30.59603" lon="-99.30475">
        <ele>453.9</ele>
      </trkpt>
      <trkpt lat="30.59621" lon="-99.30477">
        <ele>454.5</ele>
      </trkpt>
      <trkpt lat="30.59642" lon="-99.3048">
        <ele>454.8</ele>
      </trkpt>
      <trkpt lat="30.5969" lon="-99.30486">
        <ele>455.3</ele>
      </trkpt>
      <trkpt lat="30.5971" lon="-99.30489">
        <ele>455.6</ele>
      </trkpt>
      <trkpt lat="30.59728" lon="-99.30491">
        <ele>456.1</ele>
      </trkpt>
      <trkpt lat="30.59756" lon="-99.30494">
        <ele>456.2</ele>
      </trkpt>
      <trkpt lat="30.59785" lon="-99.30497">
        <ele>456.3</ele>
      </trkpt>
      <trkpt lat="30.59811" lon="-99.30501">
        <ele>456.5</ele>
      </trkpt>
      <trkpt lat="30.59848" lon="-99.30507">
        <ele>458.0</ele>
      </trkpt>
      <trkpt lat="30.59853" lon="-99.30508">
        <ele>458.3</ele>
      </trkpt>
      <trkpt lat="30.59871" lon="-99.30511">
        <ele>458.6</ele>
      </trkpt>
      <trkpt lat="30.59888" lon="-99.30515">
        <ele>458.9</ele>
      </trkpt>
      <trkpt lat="30.59889" lon="-99.30515">
        <ele>458.9</ele>
      </trkpt>
      <trkpt lat="30.59905" lon="-99.30517">
        <ele>459.1</ele>
      </trkpt>
      <trkpt lat="30.59906" lon="-99.30518">
        <ele>459.0</ele>
      </trkpt>
      <trkpt lat="30.59918" lon="-99.30519">
        <ele>459.1</ele>
      </trkpt>
      <trkpt lat="30.59928" lon="-99.30519">
        <ele>459.3</ele>
      </trkpt>
      <trkpt lat="30.59935" lon="-99.30519">
        <ele>459.3</ele>
      </trkpt>
      <trkpt lat="30.59945" lon="-99.30518">
        <ele>459.5</ele>
      </trkpt>
      <trkpt lat="30.59955" lon="-99.30515">
        <ele>459.8</ele>
      </trkpt>
      <trkpt lat="30.59967" lon="-99.30511">
        <ele>459.8</ele>
      </trkpt>
      <trkpt lat="30.59977" lon="-99.30507">
        <ele>459.7</ele>
      </trkpt>
      <trkpt lat="30.59978" lon="-99.30507">
        <ele>459.7</ele>
      </trkpt>
      <trkpt lat="30.59992" lon="-99.30498">
        <ele>459.7</ele>
      </trkpt>
      <trkpt lat="30.59993" lon="-99.30498">
        <ele>459.7</ele>
      </trkpt>
      <trkpt lat="30.60001" lon="-99.30493">
        <ele>459.5</ele>
      </trkpt>
      <trkpt lat="30.60008" lon="-99.30488">
        <ele>459.4</ele>
      </trkpt>
      <trkpt lat="30.6001" lon="-99.30486">
        <ele>459.4</ele>
      </trkpt>
      <trkpt lat="30.60022" lon="-99.30476">
        <ele>459.2</ele>
      </trkpt>
      <trkpt lat="30.60037" lon="-99.30462">
        <ele>459.5</ele>
      </trkpt>
      <trkpt lat="30.60051" lon="-99.30448">
        <ele>460.2</ele>
      </trkpt>
      <trkpt lat="30.60056" lon="-99.30443">
        <ele>460.3</ele>
      </trkpt>
      <trkpt lat="30.60078" lon="-99.3042">
        <ele>460.4</ele>
      </trkpt>
      <trkpt lat="30.60093" lon="-99.30404">
        <ele>460.1</ele>
      </trkpt>
      <trkpt lat="30.60096" lon="-99.30401">
        <ele>460.0</ele>
      </trkpt>
      <trkpt lat="30.60109" lon="-99.30386">
        <ele>459.5</ele>
      </trkpt>
      <trkpt lat="30.60114" lon="-99.30378">
        <ele>459.3</ele>
      </trkpt>
      <trkpt lat="30.6012" lon="-99.3037">
        <ele>459.0</ele>
      </trkpt>
      <trkpt lat="30.60125" lon="-99.30364">
        <ele>458.8</ele>
      </trkpt>
      <trkpt lat="30.60132" lon="-99.30353">
        <ele>458.5</ele>
      </trkpt>
      <trkpt lat="30.6014" lon="-99.3034">
        <ele>458.0</ele>
      </trkpt>
      <trkpt lat="30.6016" lon="-99.30303">
        <ele>457.1</ele>
      </trkpt>
      <trkpt lat="30.60182" lon="-99.30261">
        <ele>456.7</ele>
      </trkpt>
      <trkpt lat="30.60189" lon="-99.30248">
        <ele>456.6</ele>
      </trkpt>
      <trkpt lat="30.60203" lon="-99.30221">
        <ele>456.4</ele>
      </trkpt>
      <trkpt lat="30.60218" lon="-99.30195">
        <ele>456.1</ele>
      </trkpt>
      <trkpt lat="30.60222" lon="-99.30188">
        <ele>456.1</ele>
      </trkpt>
      <trkpt lat="30.60238" lon="-99.30161">
        <ele>455.9</ele>
      </trkpt>
      <trkpt lat="30.60239" lon="-99.3016">
        <ele>455.9</ele>
      </trkpt>
      <trkpt lat="30.60246" lon="-99.3015">
        <ele>455.7</ele>
      </trkpt>
      <trkpt lat="30.60253" lon="-99.3014">
        <ele>455.6</ele>
      </trkpt>
      <trkpt lat="30.60273" lon="-99.30113">
        <ele>456.9</ele>
      </trkpt>
      <trkpt lat="30.60291" lon="-99.30089">
        <ele>457.9</ele>
      </trkpt>
      <trkpt lat="30.60322" lon="-99.30043">
        <ele>458.5</ele>
      </trkpt>
      <trkpt lat="30.60329" lon="-99.30031">
        <ele>458.3</ele>
      </trkpt>
      <trkpt lat="30.6034" lon="-99.30015">
        <ele>458.1</ele>
      </trkpt>
      <trkpt lat="30.60344" lon="-99.30009">
        <ele>458.1</ele>
      </trkpt>
      <trkpt lat="30.60357" lon="-99.29989">
        <ele>458.0</ele>
      </trkpt>
      <trkpt lat="30.60373" lon="-99.29965">
        <ele>458.1</ele>
      </trkpt>
      <trkpt lat="30.60392" lon="-99.2994">
        <ele>458.1</ele>
      </trkpt>
      <trkpt lat="30.6044" lon="-99.29879">
        <ele>459.0</ele>
      </trkpt>
      <trkpt lat="30.60455" lon="-99.29859">
        <ele>457.8</ele>
      </trkpt>
      <trkpt lat="30.60475" lon="-99.29833">
        <ele>456.5</ele>
      </trkpt>
      <trkpt lat="30.60479" lon="-99.29827">
        <ele>456.3</ele>
      </trkpt>
      <trkpt lat="30.60491" lon="-99.29811">
        <ele>455.4</ele>
      </trkpt>
      <trkpt lat="30.605" lon="-99.29801">
        <ele>454.2</ele>
      </trkpt>
      <trkpt lat="30.60508" lon="-99.29791">
        <ele>452.8</ele>
      </trkpt>
      <trkpt lat="30.60514" lon="-99.29785">
        <ele>451.8</ele>
      </trkpt>
      <trkpt lat="30.60522" lon="-99.29777">
        <ele>450.9</ele>
      </trkpt>
      <trkpt lat="30.60532" lon="-99.29768">
        <ele>450.4</ele>
      </trkpt>
      <trkpt lat="30.60539" lon="-99.29762">
        <ele>450.2</ele>
      </trkpt>
      <trkpt lat="30.60545" lon="-99.29757">
        <ele>449.9</ele>
      </trkpt>
      <trkpt lat="30.60556" lon="-99.29747">
        <ele>449.1</ele>
      </trkpt>
      <trkpt lat="30.6056" lon="-99.29745">
        <ele>448.9</ele>
      </trkpt>
      <trkpt lat="30.60575" lon="-99.29733">
        <ele>447.7</ele>
      </trkpt>
      <trkpt lat="30.60576" lon="-99.29732">
        <ele>447.6</ele>
      </trkpt>
      <trkpt lat="30.60589" lon="-99.29721">
        <ele>446.6</ele>
      </trkpt>
      <trkpt lat="30.60604" lon="-99.29709">
        <ele>445.4</ele>
      </trkpt>
      <trkpt lat="30.60613" lon="-99.29702">
        <ele>444.9</ele>
      </trkpt>
      <trkpt lat="30.60619" lon="-99.29698">
        <ele>444.8</ele>
      </trkpt>
      <trkpt lat="30.60634" lon="-99.29686">
        <ele>445.8</ele>
      </trkpt>
      <trkpt lat="30.60644" lon="-99.29678">
        <ele>446.6</ele>
      </trkpt>
      <trkpt lat="30.60674" lon="-99.29654">
        <ele>448.6</ele>
      </trkpt>
      <trkpt lat="30.60679" lon="-99.29651">
        <ele>448.7</ele>
      </trkpt>
      <trkpt lat="30.60689" lon="-99.29642">
        <ele>448.8</ele>
      </trkpt>
      <trkpt lat="30.60705" lon="-99.29627">
        <ele>448.6</ele>
      </trkpt>
      <trkpt lat="30.60716" lon="-99.29617">
        <ele>448.2</ele>
      </trkpt>
      <trkpt lat="30.60731" lon="-99.29601">
        <ele>447.4</ele>
      </trkpt>
      <trkpt lat="30.60741" lon="-99.2959">
        <ele>447.0</ele>
      </trkpt>
      <trkpt lat="30.60746" lon="-99.29582">
        <ele>447.0</ele>
      </trkpt>
      <trkpt lat="30.60754" lon="-99.29572">
        <ele>447.1</ele>
      </trkpt>
      <trkpt lat="30.60758" lon="-99.29566">
        <ele>447.4</ele>
      </trkpt>
      <trkpt lat="30.60763" lon="-99.29559">
        <ele>447.8</ele>
      </trkpt>
      <trkpt lat="30.6077" lon="-99.29548">
        <ele>448.4</ele>
      </trkpt>
      <trkpt lat="30.60777" lon="-99.29536">
        <ele>448.7</ele>
      </trkpt>
      <trkpt lat="30.6078" lon="-99.29529">
        <ele>448.6</ele>
      </trkpt>
      <trkpt lat="30.60785" lon="-99.29514">
        <ele>448.3</ele>
      </trkpt>
      <trkpt lat="30.60789" lon="-99.29498">
        <ele>447.9</ele>
      </trkpt>
      <trkpt lat="30.60792" lon="-99.29481">
        <ele>447.8</ele>
      </trkpt>
      <trkpt lat="30.60794" lon="-99.29461">
        <ele>447.7</ele>
      </trkpt>
      <trkpt lat="30.60795" lon="-99.29444">
        <ele>447.7</ele>
      </trkpt>
      <trkpt lat="30.60795" lon="-99.29431">
        <ele>447.8</ele>
      </trkpt>
      <trkpt lat="30.60793" lon="-99.29415">
        <ele>447.8</ele>
      </trkpt>
      <trkpt lat="30.60792" lon="-99.29407">
        <ele>447.9</ele>
      </trkpt>
      <trkpt lat="30.6079" lon="-99.29391">
        <ele>447.9</ele>
      </trkpt>
      <trkpt lat="30.60787" lon="-99.29377">
        <ele>448.0</ele>
      </trkpt>
      <trkpt lat="30.60785" lon="-99.29369">
        <ele>448.0</ele>
      </trkpt>
      <trkpt lat="30.60782" lon="-99.29362">
        <ele>448.1</ele>
      </trkpt>
      <trkpt lat="30.6078" lon="-99.29355">
        <ele>448.1</ele>
      </trkpt>
      <trkpt lat="30.60777" lon="-99.2935">
        <ele>448.1</ele>
      </trkpt>
      <trkpt lat="30.60773" lon="-99.29344">
        <ele>448.1</ele>
      </trkpt>
      <trkpt lat="30.60767" lon="-99.29335">
        <ele>448.0</ele>
      </trkpt>
      <trkpt lat="30.60762" lon="-99.29328">
        <ele>447.8</ele>
      </trkpt>
      <trkpt lat="30.60754" lon="-99.29319">
        <ele>447.4</ele>
      </trkpt>
      <trkpt lat="30.60752" lon="-99.29315">
        <ele>447.2</ele>
      </trkpt>
      <trkpt lat="30.60751" lon="-99.29312">
        <ele>447.0</ele>
      </trkpt>
      <trkpt lat="30.6075" lon="-99.2931">
        <ele>446.9</ele>
      </trkpt>
      <trkpt lat="30.6075" lon="-99.29306">
        <ele>446.6</ele>
      </trkpt>
      <trkpt lat="30.6075" lon="-99.29303">
        <ele>446.4</ele>
      </trkpt>
      <trkpt lat="30.6075" lon="-99.293">
        <ele>446.2</ele>
      </trkpt>
      <trkpt lat="30.60752" lon="-99.29294">
        <ele>445.6</ele>
      </trkpt>
      <trkpt lat="30.60755" lon="-99.29287">
        <ele>444.7</ele>
      </trkpt>
      <trkpt lat="30.60759" lon="-99.29281">
        <ele>443.5</ele>
      </trkpt>
      <trkpt lat="30.60769" lon="-99.29267">
        <ele>444.0</ele>
      </trkpt>
      <trkpt lat="30.60771" lon="-99.29264">
        <ele>444.3</ele>
      </trkpt>
      <trkpt lat="30.60779" lon="-99.29252">
        <ele>445.4</ele>
      </trkpt>
      <trkpt lat="30.6079" lon="-99.29236">
        <ele>445.4</ele>
      </trkpt>
      <trkpt lat="30.608" lon="-99.29221">
        <ele>445.3</ele>
      </trkpt>
      <trkpt lat="30.60803" lon="-99.29217">
        <ele>445.4</ele>
      </trkpt>
      <trkpt lat="30.60807" lon="-99.29212">
        <ele>445.7</ele>
      </trkpt>
      <trkpt lat="30.60811" lon="-99.29209">
        <ele>445.8</ele>
      </trkpt>
      <trkpt lat="30.60815" lon="-99.29205">
        <ele>446.0</ele>
      </trkpt>
      <trkpt lat="30.60826" lon="-99.292">
        <ele>445.9</ele>
      </trkpt>
      <trkpt lat="30.60838" lon="-99.29193">
        <ele>446.3</ele>
      </trkpt>
      <trkpt lat="30.60843" lon="-99.2919">
        <ele>446.5</ele>
      </trkpt>
      <trkpt lat="30.60848" lon="-99.29186">
        <ele>446.6</ele>
      </trkpt>
      <trkpt lat="30.60857" lon="-99.29179">
        <ele>446.7</ele>
      </trkpt>
      <trkpt lat="30.6086" lon="-99.29177">
        <ele>446.6</ele>
      </trkpt>
      <trkpt lat="30.60869" lon="-99.29169">
        <ele>446.2</ele>
      </trkpt>
      <trkpt lat="30.60872" lon="-99.29167">
        <ele>446.0</ele>
      </trkpt>
      <trkpt lat="30.60881" lon="-99.29158">
        <ele>445.7</ele>
      </trkpt>
      <trkpt lat="30.60889" lon="-99.2915">
        <ele>445.7</ele>
      </trkpt>
      <trkpt lat="30.60904" lon="-99.29132">
        <ele>445.5</ele>
      </trkpt>
      <trkpt lat="30.60911" lon="-99.29124">
        <ele>445.6</ele>
      </trkpt>
      <trkpt lat="30.60926" lon="-99.29108">
        <ele>446.1</ele>
      </trkpt>
      <trkpt lat="30.60935" lon="-99.29097">
        <ele>446.4</ele>
      </trkpt>
      <trkpt lat="30.60945" lon="-99.29087">
        <ele>446.7</ele>
      </trkpt>
      <trkpt lat="30.60956" lon="-99.29072">
        <ele>447.1</ele>
      </trkpt>
      <trkpt lat="30.60971" lon="-99.29051">
        <ele>447.6</ele>
      </trkpt>
      <trkpt lat="30.60983" lon="-99.29037">
        <ele>447.8</ele>
      </trkpt>
      <trkpt lat="30.60987" lon="-99.2903">
        <ele>447.9</ele>
      </trkpt>
      <trkpt lat="30.60992" lon="-99.29025">
        <ele>447.9</ele>
      </trkpt>
      <trkpt lat="30.60993" lon="-99.29024">
        <ele>447.9</ele>
      </trkpt>
      <trkpt lat="30.6101" lon="-99.29007">
        <ele>447.8</ele>
      </trkpt>
      <trkpt lat="30.61029" lon="-99.28989">
        <ele>447.7</ele>
      </trkpt>
      <trkpt lat="30.61062" lon="-99.28959">
        <ele>447.0</ele>
      </trkpt>
      <trkpt lat="30.61077" lon="-99.28945">
        <ele>446.8</ele>
      </trkpt>
      <trkpt lat="30.61094" lon="-99.28928">
        <ele>446.9</ele>
      </trkpt>
      <trkpt lat="30.61124" lon="-99.289">
        <ele>447.6</ele>
      </trkpt>
      <trkpt lat="30.61135" lon="-99.28888">
        <ele>448.7</ele>
      </trkpt>
      <trkpt lat="30.61155" lon="-99.28864">
        <ele>450.0</ele>
      </trkpt>
      <trkpt lat="30.61159" lon="-99.28858">
        <ele>450.2</ele>
      </trkpt>
      <trkpt lat="30.6116" lon="-99.28855">
        <ele>450.4</ele>
      </trkpt>
      <trkpt lat="30.61163" lon="-99.2885">
        <ele>450.6</ele>
      </trkpt>
      <trkpt lat="30.61165" lon="-99.28844">
        <ele>450.9</ele>
      </trkpt>
      <trkpt lat="30.61167" lon="-99.28839">
        <ele>451.3</ele>
      </trkpt>
      <trkpt lat="30.61167" lon="-99.28838">
        <ele>451.4</ele>
      </trkpt>
      <trkpt lat="30.61169" lon="-99.28829">
        <ele>452.0</ele>
      </trkpt>
      <trkpt lat="30.61175" lon="-99.28804">
        <ele>454.4</ele>
      </trkpt>
      <trkpt lat="30.61182" lon="-99.28778">
        <ele>457.2</ele>
      </trkpt>
      <trkpt lat="30.61189" lon="-99.28747">
        <ele>458.6</ele>
      </trkpt>
      <trkpt lat="30.61191" lon="-99.28738">
        <ele>458.8</ele>
      </trkpt>
      <trkpt lat="30.61203" lon="-99.28688">
        <ele>460.3</ele>
      </trkpt>
      <trkpt lat="30.6121" lon="-99.28658">
        <ele>461.6</ele>
      </trkpt>
      <trkpt lat="30.61211" lon="-99.28653">
        <ele>461.7</ele>
      </trkpt>
      <trkpt lat="30.61215" lon="-99.28638">
        <ele>462.2</ele>
      </trkpt>
      <trkpt lat="30.61216" lon="-99.28635">
        <ele>462.4</ele>
      </trkpt>
      <trkpt lat="30.61225" lon="-99.28597">
        <ele>462.1</ele>
      </trkpt>
      <trkpt lat="30.61231" lon="-99.28575">
        <ele>461.5</ele>
      </trkpt>
      <trkpt lat="30.61236" lon="-99.28557">
        <ele>461.0</ele>
      </trkpt>
      <trkpt lat="30.61237" lon="-99.28554">
        <ele>460.9</ele>
      </trkpt>
      <trkpt lat="30.61239" lon="-99.28548">
        <ele>460.7</ele>
      </trkpt>
      <trkpt lat="30.61241" lon="-99.28544">
        <ele>460.5</ele>
      </trkpt>
      <trkpt lat="30.61244" lon="-99.28538">
        <ele>460.3</ele>
      </trkpt>
      <trkpt lat="30.61248" lon="-99.28533">
        <ele>460.1</ele>
      </trkpt>
      <trkpt lat="30.61252" lon="-99.28528">
        <ele>459.8</ele>
      </trkpt>
      <trkpt lat="30.61261" lon="-99.28519">
        <ele>459.1</ele>
      </trkpt>
      <trkpt lat="30.61272" lon="-99.28511">
        <ele>458.2</ele>
      </trkpt>
      <trkpt lat="30.61286" lon="-99.28501">
        <ele>457.1</ele>
      </trkpt>
      <trkpt lat="30.61291" lon="-99.28498">
        <ele>456.9</ele>
      </trkpt>
      <trkpt lat="30.61307" lon="-99.28487">
        <ele>456.5</ele>
      </trkpt>
      <trkpt lat="30.61317" lon="-99.28479">
        <ele>456.3</ele>
      </trkpt>
      <trkpt lat="30.61323" lon="-99.28474">
        <ele>456.2</ele>
      </trkpt>
      <trkpt lat="30.61351" lon="-99.28451">
        <ele>455.1</ele>
      </trkpt>
      <trkpt lat="30.61375" lon="-99.2843">
        <ele>453.7</ele>
      </trkpt>
      <trkpt lat="30.61392" lon="-99.28416">
        <ele>452.5</ele>
      </trkpt>
      <trkpt lat="30.61437" lon="-99.28376">
        <ele>450.5</ele>
      </trkpt>
      <trkpt lat="30.61447" lon="-99.28367">
        <ele>450.4</ele>
      </trkpt>
      <trkpt lat="30.61469" lon="-99.28347">
        <ele>450.2</ele>
      </trkpt>
      <trkpt lat="30.61505" lon="-99.28316">
        <ele>449.1</ele>
      </trkpt>
      <trkpt lat="30.6154" lon="-99.28285">
        <ele>448.1</ele>
      </trkpt>
      <trkpt lat="30.61576" lon="-99.28253">
        <ele>444.6</ele>
      </trkpt>
      <trkpt lat="30.61586" lon="-99.28245">
        <ele>444.4</ele>
      </trkpt>
      <trkpt lat="30.61606" lon="-99.28229">
        <ele>444.2</ele>
      </trkpt>
      <trkpt lat="30.61614" lon="-99.28224">
        <ele>444.1</ele>
      </trkpt>
      <trkpt lat="30.6162" lon="-99.2822">
        <ele>444.0</ele>
      </trkpt>
      <trkpt lat="30.61632" lon="-99.28214">
        <ele>443.9</ele>
      </trkpt>
      <trkpt lat="30.61646" lon="-99.28208">
        <ele>443.7</ele>
      </trkpt>
      <trkpt lat="30.61655" lon="-99.28205">
        <ele>443.5</ele>
      </trkpt>
      <trkpt lat="30.61667" lon="-99.28201">
        <ele>443.0</ele>
      </trkpt>
      <trkpt lat="30.61677" lon="-99.28197">
        <ele>442.4</ele>
      </trkpt>
      <trkpt lat="30.61691" lon="-99.28191">
        <ele>441.9</ele>
      </trkpt>
      <trkpt lat="30.61709" lon="-99.28183">
        <ele>441.2</ele>
      </trkpt>
      <trkpt lat="30.61722" lon="-99.28176">
        <ele>440.9</ele>
      </trkpt>
      <trkpt lat="30.61742" lon="-99.28166">
        <ele>440.6</ele>
      </trkpt>
      <trkpt lat="30.61755" lon="-99.28159">
        <ele>440.4</ele>
      </trkpt>
      <trkpt lat="30.61776" lon="-99.28147">
        <ele>440.2</ele>
      </trkpt>
      <trkpt lat="30.6181" lon="-99.28128">
        <ele>440.1</ele>
      </trkpt>
      <trkpt lat="30.6182" lon="-99.28123">
        <ele>440.2</ele>
      </trkpt>
      <trkpt lat="30.61825" lon="-99.2812">
        <ele>440.3</ele>
      </trkpt>
      <trkpt lat="30.61839" lon="-99.28111">
        <ele>440.2</ele>
      </trkpt>
      <trkpt lat="30.61849" lon="-99.28103">
        <ele>439.7</ele>
      </trkpt>
      <trkpt lat="30.61866" lon="-99.28088">
        <ele>438.6</ele>
      </trkpt>
      <trkpt lat="30.61886" lon="-99.28071">
        <ele>438.4</ele>
      </trkpt>
      <trkpt lat="30.61894" lon="-99.28065">
        <ele>438.3</ele>
      </trkpt>
      <trkpt lat="30.619" lon="-99.28061">
        <ele>438.2</ele>
      </trkpt>
      <trkpt lat="30.61906" lon="-99.28058">
        <ele>438.1</ele>
      </trkpt>
      <trkpt lat="30.61911" lon="-99.28056">
        <ele>438.0</ele>
      </trkpt>
      <trkpt lat="30.61931" lon="-99.28047">
        <ele>437.4</ele>
      </trkpt>
      <trkpt lat="30.61961" lon="-99.28033">
        <ele>436.5</ele>
      </trkpt>
      <trkpt lat="30.61965" lon="-99.28031">
        <ele>436.4</ele>
      </trkpt>
      <trkpt lat="30.6198" lon="-99.28023">
        <ele>436.0</ele>
      </trkpt>
      <trkpt lat="30.61994" lon="-99.28016">
        <ele>435.8</ele>
      </trkpt>
      <trkpt lat="30.61998" lon="-99.28014">
        <ele>435.7</ele>
      </trkpt>
      <trkpt lat="30.62005" lon="-99.2801">
        <ele>435.5</ele>
      </trkpt>
      <trkpt lat="30.62011" lon="-99.28005">
        <ele>435.3</ele>
      </trkpt>
      <trkpt lat="30.62016" lon="-99.28">
        <ele>435.2</ele>
      </trkpt>
      <trkpt lat="30.62022" lon="-99.27992">
        <ele>434.9</ele>
      </trkpt>
      <trkpt lat="30.62026" lon="-99.27988">
        <ele>434.8</ele>
      </trkpt>
      <trkpt lat="30.62039" lon="-99.27973">
        <ele>434.5</ele>
      </trkpt>
      <trkpt lat="30.62063" lon="-99.27942">
        <ele>434.1</ele>
      </trkpt>
      <trkpt lat="30.62075" lon="-99.27928">
        <ele>433.8</ele>
      </trkpt>
      <trkpt lat="30.62099" lon="-99.27896">
        <ele>432.4</ele>
      </trkpt>
      <trkpt lat="30.62104" lon="-99.2789">
        <ele>432.4</ele>
      </trkpt>
      <trkpt lat="30.62136" lon="-99.27851">
        <ele>431.5</ele>
      </trkpt>
      <trkpt lat="30.62136" lon="-99.2785">
        <ele>431.4</ele>
      </trkpt>
      <trkpt lat="30.62182" lon="-99.27792">
        <ele>430.5</ele>
      </trkpt>
      <trkpt lat="30.62208" lon="-99.2776">
        <ele>429.3</ele>
      </trkpt>
      <trkpt lat="30.62219" lon="-99.27746">
        <ele>428.8</ele>
      </trkpt>
      <trkpt lat="30.62251" lon="-99.27705">
        <ele>427.9</ele>
      </trkpt>
      <trkpt lat="30.62276" lon="-99.27675">
        <ele>427.8</ele>
      </trkpt>
      <trkpt lat="30.62292" lon="-99.27654">
        <ele>427.8</ele>
      </trkpt>
      <trkpt lat="30.62317" lon="-99.27623">
        <ele>427.8</ele>
      </trkpt>
      <trkpt lat="30.62331" lon="-99.27606">
        <ele>427.8</ele>
      </trkpt>
      <trkpt lat="30.62359" lon="-99.2757">
        <ele>426.5</ele>
      </trkpt>
      <trkpt lat="30.62376" lon="-99.27549">
        <ele>425.4</ele>
      </trkpt>
      <trkpt lat="30.62378" lon="-99.27547">
        <ele>425.3</ele>
      </trkpt>
      <trkpt lat="30.62387" lon="-99.27536">
        <ele>424.9</ele>
      </trkpt>
      <trkpt lat="30.6239" lon="-99.27531">
        <ele>424.7</ele>
      </trkpt>
      <trkpt lat="30.62416" lon="-99.27497">
        <ele>424.1</ele>
      </trkpt>
      <trkpt lat="30.62437" lon="-99.27469">
        <ele>424.0</ele>
      </trkpt>
      <trkpt lat="30.6245" lon="-99.27453">
        <ele>424.2</ele>
      </trkpt>
      <trkpt lat="30.62461" lon="-99.27439">
        <ele>424.0</ele>
      </trkpt>
      <trkpt lat="30.62462" lon="-99.27438">
        <ele>424.0</ele>
      </trkpt>
      <trkpt lat="30.62475" lon="-99.27422">
        <ele>423.6</ele>
      </trkpt>
      <trkpt lat="30.62483" lon="-99.27413">
        <ele>423.3</ele>
      </trkpt>
      <trkpt lat="30.62489" lon="-99.27406">
        <ele>423.0</ele>
      </trkpt>
      <trkpt lat="30.62501" lon="-99.27395">
        <ele>422.7</ele>
      </trkpt>
      <trkpt lat="30.62508" lon="-99.27388">
        <ele>422.3</ele>
      </trkpt>
      <trkpt lat="30.62519" lon="-99.27377">
        <ele>421.8</ele>
      </trkpt>
      <trkpt lat="30.62527" lon="-99.27368">
        <ele>421.0</ele>
      </trkpt>
      <trkpt lat="30.62528" lon="-99.27367">
        <ele>420.9</ele>
      </trkpt>
      <trkpt lat="30.62535" lon="-99.27358">
        <ele>420.4</ele>
      </trkpt>
      <trkpt lat="30.6254" lon="-99.27351">
        <ele>420.4</ele>
      </trkpt>
      <trkpt lat="30.62546" lon="-99.27342">
        <ele>420.4</ele>
      </trkpt>
      <trkpt lat="30.62551" lon="-99.27334">
        <ele>420.4</ele>
      </trkpt>
      <trkpt lat="30.62551" lon="-99.27333">
        <ele>420.5</ele>
      </trkpt>
      <trkpt lat="30.62554" lon="-99.27327">
        <ele>420.5</ele>
      </trkpt>
      <trkpt lat="30.62556" lon="-99.2732">
        <ele>420.6</ele>
      </trkpt>
      <trkpt lat="30.62557" lon="-99.27315">
        <ele>420.6</ele>
      </trkpt>
      <trkpt lat="30.62558" lon="-99.27314">
        <ele>420.6</ele>
      </trkpt>
      <trkpt lat="30.62558" lon="-99.27308">
        <ele>420.7</ele>
      </trkpt>
      <trkpt lat="30.62558" lon="-99.27304">
        <ele>420.7</ele>
      </trkpt>
      <trkpt lat="30.62558" lon="-99.27298">
        <ele>420.8</ele>
      </trkpt>
      <trkpt lat="30.62558" lon="-99.27294">
        <ele>420.9</ele>
      </trkpt>
      <trkpt lat="30.62557" lon="-99.27282">
        <ele>421.1</ele>
      </trkpt>
      <trkpt lat="30.62553" lon="-99.2723">
        <ele>422.5</ele>
      </trkpt>
      <trkpt lat="30.62551" lon="-99.27197">
        <ele>423.0</ele>
      </trkpt>
      <trkpt lat="30.62551" lon="-99.2719">
        <ele>423.1</ele>
      </trkpt>
      <trkpt lat="30.62549" lon="-99.27162">
        <ele>423.6</ele>
      </trkpt>
      <trkpt lat="30.62549" lon="-99.27148">
        <ele>423.9</ele>
      </trkpt>
      <trkpt lat="30.62549" lon="-99.27129">
        <ele>424.1</ele>
      </trkpt>
      <trkpt lat="30.62549" lon="-99.27128">
        <ele>424.1</ele>
      </trkpt>
      <trkpt lat="30.62549" lon="-99.27105">
        <ele>424.4</ele>
      </trkpt>
      <trkpt lat="30.62551" lon="-99.27072">
        <ele>424.9</ele>
      </trkpt>
      <trkpt lat="30.62555" lon="-99.2703">
        <ele>425.3</ele>
      </trkpt>
      <trkpt lat="30.62558" lon="-99.27003">
        <ele>425.3</ele>
      </trkpt>
      <trkpt lat="30.62558" lon="-99.26996">
        <ele>425.3</ele>
      </trkpt>
      <trkpt lat="30.62561" lon="-99.26953">
        <ele>425.0</ele>
      </trkpt>
      <trkpt lat="30.62563" lon="-99.26919">
        <ele>424.9</ele>
      </trkpt>
      <trkpt lat="30.62563" lon="-99.26916">
        <ele>425.0</ele>
      </trkpt>
      <trkpt lat="30.62565" lon="-99.26898">
        <ele>425.2</ele>
      </trkpt>
      <trkpt lat="30.62567" lon="-99.26878">
        <ele>426.0</ele>
      </trkpt>
      <trkpt lat="30.62567" lon="-99.26874">
        <ele>426.2</ele>
      </trkpt>
      <trkpt lat="30.62569" lon="-99.26857">
        <ele>427.0</ele>
      </trkpt>
      <trkpt lat="30.62571" lon="-99.2684">
        <ele>427.6</ele>
      </trkpt>
      <trkpt lat="30.62574" lon="-99.26808">
        <ele>428.8</ele>
      </trkpt>
      <trkpt lat="30.62575" lon="-99.26797">
        <ele>429.3</ele>
      </trkpt>
      <trkpt lat="30.62577" lon="-99.26784">
        <ele>429.9</ele>
      </trkpt>
      <trkpt lat="30.62579" lon="-99.26774">
        <ele>430.4</ele>
      </trkpt>
      <trkpt lat="30.62583" lon="-99.26759">
        <ele>431.0</ele>
      </trkpt>
      <trkpt lat="30.62584" lon="-99.26754">
        <ele>431.2</ele>
      </trkpt>
      <trkpt lat="30.62587" lon="-99.2674">
        <ele>431.5</ele>
      </trkpt>
      <trkpt lat="30.62589" lon="-99.26734">
        <ele>431.6</ele>
      </trkpt>
      <trkpt lat="30.62597" lon="-99.26704">
        <ele>431.6</ele>
      </trkpt>
      <trkpt lat="30.62614" lon="-99.26641">
        <ele>430.2</ele>
      </trkpt>
      <trkpt lat="30.62615" lon="-99.26634">
        <ele>430.2</ele>
      </trkpt>
      <trkpt lat="30.62624" lon="-99.266">
        <ele>430.4</ele>
      </trkpt>
      <trkpt lat="30.62628" lon="-99.26582">
        <ele>430.7</ele>
      </trkpt>
      <trkpt lat="30.62629" lon="-99.26578">
        <ele>430.7</ele>
      </trkpt>
      <trkpt lat="30.6263" lon="-99.26573">
        <ele>430.6</ele>
      </trkpt>
      <trkpt lat="30.6263" lon="-99.26569">
        <ele>430.7</ele>
      </trkpt>
      <trkpt lat="30.62631" lon="-99.2656">
        <ele>430.7</ele>
      </trkpt>
      <trkpt lat="30.6263" lon="-99.26552">
        <ele>430.7</ele>
      </trkpt>
      <trkpt lat="30.6263" lon="-99.26544">
        <ele>430.7</ele>
      </trkpt>
      <trkpt lat="30.62628" lon="-99.26528">
        <ele>430.5</ele>
      </trkpt>
      <trkpt lat="30.62625" lon="-99.26511">
        <ele>430.4</ele>
      </trkpt>
      <trkpt lat="30.62622" lon="-99.26495">
        <ele>430.3</ele>
      </trkpt>
      <trkpt lat="30.62618" lon="-99.26474">
        <ele>430.2</ele>
      </trkpt>
      <trkpt lat="30.62614" lon="-99.26456">
        <ele>430.0</ele>
      </trkpt>
      <trkpt lat="30.62609" lon="-99.26436">
        <ele>429.9</ele>
      </trkpt>
      <trkpt lat="30.62608" lon="-99.26431">
        <ele>429.8</ele>
      </trkpt>
      <trkpt lat="30.62601" lon="-99.26406">
        <ele>429.6</ele>
      </trkpt>
      <trkpt lat="30.62598" lon="-99.26393">
        <ele>429.5</ele>
      </trkpt>
      <trkpt lat="30.62597" lon="-99.26383">
        <ele>429.3</ele>
      </trkpt>
      <trkpt lat="30.62597" lon="-99.26369">
        <ele>429.0</ele>
      </trkpt>
      <trkpt lat="30.62599" lon="-99.26358">
        <ele>428.7</ele>
      </trkpt>
      <trkpt lat="30.62602" lon="-99.2635">
        <ele>428.4</ele>
      </trkpt>
      <trkpt lat="30.62603" lon="-99.26348">
        <ele>428.4</ele>
      </trkpt>
      <trkpt lat="30.62607" lon="-99.26339">
        <ele>428.1</ele>
      </trkpt>
      <trkpt lat="30.62612" lon="-99.26332">
        <ele>427.7</ele>
      </trkpt>
      <trkpt lat="30.62614" lon="-99.26329">
        <ele>427.8</ele>
      </trkpt>
      <trkpt lat="30.62618" lon="-99.26322">
        <ele>428.1</ele>
      </trkpt>
      <trkpt lat="30.62626" lon="-99.26314">
        <ele>428.6</ele>
      </trkpt>
      <trkpt lat="30.62633" lon="-99.26307">
        <ele>429.0</ele>
      </trkpt>
      <trkpt lat="30.62645" lon="-99.26298">
        <ele>429.1</ele>
      </trkpt>
      <trkpt lat="30.62663" lon="-99.26285">
        <ele>429.3</ele>
      </trkpt>
      <trkpt lat="30.62668" lon="-99.26281">
        <ele>429.5</ele>
      </trkpt>
      <trkpt lat="30.62679" lon="-99.26274">
        <ele>429.8</ele>
      </trkpt>
      <trkpt lat="30.62683" lon="-99.2627">
        <ele>430.0</ele>
      </trkpt>
      <trkpt lat="30.62694" lon="-99.26261">
        <ele>430.4</ele>
      </trkpt>
      <trkpt lat="30.62712" lon="-99.26247">
        <ele>431.2</ele>
      </trkpt>
      <trkpt lat="30.62713" lon="-99.26247">
        <ele>431.2</ele>
      </trkpt>
      <trkpt lat="30.62744" lon="-99.26224">
        <ele>433.2</ele>
      </trkpt>
      <trkpt lat="30.62756" lon="-99.26215">
        <ele>433.9</ele>
      </trkpt>
      <trkpt lat="30.6278" lon="-99.26197">
        <ele>435.3</ele>
      </trkpt>
      <trkpt lat="30.62799" lon="-99.26183">
        <ele>436.1</ele>
      </trkpt>
      <trkpt lat="30.62805" lon="-99.2618">
        <ele>436.2</ele>
      </trkpt>
      <trkpt lat="30.62839" lon="-99.26157">
        <ele>435.5</ele>
      </trkpt>
      <trkpt lat="30.62852" lon="-99.26149">
        <ele>435.7</ele>
      </trkpt>
      <trkpt lat="30.62861" lon="-99.26143">
        <ele>436.1</ele>
      </trkpt>
      <trkpt lat="30.62883" lon="-99.26129">
        <ele>436.9</ele>
      </trkpt>
      <trkpt lat="30.62899" lon="-99.26119">
        <ele>437.1</ele>
      </trkpt>
      <trkpt lat="30.62902" lon="-99.26118">
        <ele>437.1</ele>
      </trkpt>
      <trkpt lat="30.62915" lon="-99.2611">
        <ele>437.0</ele>
      </trkpt>
      <trkpt lat="30.62919" lon="-99.26108">
        <ele>436.9</ele>
      </trkpt>
      <trkpt lat="30.62931" lon="-99.26103">
        <ele>436.4</ele>
      </trkpt>
      <trkpt lat="30.62932" lon="-99.26102">
        <ele>436.3</ele>
      </trkpt>
      <trkpt lat="30.62938" lon="-99.26099">
        <ele>435.9</ele>
      </trkpt>
      <trkpt lat="30.62945" lon="-99.26095">
        <ele>435.2</ele>
      </trkpt>
      <trkpt lat="30.62948" lon="-99.26093">
        <ele>434.9</ele>
      </trkpt>
      <trkpt lat="30.62954" lon="-99.26089">
        <ele>434.1</ele>
      </trkpt>
      <trkpt lat="30.62968" lon="-99.2608">
        <ele>432.2</ele>
      </trkpt>
      <trkpt lat="30.62979" lon="-99.26072">
        <ele>431.2</ele>
      </trkpt>
      <trkpt lat="30.62979" lon="-99.26071">
        <ele>431.2</ele>
      </trkpt>
      <trkpt lat="30.62989" lon="-99.26065">
        <ele>430.6</ele>
      </trkpt>
      <trkpt lat="30.62995" lon="-99.26062">
        <ele>430.2</ele>
      </trkpt>
      <trkpt lat="30.62996" lon="-99.26062">
        <ele>430.1</ele>
      </trkpt>
      <trkpt lat="30.63003" lon="-99.2606">
        <ele>429.8</ele>
      </trkpt>
      <trkpt lat="30.6301" lon="-99.26058">
        <ele>429.9</ele>
      </trkpt>
      <trkpt lat="30.63013" lon="-99.26058">
        <ele>430.0</ele>
      </trkpt>
      <trkpt lat="30.63023" lon="-99.26055">
        <ele>430.3</ele>
      </trkpt>
      <trkpt lat="30.6303" lon="-99.26053">
        <ele>430.3</ele>
      </trkpt>
      <trkpt lat="30.63043" lon="-99.2605">
        <ele>430.0</ele>
      </trkpt>
      <trkpt lat="30.63048" lon="-99.26049">
        <ele>429.7</ele>
      </trkpt>
      <trkpt lat="30.63065" lon="-99.26044">
        <ele>428.3</ele>
      </trkpt>
      <trkpt lat="30.63066" lon="-99.26044">
        <ele>428.2</ele>
      </trkpt>
      <trkpt lat="30.63077" lon="-99.2604">
        <ele>427.3</ele>
      </trkpt>
      <trkpt lat="30.6309" lon="-99.26037">
        <ele>426.4</ele>
      </trkpt>
      <trkpt lat="30.63096" lon="-99.26035">
        <ele>426.3</ele>
      </trkpt>
      <trkpt lat="30.631" lon="-99.26035">
        <ele>426.3</ele>
      </trkpt>
      <trkpt lat="30.63105" lon="-99.26034">
        <ele>426.6</ele>
      </trkpt>
      <trkpt lat="30.63118" lon="-99.26034">
        <ele>427.6</ele>
      </trkpt>
      <trkpt lat="30.63125" lon="-99.26034">
        <ele>428.0</ele>
      </trkpt>
      <trkpt lat="30.63136" lon="-99.26033">
        <ele>428.7</ele>
      </trkpt>
      <trkpt lat="30.63144" lon="-99.26033">
        <ele>429.1</ele>
      </trkpt>
      <trkpt lat="30.63154" lon="-99.26033">
        <ele>429.5</ele>
      </trkpt>
      <trkpt lat="30.63165" lon="-99.26033">
        <ele>429.9</ele>
      </trkpt>
      <trkpt lat="30.63172" lon="-99.26032">
        <ele>430.2</ele>
      </trkpt>
      <trkpt lat="30.6319" lon="-99.26031">
        <ele>430.3</ele>
      </trkpt>
      <trkpt lat="30.63196" lon="-99.26031">
        <ele>430.1</ele>
      </trkpt>
      <trkpt lat="30.63207" lon="-99.2603">
        <ele>429.8</ele>
      </trkpt>
      <trkpt lat="30.63208" lon="-99.2603">
        <ele>429.8</ele>
      </trkpt>
      <trkpt lat="30.63226" lon="-99.2603">
        <ele>428.3</ele>
      </trkpt>
      <trkpt lat="30.63244" lon="-99.26029">
        <ele>426.2</ele>
      </trkpt>
      <trkpt lat="30.63245" lon="-99.26029">
        <ele>426.1</ele>
      </trkpt>
      <trkpt lat="30.63273" lon="-99.26028">
        <ele>424.6</ele>
      </trkpt>
      <trkpt lat="30.6328" lon="-99.26028">
        <ele>424.2</ele>
      </trkpt>
      <trkpt lat="30.63296" lon="-99.26029">
        <ele>423.2</ele>
      </trkpt>
      <trkpt lat="30.63298" lon="-99.26029">
        <ele>423.1</ele>
      </trkpt>
      <trkpt lat="30.63318" lon="-99.26029">
        <ele>422.6</ele>
      </trkpt>
      <trkpt lat="30.63352" lon="-99.2603">
        <ele>422.4</ele>
      </trkpt>
      <trkpt lat="30.6337" lon="-99.2603">
        <ele>422.2</ele>
      </trkpt>
      <trkpt lat="30.63382" lon="-99.2603">
        <ele>421.9</ele>
      </trkpt>
      <trkpt lat="30.63388" lon="-99.2603">
        <ele>421.6</ele>
      </trkpt>
      <trkpt lat="30.63406" lon="-99.26031">
        <ele>419.7</ele>
      </trkpt>
      <trkpt lat="30.63416" lon="-99.26031">
        <ele>417.8</ele>
      </trkpt>
      <trkpt lat="30.63424" lon="-99.26031">
        <ele>416.6</ele>
      </trkpt>
      <trkpt lat="30.6344" lon="-99.2603">
        <ele>414.8</ele>
      </trkpt>
      <trkpt lat="30.63442" lon="-99.2603">
        <ele>414.6</ele>
      </trkpt>
      <trkpt lat="30.63453" lon="-99.26029">
        <ele>414.2</ele>
      </trkpt>
      <trkpt lat="30.6346" lon="-99.26028">
        <ele>414.7</ele>
      </trkpt>
      <trkpt lat="30.63464" lon="-99.26028">
        <ele>415.0</ele>
      </trkpt>
      <trkpt lat="30.63479" lon="-99.26025">
        <ele>415.6</ele>
      </trkpt>
      <trkpt lat="30.63486" lon="-99.26022">
        <ele>415.7</ele>
      </trkpt>
      <trkpt lat="30.63495" lon="-99.26018">
        <ele>415.7</ele>
      </trkpt>
      <trkpt lat="30.63498" lon="-99.26017">
        <ele>415.7</ele>
      </trkpt>
      <trkpt lat="30.63512" lon="-99.26009">
        <ele>416.0</ele>
      </trkpt>
      <trkpt lat="30.63546" lon="-99.25987">
        <ele>417.5</ele>
      </trkpt>
      <trkpt lat="30.63559" lon="-99.2598">
        <ele>417.6</ele>
      </trkpt>
      <trkpt lat="30.63573" lon="-99.25972">
        <ele>417.6</ele>
      </trkpt>
      <trkpt lat="30.63591" lon="-99.25963">
        <ele>417.5</ele>
      </trkpt>
      <trkpt lat="30.63608" lon="-99.25955">
        <ele>417.4</ele>
      </trkpt>
      <trkpt lat="30.63623" lon="-99.25948">
        <ele>417.5</ele>
      </trkpt>
      <trkpt lat="30.6364" lon="-99.2594">
        <ele>417.5</ele>
      </trkpt>
      <trkpt lat="30.63663" lon="-99.2593">
        <ele>417.3</ele>
      </trkpt>
      <trkpt lat="30.63683" lon="-99.25923">
        <ele>416.3</ele>
      </trkpt>
      <trkpt lat="30.63699" lon="-99.25916">
        <ele>415.5</ele>
      </trkpt>
      <trkpt lat="30.63707" lon="-99.25913">
        <ele>415.0</ele>
      </trkpt>
      <trkpt lat="30.63709" lon="-99.25912">
        <ele>414.9</ele>
      </trkpt>
      <trkpt lat="30.6372" lon="-99.25907">
        <ele>415.1</ele>
      </trkpt>
      <trkpt lat="30.63735" lon="-99.25901">
        <ele>415.8</ele>
      </trkpt>
      <trkpt lat="30.63744" lon="-99.25896">
        <ele>416.2</ele>
      </trkpt>
      <trkpt lat="30.6376" lon="-99.25889">
        <ele>416.4</ele>
      </trkpt>
      <trkpt lat="30.6377" lon="-99.25885">
        <ele>416.4</ele>
      </trkpt>
      <trkpt lat="30.63787" lon="-99.25876">
        <ele>416.5</ele>
      </trkpt>
      <trkpt lat="30.63793" lon="-99.25874">
        <ele>416.4</ele>
      </trkpt>
      <trkpt lat="30.63808" lon="-99.25867">
        <ele>416.2</ele>
      </trkpt>
      <trkpt lat="30.6382" lon="-99.25861">
        <ele>415.8</ele>
      </trkpt>
      <trkpt lat="30.63826" lon="-99.25858">
        <ele>415.4</ele>
      </trkpt>
      <trkpt lat="30.6383" lon="-99.25856">
        <ele>415.1</ele>
      </trkpt>
      <trkpt lat="30.63838" lon="-99.25853">
        <ele>414.4</ele>
      </trkpt>
      <trkpt lat="30.63842" lon="-99.25852">
        <ele>414.1</ele>
      </trkpt>
      <trkpt lat="30.63853" lon="-99.25847">
        <ele>413.6</ele>
      </trkpt>
      <trkpt lat="30.6386" lon="-99.25845">
        <ele>413.4</ele>
      </trkpt>
      <trkpt lat="30.63866" lon="-99.25842">
        <ele>413.4</ele>
      </trkpt>
      <trkpt lat="30.63868" lon="-99.25842">
        <ele>413.3</ele>
      </trkpt>
      <trkpt lat="30.63878" lon="-99.25837">
        <ele>413.3</ele>
      </trkpt>
      <trkpt lat="30.63901" lon="-99.25826">
        <ele>413.2</ele>
      </trkpt>
      <trkpt lat="30.63918" lon="-99.25817">
        <ele>413.1</ele>
      </trkpt>
      <trkpt lat="30.63931" lon="-99.2581">
        <ele>413.0</ele>
      </trkpt>
      <trkpt lat="30.63932" lon="-99.25809">
        <ele>413.0</ele>
      </trkpt>
      <trkpt lat="30.63945" lon="-99.25802">
        <ele>412.9</ele>
      </trkpt>
      <trkpt lat="30.63953" lon="-99.25797">
        <ele>412.9</ele>
      </trkpt>
      <trkpt lat="30.63962" lon="-99.25792">
        <ele>412.8</ele>
      </trkpt>
      <trkpt lat="30.6398" lon="-99.2578">
        <ele>412.6</ele>
      </trkpt>
      <trkpt lat="30.63982" lon="-99.25779">
        <ele>412.6</ele>
      </trkpt>
      <trkpt lat="30.64005" lon="-99.25763">
        <ele>411.7</ele>
      </trkpt>
      <trkpt lat="30.64023" lon="-99.25751">
        <ele>409.8</ele>
      </trkpt>
      <trkpt lat="30.64026" lon="-99.25748">
        <ele>409.4</ele>
      </trkpt>
      <trkpt lat="30.64048" lon="-99.25734">
        <ele>409.0</ele>
      </trkpt>
      <trkpt lat="30.64091" lon="-99.25705">
        <ele>411.9</ele>
      </trkpt>
      <trkpt lat="30.64098" lon="-99.25701">
        <ele>412.3</ele>
      </trkpt>
      <trkpt lat="30.64109" lon="-99.25693">
        <ele>412.9</ele>
      </trkpt>
      <trkpt lat="30.64125" lon="-99.25683">
        <ele>413.0</ele>
      </trkpt>
      <trkpt lat="30.64129" lon="-99.25681">
        <ele>412.9</ele>
      </trkpt>
      <trkpt lat="30.64138" lon="-99.25675">
        <ele>412.9</ele>
      </trkpt>
      <trkpt lat="30.64145" lon="-99.2567">
        <ele>412.9</ele>
      </trkpt>
      <trkpt lat="30.64149" lon="-99.25667">
        <ele>412.9</ele>
      </trkpt>
      <trkpt lat="30.64159" lon="-99.2566">
        <ele>412.9</ele>
      </trkpt>
      <trkpt lat="30.6416" lon="-99.2566">
        <ele>412.9</ele>
      </trkpt>
      <trkpt lat="30.64183" lon="-99.25645">
        <ele>413.0</ele>
      </trkpt>
      <trkpt lat="30.642" lon="-99.25633">
        <ele>413.3</ele>
      </trkpt>
      <trkpt lat="30.64207" lon="-99.25629">
        <ele>413.3</ele>
      </trkpt>
      <trkpt lat="30.64218" lon="-99.25622">
        <ele>413.3</ele>
      </trkpt>
      <trkpt lat="30.64232" lon="-99.25613">
        <ele>413.4</ele>
      </trkpt>
      <trkpt lat="30.64239" lon="-99.2561">
        <ele>413.3</ele>
      </trkpt>
      <trkpt lat="30.64243" lon="-99.25607">
        <ele>413.3</ele>
      </trkpt>
      <trkpt lat="30.64255" lon="-99.256">
        <ele>413.3</ele>
      </trkpt>
      <trkpt lat="30.64257" lon="-99.25599">
        <ele>413.3</ele>
      </trkpt>
      <trkpt lat="30.64278" lon="-99.25587">
        <ele>413.1</ele>
      </trkpt>
      <trkpt lat="30.64287" lon="-99.25581">
        <ele>413.1</ele>
      </trkpt>
      <trkpt lat="30.64295" lon="-99.25576">
        <ele>413.0</ele>
      </trkpt>
      <trkpt lat="30.64303" lon="-99.2557">
        <ele>413.0</ele>
      </trkpt>
      <trkpt lat="30.64309" lon="-99.25565">
        <ele>413.0</ele>
      </trkpt>
      <trkpt lat="30.64318" lon="-99.25557">
        <ele>413.1</ele>
      </trkpt>
      <trkpt lat="30.64328" lon="-99.25548">
        <ele>413.0</ele>
      </trkpt>
      <trkpt lat="30.64331" lon="-99.25544">
        <ele>413.0</ele>
      </trkpt>
      <trkpt lat="30.64337" lon="-99.25538">
        <ele>412.9</ele>
      </trkpt>
      <trkpt lat="30.64344" lon="-99.2553">
        <ele>413.0</ele>
      </trkpt>
      <trkpt lat="30.64344" lon="-99.25529">
        <ele>413.0</ele>
      </trkpt>
      <trkpt lat="30.64354" lon="-99.25516">
        <ele>413.5</ele>
      </trkpt>
      <trkpt lat="30.64356" lon="-99.25514">
        <ele>413.6</ele>
      </trkpt>
      <trkpt lat="30.64361" lon="-99.25507">
        <ele>414.1</ele>
      </trkpt>
      <trkpt lat="30.64367" lon="-99.25499">
        <ele>414.8</ele>
      </trkpt>
      <trkpt lat="30.64374" lon="-99.2549">
        <ele>415.7</ele>
      </trkpt>
      <trkpt lat="30.64381" lon="-99.2548">
        <ele>416.8</ele>
      </trkpt>
      <trkpt lat="30.64388" lon="-99.25469">
        <ele>418.1</ele>
      </trkpt>
      <trkpt lat="30.6439" lon="-99.25466">
        <ele>418.6</ele>
      </trkpt>
      <trkpt lat="30.64396" lon="-99.25456">
        <ele>420.0</ele>
      </trkpt>
      <trkpt lat="30.6441" lon="-99.25431">
        <ele>421.4</ele>
      </trkpt>
      <trkpt lat="30.64416" lon="-99.2542">
        <ele>421.9</ele>
      </trkpt>
      <trkpt lat="30.64426" lon="-99.25402">
        <ele>423.8</ele>
      </trkpt>
      <trkpt lat="30.64433" lon="-99.25392">
        <ele>424.8</ele>
      </trkpt>
      <trkpt lat="30.64442" lon="-99.25379">
        <ele>425.5</ele>
      </trkpt>
      <trkpt lat="30.64446" lon="-99.25374">
        <ele>425.9</ele>
      </trkpt>
      <trkpt lat="30.64459" lon="-99.25357">
        <ele>427.8</ele>
      </trkpt>
      <trkpt lat="30.64467" lon="-99.25348">
        <ele>429.2</ele>
      </trkpt>
      <trkpt lat="30.64474" lon="-99.2534">
        <ele>429.8</ele>
      </trkpt>
      <trkpt lat="30.64479" lon="-99.25333">
        <ele>430.0</ele>
      </trkpt>
      <trkpt lat="30.64484" lon="-99.25328">
        <ele>430.1</ele>
      </trkpt>
      <trkpt lat="30.64487" lon="-99.25323">
        <ele>430.1</ele>
      </trkpt>
      <trkpt lat="30.64491" lon="-99.25318">
        <ele>430.0</ele>
      </trkpt>
      <trkpt lat="30.64492" lon="-99.25316">
        <ele>430.0</ele>
      </trkpt>
      <trkpt lat="30.64497" lon="-99.25307">
        <ele>429.7</ele>
      </trkpt>
      <trkpt lat="30.64501" lon="-99.253">
        <ele>429.2</ele>
      </trkpt>
      <trkpt lat="30.64503" lon="-99.25294">
        <ele>429.0</ele>
      </trkpt>
      <trkpt lat="30.64508" lon="-99.25284">
        <ele>428.6</ele>
      </trkpt>
      <trkpt lat="30.64509" lon="-99.25282">
        <ele>428.6</ele>
      </trkpt>
      <trkpt lat="30.64519" lon="-99.2526">
        <ele>429.0</ele>
      </trkpt>
      <trkpt lat="30.64526" lon="-99.25247">
        <ele>429.0</ele>
      </trkpt>
      <trkpt lat="30.64527" lon="-99.25245">
        <ele>429.0</ele>
      </trkpt>
      <trkpt lat="30.64536" lon="-99.25227">
        <ele>430.0</ele>
      </trkpt>
      <trkpt lat="30.64545" lon="-99.25209">
        <ele>430.9</ele>
      </trkpt>
      <trkpt lat="30.64551" lon="-99.25198">
        <ele>430.9</ele>
      </trkpt>
      <trkpt lat="30.64554" lon="-99.25192">
        <ele>430.7</ele>
      </trkpt>
      <trkpt lat="30.64554" lon="-99.25191">
        <ele>430.7</ele>
      </trkpt>
      <trkpt lat="30.64556" lon="-99.25186">
        <ele>430.6</ele>
      </trkpt>
      <trkpt lat="30.64557" lon="-99.2518">
        <ele>430.4</ele>
      </trkpt>
      <trkpt lat="30.64559" lon="-99.25175">
        <ele>430.1</ele>
      </trkpt>
      <trkpt lat="30.6456" lon="-99.25168">
        <ele>429.9</ele>
      </trkpt>
      <trkpt lat="30.64561" lon="-99.25162">
        <ele>429.7</ele>
      </trkpt>
      <trkpt lat="30.64561" lon="-99.2516">
        <ele>429.6</ele>
      </trkpt>
      <trkpt lat="30.64562" lon="-99.25148">
        <ele>429.3</ele>
      </trkpt>
      <trkpt lat="30.64562" lon="-99.25141">
        <ele>429.2</ele>
      </trkpt>
      <trkpt lat="30.64563" lon="-99.25131">
        <ele>429.0</ele>
      </trkpt>
      <trkpt lat="30.64564" lon="-99.25108">
        <ele>428.2</ele>
      </trkpt>
      <trkpt lat="30.64565" lon="-99.25078">
        <ele>425.2</ele>
      </trkpt>
      <trkpt lat="30.64565" lon="-99.25071">
        <ele>424.4</ele>
      </trkpt>
      <trkpt lat="30.64566" lon="-99.25057">
        <ele>424.1</ele>
      </trkpt>
      <trkpt lat="30.64567" lon="-99.2504">
        <ele>424.6</ele>
      </trkpt>
      <trkpt lat="30.64569" lon="-99.25011">
        <ele>425.8</ele>
      </trkpt>
      <trkpt lat="30.6457" lon="-99.24995">
        <ele>426.3</ele>
      </trkpt>
      <trkpt lat="30.6457" lon="-99.24993">
        <ele>426.3</ele>
      </trkpt>
      <trkpt lat="30.64571" lon="-99.24986">
        <ele>426.4</ele>
      </trkpt>
      <trkpt lat="30.64571" lon="-99.24977">
        <ele>426.7</ele>
      </trkpt>
      <trkpt lat="30.64571" lon="-99.24974">
        <ele>426.7</ele>
      </trkpt>
      <trkpt lat="30.6457" lon="-99.24967">
        <ele>426.7</ele>
      </trkpt>
      <trkpt lat="30.64569" lon="-99.24955">
        <ele>426.2</ele>
      </trkpt>
      <trkpt lat="30.64567" lon="-99.24938">
        <ele>425.4</ele>
      </trkpt>
      <trkpt lat="30.64565" lon="-99.24922">
        <ele>425.1</ele>
      </trkpt>
      <trkpt lat="30.64564" lon="-99.24912">
        <ele>424.9</ele>
      </trkpt>
      <trkpt lat="30.64564" lon="-99.2491">
        <ele>424.8</ele>
      </trkpt>
      <trkpt lat="30.64563" lon="-99.24896">
        <ele>424.6</ele>
      </trkpt>
      <trkpt lat="30.64562" lon="-99.24891">
        <ele>424.5</ele>
      </trkpt>
      <trkpt lat="30.64561" lon="-99.2487">
        <ele>423.8</ele>
      </trkpt>
      <trkpt lat="30.6456" lon="-99.24863">
        <ele>423.6</ele>
      </trkpt>
      <trkpt lat="30.64559" lon="-99.24835">
        <ele>422.3</ele>
      </trkpt>
      <trkpt lat="30.64558" lon="-99.24828">
        <ele>422.0</ele>
      </trkpt>
      <trkpt lat="30.64557" lon="-99.24814">
        <ele>421.3</ele>
      </trkpt>
      <trkpt lat="30.64557" lon="-99.24808">
        <ele>420.9</ele>
      </trkpt>
      <trkpt lat="30.64557" lon="-99.24793">
        <ele>420.3</ele>
      </trkpt>
      <trkpt lat="30.64556" lon="-99.2478">
        <ele>419.5</ele>
      </trkpt>
      <trkpt lat="30.64556" lon="-99.24779">
        <ele>419.4</ele>
      </trkpt>
      <trkpt lat="30.64555" lon="-99.24767">
        <ele>418.2</ele>
      </trkpt>
      <trkpt lat="30.64555" lon="-99.24759">
        <ele>417.5</ele>
      </trkpt>
      <trkpt lat="30.64554" lon="-99.2475">
        <ele>416.8</ele>
      </trkpt>
      <trkpt lat="30.64552" lon="-99.24717">
        <ele>414.4</ele>
      </trkpt>
      <trkpt lat="30.64551" lon="-99.24696">
        <ele>413.6</ele>
      </trkpt>
      <trkpt lat="30.64551" lon="-99.24677">
        <ele>414.2</ele>
      </trkpt>
      <trkpt lat="30.64552" lon="-99.24672">
        <ele>414.3</ele>
      </trkpt>
      <trkpt lat="30.64554" lon="-99.24669">
        <ele>414.4</ele>
      </trkpt>
      <trkpt lat="30.64555" lon="-99.24667">
        <ele>414.5</ele>
      </trkpt>
      <trkpt lat="30.64557" lon="-99.24664">
        <ele>414.6</ele>
      </trkpt>
      <trkpt lat="30.64559" lon="-99.24662">
        <ele>414.7</ele>
      </trkpt>
      <trkpt lat="30.645596" lon="-99.246613">
        <ele>414.7</ele>
      </trkpt>
      <trkpt lat="30.64568" lon="-99.24652">
        <ele>414.9</ele>
      </trkpt>
      <trkpt lat="30.64568" lon="-99.24652">
        <ele>414.9</ele>
      </trkpt>
      <trkpt lat="30.64577" lon="-99.24663">
        <ele>414.2</ele>
      </trkpt>
      <trkpt lat="30.64591" lon="-99.24678">
        <ele>412.8</ele>
      </trkpt>
      <trkpt lat="30.64601" lon="-99.24689">
        <ele>412.1</ele>
      </trkpt>
      <trkpt lat="30.64606" lon="-99.24695">
        <ele>411.9</ele>
      </trkpt>
      <trkpt lat="30.64608" lon="-99.24697">
        <ele>411.8</ele>
      </trkpt>
      <trkpt lat="30.64616" lon="-99.24706">
        <ele>411.4</ele>
      </trkpt>
      <trkpt lat="30.6462" lon="-99.24712">
        <ele>411.3</ele>
      </trkpt>
      <trkpt lat="30.64644" lon="-99.24743">
        <ele>410.3</ele>
      </trkpt>
      <trkpt lat="30.64688" lon="-99.24797">
        <ele>410.3</ele>
      </trkpt>
      <trkpt lat="30.64699" lon="-99.24812">
        <ele>410.1</ele>
      </trkpt>
      <trkpt lat="30.64714" lon="-99.24826">
        <ele>409.5</ele>
      </trkpt>
      <trkpt lat="30.64731" lon="-99.24841">
        <ele>408.7</ele>
      </trkpt>
      <trkpt lat="30.64776" lon="-99.2488">
        <ele>404.4</ele>
      </trkpt>
      <trkpt lat="30.64788" lon="-99.24891">
        <ele>403.1</ele>
      </trkpt>
      <trkpt lat="30.64803" lon="-99.24904">
        <ele>402.9</ele>
      </trkpt>
      <trkpt lat="30.64804" lon="-99.24905">
        <ele>402.9</ele>
      </trkpt>
      <trkpt lat="30.64814" lon="-99.24913">
        <ele>402.8</ele>
      </trkpt>
      <trkpt lat="30.64816" lon="-99.24915">
        <ele>402.8</ele>
      </trkpt>
      <trkpt lat="30.64818" lon="-99.24916">
        <ele>402.8</ele>
      </trkpt>
      <trkpt lat="30.64827" lon="-99.24923">
        <ele>402.7</ele>
      </trkpt>
      <trkpt lat="30.64832" lon="-99.24927">
        <ele>402.7</ele>
      </trkpt>
      <trkpt lat="30.64847" lon="-99.24939">
        <ele>402.5</ele>
      </trkpt>
      <trkpt lat="30.64877" lon="-99.24963">
        <ele>402.3</ele>
      </trkpt>
      <trkpt lat="30.64892" lon="-99.24975">
        <ele>402.4</ele>
      </trkpt>
      <trkpt lat="30.64907" lon="-99.24987">
        <ele>402.5</ele>
      </trkpt>
      <trkpt lat="30.64922" lon="-99.24998">
        <ele>402.5</ele>
      </trkpt>
      <trkpt lat="30.64937" lon="-99.25009">
        <ele>402.4</ele>
      </trkpt>
      <trkpt lat="30.64977" lon="-99.25039">
        <ele>402.0</ele>
      </trkpt>
      <trkpt lat="30.64997" lon="-99.25055">
        <ele>401.5</ele>
      </trkpt>
      <trkpt lat="30.65007" lon="-99.25063">
        <ele>400.9</ele>
      </trkpt>
      <trkpt lat="30.65012" lon="-99.25067">
        <ele>400.7</ele>
      </trkpt>
      <trkpt lat="30.65014" lon="-99.25069">
        <ele>400.7</ele>
      </trkpt>
      <trkpt lat="30.65021" lon="-99.25074">
        <ele>400.8</ele>
      </trkpt>
      <trkpt lat="30.65027" lon="-99.25078">
        <ele>401.6</ele>
      </trkpt>
      <trkpt lat="30.65042" lon="-99.2509">
        <ele>405.2</ele>
      </trkpt>
      <trkpt lat="30.65048" lon="-99.25094">
        <ele>406.5</ele>
      </trkpt>
      <trkpt lat="30.65058" lon="-99.251">
        <ele>407.4</ele>
      </trkpt>
      <trkpt lat="30.65078" lon="-99.2511">
        <ele>409.3</ele>
      </trkpt>
      <trkpt lat="30.65091" lon="-99.25116">
        <ele>411.1</ele>
      </trkpt>
      <trkpt lat="30.65102" lon="-99.2512">
        <ele>412.6</ele>
      </trkpt>
      <trkpt lat="30.65121" lon="-99.25126">
        <ele>413.7</ele>
      </trkpt>
      <trkpt lat="30.65126" lon="-99.25127">
        <ele>414.1</ele>
      </trkpt>
      <trkpt lat="30.65151" lon="-99.25132">
        <ele>416.8</ele>
      </trkpt>
      <trkpt lat="30.65161" lon="-99.25133">
        <ele>418.2</ele>
      </trkpt>
      <trkpt lat="30.65176" lon="-99.25134">
        <ele>419.9</ele>
      </trkpt>
      <trkpt lat="30.65179" lon="-99.25134">
        <ele>420.1</ele>
      </trkpt>
      <trkpt lat="30.65197" lon="-99.25134">
        <ele>421.2</ele>
      </trkpt>
      <trkpt lat="30.651995" lon="-99.251346">
        <ele>421.3</ele>
      </trkpt>
      <trkpt lat="30.65201" lon="-99.25135">
        <ele>421.4</ele>
      </trkpt>
      <trkpt lat="30.65216" lon="-99.25134">
        <ele>422.1</ele>
      </trkpt>
      <trkpt lat="30.65242" lon="-99.25132">
        <ele>423.3</ele>
      </trkpt>
      <trkpt lat="30.65245" lon="-99.25131">
        <ele>423.5</ele>
      </trkpt>
      <trkpt lat="30.65251" lon="-99.25129">
        <ele>423.7</ele>
      </trkpt>
      <trkpt lat="30.65263" lon="-99.25126">
        <ele>424.4</ele>
      </trkpt>
      <trkpt lat="30.65264" lon="-99.25126">
        <ele>424.4</ele>
      </trkpt>
      <trkpt lat="30.65281" lon="-99.25121">
        <ele>425.5</ele>
      </trkpt>
      <trkpt lat="30.65289" lon="-99.25119">
        <ele>426.1</ele>
      </trkpt>
      <trkpt lat="30.65297" lon="-99.25116">
        <ele>426.6</ele>
      </trkpt>
      <trkpt lat="30.65299" lon="-99.25115">
        <ele>426.7</ele>
      </trkpt>
      <trkpt lat="30.65302" lon="-99.25114">
        <ele>426.9</ele>
      </trkpt>
      <trkpt lat="30.65316" lon="-99.25108">
        <ele>427.4</ele>
      </trkpt>
      <trkpt lat="30.6532" lon="-99.25106">
        <ele>427.5</ele>
      </trkpt>
      <trkpt lat="30.65331" lon="-99.251">
        <ele>427.8</ele>
      </trkpt>
      <trkpt lat="30.65334" lon="-99.25098">
        <ele>427.9</ele>
      </trkpt>
      <trkpt lat="30.65334" lon="-99.25098">
        <ele>427.9</ele>
      </trkpt>
      <trkpt lat="30.6538" lon="-99.2507">
        <ele>429.7</ele>
      </trkpt>
      <trkpt lat="30.65409" lon="-99.25051">
        <ele>430.7</ele>
      </trkpt>
      <trkpt lat="30.65426" lon="-99.25041">
        <ele>431.5</ele>
      </trkpt>
      <trkpt lat="30.65459" lon="-99.25021">
        <ele>433.0</ele>
      </trkpt>
      <trkpt lat="30.65483" lon="-99.25006">
        <ele>434.3</ele>
      </trkpt>
      <trkpt lat="30.65531" lon="-99.24976">
        <ele>438.9</ele>
      </trkpt>
      <trkpt lat="30.65538" lon="-99.24972">
        <ele>439.9</ele>
      </trkpt>
      <trkpt lat="30.65547" lon="-99.24966">
        <ele>439.7</ele>
      </trkpt>
      <trkpt lat="30.6556" lon="-99.24958">
        <ele>439.7</ele>
      </trkpt>
      <trkpt lat="30.65562" lon="-99.24956">
        <ele>439.8</ele>
      </trkpt>
      <trkpt lat="30.65586" lon="-99.24944">
        <ele>442.1</ele>
      </trkpt>
      <trkpt lat="30.65595" lon="-99.24939">
        <ele>443.0</ele>
      </trkpt>
      <trkpt lat="30.65611" lon="-99.2493">
        <ele>443.8</ele>
      </trkpt>
      <trkpt lat="30.65618" lon="-99.24927">
        <ele>443.9</ele>
      </trkpt>
      <trkpt lat="30.6562" lon="-99.24926">
        <ele>443.9</ele>
      </trkpt>
      <trkpt lat="30.65637" lon="-99.24918">
        <ele>444.2</ele>
      </trkpt>
      <trkpt lat="30.65645" lon="-99.24915">
        <ele>444.2</ele>
      </trkpt>
      <trkpt lat="30.6565" lon="-99.24914">
        <ele>444.2</ele>
      </trkpt>
      <trkpt lat="30.65652" lon="-99.24913">
        <ele>444.1</ele>
      </trkpt>
      <trkpt lat="30.65662" lon="-99.24909">
        <ele>443.8</ele>
      </trkpt>
      <trkpt lat="30.65696" lon="-99.24895">
        <ele>441.2</ele>
      </trkpt>
      <trkpt lat="30.6573" lon="-99.24882">
        <ele>439.9</ele>
      </trkpt>
      <trkpt lat="30.65769" lon="-99.24865">
        <ele>436.3</ele>
      </trkpt>
      <trkpt lat="30.65798" lon="-99.24854">
        <ele>434.5</ele>
      </trkpt>
      <trkpt lat="30.65815" lon="-99.24848">
        <ele>433.8</ele>
      </trkpt>
      <trkpt lat="30.65832" lon="-99.24842">
        <ele>433.7</ele>
      </trkpt>
      <trkpt lat="30.65865" lon="-99.2483">
        <ele>433.1</ele>
      </trkpt>
      <trkpt lat="30.65867" lon="-99.24829">
        <ele>433.1</ele>
      </trkpt>
      <trkpt lat="30.65884" lon="-99.24824">
        <ele>433.4</ele>
      </trkpt>
      <trkpt lat="30.65895" lon="-99.2482">
        <ele>433.8</ele>
      </trkpt>
      <trkpt lat="30.65918" lon="-99.2481">
        <ele>435.2</ele>
      </trkpt>
      <trkpt lat="30.65938" lon="-99.248">
        <ele>437.2</ele>
      </trkpt>
      <trkpt lat="30.65972" lon="-99.24787">
        <ele>439.8</ele>
      </trkpt>
      <trkpt lat="30.6602" lon="-99.2477">
        <ele>443.0</ele>
      </trkpt>
      <trkpt lat="30.66072" lon="-99.24751">
        <ele>443.9</ele>
      </trkpt>
      <trkpt lat="30.66106" lon="-99.24739">
        <ele>444.0</ele>
      </trkpt>
      <trkpt lat="30.66122" lon="-99.24733">
        <ele>444.1</ele>
      </trkpt>
      <trkpt lat="30.66123" lon="-99.24733">
        <ele>444.0</ele>
      </trkpt>
      <trkpt lat="30.66144" lon="-99.24727">
        <ele>442.7</ele>
      </trkpt>
      <trkpt lat="30.66159" lon="-99.24724">
        <ele>441.3</ele>
      </trkpt>
      <trkpt lat="30.66181" lon="-99.24718">
        <ele>440.0</ele>
      </trkpt>
      <trkpt lat="30.66203" lon="-99.24714">
        <ele>439.5</ele>
      </trkpt>
      <trkpt lat="30.66211" lon="-99.24712">
        <ele>439.1</ele>
      </trkpt>
      <trkpt lat="30.66214" lon="-99.24712">
        <ele>439.0</ele>
      </trkpt>
      <trkpt lat="30.66229" lon="-99.24709">
        <ele>439.0</ele>
      </trkpt>
      <trkpt lat="30.66247" lon="-99.24707">
        <ele>439.3</ele>
      </trkpt>
      <trkpt lat="30.66254" lon="-99.24706">
        <ele>439.5</ele>
      </trkpt>
      <trkpt lat="30.66265" lon="-99.24704">
        <ele>439.6</ele>
      </trkpt>
      <trkpt lat="30.66269" lon="-99.24704">
        <ele>439.7</ele>
      </trkpt>
      <trkpt lat="30.66283" lon="-99.24703">
        <ele>440.1</ele>
      </trkpt>
      <trkpt lat="30.66293" lon="-99.24702">
        <ele>440.4</ele>
      </trkpt>
      <trkpt lat="30.66474" lon="-99.24696">
        <ele>445.8</ele>
      </trkpt>
      <trkpt lat="30.6651" lon="-99.24695">
        <ele>446.3</ele>
      </trkpt>
      <trkpt lat="30.66528" lon="-99.24695">
        <ele>446.0</ele>
      </trkpt>
      <trkpt lat="30.66534" lon="-99.24695">
        <ele>445.9</ele>
      </trkpt>
      <trkpt lat="30.66564" lon="-99.24695">
        <ele>445.3</ele>
      </trkpt>
      <trkpt lat="30.66567" lon="-99.24695">
        <ele>445.3</ele>
      </trkpt>
      <trkpt lat="30.66582" lon="-99.24694">
        <ele>445.2</ele>
      </trkpt>
      <trkpt lat="30.66598" lon="-99.24694">
        <ele>444.9</ele>
      </trkpt>
      <trkpt lat="30.66625" lon="-99.24693">
        <ele>443.8</ele>
      </trkpt>
      <trkpt lat="30.66643" lon="-99.24691">
        <ele>443.1</ele>
      </trkpt>
      <trkpt lat="30.66657" lon="-99.24689">
        <ele>442.6</ele>
      </trkpt>
      <trkpt lat="30.66673" lon="-99.24686">
        <ele>441.9</ele>
      </trkpt>
      <trkpt lat="30.66685" lon="-99.24682">
        <ele>441.5</ele>
      </trkpt>
      <trkpt lat="30.66694" lon="-99.24678">
        <ele>441.2</ele>
      </trkpt>
      <trkpt lat="30.6672" lon="-99.24666">
        <ele>440.4</ele>
      </trkpt>
      <trkpt lat="30.66722" lon="-99.24665">
        <ele>440.4</ele>
      </trkpt>
      <trkpt lat="30.66741" lon="-99.24654">
        <ele>439.9</ele>
      </trkpt>
      <trkpt lat="30.66761" lon="-99.24638">
        <ele>439.3</ele>
      </trkpt>
      <trkpt lat="30.66776" lon="-99.24624">
        <ele>439.0</ele>
      </trkpt>
      <trkpt lat="30.66799" lon="-99.24602">
        <ele>439.0</ele>
      </trkpt>
      <trkpt lat="30.668" lon="-99.24601">
        <ele>439.0</ele>
      </trkpt>
      <trkpt lat="30.66817" lon="-99.24581">
        <ele>439.0</ele>
      </trkpt>
      <trkpt lat="30.66821" lon="-99.24576">
        <ele>439.0</ele>
      </trkpt>
      <trkpt lat="30.66833" lon="-99.24559">
        <ele>439.0</ele>
      </trkpt>
      <trkpt lat="30.66844" lon="-99.24542">
        <ele>438.9</ele>
      </trkpt>
      <trkpt lat="30.66854" lon="-99.24525">
        <ele>438.5</ele>
      </trkpt>
      <trkpt lat="30.6686" lon="-99.24514">
        <ele>438.3</ele>
      </trkpt>
      <trkpt lat="30.66871" lon="-99.24494">
        <ele>438.2</ele>
      </trkpt>
      <trkpt lat="30.66897" lon="-99.24443">
        <ele>438.0</ele>
      </trkpt>
      <trkpt lat="30.66908" lon="-99.24422">
        <ele>437.8</ele>
      </trkpt>
      <trkpt lat="30.66919" lon="-99.24404">
        <ele>437.7</ele>
      </trkpt>
      <trkpt lat="30.66941" lon="-99.24373">
        <ele>437.5</ele>
      </trkpt>
      <trkpt lat="30.66958" lon="-99.24352">
        <ele>437.1</ele>
      </trkpt>
      <trkpt lat="30.66972" lon="-99.24338">
        <ele>436.8</ele>
      </trkpt>
      <trkpt lat="30.66991" lon="-99.24321">
        <ele>436.4</ele>
      </trkpt>
      <trkpt lat="30.67021" lon="-99.24298">
        <ele>435.8</ele>
      </trkpt>
      <trkpt lat="30.67035" lon="-99.2429">
        <ele>435.5</ele>
      </trkpt>
      <trkpt lat="30.67037" lon="-99.24289">
        <ele>435.5</ele>
      </trkpt>
      <trkpt lat="30.67052" lon="-99.24281">
        <ele>435.2</ele>
      </trkpt>
      <trkpt lat="30.67054" lon="-99.2428">
        <ele>435.2</ele>
      </trkpt>
      <trkpt lat="30.67074" lon="-99.24272">
        <ele>434.9</ele>
      </trkpt>
      <trkpt lat="30.67093" lon="-99.24266">
        <ele>434.6</ele>
      </trkpt>
      <trkpt lat="30.67103" lon="-99.24263">
        <ele>434.5</ele>
      </trkpt>
      <trkpt lat="30.67137" lon="-99.24257">
        <ele>433.8</ele>
      </trkpt>
      <trkpt lat="30.67156" lon="-99.24254">
        <ele>433.2</ele>
      </trkpt>
      <trkpt lat="30.67174" lon="-99.24251">
        <ele>431.7</ele>
      </trkpt>
      <trkpt lat="30.67192" lon="-99.24249">
        <ele>431.3</ele>
      </trkpt>
      <trkpt lat="30.6721" lon="-99.24246">
        <ele>433.0</ele>
      </trkpt>
      <trkpt lat="30.67228" lon="-99.24244">
        <ele>437.0</ele>
      </trkpt>
      <trkpt lat="30.67246" lon="-99.24242">
        <ele>438.7</ele>
      </trkpt>
      <trkpt lat="30.67291" lon="-99.24235">
        <ele>442.2</ele>
      </trkpt>
      <trkpt lat="30.67299" lon="-99.24234">
        <ele>442.4</ele>
      </trkpt>
      <trkpt lat="30.67335" lon="-99.24229">
        <ele>443.1</ele>
      </trkpt>
      <trkpt lat="30.67353" lon="-99.24227">
        <ele>443.3</ele>
      </trkpt>
      <trkpt lat="30.67364" lon="-99.24225">
        <ele>443.3</ele>
      </trkpt>
      <trkpt lat="30.67386" lon="-99.24222">
        <ele>443.4</ele>
      </trkpt>
      <trkpt lat="30.67389" lon="-99.24222">
        <ele>443.4</ele>
      </trkpt>
      <trkpt lat="30.674" lon="-99.2422">
        <ele>443.2</ele>
      </trkpt>
      <trkpt lat="30.67475" lon="-99.24211">
        <ele>441.4</ele>
      </trkpt>
      <trkpt lat="30.67486" lon="-99.24211">
        <ele>442.9</ele>
      </trkpt>
      <trkpt lat="30.67493" lon="-99.24211">
        <ele>443.9</ele>
      </trkpt>
      <trkpt lat="30.67496" lon="-99.24211">
        <ele>444.3</ele>
      </trkpt>
      <trkpt lat="30.67498" lon="-99.2421">
        <ele>444.5</ele>
      </trkpt>
      <trkpt lat="30.67503" lon="-99.2421">
        <ele>444.9</ele>
      </trkpt>
      <trkpt lat="30.67513" lon="-99.24208">
        <ele>445.5</ele>
      </trkpt>
      <trkpt lat="30.6752" lon="-99.24207">
        <ele>446.0</ele>
      </trkpt>
      <trkpt lat="30.67521" lon="-99.24207">
        <ele>446.0</ele>
      </trkpt>
      <trkpt lat="30.67524" lon="-99.24206">
        <ele>446.4</ele>
      </trkpt>
      <trkpt lat="30.67528" lon="-99.24205">
        <ele>446.8</ele>
      </trkpt>
      <trkpt lat="30.67532" lon="-99.24204">
        <ele>447.5</ele>
      </trkpt>
      <trkpt lat="30.67537" lon="-99.24203">
        <ele>448.4</ele>
      </trkpt>
      <trkpt lat="30.67556" lon="-99.24199">
        <ele>451.2</ele>
      </trkpt>
      <trkpt lat="30.67564" lon="-99.24197">
        <ele>451.7</ele>
      </trkpt>
      <trkpt lat="30.67573" lon="-99.24195">
        <ele>452.2</ele>
      </trkpt>
      <trkpt lat="30.67579" lon="-99.24194">
        <ele>452.5</ele>
      </trkpt>
      <trkpt lat="30.67584" lon="-99.24193">
        <ele>452.6</ele>
      </trkpt>
      <trkpt lat="30.67589" lon="-99.24191">
        <ele>452.8</ele>
      </trkpt>
      <trkpt lat="30.67595" lon="-99.24189">
        <ele>453.1</ele>
      </trkpt>
      <trkpt lat="30.67609" lon="-99.24185">
        <ele>453.7</ele>
      </trkpt>
      <trkpt lat="30.67612" lon="-99.24184">
        <ele>453.9</ele>
      </trkpt>
      <trkpt lat="30.67617" lon="-99.24182">
        <ele>454.3</ele>
      </trkpt>
      <trkpt lat="30.67621" lon="-99.2418">
        <ele>454.6</ele>
      </trkpt>
      <trkpt lat="30.6763" lon="-99.24177">
        <ele>455.2</ele>
      </trkpt>
      <trkpt lat="30.67635" lon="-99.24174">
        <ele>455.6</ele>
      </trkpt>
      <trkpt lat="30.67643" lon="-99.24171">
        <ele>456.3</ele>
      </trkpt>
      <trkpt lat="30.67646" lon="-99.2417">
        <ele>456.5</ele>
      </trkpt>
      <trkpt lat="30.6765" lon="-99.24168">
        <ele>456.8</ele>
      </trkpt>
      <trkpt lat="30.67657" lon="-99.24164">
        <ele>457.3</ele>
      </trkpt>
      <trkpt lat="30.6766" lon="-99.24163">
        <ele>457.4</ele>
      </trkpt>
      <trkpt lat="30.67661" lon="-99.24163">
        <ele>457.4</ele>
      </trkpt>
      <trkpt lat="30.67664" lon="-99.24162">
        <ele>457.5</ele>
      </trkpt>
      <trkpt lat="30.67667" lon="-99.2416">
        <ele>457.6</ele>
      </trkpt>
      <trkpt lat="30.67671" lon="-99.24158">
        <ele>457.8</ele>
      </trkpt>
      <trkpt lat="30.67674" lon="-99.24157">
        <ele>457.9</ele>
      </trkpt>
      <trkpt lat="30.67676" lon="-99.24155">
        <ele>457.9</ele>
      </trkpt>
      <trkpt lat="30.67678" lon="-99.24154">
        <ele>458.0</ele>
      </trkpt>
      <trkpt lat="30.67689" lon="-99.24147">
        <ele>458.3</ele>
      </trkpt>
      <trkpt lat="30.67692" lon="-99.24145">
        <ele>458.4</ele>
      </trkpt>
      <trkpt lat="30.67697" lon="-99.24143">
        <ele>458.5</ele>
      </trkpt>
      <trkpt lat="30.67703" lon="-99.24139">
        <ele>458.6</ele>
      </trkpt>
      <trkpt lat="30.67708" lon="-99.24136">
        <ele>458.6</ele>
      </trkpt>
      <trkpt lat="30.67718" lon="-99.2413">
        <ele>458.7</ele>
      </trkpt>
      <trkpt lat="30.67725" lon="-99.24125">
        <ele>458.8</ele>
      </trkpt>
      <trkpt lat="30.67729" lon="-99.24123">
        <ele>458.8</ele>
      </trkpt>
      <trkpt lat="30.67733" lon="-99.2412">
        <ele>458.8</ele>
      </trkpt>
      <trkpt lat="30.6774" lon="-99.24115">
        <ele>458.9</ele>
      </trkpt>
      <trkpt lat="30.6775" lon="-99.24108">
        <ele>458.9</ele>
      </trkpt>
      <trkpt lat="30.67755" lon="-99.24104">
        <ele>458.8</ele>
      </trkpt>
      <trkpt lat="30.67786" lon="-99.24084">
        <ele>457.8</ele>
      </trkpt>
      <trkpt lat="30.6781" lon="-99.24068">
        <ele>455.5</ele>
      </trkpt>
      <trkpt lat="30.67817" lon="-99.24063">
        <ele>454.9</ele>
      </trkpt>
      <trkpt lat="30.67822" lon="-99.2406">
        <ele>454.5</ele>
      </trkpt>
      <trkpt lat="30.67849" lon="-99.24043">
        <ele>452.2</ele>
      </trkpt>
      <trkpt lat="30.67864" lon="-99.24032">
        <ele>450.2</ele>
      </trkpt>
      <trkpt lat="30.6789" lon="-99.24016">
        <ele>447.0</ele>
      </trkpt>
      <trkpt lat="30.67896" lon="-99.24012">
        <ele>446.6</ele>
      </trkpt>
      <trkpt lat="30.67911" lon="-99.24002">
        <ele>445.6</ele>
      </trkpt>
      <trkpt lat="30.67911" lon="-99.24001">
        <ele>445.6</ele>
      </trkpt>
      <trkpt lat="30.67929" lon="-99.2399">
        <ele>445.6</ele>
      </trkpt>
      <trkpt lat="30.67945" lon="-99.23979">
        <ele>446.5</ele>
      </trkpt>
      <trkpt lat="30.67954" lon="-99.23975">
        <ele>447.2</ele>
      </trkpt>
      <trkpt lat="30.67998" lon="-99.23952">
        <ele>451.8</ele>
      </trkpt>
      <trkpt lat="30.68003" lon="-99.23949">
        <ele>452.1</ele>
      </trkpt>
      <trkpt lat="30.68019" lon="-99.2394">
        <ele>453.1</ele>
      </trkpt>
      <trkpt lat="30.68027" lon="-99.23936">
        <ele>453.6</ele>
      </trkpt>
      <trkpt lat="30.68053" lon="-99.23925">
        <ele>455.2</ele>
      </trkpt>
      <trkpt lat="30.68056" lon="-99.23923">
        <ele>455.3</ele>
      </trkpt>
      <trkpt lat="30.68087" lon="-99.23914">
        <ele>454.9</ele>
      </trkpt>
      <trkpt lat="30.68103" lon="-99.23904">
        <ele>453.7</ele>
      </trkpt>
      <trkpt lat="30.68172" lon="-99.23896">
        <ele>451.7</ele>
      </trkpt>
      <trkpt lat="30.68181" lon="-99.23895">
        <ele>451.9</ele>
      </trkpt>
      <trkpt lat="30.68198" lon="-99.23895">
        <ele>452.3</ele>
      </trkpt>
      <trkpt lat="30.68199" lon="-99.23895">
        <ele>452.3</ele>
      </trkpt>
      <trkpt lat="30.68253" lon="-99.23893">
        <ele>453.5</ele>
      </trkpt>
      <trkpt lat="30.6827" lon="-99.23893">
        <ele>454.0</ele>
      </trkpt>
      <trkpt lat="30.68288" lon="-99.23892">
        <ele>454.5</ele>
      </trkpt>
      <trkpt lat="30.68289" lon="-99.23892">
        <ele>454.5</ele>
      </trkpt>
      <trkpt lat="30.68342" lon="-99.2389">
        <ele>456.2</ele>
      </trkpt>
      <trkpt lat="30.68343" lon="-99.2389">
        <ele>456.2</ele>
      </trkpt>
      <trkpt lat="30.68504" lon="-99.23883">
        <ele>461.8</ele>
      </trkpt>
      <trkpt lat="30.68511" lon="-99.23883">
        <ele>462.4</ele>
      </trkpt>
      <trkpt lat="30.68554" lon="-99.23881">
        <ele>464.1</ele>
      </trkpt>
      <trkpt lat="30.68589" lon="-99.23879">
        <ele>465.5</ele>
      </trkpt>
      <trkpt lat="30.68594" lon="-99.23878">
        <ele>465.7</ele>
      </trkpt>
      <trkpt lat="30.68606" lon="-99.23875">
        <ele>466.2</ele>
      </trkpt>
      <trkpt lat="30.68612" lon="-99.23874">
        <ele>466.5</ele>
      </trkpt>
      <trkpt lat="30.68629" lon="-99.23868">
        <ele>467.2</ele>
      </trkpt>
      <trkpt lat="30.68657" lon="-99.2386">
        <ele>468.1</ele>
      </trkpt>
      <trkpt lat="30.68664" lon="-99.23857">
        <ele>468.2</ele>
      </trkpt>
      <trkpt lat="30.6868" lon="-99.2385">
        <ele>468.4</ele>
      </trkpt>
      <trkpt lat="30.68681" lon="-99.2385">
        <ele>468.5</ele>
      </trkpt>
      <trkpt lat="30.68684" lon="-99.23848">
        <ele>468.5</ele>
      </trkpt>
      <trkpt lat="30.68697" lon="-99.23842">
        <ele>468.6</ele>
      </trkpt>
      <trkpt lat="30.68709" lon="-99.23835">
        <ele>468.4</ele>
      </trkpt>
      <trkpt lat="30.68713" lon="-99.23833">
        <ele>468.3</ele>
      </trkpt>
      <trkpt lat="30.68734" lon="-99.23819">
        <ele>467.6</ele>
      </trkpt>
      <trkpt lat="30.68743" lon="-99.23813">
        <ele>467.8</ele>
      </trkpt>
      <trkpt lat="30.68745" lon="-99.23812">
        <ele>467.8</ele>
      </trkpt>
      <trkpt lat="30.6876" lon="-99.23801">
        <ele>468.2</ele>
      </trkpt>
      <trkpt lat="30.68767" lon="-99.23796">
        <ele>468.4</ele>
      </trkpt>
      <trkpt lat="30.68786" lon="-99.23776">
        <ele>468.4</ele>
      </trkpt>
      <trkpt lat="30.68822" lon="-99.23737">
        <ele>468.4</ele>
      </trkpt>
      <trkpt lat="30.68827" lon="-99.23731">
        <ele>468.4</ele>
      </trkpt>
      <trkpt lat="30.68864" lon="-99.23686">
        <ele>468.2</ele>
      </trkpt>
      <trkpt lat="30.68877" lon="-99.23671">
        <ele>468.1</ele>
      </trkpt>
      <trkpt lat="30.68902" lon="-99.23641">
        <ele>468.4</ele>
      </trkpt>
      <trkpt lat="30.68915" lon="-99.23627">
        <ele>469.2</ele>
      </trkpt>
      <trkpt lat="30.68928" lon="-99.23612">
        <ele>469.6</ele>
      </trkpt>
      <trkpt lat="30.68953" lon="-99.23582">
        <ele>470.7</ele>
      </trkpt>
      <trkpt lat="30.68991" lon="-99.23537">
        <ele>471.1</ele>
      </trkpt>
      <trkpt lat="30.69003" lon="-99.23522">
        <ele>471.1</ele>
      </trkpt>
      <trkpt lat="30.69054" lon="-99.23462">
        <ele>472.0</ele>
      </trkpt>
      <trkpt lat="30.69081" lon="-99.2343">
        <ele>472.9</ele>
      </trkpt>
      <trkpt lat="30.69142" lon="-99.23358">
        <ele>473.6</ele>
      </trkpt>
      <trkpt lat="30.69154" lon="-99.23343">
        <ele>473.8</ele>
      </trkpt>
      <trkpt lat="30.6918" lon="-99.23313">
        <ele>473.7</ele>
      </trkpt>
      <trkpt lat="30.69192" lon="-99.23298">
        <ele>473.5</ele>
      </trkpt>
      <trkpt lat="30.6924" lon="-99.23241">
        <ele>473.2</ele>
      </trkpt>
      <trkpt lat="30.69243" lon="-99.23239">
        <ele>473.2</ele>
      </trkpt>
      <trkpt lat="30.69255" lon="-99.23224">
        <ele>473.2</ele>
      </trkpt>
      <trkpt lat="30.6928" lon="-99.23194">
        <ele>473.3</ele>
      </trkpt>
      <trkpt lat="30.69293" lon="-99.23179">
        <ele>473.4</ele>
      </trkpt>
      <trkpt lat="30.69306" lon="-99.23164">
        <ele>473.4</ele>
      </trkpt>
      <trkpt lat="30.69343" lon="-99.23119">
        <ele>473.9</ele>
      </trkpt>
      <trkpt lat="30.69465" lon="-99.22975">
        <ele>477.2</ele>
      </trkpt>
      <trkpt lat="30.69496" lon="-99.22938">
        <ele>477.7</ele>
      </trkpt>
      <trkpt lat="30.69523" lon="-99.22907">
        <ele>478.2</ele>
      </trkpt>
      <trkpt lat="30.69546" lon="-99.22878">
        <ele>478.6</ele>
      </trkpt>
      <trkpt lat="30.6957" lon="-99.22848">
        <ele>478.7</ele>
      </trkpt>
      <trkpt lat="30.69643" lon="-99.22754">
        <ele>475.6</ele>
      </trkpt>
      <trkpt lat="30.69651" lon="-99.22744">
        <ele>475.5</ele>
      </trkpt>
      <trkpt lat="30.69655" lon="-99.22739">
        <ele>475.5</ele>
      </trkpt>
      <trkpt lat="30.69674" lon="-99.22715">
        <ele>475.5</ele>
      </trkpt>
      <trkpt lat="30.69736" lon="-99.22635">
        <ele>475.8</ele>
      </trkpt>
      <trkpt lat="30.69783" lon="-99.22574">
        <ele>476.3</ele>
      </trkpt>
      <trkpt lat="30.69795" lon="-99.22559">
        <ele>476.1</ele>
      </trkpt>
      <trkpt lat="30.69807" lon="-99.22543">
        <ele>476.0</ele>
      </trkpt>
      <trkpt lat="30.69832" lon="-99.22513">
        <ele>475.6</ele>
      </trkpt>
      <trkpt lat="30.69866" lon="-99.22469">
        <ele>474.7</ele>
      </trkpt>
      <trkpt lat="30.69899" lon="-99.22426">
        <ele>473.0</ele>
      </trkpt>
      <trkpt lat="30.69944" lon="-99.22365">
        <ele>471.4</ele>
      </trkpt>
      <trkpt lat="30.69963" lon="-99.22337">
        <ele>471.1</ele>
      </trkpt>
      <trkpt lat="30.69966" lon="-99.22331">
        <ele>471.0</ele>
      </trkpt>
      <trkpt lat="30.69972" lon="-99.22322">
        <ele>471.0</ele>
      </trkpt>
      <trkpt lat="30.69982" lon="-99.22304">
        <ele>470.8</ele>
      </trkpt>
      <trkpt lat="30.69986" lon="-99.22297">
        <ele>470.7</ele>
      </trkpt>
      <trkpt lat="30.69996" lon="-99.22281">
        <ele>470.5</ele>
      </trkpt>
      <trkpt lat="30.70021" lon="-99.22234">
        <ele>469.9</ele>
      </trkpt>
      <trkpt lat="30.7003" lon="-99.22216">
        <ele>469.7</ele>
      </trkpt>
      <trkpt lat="30.70036" lon="-99.22204">
        <ele>469.5</ele>
      </trkpt>
      <trkpt lat="30.70039" lon="-99.22198">
        <ele>469.5</ele>
      </trkpt>
      <trkpt lat="30.70044" lon="-99.2219">
        <ele>469.5</ele>
      </trkpt>
      <trkpt lat="30.70049" lon="-99.2218">
        <ele>469.5</ele>
      </trkpt>
      <trkpt lat="30.70053" lon="-99.22173">
        <ele>469.5</ele>
      </trkpt>
      <trkpt lat="30.70062" lon="-99.22155">
        <ele>468.6</ele>
      </trkpt>
      <trkpt lat="30.70065" lon="-99.2215">
        <ele>468.2</ele>
      </trkpt>
      <trkpt lat="30.70068" lon="-99.22145">
        <ele>467.7</ele>
      </trkpt>
      <trkpt lat="30.70072" lon="-99.22137">
        <ele>467.0</ele>
      </trkpt>
      <trkpt lat="30.70115" lon="-99.22056">
        <ele>463.2</ele>
      </trkpt>
      <trkpt lat="30.70124" lon="-99.22038">
        <ele>461.9</ele>
      </trkpt>
      <trkpt lat="30.70128" lon="-99.2203">
        <ele>461.1</ele>
      </trkpt>
      <trkpt lat="30.70131" lon="-99.22026">
        <ele>460.6</ele>
      </trkpt>
      <trkpt lat="30.70147" lon="-99.21995">
        <ele>459.0</ele>
      </trkpt>
      <trkpt lat="30.70157" lon="-99.21976">
        <ele>458.5</ele>
      </trkpt>
      <trkpt lat="30.7019" lon="-99.21915">
        <ele>457.4</ele>
      </trkpt>
      <trkpt lat="30.70194" lon="-99.21906">
        <ele>457.3</ele>
      </trkpt>
      <trkpt lat="30.70204" lon="-99.21888">
        <ele>457.3</ele>
      </trkpt>
      <trkpt lat="30.70212" lon="-99.21872">
        <ele>457.3</ele>
      </trkpt>
      <trkpt lat="30.70213" lon="-99.2187">
        <ele>457.3</ele>
      </trkpt>
      <trkpt lat="30.70254" lon="-99.21795">
        <ele>453.6</ele>
      </trkpt>
      <trkpt lat="30.70264" lon="-99.21772">
        <ele>452.8</ele>
      </trkpt>
      <trkpt lat="30.70264" lon="-99.21772">
        <ele>452.8</ele>
      </trkpt>
      <trkpt lat="30.7022" lon="-99.21769">
        <ele>452.1</ele>
      </trkpt>
      <trkpt lat="30.70218" lon="-99.21769">
        <ele>452.2</ele>
      </trkpt>
      <trkpt lat="30.70195" lon="-99.21767">
        <ele>453.0</ele>
      </trkpt>
      <trkpt lat="30.70188" lon="-99.21766">
        <ele>453.3</ele>
      </trkpt>
      <trkpt lat="30.70164" lon="-99.21762">
        <ele>455.1</ele>
      </trkpt>
      <trkpt lat="30.70164" lon="-99.21762">
        <ele>455.1</ele>
      </trkpt>
      <trkpt lat="30.70155" lon="-99.21761">
        <ele>455.6</ele>
      </trkpt>
      <trkpt lat="30.70149" lon="-99.21758">
        <ele>455.8</ele>
      </trkpt>
      <trkpt lat="30.70142" lon="-99.21756">
        <ele>456.0</ele>
      </trkpt>
      <trkpt lat="30.70115" lon="-99.21746">
        <ele>456.3</ele>
      </trkpt>
      <trkpt lat="30.70107" lon="-99.21744">
        <ele>456.4</ele>
      </trkpt>
      <trkpt lat="30.70103" lon="-99.21742">
        <ele>456.4</ele>
      </trkpt>
      <trkpt lat="30.70081" lon="-99.21731">
        <ele>456.1</ele>
      </trkpt>
      <trkpt lat="30.70036" lon="-99.21698">
        <ele>455.3</ele>
      </trkpt>
      <trkpt lat="30.7003" lon="-99.21691">
        <ele>455.2</ele>
      </trkpt>
      <trkpt lat="30.70023" lon="-99.21683">
        <ele>455.1</ele>
      </trkpt>
      <trkpt lat="30.70017" lon="-99.21677">
        <ele>455.0</ele>
      </trkpt>
      <trkpt lat="30.70014" lon="-99.21675">
        <ele>455.0</ele>
      </trkpt>
      <trkpt lat="30.70003" lon="-99.21664">
        <ele>454.9</ele>
      </trkpt>
      <trkpt lat="30.69976" lon="-99.21632">
        <ele>454.5</ele>
      </trkpt>
      <trkpt lat="30.69952" lon="-99.21604">
        <ele>454.0</ele>
      </trkpt>
      <trkpt lat="30.69915" lon="-99.21559">
        <ele>454.5</ele>
      </trkpt>
      <trkpt lat="30.69896" lon="-99.21536">
        <ele>455.1</ele>
      </trkpt>
      <trkpt lat="30.6989" lon="-99.21529">
        <ele>455.3</ele>
      </trkpt>
      <trkpt lat="30.69878" lon="-99.21514">
        <ele>455.6</ele>
      </trkpt>
      <trkpt lat="30.69858" lon="-99.2149">
        <ele>456.0</ele>
      </trkpt>
      <trkpt lat="30.69836" lon="-99.21464">
        <ele>456.4</ele>
      </trkpt>
      <trkpt lat="30.69815" lon="-99.21439">
        <ele>457.4</ele>
      </trkpt>
      <trkpt lat="30.69808" lon="-99.2143">
        <ele>457.6</ele>
      </trkpt>
      <trkpt lat="30.69803" lon="-99.21424">
        <ele>457.7</ele>
      </trkpt>
      <trkpt lat="30.6979" lon="-99.21409">
        <ele>458.0</ele>
      </trkpt>
      <trkpt lat="30.69788" lon="-99.21406">
        <ele>458.0</ele>
      </trkpt>
      <trkpt lat="30.69783" lon="-99.214">
        <ele>458.0</ele>
      </trkpt>
      <trkpt lat="30.69778" lon="-99.21393">
        <ele>458.0</ele>
      </trkpt>
      <trkpt lat="30.69766" lon="-99.21378">
        <ele>457.9</ele>
      </trkpt>
      <trkpt lat="30.69759" lon="-99.21369">
        <ele>457.8</ele>
      </trkpt>
      <trkpt lat="30.69755" lon="-99.21365">
        <ele>457.7</ele>
      </trkpt>
      <trkpt lat="30.69732" lon="-99.21343">
        <ele>457.3</ele>
      </trkpt>
      <trkpt lat="30.69713" lon="-99.21326">
        <ele>457.0</ele>
      </trkpt>
      <trkpt lat="30.69685" lon="-99.21308">
        <ele>456.4</ele>
      </trkpt>
      <trkpt lat="30.69679" lon="-99.21304">
        <ele>456.3</ele>
      </trkpt>
      <trkpt lat="30.69675" lon="-99.21301">
        <ele>456.3</ele>
      </trkpt>
      <trkpt lat="30.6964" lon="-99.21286">
        <ele>456.1</ele>
      </trkpt>
      <trkpt lat="30.69604" lon="-99.21272">
        <ele>456.2</ele>
      </trkpt>
      <trkpt lat="30.69591" lon="-99.21267">
        <ele>456.3</ele>
      </trkpt>
      <trkpt lat="30.69566" lon="-99.21259">
        <ele>456.3</ele>
      </trkpt>
      <trkpt lat="30.6953" lon="-99.21247">
        <ele>456.3</ele>
      </trkpt>
      <trkpt lat="30.69478" lon="-99.21227">
        <ele>456.6</ele>
      </trkpt>
      <trkpt lat="30.69427" lon="-99.21208">
        <ele>456.8</ele>
      </trkpt>
      <trkpt lat="30.6941" lon="-99.21201">
        <ele>456.8</ele>
      </trkpt>
      <trkpt lat="30.69347" lon="-99.21179">
        <ele>456.2</ele>
      </trkpt>
      <trkpt lat="30.69317" lon="-99.21166">
        <ele>455.7</ele>
      </trkpt>
      <trkpt lat="30.69302" lon="-99.21158">
        <ele>455.4</ele>
      </trkpt>
      <trkpt lat="30.69276" lon="-99.2114">
        <ele>454.8</ele>
      </trkpt>
      <trkpt lat="30.6927" lon="-99.21135">
        <ele>454.6</ele>
      </trkpt>
      <trkpt lat="30.69266" lon="-99.21133">
        <ele>454.5</ele>
      </trkpt>
      <trkpt lat="30.6926" lon="-99.21128">
        <ele>454.3</ele>
      </trkpt>
      <trkpt lat="30.69254" lon="-99.21124">
        <ele>454.2</ele>
      </trkpt>
      <trkpt lat="30.69233" lon="-99.21103">
        <ele>453.5</ele>
      </trkpt>
      <trkpt lat="30.69222" lon="-99.21092">
        <ele>453.2</ele>
      </trkpt>
      <trkpt lat="30.69181" lon="-99.21043">
        <ele>452.0</ele>
      </trkpt>
      <trkpt lat="30.69143" lon="-99.20999">
        <ele>451.2</ele>
      </trkpt>
      <trkpt lat="30.69062" lon="-99.20904">
        <ele>452.8</ele>
      </trkpt>
      <trkpt lat="30.69037" lon="-99.20875">
        <ele>452.6</ele>
      </trkpt>
      <trkpt lat="30.69024" lon="-99.2086">
        <ele>452.4</ele>
      </trkpt>
      <trkpt lat="30.68973" lon="-99.20801">
        <ele>451.2</ele>
      </trkpt>
      <trkpt lat="30.68943" lon="-99.20766">
        <ele>450.8</ele>
      </trkpt>
      <trkpt lat="30.68884" lon="-99.20698">
        <ele>449.9</ele>
      </trkpt>
      <trkpt lat="30.68875" lon="-99.20687">
        <ele>449.7</ele>
      </trkpt>
      <trkpt lat="30.68819" lon="-99.20627">
        <ele>447.6</ele>
      </trkpt>
      <trkpt lat="30.68805" lon="-99.20612">
        <ele>446.7</ele>
      </trkpt>
      <trkpt lat="30.68744" lon="-99.20545">
        <ele>444.6</ele>
      </trkpt>
      <trkpt lat="30.68739" lon="-99.2054">
        <ele>444.5</ele>
      </trkpt>
      <trkpt lat="30.68731" lon="-99.20531">
        <ele>444.5</ele>
      </trkpt>
      <trkpt lat="30.68713" lon="-99.20512">
        <ele>444.6</ele>
      </trkpt>
      <trkpt lat="30.687" lon="-99.20498">
        <ele>444.6</ele>
      </trkpt>
      <trkpt lat="30.68691" lon="-99.20488">
        <ele>444.6</ele>
      </trkpt>
      <trkpt lat="30.68688" lon="-99.20485">
        <ele>444.6</ele>
      </trkpt>
      <trkpt lat="30.68685" lon="-99.20481">
        <ele>444.6</ele>
      </trkpt>
      <trkpt lat="30.68679" lon="-99.20475">
        <ele>444.7</ele>
      </trkpt>
      <trkpt lat="30.68648" lon="-99.2044">
        <ele>444.4</ele>
      </trkpt>
      <trkpt lat="30.68646" lon="-99.20438">
        <ele>444.4</ele>
      </trkpt>
      <trkpt lat="30.68633" lon="-99.20424">
        <ele>444.2</ele>
      </trkpt>
      <trkpt lat="30.68596" lon="-99.20382">
        <ele>443.7</ele>
      </trkpt>
      <trkpt lat="30.68594" lon="-99.2038">
        <ele>443.7</ele>
      </trkpt>
      <trkpt lat="30.68593" lon="-99.20379">
        <ele>443.7</ele>
      </trkpt>
      <trkpt lat="30.68559" lon="-99.20342">
        <ele>443.6</ele>
      </trkpt>
      <trkpt lat="30.68541" lon="-99.20321">
        <ele>443.8</ele>
      </trkpt>
      <trkpt lat="30.68506" lon="-99.20284">
        <ele>444.3</ele>
      </trkpt>
      <trkpt lat="30.68476" lon="-99.20252">
        <ele>444.8</ele>
      </trkpt>
      <trkpt lat="30.68476" lon="-99.20252">
        <ele>444.8</ele>
      </trkpt>
      <trkpt lat="30.6847" lon="-99.20247">
        <ele>444.8</ele>
      </trkpt>
      <trkpt lat="30.68462" lon="-99.20239">
        <ele>444.9</ele>
      </trkpt>
      <trkpt lat="30.68457" lon="-99.20234">
        <ele>444.9</ele>
      </trkpt>
      <trkpt lat="30.68428" lon="-99.20208">
        <ele>446.1</ele>
      </trkpt>
      <trkpt lat="30.68402" lon="-99.20188">
        <ele>446.6</ele>
      </trkpt>
      <trkpt lat="30.684" lon="-99.20187">
        <ele>446.6</ele>
      </trkpt>
      <trkpt lat="30.68376" lon="-99.20169">
        <ele>446.1</ele>
      </trkpt>
      <trkpt lat="30.68372" lon="-99.20166">
        <ele>446.0</ele>
      </trkpt>
      <trkpt lat="30.68361" lon="-99.20158">
        <ele>446.0</ele>
      </trkpt>
      <trkpt lat="30.6831" lon="-99.20121">
        <ele>444.6</ele>
      </trkpt>
      <trkpt lat="30.683" lon="-99.20113">
        <ele>443.6</ele>
      </trkpt>
      <trkpt lat="30.68296" lon="-99.2011">
        <ele>443.1</ele>
      </trkpt>
      <trkpt lat="30.68287" lon="-99.20104">
        <ele>442.0</ele>
      </trkpt>
      <trkpt lat="30.68285" lon="-99.20102">
        <ele>442.0</ele>
      </trkpt>
      <trkpt lat="30.68276" lon="-99.20095">
        <ele>442.1</ele>
      </trkpt>
      <trkpt lat="30.6827" lon="-99.20091">
        <ele>442.6</ele>
      </trkpt>
      <trkpt lat="30.68266" lon="-99.20088">
        <ele>443.0</ele>
      </trkpt>
      <trkpt lat="30.68255" lon="-99.2008">
        <ele>444.6</ele>
      </trkpt>
      <trkpt lat="30.68239" lon="-99.20069">
        <ele>445.3</ele>
      </trkpt>
      <trkpt lat="30.68228" lon="-99.20061">
        <ele>445.7</ele>
      </trkpt>
      <trkpt lat="30.68209" lon="-99.20047">
        <ele>446.6</ele>
      </trkpt>
      <trkpt lat="30.68158" lon="-99.20012">
        <ele>449.1</ele>
      </trkpt>
      <trkpt lat="30.68147" lon="-99.20004">
        <ele>449.6</ele>
      </trkpt>
      <trkpt lat="30.68114" lon="-99.19979">
        <ele>451.1</ele>
      </trkpt>
      <trkpt lat="30.68104" lon="-99.19972">
        <ele>451.8</ele>
      </trkpt>
      <trkpt lat="30.68097" lon="-99.19967">
        <ele>452.5</ele>
      </trkpt>
      <trkpt lat="30.68092" lon="-99.19963">
        <ele>452.9</ele>
      </trkpt>
      <trkpt lat="30.68074" lon="-99.1995">
        <ele>454.9</ele>
      </trkpt>
      <trkpt lat="30.68028" lon="-99.19916">
        <ele>458.0</ele>
      </trkpt>
      <trkpt lat="30.68013" lon="-99.19904">
        <ele>460.5</ele>
      </trkpt>
      <trkpt lat="30.68006" lon="-99.19899">
        <ele>461.1</ele>
      </trkpt>
      <trkpt lat="30.68003" lon="-99.19897">
        <ele>461.2</ele>
      </trkpt>
      <trkpt lat="30.67998" lon="-99.19893">
        <ele>461.3</ele>
      </trkpt>
      <trkpt lat="30.67982" lon="-99.19884">
        <ele>461.3</ele>
      </trkpt>
      <trkpt lat="30.67975" lon="-99.19881">
        <ele>460.9</ele>
      </trkpt>
      <trkpt lat="30.67969" lon="-99.19879">
        <ele>460.5</ele>
      </trkpt>
      <trkpt lat="30.67948" lon="-99.19876">
        <ele>459.1</ele>
      </trkpt>
      <trkpt lat="30.67925" lon="-99.19874">
        <ele>458.0</ele>
      </trkpt>
      <trkpt lat="30.67916" lon="-99.19873">
        <ele>457.5</ele>
      </trkpt>
      <trkpt lat="30.67907" lon="-99.19873">
        <ele>456.9</ele>
      </trkpt>
      <trkpt lat="30.67871" lon="-99.19872">
        <ele>454.5</ele>
      </trkpt>
      <trkpt lat="30.67853" lon="-99.19871">
        <ele>453.3</ele>
      </trkpt>
      <trkpt lat="30.67836" lon="-99.1987">
        <ele>452.2</ele>
      </trkpt>
      <trkpt lat="30.67835" lon="-99.1987">
        <ele>452.1</ele>
      </trkpt>
      <trkpt lat="30.67832" lon="-99.1987">
        <ele>452.0</ele>
      </trkpt>
      <trkpt lat="30.67824" lon="-99.1987">
        <ele>451.6</ele>
      </trkpt>
      <trkpt lat="30.67817" lon="-99.1987">
        <ele>451.5</ele>
      </trkpt>
      <trkpt lat="30.67799" lon="-99.1987">
        <ele>452.0</ele>
      </trkpt>
      <trkpt lat="30.67783" lon="-99.1987">
        <ele>453.6</ele>
      </trkpt>
      <trkpt lat="30.67771" lon="-99.19869">
        <ele>455.8</ele>
      </trkpt>
      <trkpt lat="30.6776" lon="-99.19866">
        <ele>457.1</ele>
      </trkpt>
      <trkpt lat="30.67746" lon="-99.19861">
        <ele>457.6</ele>
      </trkpt>
      <trkpt lat="30.6774" lon="-99.19859">
        <ele>457.7</ele>
      </trkpt>
      <trkpt lat="30.67732" lon="-99.19852">
        <ele>457.9</ele>
      </trkpt>
      <trkpt lat="30.67723" lon="-99.19843">
        <ele>458.2</ele>
      </trkpt>
      <trkpt lat="30.67718" lon="-99.19836">
        <ele>458.3</ele>
      </trkpt>
      <trkpt lat="30.67715" lon="-99.19832">
        <ele>458.4</ele>
      </trkpt>
      <trkpt lat="30.67696" lon="-99.19802">
        <ele>458.4</ele>
      </trkpt>
      <trkpt lat="30.67655" lon="-99.19738">
        <ele>456.5</ele>
      </trkpt>
      <trkpt lat="30.67653" lon="-99.19735">
        <ele>456.4</ele>
      </trkpt>
      <trkpt lat="30.67642" lon="-99.19719">
        <ele>456.1</ele>
      </trkpt>
      <trkpt lat="30.67632" lon="-99.19702">
        <ele>456.0</ele>
      </trkpt>
      <trkpt lat="30.67599" lon="-99.19652">
        <ele>455.6</ele>
      </trkpt>
      <trkpt lat="30.67578" lon="-99.19618">
        <ele>455.2</ele>
      </trkpt>
      <trkpt lat="30.67525" lon="-99.19533">
        <ele>452.3</ele>
      </trkpt>
      <trkpt lat="30.67502" lon="-99.19497">
        <ele>451.3</ele>
      </trkpt>
      <trkpt lat="30.67437" lon="-99.19394">
        <ele>455.4</ele>
      </trkpt>
      <trkpt lat="30.67427" lon="-99.19377">
        <ele>455.2</ele>
      </trkpt>
      <trkpt lat="30.67399" lon="-99.19333">
        <ele>454.4</ele>
      </trkpt>
      <trkpt lat="30.67352" lon="-99.19259">
        <ele>453.3</ele>
      </trkpt>
      <trkpt lat="30.67341" lon="-99.19242">
        <ele>454.1</ele>
      </trkpt>
      <trkpt lat="30.67322" lon="-99.19212">
        <ele>455.4</ele>
      </trkpt>
      <trkpt lat="30.67309" lon="-99.19192">
        <ele>455.5</ele>
      </trkpt>
      <trkpt lat="30.67298" lon="-99.19176">
        <ele>455.5</ele>
      </trkpt>
      <trkpt lat="30.67297" lon="-99.19175">
        <ele>455.5</ele>
      </trkpt>
      <trkpt lat="30.67286" lon="-99.1916">
        <ele>455.4</ele>
      </trkpt>
      <trkpt lat="30.67274" lon="-99.19144">
        <ele>455.3</ele>
      </trkpt>
      <trkpt lat="30.67246" lon="-99.19105">
        <ele>454.2</ele>
      </trkpt>
      <trkpt lat="30.67239" lon="-99.19096">
        <ele>453.8</ele>
      </trkpt>
      <trkpt lat="30.67233" lon="-99.19087">
        <ele>453.3</ele>
      </trkpt>
      <trkpt lat="30.67228" lon="-99.1908">
        <ele>452.9</ele>
      </trkpt>
      <trkpt lat="30.6718" lon="-99.19018">
        <ele>450.8</ele>
      </trkpt>
      <trkpt lat="30.6717" lon="-99.19004">
        <ele>450.6</ele>
      </trkpt>
      <trkpt lat="30.67156" lon="-99.18987">
        <ele>450.3</ele>
      </trkpt>
      <trkpt lat="30.67144" lon="-99.18971">
        <ele>450.0</ele>
      </trkpt>
      <trkpt lat="30.67132" lon="-99.18956">
        <ele>449.6</ele>
      </trkpt>
      <trkpt lat="30.6712" lon="-99.1894">
        <ele>449.2</ele>
      </trkpt>
      <trkpt lat="30.67116" lon="-99.18936">
        <ele>449.1</ele>
      </trkpt>
      <trkpt lat="30.67089" lon="-99.18898">
        <ele>447.9</ele>
      </trkpt>
      <trkpt lat="30.67085" lon="-99.18892">
        <ele>447.7</ele>
      </trkpt>
      <trkpt lat="30.67076" lon="-99.18881">
        <ele>447.4</ele>
      </trkpt>
      <trkpt lat="30.67061" lon="-99.18861">
        <ele>446.8</ele>
      </trkpt>
      <trkpt lat="30.67058" lon="-99.18857">
        <ele>446.8</ele>
      </trkpt>
      <trkpt lat="30.67049" lon="-99.18845">
        <ele>446.9</ele>
      </trkpt>
      <trkpt lat="30.67047" lon="-99.18841">
        <ele>447.0</ele>
      </trkpt>
      <trkpt lat="30.66998" lon="-99.18778">
        <ele>448.1</ele>
      </trkpt>
      <trkpt lat="30.66969" lon="-99.18738">
        <ele>448.3</ele>
      </trkpt>
      <trkpt lat="30.66967" lon="-99.18735">
        <ele>448.3</ele>
      </trkpt>
      <trkpt lat="30.66925" lon="-99.18681">
        <ele>449.4</ele>
      </trkpt>
      <trkpt lat="30.66919" lon="-99.18672">
        <ele>449.4</ele>
      </trkpt>
      <trkpt lat="30.66906" lon="-99.18657">
        <ele>449.6</ele>
      </trkpt>
      <trkpt lat="30.66896" lon="-99.18645">
        <ele>449.7</ele>
      </trkpt>
      <trkpt lat="30.66894" lon="-99.18642">
        <ele>449.6</ele>
      </trkpt>
      <trkpt lat="30.66834" lon="-99.18572">
        <ele>449.0</ele>
      </trkpt>
      <trkpt lat="30.6683" lon="-99.18568">
        <ele>448.9</ele>
      </trkpt>
      <trkpt lat="30.66818" lon="-99.18553">
        <ele>448.7</ele>
      </trkpt>
      <trkpt lat="30.6678" lon="-99.18508">
        <ele>448.0</ele>
      </trkpt>
      <trkpt lat="30.66773" lon="-99.185">
        <ele>447.9</ele>
      </trkpt>
      <trkpt lat="30.66767" lon="-99.18494">
        <ele>447.9</ele>
      </trkpt>
      <trkpt lat="30.66723" lon="-99.18445">
        <ele>447.8</ele>
      </trkpt>
      <trkpt lat="30.66708" lon="-99.18429">
        <ele>447.8</ele>
      </trkpt>
      <trkpt lat="30.66693" lon="-99.18414">
        <ele>447.9</ele>
      </trkpt>
      <trkpt lat="30.66687" lon="-99.18409">
        <ele>448.0</ele>
      </trkpt>
      <trkpt lat="30.66661" lon="-99.18385">
        <ele>447.9</ele>
      </trkpt>
      <trkpt lat="30.66626" lon="-99.18356">
        <ele>447.4</ele>
      </trkpt>
      <trkpt lat="30.66615" lon="-99.18346">
        <ele>447.2</ele>
      </trkpt>
      <trkpt lat="30.66601" lon="-99.18334">
        <ele>446.9</ele>
      </trkpt>
      <trkpt lat="30.66568" lon="-99.18305">
        <ele>447.1</ele>
      </trkpt>
      <trkpt lat="30.66544" lon="-99.18283">
        <ele>448.0</ele>
      </trkpt>
      <trkpt lat="30.66529" lon="-99.18271">
        <ele>448.6</ele>
      </trkpt>
      <trkpt lat="30.66486" lon="-99.18233">
        <ele>449.6</ele>
      </trkpt>
      <trkpt lat="30.66457" lon="-99.18208">
        <ele>450.3</ele>
      </trkpt>
      <trkpt lat="30.66429" lon="-99.18183">
        <ele>451.4</ele>
      </trkpt>
      <trkpt lat="30.66371" lon="-99.18132">
        <ele>458.2</ele>
      </trkpt>
      <trkpt lat="30.66357" lon="-99.1812">
        <ele>458.3</ele>
      </trkpt>
      <trkpt lat="30.66355" lon="-99.18118">
        <ele>458.3</ele>
      </trkpt>
      <trkpt lat="30.66342" lon="-99.18108">
        <ele>458.2</ele>
      </trkpt>
      <trkpt lat="30.6634" lon="-99.18106">
        <ele>458.2</ele>
      </trkpt>
      <trkpt lat="30.66327" lon="-99.18096">
        <ele>458.0</ele>
      </trkpt>
      <trkpt lat="30.66324" lon="-99.18094">
        <ele>458.0</ele>
      </trkpt>
      <trkpt lat="30.66297" lon="-99.18074">
        <ele>456.4</ele>
      </trkpt>
      <trkpt lat="30.66279" lon="-99.1806">
        <ele>454.4</ele>
      </trkpt>
      <trkpt lat="30.66222" lon="-99.18016">
        <ele>448.2</ele>
      </trkpt>
      <trkpt lat="30.66207" lon="-99.18005">
        <ele>447.1</ele>
      </trkpt>
      <trkpt lat="30.66192" lon="-99.17993">
        <ele>445.9</ele>
      </trkpt>
      <trkpt lat="30.66185" lon="-99.17987">
        <ele>445.3</ele>
      </trkpt>
      <trkpt lat="30.66158" lon="-99.17966">
        <ele>442.5</ele>
      </trkpt>
      <trkpt lat="30.66144" lon="-99.17955">
        <ele>440.8</ele>
      </trkpt>
      <trkpt lat="30.66133" lon="-99.17945">
        <ele>439.4</ele>
      </trkpt>
      <trkpt lat="30.66132" lon="-99.17945">
        <ele>439.3</ele>
      </trkpt>
      <trkpt lat="30.66121" lon="-99.17936">
        <ele>438.5</ele>
      </trkpt>
      <trkpt lat="30.66118" lon="-99.17934">
        <ele>438.4</ele>
      </trkpt>
      <trkpt lat="30.6611" lon="-99.17927">
        <ele>437.9</ele>
      </trkpt>
      <trkpt lat="30.66098" lon="-99.17909">
        <ele>437.0</ele>
      </trkpt>
      <trkpt lat="30.66095" lon="-99.17902">
        <ele>436.8</ele>
      </trkpt>
      <trkpt lat="30.6609" lon="-99.17892">
        <ele>436.4</ele>
      </trkpt>
      <trkpt lat="30.66082" lon="-99.17875">
        <ele>435.6</ele>
      </trkpt>
      <trkpt lat="30.66075" lon="-99.17856">
        <ele>435.0</ele>
      </trkpt>
      <trkpt lat="30.66071" lon="-99.17846">
        <ele>434.7</ele>
      </trkpt>
      <trkpt lat="30.66068" lon="-99.17836">
        <ele>434.5</ele>
      </trkpt>
      <trkpt lat="30.66057" lon="-99.17808">
        <ele>434.0</ele>
      </trkpt>
      <trkpt lat="30.66049" lon="-99.17789">
        <ele>433.6</ele>
      </trkpt>
      <trkpt lat="30.66042" lon="-99.17769">
        <ele>433.3</ele>
      </trkpt>
      <trkpt lat="30.66026" lon="-99.17729">
        <ele>431.9</ele>
      </trkpt>
      <trkpt lat="30.65998" lon="-99.17655">
        <ele>429.0</ele>
      </trkpt>
      <trkpt lat="30.65993" lon="-99.17639">
        <ele>428.8</ele>
      </trkpt>
      <trkpt lat="30.65985" lon="-99.17619">
        <ele>428.6</ele>
      </trkpt>
      <trkpt lat="30.65976" lon="-99.17598">
        <ele>428.5</ele>
      </trkpt>
      <trkpt lat="30.65969" lon="-99.17579">
        <ele>428.3</ele>
      </trkpt>
      <trkpt lat="30.65961" lon="-99.1756">
        <ele>428.0</ele>
      </trkpt>
      <trkpt lat="30.6596" lon="-99.17556">
        <ele>427.9</ele>
      </trkpt>
      <trkpt lat="30.6593" lon="-99.17468">
        <ele>425.7</ele>
      </trkpt>
      <trkpt lat="30.65921" lon="-99.17447">
        <ele>425.3</ele>
      </trkpt>
      <trkpt lat="30.65916" lon="-99.17434">
        <ele>425.0</ele>
      </trkpt>
      <trkpt lat="30.65909" lon="-99.17417">
        <ele>424.6</ele>
      </trkpt>
      <trkpt lat="30.65901" lon="-99.174">
        <ele>424.0</ele>
      </trkpt>
      <trkpt lat="30.65892" lon="-99.17385">
        <ele>423.5</ele>
      </trkpt>
      <trkpt lat="30.65882" lon="-99.1737">
        <ele>423.3</ele>
      </trkpt>
      <trkpt lat="30.65874" lon="-99.1736">
        <ele>423.1</ele>
      </trkpt>
      <trkpt lat="30.65833" lon="-99.17309">
        <ele>422.2</ele>
      </trkpt>
      <trkpt lat="30.65797" lon="-99.17263">
        <ele>420.7</ele>
      </trkpt>
      <trkpt lat="30.65724" lon="-99.17169">
        <ele>417.7</ele>
      </trkpt>
      <trkpt lat="30.65722" lon="-99.17166">
        <ele>417.6</ele>
      </trkpt>
      <trkpt lat="30.65712" lon="-99.17154">
        <ele>417.3</ele>
      </trkpt>
      <trkpt lat="30.65699" lon="-99.17138">
        <ele>416.9</ele>
      </trkpt>
      <trkpt lat="30.65687" lon="-99.17127">
        <ele>416.6</ele>
      </trkpt>
      <trkpt lat="30.65686" lon="-99.17126">
        <ele>416.6</ele>
      </trkpt>
      <trkpt lat="30.65675" lon="-99.17119">
        <ele>416.3</ele>
      </trkpt>
      <trkpt lat="30.65663" lon="-99.17114">
        <ele>416.0</ele>
      </trkpt>
      <trkpt lat="30.65636" lon="-99.17103">
        <ele>415.5</ele>
      </trkpt>
      <trkpt lat="30.65635" lon="-99.17103">
        <ele>415.5</ele>
      </trkpt>
      <trkpt lat="30.65619" lon="-99.17097">
        <ele>415.2</ele>
      </trkpt>
      <trkpt lat="30.65498" lon="-99.17055">
        <ele>414.4</ele>
      </trkpt>
      <trkpt lat="30.65482" lon="-99.1705">
        <ele>413.6</ele>
      </trkpt>
      <trkpt lat="30.65463" lon="-99.17045">
        <ele>412.9</ele>
      </trkpt>
      <trkpt lat="30.65447" lon="-99.17043">
        <ele>412.6</ele>
      </trkpt>
      <trkpt lat="30.65431" lon="-99.17043">
        <ele>412.4</ele>
      </trkpt>
      <trkpt lat="30.65409" lon="-99.17044">
        <ele>411.9</ele>
      </trkpt>
      <trkpt lat="30.65391" lon="-99.17045">
        <ele>411.2</ele>
      </trkpt>
      <trkpt lat="30.65355" lon="-99.17046">
        <ele>409.8</ele>
      </trkpt>
      <trkpt lat="30.65337" lon="-99.17046">
        <ele>409.2</ele>
      </trkpt>
      <trkpt lat="30.65292" lon="-99.17048">
        <ele>408.1</ele>
      </trkpt>
      <trkpt lat="30.65283" lon="-99.17048">
        <ele>407.9</ele>
      </trkpt>
      <trkpt lat="30.65273" lon="-99.17048">
        <ele>407.7</ele>
      </trkpt>
      <trkpt lat="30.65265" lon="-99.17049">
        <ele>407.6</ele>
      </trkpt>
      <trkpt lat="30.6523" lon="-99.17051">
        <ele>406.9</ele>
      </trkpt>
      <trkpt lat="30.65218" lon="-99.17052">
        <ele>406.7</ele>
      </trkpt>
      <trkpt lat="30.65194" lon="-99.17053">
        <ele>406.4</ele>
      </trkpt>
      <trkpt lat="30.65182" lon="-99.17053">
        <ele>406.3</ele>
      </trkpt>
      <trkpt lat="30.65176" lon="-99.17054">
        <ele>406.2</ele>
      </trkpt>
      <trkpt lat="30.65163" lon="-99.17055">
        <ele>406.1</ele>
      </trkpt>
      <trkpt lat="30.65144" lon="-99.17054">
        <ele>405.8</ele>
      </trkpt>
      <trkpt lat="30.6514" lon="-99.17054">
        <ele>405.8</ele>
      </trkpt>
      <trkpt lat="30.65128" lon="-99.17054">
        <ele>405.5</ele>
      </trkpt>
      <trkpt lat="30.65111" lon="-99.17054">
        <ele>405.1</ele>
      </trkpt>
      <trkpt lat="30.65096" lon="-99.17057">
        <ele>404.8</ele>
      </trkpt>
      <trkpt lat="30.65086" lon="-99.17061">
        <ele>404.5</ele>
      </trkpt>
      <trkpt lat="30.65082" lon="-99.17062">
        <ele>404.4</ele>
      </trkpt>
      <trkpt lat="30.65069" lon="-99.17068">
        <ele>404.1</ele>
      </trkpt>
      <trkpt lat="30.65053" lon="-99.17075">
        <ele>403.8</ele>
      </trkpt>
      <trkpt lat="30.65036" lon="-99.17083">
        <ele>403.4</ele>
      </trkpt>
      <trkpt lat="30.65019" lon="-99.1709">
        <ele>403.1</ele>
      </trkpt>
      <trkpt lat="30.65014" lon="-99.17092">
        <ele>403.0</ele>
      </trkpt>
      <trkpt lat="30.64959" lon="-99.17119">
        <ele>402.0</ele>
      </trkpt>
      <trkpt lat="30.64892" lon="-99.17151">
        <ele>402.8</ele>
      </trkpt>
      <trkpt lat="30.64876" lon="-99.17159">
        <ele>403.1</ele>
      </trkpt>
      <trkpt lat="30.64857" lon="-99.17168">
        <ele>403.6</ele>
      </trkpt>
      <trkpt lat="30.64838" lon="-99.17178">
        <ele>404.1</ele>
      </trkpt>
      <trkpt lat="30.64793" lon="-99.17198">
        <ele>405.5</ele>
      </trkpt>
      <trkpt lat="30.64792" lon="-99.17198">
        <ele>405.5</ele>
      </trkpt>
      <trkpt lat="30.64777" lon="-99.17203">
        <ele>406.1</ele>
      </trkpt>
      <trkpt lat="30.64765" lon="-99.17207">
        <ele>406.4</ele>
      </trkpt>
      <trkpt lat="30.64722" lon="-99.17214">
        <ele>407.3</ele>
      </trkpt>
      <trkpt lat="30.64704" lon="-99.17217">
        <ele>407.4</ele>
      </trkpt>
      <trkpt lat="30.6467" lon="-99.17222">
        <ele>407.6</ele>
      </trkpt>
      <trkpt lat="30.64646" lon="-99.17226">
        <ele>407.7</ele>
      </trkpt>
      <trkpt lat="30.64615" lon="-99.17231">
        <ele>407.7</ele>
      </trkpt>
      <trkpt lat="30.64554" lon="-99.17241">
        <ele>407.2</ele>
      </trkpt>
      <trkpt lat="30.64544" lon="-99.17243">
        <ele>407.1</ele>
      </trkpt>
      <trkpt lat="30.64521" lon="-99.17246">
        <ele>406.6</ele>
      </trkpt>
      <trkpt lat="30.64476" lon="-99.17253">
        <ele>405.6</ele>
      </trkpt>
      <trkpt lat="30.64447" lon="-99.17256">
        <ele>405.1</ele>
      </trkpt>
      <trkpt lat="30.64434" lon="-99.17256">
        <ele>405.0</ele>
      </trkpt>
      <trkpt lat="30.6442" lon="-99.17254">
        <ele>405.1</ele>
      </trkpt>
      <trkpt lat="30.64409" lon="-99.1725">
        <ele>405.2</ele>
      </trkpt>
      <trkpt lat="30.64397" lon="-99.17244">
        <ele>405.4</ele>
      </trkpt>
      <trkpt lat="30.64387" lon="-99.17237">
        <ele>405.6</ele>
      </trkpt>
      <trkpt lat="30.64386" lon="-99.17236">
        <ele>405.6</ele>
      </trkpt>
      <trkpt lat="30.64371" lon="-99.17225">
        <ele>405.8</ele>
      </trkpt>
      <trkpt lat="30.64326" lon="-99.17192">
        <ele>405.7</ele>
      </trkpt>
      <trkpt lat="30.64295" lon="-99.17168">
        <ele>403.9</ele>
      </trkpt>
      <trkpt lat="30.64276" lon="-99.17155">
        <ele>403.4</ele>
      </trkpt>
      <trkpt lat="30.64267" lon="-99.17149">
        <ele>403.5</ele>
      </trkpt>
      <trkpt lat="30.64261" lon="-99.17141">
        <ele>403.5</ele>
      </trkpt>
      <trkpt lat="30.64255" lon="-99.17134">
        <ele>403.5</ele>
      </trkpt>
      <trkpt lat="30.6425" lon="-99.17123">
        <ele>403.6</ele>
      </trkpt>
      <trkpt lat="30.64245" lon="-99.17111">
        <ele>403.7</ele>
      </trkpt>
      <trkpt lat="30.64238" lon="-99.17093">
        <ele>403.8</ele>
      </trkpt>
      <trkpt lat="30.64222" lon="-99.17055">
        <ele>403.3</ele>
      </trkpt>
      <trkpt lat="30.64214" lon="-99.17036">
        <ele>402.7</ele>
      </trkpt>
      <trkpt lat="30.64184" lon="-99.16967">
        <ele>401.7</ele>
      </trkpt>
      <trkpt lat="30.64182" lon="-99.16962">
        <ele>401.7</ele>
      </trkpt>
      <trkpt lat="30.64174" lon="-99.16943">
        <ele>401.5</ele>
      </trkpt>
      <trkpt lat="30.64166" lon="-99.16924">
        <ele>401.3</ele>
      </trkpt>
      <trkpt lat="30.6416" lon="-99.16911">
        <ele>401.1</ele>
      </trkpt>
      <trkpt lat="30.64154" lon="-99.169">
        <ele>400.8</ele>
      </trkpt>
      <trkpt lat="30.64147" lon="-99.16891">
        <ele>400.2</ele>
      </trkpt>
      <trkpt lat="30.64146" lon="-99.1689">
        <ele>400.1</ele>
      </trkpt>
      <trkpt lat="30.6414" lon="-99.16883">
        <ele>399.4</ele>
      </trkpt>
      <trkpt lat="30.64133" lon="-99.16877">
        <ele>398.5</ele>
      </trkpt>
      <trkpt lat="30.64132" lon="-99.16876">
        <ele>398.4</ele>
      </trkpt>
      <trkpt lat="30.64119" lon="-99.16868">
        <ele>396.9</ele>
      </trkpt>
      <trkpt lat="30.64116" lon="-99.16866">
        <ele>396.5</ele>
      </trkpt>
      <trkpt lat="30.64106" lon="-99.16861">
        <ele>395.5</ele>
      </trkpt>
      <trkpt lat="30.641" lon="-99.16858">
        <ele>394.9</ele>
      </trkpt>
      <trkpt lat="30.64096" lon="-99.16857">
        <ele>394.5</ele>
      </trkpt>
      <trkpt lat="30.64087" lon="-99.16852">
        <ele>392.9</ele>
      </trkpt>
      <trkpt lat="30.6408" lon="-99.16849">
        <ele>391.7</ele>
      </trkpt>
      <trkpt lat="30.64063" lon="-99.1684">
        <ele>389.4</ele>
      </trkpt>
      <trkpt lat="30.64046" lon="-99.16832">
        <ele>389.4</ele>
      </trkpt>
      <trkpt lat="30.6403" lon="-99.16824">
        <ele>389.5</ele>
      </trkpt>
      <trkpt lat="30.64023" lon="-99.16821">
        <ele>389.5</ele>
      </trkpt>
      <trkpt lat="30.64013" lon="-99.16816">
        <ele>389.6</ele>
      </trkpt>
      <trkpt lat="30.64005" lon="-99.16812">
        <ele>389.6</ele>
      </trkpt>
      <trkpt lat="30.64001" lon="-99.16811">
        <ele>389.6</ele>
      </trkpt>
      <trkpt lat="30.63996" lon="-99.16809">
        <ele>389.6</ele>
      </trkpt>
      <trkpt lat="30.63986" lon="-99.16805">
        <ele>389.7</ele>
      </trkpt>
      <trkpt lat="30.63979" lon="-99.16802">
        <ele>389.7</ele>
      </trkpt>
      <trkpt lat="30.63963" lon="-99.16794">
        <ele>389.8</ele>
      </trkpt>
      <trkpt lat="30.63946" lon="-99.16786">
        <ele>390.7</ele>
      </trkpt>
      <trkpt lat="30.63936" lon="-99.16781">
        <ele>392.0</ele>
      </trkpt>
      <trkpt lat="30.63936" lon="-99.16781">
        <ele>392.0</ele>
      </trkpt>
      <trkpt lat="30.6393" lon="-99.16778">
        <ele>392.9</ele>
      </trkpt>
      <trkpt lat="30.63896" lon="-99.16762">
        <ele>396.4</ele>
      </trkpt>
      <trkpt lat="30.6388" lon="-99.16754">
        <ele>396.7</ele>
      </trkpt>
      <trkpt lat="30.63863" lon="-99.16746">
        <ele>397.1</ele>
      </trkpt>
      <trkpt lat="30.63846" lon="-99.16738">
        <ele>397.5</ele>
      </trkpt>
      <trkpt lat="30.63813" lon="-99.16722">
        <ele>398.1</ele>
      </trkpt>
      <trkpt lat="30.63747" lon="-99.16691">
        <ele>399.2</ele>
      </trkpt>
      <trkpt lat="30.63713" lon="-99.16675">
        <ele>399.7</ele>
      </trkpt>
      <trkpt lat="30.63697" lon="-99.16667">
        <ele>400.0</ele>
      </trkpt>
      <trkpt lat="30.6369" lon="-99.16663">
        <ele>400.1</ele>
      </trkpt>
      <trkpt lat="30.63682" lon="-99.16655">
        <ele>400.2</ele>
      </trkpt>
      <trkpt lat="30.63627" lon="-99.16601">
        <ele>400.9</ele>
      </trkpt>
      <trkpt lat="30.63613" lon="-99.16588">
        <ele>401.0</ele>
      </trkpt>
      <trkpt lat="30.636" lon="-99.16574">
        <ele>401.1</ele>
      </trkpt>
      <trkpt lat="30.63586" lon="-99.16561">
        <ele>401.2</ele>
      </trkpt>
      <trkpt lat="30.63572" lon="-99.16547">
        <ele>401.3</ele>
      </trkpt>
      <trkpt lat="30.63558" lon="-99.16534">
        <ele>401.4</ele>
      </trkpt>
      <trkpt lat="30.63545" lon="-99.1652">
        <ele>401.5</ele>
      </trkpt>
      <trkpt lat="30.63531" lon="-99.16506">
        <ele>401.5</ele>
      </trkpt>
      <trkpt lat="30.63511" lon="-99.16487">
        <ele>401.6</ele>
      </trkpt>
      <trkpt lat="30.63448" lon="-99.16426">
        <ele>401.9</ele>
      </trkpt>
      <trkpt lat="30.63416" lon="-99.16392">
        <ele>402.2</ele>
      </trkpt>
      <trkpt lat="30.63411" lon="-99.16386">
        <ele>402.3</ele>
      </trkpt>
      <trkpt lat="30.63393" lon="-99.16368">
        <ele>402.5</ele>
      </trkpt>
      <trkpt lat="30.63387" lon="-99.16362">
        <ele>402.7</ele>
      </trkpt>
      <trkpt lat="30.63363" lon="-99.16339">
        <ele>403.4</ele>
      </trkpt>
      <trkpt lat="30.63333" lon="-99.16308">
        <ele>404.0</ele>
      </trkpt>
      <trkpt lat="30.633" lon="-99.16274">
        <ele>404.5</ele>
      </trkpt>
      <trkpt lat="30.6329" lon="-99.16265">
        <ele>404.6</ele>
      </trkpt>
      <trkpt lat="30.63287" lon="-99.16262">
        <ele>404.7</ele>
      </trkpt>
      <trkpt lat="30.63279" lon="-99.16253">
        <ele>404.8</ele>
      </trkpt>
      <trkpt lat="30.63267" lon="-99.1624">
        <ele>405.0</ele>
      </trkpt>
      <trkpt lat="30.6324" lon="-99.16208">
        <ele>405.5</ele>
      </trkpt>
      <trkpt lat="30.63238" lon="-99.16206">
        <ele>405.6</ele>
      </trkpt>
      <trkpt lat="30.63232" lon="-99.16199">
        <ele>405.7</ele>
      </trkpt>
      <trkpt lat="30.63226" lon="-99.16195">
        <ele>405.9</ele>
      </trkpt>
      <trkpt lat="30.63222" lon="-99.16192">
        <ele>406.0</ele>
      </trkpt>
      <trkpt lat="30.6321" lon="-99.16189">
        <ele>406.3</ele>
      </trkpt>
      <trkpt lat="30.63197" lon="-99.1619">
        <ele>406.6</ele>
      </trkpt>
      <trkpt lat="30.63183" lon="-99.16191">
        <ele>406.9</ele>
      </trkpt>
      <trkpt lat="30.63157" lon="-99.16191">
        <ele>407.5</ele>
      </trkpt>
      <trkpt lat="30.63136" lon="-99.16192">
        <ele>408.0</ele>
      </trkpt>
      <trkpt lat="30.6312" lon="-99.16192">
        <ele>408.3</ele>
      </trkpt>
      <trkpt lat="30.63117" lon="-99.16192">
        <ele>408.3</ele>
      </trkpt>
      <trkpt lat="30.6308" lon="-99.16192">
        <ele>409.6</ele>
      </trkpt>
      <trkpt lat="30.63048" lon="-99.16192">
        <ele>410.9</ele>
      </trkpt>
      <trkpt lat="30.6303" lon="-99.16193">
        <ele>411.6</ele>
      </trkpt>
      <trkpt lat="30.62994" lon="-99.16193">
        <ele>412.8</ele>
      </trkpt>
      <trkpt lat="30.62976" lon="-99.16194">
        <ele>413.4</ele>
      </trkpt>
      <trkpt lat="30.62973" lon="-99.16194">
        <ele>413.5</ele>
      </trkpt>
      <trkpt lat="30.6294" lon="-99.16194">
        <ele>414.7</ele>
      </trkpt>
      <trkpt lat="30.62922" lon="-99.16195">
        <ele>415.6</ele>
      </trkpt>
      <trkpt lat="30.62886" lon="-99.16197">
        <ele>417.7</ele>
      </trkpt>
      <trkpt lat="30.62864" lon="-99.16198">
        <ele>418.9</ele>
      </trkpt>
      <trkpt lat="30.6285" lon="-99.16198">
        <ele>419.5</ele>
      </trkpt>
      <trkpt lat="30.62803" lon="-99.16198">
        <ele>422.0</ele>
      </trkpt>
      <trkpt lat="30.62796" lon="-99.16197">
        <ele>422.4</ele>
      </trkpt>
      <trkpt lat="30.62794" lon="-99.16196">
        <ele>422.5</ele>
      </trkpt>
      <trkpt lat="30.62793" lon="-99.16196">
        <ele>422.6</ele>
      </trkpt>
      <trkpt lat="30.62786" lon="-99.16194">
        <ele>423.0</ele>
      </trkpt>
      <trkpt lat="30.62779" lon="-99.1619">
        <ele>423.3</ele>
      </trkpt>
      <trkpt lat="30.62777" lon="-99.16189">
        <ele>423.3</ele>
      </trkpt>
      <trkpt lat="30.62769" lon="-99.16183">
        <ele>423.6</ele>
      </trkpt>
      <trkpt lat="30.62763" lon="-99.16175">
        <ele>423.6</ele>
      </trkpt>
      <trkpt lat="30.62762" lon="-99.16174">
        <ele>423.7</ele>
      </trkpt>
      <trkpt lat="30.62757" lon="-99.16163">
        <ele>423.4</ele>
      </trkpt>
      <trkpt lat="30.62752" lon="-99.16149">
        <ele>423.1</ele>
      </trkpt>
      <trkpt lat="30.62746" lon="-99.16131">
        <ele>422.7</ele>
      </trkpt>
      <trkpt lat="30.62743" lon="-99.16116">
        <ele>422.5</ele>
      </trkpt>
      <trkpt lat="30.62742" lon="-99.16113">
        <ele>422.5</ele>
      </trkpt>
      <trkpt lat="30.6273" lon="-99.16065">
        <ele>422.5</ele>
      </trkpt>
      <trkpt lat="30.62718" lon="-99.16014">
        <ele>422.7</ele>
      </trkpt>
      <trkpt lat="30.62714" lon="-99.15998">
        <ele>422.7</ele>
      </trkpt>
      <trkpt lat="30.62703" lon="-99.15952">
        <ele>422.5</ele>
      </trkpt>
      <trkpt lat="30.62685" lon="-99.15875">
        <ele>421.9</ele>
      </trkpt>
      <trkpt lat="30.62674" lon="-99.15822">
        <ele>421.1</ele>
      </trkpt>
      <trkpt lat="30.6267" lon="-99.15808">
        <ele>421.2</ele>
      </trkpt>
      <trkpt lat="30.62666" lon="-99.1579">
        <ele>421.5</ele>
      </trkpt>
      <trkpt lat="30.62657" lon="-99.1575">
        <ele>422.1</ele>
      </trkpt>
      <trkpt lat="30.62656" lon="-99.15746">
        <ele>422.1</ele>
      </trkpt>
      <trkpt lat="30.62648" lon="-99.15709">
        <ele>422.5</ele>
      </trkpt>
      <trkpt lat="30.62643" lon="-99.15689">
        <ele>422.8</ele>
      </trkpt>
      <trkpt lat="30.62637" lon="-99.15661">
        <ele>423.3</ele>
      </trkpt>
      <trkpt lat="30.62625" lon="-99.15608">
        <ele>424.2</ele>
      </trkpt>
      <trkpt lat="30.62616" lon="-99.15572">
        <ele>424.7</ele>
      </trkpt>
      <trkpt lat="30.62615" lon="-99.15568">
        <ele>424.6</ele>
      </trkpt>
      <trkpt lat="30.62606" lon="-99.15527">
        <ele>424.3</ele>
      </trkpt>
      <trkpt lat="30.62603" lon="-99.15509">
        <ele>424.0</ele>
      </trkpt>
      <trkpt lat="30.62593" lon="-99.15467">
        <ele>423.3</ele>
      </trkpt>
      <trkpt lat="30.62587" lon="-99.15448">
        <ele>423.1</ele>
      </trkpt>
      <trkpt lat="30.62587" lon="-99.15447">
        <ele>423.0</ele>
      </trkpt>
      <trkpt lat="30.62581" lon="-99.1543">
        <ele>422.8</ele>
      </trkpt>
      <trkpt lat="30.6258" lon="-99.15428">
        <ele>422.8</ele>
      </trkpt>
      <trkpt lat="30.62574" lon="-99.15412">
        <ele>422.8</ele>
      </trkpt>
      <trkpt lat="30.62573" lon="-99.15409">
        <ele>422.7</ele>
      </trkpt>
      <trkpt lat="30.62558" lon="-99.1537">
        <ele>422.7</ele>
      </trkpt>
      <trkpt lat="30.62547" lon="-99.15341">
        <ele>421.9</ele>
      </trkpt>
      <trkpt lat="30.62518" lon="-99.15254">
        <ele>421.5</ele>
      </trkpt>
      <trkpt lat="30.62515" lon="-99.15244">
        <ele>422.0</ele>
      </trkpt>
      <trkpt lat="30.62512" lon="-99.15234">
        <ele>422.3</ele>
      </trkpt>
      <trkpt lat="30.62503" lon="-99.15206">
        <ele>422.8</ele>
      </trkpt>
      <trkpt lat="30.625" lon="-99.1519">
        <ele>422.9</ele>
      </trkpt>
      <trkpt lat="30.62496" lon="-99.15165">
        <ele>423.0</ele>
      </trkpt>
      <trkpt lat="30.6249" lon="-99.15123">
        <ele>422.9</ele>
      </trkpt>
      <trkpt lat="30.62489" lon="-99.15112">
        <ele>423.0</ele>
      </trkpt>
      <trkpt lat="30.62486" lon="-99.15081">
        <ele>423.0</ele>
      </trkpt>
      <trkpt lat="30.62485" lon="-99.15071">
        <ele>423.0</ele>
      </trkpt>
      <trkpt lat="30.62479" lon="-99.14996">
        <ele>422.7</ele>
      </trkpt>
      <trkpt lat="30.62474" lon="-99.14904">
        <ele>422.4</ele>
      </trkpt>
      <trkpt lat="30.62474" lon="-99.1489">
        <ele>422.3</ele>
      </trkpt>
      <trkpt lat="30.62466" lon="-99.14821">
        <ele>422.4</ele>
      </trkpt>
      <trkpt lat="30.62464" lon="-99.14798">
        <ele>422.4</ele>
      </trkpt>
      <trkpt lat="30.62462" lon="-99.14779">
        <ele>422.3</ele>
      </trkpt>
      <trkpt lat="30.6246" lon="-99.14764">
        <ele>422.2</ele>
      </trkpt>
      <trkpt lat="30.62455" lon="-99.14733">
        <ele>422.1</ele>
      </trkpt>
      <trkpt lat="30.62449" lon="-99.14705">
        <ele>422.0</ele>
      </trkpt>
      <trkpt lat="30.62442" lon="-99.14678">
        <ele>421.9</ele>
      </trkpt>
      <trkpt lat="30.6244" lon="-99.14671">
        <ele>421.9</ele>
      </trkpt>
      <trkpt lat="30.62431" lon="-99.14638">
        <ele>421.8</ele>
      </trkpt>
      <trkpt lat="30.6242" lon="-99.14598">
        <ele>421.3</ele>
      </trkpt>
      <trkpt lat="30.62416" lon="-99.14578">
        <ele>420.5</ele>
      </trkpt>
      <trkpt lat="30.62415" lon="-99.14573">
        <ele>420.3</ele>
      </trkpt>
      <trkpt lat="30.62411" lon="-99.14558">
        <ele>419.6</ele>
      </trkpt>
      <trkpt lat="30.62405" lon="-99.14524">
        <ele>419.6</ele>
      </trkpt>
      <trkpt lat="30.62404" lon="-99.14516">
        <ele>419.9</ele>
      </trkpt>
      <trkpt lat="30.62404" lon="-99.14513">
        <ele>420.0</ele>
      </trkpt>
      <trkpt lat="30.62402" lon="-99.14476">
        <ele>420.9</ele>
      </trkpt>
      <trkpt lat="30.62401" lon="-99.14441">
        <ele>421.3</ele>
      </trkpt>
      <trkpt lat="30.62401" lon="-99.14328">
        <ele>422.6</ele>
      </trkpt>
      <trkpt lat="30.62401" lon="-99.14308">
        <ele>422.8</ele>
      </trkpt>
      <trkpt lat="30.62401" lon="-99.14224">
        <ele>423.9</ele>
      </trkpt>
      <trkpt lat="30.62401" lon="-99.14203">
        <ele>424.1</ele>
      </trkpt>
      <trkpt lat="30.62401" lon="-99.1414">
        <ele>424.6</ele>
      </trkpt>
      <trkpt lat="30.62401" lon="-99.14044">
        <ele>427.3</ele>
      </trkpt>
      <trkpt lat="30.624" lon="-99.14015">
        <ele>428.0</ele>
      </trkpt>
      <trkpt lat="30.624" lon="-99.13976">
        <ele>428.2</ele>
      </trkpt>
      <trkpt lat="30.624" lon="-99.13974">
        <ele>428.3</ele>
      </trkpt>
      <trkpt lat="30.624" lon="-99.13973">
        <ele>428.3</ele>
      </trkpt>
      <trkpt lat="30.62398" lon="-99.13943">
        <ele>428.4</ele>
      </trkpt>
      <trkpt lat="30.62389" lon="-99.13904">
        <ele>428.0</ele>
      </trkpt>
      <trkpt lat="30.62374" lon="-99.13869">
        <ele>427.8</ele>
      </trkpt>
      <trkpt lat="30.62349" lon="-99.1384">
        <ele>428.3</ele>
      </trkpt>
      <trkpt lat="30.62326" lon="-99.13814">
        <ele>428.4</ele>
      </trkpt>
      <trkpt lat="30.62323" lon="-99.13812">
        <ele>428.5</ele>
      </trkpt>
      <trkpt lat="30.62311" lon="-99.13802">
        <ele>428.6</ele>
      </trkpt>
      <trkpt lat="30.62278" lon="-99.13778">
        <ele>429.1</ele>
      </trkpt>
      <trkpt lat="30.62271" lon="-99.13774">
        <ele>429.3</ele>
      </trkpt>
      <trkpt lat="30.62221" lon="-99.13741">
        <ele>433.5</ele>
      </trkpt>
      <trkpt lat="30.62148" lon="-99.13694">
        <ele>433.6</ele>
      </trkpt>
      <trkpt lat="30.62142" lon="-99.1369">
        <ele>433.6</ele>
      </trkpt>
      <trkpt lat="30.6212" lon="-99.13673">
        <ele>433.4</ele>
      </trkpt>
      <trkpt lat="30.62063" lon="-99.1364">
        <ele>432.0</ele>
      </trkpt>
      <trkpt lat="30.6203" lon="-99.1362">
        <ele>433.8</ele>
      </trkpt>
      <trkpt lat="30.62016" lon="-99.13611">
        <ele>434.9</ele>
      </trkpt>
      <trkpt lat="30.61979" lon="-99.13587">
        <ele>438.2</ele>
      </trkpt>
      <trkpt lat="30.61955" lon="-99.13576">
        <ele>440.4</ele>
      </trkpt>
      <trkpt lat="30.61951" lon="-99.13574">
        <ele>440.7</ele>
      </trkpt>
      <trkpt lat="30.61934" lon="-99.13569">
        <ele>441.4</ele>
      </trkpt>
      <trkpt lat="30.6193" lon="-99.13568">
        <ele>441.4</ele>
      </trkpt>
      <trkpt lat="30.61901" lon="-99.13566">
        <ele>442.5</ele>
      </trkpt>
      <trkpt lat="30.61862" lon="-99.13564">
        <ele>443.0</ele>
      </trkpt>
      <trkpt lat="30.61844" lon="-99.13564">
        <ele>442.6</ele>
      </trkpt>
      <trkpt lat="30.61842" lon="-99.13564">
        <ele>442.6</ele>
      </trkpt>
      <trkpt lat="30.61826" lon="-99.13561">
        <ele>442.9</ele>
      </trkpt>
      <trkpt lat="30.61815" lon="-99.13559">
        <ele>443.2</ele>
      </trkpt>
      <trkpt lat="30.61793" lon="-99.13546">
        <ele>445.1</ele>
      </trkpt>
      <trkpt lat="30.61779" lon="-99.13532">
        <ele>446.9</ele>
      </trkpt>
      <trkpt lat="30.61774" lon="-99.13527">
        <ele>447.7</ele>
      </trkpt>
      <trkpt lat="30.61767" lon="-99.13517">
        <ele>448.5</ele>
      </trkpt>
      <trkpt lat="30.61755" lon="-99.13502">
        <ele>449.2</ele>
      </trkpt>
      <trkpt lat="30.61743" lon="-99.13486">
        <ele>448.4</ele>
      </trkpt>
      <trkpt lat="30.61733" lon="-99.13474">
        <ele>447.4</ele>
      </trkpt>
      <trkpt lat="30.61704" lon="-99.13441">
        <ele>444.1</ele>
      </trkpt>
      <trkpt lat="30.61686" lon="-99.1342">
        <ele>441.8</ele>
      </trkpt>
      <trkpt lat="30.61651" lon="-99.13379">
        <ele>438.0</ele>
      </trkpt>
      <trkpt lat="30.61647" lon="-99.13376">
        <ele>437.7</ele>
      </trkpt>
      <trkpt lat="30.61622" lon="-99.13347">
        <ele>435.9</ele>
      </trkpt>
      <trkpt lat="30.6161" lon="-99.13333">
        <ele>434.8</ele>
      </trkpt>
      <trkpt lat="30.61609" lon="-99.13332">
        <ele>434.8</ele>
      </trkpt>
      <trkpt lat="30.61592" lon="-99.13314">
        <ele>433.5</ele>
      </trkpt>
      <trkpt lat="30.61583" lon="-99.13303">
        <ele>432.8</ele>
      </trkpt>
      <trkpt lat="30.61535" lon="-99.13247">
        <ele>430.6</ele>
      </trkpt>
      <trkpt lat="30.61532" lon="-99.13244">
        <ele>430.5</ele>
      </trkpt>
      <trkpt lat="30.61508" lon="-99.13215">
        <ele>429.0</ele>
      </trkpt>
      <trkpt lat="30.61507" lon="-99.13214">
        <ele>428.9</ele>
      </trkpt>
      <trkpt lat="30.61482" lon="-99.13184">
        <ele>427.3</ele>
      </trkpt>
      <trkpt lat="30.61421" lon="-99.13112">
        <ele>425.3</ele>
      </trkpt>
      <trkpt lat="30.61419" lon="-99.13109">
        <ele>425.2</ele>
      </trkpt>
      <trkpt lat="30.61394" lon="-99.13079">
        <ele>424.6</ele>
      </trkpt>
      <trkpt lat="30.61357" lon="-99.13033">
        <ele>423.1</ele>
      </trkpt>
      <trkpt lat="30.6133" lon="-99.13">
        <ele>422.2</ele>
      </trkpt>
      <trkpt lat="30.61309" lon="-99.12971">
        <ele>421.8</ele>
      </trkpt>
      <trkpt lat="30.61301" lon="-99.12958">
        <ele>421.8</ele>
      </trkpt>
      <trkpt lat="30.6125" lon="-99.12881">
        <ele>422.3</ele>
      </trkpt>
      <trkpt lat="30.61228" lon="-99.1285">
        <ele>421.9</ele>
      </trkpt>
      <trkpt lat="30.61209" lon="-99.12824">
        <ele>421.3</ele>
      </trkpt>
      <trkpt lat="30.61184" lon="-99.12788">
        <ele>420.4</ele>
      </trkpt>
      <trkpt lat="30.6116" lon="-99.12753">
        <ele>419.5</ele>
      </trkpt>
      <trkpt lat="30.61148" lon="-99.12737">
        <ele>419.0</ele>
      </trkpt>
      <trkpt lat="30.61104" lon="-99.12673">
        <ele>416.8</ele>
      </trkpt>
      <trkpt lat="30.61091" lon="-99.12656">
        <ele>416.3</ele>
      </trkpt>
      <trkpt lat="30.61079" lon="-99.12639">
        <ele>415.7</ele>
      </trkpt>
      <trkpt lat="30.61054" lon="-99.12607">
        <ele>414.7</ele>
      </trkpt>
      <trkpt lat="30.61042" lon="-99.12592">
        <ele>414.7</ele>
      </trkpt>
      <trkpt lat="30.6104" lon="-99.12589">
        <ele>414.7</ele>
      </trkpt>
      <trkpt lat="30.61031" lon="-99.12579">
        <ele>414.8</ele>
      </trkpt>
      <trkpt lat="30.6102" lon="-99.12566">
        <ele>415.1</ele>
      </trkpt>
      <trkpt lat="30.61018" lon="-99.12564">
        <ele>415.1</ele>
      </trkpt>
      <trkpt lat="30.60997" lon="-99.12543">
        <ele>415.8</ele>
      </trkpt>
      <trkpt lat="30.60989" lon="-99.12536">
        <ele>416.1</ele>
      </trkpt>
      <trkpt lat="30.60978" lon="-99.12525">
        <ele>416.6</ele>
      </trkpt>
      <trkpt lat="30.60977" lon="-99.12524">
        <ele>416.7</ele>
      </trkpt>
      <trkpt lat="30.60963" lon="-99.1251">
        <ele>417.9</ele>
      </trkpt>
      <trkpt lat="30.60957" lon="-99.12503">
        <ele>418.3</ele>
      </trkpt>
      <trkpt lat="30.6095" lon="-99.12496">
        <ele>418.7</ele>
      </trkpt>
      <trkpt lat="30.60931" lon="-99.12473">
        <ele>420.0</ele>
      </trkpt>
      <trkpt lat="30.60901" lon="-99.12435">
        <ele>422.3</ele>
      </trkpt>
      <trkpt lat="30.60888" lon="-99.1242">
        <ele>422.9</ele>
      </trkpt>
      <trkpt lat="30.60887" lon="-99.12418">
        <ele>423.0</ele>
      </trkpt>
      <trkpt lat="30.60884" lon="-99.12414">
        <ele>423.1</ele>
      </trkpt>
      <trkpt lat="30.60811" lon="-99.12319">
        <ele>426.5</ele>
      </trkpt>
      <trkpt lat="30.60785" lon="-99.12284">
        <ele>427.3</ele>
      </trkpt>
      <trkpt lat="30.60781" lon="-99.12279">
        <ele>427.4</ele>
      </trkpt>
      <trkpt lat="30.6077" lon="-99.12263">
        <ele>427.8</ele>
      </trkpt>
      <trkpt lat="30.60769" lon="-99.12261">
        <ele>427.8</ele>
      </trkpt>
      <trkpt lat="30.60748" lon="-99.1223">
        <ele>428.3</ele>
      </trkpt>
      <trkpt lat="30.60715" lon="-99.12182">
        <ele>428.8</ele>
      </trkpt>
      <trkpt lat="30.60694" lon="-99.12149">
        <ele>429.7</ele>
      </trkpt>
      <trkpt lat="30.60675" lon="-99.12116">
        <ele>430.6</ele>
      </trkpt>
      <trkpt lat="30.60659" lon="-99.1208">
        <ele>431.4</ele>
      </trkpt>
      <trkpt lat="30.60657" lon="-99.12075">
        <ele>431.5</ele>
      </trkpt>
      <trkpt lat="30.60656" lon="-99.12073">
        <ele>431.5</ele>
      </trkpt>
      <trkpt lat="30.60649" lon="-99.12056">
        <ele>431.8</ele>
      </trkpt>
      <trkpt lat="30.60634" lon="-99.12018">
        <ele>432.3</ele>
      </trkpt>
      <trkpt lat="30.60633" lon="-99.12016">
        <ele>432.3</ele>
      </trkpt>
      <trkpt lat="30.60627" lon="-99.11999">
        <ele>432.7</ele>
      </trkpt>
      <trkpt lat="30.60611" lon="-99.11961">
        <ele>434.3</ele>
      </trkpt>
      <trkpt lat="30.60603" lon="-99.11942">
        <ele>436.1</ele>
      </trkpt>
      <trkpt lat="30.60602" lon="-99.1194">
        <ele>436.3</ele>
      </trkpt>
      <trkpt lat="30.60578" lon="-99.1188">
        <ele>438.9</ele>
      </trkpt>
      <trkpt lat="30.60564" lon="-99.11846">
        <ele>439.9</ele>
      </trkpt>
      <trkpt lat="30.60558" lon="-99.11829">
        <ele>440.3</ele>
      </trkpt>
      <trkpt lat="30.6055" lon="-99.1181">
        <ele>440.5</ele>
      </trkpt>
      <trkpt lat="30.60549" lon="-99.11808">
        <ele>440.5</ele>
      </trkpt>
      <trkpt lat="30.60544" lon="-99.1179">
        <ele>440.6</ele>
      </trkpt>
      <trkpt lat="30.60539" lon="-99.11777">
        <ele>440.7</ele>
      </trkpt>
      <trkpt lat="30.60537" lon="-99.11768">
        <ele>440.7</ele>
      </trkpt>
      <trkpt lat="30.60534" lon="-99.1175">
        <ele>440.8</ele>
      </trkpt>
      <trkpt lat="30.60531" lon="-99.1174">
        <ele>440.8</ele>
      </trkpt>
      <trkpt lat="30.60529" lon="-99.11728">
        <ele>440.8</ele>
      </trkpt>
      <trkpt lat="30.60526" lon="-99.1171">
        <ele>440.8</ele>
      </trkpt>
      <trkpt lat="30.60523" lon="-99.11694">
        <ele>440.8</ele>
      </trkpt>
      <trkpt lat="30.60518" lon="-99.11669">
        <ele>440.6</ele>
      </trkpt>
      <trkpt lat="30.60518" lon="-99.11666">
        <ele>440.6</ele>
      </trkpt>
      <trkpt lat="30.60487" lon="-99.11506">
        <ele>437.4</ele>
      </trkpt>
      <trkpt lat="30.60483" lon="-99.11485">
        <ele>436.8</ele>
      </trkpt>
      <trkpt lat="30.60482" lon="-99.11483">
        <ele>436.7</ele>
      </trkpt>
      <trkpt lat="30.60475" lon="-99.11444">
        <ele>435.4</ele>
      </trkpt>
      <trkpt lat="30.60475" lon="-99.11442">
        <ele>435.3</ele>
      </trkpt>
      <trkpt lat="30.60459" lon="-99.11363">
        <ele>434.6</ele>
      </trkpt>
      <trkpt lat="30.60459" lon="-99.1136">
        <ele>434.6</ele>
      </trkpt>
      <trkpt lat="30.60456" lon="-99.11342">
        <ele>434.5</ele>
      </trkpt>
      <trkpt lat="30.60445" lon="-99.11286">
        <ele>434.7</ele>
      </trkpt>
      <trkpt lat="30.60436" lon="-99.11247">
        <ele>434.3</ele>
      </trkpt>
      <trkpt lat="30.60434" lon="-99.11241">
        <ele>434.2</ele>
      </trkpt>
      <trkpt lat="30.60434" lon="-99.11238">
        <ele>434.1</ele>
      </trkpt>
      <trkpt lat="30.60423" lon="-99.11201">
        <ele>433.5</ele>
      </trkpt>
      <trkpt lat="30.60422" lon="-99.11199">
        <ele>433.4</ele>
      </trkpt>
      <trkpt lat="30.60411" lon="-99.11162">
        <ele>432.2</ele>
      </trkpt>
      <trkpt lat="30.60411" lon="-99.11159">
        <ele>432.1</ele>
      </trkpt>
      <trkpt lat="30.60383" lon="-99.11063">
        <ele>428.6</ele>
      </trkpt>
      <trkpt lat="30.60377" lon="-99.11043">
        <ele>427.6</ele>
      </trkpt>
      <trkpt lat="30.60376" lon="-99.1104">
        <ele>427.4</ele>
      </trkpt>
      <trkpt lat="30.60372" lon="-99.11027">
        <ele>426.8</ele>
      </trkpt>
      <trkpt lat="30.60371" lon="-99.11023">
        <ele>426.6</ele>
      </trkpt>
      <trkpt lat="30.60365" lon="-99.11003">
        <ele>425.6</ele>
      </trkpt>
      <trkpt lat="30.60359" lon="-99.10983">
        <ele>425.0</ele>
      </trkpt>
      <trkpt lat="30.60353" lon="-99.10964">
        <ele>424.5</ele>
      </trkpt>
      <trkpt lat="30.60353" lon="-99.10962">
        <ele>424.4</ele>
      </trkpt>
      <trkpt lat="30.60348" lon="-99.10946">
        <ele>423.9</ele>
      </trkpt>
      <trkpt lat="30.60348" lon="-99.10944">
        <ele>423.8</ele>
      </trkpt>
      <trkpt lat="30.603448" lon="-99.109279">
        <ele>423.2</ele>
      </trkpt>
      <trkpt lat="30.60344" lon="-99.10924">
        <ele>423.0</ele>
      </trkpt>
      <trkpt lat="30.60344" lon="-99.10921">
        <ele>422.9</ele>
      </trkpt>
      <trkpt lat="30.60342" lon="-99.10911">
        <ele>422.6</ele>
      </trkpt>
      <trkpt lat="30.60342" lon="-99.10903">
        <ele>422.3</ele>
      </trkpt>
      <trkpt lat="30.6034" lon="-99.10873">
        <ele>421.5</ele>
      </trkpt>
      <trkpt lat="30.6034" lon="-99.10873">
        <ele>421.5</ele>
      </trkpt>
      <trkpt lat="30.60307" lon="-99.10882">
        <ele>423.2</ele>
      </trkpt>
      <trkpt lat="30.60305" lon="-99.10883">
        <ele>423.3</ele>
      </trkpt>
      <trkpt lat="30.60287" lon="-99.10888">
        <ele>424.4</ele>
      </trkpt>
      <trkpt lat="30.60282" lon="-99.1089">
        <ele>424.6</ele>
      </trkpt>
      <trkpt lat="30.60275" lon="-99.10892">
        <ele>425.0</ele>
      </trkpt>
      <trkpt lat="30.60275" lon="-99.10892">
        <ele>425.0</ele>
      </trkpt>
      <trkpt lat="30.6027" lon="-99.10893">
        <ele>425.4</ele>
      </trkpt>
      <trkpt lat="30.6025" lon="-99.10899">
        <ele>426.7</ele>
      </trkpt>
      <trkpt lat="30.60212" lon="-99.1091">
        <ele>428.0</ele>
      </trkpt>
      <trkpt lat="30.60195" lon="-99.10915">
        <ele>428.6</ele>
      </trkpt>
      <trkpt lat="30.60165" lon="-99.10922">
        <ele>430.0</ele>
      </trkpt>
      <trkpt lat="30.60158" lon="-99.10923">
        <ele>430.5</ele>
      </trkpt>
      <trkpt lat="30.60147" lon="-99.10925">
        <ele>431.3</ele>
      </trkpt>
      <trkpt lat="30.60129" lon="-99.10928">
        <ele>432.6</ele>
      </trkpt>
      <trkpt lat="30.60122" lon="-99.10929">
        <ele>433.0</ele>
      </trkpt>
      <trkpt lat="30.60111" lon="-99.1093">
        <ele>433.2</ele>
      </trkpt>
      <trkpt lat="30.60094" lon="-99.10933">
        <ele>433.6</ele>
      </trkpt>
      <trkpt lat="30.60093" lon="-99.10933">
        <ele>433.6</ele>
      </trkpt>
      <trkpt lat="30.60081" lon="-99.10935">
        <ele>433.4</ele>
      </trkpt>
      <trkpt lat="30.60058" lon="-99.10938">
        <ele>433.1</ele>
      </trkpt>
      <trkpt lat="30.60051" lon="-99.1094">
        <ele>432.9</ele>
      </trkpt>
      <trkpt lat="30.6004" lon="-99.10942">
        <ele>432.6</ele>
      </trkpt>
      <trkpt lat="30.60005" lon="-99.10951">
        <ele>431.2</ele>
      </trkpt>
      <trkpt lat="30.59953" lon="-99.10966">
        <ele>429.0</ele>
      </trkpt>
      <trkpt lat="30.59949" lon="-99.10967">
        <ele>428.8</ele>
      </trkpt>
      <trkpt lat="30.59918" lon="-99.10976">
        <ele>427.6</ele>
      </trkpt>
      <trkpt lat="30.599" lon="-99.10981">
        <ele>426.9</ele>
      </trkpt>
      <trkpt lat="30.59883" lon="-99.10986">
        <ele>426.8</ele>
      </trkpt>
      <trkpt lat="30.59796" lon="-99.11012">
        <ele>425.7</ele>
      </trkpt>
      <trkpt lat="30.5974" lon="-99.11029">
        <ele>425.0</ele>
      </trkpt>
      <trkpt lat="30.59687" lon="-99.11045">
        <ele>425.0</ele>
      </trkpt>
      <trkpt lat="30.59643" lon="-99.11058">
        <ele>425.2</ele>
      </trkpt>
      <trkpt lat="30.59582" lon="-99.11076">
        <ele>426.0</ele>
      </trkpt>
      <trkpt lat="30.59556" lon="-99.11083">
        <ele>426.5</ele>
      </trkpt>
      <trkpt lat="30.59539" lon="-99.11088">
        <ele>426.8</ele>
      </trkpt>
      <trkpt lat="30.59539" lon="-99.11089">
        <ele>426.8</ele>
      </trkpt>
      <trkpt lat="30.59522" lon="-99.11094">
        <ele>426.9</ele>
      </trkpt>
      <trkpt lat="30.59486" lon="-99.11104">
        <ele>427.1</ele>
      </trkpt>
      <trkpt lat="30.59469" lon="-99.11109">
        <ele>427.2</ele>
      </trkpt>
      <trkpt lat="30.59434" lon="-99.1112">
        <ele>427.3</ele>
      </trkpt>
      <trkpt lat="30.59431" lon="-99.1112">
        <ele>427.3</ele>
      </trkpt>
      <trkpt lat="30.59347" lon="-99.11145">
        <ele>427.8</ele>
      </trkpt>
      <trkpt lat="30.5933" lon="-99.1115">
        <ele>427.7</ele>
      </trkpt>
      <trkpt lat="30.59329" lon="-99.1115">
        <ele>427.7</ele>
      </trkpt>
      <trkpt lat="30.59318" lon="-99.11153">
        <ele>427.9</ele>
      </trkpt>
      <trkpt lat="30.59313" lon="-99.11155">
        <ele>427.9</ele>
      </trkpt>
      <trkpt lat="30.59312" lon="-99.11155">
        <ele>428.0</ele>
      </trkpt>
      <trkpt lat="30.5925" lon="-99.11174">
        <ele>429.5</ele>
      </trkpt>
      <trkpt lat="30.59242" lon="-99.11176">
        <ele>429.7</ele>
      </trkpt>
      <trkpt lat="30.59219" lon="-99.11183">
        <ele>430.4</ele>
      </trkpt>
      <trkpt lat="30.59208" lon="-99.11186">
        <ele>430.7</ele>
      </trkpt>
      <trkpt lat="30.59207" lon="-99.11186">
        <ele>430.7</ele>
      </trkpt>
      <trkpt lat="30.59138" lon="-99.11207">
        <ele>432.8</ele>
      </trkpt>
      <trkpt lat="30.59103" lon="-99.11217">
        <ele>433.3</ele>
      </trkpt>
      <trkpt lat="30.58999" lon="-99.11248">
        <ele>435.7</ele>
      </trkpt>
      <trkpt lat="30.58998" lon="-99.11248">
        <ele>435.7</ele>
      </trkpt>
      <trkpt lat="30.58981" lon="-99.11254">
        <ele>436.3</ele>
      </trkpt>
      <trkpt lat="30.58955" lon="-99.11262">
        <ele>437.6</ele>
      </trkpt>
      <trkpt lat="30.5895" lon="-99.11264">
        <ele>437.9</ele>
      </trkpt>
      <trkpt lat="30.58947" lon="-99.11265">
        <ele>438.1</ele>
      </trkpt>
      <trkpt lat="30.58946" lon="-99.11265">
        <ele>438.1</ele>
      </trkpt>
      <trkpt lat="30.58934" lon="-99.1127">
        <ele>438.8</ele>
      </trkpt>
      <trkpt lat="30.5893" lon="-99.11271">
        <ele>438.9</ele>
      </trkpt>
      <trkpt lat="30.58929" lon="-99.11272">
        <ele>439.0</ele>
      </trkpt>
      <trkpt lat="30.58918" lon="-99.11276">
        <ele>439.4</ele>
      </trkpt>
      <trkpt lat="30.58912" lon="-99.11279">
        <ele>439.6</ele>
      </trkpt>
      <trkpt lat="30.58902" lon="-99.11283">
        <ele>440.0</ele>
      </trkpt>
      <trkpt lat="30.58896" lon="-99.11286">
        <ele>440.2</ele>
      </trkpt>
      <trkpt lat="30.58884" lon="-99.11292">
        <ele>440.6</ele>
      </trkpt>
      <trkpt lat="30.58869" lon="-99.11301">
        <ele>441.1</ele>
      </trkpt>
      <trkpt lat="30.58863" lon="-99.11304">
        <ele>441.4</ele>
      </trkpt>
      <trkpt lat="30.58858" lon="-99.11307">
        <ele>441.6</ele>
      </trkpt>
      <trkpt lat="30.5883" lon="-99.11326">
        <ele>443.4</ele>
      </trkpt>
      <trkpt lat="30.58807" lon="-99.11342">
        <ele>445.0</ele>
      </trkpt>
      <trkpt lat="30.58802" lon="-99.11347">
        <ele>445.3</ele>
      </trkpt>
      <trkpt lat="30.58787" lon="-99.11359">
        <ele>446.1</ele>
      </trkpt>
      <trkpt lat="30.58783" lon="-99.11362">
        <ele>446.4</ele>
      </trkpt>
      <trkpt lat="30.58758" lon="-99.11383">
        <ele>447.7</ele>
      </trkpt>
      <trkpt lat="30.58733" lon="-99.11403">
        <ele>449.1</ele>
      </trkpt>
      <trkpt lat="30.58684" lon="-99.11443">
        <ele>451.9</ele>
      </trkpt>
      <trkpt lat="30.58666" lon="-99.11458">
        <ele>452.6</ele>
      </trkpt>
      <trkpt lat="30.58572" lon="-99.11535">
        <ele>454.1</ele>
      </trkpt>
      <trkpt lat="30.58572" lon="-99.11535">
        <ele>454.1</ele>
      </trkpt>
      <trkpt lat="30.58571" lon="-99.11542">
        <ele>454.3</ele>
      </trkpt>
      <trkpt lat="30.58569" lon="-99.11549">
        <ele>454.6</ele>
      </trkpt>
      <trkpt lat="30.58565" lon="-99.11559">
        <ele>454.9</ele>
      </trkpt>
      <trkpt lat="30.58555" lon="-99.11579">
        <ele>455.6</ele>
      </trkpt>
      <trkpt lat="30.58533" lon="-99.11622">
        <ele>457.1</ele>
      </trkpt>
      <trkpt lat="30.58531" lon="-99.11627">
        <ele>457.3</ele>
      </trkpt>
      <trkpt lat="30.58528" lon="-99.11633">
        <ele>457.4</ele>
      </trkpt>
      <trkpt lat="30.58522" lon="-99.11645">
        <ele>457.6</ele>
      </trkpt>
      <trkpt lat="30.58519" lon="-99.11651">
        <ele>457.7</ele>
      </trkpt>
      <trkpt lat="30.58518" lon="-99.11651">
        <ele>457.7</ele>
      </trkpt>
      <trkpt lat="30.58509" lon="-99.11669">
        <ele>457.8</ele>
      </trkpt>
      <trkpt lat="30.585" lon="-99.11686">
        <ele>458.0</ele>
      </trkpt>
      <trkpt lat="30.585" lon="-99.11686">
        <ele>458.0</ele>
      </trkpt>
      <trkpt lat="30.58489" lon="-99.11708">
        <ele>458.3</ele>
      </trkpt>
      <trkpt lat="30.58446" lon="-99.11798">
        <ele>458.3</ele>
      </trkpt>
      <trkpt lat="30.58438" lon="-99.11814">
        <ele>457.8</ele>
      </trkpt>
      <trkpt lat="30.58409" lon="-99.11874">
        <ele>456.0</ele>
      </trkpt>
      <trkpt lat="30.58403" lon="-99.11887">
        <ele>455.6</ele>
      </trkpt>
      <trkpt lat="30.58385" lon="-99.11924">
        <ele>455.2</ele>
      </trkpt>
      <trkpt lat="30.5835" lon="-99.11997">
        <ele>457.2</ele>
      </trkpt>
      <trkpt lat="30.58342" lon="-99.12012">
        <ele>457.6</ele>
      </trkpt>
      <trkpt lat="30.58341" lon="-99.12015">
        <ele>457.7</ele>
      </trkpt>
      <trkpt lat="30.58333" lon="-99.1203">
        <ele>457.9</ele>
      </trkpt>
      <trkpt lat="30.58298" lon="-99.12102">
        <ele>458.3</ele>
      </trkpt>
      <trkpt lat="30.58288" lon="-99.12121">
        <ele>458.6</ele>
      </trkpt>
      <trkpt lat="30.58287" lon="-99.12123">
        <ele>458.6</ele>
      </trkpt>
      <trkpt lat="30.58262" lon="-99.12175">
        <ele>459.4</ele>
      </trkpt>
      <trkpt lat="30.58248" lon="-99.12202">
        <ele>459.8</ele>
      </trkpt>
      <trkpt lat="30.58235" lon="-99.1223">
        <ele>460.1</ele>
      </trkpt>
      <trkpt lat="30.58234" lon="-99.12232">
        <ele>460.1</ele>
      </trkpt>
      <trkpt lat="30.58234" lon="-99.12233">
        <ele>460.2</ele>
      </trkpt>
      <trkpt lat="30.58227" lon="-99.12248">
        <ele>460.2</ele>
      </trkpt>
      <trkpt lat="30.58218" lon="-99.12267">
        <ele>459.9</ele>
      </trkpt>
      <trkpt lat="30.58217" lon="-99.12269">
        <ele>459.9</ele>
      </trkpt>
      <trkpt lat="30.58199" lon="-99.12306">
        <ele>459.4</ele>
      </trkpt>
      <trkpt lat="30.58189" lon="-99.12323">
        <ele>459.8</ele>
      </trkpt>
      <trkpt lat="30.58183" lon="-99.12331">
        <ele>460.2</ele>
      </trkpt>
      <trkpt lat="30.58171" lon="-99.1234">
        <ele>460.4</ele>
      </trkpt>
      <trkpt lat="30.58154" lon="-99.1235">
        <ele>460.9</ele>
      </trkpt>
      <trkpt lat="30.5814" lon="-99.12357">
        <ele>461.3</ele>
      </trkpt>
      <trkpt lat="30.58114" lon="-99.1237">
        <ele>462.0</ele>
      </trkpt>
      <trkpt lat="30.58106" lon="-99.12376">
        <ele>462.3</ele>
      </trkpt>
      <trkpt lat="30.58103" lon="-99.12378">
        <ele>462.5</ele>
      </trkpt>
      <trkpt lat="30.58092" lon="-99.1239">
        <ele>463.0</ele>
      </trkpt>
      <trkpt lat="30.58085" lon="-99.124">
        <ele>463.4</ele>
      </trkpt>
      <trkpt lat="30.58082" lon="-99.12407">
        <ele>463.8</ele>
      </trkpt>
      <trkpt lat="30.5808" lon="-99.12412">
        <ele>464.2</ele>
      </trkpt>
      <trkpt lat="30.58075" lon="-99.12425">
        <ele>465.0</ele>
      </trkpt>
      <trkpt lat="30.58074" lon="-99.12426">
        <ele>465.1</ele>
      </trkpt>
      <trkpt lat="30.58068" lon="-99.12443">
        <ele>466.1</ele>
      </trkpt>
      <trkpt lat="30.58068" lon="-99.12445">
        <ele>466.2</ele>
      </trkpt>
      <trkpt lat="30.58066" lon="-99.1245">
        <ele>466.4</ele>
      </trkpt>
      <trkpt lat="30.58063" lon="-99.12462">
        <ele>466.7</ele>
      </trkpt>
      <trkpt lat="30.58044" lon="-99.12546">
        <ele>468.5</ele>
      </trkpt>
      <trkpt lat="30.58035" lon="-99.12587">
        <ele>468.8</ele>
      </trkpt>
      <trkpt lat="30.58031" lon="-99.12605">
        <ele>468.8</ele>
      </trkpt>
      <trkpt lat="30.58026" lon="-99.12627">
        <ele>468.5</ele>
      </trkpt>
      <trkpt lat="30.58012" lon="-99.12689">
        <ele>468.3</ele>
      </trkpt>
      <trkpt lat="30.58007" lon="-99.12708">
        <ele>468.4</ele>
      </trkpt>
      <trkpt lat="30.58007" lon="-99.1271">
        <ele>468.4</ele>
      </trkpt>
      <trkpt lat="30.58003" lon="-99.12726">
        <ele>468.6</ele>
      </trkpt>
      <trkpt lat="30.58003" lon="-99.12727">
        <ele>468.6</ele>
      </trkpt>
      <trkpt lat="30.58003" lon="-99.12729">
        <ele>468.6</ele>
      </trkpt>
      <trkpt lat="30.58002" lon="-99.12739">
        <ele>468.7</ele>
      </trkpt>
      <trkpt lat="30.58001" lon="-99.1277">
        <ele>468.9</ele>
      </trkpt>
      <trkpt lat="30.58001" lon="-99.12788">
        <ele>469.2</ele>
      </trkpt>
      <trkpt lat="30.58001" lon="-99.12796">
        <ele>469.4</ele>
      </trkpt>
      <trkpt lat="30.58001" lon="-99.12809">
        <ele>469.8</ele>
      </trkpt>
      <trkpt lat="30.58001" lon="-99.12811">
        <ele>469.9</ele>
      </trkpt>
      <trkpt lat="30.58001" lon="-99.12815">
        <ele>470.1</ele>
      </trkpt>
      <trkpt lat="30.58001" lon="-99.12826">
        <ele>470.5</ele>
      </trkpt>
      <trkpt lat="30.58" lon="-99.12851">
        <ele>471.3</ele>
      </trkpt>
      <trkpt lat="30.58" lon="-99.12853">
        <ele>471.3</ele>
      </trkpt>
      <trkpt lat="30.58" lon="-99.12862">
        <ele>471.5</ele>
      </trkpt>
      <trkpt lat="30.58" lon="-99.12881">
        <ele>471.9</ele>
      </trkpt>
      <trkpt lat="30.58" lon="-99.12912">
        <ele>472.3</ele>
      </trkpt>
      <trkpt lat="30.57999" lon="-99.12927">
        <ele>472.5</ele>
      </trkpt>
      <trkpt lat="30.57999" lon="-99.12935">
        <ele>472.6</ele>
      </trkpt>
      <trkpt lat="30.57999" lon="-99.13032">
        <ele>473.2</ele>
      </trkpt>
      <trkpt lat="30.57999" lon="-99.13039">
        <ele>473.2</ele>
      </trkpt>
      <trkpt lat="30.57999" lon="-99.13046">
        <ele>473.2</ele>
      </trkpt>
      <trkpt lat="30.57999" lon="-99.13164">
        <ele>473.6</ele>
      </trkpt>
      <trkpt lat="30.57999" lon="-99.1324">
        <ele>473.8</ele>
      </trkpt>
      <trkpt lat="30.57998" lon="-99.13303">
        <ele>473.9</ele>
      </trkpt>
      <trkpt lat="30.57998" lon="-99.13324">
        <ele>473.9</ele>
      </trkpt>
      <trkpt lat="30.57998" lon="-99.13408">
        <ele>474.0</ele>
      </trkpt>
      <trkpt lat="30.57998" lon="-99.13429">
        <ele>474.0</ele>
      </trkpt>
      <trkpt lat="30.57998" lon="-99.13449">
        <ele>474.0</ele>
      </trkpt>
      <trkpt lat="30.57999" lon="-99.13546">
        <ele>473.9</ele>
      </trkpt>
      <trkpt lat="30.57998" lon="-99.13601">
        <ele>473.8</ele>
      </trkpt>
      <trkpt lat="30.57998" lon="-99.13737">
        <ele>473.4</ele>
      </trkpt>
      <trkpt lat="30.57998" lon="-99.13743">
        <ele>473.4</ele>
      </trkpt>
      <trkpt lat="30.57998" lon="-99.13758">
        <ele>473.3</ele>
      </trkpt>
      <trkpt lat="30.57998" lon="-99.13821">
        <ele>473.3</ele>
      </trkpt>
      <trkpt lat="30.57998" lon="-99.13883">
        <ele>473.3</ele>
      </trkpt>
      <trkpt lat="30.57998" lon="-99.13946">
        <ele>473.5</ele>
      </trkpt>
      <trkpt lat="30.57998" lon="-99.14009">
        <ele>473.7</ele>
      </trkpt>
      <trkpt lat="30.57998" lon="-99.14022">
        <ele>473.7</ele>
      </trkpt>
      <trkpt lat="30.57998" lon="-99.14117">
        <ele>474.2</ele>
      </trkpt>
      <trkpt lat="30.57999" lon="-99.1421">
        <ele>474.7</ele>
      </trkpt>
      <trkpt lat="30.57999" lon="-99.14229">
        <ele>474.7</ele>
      </trkpt>
      <trkpt lat="30.57998" lon="-99.14259">
        <ele>474.8</ele>
      </trkpt>
      <trkpt lat="30.57998" lon="-99.14264">
        <ele>474.8</ele>
      </trkpt>
      <trkpt lat="30.57998" lon="-99.14277">
        <ele>474.8</ele>
      </trkpt>
      <trkpt lat="30.57996" lon="-99.14298">
        <ele>474.8</ele>
      </trkpt>
      <trkpt lat="30.57993" lon="-99.14314">
        <ele>474.9</ele>
      </trkpt>
      <trkpt lat="30.57984" lon="-99.14336">
        <ele>475.0</ele>
      </trkpt>
      <trkpt lat="30.57971" lon="-99.14358">
        <ele>475.1</ele>
      </trkpt>
      <trkpt lat="30.57955" lon="-99.14377">
        <ele>475.3</ele>
      </trkpt>
      <trkpt lat="30.57938" lon="-99.14395">
        <ele>475.5</ele>
      </trkpt>
      <trkpt lat="30.57916" lon="-99.14419">
        <ele>476.4</ele>
      </trkpt>
      <trkpt lat="30.57871" lon="-99.1447">
        <ele>477.7</ele>
      </trkpt>
      <trkpt lat="30.5786" lon="-99.14482">
        <ele>478.0</ele>
      </trkpt>
      <trkpt lat="30.57847" lon="-99.14496">
        <ele>478.3</ele>
      </trkpt>
      <trkpt lat="30.57826" lon="-99.1452">
        <ele>478.7</ele>
      </trkpt>
      <trkpt lat="30.57772" lon="-99.14579">
        <ele>479.5</ele>
      </trkpt>
      <trkpt lat="30.57728" lon="-99.14629">
        <ele>480.0</ele>
      </trkpt>
      <trkpt lat="30.57691" lon="-99.14672">
        <ele>480.3</ele>
      </trkpt>
      <trkpt lat="30.57676" lon="-99.14688">
        <ele>480.6</ele>
      </trkpt>
      <trkpt lat="30.57663" lon="-99.14702">
        <ele>480.9</ele>
      </trkpt>
      <trkpt lat="30.57596" lon="-99.14778">
        <ele>482.2</ele>
      </trkpt>
      <trkpt lat="30.57583" lon="-99.14794">
        <ele>482.2</ele>
      </trkpt>
      <trkpt lat="30.57574" lon="-99.14804">
        <ele>482.2</ele>
      </trkpt>
      <trkpt lat="30.5757" lon="-99.14808">
        <ele>482.2</ele>
      </trkpt>
      <trkpt lat="30.57561" lon="-99.14819">
        <ele>482.2</ele>
      </trkpt>
      <trkpt lat="30.57557" lon="-99.14823">
        <ele>482.3</ele>
      </trkpt>
      <trkpt lat="30.57531" lon="-99.14852">
        <ele>482.4</ele>
      </trkpt>
      <trkpt lat="30.57508" lon="-99.14878">
        <ele>482.6</ele>
      </trkpt>
      <trkpt lat="30.57464" lon="-99.14924">
        <ele>482.6</ele>
      </trkpt>
      <trkpt lat="30.57448" lon="-99.14943">
        <ele>482.8</ele>
      </trkpt>
      <trkpt lat="30.57387" lon="-99.15012">
        <ele>484.0</ele>
      </trkpt>
      <trkpt lat="30.57385" lon="-99.15014">
        <ele>484.1</ele>
      </trkpt>
      <trkpt lat="30.57374" lon="-99.15027">
        <ele>484.6</ele>
      </trkpt>
      <trkpt lat="30.57371" lon="-99.15031">
        <ele>484.8</ele>
      </trkpt>
      <trkpt lat="30.57364" lon="-99.15038">
        <ele>485.2</ele>
      </trkpt>
      <trkpt lat="30.57352" lon="-99.1505">
        <ele>485.9</ele>
      </trkpt>
      <trkpt lat="30.5733" lon="-99.1507">
        <ele>487.1</ele>
      </trkpt>
      <trkpt lat="30.57312" lon="-99.15082">
        <ele>487.8</ele>
      </trkpt>
      <trkpt lat="30.57296" lon="-99.15088">
        <ele>488.2</ele>
      </trkpt>
      <trkpt lat="30.57269" lon="-99.15088">
        <ele>488.7</ele>
      </trkpt>
      <trkpt lat="30.57249" lon="-99.1509">
        <ele>489.0</ele>
      </trkpt>
      <trkpt lat="30.57233" lon="-99.15091">
        <ele>489.3</ele>
      </trkpt>
      <trkpt lat="30.57216" lon="-99.15094">
        <ele>489.5</ele>
      </trkpt>
      <trkpt lat="30.57191" lon="-99.15105">
        <ele>489.9</ele>
      </trkpt>
      <trkpt lat="30.57166" lon="-99.15119">
        <ele>490.4</ele>
      </trkpt>
      <trkpt lat="30.5716" lon="-99.15124">
        <ele>490.5</ele>
      </trkpt>
      <trkpt lat="30.57147" lon="-99.15132">
        <ele>490.8</ele>
      </trkpt>
      <trkpt lat="30.57134" lon="-99.15141">
        <ele>491.2</ele>
      </trkpt>
      <trkpt lat="30.57115" lon="-99.15153">
        <ele>492.1</ele>
      </trkpt>
      <trkpt lat="30.57102" lon="-99.15161">
        <ele>492.6</ele>
      </trkpt>
      <trkpt lat="30.57099" lon="-99.15163">
        <ele>492.8</ele>
      </trkpt>
      <trkpt lat="30.57039" lon="-99.15203">
        <ele>495.1</ele>
      </trkpt>
      <trkpt lat="30.57022" lon="-99.15213">
        <ele>494.8</ele>
      </trkpt>
      <trkpt lat="30.57002" lon="-99.15228">
        <ele>494.9</ele>
      </trkpt>
      <trkpt lat="30.56994" lon="-99.15237">
        <ele>494.9</ele>
      </trkpt>
      <trkpt lat="30.56982" lon="-99.15249">
        <ele>494.9</ele>
      </trkpt>
      <trkpt lat="30.56973" lon="-99.15261">
        <ele>494.9</ele>
      </trkpt>
      <trkpt lat="30.56961" lon="-99.1528">
        <ele>495.1</ele>
      </trkpt>
      <trkpt lat="30.56953" lon="-99.15297">
        <ele>495.3</ele>
      </trkpt>
      <trkpt lat="30.56947" lon="-99.15312">
        <ele>495.6</ele>
      </trkpt>
      <trkpt lat="30.56945" lon="-99.15322">
        <ele>495.8</ele>
      </trkpt>
      <trkpt lat="30.56943" lon="-99.15335">
        <ele>496.2</ele>
      </trkpt>
      <trkpt lat="30.56941" lon="-99.15343">
        <ele>496.6</ele>
      </trkpt>
      <trkpt lat="30.56937" lon="-99.15361">
        <ele>497.4</ele>
      </trkpt>
      <trkpt lat="30.56934" lon="-99.15383">
        <ele>498.1</ele>
      </trkpt>
      <trkpt lat="30.56932" lon="-99.15396">
        <ele>498.3</ele>
      </trkpt>
      <trkpt lat="30.56927" lon="-99.15424">
        <ele>498.6</ele>
      </trkpt>
      <trkpt lat="30.56923" lon="-99.15445">
        <ele>498.8</ele>
      </trkpt>
      <trkpt lat="30.56921" lon="-99.15455">
        <ele>498.8</ele>
      </trkpt>
      <trkpt lat="30.5692" lon="-99.15465">
        <ele>498.8</ele>
      </trkpt>
      <trkpt lat="30.56905" lon="-99.15547">
        <ele>495.9</ele>
      </trkpt>
      <trkpt lat="30.56895" lon="-99.15605">
        <ele>495.0</ele>
      </trkpt>
      <trkpt lat="30.56894" lon="-99.15609">
        <ele>494.9</ele>
      </trkpt>
      <trkpt lat="30.56879" lon="-99.1569">
        <ele>489.9</ele>
      </trkpt>
      <trkpt lat="30.56871" lon="-99.15731">
        <ele>487.3</ele>
      </trkpt>
      <trkpt lat="30.56869" lon="-99.15744">
        <ele>487.1</ele>
      </trkpt>
      <trkpt lat="30.56864" lon="-99.15772">
        <ele>487.8</ele>
      </trkpt>
      <trkpt lat="30.5685" lon="-99.15854">
        <ele>490.6</ele>
      </trkpt>
      <trkpt lat="30.56846" lon="-99.15876">
        <ele>490.9</ele>
      </trkpt>
      <trkpt lat="30.56843" lon="-99.15895">
        <ele>490.8</ele>
      </trkpt>
      <trkpt lat="30.56839" lon="-99.15915">
        <ele>490.5</ele>
      </trkpt>
      <trkpt lat="30.56838" lon="-99.15923">
        <ele>490.2</ele>
      </trkpt>
      <trkpt lat="30.56835" lon="-99.15936">
        <ele>489.8</ele>
      </trkpt>
      <trkpt lat="30.56832" lon="-99.15956">
        <ele>488.9</ele>
      </trkpt>
      <trkpt lat="30.56831" lon="-99.15958">
        <ele>488.8</ele>
      </trkpt>
      <trkpt lat="30.56831" lon="-99.15959">
        <ele>488.7</ele>
      </trkpt>
      <trkpt lat="30.56822" lon="-99.16">
        <ele>487.3</ele>
      </trkpt>
      <trkpt lat="30.56817" lon="-99.16017">
        <ele>486.9</ele>
      </trkpt>
      <trkpt lat="30.56816" lon="-99.16019">
        <ele>486.8</ele>
      </trkpt>
      <trkpt lat="30.56806" lon="-99.16045">
        <ele>486.4</ele>
      </trkpt>
      <trkpt lat="30.56797" lon="-99.16058">
        <ele>486.4</ele>
      </trkpt>
      <trkpt lat="30.5679" lon="-99.16069">
        <ele>486.4</ele>
      </trkpt>
      <trkpt lat="30.56771" lon="-99.16092">
        <ele>486.6</ele>
      </trkpt>
      <trkpt lat="30.56749" lon="-99.1612">
        <ele>486.9</ele>
      </trkpt>
      <trkpt lat="30.56735" lon="-99.16136">
        <ele>487.2</ele>
      </trkpt>
      <trkpt lat="30.56696" lon="-99.16182">
        <ele>488.1</ele>
      </trkpt>
      <trkpt lat="30.56686" lon="-99.16195">
        <ele>488.2</ele>
      </trkpt>
      <trkpt lat="30.56656" lon="-99.16233">
        <ele>488.4</ele>
      </trkpt>
      <trkpt lat="30.5663" lon="-99.16267">
        <ele>488.9</ele>
      </trkpt>
      <trkpt lat="30.56613" lon="-99.16287">
        <ele>489.4</ele>
      </trkpt>
      <trkpt lat="30.56606" lon="-99.16294">
        <ele>489.7</ele>
      </trkpt>
      <trkpt lat="30.56595" lon="-99.16307">
        <ele>490.1</ele>
      </trkpt>
      <trkpt lat="30.56582" lon="-99.16317">
        <ele>490.5</ele>
      </trkpt>
      <trkpt lat="30.56564" lon="-99.16326">
        <ele>491.1</ele>
      </trkpt>
      <trkpt lat="30.56545" lon="-99.16334">
        <ele>491.7</ele>
      </trkpt>
      <trkpt lat="30.56529" lon="-99.16342">
        <ele>492.2</ele>
      </trkpt>
      <trkpt lat="30.56521" lon="-99.16348">
        <ele>492.4</ele>
      </trkpt>
      <trkpt lat="30.56511" lon="-99.16358">
        <ele>492.7</ele>
      </trkpt>
      <trkpt lat="30.56502" lon="-99.16372">
        <ele>492.9</ele>
      </trkpt>
      <trkpt lat="30.56496" lon="-99.16383">
        <ele>493.0</ele>
      </trkpt>
      <trkpt lat="30.56489" lon="-99.16401">
        <ele>493.1</ele>
      </trkpt>
      <trkpt lat="30.56487" lon="-99.16408">
        <ele>493.1</ele>
      </trkpt>
      <trkpt lat="30.56483" lon="-99.16428">
        <ele>493.0</ele>
      </trkpt>
      <trkpt lat="30.56481" lon="-99.16437">
        <ele>493.0</ele>
      </trkpt>
      <trkpt lat="30.56478" lon="-99.16453">
        <ele>492.9</ele>
      </trkpt>
      <trkpt lat="30.56468" lon="-99.16487">
        <ele>492.8</ele>
      </trkpt>
      <trkpt lat="30.5646" lon="-99.16505">
        <ele>492.8</ele>
      </trkpt>
      <trkpt lat="30.56452" lon="-99.16521">
        <ele>492.8</ele>
      </trkpt>
      <trkpt lat="30.56447" lon="-99.16531">
        <ele>492.7</ele>
      </trkpt>
      <trkpt lat="30.56426" lon="-99.16571">
        <ele>492.7</ele>
      </trkpt>
      <trkpt lat="30.56404" lon="-99.16606">
        <ele>493.0</ele>
      </trkpt>
      <trkpt lat="30.56396" lon="-99.16617">
        <ele>493.2</ele>
      </trkpt>
      <trkpt lat="30.56372" lon="-99.16653">
        <ele>494.0</ele>
      </trkpt>
      <trkpt lat="30.56344" lon="-99.16689">
        <ele>494.3</ele>
      </trkpt>
      <trkpt lat="30.56338" lon="-99.16697">
        <ele>494.3</ele>
      </trkpt>
      <trkpt lat="30.56302" lon="-99.16743">
        <ele>494.9</ele>
      </trkpt>
      <trkpt lat="30.56297" lon="-99.1675">
        <ele>495.1</ele>
      </trkpt>
      <trkpt lat="30.56278" lon="-99.16774">
        <ele>496.4</ele>
      </trkpt>
      <trkpt lat="30.56241" lon="-99.1682">
        <ele>499.5</ele>
      </trkpt>
      <trkpt lat="30.56239" lon="-99.16823">
        <ele>499.6</ele>
      </trkpt>
      <trkpt lat="30.56217" lon="-99.16852">
        <ele>500.3</ele>
      </trkpt>
      <trkpt lat="30.56215" lon="-99.16854">
        <ele>500.3</ele>
      </trkpt>
      <trkpt lat="30.56195" lon="-99.16884">
        <ele>500.8</ele>
      </trkpt>
      <trkpt lat="30.56191" lon="-99.1689">
        <ele>500.8</ele>
      </trkpt>
      <trkpt lat="30.56171" lon="-99.16916">
        <ele>501.2</ele>
      </trkpt>
      <trkpt lat="30.5616" lon="-99.16932">
        <ele>501.3</ele>
      </trkpt>
      <trkpt lat="30.56157" lon="-99.16935">
        <ele>501.3</ele>
      </trkpt>
      <trkpt lat="30.5613" lon="-99.16969">
        <ele>501.6</ele>
      </trkpt>
      <trkpt lat="30.56096" lon="-99.17005">
        <ele>501.9</ele>
      </trkpt>
      <trkpt lat="30.56093" lon="-99.17008">
        <ele>501.9</ele>
      </trkpt>
      <trkpt lat="30.56082" lon="-99.17018">
        <ele>502.0</ele>
      </trkpt>
      <trkpt lat="30.56062" lon="-99.17037">
        <ele>502.2</ele>
      </trkpt>
      <trkpt lat="30.55994" lon="-99.17098">
        <ele>502.8</ele>
      </trkpt>
      <trkpt lat="30.55954" lon="-99.17134">
        <ele>503.3</ele>
      </trkpt>
      <trkpt lat="30.5589" lon="-99.1719">
        <ele>503.9</ele>
      </trkpt>
      <trkpt lat="30.5586" lon="-99.17218">
        <ele>504.0</ele>
      </trkpt>
      <trkpt lat="30.55807" lon="-99.17265">
        <ele>504.6</ele>
      </trkpt>
      <trkpt lat="30.55805" lon="-99.17267">
        <ele>504.6</ele>
      </trkpt>
      <trkpt lat="30.55791" lon="-99.1728">
        <ele>504.7</ele>
      </trkpt>
      <trkpt lat="30.55739" lon="-99.17325">
        <ele>505.0</ele>
      </trkpt>
      <trkpt lat="30.5569" lon="-99.17368">
        <ele>505.8</ele>
      </trkpt>
      <trkpt lat="30.55676" lon="-99.17381">
        <ele>506.6</ele>
      </trkpt>
      <trkpt lat="30.55665" lon="-99.1739">
        <ele>507.5</ele>
      </trkpt>
      <trkpt lat="30.55612" lon="-99.17438">
        <ele>510.6</ele>
      </trkpt>
      <trkpt lat="30.55585" lon="-99.17465">
        <ele>511.4</ele>
      </trkpt>
      <trkpt lat="30.55558" lon="-99.17493">
        <ele>513.5</ele>
      </trkpt>
      <trkpt lat="30.55538" lon="-99.17514">
        <ele>515.3</ele>
      </trkpt>
      <trkpt lat="30.55529" lon="-99.17523">
        <ele>515.8</ele>
      </trkpt>
      <trkpt lat="30.55525" lon="-99.17529">
        <ele>515.9</ele>
      </trkpt>
      <trkpt lat="30.55501" lon="-99.17556">
        <ele>516.2</ele>
      </trkpt>
      <trkpt lat="30.55467" lon="-99.17591">
        <ele>515.9</ele>
      </trkpt>
      <trkpt lat="30.55459" lon="-99.176">
        <ele>515.9</ele>
      </trkpt>
      <trkpt lat="30.55421" lon="-99.17641">
        <ele>515.8</ele>
      </trkpt>
      <trkpt lat="30.55406" lon="-99.17657">
        <ele>516.1</ele>
      </trkpt>
      <trkpt lat="30.55392" lon="-99.17672">
        <ele>516.3</ele>
      </trkpt>
      <trkpt lat="30.55376" lon="-99.17686">
        <ele>516.3</ele>
      </trkpt>
      <trkpt lat="30.55362" lon="-99.17695">
        <ele>516.4</ele>
      </trkpt>
      <trkpt lat="30.55344" lon="-99.17703">
        <ele>516.7</ele>
      </trkpt>
      <trkpt lat="30.55324" lon="-99.17708">
        <ele>517.2</ele>
      </trkpt>
      <trkpt lat="30.55294" lon="-99.17712">
        <ele>518.5</ele>
      </trkpt>
      <trkpt lat="30.55278" lon="-99.17714">
        <ele>520.6</ele>
      </trkpt>
      <trkpt lat="30.55212" lon="-99.1772">
        <ele>528.0</ele>
      </trkpt>
      <trkpt lat="30.55187" lon="-99.17722">
        <ele>530.0</ele>
      </trkpt>
      <trkpt lat="30.55108" lon="-99.17728">
        <ele>536.2</ele>
      </trkpt>
      <trkpt lat="30.55079" lon="-99.17731">
        <ele>539.3</ele>
      </trkpt>
      <trkpt lat="30.55061" lon="-99.17734">
        <ele>541.3</ele>
      </trkpt>
      <trkpt lat="30.55041" lon="-99.17736">
        <ele>542.8</ele>
      </trkpt>
      <trkpt lat="30.55025" lon="-99.17737">
        <ele>543.3</ele>
      </trkpt>
      <trkpt lat="30.54989" lon="-99.1774">
        <ele>543.9</ele>
      </trkpt>
      <trkpt lat="30.54932" lon="-99.17744">
        <ele>544.3</ele>
      </trkpt>
      <trkpt lat="30.54918" lon="-99.17745">
        <ele>544.7</ele>
      </trkpt>
      <trkpt lat="30.549" lon="-99.17747">
        <ele>545.5</ele>
      </trkpt>
      <trkpt lat="30.54816" lon="-99.17756">
        <ele>548.0</ele>
      </trkpt>
      <trkpt lat="30.54774" lon="-99.17759">
        <ele>548.5</ele>
      </trkpt>
      <trkpt lat="30.54756" lon="-99.1776">
        <ele>548.8</ele>
      </trkpt>
      <trkpt lat="30.54702" lon="-99.17764">
        <ele>549.9</ele>
      </trkpt>
      <trkpt lat="30.54684" lon="-99.17766">
        <ele>550.1</ele>
      </trkpt>
      <trkpt lat="30.5468" lon="-99.17766">
        <ele>550.1</ele>
      </trkpt>
      <trkpt lat="30.54613" lon="-99.17772">
        <ele>550.9</ele>
      </trkpt>
      <trkpt lat="30.54595" lon="-99.17774">
        <ele>551.2</ele>
      </trkpt>
      <trkpt lat="30.54541" lon="-99.17779">
        <ele>552.0</ele>
      </trkpt>
      <trkpt lat="30.54436" lon="-99.17792">
        <ele>552.1</ele>
      </trkpt>
      <trkpt lat="30.54436" lon="-99.17792">
        <ele>552.1</ele>
      </trkpt>
      <trkpt lat="30.54425" lon="-99.17793">
        <ele>552.0</ele>
      </trkpt>
      <trkpt lat="30.54417" lon="-99.17803">
        <ele>551.8</ele>
      </trkpt>
      <trkpt lat="30.5441" lon="-99.1781">
        <ele>551.6</ele>
      </trkpt>
      <trkpt lat="30.54393" lon="-99.17821">
        <ele>551.2</ele>
      </trkpt>
      <trkpt lat="30.54367" lon="-99.17842">
        <ele>550.4</ele>
      </trkpt>
      <trkpt lat="30.54354" lon="-99.17855">
        <ele>549.9</ele>
      </trkpt>
      <trkpt lat="30.54329" lon="-99.1788">
        <ele>549.1</ele>
      </trkpt>
      <trkpt lat="30.54293" lon="-99.17917">
        <ele>548.3</ele>
      </trkpt>
      <trkpt lat="30.54273" lon="-99.17938">
        <ele>547.8</ele>
      </trkpt>
      <trkpt lat="30.5423" lon="-99.17983">
        <ele>547.2</ele>
      </trkpt>
      <trkpt lat="30.54144" lon="-99.18084">
        <ele>543.7</ele>
      </trkpt>
      <trkpt lat="30.54112" lon="-99.18121">
        <ele>542.2</ele>
      </trkpt>
      <trkpt lat="30.54049" lon="-99.18194">
        <ele>537.6</ele>
      </trkpt>
      <trkpt lat="30.54024" lon="-99.18225">
        <ele>537.7</ele>
      </trkpt>
      <trkpt lat="30.54016" lon="-99.18235">
        <ele>537.9</ele>
      </trkpt>
      <trkpt lat="30.54012" lon="-99.1824">
        <ele>538.0</ele>
      </trkpt>
      <trkpt lat="30.53999" lon="-99.18255">
        <ele>538.4</ele>
      </trkpt>
      <trkpt lat="30.53949" lon="-99.18314">
        <ele>541.8</ele>
      </trkpt>
      <trkpt lat="30.53924" lon="-99.18344">
        <ele>543.1</ele>
      </trkpt>
      <trkpt lat="30.53911" lon="-99.18359">
        <ele>543.4</ele>
      </trkpt>
      <trkpt lat="30.53907" lon="-99.18364">
        <ele>543.5</ele>
      </trkpt>
      <trkpt lat="30.53899" lon="-99.18374">
        <ele>543.5</ele>
      </trkpt>
      <trkpt lat="30.53836" lon="-99.18449">
        <ele>544.2</ele>
      </trkpt>
      <trkpt lat="30.53811" lon="-99.18479">
        <ele>544.9</ele>
      </trkpt>
      <trkpt lat="30.53803" lon="-99.1849">
        <ele>545.2</ele>
      </trkpt>
      <trkpt lat="30.53761" lon="-99.18539">
        <ele>546.8</ele>
      </trkpt>
      <trkpt lat="30.53707" lon="-99.18604">
        <ele>548.3</ele>
      </trkpt>
      <trkpt lat="30.53646" lon="-99.18675">
        <ele>546.9</ele>
      </trkpt>
      <trkpt lat="30.53644" lon="-99.18678">
        <ele>546.9</ele>
      </trkpt>
      <trkpt lat="30.53602" lon="-99.18728">
        <ele>546.3</ele>
      </trkpt>
      <trkpt lat="30.53589" lon="-99.18748">
        <ele>546.0</ele>
      </trkpt>
      <trkpt lat="30.53582" lon="-99.18764">
        <ele>545.7</ele>
      </trkpt>
      <trkpt lat="30.53579" lon="-99.18776">
        <ele>545.4</ele>
      </trkpt>
      <trkpt lat="30.53577" lon="-99.18785">
        <ele>545.2</ele>
      </trkpt>
      <trkpt lat="30.53576" lon="-99.18791">
        <ele>545.0</ele>
      </trkpt>
      <trkpt lat="30.53575" lon="-99.18815">
        <ele>544.4</ele>
      </trkpt>
      <trkpt lat="30.53576" lon="-99.18826">
        <ele>544.0</ele>
      </trkpt>
      <trkpt lat="30.53587" lon="-99.1886">
        <ele>543.3</ele>
      </trkpt>
      <trkpt lat="30.53599" lon="-99.18891">
        <ele>542.6</ele>
      </trkpt>
      <trkpt lat="30.53603" lon="-99.18904">
        <ele>542.4</ele>
      </trkpt>
      <trkpt lat="30.5362" lon="-99.18949">
        <ele>541.9</ele>
      </trkpt>
      <trkpt lat="30.53625" lon="-99.18961">
        <ele>541.9</ele>
      </trkpt>
      <trkpt lat="30.53629" lon="-99.18971">
        <ele>541.9</ele>
      </trkpt>
      <trkpt lat="30.53632" lon="-99.1898">
        <ele>541.9</ele>
      </trkpt>
      <trkpt lat="30.53647" lon="-99.19018">
        <ele>542.0</ele>
      </trkpt>
      <trkpt lat="30.53654" lon="-99.19037">
        <ele>542.1</ele>
      </trkpt>
      <trkpt lat="30.53668" lon="-99.19075">
        <ele>542.1</ele>
      </trkpt>
      <trkpt lat="30.53682" lon="-99.19107">
        <ele>542.0</ele>
      </trkpt>
      <trkpt lat="30.53684" lon="-99.19113">
        <ele>542.0</ele>
      </trkpt>
      <trkpt lat="30.53688" lon="-99.19123">
        <ele>541.9</ele>
      </trkpt>
      <trkpt lat="30.53691" lon="-99.19133">
        <ele>541.9</ele>
      </trkpt>
      <trkpt lat="30.53702" lon="-99.19161">
        <ele>541.9</ele>
      </trkpt>
      <trkpt lat="30.53706" lon="-99.19171">
        <ele>541.9</ele>
      </trkpt>
      <trkpt lat="30.5372" lon="-99.19209">
        <ele>541.5</ele>
      </trkpt>
      <trkpt lat="30.53723" lon="-99.19218">
        <ele>541.4</ele>
      </trkpt>
      <trkpt lat="30.53724" lon="-99.19219">
        <ele>541.3</ele>
      </trkpt>
      <trkpt lat="30.53727" lon="-99.19228">
        <ele>541.1</ele>
      </trkpt>
      <trkpt lat="30.53757" lon="-99.19304">
        <ele>537.9</ele>
      </trkpt>
      <trkpt lat="30.53764" lon="-99.19323">
        <ele>537.2</ele>
      </trkpt>
      <trkpt lat="30.53772" lon="-99.19342">
        <ele>536.6</ele>
      </trkpt>
      <trkpt lat="30.53776" lon="-99.19352">
        <ele>536.3</ele>
      </trkpt>
      <trkpt lat="30.53783" lon="-99.19371">
        <ele>536.0</ele>
      </trkpt>
      <trkpt lat="30.53794" lon="-99.19399">
        <ele>535.8</ele>
      </trkpt>
      <trkpt lat="30.53801" lon="-99.19419">
        <ele>535.5</ele>
      </trkpt>
      <trkpt lat="30.53812" lon="-99.19447">
        <ele>535.2</ele>
      </trkpt>
      <trkpt lat="30.53812" lon="-99.19449">
        <ele>535.3</ele>
      </trkpt>
      <trkpt lat="30.53815" lon="-99.19457">
        <ele>535.3</ele>
      </trkpt>
      <trkpt lat="30.53825" lon="-99.19484">
        <ele>535.7</ele>
      </trkpt>
      <trkpt lat="30.53828" lon="-99.1949">
        <ele>535.8</ele>
      </trkpt>
      <trkpt lat="30.5385" lon="-99.19547">
        <ele>536.8</ele>
      </trkpt>
      <trkpt lat="30.53865" lon="-99.19585">
        <ele>537.0</ele>
      </trkpt>
      <trkpt lat="30.53909" lon="-99.197">
        <ele>535.9</ele>
      </trkpt>
      <trkpt lat="30.53938" lon="-99.19776">
        <ele>535.9</ele>
      </trkpt>
      <trkpt lat="30.53963" lon="-99.19842">
        <ele>537.0</ele>
      </trkpt>
      <trkpt lat="30.53964" lon="-99.19843">
        <ele>537.0</ele>
      </trkpt>
      <trkpt lat="30.53993" lon="-99.19919">
        <ele>538.4</ele>
      </trkpt>
      <trkpt lat="30.53997" lon="-99.19928">
        <ele>538.7</ele>
      </trkpt>
      <trkpt lat="30.54058" lon="-99.20091">
        <ele>541.8</ele>
      </trkpt>
      <trkpt lat="30.54065" lon="-99.2011">
        <ele>542.0</ele>
      </trkpt>
      <trkpt lat="30.5408" lon="-99.20148">
        <ele>542.4</ele>
      </trkpt>
      <trkpt lat="30.54092" lon="-99.20179">
        <ele>542.9</ele>
      </trkpt>
      <trkpt lat="30.54124" lon="-99.20263">
        <ele>543.7</ele>
      </trkpt>
      <trkpt lat="30.54146" lon="-99.2032">
        <ele>544.9</ele>
      </trkpt>
      <trkpt lat="30.54153" lon="-99.20339">
        <ele>545.4</ele>
      </trkpt>
      <trkpt lat="30.5416" lon="-99.20358">
        <ele>545.9</ele>
      </trkpt>
      <trkpt lat="30.54173" lon="-99.20391">
        <ele>546.7</ele>
      </trkpt>
      <trkpt lat="30.54212" lon="-99.20492">
        <ele>547.4</ele>
      </trkpt>
      <trkpt lat="30.54219" lon="-99.2051">
        <ele>547.5</ele>
      </trkpt>
      <trkpt lat="30.54219" lon="-99.20511">
        <ele>547.5</ele>
      </trkpt>
      <trkpt lat="30.54237" lon="-99.20559">
        <ele>547.5</ele>
      </trkpt>
      <trkpt lat="30.54246" lon="-99.20585">
        <ele>547.5</ele>
      </trkpt>
      <trkpt lat="30.54273" lon="-99.20657">
        <ele>547.3</ele>
      </trkpt>
      <trkpt lat="30.54294" lon="-99.20716">
        <ele>547.3</ele>
      </trkpt>
      <trkpt lat="30.5432" lon="-99.20784">
        <ele>548.2</ele>
      </trkpt>
      <trkpt lat="30.54335" lon="-99.20822">
        <ele>550.1</ele>
      </trkpt>
      <trkpt lat="30.54337" lon="-99.20825">
        <ele>550.2</ele>
      </trkpt>
      <trkpt lat="30.54368" lon="-99.20896">
        <ele>551.9</ele>
      </trkpt>
      <trkpt lat="30.54376" lon="-99.20915">
        <ele>552.1</ele>
      </trkpt>
      <trkpt lat="30.54377" lon="-99.20917">
        <ele>552.1</ele>
      </trkpt>
      <trkpt lat="30.54392" lon="-99.20952">
        <ele>552.2</ele>
      </trkpt>
      <trkpt lat="30.54415" lon="-99.21009">
        <ele>551.1</ele>
      </trkpt>
      <trkpt lat="30.54426" lon="-99.21035">
        <ele>549.6</ele>
      </trkpt>
      <trkpt lat="30.54447" lon="-99.21084">
        <ele>547.8</ele>
      </trkpt>
      <trkpt lat="30.5447" lon="-99.2114">
        <ele>547.2</ele>
      </trkpt>
      <trkpt lat="30.54478" lon="-99.21159">
        <ele>546.9</ele>
      </trkpt>
      <trkpt lat="30.54491" lon="-99.21192">
        <ele>546.1</ele>
      </trkpt>
      <trkpt lat="30.54518" lon="-99.21253">
        <ele>544.0</ele>
      </trkpt>
      <trkpt lat="30.54526" lon="-99.21271">
        <ele>543.3</ele>
      </trkpt>
      <trkpt lat="30.54542" lon="-99.21309">
        <ele>542.6</ele>
      </trkpt>
      <trkpt lat="30.5455" lon="-99.21328">
        <ele>543.3</ele>
      </trkpt>
      <trkpt lat="30.54563" lon="-99.21358">
        <ele>544.0</ele>
      </trkpt>
      <trkpt lat="30.54599" lon="-99.21439">
        <ele>543.5</ele>
      </trkpt>
      <trkpt lat="30.54632" lon="-99.21516">
        <ele>541.4</ele>
      </trkpt>
      <trkpt lat="30.54655" lon="-99.2157">
        <ele>541.3</ele>
      </trkpt>
      <trkpt lat="30.54663" lon="-99.21589">
        <ele>541.3</ele>
      </trkpt>
      <trkpt lat="30.54679" lon="-99.21626">
        <ele>541.2</ele>
      </trkpt>
      <trkpt lat="30.54702" lon="-99.21683">
        <ele>541.3</ele>
      </trkpt>
      <trkpt lat="30.5471" lon="-99.21701">
        <ele>541.5</ele>
      </trkpt>
      <trkpt lat="30.54711" lon="-99.21705">
        <ele>541.5</ele>
      </trkpt>
      <trkpt lat="30.54735" lon="-99.21757">
        <ele>544.2</ele>
      </trkpt>
      <trkpt lat="30.54753" lon="-99.21793">
        <ele>543.7</ele>
      </trkpt>
      <trkpt lat="30.54753" lon="-99.21795">
        <ele>543.9</ele>
      </trkpt>
      <trkpt lat="30.54761" lon="-99.21812">
        <ele>543.9</ele>
      </trkpt>
      <trkpt lat="30.54762" lon="-99.21814">
        <ele>543.9</ele>
      </trkpt>
      <trkpt lat="30.54764" lon="-99.21826">
        <ele>544.1</ele>
      </trkpt>
      <trkpt lat="30.54764" lon="-99.21836">
        <ele>544.3</ele>
      </trkpt>
      <trkpt lat="30.54762" lon="-99.21851">
        <ele>544.5</ele>
      </trkpt>
      <trkpt lat="30.54758" lon="-99.21873">
        <ele>544.6</ele>
      </trkpt>
      <trkpt lat="30.54755" lon="-99.21885">
        <ele>544.8</ele>
      </trkpt>
      <trkpt lat="30.54754" lon="-99.21894">
        <ele>544.7</ele>
      </trkpt>
      <trkpt lat="30.5475" lon="-99.21914">
        <ele>544.9</ele>
      </trkpt>
      <trkpt lat="30.54747" lon="-99.21927">
        <ele>545.2</ele>
      </trkpt>
      <trkpt lat="30.54746" lon="-99.21934">
        <ele>545.3</ele>
      </trkpt>
      <trkpt lat="30.54742" lon="-99.21954">
        <ele>545.8</ele>
      </trkpt>
      <trkpt lat="30.54742" lon="-99.21955">
        <ele>545.8</ele>
      </trkpt>
      <trkpt lat="30.54736" lon="-99.2197">
        <ele>546.3</ele>
      </trkpt>
      <trkpt lat="30.54727" lon="-99.21987">
        <ele>546.6</ele>
      </trkpt>
      <trkpt lat="30.54714" lon="-99.22006">
        <ele>546.8</ele>
      </trkpt>
      <trkpt lat="30.54698" lon="-99.22029">
        <ele>546.6</ele>
      </trkpt>
      <trkpt lat="30.54679" lon="-99.22053">
        <ele>546.2</ele>
      </trkpt>
      <trkpt lat="30.5466" lon="-99.22078">
        <ele>545.7</ele>
      </trkpt>
      <trkpt lat="30.54654" lon="-99.22086">
        <ele>545.5</ele>
      </trkpt>
      <trkpt lat="30.54642" lon="-99.22102">
        <ele>545.1</ele>
      </trkpt>
      <trkpt lat="30.54641" lon="-99.22103">
        <ele>545.1</ele>
      </trkpt>
      <trkpt lat="30.54626" lon="-99.22127">
        <ele>544.9</ele>
      </trkpt>
      <trkpt lat="30.54606" lon="-99.22156">
        <ele>544.7</ele>
      </trkpt>
      <trkpt lat="30.54598" lon="-99.22168">
        <ele>544.2</ele>
      </trkpt>
      <trkpt lat="30.5458" lon="-99.22196">
        <ele>541.9</ele>
      </trkpt>
      <trkpt lat="30.54564" lon="-99.22218">
        <ele>541.1</ele>
      </trkpt>
      <trkpt lat="30.54553" lon="-99.22233">
        <ele>540.5</ele>
      </trkpt>
      <trkpt lat="30.54535" lon="-99.22259">
        <ele>539.4</ele>
      </trkpt>
      <trkpt lat="30.54519" lon="-99.22282">
        <ele>539.0</ele>
      </trkpt>
      <trkpt lat="30.54515" lon="-99.22288">
        <ele>539.0</ele>
      </trkpt>
      <trkpt lat="30.54508" lon="-99.22298">
        <ele>539.0</ele>
      </trkpt>
      <trkpt lat="30.54487" lon="-99.22328">
        <ele>539.1</ele>
      </trkpt>
      <trkpt lat="30.54485" lon="-99.22331">
        <ele>539.1</ele>
      </trkpt>
      <trkpt lat="30.54474" lon="-99.22347">
        <ele>539.2</ele>
      </trkpt>
      <trkpt lat="30.54461" lon="-99.22364">
        <ele>539.5</ele>
      </trkpt>
      <trkpt lat="30.54433" lon="-99.22405">
        <ele>540.4</ele>
      </trkpt>
      <trkpt lat="30.54418" lon="-99.22428">
        <ele>541.0</ele>
      </trkpt>
      <trkpt lat="30.54408" lon="-99.22443">
        <ele>541.3</ele>
      </trkpt>
      <trkpt lat="30.54407" lon="-99.22445">
        <ele>541.3</ele>
      </trkpt>
      <trkpt lat="30.5439" lon="-99.2247">
        <ele>543.1</ele>
      </trkpt>
      <trkpt lat="30.54384" lon="-99.22477">
        <ele>544.3</ele>
      </trkpt>
      <trkpt lat="30.54372" lon="-99.22494">
        <ele>545.2</ele>
      </trkpt>
      <trkpt lat="30.5435" lon="-99.22519">
        <ele>543.3</ele>
      </trkpt>
      <trkpt lat="30.54347" lon="-99.22522">
        <ele>542.9</ele>
      </trkpt>
      <trkpt lat="30.54331" lon="-99.22537">
        <ele>542.2</ele>
      </trkpt>
      <trkpt lat="30.54303" lon="-99.22562">
        <ele>541.7</ele>
      </trkpt>
      <trkpt lat="30.54277" lon="-99.22584">
        <ele>541.6</ele>
      </trkpt>
      <trkpt lat="30.54248" lon="-99.226">
        <ele>541.7</ele>
      </trkpt>
      <trkpt lat="30.54195" lon="-99.22626">
        <ele>541.5</ele>
      </trkpt>
      <trkpt lat="30.54128" lon="-99.22658">
        <ele>541.6</ele>
      </trkpt>
      <trkpt lat="30.54115" lon="-99.22665">
        <ele>541.4</ele>
      </trkpt>
      <trkpt lat="30.54112" lon="-99.22666">
        <ele>541.4</ele>
      </trkpt>
      <trkpt lat="30.54095" lon="-99.22675">
        <ele>541.0</ele>
      </trkpt>
      <trkpt lat="30.54078" lon="-99.22683">
        <ele>540.4</ele>
      </trkpt>
      <trkpt lat="30.54016" lon="-99.22711">
        <ele>538.4</ele>
      </trkpt>
      <trkpt lat="30.53962" lon="-99.22738">
        <ele>536.2</ele>
      </trkpt>
      <trkpt lat="30.53946" lon="-99.22746">
        <ele>535.6</ele>
      </trkpt>
      <trkpt lat="30.53935" lon="-99.22751">
        <ele>535.2</ele>
      </trkpt>
      <trkpt lat="30.53912" lon="-99.22761">
        <ele>534.4</ele>
      </trkpt>
      <trkpt lat="30.53895" lon="-99.22769">
        <ele>533.8</ele>
      </trkpt>
      <trkpt lat="30.53865" lon="-99.22782">
        <ele>532.9</ele>
      </trkpt>
      <trkpt lat="30.53828" lon="-99.22799">
        <ele>532.3</ele>
      </trkpt>
      <trkpt lat="30.53811" lon="-99.22807">
        <ele>532.1</ele>
      </trkpt>
      <trkpt lat="30.53795" lon="-99.22815">
        <ele>531.8</ele>
      </trkpt>
      <trkpt lat="30.53778" lon="-99.22825">
        <ele>531.3</ele>
      </trkpt>
      <trkpt lat="30.5375" lon="-99.22842">
        <ele>529.7</ele>
      </trkpt>
      <trkpt lat="30.53747" lon="-99.22844">
        <ele>529.1</ele>
      </trkpt>
      <trkpt lat="30.53733" lon="-99.22855">
        <ele>529.5</ele>
      </trkpt>
      <trkpt lat="30.53724" lon="-99.22862">
        <ele>531.0</ele>
      </trkpt>
      <trkpt lat="30.53717" lon="-99.2287">
        <ele>531.7</ele>
      </trkpt>
      <trkpt lat="30.53714" lon="-99.22874">
        <ele>532.0</ele>
      </trkpt>
      <trkpt lat="30.5371" lon="-99.2288">
        <ele>532.4</ele>
      </trkpt>
      <trkpt lat="30.53701" lon="-99.22893">
        <ele>533.2</ele>
      </trkpt>
      <trkpt lat="30.53687" lon="-99.22916">
        <ele>534.5</ele>
      </trkpt>
      <trkpt lat="30.53672" lon="-99.22941">
        <ele>535.6</ele>
      </trkpt>
      <trkpt lat="30.53671" lon="-99.22941">
        <ele>535.6</ele>
      </trkpt>
      <trkpt lat="30.53649" lon="-99.22974">
        <ele>537.0</ele>
      </trkpt>
      <trkpt lat="30.53631" lon="-99.22999">
        <ele>536.6</ele>
      </trkpt>
      <trkpt lat="30.53615" lon="-99.23022">
        <ele>535.2</ele>
      </trkpt>
      <trkpt lat="30.5361" lon="-99.2303">
        <ele>534.7</ele>
      </trkpt>
      <trkpt lat="30.53604" lon="-99.23038">
        <ele>534.1</ele>
      </trkpt>
      <trkpt lat="30.53592" lon="-99.23054">
        <ele>532.9</ele>
      </trkpt>
      <trkpt lat="30.5357" lon="-99.23085">
        <ele>530.6</ele>
      </trkpt>
      <trkpt lat="30.53547" lon="-99.23119">
        <ele>529.9</ele>
      </trkpt>
      <trkpt lat="30.53541" lon="-99.23128">
        <ele>529.9</ele>
      </trkpt>
      <trkpt lat="30.53537" lon="-99.23136">
        <ele>529.8</ele>
      </trkpt>
      <trkpt lat="30.53523" lon="-99.23162">
        <ele>529.8</ele>
      </trkpt>
      <trkpt lat="30.53513" lon="-99.23186">
        <ele>530.4</ele>
      </trkpt>
      <trkpt lat="30.53502" lon="-99.2322">
        <ele>531.4</ele>
      </trkpt>
      <trkpt lat="30.535" lon="-99.2324">
        <ele>531.6</ele>
      </trkpt>
      <trkpt lat="30.53497" lon="-99.23259">
        <ele>532.4</ele>
      </trkpt>
      <trkpt lat="30.5349" lon="-99.23304">
        <ele>534.6</ele>
      </trkpt>
      <trkpt lat="30.53486" lon="-99.23329">
        <ele>535.4</ele>
      </trkpt>
      <trkpt lat="30.53485" lon="-99.23343">
        <ele>535.6</ele>
      </trkpt>
      <trkpt lat="30.53483" lon="-99.23364">
        <ele>536.0</ele>
      </trkpt>
      <trkpt lat="30.53483" lon="-99.23365">
        <ele>536.1</ele>
      </trkpt>
      <trkpt lat="30.53484" lon="-99.234">
        <ele>537.6</ele>
      </trkpt>
      <trkpt lat="30.53486" lon="-99.23421">
        <ele>538.7</ele>
      </trkpt>
      <trkpt lat="30.53487" lon="-99.23453">
        <ele>541.3</ele>
      </trkpt>
      <trkpt lat="30.53487" lon="-99.23468">
        <ele>542.2</ele>
      </trkpt>
      <trkpt lat="30.53487" lon="-99.23473">
        <ele>542.5</ele>
      </trkpt>
      <trkpt lat="30.53485" lon="-99.2349">
        <ele>542.8</ele>
      </trkpt>
      <trkpt lat="30.53484" lon="-99.23492">
        <ele>542.8</ele>
      </trkpt>
      <trkpt lat="30.53481" lon="-99.23515">
        <ele>543.0</ele>
      </trkpt>
      <trkpt lat="30.53475" lon="-99.23538">
        <ele>543.0</ele>
      </trkpt>
      <trkpt lat="30.53474" lon="-99.23546">
        <ele>543.0</ele>
      </trkpt>
      <trkpt lat="30.53471" lon="-99.23558">
        <ele>542.8</ele>
      </trkpt>
      <trkpt lat="30.53471" lon="-99.23561">
        <ele>542.8</ele>
      </trkpt>
      <trkpt lat="30.53466" lon="-99.23587">
        <ele>542.5</ele>
      </trkpt>
      <trkpt lat="30.53459" lon="-99.23617">
        <ele>542.1</ele>
      </trkpt>
      <trkpt lat="30.5345" lon="-99.23659">
        <ele>541.9</ele>
      </trkpt>
      <trkpt lat="30.53449" lon="-99.23662">
        <ele>541.9</ele>
      </trkpt>
      <trkpt lat="30.5344" lon="-99.237">
        <ele>541.9</ele>
      </trkpt>
      <trkpt lat="30.53439" lon="-99.23707">
        <ele>542.0</ele>
      </trkpt>
      <trkpt lat="30.53432" lon="-99.23734">
        <ele>542.2</ele>
      </trkpt>
      <trkpt lat="30.53431" lon="-99.23739">
        <ele>542.2</ele>
      </trkpt>
      <trkpt lat="30.5343" lon="-99.23743">
        <ele>542.2</ele>
      </trkpt>
      <trkpt lat="30.53419" lon="-99.23793">
        <ele>542.6</ele>
      </trkpt>
      <trkpt lat="30.53417" lon="-99.23801">
        <ele>542.7</ele>
      </trkpt>
      <trkpt lat="30.53405" lon="-99.23849">
        <ele>543.2</ele>
      </trkpt>
      <trkpt lat="30.53401" lon="-99.2386">
        <ele>543.3</ele>
      </trkpt>
      <trkpt lat="30.53395" lon="-99.23877">
        <ele>543.4</ele>
      </trkpt>
      <trkpt lat="30.53382" lon="-99.23908">
        <ele>543.4</ele>
      </trkpt>
      <trkpt lat="30.53368" lon="-99.23938">
        <ele>543.4</ele>
      </trkpt>
      <trkpt lat="30.53354" lon="-99.23962">
        <ele>543.3</ele>
      </trkpt>
      <trkpt lat="30.53351" lon="-99.23965">
        <ele>543.3</ele>
      </trkpt>
      <trkpt lat="30.53318" lon="-99.24019">
        <ele>543.3</ele>
      </trkpt>
      <trkpt lat="30.53286" lon="-99.2407">
        <ele>543.0</ele>
      </trkpt>
      <trkpt lat="30.53273" lon="-99.24092">
        <ele>542.7</ele>
      </trkpt>
      <trkpt lat="30.53261" lon="-99.24112">
        <ele>542.6</ele>
      </trkpt>
      <trkpt lat="30.53255" lon="-99.24121">
        <ele>542.6</ele>
      </trkpt>
      <trkpt lat="30.53245" lon="-99.24139">
        <ele>542.7</ele>
      </trkpt>
      <trkpt lat="30.53229" lon="-99.24166">
        <ele>543.9</ele>
      </trkpt>
      <trkpt lat="30.5321" lon="-99.242">
        <ele>545.8</ele>
      </trkpt>
      <trkpt lat="30.53195" lon="-99.24225">
        <ele>547.1</ele>
      </trkpt>
      <trkpt lat="30.53184" lon="-99.24245">
        <ele>547.8</ele>
      </trkpt>
      <trkpt lat="30.53136" lon="-99.24322">
        <ele>548.5</ele>
      </trkpt>
      <trkpt lat="30.53133" lon="-99.24328">
        <ele>548.7</ele>
      </trkpt>
      <trkpt lat="30.53111" lon="-99.24363">
        <ele>549.4</ele>
      </trkpt>
      <trkpt lat="30.53091" lon="-99.24396">
        <ele>549.6</ele>
      </trkpt>
      <trkpt lat="30.53062" lon="-99.24444">
        <ele>549.5</ele>
      </trkpt>
      <trkpt lat="30.5306" lon="-99.24447">
        <ele>549.5</ele>
      </trkpt>
      <trkpt lat="30.5305" lon="-99.24464">
        <ele>549.3</ele>
      </trkpt>
      <trkpt lat="30.5303" lon="-99.24498">
        <ele>549.3</ele>
      </trkpt>
      <trkpt lat="30.53008" lon="-99.24532">
        <ele>549.8</ele>
      </trkpt>
      <trkpt lat="30.53006" lon="-99.24534">
        <ele>549.9</ele>
      </trkpt>
      <trkpt lat="30.52998" lon="-99.24549">
        <ele>550.0</ele>
      </trkpt>
      <trkpt lat="30.52991" lon="-99.24561">
        <ele>550.0</ele>
      </trkpt>
      <trkpt lat="30.52945" lon="-99.24638">
        <ele>549.9</ele>
      </trkpt>
      <trkpt lat="30.52936" lon="-99.24652">
        <ele>550.2</ele>
      </trkpt>
      <trkpt lat="30.529" lon="-99.2471">
        <ele>552.4</ele>
      </trkpt>
      <trkpt lat="30.52884" lon="-99.24737">
        <ele>553.3</ele>
      </trkpt>
      <trkpt lat="30.52871" lon="-99.24757">
        <ele>553.9</ele>
      </trkpt>
      <trkpt lat="30.52843" lon="-99.24805">
        <ele>554.9</ele>
      </trkpt>
      <trkpt lat="30.52838" lon="-99.24813">
        <ele>555.1</ele>
      </trkpt>
      <trkpt lat="30.52834" lon="-99.24822">
        <ele>555.3</ele>
      </trkpt>
      <trkpt lat="30.52831" lon="-99.24826">
        <ele>555.4</ele>
      </trkpt>
      <trkpt lat="30.52828" lon="-99.24832">
        <ele>555.5</ele>
      </trkpt>
      <trkpt lat="30.52827" lon="-99.24837">
        <ele>555.6</ele>
      </trkpt>
      <trkpt lat="30.52826" lon="-99.24841">
        <ele>555.7</ele>
      </trkpt>
      <trkpt lat="30.52824" lon="-99.24849">
        <ele>555.8</ele>
      </trkpt>
      <trkpt lat="30.52824" lon="-99.24863">
        <ele>556.0</ele>
      </trkpt>
      <trkpt lat="30.52824" lon="-99.24922">
        <ele>556.8</ele>
      </trkpt>
      <trkpt lat="30.52824" lon="-99.24988">
        <ele>557.7</ele>
      </trkpt>
      <trkpt lat="30.52825" lon="-99.25053">
        <ele>559.9</ele>
      </trkpt>
      <trkpt lat="30.52824" lon="-99.25119">
        <ele>561.8</ele>
      </trkpt>
      <trkpt lat="30.52824" lon="-99.25134">
        <ele>562.1</ele>
      </trkpt>
      <trkpt lat="30.52824" lon="-99.25155">
        <ele>562.5</ele>
      </trkpt>
      <trkpt lat="30.52824" lon="-99.25176">
        <ele>562.8</ele>
      </trkpt>
      <trkpt lat="30.52824" lon="-99.25187">
        <ele>562.9</ele>
      </trkpt>
      <trkpt lat="30.52824" lon="-99.25222">
        <ele>562.9</ele>
      </trkpt>
      <trkpt lat="30.52825" lon="-99.25301">
        <ele>562.6</ele>
      </trkpt>
      <trkpt lat="30.52825" lon="-99.25321">
        <ele>562.8</ele>
      </trkpt>
      <trkpt lat="30.52825" lon="-99.25322">
        <ele>562.8</ele>
      </trkpt>
      <trkpt lat="30.52825" lon="-99.25343">
        <ele>563.0</ele>
      </trkpt>
      <trkpt lat="30.52824" lon="-99.25362">
        <ele>563.3</ele>
      </trkpt>
      <trkpt lat="30.52822" lon="-99.25401">
        <ele>564.1</ele>
      </trkpt>
      <trkpt lat="30.52818" lon="-99.25435">
        <ele>564.8</ele>
      </trkpt>
      <trkpt lat="30.52818" lon="-99.2544">
        <ele>564.9</ele>
      </trkpt>
      <trkpt lat="30.52816" lon="-99.25468">
        <ele>565.4</ele>
      </trkpt>
      <trkpt lat="30.52813" lon="-99.25486">
        <ele>565.8</ele>
      </trkpt>
      <trkpt lat="30.52812" lon="-99.25508">
        <ele>566.1</ele>
      </trkpt>
      <trkpt lat="30.52813" lon="-99.25541">
        <ele>566.7</ele>
      </trkpt>
      <trkpt lat="30.52815" lon="-99.2558">
        <ele>567.4</ele>
      </trkpt>
      <trkpt lat="30.52815" lon="-99.25584">
        <ele>567.4</ele>
      </trkpt>
      <trkpt lat="30.52815" lon="-99.25605">
        <ele>567.8</ele>
      </trkpt>
      <trkpt lat="30.52816" lon="-99.25626">
        <ele>568.0</ele>
      </trkpt>
      <trkpt lat="30.52817" lon="-99.25647">
        <ele>567.8</ele>
      </trkpt>
      <trkpt lat="30.52817" lon="-99.25658">
        <ele>567.7</ele>
      </trkpt>
      <trkpt lat="30.52817" lon="-99.25668">
        <ele>567.4</ele>
      </trkpt>
      <trkpt lat="30.52818" lon="-99.25688">
        <ele>566.8</ele>
      </trkpt>
      <trkpt lat="30.52818" lon="-99.25712">
        <ele>566.5</ele>
      </trkpt>
      <trkpt lat="30.5282" lon="-99.25747">
        <ele>566.1</ele>
      </trkpt>
      <trkpt lat="30.52821" lon="-99.25782">
        <ele>565.0</ele>
      </trkpt>
      <trkpt lat="30.52821" lon="-99.25814">
        <ele>564.1</ele>
      </trkpt>
      <trkpt lat="30.52821" lon="-99.25818">
        <ele>564.0</ele>
      </trkpt>
      <trkpt lat="30.5282" lon="-99.25834">
        <ele>563.5</ele>
      </trkpt>
      <trkpt lat="30.52818" lon="-99.25876">
        <ele>562.2</ele>
      </trkpt>
      <trkpt lat="30.52816" lon="-99.25897">
        <ele>562.0</ele>
      </trkpt>
      <trkpt lat="30.52815" lon="-99.25918">
        <ele>562.3</ele>
      </trkpt>
      <trkpt lat="30.52815" lon="-99.25926">
        <ele>562.4</ele>
      </trkpt>
      <trkpt lat="30.52812" lon="-99.25955">
        <ele>563.0</ele>
      </trkpt>
      <trkpt lat="30.52812" lon="-99.25959">
        <ele>563.1</ele>
      </trkpt>
      <trkpt lat="30.5281" lon="-99.2598">
        <ele>563.7</ele>
      </trkpt>
      <trkpt lat="30.52809" lon="-99.25986">
        <ele>563.9</ele>
      </trkpt>
      <trkpt lat="30.52804" lon="-99.26063">
        <ele>565.3</ele>
      </trkpt>
      <trkpt lat="30.52803" lon="-99.26084">
        <ele>565.4</ele>
      </trkpt>
      <trkpt lat="30.528" lon="-99.2611">
        <ele>565.3</ele>
      </trkpt>
      <trkpt lat="30.52796" lon="-99.26167">
        <ele>565.0</ele>
      </trkpt>
      <trkpt lat="30.52795" lon="-99.26187">
        <ele>565.0</ele>
      </trkpt>
      <trkpt lat="30.52794" lon="-99.26209">
        <ele>565.2</ele>
      </trkpt>
      <trkpt lat="30.52793" lon="-99.26228">
        <ele>565.4</ele>
      </trkpt>
      <trkpt lat="30.52791" lon="-99.26251">
        <ele>565.7</ele>
      </trkpt>
      <trkpt lat="30.5279" lon="-99.26264">
        <ele>565.8</ele>
      </trkpt>
      <trkpt lat="30.52789" lon="-99.26271">
        <ele>565.8</ele>
      </trkpt>
      <trkpt lat="30.52788" lon="-99.26287">
        <ele>565.8</ele>
      </trkpt>
      <trkpt lat="30.52788" lon="-99.26292">
        <ele>565.8</ele>
      </trkpt>
      <trkpt lat="30.52787" lon="-99.26305">
        <ele>565.7</ele>
      </trkpt>
      <trkpt lat="30.52783" lon="-99.26334">
        <ele>565.2</ele>
      </trkpt>
      <trkpt lat="30.52782" lon="-99.26342">
        <ele>565.0</ele>
      </trkpt>
      <trkpt lat="30.52782" lon="-99.26344">
        <ele>564.9</ele>
      </trkpt>
      <trkpt lat="30.5278" lon="-99.26357">
        <ele>564.6</ele>
      </trkpt>
      <trkpt lat="30.52778" lon="-99.26378">
        <ele>564.1</ele>
      </trkpt>
      <trkpt lat="30.52774" lon="-99.26413">
        <ele>562.6</ele>
      </trkpt>
      <trkpt lat="30.5277" lon="-99.26431">
        <ele>561.6</ele>
      </trkpt>
      <trkpt lat="30.52766" lon="-99.2646">
        <ele>560.2</ele>
      </trkpt>
      <trkpt lat="30.52759" lon="-99.26505">
        <ele>558.1</ele>
      </trkpt>
      <trkpt lat="30.52757" lon="-99.26522">
        <ele>557.4</ele>
      </trkpt>
      <trkpt lat="30.52753" lon="-99.26542">
        <ele>556.4</ele>
      </trkpt>
      <trkpt lat="30.52738" lon="-99.26645">
        <ele>553.1</ele>
      </trkpt>
      <trkpt lat="30.52737" lon="-99.26651">
        <ele>553.0</ele>
      </trkpt>
      <trkpt lat="30.52735" lon="-99.26666">
        <ele>552.6</ele>
      </trkpt>
      <trkpt lat="30.52727" lon="-99.26711">
        <ele>551.2</ele>
      </trkpt>
      <trkpt lat="30.52717" lon="-99.26789">
        <ele>548.8</ele>
      </trkpt>
      <trkpt lat="30.52712" lon="-99.2682">
        <ele>548.2</ele>
      </trkpt>
      <trkpt lat="30.52708" lon="-99.26851">
        <ele>547.5</ele>
      </trkpt>
      <trkpt lat="30.52704" lon="-99.26872">
        <ele>547.1</ele>
      </trkpt>
      <trkpt lat="30.52698" lon="-99.26915">
        <ele>546.0</ele>
      </trkpt>
      <trkpt lat="30.52688" lon="-99.26974">
        <ele>544.6</ele>
      </trkpt>
      <trkpt lat="30.52674" lon="-99.27066">
        <ele>543.9</ele>
      </trkpt>
      <trkpt lat="30.52655" lon="-99.27199">
        <ele>543.3</ele>
      </trkpt>
      <trkpt lat="30.52653" lon="-99.27209">
        <ele>543.2</ele>
      </trkpt>
      <trkpt lat="30.52653" lon="-99.2721">
        <ele>543.2</ele>
      </trkpt>
      <trkpt lat="30.5265" lon="-99.2723">
        <ele>543.0</ele>
      </trkpt>
      <trkpt lat="30.52646" lon="-99.2725">
        <ele>542.9</ele>
      </trkpt>
      <trkpt lat="30.52644" lon="-99.27264">
        <ele>543.1</ele>
      </trkpt>
      <trkpt lat="30.52634" lon="-99.2733">
        <ele>543.6</ele>
      </trkpt>
      <trkpt lat="30.52631" lon="-99.27353">
        <ele>543.7</ele>
      </trkpt>
      <trkpt lat="30.52628" lon="-99.27374">
        <ele>543.6</ele>
      </trkpt>
      <trkpt lat="30.52625" lon="-99.27396">
        <ele>543.4</ele>
      </trkpt>
      <trkpt lat="30.52619" lon="-99.27436">
        <ele>542.9</ele>
      </trkpt>
      <trkpt lat="30.5261" lon="-99.27497">
        <ele>541.9</ele>
      </trkpt>
      <trkpt lat="30.52608" lon="-99.27511">
        <ele>541.8</ele>
      </trkpt>
      <trkpt lat="30.52607" lon="-99.27518">
        <ele>541.8</ele>
      </trkpt>
      <trkpt lat="30.52603" lon="-99.27538">
        <ele>541.8</ele>
      </trkpt>
      <trkpt lat="30.52602" lon="-99.27544">
        <ele>541.9</ele>
      </trkpt>
      <trkpt lat="30.526" lon="-99.27559">
        <ele>542.1</ele>
      </trkpt>
      <trkpt lat="30.52587" lon="-99.27642">
        <ele>543.7</ele>
      </trkpt>
      <trkpt lat="30.52584" lon="-99.27662">
        <ele>544.0</ele>
      </trkpt>
      <trkpt lat="30.52575" lon="-99.27724">
        <ele>543.9</ele>
      </trkpt>
      <trkpt lat="30.52572" lon="-99.27744">
        <ele>543.8</ele>
      </trkpt>
      <trkpt lat="30.52566" lon="-99.27781">
        <ele>543.6</ele>
      </trkpt>
      <trkpt lat="30.52563" lon="-99.27806">
        <ele>543.4</ele>
      </trkpt>
      <trkpt lat="30.5256" lon="-99.27826">
        <ele>543.2</ele>
      </trkpt>
      <trkpt lat="30.5256" lon="-99.27827">
        <ele>543.2</ele>
      </trkpt>
      <trkpt lat="30.52557" lon="-99.27847">
        <ele>542.8</ele>
      </trkpt>
      <trkpt lat="30.52557" lon="-99.2785">
        <ele>542.8</ele>
      </trkpt>
      <trkpt lat="30.52546" lon="-99.27918">
        <ele>541.6</ele>
      </trkpt>
      <trkpt lat="30.52544" lon="-99.27929">
        <ele>541.5</ele>
      </trkpt>
      <trkpt lat="30.52541" lon="-99.2795">
        <ele>541.4</ele>
      </trkpt>
      <trkpt lat="30.52534" lon="-99.27991">
        <ele>541.4</ele>
      </trkpt>
      <trkpt lat="30.52528" lon="-99.28032">
        <ele>541.7</ele>
      </trkpt>
      <trkpt lat="30.52519" lon="-99.28089">
        <ele>542.4</ele>
      </trkpt>
      <trkpt lat="30.52513" lon="-99.28135">
        <ele>543.0</ele>
      </trkpt>
      <trkpt lat="30.52513" lon="-99.28136">
        <ele>543.0</ele>
      </trkpt>
      <trkpt lat="30.52509" lon="-99.28159">
        <ele>543.1</ele>
      </trkpt>
      <trkpt lat="30.52504" lon="-99.28184">
        <ele>543.2</ele>
      </trkpt>
      <trkpt lat="30.52499" lon="-99.28199">
        <ele>543.2</ele>
      </trkpt>
      <trkpt lat="30.52497" lon="-99.28205">
        <ele>543.2</ele>
      </trkpt>
      <trkpt lat="30.52487" lon="-99.28224">
        <ele>543.1</ele>
      </trkpt>
      <trkpt lat="30.52472" lon="-99.28243">
        <ele>542.7</ele>
      </trkpt>
      <trkpt lat="30.52433" lon="-99.28289">
        <ele>541.2</ele>
      </trkpt>
      <trkpt lat="30.52414" lon="-99.28311">
        <ele>540.5</ele>
      </trkpt>
      <trkpt lat="30.52389" lon="-99.28341">
        <ele>539.4</ele>
      </trkpt>
      <trkpt lat="30.52371" lon="-99.28362">
        <ele>538.6</ele>
      </trkpt>
      <trkpt lat="30.52364" lon="-99.28371">
        <ele>538.2</ele>
      </trkpt>
      <trkpt lat="30.52355" lon="-99.2838">
        <ele>537.8</ele>
      </trkpt>
      <trkpt lat="30.52313" lon="-99.2843">
        <ele>535.7</ele>
      </trkpt>
      <trkpt lat="30.52301" lon="-99.28445">
        <ele>534.9</ele>
      </trkpt>
      <trkpt lat="30.52286" lon="-99.28462">
        <ele>533.9</ele>
      </trkpt>
      <trkpt lat="30.52275" lon="-99.28475">
        <ele>533.0</ele>
      </trkpt>
      <trkpt lat="30.52245" lon="-99.28511">
        <ele>531.2</ele>
      </trkpt>
      <trkpt lat="30.52238" lon="-99.28519">
        <ele>530.7</ele>
      </trkpt>
      <trkpt lat="30.52225" lon="-99.28534">
        <ele>529.8</ele>
      </trkpt>
      <trkpt lat="30.52213" lon="-99.28549">
        <ele>529.0</ele>
      </trkpt>
      <trkpt lat="30.52199" lon="-99.28566">
        <ele>527.9</ele>
      </trkpt>
      <trkpt lat="30.52186" lon="-99.2858">
        <ele>526.6</ele>
      </trkpt>
      <trkpt lat="30.52163" lon="-99.28607">
        <ele>524.4</ele>
      </trkpt>
      <trkpt lat="30.52144" lon="-99.28629">
        <ele>523.3</ele>
      </trkpt>
      <trkpt lat="30.52135" lon="-99.28639">
        <ele>522.9</ele>
      </trkpt>
      <trkpt lat="30.52127" lon="-99.28648">
        <ele>522.4</ele>
      </trkpt>
      <trkpt lat="30.52102" lon="-99.28675">
        <ele>521.0</ele>
      </trkpt>
      <trkpt lat="30.52096" lon="-99.28682">
        <ele>520.6</ele>
      </trkpt>
      <trkpt lat="30.52084" lon="-99.28696">
        <ele>519.9</ele>
      </trkpt>
      <trkpt lat="30.52076" lon="-99.28709">
        <ele>519.4</ele>
      </trkpt>
      <trkpt lat="30.52073" lon="-99.28715">
        <ele>519.2</ele>
      </trkpt>
      <trkpt lat="30.52071" lon="-99.28719">
        <ele>519.1</ele>
      </trkpt>
      <trkpt lat="30.52068" lon="-99.28729">
        <ele>518.7</ele>
      </trkpt>
      <trkpt lat="30.52067" lon="-99.28734">
        <ele>518.6</ele>
      </trkpt>
      <trkpt lat="30.52066" lon="-99.28739">
        <ele>518.4</ele>
      </trkpt>
      <trkpt lat="30.52065" lon="-99.28755">
        <ele>517.7</ele>
      </trkpt>
      <trkpt lat="30.52064" lon="-99.28778">
        <ele>517.6</ele>
      </trkpt>
      <trkpt lat="30.52062" lon="-99.2879">
        <ele>518.3</ele>
      </trkpt>
      <trkpt lat="30.52061" lon="-99.28801">
        <ele>518.9</ele>
      </trkpt>
      <trkpt lat="30.5206" lon="-99.28818">
        <ele>519.6</ele>
      </trkpt>
      <trkpt lat="30.52061" lon="-99.28828">
        <ele>519.9</ele>
      </trkpt>
      <trkpt lat="30.52063" lon="-99.2884">
        <ele>520.4</ele>
      </trkpt>
      <trkpt lat="30.52066" lon="-99.28851">
        <ele>520.5</ele>
      </trkpt>
      <trkpt lat="30.52069" lon="-99.28861">
        <ele>520.6</ele>
      </trkpt>
      <trkpt lat="30.52074" lon="-99.28882">
        <ele>520.7</ele>
      </trkpt>
      <trkpt lat="30.52076" lon="-99.28896">
        <ele>520.9</ele>
      </trkpt>
      <trkpt lat="30.52077" lon="-99.28906">
        <ele>520.7</ele>
      </trkpt>
      <trkpt lat="30.52077" lon="-99.28912">
        <ele>520.6</ele>
      </trkpt>
      <trkpt lat="30.52075" lon="-99.2892">
        <ele>520.4</ele>
      </trkpt>
      <trkpt lat="30.52071" lon="-99.28928">
        <ele>520.3</ele>
      </trkpt>
      <trkpt lat="30.52066" lon="-99.28942">
        <ele>519.6</ele>
      </trkpt>
      <trkpt lat="30.52052" lon="-99.2897">
        <ele>519.2</ele>
      </trkpt>
      <trkpt lat="30.52045" lon="-99.28986">
        <ele>519.7</ele>
      </trkpt>
      <trkpt lat="30.5204" lon="-99.28998">
        <ele>520.0</ele>
      </trkpt>
      <trkpt lat="30.52037" lon="-99.29004">
        <ele>520.1</ele>
      </trkpt>
      <trkpt lat="30.52032" lon="-99.29014">
        <ele>520.5</ele>
      </trkpt>
      <trkpt lat="30.52023" lon="-99.29027">
        <ele>521.0</ele>
      </trkpt>
      <trkpt lat="30.52015" lon="-99.29037">
        <ele>521.5</ele>
      </trkpt>
      <trkpt lat="30.52005" lon="-99.29046">
        <ele>521.9</ele>
      </trkpt>
      <trkpt lat="30.51996" lon="-99.29055">
        <ele>522.4</ele>
      </trkpt>
      <trkpt lat="30.51983" lon="-99.29064">
        <ele>522.5</ele>
      </trkpt>
      <trkpt lat="30.51954" lon="-99.29081">
        <ele>523.0</ele>
      </trkpt>
      <trkpt lat="30.51938" lon="-99.2909">
        <ele>523.1</ele>
      </trkpt>
      <trkpt lat="30.5192" lon="-99.29101">
        <ele>523.1</ele>
      </trkpt>
      <trkpt lat="30.51906" lon="-99.29109">
        <ele>523.1</ele>
      </trkpt>
      <trkpt lat="30.51891" lon="-99.29118">
        <ele>523.1</ele>
      </trkpt>
      <trkpt lat="30.5189" lon="-99.29119">
        <ele>523.1</ele>
      </trkpt>
      <trkpt lat="30.51853" lon="-99.29141">
        <ele>523.1</ele>
      </trkpt>
      <trkpt lat="30.51827" lon="-99.29158">
        <ele>523.1</ele>
      </trkpt>
      <trkpt lat="30.51825" lon="-99.29159">
        <ele>523.0</ele>
      </trkpt>
      <trkpt lat="30.51818" lon="-99.29166">
        <ele>523.1</ele>
      </trkpt>
      <trkpt lat="30.51814" lon="-99.29173">
        <ele>523.1</ele>
      </trkpt>
      <trkpt lat="30.51811" lon="-99.29183">
        <ele>523.3</ele>
      </trkpt>
      <trkpt lat="30.5181" lon="-99.29193">
        <ele>523.4</ele>
      </trkpt>
      <trkpt lat="30.51807" lon="-99.29208">
        <ele>523.4</ele>
      </trkpt>
      <trkpt lat="30.51804" lon="-99.29217">
        <ele>523.6</ele>
      </trkpt>
      <trkpt lat="30.51802" lon="-99.29221">
        <ele>523.8</ele>
      </trkpt>
      <trkpt lat="30.51801" lon="-99.29223">
        <ele>523.9</ele>
      </trkpt>
      <trkpt lat="30.51797" lon="-99.29228">
        <ele>524.2</ele>
      </trkpt>
      <trkpt lat="30.51791" lon="-99.29235">
        <ele>524.8</ele>
      </trkpt>
      <trkpt lat="30.5179" lon="-99.29236">
        <ele>524.9</ele>
      </trkpt>
      <trkpt lat="30.51785" lon="-99.29241">
        <ele>525.4</ele>
      </trkpt>
      <trkpt lat="30.51777" lon="-99.29248">
        <ele>526.2</ele>
      </trkpt>
      <trkpt lat="30.51753" lon="-99.29268">
        <ele>529.1</ele>
      </trkpt>
      <trkpt lat="30.51733" lon="-99.29286">
        <ele>531.2</ele>
      </trkpt>
      <trkpt lat="30.51731" lon="-99.29287">
        <ele>531.3</ele>
      </trkpt>
      <trkpt lat="30.51724" lon="-99.29294">
        <ele>531.7</ele>
      </trkpt>
      <trkpt lat="30.51719" lon="-99.29299">
        <ele>532.0</ele>
      </trkpt>
      <trkpt lat="30.51691" lon="-99.29325">
        <ele>533.5</ele>
      </trkpt>
      <trkpt lat="30.51682" lon="-99.29333">
        <ele>534.0</ele>
      </trkpt>
      <trkpt lat="30.51676" lon="-99.29338">
        <ele>534.4</ele>
      </trkpt>
      <trkpt lat="30.51655" lon="-99.29357">
        <ele>535.4</ele>
      </trkpt>
      <trkpt lat="30.51627" lon="-99.29386">
        <ele>535.5</ele>
      </trkpt>
      <trkpt lat="30.51623" lon="-99.2939">
        <ele>535.5</ele>
      </trkpt>
      <trkpt lat="30.516" lon="-99.29411">
        <ele>535.6</ele>
      </trkpt>
      <trkpt lat="30.51593" lon="-99.29418">
        <ele>535.6</ele>
      </trkpt>
      <trkpt lat="30.51579" lon="-99.29431">
        <ele>535.7</ele>
      </trkpt>
      <trkpt lat="30.51512" lon="-99.29488">
        <ele>537.2</ele>
      </trkpt>
      <trkpt lat="30.51478" lon="-99.29518">
        <ele>537.4</ele>
      </trkpt>
      <trkpt lat="30.51445" lon="-99.29547">
        <ele>537.8</ele>
      </trkpt>
      <trkpt lat="30.51435" lon="-99.29556">
        <ele>537.9</ele>
      </trkpt>
      <trkpt lat="30.51392" lon="-99.29594">
        <ele>538.0</ele>
      </trkpt>
      <trkpt lat="30.51389" lon="-99.29597">
        <ele>538.0</ele>
      </trkpt>
      <trkpt lat="30.51348" lon="-99.29635">
        <ele>538.3</ele>
      </trkpt>
      <trkpt lat="30.51327" lon="-99.29653">
        <ele>538.4</ele>
      </trkpt>
      <trkpt lat="30.51321" lon="-99.29659">
        <ele>538.5</ele>
      </trkpt>
      <trkpt lat="30.51308" lon="-99.29672">
        <ele>538.5</ele>
      </trkpt>
      <trkpt lat="30.51272" lon="-99.29704">
        <ele>538.6</ele>
      </trkpt>
      <trkpt lat="30.51214" lon="-99.29756">
        <ele>538.7</ele>
      </trkpt>
      <trkpt lat="30.51203" lon="-99.29766">
        <ele>538.7</ele>
      </trkpt>
      <trkpt lat="30.51171" lon="-99.29795">
        <ele>538.7</ele>
      </trkpt>
      <trkpt lat="30.51142" lon="-99.29822">
        <ele>538.5</ele>
      </trkpt>
      <trkpt lat="30.5113" lon="-99.29836">
        <ele>538.4</ele>
      </trkpt>
      <trkpt lat="30.5112" lon="-99.29853">
        <ele>538.4</ele>
      </trkpt>
      <trkpt lat="30.5112" lon="-99.29853">
        <ele>538.4</ele>
      </trkpt>
      <trkpt lat="30.51114" lon="-99.29903">
        <ele>538.9</ele>
      </trkpt>
      <trkpt lat="30.51113" lon="-99.29938">
        <ele>539.3</ele>
      </trkpt>
      <trkpt lat="30.51118" lon="-99.30312">
        <ele>543.7</ele>
      </trkpt>
      <trkpt lat="30.51118" lon="-99.30333">
        <ele>543.8</ele>
      </trkpt>
      <trkpt lat="30.51118" lon="-99.30352">
        <ele>544.0</ele>
      </trkpt>
      <trkpt lat="30.5112" lon="-99.30459">
        <ele>544.8</ele>
      </trkpt>
      <trkpt lat="30.5112" lon="-99.30496">
        <ele>545.1</ele>
      </trkpt>
      <trkpt lat="30.51119" lon="-99.30551">
        <ele>545.7</ele>
      </trkpt>
      <trkpt lat="30.51119" lon="-99.30552">
        <ele>545.7</ele>
      </trkpt>
      <trkpt lat="30.51119" lon="-99.30631">
        <ele>546.8</ele>
      </trkpt>
      <trkpt lat="30.51119" lon="-99.30677">
        <ele>547.4</ele>
      </trkpt>
      <trkpt lat="30.5112" lon="-99.30719">
        <ele>548.0</ele>
      </trkpt>
      <trkpt lat="30.51121" lon="-99.30782">
        <ele>548.8</ele>
      </trkpt>
      <trkpt lat="30.51121" lon="-99.30803">
        <ele>549.1</ele>
      </trkpt>
      <trkpt lat="30.51122" lon="-99.30834">
        <ele>549.6</ele>
      </trkpt>
      <trkpt lat="30.51122" lon="-99.30866">
        <ele>550.1</ele>
      </trkpt>
      <trkpt lat="30.51122" lon="-99.30895">
        <ele>550.4</ele>
      </trkpt>
      <trkpt lat="30.51122" lon="-99.30907">
        <ele>550.6</ele>
      </trkpt>
      <trkpt lat="30.51123" lon="-99.30917">
        <ele>550.6</ele>
      </trkpt>
      <trkpt lat="30.51124" lon="-99.30943">
        <ele>550.8</ele>
      </trkpt>
      <trkpt lat="30.51124" lon="-99.30951">
        <ele>550.8</ele>
      </trkpt>
      <trkpt lat="30.51124" lon="-99.30957">
        <ele>550.9</ele>
      </trkpt>
      <trkpt lat="30.51123" lon="-99.30962">
        <ele>550.9</ele>
      </trkpt>
      <trkpt lat="30.51122" lon="-99.30969">
        <ele>550.9</ele>
      </trkpt>
      <trkpt lat="30.51122" lon="-99.30969">
        <ele>550.9</ele>
      </trkpt>
      <trkpt lat="30.51131" lon="-99.30969">
        <ele>550.8</ele>
      </trkpt>
      <trkpt lat="30.51151" lon="-99.30966">
        <ele>550.7</ele>
      </trkpt>
      <trkpt lat="30.51151" lon="-99.30966">
        <ele>550.7</ele>
      </trkpt>
      <trkpt lat="30.51165" lon="-99.30965">
        <ele>550.6</ele>
      </trkpt>
      <trkpt lat="30.51184" lon="-99.30963">
        <ele>550.4</ele>
      </trkpt>
      <trkpt lat="30.51205" lon="-99.30961">
        <ele>550.3</ele>
      </trkpt>
      <trkpt lat="30.51222" lon="-99.3096">
        <ele>550.2</ele>
      </trkpt>
      <trkpt lat="30.51239" lon="-99.30959">
        <ele>550.1</ele>
      </trkpt>
      <trkpt lat="30.51248" lon="-99.30959">
        <ele>550.0</ele>
      </trkpt>
      <trkpt lat="30.51266" lon="-99.30959">
        <ele>549.9</ele>
      </trkpt>
      <trkpt lat="30.51285" lon="-99.30958">
        <ele>549.7</ele>
      </trkpt>
      <trkpt lat="30.51329" lon="-99.30958">
        <ele>549.3</ele>
      </trkpt>
      <trkpt lat="30.51391" lon="-99.30957">
        <ele>548.8</ele>
      </trkpt>
      <trkpt lat="30.51427" lon="-99.30957">
        <ele>548.5</ele>
      </trkpt>
      <trkpt lat="30.5145" lon="-99.30957">
        <ele>548.2</ele>
      </trkpt>
      <trkpt lat="30.51482" lon="-99.30957">
        <ele>547.8</ele>
      </trkpt>
      <trkpt lat="30.51533" lon="-99.30957">
        <ele>547.0</ele>
      </trkpt>
      <trkpt lat="30.51603" lon="-99.30957">
        <ele>545.8</ele>
      </trkpt>
      <trkpt lat="30.51632" lon="-99.30957">
        <ele>545.3</ele>
      </trkpt>
      <trkpt lat="30.51665" lon="-99.30957">
        <ele>544.8</ele>
      </trkpt>
      <trkpt lat="30.51725" lon="-99.30957">
        <ele>543.8</ele>
      </trkpt>
      <trkpt lat="30.5173" lon="-99.30957">
        <ele>543.8</ele>
      </trkpt>
      <trkpt lat="30.51762" lon="-99.30957">
        <ele>543.6</ele>
      </trkpt>
      <trkpt lat="30.51812" lon="-99.30957">
        <ele>543.6</ele>
      </trkpt>
      <trkpt lat="30.51861" lon="-99.30958">
        <ele>543.9</ele>
      </trkpt>
      <trkpt lat="30.51875" lon="-99.30958">
        <ele>544.0</ele>
      </trkpt>
      <trkpt lat="30.51936" lon="-99.30958">
        <ele>544.4</ele>
      </trkpt>
      <trkpt lat="30.51969" lon="-99.30958">
        <ele>544.6</ele>
      </trkpt>
      <trkpt lat="30.51995" lon="-99.30958">
        <ele>544.7</ele>
      </trkpt>
      <trkpt lat="30.52058" lon="-99.30957">
        <ele>545.0</ele>
      </trkpt>
      <trkpt lat="30.52116" lon="-99.30957">
        <ele>545.2</ele>
      </trkpt>
      <trkpt lat="30.52149" lon="-99.30957">
        <ele>545.2</ele>
      </trkpt>
      <trkpt lat="30.52179" lon="-99.30957">
        <ele>545.1</ele>
      </trkpt>
      <trkpt lat="30.52233" lon="-99.30957">
        <ele>545.0</ele>
      </trkpt>
      <trkpt lat="30.52239" lon="-99.30957">
        <ele>545.0</ele>
      </trkpt>
      <trkpt lat="30.52283" lon="-99.30956">
        <ele>544.9</ele>
      </trkpt>
      <trkpt lat="30.5235" lon="-99.30956">
        <ele>545.0</ele>
      </trkpt>
      <trkpt lat="30.52401" lon="-99.30957">
        <ele>545.2</ele>
      </trkpt>
      <trkpt lat="30.52415" lon="-99.30957">
        <ele>545.2</ele>
      </trkpt>
      <trkpt lat="30.5247" lon="-99.30956">
        <ele>545.5</ele>
      </trkpt>
      <trkpt lat="30.52529" lon="-99.30957">
        <ele>545.7</ele>
      </trkpt>
      <trkpt lat="30.52575" lon="-99.30957">
        <ele>546.0</ele>
      </trkpt>
      <trkpt lat="30.52598" lon="-99.30957">
        <ele>546.2</ele>
      </trkpt>
      <trkpt lat="30.52602" lon="-99.30957">
        <ele>546.2</ele>
      </trkpt>
      <trkpt lat="30.52639" lon="-99.30958">
        <ele>546.5</ele>
      </trkpt>
      <trkpt lat="30.52671" lon="-99.30958">
        <ele>547.0</ele>
      </trkpt>
      <trkpt lat="30.52691" lon="-99.30959">
        <ele>547.1</ele>
      </trkpt>
      <trkpt lat="30.52752" lon="-99.30959">
        <ele>547.1</ele>
      </trkpt>
      <trkpt lat="30.52761" lon="-99.30959">
        <ele>547.1</ele>
      </trkpt>
      <trkpt lat="30.52779" lon="-99.30959">
        <ele>547.0</ele>
      </trkpt>
      <trkpt lat="30.52802" lon="-99.30959">
        <ele>547.0</ele>
      </trkpt>
      <trkpt lat="30.52876" lon="-99.30959">
        <ele>547.0</ele>
      </trkpt>
      <trkpt lat="30.52934" lon="-99.30959">
        <ele>547.0</ele>
      </trkpt>
      <trkpt lat="30.5294" lon="-99.30959">
        <ele>547.0</ele>
      </trkpt>
      <trkpt lat="30.52958" lon="-99.30958">
        <ele>547.0</ele>
      </trkpt>
      <trkpt lat="30.52997" lon="-99.30958">
        <ele>546.9</ele>
      </trkpt>
      <trkpt lat="30.53016" lon="-99.30957">
        <ele>547.0</ele>
      </trkpt>
      <trkpt lat="30.53043" lon="-99.30958">
        <ele>546.9</ele>
      </trkpt>
      <trkpt lat="30.53056" lon="-99.3096">
        <ele>546.7</ele>
      </trkpt>
      <trkpt lat="30.53068" lon="-99.30964">
        <ele>546.5</ele>
      </trkpt>
      <trkpt lat="30.53083" lon="-99.3097">
        <ele>546.2</ele>
      </trkpt>
      <trkpt lat="30.53098" lon="-99.30977">
        <ele>545.9</ele>
      </trkpt>
      <trkpt lat="30.53108" lon="-99.30984">
        <ele>545.7</ele>
      </trkpt>
      <trkpt lat="30.53116" lon="-99.3099">
        <ele>545.5</ele>
      </trkpt>
      <trkpt lat="30.53124" lon="-99.30997">
        <ele>545.4</ele>
      </trkpt>
      <trkpt lat="30.53129" lon="-99.31002">
        <ele>545.3</ele>
      </trkpt>
      <trkpt lat="30.53137" lon="-99.3101">
        <ele>545.1</ele>
      </trkpt>
      <trkpt lat="30.53142" lon="-99.31016">
        <ele>545.0</ele>
      </trkpt>
      <trkpt lat="30.5316" lon="-99.31038">
        <ele>544.6</ele>
      </trkpt>
      <trkpt lat="30.53196" lon="-99.31083">
        <ele>544.0</ele>
      </trkpt>
      <trkpt lat="30.53204" lon="-99.31092">
        <ele>544.0</ele>
      </trkpt>
      <trkpt lat="30.53231" lon="-99.31122">
        <ele>544.0</ele>
      </trkpt>
      <trkpt lat="30.53257" lon="-99.31149">
        <ele>543.7</ele>
      </trkpt>
      <trkpt lat="30.5327" lon="-99.31163">
        <ele>543.5</ele>
      </trkpt>
      <trkpt lat="30.53284" lon="-99.31176">
        <ele>543.4</ele>
      </trkpt>
      <trkpt lat="30.5329" lon="-99.31182">
        <ele>543.3</ele>
      </trkpt>
      <trkpt lat="30.53298" lon="-99.31189">
        <ele>543.1</ele>
      </trkpt>
      <trkpt lat="30.533" lon="-99.3119">
        <ele>543.0</ele>
      </trkpt>
      <trkpt lat="30.53311" lon="-99.31198">
        <ele>542.7</ele>
      </trkpt>
      <trkpt lat="30.5332" lon="-99.31204">
        <ele>542.5</ele>
      </trkpt>
      <trkpt lat="30.53333" lon="-99.31212">
        <ele>541.8</ele>
      </trkpt>
      <trkpt lat="30.53367" lon="-99.31229">
        <ele>540.1</ele>
      </trkpt>
      <trkpt lat="30.53395" lon="-99.31243">
        <ele>538.9</ele>
      </trkpt>
      <trkpt lat="30.53424" lon="-99.31257">
        <ele>538.2</ele>
      </trkpt>
      <trkpt lat="30.53466" lon="-99.31277">
        <ele>537.1</ele>
      </trkpt>
      <trkpt lat="30.53497" lon="-99.31293">
        <ele>535.8</ele>
      </trkpt>
      <trkpt lat="30.53498" lon="-99.31294">
        <ele>535.8</ele>
      </trkpt>
      <trkpt lat="30.53511" lon="-99.31301">
        <ele>535.2</ele>
      </trkpt>
      <trkpt lat="30.53525" lon="-99.31311">
        <ele>534.5</ele>
      </trkpt>
      <trkpt lat="30.53529" lon="-99.31314">
        <ele>534.3</ele>
      </trkpt>
      <trkpt lat="30.53545" lon="-99.31326">
        <ele>533.6</ele>
      </trkpt>
      <trkpt lat="30.53567" lon="-99.31346">
        <ele>533.0</ele>
      </trkpt>
      <trkpt lat="30.53572" lon="-99.31351">
        <ele>533.0</ele>
      </trkpt>
      <trkpt lat="30.53577" lon="-99.31356">
        <ele>533.0</ele>
      </trkpt>
      <trkpt lat="30.53585" lon="-99.31365">
        <ele>533.1</ele>
      </trkpt>
      <trkpt lat="30.53586" lon="-99.31366">
        <ele>533.1</ele>
      </trkpt>
      <trkpt lat="30.53597" lon="-99.31382">
        <ele>533.7</ele>
      </trkpt>
      <trkpt lat="30.53614" lon="-99.3141">
        <ele>535.1</ele>
      </trkpt>
      <trkpt lat="30.53628" lon="-99.31432">
        <ele>536.2</ele>
      </trkpt>
      <trkpt lat="30.53628" lon="-99.31433">
        <ele>536.2</ele>
      </trkpt>
      <trkpt lat="30.53639" lon="-99.31449">
        <ele>537.0</ele>
      </trkpt>
      <trkpt lat="30.5365" lon="-99.31468">
        <ele>537.4</ele>
      </trkpt>
      <trkpt lat="30.53662" lon="-99.31483">
        <ele>537.5</ele>
      </trkpt>
      <trkpt lat="30.53673" lon="-99.31495">
        <ele>537.5</ele>
      </trkpt>
      <trkpt lat="30.53674" lon="-99.31496">
        <ele>537.5</ele>
      </trkpt>
      <trkpt lat="30.53687" lon="-99.3151">
        <ele>537.4</ele>
      </trkpt>
      <trkpt lat="30.53695" lon="-99.31518">
        <ele>537.3</ele>
      </trkpt>
      <trkpt lat="30.53701" lon="-99.31523">
        <ele>537.1</ele>
      </trkpt>
      <trkpt lat="30.53704" lon="-99.31526">
        <ele>537.0</ele>
      </trkpt>
      <trkpt lat="30.53714" lon="-99.31534">
        <ele>536.6</ele>
      </trkpt>
      <trkpt lat="30.53722" lon="-99.31538">
        <ele>536.1</ele>
      </trkpt>
      <trkpt lat="30.53731" lon="-99.31542">
        <ele>535.5</ele>
      </trkpt>
      <trkpt lat="30.53733" lon="-99.31543">
        <ele>535.4</ele>
      </trkpt>
      <trkpt lat="30.53742" lon="-99.31546">
        <ele>535.0</ele>
      </trkpt>
      <trkpt lat="30.53767" lon="-99.31552">
        <ele>532.9</ele>
      </trkpt>
      <trkpt lat="30.5378" lon="-99.31553">
        <ele>532.3</ele>
      </trkpt>
      <trkpt lat="30.53791" lon="-99.31554">
        <ele>531.9</ele>
      </trkpt>
      <trkpt lat="30.53801" lon="-99.31553">
        <ele>531.7</ele>
      </trkpt>
      <trkpt lat="30.53812" lon="-99.3155">
        <ele>531.5</ele>
      </trkpt>
      <trkpt lat="30.53821" lon="-99.31547">
        <ele>531.2</ele>
      </trkpt>
      <trkpt lat="30.53845" lon="-99.31536">
        <ele>530.1</ele>
      </trkpt>
      <trkpt lat="30.53865" lon="-99.31527">
        <ele>528.3</ele>
      </trkpt>
      <trkpt lat="30.53872" lon="-99.31525">
        <ele>527.7</ele>
      </trkpt>
      <trkpt lat="30.53874" lon="-99.31524">
        <ele>527.5</ele>
      </trkpt>
      <trkpt lat="30.53883" lon="-99.31522">
        <ele>526.8</ele>
      </trkpt>
      <trkpt lat="30.53889" lon="-99.31521">
        <ele>526.3</ele>
      </trkpt>
      <trkpt lat="30.53901" lon="-99.31519">
        <ele>525.7</ele>
      </trkpt>
      <trkpt lat="30.53921" lon="-99.31518">
        <ele>524.4</ele>
      </trkpt>
      <trkpt lat="30.53932" lon="-99.31517">
        <ele>523.4</ele>
      </trkpt>
      <trkpt lat="30.53945" lon="-99.31517">
        <ele>522.2</ele>
      </trkpt>
      <trkpt lat="30.53956" lon="-99.31517">
        <ele>521.0</ele>
      </trkpt>
      <trkpt lat="30.53969" lon="-99.3152">
        <ele>519.9</ele>
      </trkpt>
      <trkpt lat="30.53985" lon="-99.31523">
        <ele>518.7</ele>
      </trkpt>
      <trkpt lat="30.53996" lon="-99.31527">
        <ele>517.9</ele>
      </trkpt>
      <trkpt lat="30.54009" lon="-99.31531">
        <ele>516.9</ele>
      </trkpt>
      <trkpt lat="30.54013" lon="-99.31532">
        <ele>516.6</ele>
      </trkpt>
      <trkpt lat="30.54051" lon="-99.31545">
        <ele>513.7</ele>
      </trkpt>
      <trkpt lat="30.54081" lon="-99.31556">
        <ele>512.5</ele>
      </trkpt>
      <trkpt lat="30.54122" lon="-99.31571">
        <ele>510.0</ele>
      </trkpt>
      <trkpt lat="30.54147" lon="-99.3158">
        <ele>508.6</ele>
      </trkpt>
      <trkpt lat="30.54151" lon="-99.31582">
        <ele>508.4</ele>
      </trkpt>
      <trkpt lat="30.54169" lon="-99.31591">
        <ele>507.4</ele>
      </trkpt>
      <trkpt lat="30.54195" lon="-99.31602">
        <ele>505.9</ele>
      </trkpt>
      <trkpt lat="30.54235" lon="-99.31618">
        <ele>502.6</ele>
      </trkpt>
      <trkpt lat="30.54239" lon="-99.3162">
        <ele>502.4</ele>
      </trkpt>
      <trkpt lat="30.54252" lon="-99.31625">
        <ele>501.5</ele>
      </trkpt>
      <trkpt lat="30.54269" lon="-99.31633">
        <ele>500.4</ele>
      </trkpt>
      <trkpt lat="30.54287" lon="-99.31639">
        <ele>497.9</ele>
      </trkpt>
      <trkpt lat="30.54312" lon="-99.31647">
        <ele>493.9</ele>
      </trkpt>
      <trkpt lat="30.54321" lon="-99.3165">
        <ele>492.6</ele>
      </trkpt>
      <trkpt lat="30.54341" lon="-99.31656">
        <ele>491.8</ele>
      </trkpt>
      <trkpt lat="30.54356" lon="-99.31661">
        <ele>491.9</ele>
      </trkpt>
      <trkpt lat="30.54357" lon="-99.31661">
        <ele>491.9</ele>
      </trkpt>
      <trkpt lat="30.54384" lon="-99.31668">
        <ele>492.1</ele>
      </trkpt>
      <trkpt lat="30.54391" lon="-99.31669">
        <ele>492.3</ele>
      </trkpt>
      <trkpt lat="30.54408" lon="-99.31674">
        <ele>492.4</ele>
      </trkpt>
      <trkpt lat="30.54422" lon="-99.31676">
        <ele>492.4</ele>
      </trkpt>
      <trkpt lat="30.54433" lon="-99.3168">
        <ele>492.4</ele>
      </trkpt>
      <trkpt lat="30.5445" lon="-99.31685">
        <ele>492.5</ele>
      </trkpt>
      <trkpt lat="30.54459" lon="-99.31689">
        <ele>492.5</ele>
      </trkpt>
      <trkpt lat="30.54466" lon="-99.31693">
        <ele>492.6</ele>
      </trkpt>
      <trkpt lat="30.54477" lon="-99.317">
        <ele>492.7</ele>
      </trkpt>
      <trkpt lat="30.54485" lon="-99.31706">
        <ele>492.7</ele>
      </trkpt>
      <trkpt lat="30.54495" lon="-99.31714">
        <ele>492.6</ele>
      </trkpt>
      <trkpt lat="30.5451" lon="-99.31726">
        <ele>492.3</ele>
      </trkpt>
      <trkpt lat="30.54535" lon="-99.31747">
        <ele>492.0</ele>
      </trkpt>
      <trkpt lat="30.5455" lon="-99.31759">
        <ele>491.8</ele>
      </trkpt>
      <trkpt lat="30.54564" lon="-99.31771">
        <ele>491.4</ele>
      </trkpt>
      <trkpt lat="30.54583" lon="-99.31785">
        <ele>491.3</ele>
      </trkpt>
      <trkpt lat="30.54595" lon="-99.31794">
        <ele>491.2</ele>
      </trkpt>
      <trkpt lat="30.54614" lon="-99.31808">
        <ele>491.2</ele>
      </trkpt>
      <trkpt lat="30.54624" lon="-99.31816">
        <ele>491.2</ele>
      </trkpt>
      <trkpt lat="30.54625" lon="-99.31817">
        <ele>491.2</ele>
      </trkpt>
      <trkpt lat="30.54633" lon="-99.31824">
        <ele>491.1</ele>
      </trkpt>
      <trkpt lat="30.54638" lon="-99.3183">
        <ele>491.0</ele>
      </trkpt>
      <trkpt lat="30.54643" lon="-99.31837">
        <ele>490.8</ele>
      </trkpt>
      <trkpt lat="30.54646" lon="-99.31843">
        <ele>490.7</ele>
      </trkpt>
      <trkpt lat="30.54649" lon="-99.31851">
        <ele>490.4</ele>
      </trkpt>
      <trkpt lat="30.54652" lon="-99.31859">
        <ele>490.2</ele>
      </trkpt>
      <trkpt lat="30.54656" lon="-99.31872">
        <ele>489.9</ele>
      </trkpt>
      <trkpt lat="30.54657" lon="-99.31882">
        <ele>489.5</ele>
      </trkpt>
      <trkpt lat="30.54658" lon="-99.31893">
        <ele>489.1</ele>
      </trkpt>
      <trkpt lat="30.54659" lon="-99.31909">
        <ele>488.6</ele>
      </trkpt>
      <trkpt lat="30.54658" lon="-99.31949">
        <ele>487.5</ele>
      </trkpt>
      <trkpt lat="30.54656" lon="-99.31993">
        <ele>487.7</ele>
      </trkpt>
      <trkpt lat="30.54655" lon="-99.32014">
        <ele>488.3</ele>
      </trkpt>
      <trkpt lat="30.54654" lon="-99.32027">
        <ele>488.9</ele>
      </trkpt>
      <trkpt lat="30.54652" lon="-99.32076">
        <ele>489.0</ele>
      </trkpt>
      <trkpt lat="30.54652" lon="-99.32078">
        <ele>489.0</ele>
      </trkpt>
      <trkpt lat="30.54651" lon="-99.3209">
        <ele>489.0</ele>
      </trkpt>
      <trkpt lat="30.5465" lon="-99.32097">
        <ele>489.0</ele>
      </trkpt>
      <trkpt lat="30.5465" lon="-99.32099">
        <ele>489.0</ele>
      </trkpt>
      <trkpt lat="30.54648" lon="-99.32107">
        <ele>489.0</ele>
      </trkpt>
      <trkpt lat="30.54645" lon="-99.32113">
        <ele>488.9</ele>
      </trkpt>
      <trkpt lat="30.54643" lon="-99.32116">
        <ele>488.8</ele>
      </trkpt>
      <trkpt lat="30.54642" lon="-99.32119">
        <ele>488.7</ele>
      </trkpt>
      <trkpt lat="30.54635" lon="-99.3213">
        <ele>488.5</ele>
      </trkpt>
      <trkpt lat="30.54629" lon="-99.32141">
        <ele>488.3</ele>
      </trkpt>
      <trkpt lat="30.54624" lon="-99.3215">
        <ele>488.2</ele>
      </trkpt>
      <trkpt lat="30.54624" lon="-99.32151">
        <ele>488.2</ele>
      </trkpt>
      <trkpt lat="30.54622" lon="-99.32157">
        <ele>488.2</ele>
      </trkpt>
      <trkpt lat="30.5462" lon="-99.32164">
        <ele>488.0</ele>
      </trkpt>
      <trkpt lat="30.54619" lon="-99.32173">
        <ele>487.7</ele>
      </trkpt>
      <trkpt lat="30.54619" lon="-99.32178">
        <ele>487.5</ele>
      </trkpt>
      <trkpt lat="30.5462" lon="-99.32198">
        <ele>486.8</ele>
      </trkpt>
      <trkpt lat="30.54622" lon="-99.32206">
        <ele>486.5</ele>
      </trkpt>
      <trkpt lat="30.54625" lon="-99.32222">
        <ele>485.7</ele>
      </trkpt>
      <trkpt lat="30.54627" lon="-99.32233">
        <ele>485.1</ele>
      </trkpt>
      <trkpt lat="30.54633" lon="-99.32253">
        <ele>483.9</ele>
      </trkpt>
      <trkpt lat="30.54636" lon="-99.32268">
        <ele>483.3</ele>
      </trkpt>
      <trkpt lat="30.54643" lon="-99.32294">
        <ele>482.2</ele>
      </trkpt>
      <trkpt lat="30.54647" lon="-99.32307">
        <ele>481.4</ele>
      </trkpt>
      <trkpt lat="30.54649" lon="-99.32312">
        <ele>480.6</ele>
      </trkpt>
      <trkpt lat="30.54652" lon="-99.32317">
        <ele>479.7</ele>
      </trkpt>
      <trkpt lat="30.54655" lon="-99.32321">
        <ele>478.9</ele>
      </trkpt>
      <trkpt lat="30.54659" lon="-99.32325">
        <ele>478.1</ele>
      </trkpt>
      <trkpt lat="30.54661" lon="-99.32327">
        <ele>477.8</ele>
      </trkpt>
      <trkpt lat="30.54664" lon="-99.3233">
        <ele>477.4</ele>
      </trkpt>
      <trkpt lat="30.54668" lon="-99.32332">
        <ele>477.1</ele>
      </trkpt>
      <trkpt lat="30.54676" lon="-99.32336">
        <ele>476.8</ele>
      </trkpt>
      <trkpt lat="30.54677" lon="-99.32336">
        <ele>476.8</ele>
      </trkpt>
      <trkpt lat="30.54685" lon="-99.32338">
        <ele>476.8</ele>
      </trkpt>
      <trkpt lat="30.54703" lon="-99.32343">
        <ele>476.9</ele>
      </trkpt>
      <trkpt lat="30.54712" lon="-99.32345">
        <ele>476.9</ele>
      </trkpt>
      <trkpt lat="30.54726" lon="-99.32349">
        <ele>477.0</ele>
      </trkpt>
      <trkpt lat="30.54747" lon="-99.32355">
        <ele>477.2</ele>
      </trkpt>
      <trkpt lat="30.54751" lon="-99.32356">
        <ele>477.2</ele>
      </trkpt>
      <trkpt lat="30.54765" lon="-99.3236">
        <ele>477.2</ele>
      </trkpt>
      <trkpt lat="30.5478" lon="-99.32363">
        <ele>477.2</ele>
      </trkpt>
      <trkpt lat="30.54783" lon="-99.32364">
        <ele>477.2</ele>
      </trkpt>
      <trkpt lat="30.54794" lon="-99.32365">
        <ele>477.3</ele>
      </trkpt>
      <trkpt lat="30.548" lon="-99.32367">
        <ele>477.3</ele>
      </trkpt>
      <trkpt lat="30.54802" lon="-99.32367">
        <ele>477.3</ele>
      </trkpt>
      <trkpt lat="30.54809" lon="-99.32369">
        <ele>477.4</ele>
      </trkpt>
      <trkpt lat="30.54821" lon="-99.32374">
        <ele>477.4</ele>
      </trkpt>
      <trkpt lat="30.54828" lon="-99.32378">
        <ele>477.4</ele>
      </trkpt>
      <trkpt lat="30.54836" lon="-99.32382">
        <ele>477.4</ele>
      </trkpt>
      <trkpt lat="30.54843" lon="-99.32386">
        <ele>477.4</ele>
      </trkpt>
      <trkpt lat="30.54847" lon="-99.32389">
        <ele>477.3</ele>
      </trkpt>
      <trkpt lat="30.5485" lon="-99.32392">
        <ele>477.3</ele>
      </trkpt>
      <trkpt lat="30.54856" lon="-99.32397">
        <ele>477.3</ele>
      </trkpt>
      <trkpt lat="30.54862" lon="-99.32405">
        <ele>477.2</ele>
      </trkpt>
      <trkpt lat="30.54874" lon="-99.32422">
        <ele>477.0</ele>
      </trkpt>
      <trkpt lat="30.54875" lon="-99.32422">
        <ele>477.0</ele>
      </trkpt>
      <trkpt lat="30.54887" lon="-99.32441">
        <ele>476.8</ele>
      </trkpt>
      <trkpt lat="30.54896" lon="-99.32455">
        <ele>476.7</ele>
      </trkpt>
      <trkpt lat="30.5491" lon="-99.32476">
        <ele>476.6</ele>
      </trkpt>
      <trkpt lat="30.54917" lon="-99.32486">
        <ele>476.5</ele>
      </trkpt>
      <trkpt lat="30.54924" lon="-99.32496">
        <ele>476.5</ele>
      </trkpt>
      <trkpt lat="30.54931" lon="-99.32502">
        <ele>476.4</ele>
      </trkpt>
      <trkpt lat="30.54938" lon="-99.32506">
        <ele>476.4</ele>
      </trkpt>
      <trkpt lat="30.54942" lon="-99.32508">
        <ele>476.4</ele>
      </trkpt>
      <trkpt lat="30.54947" lon="-99.32509">
        <ele>476.4</ele>
      </trkpt>
      <trkpt lat="30.54948" lon="-99.32509">
        <ele>476.4</ele>
      </trkpt>
      <trkpt lat="30.54954" lon="-99.32511">
        <ele>476.3</ele>
      </trkpt>
      <trkpt lat="30.54963" lon="-99.32511">
        <ele>476.3</ele>
      </trkpt>
      <trkpt lat="30.54966" lon="-99.32511">
        <ele>476.3</ele>
      </trkpt>
      <trkpt lat="30.5497" lon="-99.32511">
        <ele>476.3</ele>
      </trkpt>
      <trkpt lat="30.5498" lon="-99.32511">
        <ele>476.3</ele>
      </trkpt>
      <trkpt lat="30.54984" lon="-99.32511">
        <ele>476.3</ele>
      </trkpt>
      <trkpt lat="30.54989" lon="-99.3251">
        <ele>476.3</ele>
      </trkpt>
      <trkpt lat="30.54998" lon="-99.32509">
        <ele>476.3</ele>
      </trkpt>
      <trkpt lat="30.55012" lon="-99.32506">
        <ele>476.3</ele>
      </trkpt>
      <trkpt lat="30.55022" lon="-99.32503">
        <ele>476.3</ele>
      </trkpt>
      <trkpt lat="30.55032" lon="-99.325">
        <ele>476.3</ele>
      </trkpt>
      <trkpt lat="30.55037" lon="-99.32499">
        <ele>476.3</ele>
      </trkpt>
      <trkpt lat="30.55047" lon="-99.32498">
        <ele>476.3</ele>
      </trkpt>
      <trkpt lat="30.55054" lon="-99.32498">
        <ele>476.3</ele>
      </trkpt>
      <trkpt lat="30.55055" lon="-99.32498">
        <ele>476.3</ele>
      </trkpt>
      <trkpt lat="30.55061" lon="-99.325">
        <ele>476.2</ele>
      </trkpt>
      <trkpt lat="30.55072" lon="-99.32502">
        <ele>476.1</ele>
      </trkpt>
      <trkpt lat="30.55077" lon="-99.32503">
        <ele>476.1</ele>
      </trkpt>
      <trkpt lat="30.5509" lon="-99.32506">
        <ele>476.0</ele>
      </trkpt>
      <trkpt lat="30.55091" lon="-99.32506">
        <ele>476.0</ele>
      </trkpt>
      <trkpt lat="30.55108" lon="-99.3251">
        <ele>475.7</ele>
      </trkpt>
      <trkpt lat="30.55111" lon="-99.3251">
        <ele>475.6</ele>
      </trkpt>
      <trkpt lat="30.5513" lon="-99.32516">
        <ele>476.0</ele>
      </trkpt>
      <trkpt lat="30.55137" lon="-99.32517">
        <ele>476.3</ele>
      </trkpt>
      <trkpt lat="30.55143" lon="-99.32518">
        <ele>476.5</ele>
      </trkpt>
      <trkpt lat="30.55144" lon="-99.32518">
        <ele>476.5</ele>
      </trkpt>
      <trkpt lat="30.55153" lon="-99.32518">
        <ele>476.3</ele>
      </trkpt>
      <trkpt lat="30.55161" lon="-99.32517">
        <ele>475.8</ele>
      </trkpt>
      <trkpt lat="30.55165" lon="-99.32517">
        <ele>475.6</ele>
      </trkpt>
      <trkpt lat="30.55175" lon="-99.32516">
        <ele>475.3</ele>
      </trkpt>
      <trkpt lat="30.55179" lon="-99.32515">
        <ele>475.2</ele>
      </trkpt>
      <trkpt lat="30.55193" lon="-99.32514">
        <ele>474.9</ele>
      </trkpt>
      <trkpt lat="30.55197" lon="-99.32513">
        <ele>474.8</ele>
      </trkpt>
      <trkpt lat="30.55204" lon="-99.32513">
        <ele>474.8</ele>
      </trkpt>
      <trkpt lat="30.55215" lon="-99.32511">
        <ele>474.8</ele>
      </trkpt>
      <trkpt lat="30.55228" lon="-99.32509">
        <ele>474.8</ele>
      </trkpt>
      <trkpt lat="30.55232" lon="-99.32509">
        <ele>474.8</ele>
      </trkpt>
      <trkpt lat="30.55236" lon="-99.32509">
        <ele>475.0</ele>
      </trkpt>
      <trkpt lat="30.55241" lon="-99.32509">
        <ele>475.1</ele>
      </trkpt>
      <trkpt lat="30.55245" lon="-99.32509">
        <ele>475.4</ele>
      </trkpt>
      <trkpt lat="30.55252" lon="-99.3251">
        <ele>475.8</ele>
      </trkpt>
      <trkpt lat="30.55258" lon="-99.32512">
        <ele>476.3</ele>
      </trkpt>
      <trkpt lat="30.55271" lon="-99.32519">
        <ele>477.2</ele>
      </trkpt>
      <trkpt lat="30.55283" lon="-99.32526">
        <ele>477.9</ele>
      </trkpt>
      <trkpt lat="30.55285" lon="-99.32527">
        <ele>478.0</ele>
      </trkpt>
      <trkpt lat="30.55302" lon="-99.32535">
        <ele>478.6</ele>
      </trkpt>
      <trkpt lat="30.55316" lon="-99.32543">
        <ele>478.8</ele>
      </trkpt>
      <trkpt lat="30.55327" lon="-99.32548">
        <ele>478.6</ele>
      </trkpt>
      <trkpt lat="30.55344" lon="-99.32556">
        <ele>477.9</ele>
      </trkpt>
      <trkpt lat="30.5535" lon="-99.32559">
        <ele>477.7</ele>
      </trkpt>
      <trkpt lat="30.55367" lon="-99.32566">
        <ele>477.4</ele>
      </trkpt>
      <trkpt lat="30.55376" lon="-99.32571">
        <ele>477.3</ele>
      </trkpt>
      <trkpt lat="30.55389" lon="-99.32578">
        <ele>477.2</ele>
      </trkpt>
      <trkpt lat="30.55399" lon="-99.32585">
        <ele>477.4</ele>
      </trkpt>
      <trkpt lat="30.55414" lon="-99.32595">
        <ele>477.7</ele>
      </trkpt>
      <trkpt lat="30.55446" lon="-99.32617">
        <ele>477.2</ele>
      </trkpt>
      <trkpt lat="30.55467" lon="-99.32632">
        <ele>476.1</ele>
      </trkpt>
      <trkpt lat="30.5548" lon="-99.32641">
        <ele>475.7</ele>
      </trkpt>
      <trkpt lat="30.555" lon="-99.32652">
        <ele>475.4</ele>
      </trkpt>
      <trkpt lat="30.5551" lon="-99.32657">
        <ele>475.3</ele>
      </trkpt>
      <trkpt lat="30.55524" lon="-99.32662">
        <ele>475.3</ele>
      </trkpt>
      <trkpt lat="30.55533" lon="-99.32664">
        <ele>475.2</ele>
      </trkpt>
      <trkpt lat="30.55542" lon="-99.32667">
        <ele>475.2</ele>
      </trkpt>
      <trkpt lat="30.55543" lon="-99.32667">
        <ele>475.2</ele>
      </trkpt>
      <trkpt lat="30.55561" lon="-99.32669">
        <ele>475.1</ele>
      </trkpt>
      <trkpt lat="30.55571" lon="-99.3267">
        <ele>475.0</ele>
      </trkpt>
      <trkpt lat="30.55579" lon="-99.32671">
        <ele>475.0</ele>
      </trkpt>
      <trkpt lat="30.55582" lon="-99.32671">
        <ele>474.9</ele>
      </trkpt>
      <trkpt lat="30.55592" lon="-99.32673">
        <ele>474.9</ele>
      </trkpt>
      <trkpt lat="30.55596" lon="-99.32674">
        <ele>474.8</ele>
      </trkpt>
      <trkpt lat="30.55599" lon="-99.32675">
        <ele>474.8</ele>
      </trkpt>
      <trkpt lat="30.55606" lon="-99.32678">
        <ele>474.8</ele>
      </trkpt>
      <trkpt lat="30.55611" lon="-99.32681">
        <ele>474.7</ele>
      </trkpt>
      <trkpt lat="30.55619" lon="-99.32686">
        <ele>474.8</ele>
      </trkpt>
      <trkpt lat="30.55626" lon="-99.32691">
        <ele>474.9</ele>
      </trkpt>
      <trkpt lat="30.55632" lon="-99.32697">
        <ele>475.2</ele>
      </trkpt>
      <trkpt lat="30.5564" lon="-99.32707">
        <ele>475.8</ele>
      </trkpt>
      <trkpt lat="30.55641" lon="-99.32708">
        <ele>475.9</ele>
      </trkpt>
      <trkpt lat="30.55652" lon="-99.32723">
        <ele>476.8</ele>
      </trkpt>
      <trkpt lat="30.55657" lon="-99.32729">
        <ele>477.2</ele>
      </trkpt>
      <trkpt lat="30.55665" lon="-99.32738">
        <ele>477.6</ele>
      </trkpt>
      <trkpt lat="30.55673" lon="-99.32749">
        <ele>478.6</ele>
      </trkpt>
      <trkpt lat="30.55677" lon="-99.32753">
        <ele>479.1</ele>
      </trkpt>
      <trkpt lat="30.55683" lon="-99.32761">
        <ele>480.2</ele>
      </trkpt>
      <trkpt lat="30.557" lon="-99.32781">
        <ele>482.2</ele>
      </trkpt>
      <trkpt lat="30.55702" lon="-99.32784">
        <ele>482.4</ele>
      </trkpt>
      <trkpt lat="30.55716" lon="-99.328">
        <ele>484.4</ele>
      </trkpt>
      <trkpt lat="30.55727" lon="-99.32811">
        <ele>486.3</ele>
      </trkpt>
      <trkpt lat="30.55735" lon="-99.32818">
        <ele>487.5</ele>
      </trkpt>
      <trkpt lat="30.55747" lon="-99.32827">
        <ele>489.6</ele>
      </trkpt>
      <trkpt lat="30.55755" lon="-99.32832">
        <ele>490.9</ele>
      </trkpt>
      <trkpt lat="30.55758" lon="-99.32834">
        <ele>491.5</ele>
      </trkpt>
      <trkpt lat="30.55763" lon="-99.32837">
        <ele>492.3</ele>
      </trkpt>
      <trkpt lat="30.55773" lon="-99.32843">
        <ele>493.8</ele>
      </trkpt>
      <trkpt lat="30.55774" lon="-99.32843">
        <ele>493.9</ele>
      </trkpt>
      <trkpt lat="30.55782" lon="-99.32847">
        <ele>494.8</ele>
      </trkpt>
      <trkpt lat="30.5579" lon="-99.32848">
        <ele>495.7</ele>
      </trkpt>
      <trkpt lat="30.55792" lon="-99.32849">
        <ele>495.9</ele>
      </trkpt>
      <trkpt lat="30.55797" lon="-99.32849">
        <ele>496.3</ele>
      </trkpt>
      <trkpt lat="30.55803" lon="-99.32849">
        <ele>496.7</ele>
      </trkpt>
      <trkpt lat="30.5581" lon="-99.32849">
        <ele>497.1</ele>
      </trkpt>
      <trkpt lat="30.55816" lon="-99.32848">
        <ele>497.3</ele>
      </trkpt>
      <trkpt lat="30.55828" lon="-99.32846">
        <ele>497.5</ele>
      </trkpt>
      <trkpt lat="30.55836" lon="-99.32845">
        <ele>497.5</ele>
      </trkpt>
      <trkpt lat="30.55842" lon="-99.32843">
        <ele>497.5</ele>
      </trkpt>
      <trkpt lat="30.55845" lon="-99.32841">
        <ele>497.5</ele>
      </trkpt>
      <trkpt lat="30.55859" lon="-99.32834">
        <ele>497.6</ele>
      </trkpt>
      <trkpt lat="30.55872" lon="-99.32828">
        <ele>497.4</ele>
      </trkpt>
      <trkpt lat="30.55877" lon="-99.32825">
        <ele>497.3</ele>
      </trkpt>
      <trkpt lat="30.55884" lon="-99.32822">
        <ele>497.2</ele>
      </trkpt>
      <trkpt lat="30.55888" lon="-99.32821">
        <ele>497.1</ele>
      </trkpt>
      <trkpt lat="30.55895" lon="-99.3282">
        <ele>496.9</ele>
      </trkpt>
      <trkpt lat="30.55905" lon="-99.32819">
        <ele>496.4</ele>
      </trkpt>
      <trkpt lat="30.55913" lon="-99.3282">
        <ele>496.0</ele>
      </trkpt>
      <trkpt lat="30.55914" lon="-99.3282">
        <ele>495.9</ele>
      </trkpt>
      <trkpt lat="30.55922" lon="-99.32822">
        <ele>495.5</ele>
      </trkpt>
      <trkpt lat="30.55931" lon="-99.32825">
        <ele>495.2</ele>
      </trkpt>
      <trkpt lat="30.55942" lon="-99.3283">
        <ele>494.9</ele>
      </trkpt>
      <trkpt lat="30.55947" lon="-99.32833">
        <ele>494.9</ele>
      </trkpt>
      <trkpt lat="30.55955" lon="-99.32838">
        <ele>494.8</ele>
      </trkpt>
      <trkpt lat="30.55962" lon="-99.32842">
        <ele>494.6</ele>
      </trkpt>
      <trkpt lat="30.5597" lon="-99.32847">
        <ele>494.3</ele>
      </trkpt>
      <trkpt lat="30.55977" lon="-99.32853">
        <ele>493.8</ele>
      </trkpt>
      <trkpt lat="30.55978" lon="-99.32855">
        <ele>493.7</ele>
      </trkpt>
      <trkpt lat="30.55984" lon="-99.32862">
        <ele>492.9</ele>
      </trkpt>
      <trkpt lat="30.55992" lon="-99.32871">
        <ele>491.7</ele>
      </trkpt>
      <trkpt lat="30.56003" lon="-99.32885">
        <ele>489.6</ele>
      </trkpt>
      <trkpt lat="30.56016" lon="-99.329">
        <ele>487.6</ele>
      </trkpt>
      <trkpt lat="30.56034" lon="-99.32923">
        <ele>485.0</ele>
      </trkpt>
      <trkpt lat="30.56054" lon="-99.32946">
        <ele>481.6</ele>
      </trkpt>
      <trkpt lat="30.56065" lon="-99.3296">
        <ele>480.0</ele>
      </trkpt>
      <trkpt lat="30.56072" lon="-99.32967">
        <ele>479.0</ele>
      </trkpt>
      <trkpt lat="30.56086" lon="-99.32984">
        <ele>476.8</ele>
      </trkpt>
      <trkpt lat="30.56091" lon="-99.32989">
        <ele>476.1</ele>
      </trkpt>
      <trkpt lat="30.56101" lon="-99.33">
        <ele>475.0</ele>
      </trkpt>
      <trkpt lat="30.56105" lon="-99.33003">
        <ele>474.8</ele>
      </trkpt>
      <trkpt lat="30.56107" lon="-99.33005">
        <ele>474.6</ele>
      </trkpt>
      <trkpt lat="30.56116" lon="-99.33012">
        <ele>474.0</ele>
      </trkpt>
      <trkpt lat="30.56127" lon="-99.33019">
        <ele>473.3</ele>
      </trkpt>
      <trkpt lat="30.56142" lon="-99.33028">
        <ele>472.5</ele>
      </trkpt>
      <trkpt lat="30.56162" lon="-99.33039">
        <ele>471.0</ele>
      </trkpt>
      <trkpt lat="30.56168" lon="-99.33042">
        <ele>470.4</ele>
      </trkpt>
      <trkpt lat="30.56176" lon="-99.33047">
        <ele>469.5</ele>
      </trkpt>
      <trkpt lat="30.56184" lon="-99.3305">
        <ele>469.0</ele>
      </trkpt>
      <trkpt lat="30.56185" lon="-99.33051">
        <ele>468.9</ele>
      </trkpt>
      <trkpt lat="30.56189" lon="-99.33053">
        <ele>468.7</ele>
      </trkpt>
      <trkpt lat="30.56201" lon="-99.33058">
        <ele>468.2</ele>
      </trkpt>
      <trkpt lat="30.56217" lon="-99.33062">
        <ele>467.5</ele>
      </trkpt>
      <trkpt lat="30.56219" lon="-99.33063">
        <ele>467.4</ele>
      </trkpt>
      <trkpt lat="30.56229" lon="-99.33065">
        <ele>466.9</ele>
      </trkpt>
      <trkpt lat="30.56239" lon="-99.33067">
        <ele>466.2</ele>
      </trkpt>
      <trkpt lat="30.56254" lon="-99.33069">
        <ele>465.1</ele>
      </trkpt>
      <trkpt lat="30.56259" lon="-99.33069">
        <ele>464.8</ele>
      </trkpt>
      <trkpt lat="30.56276" lon="-99.33072">
        <ele>463.5</ele>
      </trkpt>
      <trkpt lat="30.56286" lon="-99.33073">
        <ele>463.2</ele>
      </trkpt>
      <trkpt lat="30.56315" lon="-99.33077">
        <ele>462.7</ele>
      </trkpt>
      <trkpt lat="30.56322" lon="-99.33078">
        <ele>462.3</ele>
      </trkpt>
      <trkpt lat="30.56333" lon="-99.33079">
        <ele>461.6</ele>
      </trkpt>
      <trkpt lat="30.56351" lon="-99.33081">
        <ele>460.3</ele>
      </trkpt>
      <trkpt lat="30.56368" lon="-99.33083">
        <ele>459.2</ele>
      </trkpt>
      <trkpt lat="30.56384" lon="-99.33083">
        <ele>458.6</ele>
      </trkpt>
      <trkpt lat="30.56394" lon="-99.33083">
        <ele>458.4</ele>
      </trkpt>
      <trkpt lat="30.5641" lon="-99.33083">
        <ele>458.2</ele>
      </trkpt>
      <trkpt lat="30.56418" lon="-99.33083">
        <ele>458.0</ele>
      </trkpt>
      <trkpt lat="30.56422" lon="-99.33083">
        <ele>457.9</ele>
      </trkpt>
      <trkpt lat="30.56425" lon="-99.33082">
        <ele>457.9</ele>
      </trkpt>
      <trkpt lat="30.56429" lon="-99.33081">
        <ele>457.8</ele>
      </trkpt>
      <trkpt lat="30.56437" lon="-99.33078">
        <ele>457.6</ele>
      </trkpt>
      <trkpt lat="30.56446" lon="-99.33073">
        <ele>457.3</ele>
      </trkpt>
      <trkpt lat="30.56457" lon="-99.33066">
        <ele>456.9</ele>
      </trkpt>
      <trkpt lat="30.56466" lon="-99.3306">
        <ele>456.6</ele>
      </trkpt>
      <trkpt lat="30.56471" lon="-99.33056">
        <ele>456.4</ele>
      </trkpt>
      <trkpt lat="30.56476" lon="-99.3305">
        <ele>455.7</ele>
      </trkpt>
      <trkpt lat="30.56479" lon="-99.33047">
        <ele>455.3</ele>
      </trkpt>
      <trkpt lat="30.56489" lon="-99.33035">
        <ele>454.2</ele>
      </trkpt>
      <trkpt lat="30.56494" lon="-99.3303">
        <ele>454.0</ele>
      </trkpt>
      <trkpt lat="30.56502" lon="-99.33021">
        <ele>454.0</ele>
      </trkpt>
      <trkpt lat="30.56507" lon="-99.33018">
        <ele>454.0</ele>
      </trkpt>
      <trkpt lat="30.5651" lon="-99.33016">
        <ele>454.0</ele>
      </trkpt>
      <trkpt lat="30.56513" lon="-99.33015">
        <ele>454.0</ele>
      </trkpt>
      <trkpt lat="30.56518" lon="-99.33013">
        <ele>454.0</ele>
      </trkpt>
      <trkpt lat="30.56536" lon="-99.33008">
        <ele>454.0</ele>
      </trkpt>
      <trkpt lat="30.56537" lon="-99.33008">
        <ele>454.0</ele>
      </trkpt>
      <trkpt lat="30.56541" lon="-99.33008">
        <ele>454.0</ele>
      </trkpt>
      <trkpt lat="30.56543" lon="-99.33008">
        <ele>454.0</ele>
      </trkpt>
      <trkpt lat="30.56545" lon="-99.33008">
        <ele>454.0</ele>
      </trkpt>
      <trkpt lat="30.56549" lon="-99.3301">
        <ele>454.0</ele>
      </trkpt>
      <trkpt lat="30.56551" lon="-99.33012">
        <ele>454.0</ele>
      </trkpt>
      <trkpt lat="30.56555" lon="-99.33016">
        <ele>454.0</ele>
      </trkpt>
      <trkpt lat="30.56557" lon="-99.33019">
        <ele>454.0</ele>
      </trkpt>
      <trkpt lat="30.56563" lon="-99.33029">
        <ele>455.1</ele>
      </trkpt>
      <trkpt lat="30.56568" lon="-99.33035">
        <ele>456.1</ele>
      </trkpt>
      <trkpt lat="30.56573" lon="-99.33041">
        <ele>456.6</ele>
      </trkpt>
      <trkpt lat="30.56579" lon="-99.33045">
        <ele>457.3</ele>
      </trkpt>
      <trkpt lat="30.56588" lon="-99.3305">
        <ele>458.7</ele>
      </trkpt>
      <trkpt lat="30.56593" lon="-99.33053">
        <ele>459.6</ele>
      </trkpt>
      <trkpt lat="30.56599" lon="-99.33054">
        <ele>460.8</ele>
      </trkpt>
      <trkpt lat="30.56605" lon="-99.33055">
        <ele>461.8</ele>
      </trkpt>
      <trkpt lat="30.56611" lon="-99.33055">
        <ele>462.6</ele>
      </trkpt>
      <trkpt lat="30.56616" lon="-99.33054">
        <ele>463.0</ele>
      </trkpt>
      <trkpt lat="30.56632" lon="-99.33051">
        <ele>463.7</ele>
      </trkpt>
      <trkpt lat="30.56642" lon="-99.33049">
        <ele>464.0</ele>
      </trkpt>
      <trkpt lat="30.56646" lon="-99.33049">
        <ele>464.1</ele>
      </trkpt>
      <trkpt lat="30.56649" lon="-99.33048">
        <ele>464.1</ele>
      </trkpt>
      <trkpt lat="30.56658" lon="-99.33047">
        <ele>464.4</ele>
      </trkpt>
      <trkpt lat="30.56675" lon="-99.33048">
        <ele>464.9</ele>
      </trkpt>
      <trkpt lat="30.56682" lon="-99.33048">
        <ele>465.1</ele>
      </trkpt>
      <trkpt lat="30.56699" lon="-99.33049">
        <ele>465.7</ele>
      </trkpt>
      <trkpt lat="30.567" lon="-99.33049">
        <ele>465.7</ele>
      </trkpt>
      <trkpt lat="30.56718" lon="-99.3305">
        <ele>466.4</ele>
      </trkpt>
      <trkpt lat="30.56731" lon="-99.3305">
        <ele>466.9</ele>
      </trkpt>
      <trkpt lat="30.56755" lon="-99.33052">
        <ele>467.8</ele>
      </trkpt>
      <trkpt lat="30.56769" lon="-99.33052">
        <ele>468.4</ele>
      </trkpt>
      <trkpt lat="30.56775" lon="-99.33052">
        <ele>468.6</ele>
      </trkpt>
      <trkpt lat="30.5678" lon="-99.33051">
        <ele>468.7</ele>
      </trkpt>
      <trkpt lat="30.56787" lon="-99.33045">
        <ele>468.9</ele>
      </trkpt>
      <trkpt lat="30.56795" lon="-99.33038">
        <ele>469.1</ele>
      </trkpt>
      <trkpt lat="30.56833" lon="-99.32999">
        <ele>470.7</ele>
      </trkpt>
      <trkpt lat="30.56872" lon="-99.32958">
        <ele>470.1</ele>
      </trkpt>
      <trkpt lat="30.56875" lon="-99.32955">
        <ele>469.9</ele>
      </trkpt>
      <trkpt lat="30.56898" lon="-99.32931">
        <ele>469.0</ele>
      </trkpt>
      <trkpt lat="30.56916" lon="-99.32913">
        <ele>468.7</ele>
      </trkpt>
      <trkpt lat="30.56933" lon="-99.32895">
        <ele>468.4</ele>
      </trkpt>
      <trkpt lat="30.56945" lon="-99.32881">
        <ele>468.2</ele>
      </trkpt>
      <trkpt lat="30.56951" lon="-99.32873">
        <ele>468.1</ele>
      </trkpt>
      <trkpt lat="30.56953" lon="-99.32869">
        <ele>468.1</ele>
      </trkpt>
      <trkpt lat="30.56955" lon="-99.32866">
        <ele>468.0</ele>
      </trkpt>
      <trkpt lat="30.56957" lon="-99.32861">
        <ele>468.0</ele>
      </trkpt>
      <trkpt lat="30.56971" lon="-99.32833">
        <ele>467.5</ele>
      </trkpt>
      <trkpt lat="30.56974" lon="-99.32826">
        <ele>467.4</ele>
      </trkpt>
      <trkpt lat="30.56988" lon="-99.32797">
        <ele>466.6</ele>
      </trkpt>
      <trkpt lat="30.57004" lon="-99.32764">
        <ele>465.3</ele>
      </trkpt>
      <trkpt lat="30.57014" lon="-99.32742">
        <ele>464.6</ele>
      </trkpt>
      <trkpt lat="30.57028" lon="-99.32712">
        <ele>463.7</ele>
      </trkpt>
      <trkpt lat="30.57033" lon="-99.327">
        <ele>463.3</ele>
      </trkpt>
      <trkpt lat="30.57036" lon="-99.32689">
        <ele>463.1</ele>
      </trkpt>
      <trkpt lat="30.57037" lon="-99.32685">
        <ele>463.0</ele>
      </trkpt>
      <trkpt lat="30.57037" lon="-99.32682">
        <ele>462.9</ele>
      </trkpt>
      <trkpt lat="30.57038" lon="-99.3267">
        <ele>462.7</ele>
      </trkpt>
      <trkpt lat="30.57042" lon="-99.32614">
        <ele>461.9</ele>
      </trkpt>
      <trkpt lat="30.57044" lon="-99.32563">
        <ele>460.7</ele>
      </trkpt>
      <trkpt lat="30.57046" lon="-99.3252">
        <ele>459.3</ele>
      </trkpt>
      <trkpt lat="30.57046" lon="-99.32513">
        <ele>459.0</ele>
      </trkpt>
      <trkpt lat="30.57047" lon="-99.32505">
        <ele>458.8</ele>
      </trkpt>
      <trkpt lat="30.57049" lon="-99.32499">
        <ele>458.6</ele>
      </trkpt>
      <trkpt lat="30.57049" lon="-99.32498">
        <ele>458.5</ele>
      </trkpt>
      <trkpt lat="30.57051" lon="-99.32493">
        <ele>458.4</ele>
      </trkpt>
      <trkpt lat="30.57053" lon="-99.32486">
        <ele>458.1</ele>
      </trkpt>
      <trkpt lat="30.57056" lon="-99.3248">
        <ele>458.0</ele>
      </trkpt>
      <trkpt lat="30.5706" lon="-99.32472">
        <ele>457.7</ele>
      </trkpt>
      <trkpt lat="30.57066" lon="-99.32461">
        <ele>457.2</ele>
      </trkpt>
      <trkpt lat="30.57067" lon="-99.32459">
        <ele>457.1</ele>
      </trkpt>
      <trkpt lat="30.57078" lon="-99.32443">
        <ele>456.0</ele>
      </trkpt>
      <trkpt lat="30.57087" lon="-99.32432">
        <ele>455.4</ele>
      </trkpt>
      <trkpt lat="30.5709" lon="-99.32429">
        <ele>455.2</ele>
      </trkpt>
      <trkpt lat="30.57094" lon="-99.32425">
        <ele>454.8</ele>
      </trkpt>
      <trkpt lat="30.571" lon="-99.32422">
        <ele>454.5</ele>
      </trkpt>
      <trkpt lat="30.57105" lon="-99.32419">
        <ele>454.1</ele>
      </trkpt>
      <trkpt lat="30.5711" lon="-99.32416">
        <ele>453.7</ele>
      </trkpt>
      <trkpt lat="30.5712" lon="-99.32412">
        <ele>453.2</ele>
      </trkpt>
      <trkpt lat="30.57122" lon="-99.32412">
        <ele>453.1</ele>
      </trkpt>
      <trkpt lat="30.57137" lon="-99.32408">
        <ele>452.4</ele>
      </trkpt>
      <trkpt lat="30.57147" lon="-99.32404">
        <ele>451.8</ele>
      </trkpt>
      <trkpt lat="30.57153" lon="-99.32402">
        <ele>451.4</ele>
      </trkpt>
      <trkpt lat="30.57157" lon="-99.32399">
        <ele>451.0</ele>
      </trkpt>
      <trkpt lat="30.57161" lon="-99.32397">
        <ele>450.9</ele>
      </trkpt>
      <trkpt lat="30.57167" lon="-99.32393">
        <ele>450.6</ele>
      </trkpt>
      <trkpt lat="30.57172" lon="-99.32388">
        <ele>450.4</ele>
      </trkpt>
      <trkpt lat="30.57174" lon="-99.32386">
        <ele>450.2</ele>
      </trkpt>
      <trkpt lat="30.57179" lon="-99.32383">
        <ele>450.1</ele>
      </trkpt>
      <trkpt lat="30.57185" lon="-99.32379">
        <ele>449.9</ele>
      </trkpt>
      <trkpt lat="30.57205" lon="-99.32368">
        <ele>448.3</ele>
      </trkpt>
      <trkpt lat="30.57224" lon="-99.32353">
        <ele>447.7</ele>
      </trkpt>
      <trkpt lat="30.57249" lon="-99.32334">
        <ele>447.7</ele>
      </trkpt>
      <trkpt lat="30.57251" lon="-99.32332">
        <ele>447.7</ele>
      </trkpt>
      <trkpt lat="30.57266" lon="-99.3232">
        <ele>447.7</ele>
      </trkpt>
      <trkpt lat="30.57281" lon="-99.32309">
        <ele>447.7</ele>
      </trkpt>
      <trkpt lat="30.57304" lon="-99.32291">
        <ele>449.6</ele>
      </trkpt>
      <trkpt lat="30.57308" lon="-99.32288">
        <ele>450.1</ele>
      </trkpt>
      <trkpt lat="30.57312" lon="-99.32286">
        <ele>450.3</ele>
      </trkpt>
      <trkpt lat="30.57329" lon="-99.3228">
        <ele>450.2</ele>
      </trkpt>
      <trkpt lat="30.57331" lon="-99.32279">
        <ele>450.3</ele>
      </trkpt>
      <trkpt lat="30.5734" lon="-99.32275">
        <ele>450.5</ele>
      </trkpt>
      <trkpt lat="30.57344" lon="-99.32274">
        <ele>450.3</ele>
      </trkpt>
      <trkpt lat="30.57348" lon="-99.32273">
        <ele>450.1</ele>
      </trkpt>
      <trkpt lat="30.57356" lon="-99.32273">
        <ele>449.6</ele>
      </trkpt>
      <trkpt lat="30.57362" lon="-99.32273">
        <ele>449.5</ele>
      </trkpt>
      <trkpt lat="30.57368" lon="-99.32271">
        <ele>449.8</ele>
      </trkpt>
      <trkpt lat="30.57375" lon="-99.32269">
        <ele>450.2</ele>
      </trkpt>
      <trkpt lat="30.57381" lon="-99.32268">
        <ele>450.5</ele>
      </trkpt>
      <trkpt lat="30.57384" lon="-99.32267">
        <ele>451.0</ele>
      </trkpt>
      <trkpt lat="30.57398" lon="-99.32264">
        <ele>453.2</ele>
      </trkpt>
      <trkpt lat="30.57399" lon="-99.32264">
        <ele>453.2</ele>
      </trkpt>
      <trkpt lat="30.57412" lon="-99.32262">
        <ele>453.7</ele>
      </trkpt>
      <trkpt lat="30.57416" lon="-99.32261">
        <ele>453.8</ele>
      </trkpt>
      <trkpt lat="30.57421" lon="-99.32259">
        <ele>453.9</ele>
      </trkpt>
      <trkpt lat="30.57436" lon="-99.32251">
        <ele>454.5</ele>
      </trkpt>
      <trkpt lat="30.57453" lon="-99.3224">
        <ele>455.2</ele>
      </trkpt>
      <trkpt lat="30.57469" lon="-99.32226">
        <ele>455.8</ele>
      </trkpt>
      <trkpt lat="30.57479" lon="-99.32219">
        <ele>456.0</ele>
      </trkpt>
      <trkpt lat="30.57488" lon="-99.32212">
        <ele>456.2</ele>
      </trkpt>
      <trkpt lat="30.57493" lon="-99.32209">
        <ele>456.2</ele>
      </trkpt>
      <trkpt lat="30.57494" lon="-99.32208">
        <ele>456.2</ele>
      </trkpt>
      <trkpt lat="30.57497" lon="-99.32206">
        <ele>456.2</ele>
      </trkpt>
      <trkpt lat="30.57525" lon="-99.32193">
        <ele>456.2</ele>
      </trkpt>
      <trkpt lat="30.57527" lon="-99.32192">
        <ele>456.2</ele>
      </trkpt>
      <trkpt lat="30.57544" lon="-99.32185">
        <ele>456.2</ele>
      </trkpt>
      <trkpt lat="30.57546" lon="-99.32184">
        <ele>456.3</ele>
      </trkpt>
      <trkpt lat="30.57554" lon="-99.3218">
        <ele>456.4</ele>
      </trkpt>
      <trkpt lat="30.57568" lon="-99.32175">
        <ele>456.5</ele>
      </trkpt>
      <trkpt lat="30.57594" lon="-99.32166">
        <ele>456.4</ele>
      </trkpt>
      <trkpt lat="30.57626" lon="-99.32156">
        <ele>456.1</ele>
      </trkpt>
      <trkpt lat="30.57658" lon="-99.32145">
        <ele>455.8</ele>
      </trkpt>
      <trkpt lat="30.57665" lon="-99.32142">
        <ele>455.8</ele>
      </trkpt>
      <trkpt lat="30.57692" lon="-99.32131">
        <ele>455.7</ele>
      </trkpt>
      <trkpt lat="30.57726" lon="-99.32117">
        <ele>455.6</ele>
      </trkpt>
      <trkpt lat="30.57761" lon="-99.32102">
        <ele>455.5</ele>
      </trkpt>
      <trkpt lat="30.57783" lon="-99.32092">
        <ele>455.4</ele>
      </trkpt>
      <trkpt lat="30.57816" lon="-99.32077">
        <ele>455.2</ele>
      </trkpt>
      <trkpt lat="30.57825" lon="-99.32073">
        <ele>455.1</ele>
      </trkpt>
      <trkpt lat="30.57855" lon="-99.32059">
        <ele>455.1</ele>
      </trkpt>
      <trkpt lat="30.57882" lon="-99.32045">
        <ele>455.2</ele>
      </trkpt>
      <trkpt lat="30.57904" lon="-99.32034">
        <ele>455.1</ele>
      </trkpt>
      <trkpt lat="30.57949" lon="-99.32011">
        <ele>455.0</ele>
      </trkpt>
      <trkpt lat="30.57955" lon="-99.32008">
        <ele>455.0</ele>
      </trkpt>
      <trkpt lat="30.5799" lon="-99.3199">
        <ele>455.0</ele>
      </trkpt>
      <trkpt lat="30.58014" lon="-99.31976">
        <ele>455.0</ele>
      </trkpt>
      <trkpt lat="30.58041" lon="-99.31961">
        <ele>454.7</ele>
      </trkpt>
      <trkpt lat="30.58061" lon="-99.3195">
        <ele>454.5</ele>
      </trkpt>
      <trkpt lat="30.58078" lon="-99.31939">
        <ele>454.4</ele>
      </trkpt>
      <trkpt lat="30.58081" lon="-99.31937">
        <ele>454.3</ele>
      </trkpt>
      <trkpt lat="30.58094" lon="-99.31929">
        <ele>453.9</ele>
      </trkpt>
      <trkpt lat="30.58107" lon="-99.31921">
        <ele>453.4</ele>
      </trkpt>
      <trkpt lat="30.5811" lon="-99.31919">
        <ele>453.3</ele>
      </trkpt>
      <trkpt lat="30.58121" lon="-99.31911">
        <ele>452.7</ele>
      </trkpt>
      <trkpt lat="30.58144" lon="-99.31894">
        <ele>450.4</ele>
      </trkpt>
      <trkpt lat="30.58155" lon="-99.31885">
        <ele>447.7</ele>
      </trkpt>
      <trkpt lat="30.58163" lon="-99.31878">
        <ele>447.4</ele>
      </trkpt>
      <trkpt lat="30.5817" lon="-99.31872">
        <ele>447.7</ele>
      </trkpt>
      <trkpt lat="30.58176" lon="-99.31867">
        <ele>448.0</ele>
      </trkpt>
      <trkpt lat="30.58189" lon="-99.31852">
        <ele>449.3</ele>
      </trkpt>
      <trkpt lat="30.58196" lon="-99.31844">
        <ele>449.7</ele>
      </trkpt>
      <trkpt lat="30.58198" lon="-99.31842">
        <ele>449.8</ele>
      </trkpt>
      <trkpt lat="30.58202" lon="-99.31836">
        <ele>450.0</ele>
      </trkpt>
      <trkpt lat="30.58205" lon="-99.3183">
        <ele>450.2</ele>
      </trkpt>
      <trkpt lat="30.58207" lon="-99.31825">
        <ele>450.3</ele>
      </trkpt>
      <trkpt lat="30.58209" lon="-99.31819">
        <ele>450.5</ele>
      </trkpt>
      <trkpt lat="30.5821" lon="-99.31814">
        <ele>450.8</ele>
      </trkpt>
      <trkpt lat="30.58212" lon="-99.31803">
        <ele>451.3</ele>
      </trkpt>
      <trkpt lat="30.58215" lon="-99.31779">
        <ele>452.4</ele>
      </trkpt>
      <trkpt lat="30.58219" lon="-99.31744">
        <ele>454.1</ele>
      </trkpt>
      <trkpt lat="30.58221" lon="-99.31728">
        <ele>454.8</ele>
      </trkpt>
      <trkpt lat="30.5823" lon="-99.31661">
        <ele>455.7</ele>
      </trkpt>
      <trkpt lat="30.5823" lon="-99.3166">
        <ele>455.7</ele>
      </trkpt>
      <trkpt lat="30.58232" lon="-99.31651">
        <ele>455.7</ele>
      </trkpt>
      <trkpt lat="30.58242" lon="-99.31572">
        <ele>456.9</ele>
      </trkpt>
      <trkpt lat="30.58247" lon="-99.31538">
        <ele>458.1</ele>
      </trkpt>
      <trkpt lat="30.58247" lon="-99.31536">
        <ele>458.1</ele>
      </trkpt>
      <trkpt lat="30.58251" lon="-99.31518">
        <ele>458.5</ele>
      </trkpt>
      <trkpt lat="30.58254" lon="-99.31506">
        <ele>458.7</ele>
      </trkpt>
      <trkpt lat="30.58264" lon="-99.31483">
        <ele>459.0</ele>
      </trkpt>
      <trkpt lat="30.58266" lon="-99.31479">
        <ele>459.0</ele>
      </trkpt>
      <trkpt lat="30.58283" lon="-99.31444">
        <ele>459.2</ele>
      </trkpt>
      <trkpt lat="30.58301" lon="-99.31408">
        <ele>459.0</ele>
      </trkpt>
      <trkpt lat="30.58318" lon="-99.31376">
        <ele>458.4</ele>
      </trkpt>
      <trkpt lat="30.58329" lon="-99.31353">
        <ele>458.3</ele>
      </trkpt>
      <trkpt lat="30.5833" lon="-99.31352">
        <ele>458.3</ele>
      </trkpt>
      <trkpt lat="30.58338" lon="-99.31335">
        <ele>458.6</ele>
      </trkpt>
      <trkpt lat="30.58348" lon="-99.31316">
        <ele>459.0</ele>
      </trkpt>
      <trkpt lat="30.58367" lon="-99.31278">
        <ele>459.0</ele>
      </trkpt>
      <trkpt lat="30.58376" lon="-99.31264">
        <ele>458.7</ele>
      </trkpt>
      <trkpt lat="30.58384" lon="-99.3125">
        <ele>458.3</ele>
      </trkpt>
      <trkpt lat="30.58396" lon="-99.31228">
        <ele>458.2</ele>
      </trkpt>
      <trkpt lat="30.58401" lon="-99.31219">
        <ele>458.7</ele>
      </trkpt>
      <trkpt lat="30.58416" lon="-99.31193">
        <ele>460.1</ele>
      </trkpt>
      <trkpt lat="30.58419" lon="-99.31188">
        <ele>460.1</ele>
      </trkpt>
      <trkpt lat="30.58426" lon="-99.31176">
        <ele>459.9</ele>
      </trkpt>
      <trkpt lat="30.58434" lon="-99.31163">
        <ele>459.4</ele>
      </trkpt>
      <trkpt lat="30.58437" lon="-99.3116">
        <ele>459.2</ele>
      </trkpt>
      <trkpt lat="30.58444" lon="-99.3115">
        <ele>458.7</ele>
      </trkpt>
      <trkpt lat="30.58452" lon="-99.3114">
        <ele>458.6</ele>
      </trkpt>
      <trkpt lat="30.58462" lon="-99.31132">
        <ele>458.5</ele>
      </trkpt>
      <trkpt lat="30.58474" lon="-99.31124">
        <ele>458.5</ele>
      </trkpt>
      <trkpt lat="30.58497" lon="-99.3111">
        <ele>458.2</ele>
      </trkpt>
      <trkpt lat="30.58544" lon="-99.31087">
        <ele>455.1</ele>
      </trkpt>
      <trkpt lat="30.58552" lon="-99.31083">
        <ele>454.8</ele>
      </trkpt>
      <trkpt lat="30.58576" lon="-99.31067">
        <ele>454.1</ele>
      </trkpt>
      <trkpt lat="30.58587" lon="-99.31059">
        <ele>454.0</ele>
      </trkpt>
      <trkpt lat="30.58597" lon="-99.3105">
        <ele>454.1</ele>
      </trkpt>
      <trkpt lat="30.58606" lon="-99.31041">
        <ele>454.1</ele>
      </trkpt>
      <trkpt lat="30.58629" lon="-99.31011">
        <ele>454.3</ele>
      </trkpt>
      <trkpt lat="30.58639" lon="-99.30998">
        <ele>454.3</ele>
      </trkpt>
      <trkpt lat="30.58641" lon="-99.30996">
        <ele>454.3</ele>
      </trkpt>
      <trkpt lat="30.58649" lon="-99.30987">
        <ele>454.3</ele>
      </trkpt>
      <trkpt lat="30.58667" lon="-99.3097">
        <ele>454.2</ele>
      </trkpt>
      <trkpt lat="30.58697" lon="-99.30944">
        <ele>454.0</ele>
      </trkpt>
      <trkpt lat="30.5872" lon="-99.30925">
        <ele>453.3</ele>
      </trkpt>
      <trkpt lat="30.58726" lon="-99.30919">
        <ele>453.4</ele>
      </trkpt>
      <trkpt lat="30.58729" lon="-99.30916">
        <ele>453.4</ele>
      </trkpt>
      <trkpt lat="30.58744" lon="-99.309">
        <ele>453.9</ele>
      </trkpt>
      <trkpt lat="30.58768" lon="-99.30875">
        <ele>454.2</ele>
      </trkpt>
      <trkpt lat="30.58786" lon="-99.30855">
        <ele>454.4</ele>
      </trkpt>
      <trkpt lat="30.58802" lon="-99.30838">
        <ele>454.4</ele>
      </trkpt>
      <trkpt lat="30.58805" lon="-99.30833">
        <ele>454.6</ele>
      </trkpt>
      <trkpt lat="30.58809" lon="-99.30828">
        <ele>454.6</ele>
      </trkpt>
      <trkpt lat="30.58816" lon="-99.30817">
        <ele>454.8</ele>
      </trkpt>
      <trkpt lat="30.58818" lon="-99.30814">
        <ele>454.9</ele>
      </trkpt>
      <trkpt lat="30.58822" lon="-99.30806">
        <ele>454.9</ele>
      </trkpt>
      <trkpt lat="30.58825" lon="-99.30795">
        <ele>455.1</ele>
      </trkpt>
      <trkpt lat="30.5883" lon="-99.30774">
        <ele>455.2</ele>
      </trkpt>
      <trkpt lat="30.58834" lon="-99.3075">
        <ele>454.3</ele>
      </trkpt>
      <trkpt lat="30.58842" lon="-99.30717">
        <ele>452.6</ele>
      </trkpt>
      <trkpt lat="30.58847" lon="-99.30697">
        <ele>450.4</ele>
      </trkpt>
      <trkpt lat="30.58854" lon="-99.3067">
        <ele>450.9</ele>
      </trkpt>
      <trkpt lat="30.58857" lon="-99.30657">
        <ele>450.7</ele>
      </trkpt>
      <trkpt lat="30.58858" lon="-99.30653">
        <ele>451.0</ele>
      </trkpt>
      <trkpt lat="30.58862" lon="-99.3064">
        <ele>451.8</ele>
      </trkpt>
      <trkpt lat="30.58863" lon="-99.30638">
        <ele>451.5</ele>
      </trkpt>
      <trkpt lat="30.58865" lon="-99.30634">
        <ele>450.5</ele>
      </trkpt>
      <trkpt lat="30.58868" lon="-99.3063">
        <ele>449.7</ele>
      </trkpt>
      <trkpt lat="30.58872" lon="-99.30625">
        <ele>449.1</ele>
      </trkpt>
      <trkpt lat="30.58877" lon="-99.30621">
        <ele>448.6</ele>
      </trkpt>
      <trkpt lat="30.58882" lon="-99.30619">
        <ele>448.2</ele>
      </trkpt>
      <trkpt lat="30.58891" lon="-99.30616">
        <ele>447.6</ele>
      </trkpt>
      <trkpt lat="30.58909" lon="-99.30611">
        <ele>446.3</ele>
      </trkpt>
      <trkpt lat="30.58915" lon="-99.30609">
        <ele>446.2</ele>
      </trkpt>
      <trkpt lat="30.5892" lon="-99.30607">
        <ele>446.9</ele>
      </trkpt>
      <trkpt lat="30.58924" lon="-99.30604">
        <ele>447.3</ele>
      </trkpt>
      <trkpt lat="30.58928" lon="-99.306">
        <ele>447.7</ele>
      </trkpt>
      <trkpt lat="30.58934" lon="-99.30592">
        <ele>448.5</ele>
      </trkpt>
      <trkpt lat="30.58945" lon="-99.30576">
        <ele>449.4</ele>
      </trkpt>
      <trkpt lat="30.5895" lon="-99.30567">
        <ele>449.6</ele>
      </trkpt>
      <trkpt lat="30.58958" lon="-99.30556">
        <ele>450.3</ele>
      </trkpt>
      <trkpt lat="30.58964" lon="-99.3055">
        <ele>451.2</ele>
      </trkpt>
      <trkpt lat="30.58971" lon="-99.30543">
        <ele>452.0</ele>
      </trkpt>
      <trkpt lat="30.58979" lon="-99.30536">
        <ele>452.7</ele>
      </trkpt>
      <trkpt lat="30.58984" lon="-99.30533">
        <ele>452.9</ele>
      </trkpt>
      <trkpt lat="30.58996" lon="-99.30529">
        <ele>453.3</ele>
      </trkpt>
      <trkpt lat="30.59001" lon="-99.30527">
        <ele>453.4</ele>
      </trkpt>
      <trkpt lat="30.59005" lon="-99.30526">
        <ele>453.6</ele>
      </trkpt>
      <trkpt lat="30.59018" lon="-99.30524">
        <ele>453.9</ele>
      </trkpt>
      <trkpt lat="30.59026" lon="-99.30523">
        <ele>454.0</ele>
      </trkpt>
      <trkpt lat="30.59037" lon="-99.30524">
        <ele>453.7</ele>
      </trkpt>
      <trkpt lat="30.59038" lon="-99.30524">
        <ele>453.7</ele>
      </trkpt>
      <trkpt lat="30.59048" lon="-99.30524">
        <ele>453.0</ele>
      </trkpt>
      <trkpt lat="30.59058" lon="-99.30526">
        <ele>451.9</ele>
      </trkpt>
      <trkpt lat="30.59077" lon="-99.3053">
        <ele>451.4</ele>
      </trkpt>
      <trkpt lat="30.59092" lon="-99.30532">
        <ele>451.8</ele>
      </trkpt>
      <trkpt lat="30.59108" lon="-99.30536">
        <ele>452.3</ele>
      </trkpt>
      <trkpt lat="30.59117" lon="-99.30538">
        <ele>452.9</ele>
      </trkpt>
      <trkpt lat="30.59134" lon="-99.30543">
        <ele>454.1</ele>
      </trkpt>
      <trkpt lat="30.59178" lon="-99.30556">
        <ele>455.7</ele>
      </trkpt>
      <trkpt lat="30.59182" lon="-99.30557">
        <ele>455.8</ele>
      </trkpt>
      <trkpt lat="30.59194" lon="-99.30559">
        <ele>455.9</ele>
      </trkpt>
      <trkpt lat="30.592" lon="-99.3056">
        <ele>456.0</ele>
      </trkpt>
      <trkpt lat="30.59206" lon="-99.30561">
        <ele>456.0</ele>
      </trkpt>
      <trkpt lat="30.59212" lon="-99.30561">
        <ele>456.1</ele>
      </trkpt>
      <trkpt lat="30.59213" lon="-99.3056">
        <ele>456.1</ele>
      </trkpt>
      <trkpt lat="30.5922" lon="-99.3056">
        <ele>456.1</ele>
      </trkpt>
      <trkpt lat="30.59232" lon="-99.30558">
        <ele>456.2</ele>
      </trkpt>
      <trkpt lat="30.59245" lon="-99.30555">
        <ele>456.1</ele>
      </trkpt>
      <trkpt lat="30.59267" lon="-99.30549">
        <ele>456.0</ele>
      </trkpt>
      <trkpt lat="30.59289" lon="-99.30543">
        <ele>455.8</ele>
      </trkpt>
      <trkpt lat="30.59301" lon="-99.3054">
        <ele>455.8</ele>
      </trkpt>
      <trkpt lat="30.59332" lon="-99.30531">
        <ele>455.8</ele>
      </trkpt>
      <trkpt lat="30.59362" lon="-99.30523">
        <ele>456.1</ele>
      </trkpt>
      <trkpt lat="30.59371" lon="-99.3052">
        <ele>456.1</ele>
      </trkpt>
      <trkpt lat="30.59384" lon="-99.30516">
        <ele>456.2</ele>
      </trkpt>
      <trkpt lat="30.59389" lon="-99.30514">
        <ele>456.2</ele>
      </trkpt>
      <trkpt lat="30.59406" lon="-99.30508">
        <ele>455.7</ele>
      </trkpt>
      <trkpt lat="30.59414" lon="-99.30506">
        <ele>455.5</ele>
      </trkpt>
      <trkpt lat="30.59423" lon="-99.30502">
        <ele>455.2</ele>
      </trkpt>
      <trkpt lat="30.59444" lon="-99.30493">
        <ele>454.9</ele>
      </trkpt>
      <trkpt lat="30.59457" lon="-99.30488">
        <ele>454.7</ele>
      </trkpt>
      <trkpt lat="30.59471" lon="-99.30482">
        <ele>454.3</ele>
      </trkpt>
      <trkpt lat="30.59474" lon="-99.30481">
        <ele>454.2</ele>
      </trkpt>
      <trkpt lat="30.59494" lon="-99.30474">
        <ele>453.2</ele>
      </trkpt>
      <trkpt lat="30.59504" lon="-99.30471">
        <ele>452.6</ele>
      </trkpt>
      <trkpt lat="30.5951" lon="-99.30469">
        <ele>452.2</ele>
      </trkpt>
      <trkpt lat="30.59517" lon="-99.30468">
        <ele>451.8</ele>
      </trkpt>
      <trkpt lat="30.59526" lon="-99.30468">
        <ele>451.5</ele>
      </trkpt>
      <trkpt lat="30.59528" lon="-99.30467">
        <ele>451.4</ele>
      </trkpt>
      <trkpt lat="30.59537" lon="-99.30467">
        <ele>451.4</ele>
      </trkpt>
      <trkpt lat="30.59561" lon="-99.30469">
        <ele>452.2</ele>
      </trkpt>
      <trkpt lat="30.59573" lon="-99.3047">
        <ele>452.7</ele>
      </trkpt>
      <trkpt lat="30.59603" lon="-99.30475">
        <ele>453.9</ele>
      </trkpt>
      <trkpt lat="30.59621" lon="-99.30477">
        <ele>454.5</ele>
      </trkpt>
      <trkpt lat="30.59642" lon="-99.3048">
        <ele>454.8</ele>
      </trkpt>
      <trkpt lat="30.5969" lon="-99.30486">
        <ele>455.3</ele>
      </trkpt>
      <trkpt lat="30.5971" lon="-99.30489">
        <ele>455.6</ele>
      </trkpt>
      <trkpt lat="30.59728" lon="-99.30491">
        <ele>456.1</ele>
      </trkpt>
      <trkpt lat="30.59756" lon="-99.30494">
        <ele>456.2</ele>
      </trkpt>
      <trkpt lat="30.59785" lon="-99.30497">
        <ele>456.3</ele>
      </trkpt>
      <trkpt lat="30.59811" lon="-99.30501">
        <ele>456.5</ele>
      </trkpt>
      <trkpt lat="30.59848" lon="-99.30507">
        <ele>458.0</ele>
      </trkpt>
      <trkpt lat="30.59853" lon="-99.30508">
        <ele>458.3</ele>
      </trkpt>
      <trkpt lat="30.59871" lon="-99.30511">
        <ele>458.6</ele>
      </trkpt>
      <trkpt lat="30.59888" lon="-99.30515">
        <ele>458.9</ele>
      </trkpt>
      <trkpt lat="30.59889" lon="-99.30515">
        <ele>458.9</ele>
      </trkpt>
      <trkpt lat="30.59905" lon="-99.30517">
        <ele>459.1</ele>
      </trkpt>
      <trkpt lat="30.59906" lon="-99.30518">
        <ele>459.0</ele>
      </trkpt>
      <trkpt lat="30.59918" lon="-99.30519">
        <ele>459.1</ele>
      </trkpt>
      <trkpt lat="30.59928" lon="-99.30519">
        <ele>459.3</ele>
      </trkpt>
      <trkpt lat="30.59935" lon="-99.30519">
        <ele>459.3</ele>
      </trkpt>
      <trkpt lat="30.59945" lon="-99.30518">
        <ele>459.5</ele>
      </trkpt>
      <trkpt lat="30.59955" lon="-99.30515">
        <ele>459.8</ele>
      </trkpt>
      <trkpt lat="30.59967" lon="-99.30511">
        <ele>459.8</ele>
      </trkpt>
      <trkpt lat="30.59977" lon="-99.30507">
        <ele>459.7</ele>
      </trkpt>
      <trkpt lat="30.59978" lon="-99.30507">
        <ele>459.7</ele>
      </trkpt>
      <trkpt lat="30.59992" lon="-99.30498">
        <ele>459.7</ele>
      </trkpt>
      <trkpt lat="30.59993" lon="-99.30498">
        <ele>459.7</ele>
      </trkpt>
      <trkpt lat="30.60001" lon="-99.30493">
        <ele>459.5</ele>
      </trkpt>
      <trkpt lat="30.60008" lon="-99.30488">
        <ele>459.4</ele>
      </trkpt>
      <trkpt lat="30.6001" lon="-99.30486">
        <ele>459.4</ele>
      </trkpt>
      <trkpt lat="30.60022" lon="-99.30476">
        <ele>459.2</ele>
      </trkpt>
      <trkpt lat="30.60037" lon="-99.30462">
        <ele>459.5</ele>
      </trkpt>
      <trkpt lat="30.60051" lon="-99.30448">
        <ele>460.2</ele>
      </trkpt>
      <trkpt lat="30.60056" lon="-99.30443">
        <ele>460.3</ele>
      </trkpt>
      <trkpt lat="30.60078" lon="-99.3042">
        <ele>460.4</ele>
      </trkpt>
      <trkpt lat="30.60093" lon="-99.30404">
        <ele>460.1</ele>
      </trkpt>
      <trkpt lat="30.60096" lon="-99.30401">
        <ele>460.0</ele>
      </trkpt>
      <trkpt lat="30.60109" lon="-99.30386">
        <ele>459.5</ele>
      </trkpt>
      <trkpt lat="30.60114" lon="-99.30378">
        <ele>459.3</ele>
      </trkpt>
      <trkpt lat="30.6012" lon="-99.3037">
        <ele>459.0</ele>
      </trkpt>
      <trkpt lat="30.60125" lon="-99.30364">
        <ele>458.8</ele>
      </trkpt>
      <trkpt lat="30.60132" lon="-99.30353">
        <ele>458.5</ele>
      </trkpt>
      <trkpt lat="30.6014" lon="-99.3034">
        <ele>458.0</ele>
      </trkpt>
      <trkpt lat="30.6016" lon="-99.30303">
        <ele>457.1</ele>
      </trkpt>
      <trkpt lat="30.60182" lon="-99.30261">
        <ele>456.7</ele>
      </trkpt>
      <trkpt lat="30.60189" lon="-99.30248">
        <ele>456.6</ele>
      </trkpt>
      <trkpt lat="30.60203" lon="-99.30221">
        <ele>456.4</ele>
      </trkpt>
      <trkpt lat="30.60218" lon="-99.30195">
        <ele>456.1</ele>
      </trkpt>
      <trkpt lat="30.60222" lon="-99.30188">
        <ele>456.1</ele>
      </trkpt>
      <trkpt lat="30.60238" lon="-99.30161">
        <ele>455.9</ele>
      </trkpt>
      <trkpt lat="30.60239" lon="-99.3016">
        <ele>455.9</ele>
      </trkpt>
      <trkpt lat="30.60246" lon="-99.3015">
        <ele>455.7</ele>
      </trkpt>
      <trkpt lat="30.60253" lon="-99.3014">
        <ele>455.6</ele>
      </trkpt>
      <trkpt lat="30.60273" lon="-99.30113">
        <ele>456.9</ele>
      </trkpt>
      <trkpt lat="30.60291" lon="-99.30089">
        <ele>457.9</ele>
      </trkpt>
      <trkpt lat="30.60322" lon="-99.30043">
        <ele>458.5</ele>
      </trkpt>
      <trkpt lat="30.60329" lon="-99.30031">
        <ele>458.3</ele>
      </trkpt>
      <trkpt lat="30.6034" lon="-99.30015">
        <ele>458.1</ele>
      </trkpt>
      <trkpt lat="30.60344" lon="-99.30009">
        <ele>458.1</ele>
      </trkpt>
      <trkpt lat="30.60357" lon="-99.29989">
        <ele>458.0</ele>
      </trkpt>
      <trkpt lat="30.60373" lon="-99.29965">
        <ele>458.1</ele>
      </trkpt>
      <trkpt lat="30.60392" lon="-99.2994">
        <ele>458.1</ele>
      </trkpt>
      <trkpt lat="30.6044" lon="-99.29879">
        <ele>459.0</ele>
      </trkpt>
      <trkpt lat="30.60455" lon="-99.29859">
        <ele>457.8</ele>
      </trkpt>
      <trkpt lat="30.60475" lon="-99.29833">
        <ele>456.5</ele>
      </trkpt>
      <trkpt lat="30.60479" lon="-99.29827">
        <ele>456.3</ele>
      </trkpt>
      <trkpt lat="30.60491" lon="-99.29811">
        <ele>455.4</ele>
      </trkpt>
      <trkpt lat="30.605" lon="-99.29801">
        <ele>454.2</ele>
      </trkpt>
      <trkpt lat="30.60508" lon="-99.29791">
        <ele>452.8</ele>
      </trkpt>
      <trkpt lat="30.60514" lon="-99.29785">
        <ele>451.8</ele>
      </trkpt>
      <trkpt lat="30.60522" lon="-99.29777">
        <ele>450.9</ele>
      </trkpt>
      <trkpt lat="30.60532" lon="-99.29768">
        <ele>450.4</ele>
      </trkpt>
      <trkpt lat="30.60539" lon="-99.29762">
        <ele>450.2</ele>
      </trkpt>
      <trkpt lat="30.60545" lon="-99.29757">
        <ele>449.9</ele>
      </trkpt>
      <trkpt lat="30.60556" lon="-99.29747">
        <ele>449.1</ele>
      </trkpt>
      <trkpt lat="30.6056" lon="-99.29745">
        <ele>448.9</ele>
      </trkpt>
      <trkpt lat="30.60575" lon="-99.29733">
        <ele>447.7</ele>
      </trkpt>
      <trkpt lat="30.60576" lon="-99.29732">
        <ele>447.6</ele>
      </trkpt>
      <trkpt lat="30.60589" lon="-99.29721">
        <ele>446.6</ele>
      </trkpt>
      <trkpt lat="30.60604" lon="-99.29709">
        <ele>445.4</ele>
      </trkpt>
      <trkpt lat="30.60613" lon="-99.29702">
        <ele>444.9</ele>
      </trkpt>
      <trkpt lat="30.60619" lon="-99.29698">
        <ele>444.8</ele>
      </trkpt>
      <trkpt lat="30.60634" lon="-99.29686">
        <ele>445.8</ele>
      </trkpt>
      <trkpt lat="30.60644" lon="-99.29678">
        <ele>446.6</ele>
      </trkpt>
      <trkpt lat="30.60674" lon="-99.29654">
        <ele>448.6</ele>
      </trkpt>
      <trkpt lat="30.60679" lon="-99.29651">
        <ele>448.7</ele>
      </trkpt>
      <trkpt lat="30.60689" lon="-99.29642">
        <ele>448.8</ele>
      </trkpt>
      <trkpt lat="30.60705" lon="-99.29627">
        <ele>448.6</ele>
      </trkpt>
      <trkpt lat="30.60716" lon="-99.29617">
        <ele>448.2</ele>
      </trkpt>
      <trkpt lat="30.60731" lon="-99.29601">
        <ele>447.4</ele>
      </trkpt>
      <trkpt lat="30.60741" lon="-99.2959">
        <ele>447.0</ele>
      </trkpt>
      <trkpt lat="30.60746" lon="-99.29582">
        <ele>447.0</ele>
      </trkpt>
      <trkpt lat="30.60754" lon="-99.29572">
        <ele>447.1</ele>
      </trkpt>
      <trkpt lat="30.60758" lon="-99.29566">
        <ele>447.4</ele>
      </trkpt>
      <trkpt lat="30.60763" lon="-99.29559">
        <ele>447.8</ele>
      </trkpt>
      <trkpt lat="30.6077" lon="-99.29548">
        <ele>448.4</ele>
      </trkpt>
      <trkpt lat="30.60777" lon="-99.29536">
        <ele>448.7</ele>
      </trkpt>
      <trkpt lat="30.6078" lon="-99.29529">
        <ele>448.6</ele>
      </trkpt>
      <trkpt lat="30.60785" lon="-99.29514">
        <ele>448.3</ele>
      </trkpt>
      <trkpt lat="30.60789" lon="-99.29498">
        <ele>447.9</ele>
      </trkpt>
      <trkpt lat="30.60792" lon="-99.29481">
        <ele>447.8</ele>
      </trkpt>
      <trkpt lat="30.60794" lon="-99.29461">
        <ele>447.7</ele>
      </trkpt>
      <trkpt lat="30.60795" lon="-99.29444">
        <ele>447.7</ele>
      </trkpt>
      <trkpt lat="30.60795" lon="-99.29431">
        <ele>447.8</ele>
      </trkpt>
      <trkpt lat="30.60793" lon="-99.29415">
        <ele>447.8</ele>
      </trkpt>
      <trkpt lat="30.60792" lon="-99.29407">
        <ele>447.9</ele>
      </trkpt>
      <trkpt lat="30.6079" lon="-99.29391">
        <ele>447.9</ele>
      </trkpt>
      <trkpt lat="30.60787" lon="-99.29377">
        <ele>448.0</ele>
      </trkpt>
      <trkpt lat="30.60785" lon="-99.29369">
        <ele>448.0</ele>
      </trkpt>
      <trkpt lat="30.60782" lon="-99.29362">
        <ele>448.1</ele>
      </trkpt>
      <trkpt lat="30.6078" lon="-99.29355">
        <ele>448.1</ele>
      </trkpt>
      <trkpt lat="30.60777" lon="-99.2935">
        <ele>448.1</ele>
      </trkpt>
      <trkpt lat="30.60773" lon="-99.29344">
        <ele>448.1</ele>
      </trkpt>
      <trkpt lat="30.60767" lon="-99.29335">
        <ele>448.0</ele>
      </trkpt>
      <trkpt lat="30.60762" lon="-99.29328">
        <ele>447.8</ele>
      </trkpt>
      <trkpt lat="30.60754" lon="-99.29319">
        <ele>447.4</ele>
      </trkpt>
      <trkpt lat="30.60752" lon="-99.29315">
        <ele>447.2</ele>
      </trkpt>
      <trkpt lat="30.60751" lon="-99.29312">
        <ele>447.0</ele>
      </trkpt>
      <trkpt lat="30.6075" lon="-99.2931">
        <ele>446.9</ele>
      </trkpt>
      <trkpt lat="30.6075" lon="-99.29306">
        <ele>446.6</ele>
      </trkpt>
      <trkpt lat="30.6075" lon="-99.29303">
        <ele>446.4</ele>
      </trkpt>
      <trkpt lat="30.6075" lon="-99.293">
        <ele>446.2</ele>
      </trkpt>
      <trkpt lat="30.60752" lon="-99.29294">
        <ele>445.6</ele>
      </trkpt>
      <trkpt lat="30.60755" lon="-99.29287">
        <ele>444.7</ele>
      </trkpt>
      <trkpt lat="30.60759" lon="-99.29281">
        <ele>443.5</ele>
      </trkpt>
      <trkpt lat="30.60769" lon="-99.29267">
        <ele>444.0</ele>
      </trkpt>
      <trkpt lat="30.60771" lon="-99.29264">
        <ele>444.3</ele>
      </trkpt>
      <trkpt lat="30.60779" lon="-99.29252">
        <ele>445.4</ele>
      </trkpt>
      <trkpt lat="30.6079" lon="-99.29236">
        <ele>445.4</ele>
      </trkpt>
      <trkpt lat="30.608" lon="-99.29221">
        <ele>445.3</ele>
      </trkpt>
      <trkpt lat="30.60803" lon="-99.29217">
        <ele>445.4</ele>
      </trkpt>
      <trkpt lat="30.60807" lon="-99.29212">
        <ele>445.7</ele>
      </trkpt>
      <trkpt lat="30.60811" lon="-99.29209">
        <ele>445.8</ele>
      </trkpt>
      <trkpt lat="30.60815" lon="-99.29205">
        <ele>446.0</ele>
      </trkpt>
      <trkpt lat="30.60826" lon="-99.292">
        <ele>445.9</ele>
      </trkpt>
      <trkpt lat="30.60838" lon="-99.29193">
        <ele>446.3</ele>
      </trkpt>
      <trkpt lat="30.60843" lon="-99.2919">
        <ele>446.5</ele>
      </trkpt>
      <trkpt lat="30.60848" lon="-99.29186">
        <ele>446.6</ele>
      </trkpt>
      <trkpt lat="30.60857" lon="-99.29179">
        <ele>446.7</ele>
      </trkpt>
      <trkpt lat="30.6086" lon="-99.29177">
        <ele>446.6</ele>
      </trkpt>
      <trkpt lat="30.60869" lon="-99.29169">
        <ele>446.2</ele>
      </trkpt>
      <trkpt lat="30.60872" lon="-99.29167">
        <ele>446.0</ele>
      </trkpt>
      <trkpt lat="30.60881" lon="-99.29158">
        <ele>445.7</ele>
      </trkpt>
      <trkpt lat="30.60889" lon="-99.2915">
        <ele>445.7</ele>
      </trkpt>
      <trkpt lat="30.60904" lon="-99.29132">
        <ele>445.5</ele>
      </trkpt>
      <trkpt lat="30.60911" lon="-99.29124">
        <ele>445.6</ele>
      </trkpt>
      <trkpt lat="30.60926" lon="-99.29108">
        <ele>446.1</ele>
      </trkpt>
      <trkpt lat="30.60935" lon="-99.29097">
        <ele>446.4</ele>
      </trkpt>
      <trkpt lat="30.60945" lon="-99.29087">
        <ele>446.7</ele>
      </trkpt>
      <trkpt lat="30.60956" lon="-99.29072">
        <ele>447.1</ele>
      </trkpt>
      <trkpt lat="30.60971" lon="-99.29051">
        <ele>447.6</ele>
      </trkpt>
      <trkpt lat="30.60983" lon="-99.29037">
        <ele>447.8</ele>
      </trkpt>
      <trkpt lat="30.60987" lon="-99.2903">
        <ele>447.9</ele>
      </trkpt>
      <trkpt lat="30.60992" lon="-99.29025">
        <ele>447.9</ele>
      </trkpt>
      <trkpt lat="30.60993" lon="-99.29024">
        <ele>447.9</ele>
      </trkpt>
      <trkpt lat="30.6101" lon="-99.29007">
        <ele>447.8</ele>
      </trkpt>
      <trkpt lat="30.61029" lon="-99.28989">
        <ele>447.7</ele>
      </trkpt>
      <trkpt lat="30.61062" lon="-99.28959">
        <ele>447.0</ele>
      </trkpt>
      <trkpt lat="30.61077" lon="-99.28945">
        <ele>446.8</ele>
      </trkpt>
      <trkpt lat="30.61094" lon="-99.28928">
        <ele>446.9</ele>
      </trkpt>
      <trkpt lat="30.61124" lon="-99.289">
        <ele>447.6</ele>
      </trkpt>
      <trkpt lat="30.61135" lon="-99.28888">
        <ele>448.7</ele>
      </trkpt>
      <trkpt lat="30.61155" lon="-99.28864">
        <ele>450.0</ele>
      </trkpt>
      <trkpt lat="30.61159" lon="-99.28858">
        <ele>450.2</ele>
      </trkpt>
      <trkpt lat="30.6116" lon="-99.28855">
        <ele>450.4</ele>
      </trkpt>
      <trkpt lat="30.61163" lon="-99.2885">
        <ele>450.6</ele>
      </trkpt>
      <trkpt lat="30.61165" lon="-99.28844">
        <ele>450.9</ele>
      </trkpt>
      <trkpt lat="30.61167" lon="-99.28839">
        <ele>451.3</ele>
      </trkpt>
      <trkpt lat="30.61167" lon="-99.28838">
        <ele>451.4</ele>
      </trkpt>
      <trkpt lat="30.61169" lon="-99.28829">
        <ele>452.0</ele>
      </trkpt>
      <trkpt lat="30.61175" lon="-99.28804">
        <ele>454.4</ele>
      </trkpt>
      <trkpt lat="30.61182" lon="-99.28778">
        <ele>457.2</ele>
      </trkpt>
      <trkpt lat="30.61189" lon="-99.28747">
        <ele>458.6</ele>
      </trkpt>
      <trkpt lat="30.61191" lon="-99.28738">
        <ele>458.8</ele>
      </trkpt>
      <trkpt lat="30.61203" lon="-99.28688">
        <ele>460.3</ele>
      </trkpt>
      <trkpt lat="30.6121" lon="-99.28658">
        <ele>461.6</ele>
      </trkpt>
      <trkpt lat="30.61211" lon="-99.28653">
        <ele>461.7</ele>
      </trkpt>
      <trkpt lat="30.61215" lon="-99.28638">
        <ele>462.2</ele>
      </trkpt>
      <trkpt lat="30.61216" lon="-99.28635">
        <ele>462.4</ele>
      </trkpt>
      <trkpt lat="30.61225" lon="-99.28597">
        <ele>462.1</ele>
      </trkpt>
      <trkpt lat="30.61231" lon="-99.28575">
        <ele>461.5</ele>
      </trkpt>
      <trkpt lat="30.61236" lon="-99.28557">
        <ele>461.0</ele>
      </trkpt>
      <trkpt lat="30.61237" lon="-99.28554">
        <ele>460.9</ele>
      </trkpt>
      <trkpt lat="30.61239" lon="-99.28548">
        <ele>460.7</ele>
      </trkpt>
      <trkpt lat="30.61241" lon="-99.28544">
        <ele>460.5</ele>
      </trkpt>
      <trkpt lat="30.61244" lon="-99.28538">
        <ele>460.3</ele>
      </trkpt>
      <trkpt lat="30.61248" lon="-99.28533">
        <ele>460.1</ele>
      </trkpt>
      <trkpt lat="30.61252" lon="-99.28528">
        <ele>459.8</ele>
      </trkpt>
      <trkpt lat="30.61261" lon="-99.28519">
        <ele>459.1</ele>
      </trkpt>
      <trkpt lat="30.61272" lon="-99.28511">
        <ele>458.2</ele>
      </trkpt>
      <trkpt lat="30.61286" lon="-99.28501">
        <ele>457.1</ele>
      </trkpt>
      <trkpt lat="30.61291" lon="-99.28498">
        <ele>456.9</ele>
      </trkpt>
      <trkpt lat="30.61307" lon="-99.28487">
        <ele>456.5</ele>
      </trkpt>
      <trkpt lat="30.61317" lon="-99.28479">
        <ele>456.3</ele>
      </trkpt>
      <trkpt lat="30.61323" lon="-99.28474">
        <ele>456.2</ele>
      </trkpt>
      <trkpt lat="30.61351" lon="-99.28451">
        <ele>455.1</ele>
      </trkpt>
      <trkpt lat="30.61375" lon="-99.2843">
        <ele>453.7</ele>
      </trkpt>
      <trkpt lat="30.61392" lon="-99.28416">
        <ele>452.5</ele>
      </trkpt>
      <trkpt lat="30.61437" lon="-99.28376">
        <ele>450.5</ele>
      </trkpt>
      <trkpt lat="30.61447" lon="-99.28367">
        <ele>450.4</ele>
      </trkpt>
      <trkpt lat="30.61469" lon="-99.28347">
        <ele>450.2</ele>
      </trkpt>
      <trkpt lat="30.61505" lon="-99.28316">
        <ele>449.1</ele>
      </trkpt>
      <trkpt lat="30.6154" lon="-99.28285">
        <ele>448.1</ele>
      </trkpt>
      <trkpt lat="30.61576" lon="-99.28253">
        <ele>444.6</ele>
      </trkpt>
      <trkpt lat="30.61586" lon="-99.28245">
        <ele>444.4</ele>
      </trkpt>
      <trkpt lat="30.61606" lon="-99.28229">
        <ele>444.2</ele>
      </trkpt>
      <trkpt lat="30.61614" lon="-99.28224">
        <ele>444.1</ele>
      </trkpt>
      <trkpt lat="30.6162" lon="-99.2822">
        <ele>444.0</ele>
      </trkpt>
      <trkpt lat="30.61632" lon="-99.28214">
        <ele>443.9</ele>
      </trkpt>
      <trkpt lat="30.61646" lon="-99.28208">
        <ele>443.7</ele>
      </trkpt>
      <trkpt lat="30.61655" lon="-99.28205">
        <ele>443.5</ele>
      </trkpt>
      <trkpt lat="30.61667" lon="-99.28201">
        <ele>443.0</ele>
      </trkpt>
      <trkpt lat="30.61677" lon="-99.28197">
        <ele>442.4</ele>
      </trkpt>
      <trkpt lat="30.61691" lon="-99.28191">
        <ele>441.9</ele>
      </trkpt>
      <trkpt lat="30.61709" lon="-99.28183">
        <ele>441.2</ele>
      </trkpt>
      <trkpt lat="30.61722" lon="-99.28176">
        <ele>440.9</ele>
      </trkpt>
      <trkpt lat="30.61742" lon="-99.28166">
        <ele>440.6</ele>
      </trkpt>
      <trkpt lat="30.61755" lon="-99.28159">
        <ele>440.4</ele>
      </trkpt>
      <trkpt lat="30.61776" lon="-99.28147">
        <ele>440.2</ele>
      </trkpt>
      <trkpt lat="30.6181" lon="-99.28128">
        <ele>440.1</ele>
      </trkpt>
      <trkpt lat="30.6182" lon="-99.28123">
        <ele>440.2</ele>
      </trkpt>
      <trkpt lat="30.61825" lon="-99.2812">
        <ele>440.3</ele>
      </trkpt>
      <trkpt lat="30.61839" lon="-99.28111">
        <ele>440.2</ele>
      </trkpt>
      <trkpt lat="30.61849" lon="-99.28103">
        <ele>439.7</ele>
      </trkpt>
      <trkpt lat="30.61866" lon="-99.28088">
        <ele>438.6</ele>
      </trkpt>
      <trkpt lat="30.61886" lon="-99.28071">
        <ele>438.4</ele>
      </trkpt>
      <trkpt lat="30.61894" lon="-99.28065">
        <ele>438.3</ele>
      </trkpt>
      <trkpt lat="30.619" lon="-99.28061">
        <ele>438.2</ele>
      </trkpt>
      <trkpt lat="30.61906" lon="-99.28058">
        <ele>438.1</ele>
      </trkpt>
      <trkpt lat="30.61911" lon="-99.28056">
        <ele>438.0</ele>
      </trkpt>
      <trkpt lat="30.61931" lon="-99.28047">
        <ele>437.4</ele>
      </trkpt>
      <trkpt lat="30.61961" lon="-99.28033">
        <ele>436.5</ele>
      </trkpt>
      <trkpt lat="30.61965" lon="-99.28031">
        <ele>436.4</ele>
      </trkpt>
      <trkpt lat="30.6198" lon="-99.28023">
        <ele>436.0</ele>
      </trkpt>
      <trkpt lat="30.61994" lon="-99.28016">
        <ele>435.8</ele>
      </trkpt>
      <trkpt lat="30.61998" lon="-99.28014">
        <ele>435.7</ele>
      </trkpt>
      <trkpt lat="30.62005" lon="-99.2801">
        <ele>435.5</ele>
      </trkpt>
      <trkpt lat="30.62011" lon="-99.28005">
        <ele>435.3</ele>
      </trkpt>
      <trkpt lat="30.62016" lon="-99.28">
        <ele>435.2</ele>
      </trkpt>
      <trkpt lat="30.62022" lon="-99.27992">
        <ele>434.9</ele>
      </trkpt>
      <trkpt lat="30.62026" lon="-99.27988">
        <ele>434.8</ele>
      </trkpt>
      <trkpt lat="30.62039" lon="-99.27973">
        <ele>434.5</ele>
      </trkpt>
      <trkpt lat="30.62063" lon="-99.27942">
        <ele>434.1</ele>
      </trkpt>
      <trkpt lat="30.62075" lon="-99.27928">
        <ele>433.8</ele>
      </trkpt>
      <trkpt lat="30.62099" lon="-99.27896">
        <ele>432.4</ele>
      </trkpt>
      <trkpt lat="30.62104" lon="-99.2789">
        <ele>432.4</ele>
      </trkpt>
      <trkpt lat="30.62136" lon="-99.27851">
        <ele>431.5</ele>
      </trkpt>
      <trkpt lat="30.62136" lon="-99.2785">
        <ele>431.4</ele>
      </trkpt>
      <trkpt lat="30.62182" lon="-99.27792">
        <ele>430.5</ele>
      </trkpt>
      <trkpt lat="30.62208" lon="-99.2776">
        <ele>429.3</ele>
      </trkpt>
      <trkpt lat="30.62219" lon="-99.27746">
        <ele>428.8</ele>
      </trkpt>
      <trkpt lat="30.62251" lon="-99.27705">
        <ele>427.9</ele>
      </trkpt>
      <trkpt lat="30.62276" lon="-99.27675">
        <ele>427.8</ele>
      </trkpt>
      <trkpt lat="30.62292" lon="-99.27654">
        <ele>427.8</ele>
      </trkpt>
      <trkpt lat="30.62317" lon="-99.27623">
        <ele>427.8</ele>
      </trkpt>
      <trkpt lat="30.62331" lon="-99.27606">
        <ele>427.8</ele>
      </trkpt>
      <trkpt lat="30.62359" lon="-99.2757">
        <ele>426.5</ele>
      </trkpt>
      <trkpt lat="30.62376" lon="-99.27549">
        <ele>425.4</ele>
      </trkpt>
      <trkpt lat="30.62378" lon="-99.27547">
        <ele>425.3</ele>
      </trkpt>
      <trkpt lat="30.62387" lon="-99.27536">
        <ele>424.9</ele>
      </trkpt>
      <trkpt lat="30.6239" lon="-99.27531">
        <ele>424.7</ele>
      </trkpt>
      <trkpt lat="30.62416" lon="-99.27497">
        <ele>424.1</ele>
      </trkpt>
      <trkpt lat="30.62437" lon="-99.27469">
        <ele>424.0</ele>
      </trkpt>
      <trkpt lat="30.6245" lon="-99.27453">
        <ele>424.2</ele>
      </trkpt>
      <trkpt lat="30.62461" lon="-99.27439">
        <ele>424.0</ele>
      </trkpt>
      <trkpt lat="30.62462" lon="-99.27438">
        <ele>424.0</ele>
      </trkpt>
      <trkpt lat="30.62475" lon="-99.27422">
        <ele>423.6</ele>
      </trkpt>
      <trkpt lat="30.62483" lon="-99.27413">
        <ele>423.3</ele>
      </trkpt>
      <trkpt lat="30.62489" lon="-99.27406">
        <ele>423.0</ele>
      </trkpt>
      <trkpt lat="30.62501" lon="-99.27395">
        <ele>422.7</ele>
      </trkpt>
      <trkpt lat="30.62508" lon="-99.27388">
        <ele>422.3</ele>
      </trkpt>
      <trkpt lat="30.62519" lon="-99.27377">
        <ele>421.8</ele>
      </trkpt>
      <trkpt lat="30.62527" lon="-99.27368">
        <ele>421.0</ele>
      </trkpt>
      <trkpt lat="30.62528" lon="-99.27367">
        <ele>420.9</ele>
      </trkpt>
      <trkpt lat="30.62535" lon="-99.27358">
        <ele>420.4</ele>
      </trkpt>
      <trkpt lat="30.6254" lon="-99.27351">
        <ele>420.4</ele>
      </trkpt>
      <trkpt lat="30.62546" lon="-99.27342">
        <ele>420.4</ele>
      </trkpt>
      <trkpt lat="30.62551" lon="-99.27334">
        <ele>420.4</ele>
      </trkpt>
      <trkpt lat="30.62551" lon="-99.27333">
        <ele>420.5</ele>
      </trkpt>
      <trkpt lat="30.62554" lon="-99.27327">
        <ele>420.5</ele>
      </trkpt>
      <trkpt lat="30.62556" lon="-99.2732">
        <ele>420.6</ele>
      </trkpt>
      <trkpt lat="30.62557" lon="-99.27315">
        <ele>420.6</ele>
      </trkpt>
      <trkpt lat="30.62558" lon="-99.27314">
        <ele>420.6</ele>
      </trkpt>
      <trkpt lat="30.62558" lon="-99.27308">
        <ele>420.7</ele>
      </trkpt>
      <trkpt lat="30.62558" lon="-99.27304">
        <ele>420.7</ele>
      </trkpt>
      <trkpt lat="30.62558" lon="-99.27298">
        <ele>420.8</ele>
      </trkpt>
      <trkpt lat="30.62558" lon="-99.27294">
        <ele>420.9</ele>
      </trkpt>
      <trkpt lat="30.62557" lon="-99.27282">
        <ele>421.1</ele>
      </trkpt>
      <trkpt lat="30.62553" lon="-99.2723">
        <ele>422.5</ele>
      </trkpt>
      <trkpt lat="30.62551" lon="-99.27197">
        <ele>423.0</ele>
      </trkpt>
      <trkpt lat="30.62551" lon="-99.2719">
        <ele>423.1</ele>
      </trkpt>
      <trkpt lat="30.62549" lon="-99.27162">
        <ele>423.6</ele>
      </trkpt>
      <trkpt lat="30.62549" lon="-99.27148">
        <ele>423.9</ele>
      </trkpt>
      <trkpt lat="30.62549" lon="-99.27129">
        <ele>424.1</ele>
      </trkpt>
      <trkpt lat="30.62549" lon="-99.27128">
        <ele>424.1</ele>
      </trkpt>
      <trkpt lat="30.62549" lon="-99.27105">
        <ele>424.4</ele>
      </trkpt>
      <trkpt lat="30.62551" lon="-99.27072">
        <ele>424.9</ele>
      </trkpt>
      <trkpt lat="30.62555" lon="-99.2703">
        <ele>425.3</ele>
      </trkpt>
      <trkpt lat="30.62558" lon="-99.27003">
        <ele>425.3</ele>
      </trkpt>
      <trkpt lat="30.62558" lon="-99.26996">
        <ele>425.3</ele>
      </trkpt>
      <trkpt lat="30.62561" lon="-99.26953">
        <ele>425.0</ele>
      </trkpt>
      <trkpt lat="30.62563" lon="-99.26919">
        <ele>424.9</ele>
      </trkpt>
      <trkpt lat="30.62563" lon="-99.26916">
        <ele>425.0</ele>
      </trkpt>
      <trkpt lat="30.62565" lon="-99.26898">
        <ele>425.2</ele>
      </trkpt>
      <trkpt lat="30.62567" lon="-99.26878">
        <ele>426.0</ele>
      </trkpt>
      <trkpt lat="30.62567" lon="-99.26874">
        <ele>426.2</ele>
      </trkpt>
      <trkpt lat="30.62569" lon="-99.26857">
        <ele>427.0</ele>
      </trkpt>
      <trkpt lat="30.62571" lon="-99.2684">
        <ele>427.6</ele>
      </trkpt>
      <trkpt lat="30.62574" lon="-99.26808">
        <ele>428.8</ele>
      </trkpt>
      <trkpt lat="30.62575" lon="-99.26797">
        <ele>429.3</ele>
      </trkpt>
      <trkpt lat="30.62577" lon="-99.26784">
        <ele>429.9</ele>
      </trkpt>
      <trkpt lat="30.62579" lon="-99.26774">
        <ele>430.4</ele>
      </trkpt>
      <trkpt lat="30.62583" lon="-99.26759">
        <ele>431.0</ele>
      </trkpt>
      <trkpt lat="30.62584" lon="-99.26754">
        <ele>431.2</ele>
      </trkpt>
      <trkpt lat="30.62587" lon="-99.2674">
        <ele>431.5</ele>
      </trkpt>
      <trkpt lat="30.62589" lon="-99.26734">
        <ele>431.6</ele>
      </trkpt>
      <trkpt lat="30.62597" lon="-99.26704">
        <ele>431.6</ele>
      </trkpt>
      <trkpt lat="30.62614" lon="-99.26641">
        <ele>430.2</ele>
      </trkpt>
      <trkpt lat="30.62615" lon="-99.26634">
        <ele>430.2</ele>
      </trkpt>
      <trkpt lat="30.62624" lon="-99.266">
        <ele>430.4</ele>
      </trkpt>
      <trkpt lat="30.62628" lon="-99.26582">
        <ele>430.7</ele>
      </trkpt>
      <trkpt lat="30.62629" lon="-99.26578">
        <ele>430.7</ele>
      </trkpt>
      <trkpt lat="30.6263" lon="-99.26573">
        <ele>430.6</ele>
      </trkpt>
      <trkpt lat="30.6263" lon="-99.26569">
        <ele>430.7</ele>
      </trkpt>
      <trkpt lat="30.62631" lon="-99.2656">
        <ele>430.7</ele>
      </trkpt>
      <trkpt lat="30.6263" lon="-99.26552">
        <ele>430.7</ele>
      </trkpt>
      <trkpt lat="30.6263" lon="-99.26544">
        <ele>430.7</ele>
      </trkpt>
      <trkpt lat="30.62628" lon="-99.26528">
        <ele>430.5</ele>
      </trkpt>
      <trkpt lat="30.62625" lon="-99.26511">
        <ele>430.4</ele>
      </trkpt>
      <trkpt lat="30.62622" lon="-99.26495">
        <ele>430.3</ele>
      </trkpt>
      <trkpt lat="30.62618" lon="-99.26474">
        <ele>430.2</ele>
      </trkpt>
      <trkpt lat="30.62614" lon="-99.26456">
        <ele>430.0</ele>
      </trkpt>
      <trkpt lat="30.62609" lon="-99.26436">
        <ele>429.9</ele>
      </trkpt>
      <trkpt lat="30.62608" lon="-99.26431">
        <ele>429.8</ele>
      </trkpt>
      <trkpt lat="30.62601" lon="-99.26406">
        <ele>429.6</ele>
      </trkpt>
      <trkpt lat="30.62598" lon="-99.26393">
        <ele>429.5</ele>
      </trkpt>
      <trkpt lat="30.62597" lon="-99.26383">
        <ele>429.3</ele>
      </trkpt>
      <trkpt lat="30.62597" lon="-99.26369">
        <ele>429.0</ele>
      </trkpt>
      <trkpt lat="30.62599" lon="-99.26358">
        <ele>428.7</ele>
      </trkpt>
      <trkpt lat="30.62602" lon="-99.2635">
        <ele>428.4</ele>
      </trkpt>
      <trkpt lat="30.62603" lon="-99.26348">
        <ele>428.4</ele>
      </trkpt>
      <trkpt lat="30.62607" lon="-99.26339">
        <ele>428.1</ele>
      </trkpt>
      <trkpt lat="30.62612" lon="-99.26332">
        <ele>427.7</ele>
      </trkpt>
      <trkpt lat="30.62614" lon="-99.26329">
        <ele>427.8</ele>
      </trkpt>
      <trkpt lat="30.62618" lon="-99.26322">
        <ele>428.1</ele>
      </trkpt>
      <trkpt lat="30.62626" lon="-99.26314">
        <ele>428.6</ele>
      </trkpt>
      <trkpt lat="30.62633" lon="-99.26307">
        <ele>429.0</ele>
      </trkpt>
      <trkpt lat="30.62645" lon="-99.26298">
        <ele>429.1</ele>
      </trkpt>
      <trkpt lat="30.62663" lon="-99.26285">
        <ele>429.3</ele>
      </trkpt>
      <trkpt lat="30.62668" lon="-99.26281">
        <ele>429.5</ele>
      </trkpt>
      <trkpt lat="30.62679" lon="-99.26274">
        <ele>429.8</ele>
      </trkpt>
      <trkpt lat="30.62683" lon="-99.2627">
        <ele>430.0</ele>
      </trkpt>
      <trkpt lat="30.62694" lon="-99.26261">
        <ele>430.4</ele>
      </trkpt>
      <trkpt lat="30.62712" lon="-99.26247">
        <ele>431.2</ele>
      </trkpt>
      <trkpt lat="30.62713" lon="-99.26247">
        <ele>431.2</ele>
      </trkpt>
      <trkpt lat="30.62744" lon="-99.26224">
        <ele>433.2</ele>
      </trkpt>
      <trkpt lat="30.62756" lon="-99.26215">
        <ele>433.9</ele>
      </trkpt>
      <trkpt lat="30.6278" lon="-99.26197">
        <ele>435.3</ele>
      </trkpt>
      <trkpt lat="30.62799" lon="-99.26183">
        <ele>436.1</ele>
      </trkpt>
      <trkpt lat="30.62805" lon="-99.2618">
        <ele>436.2</ele>
      </trkpt>
      <trkpt lat="30.62839" lon="-99.26157">
        <ele>435.5</ele>
      </trkpt>
      <trkpt lat="30.62852" lon="-99.26149">
        <ele>435.7</ele>
      </trkpt>
      <trkpt lat="30.62861" lon="-99.26143">
        <ele>436.1</ele>
      </trkpt>
      <trkpt lat="30.62883" lon="-99.26129">
        <ele>436.9</ele>
      </trkpt>
      <trkpt lat="30.62899" lon="-99.26119">
        <ele>437.1</ele>
      </trkpt>
      <trkpt lat="30.62902" lon="-99.26118">
        <ele>437.1</ele>
      </trkpt>
      <trkpt lat="30.62915" lon="-99.2611">
        <ele>437.0</ele>
      </trkpt>
      <trkpt lat="30.62919" lon="-99.26108">
        <ele>436.9</ele>
      </trkpt>
      <trkpt lat="30.62931" lon="-99.26103">
        <ele>436.4</ele>
      </trkpt>
      <trkpt lat="30.62932" lon="-99.26102">
        <ele>436.3</ele>
      </trkpt>
      <trkpt lat="30.62938" lon="-99.26099">
        <ele>435.9</ele>
      </trkpt>
      <trkpt lat="30.62945" lon="-99.26095">
        <ele>435.2</ele>
      </trkpt>
      <trkpt lat="30.62948" lon="-99.26093">
        <ele>434.9</ele>
      </trkpt>
      <trkpt lat="30.62954" lon="-99.26089">
        <ele>434.1</ele>
      </trkpt>
      <trkpt lat="30.62968" lon="-99.2608">
        <ele>432.2</ele>
      </trkpt>
      <trkpt lat="30.62979" lon="-99.26072">
        <ele>431.2</ele>
      </trkpt>
      <trkpt lat="30.62979" lon="-99.26071">
        <ele>431.2</ele>
      </trkpt>
      <trkpt lat="30.62989" lon="-99.26065">
        <ele>430.6</ele>
      </trkpt>
      <trkpt lat="30.62995" lon="-99.26062">
        <ele>430.2</ele>
      </trkpt>
      <trkpt lat="30.62996" lon="-99.26062">
        <ele>430.1</ele>
      </trkpt>
      <trkpt lat="30.63003" lon="-99.2606">
        <ele>429.8</ele>
      </trkpt>
      <trkpt lat="30.6301" lon="-99.26058">
        <ele>429.9</ele>
      </trkpt>
      <trkpt lat="30.63013" lon="-99.26058">
        <ele>430.0</ele>
      </trkpt>
      <trkpt lat="30.63023" lon="-99.26055">
        <ele>430.3</ele>
      </trkpt>
      <trkpt lat="30.6303" lon="-99.26053">
        <ele>430.3</ele>
      </trkpt>
      <trkpt lat="30.63043" lon="-99.2605">
        <ele>430.0</ele>
      </trkpt>
      <trkpt lat="30.63048" lon="-99.26049">
        <ele>429.7</ele>
      </trkpt>
      <trkpt lat="30.63065" lon="-99.26044">
        <ele>428.3</ele>
      </trkpt>
      <trkpt lat="30.63066" lon="-99.26044">
        <ele>428.2</ele>
      </trkpt>
      <trkpt lat="30.63077" lon="-99.2604">
        <ele>427.3</ele>
      </trkpt>
      <trkpt lat="30.6309" lon="-99.26037">
        <ele>426.4</ele>
      </trkpt>
      <trkpt lat="30.63096" lon="-99.26035">
        <ele>426.3</ele>
      </trkpt>
      <trkpt lat="30.631" lon="-99.26035">
        <ele>426.3</ele>
      </trkpt>
      <trkpt lat="30.63105" lon="-99.26034">
        <ele>426.6</ele>
      </trkpt>
      <trkpt lat="30.63118" lon="-99.26034">
        <ele>427.6</ele>
      </trkpt>
      <trkpt lat="30.63125" lon="-99.26034">
        <ele>428.0</ele>
      </trkpt>
      <trkpt lat="30.63136" lon="-99.26033">
        <ele>428.7</ele>
      </trkpt>
      <trkpt lat="30.63144" lon="-99.26033">
        <ele>429.1</ele>
      </trkpt>
      <trkpt lat="30.63154" lon="-99.26033">
        <ele>429.5</ele>
      </trkpt>
      <trkpt lat="30.63165" lon="-99.26033">
        <ele>429.9</ele>
      </trkpt>
      <trkpt lat="30.63172" lon="-99.26032">
        <ele>430.2</ele>
      </trkpt>
      <trkpt lat="30.6319" lon="-99.26031">
        <ele>430.3</ele>
      </trkpt>
      <trkpt lat="30.63196" lon="-99.26031">
        <ele>430.1</ele>
      </trkpt>
      <trkpt lat="30.63207" lon="-99.2603">
        <ele>429.8</ele>
      </trkpt>
      <trkpt lat="30.63208" lon="-99.2603">
        <ele>429.8</ele>
      </trkpt>
      <trkpt lat="30.63226" lon="-99.2603">
        <ele>428.3</ele>
      </trkpt>
      <trkpt lat="30.63244" lon="-99.26029">
        <ele>426.2</ele>
      </trkpt>
      <trkpt lat="30.63245" lon="-99.26029">
        <ele>426.1</ele>
      </trkpt>
      <trkpt lat="30.63273" lon="-99.26028">
        <ele>424.6</ele>
      </trkpt>
      <trkpt lat="30.6328" lon="-99.26028">
        <ele>424.2</ele>
      </trkpt>
      <trkpt lat="30.63296" lon="-99.26029">
        <ele>423.2</ele>
      </trkpt>
      <trkpt lat="30.63298" lon="-99.26029">
        <ele>423.1</ele>
      </trkpt>
      <trkpt lat="30.63318" lon="-99.26029">
        <ele>422.6</ele>
      </trkpt>
      <trkpt lat="30.63352" lon="-99.2603">
        <ele>422.4</ele>
      </trkpt>
      <trkpt lat="30.6337" lon="-99.2603">
        <ele>422.2</ele>
      </trkpt>
      <trkpt lat="30.63382" lon="-99.2603">
        <ele>421.9</ele>
      </trkpt>
      <trkpt lat="30.63388" lon="-99.2603">
        <ele>421.6</ele>
      </trkpt>
      <trkpt lat="30.63406" lon="-99.26031">
        <ele>419.7</ele>
      </trkpt>
      <trkpt lat="30.63416" lon="-99.26031">
        <ele>417.8</ele>
      </trkpt>
      <trkpt lat="30.63424" lon="-99.26031">
        <ele>416.6</ele>
      </trkpt>
      <trkpt lat="30.6344" lon="-99.2603">
        <ele>414.8</ele>
      </trkpt>
      <trkpt lat="30.63442" lon="-99.2603">
        <ele>414.6</ele>
      </trkpt>
      <trkpt lat="30.63453" lon="-99.26029">
        <ele>414.2</ele>
      </trkpt>
      <trkpt lat="30.6346" lon="-99.26028">
        <ele>414.7</ele>
      </trkpt>
      <trkpt lat="30.63464" lon="-99.26028">
        <ele>415.0</ele>
      </trkpt>
      <trkpt lat="30.63479" lon="-99.26025">
        <ele>415.6</ele>
      </trkpt>
      <trkpt lat="30.63486" lon="-99.26022">
        <ele>415.7</ele>
      </trkpt>
      <trkpt lat="30.63495" lon="-99.26018">
        <ele>415.7</ele>
      </trkpt>
      <trkpt lat="30.63498" lon="-99.26017">
        <ele>415.7</ele>
      </trkpt>
      <trkpt lat="30.63512" lon="-99.26009">
        <ele>416.0</ele>
      </trkpt>
      <trkpt lat="30.63546" lon="-99.25987">
        <ele>417.5</ele>
      </trkpt>
      <trkpt lat="30.63559" lon="-99.2598">
        <ele>417.6</ele>
      </trkpt>
      <trkpt lat="30.63573" lon="-99.25972">
        <ele>417.6</ele>
      </trkpt>
      <trkpt lat="30.63591" lon="-99.25963">
        <ele>417.5</ele>
      </trkpt>
      <trkpt lat="30.63608" lon="-99.25955">
        <ele>417.4</ele>
      </trkpt>
      <trkpt lat="30.63623" lon="-99.25948">
        <ele>417.5</ele>
      </trkpt>
      <trkpt lat="30.6364" lon="-99.2594">
        <ele>417.5</ele>
      </trkpt>
      <trkpt lat="30.63663" lon="-99.2593">
        <ele>417.3</ele>
      </trkpt>
      <trkpt lat="30.63683" lon="-99.25923">
        <ele>416.3</ele>
      </trkpt>
      <trkpt lat="30.63699" lon="-99.25916">
        <ele>415.5</ele>
      </trkpt>
      <trkpt lat="30.63707" lon="-99.25913">
        <ele>415.0</ele>
      </trkpt>
      <trkpt lat="30.63709" lon="-99.25912">
        <ele>414.9</ele>
      </trkpt>
      <trkpt lat="30.6372" lon="-99.25907">
        <ele>415.1</ele>
      </trkpt>
      <trkpt lat="30.63735" lon="-99.25901">
        <ele>415.8</ele>
      </trkpt>
      <trkpt lat="30.63744" lon="-99.25896">
        <ele>416.2</ele>
      </trkpt>
      <trkpt lat="30.6376" lon="-99.25889">
        <ele>416.4</ele>
      </trkpt>
      <trkpt lat="30.6377" lon="-99.25885">
        <ele>416.4</ele>
      </trkpt>
      <trkpt lat="30.63787" lon="-99.25876">
        <ele>416.5</ele>
      </trkpt>
      <trkpt lat="30.63793" lon="-99.25874">
        <ele>416.4</ele>
      </trkpt>
      <trkpt lat="30.63808" lon="-99.25867">
        <ele>416.2</ele>
      </trkpt>
      <trkpt lat="30.6382" lon="-99.25861">
        <ele>415.8</ele>
      </trkpt>
      <trkpt lat="30.63826" lon="-99.25858">
        <ele>415.4</ele>
      </trkpt>
      <trkpt lat="30.6383" lon="-99.25856">
        <ele>415.1</ele>
      </trkpt>
      <trkpt lat="30.63838" lon="-99.25853">
        <ele>414.4</ele>
      </trkpt>
      <trkpt lat="30.63842" lon="-99.25852">
        <ele>414.1</ele>
      </trkpt>
      <trkpt lat="30.63853" lon="-99.25847">
        <ele>413.6</ele>
      </trkpt>
      <trkpt lat="30.6386" lon="-99.25845">
        <ele>413.4</ele>
      </trkpt>
      <trkpt lat="30.63866" lon="-99.25842">
        <ele>413.4</ele>
      </trkpt>
      <trkpt lat="30.63868" lon="-99.25842">
        <ele>413.3</ele>
      </trkpt>
      <trkpt lat="30.63878" lon="-99.25837">
        <ele>413.3</ele>
      </trkpt>
      <trkpt lat="30.63901" lon="-99.25826">
        <ele>413.2</ele>
      </trkpt>
      <trkpt lat="30.63918" lon="-99.25817">
        <ele>413.1</ele>
      </trkpt>
      <trkpt lat="30.63931" lon="-99.2581">
        <ele>413.0</ele>
      </trkpt>
      <trkpt lat="30.63932" lon="-99.25809">
        <ele>413.0</ele>
      </trkpt>
      <trkpt lat="30.63945" lon="-99.25802">
        <ele>412.9</ele>
      </trkpt>
      <trkpt lat="30.63953" lon="-99.25797">
        <ele>412.9</ele>
      </trkpt>
      <trkpt lat="30.63962" lon="-99.25792">
        <ele>412.8</ele>
      </trkpt>
      <trkpt lat="30.6398" lon="-99.2578">
        <ele>412.6</ele>
      </trkpt>
      <trkpt lat="30.63982" lon="-99.25779">
        <ele>412.6</ele>
      </trkpt>
      <trkpt lat="30.64005" lon="-99.25763">
        <ele>411.7</ele>
      </trkpt>
      <trkpt lat="30.64023" lon="-99.25751">
        <ele>409.8</ele>
      </trkpt>
      <trkpt lat="30.64026" lon="-99.25748">
        <ele>409.4</ele>
      </trkpt>
      <trkpt lat="30.64048" lon="-99.25734">
        <ele>409.0</ele>
      </trkpt>
      <trkpt lat="30.64091" lon="-99.25705">
        <ele>411.9</ele>
      </trkpt>
      <trkpt lat="30.64098" lon="-99.25701">
        <ele>412.3</ele>
      </trkpt>
      <trkpt lat="30.64109" lon="-99.25693">
        <ele>412.9</ele>
      </trkpt>
      <trkpt lat="30.64125" lon="-99.25683">
        <ele>413.0</ele>
      </trkpt>
      <trkpt lat="30.64129" lon="-99.25681">
        <ele>412.9</ele>
      </trkpt>
      <trkpt lat="30.64138" lon="-99.25675">
        <ele>412.9</ele>
      </trkpt>
      <trkpt lat="30.64145" lon="-99.2567">
        <ele>412.9</ele>
      </trkpt>
      <trkpt lat="30.64149" lon="-99.25667">
        <ele>412.9</ele>
      </trkpt>
      <trkpt lat="30.64159" lon="-99.2566">
        <ele>412.9</ele>
      </trkpt>
      <trkpt lat="30.6416" lon="-99.2566">
        <ele>412.9</ele>
      </trkpt>
      <trkpt lat="30.64183" lon="-99.25645">
        <ele>413.0</ele>
      </trkpt>
      <trkpt lat="30.642" lon="-99.25633">
        <ele>413.3</ele>
      </trkpt>
      <trkpt lat="30.64207" lon="-99.25629">
        <ele>413.3</ele>
      </trkpt>
      <trkpt lat="30.64218" lon="-99.25622">
        <ele>413.3</ele>
      </trkpt>
      <trkpt lat="30.64232" lon="-99.25613">
        <ele>413.4</ele>
      </trkpt>
      <trkpt lat="30.64239" lon="-99.2561">
        <ele>413.3</ele>
      </trkpt>
      <trkpt lat="30.64243" lon="-99.25607">
        <ele>413.3</ele>
      </trkpt>
      <trkpt lat="30.64255" lon="-99.256">
        <ele>413.3</ele>
      </trkpt>
      <trkpt lat="30.64257" lon="-99.25599">
        <ele>413.3</ele>
      </trkpt>
      <trkpt lat="30.64278" lon="-99.25587">
        <ele>413.1</ele>
      </trkpt>
      <trkpt lat="30.64287" lon="-99.25581">
        <ele>413.1</ele>
      </trkpt>
      <trkpt lat="30.64295" lon="-99.25576">
        <ele>413.0</ele>
      </trkpt>
      <trkpt lat="30.64303" lon="-99.2557">
        <ele>413.0</ele>
      </trkpt>
      <trkpt lat="30.64309" lon="-99.25565">
        <ele>413.0</ele>
      </trkpt>
      <trkpt lat="30.64318" lon="-99.25557">
        <ele>413.1</ele>
      </trkpt>
      <trkpt lat="30.64328" lon="-99.25548">
        <ele>413.0</ele>
      </trkpt>
      <trkpt lat="30.64331" lon="-99.25544">
        <ele>413.0</ele>
      </trkpt>
      <trkpt lat="30.64337" lon="-99.25538">
        <ele>412.9</ele>
      </trkpt>
      <trkpt lat="30.64344" lon="-99.2553">
        <ele>413.0</ele>
      </trkpt>
      <trkpt lat="30.64344" lon="-99.25529">
        <ele>413.0</ele>
      </trkpt>
      <trkpt lat="30.64354" lon="-99.25516">
        <ele>413.5</ele>
      </trkpt>
      <trkpt lat="30.64356" lon="-99.25514">
        <ele>413.6</ele>
      </trkpt>
      <trkpt lat="30.64361" lon="-99.25507">
        <ele>414.1</ele>
      </trkpt>
      <trkpt lat="30.64367" lon="-99.25499">
        <ele>414.8</ele>
      </trkpt>
      <trkpt lat="30.64374" lon="-99.2549">
        <ele>415.7</ele>
      </trkpt>
      <trkpt lat="30.64381" lon="-99.2548">
        <ele>416.8</ele>
      </trkpt>
      <trkpt lat="30.64388" lon="-99.25469">
        <ele>418.1</ele>
      </trkpt>
      <trkpt lat="30.6439" lon="-99.25466">
        <ele>418.6</ele>
      </trkpt>
      <trkpt lat="30.64396" lon="-99.25456">
        <ele>420.0</ele>
      </trkpt>
      <trkpt lat="30.6441" lon="-99.25431">
        <ele>421.4</ele>
      </trkpt>
      <trkpt lat="30.64416" lon="-99.2542">
        <ele>421.9</ele>
      </trkpt>
      <trkpt lat="30.64426" lon="-99.25402">
        <ele>423.8</ele>
      </trkpt>
      <trkpt lat="30.64433" lon="-99.25392">
        <ele>424.8</ele>
      </trkpt>
      <trkpt lat="30.64442" lon="-99.25379">
        <ele>425.5</ele>
      </trkpt>
      <trkpt lat="30.64446" lon="-99.25374">
        <ele>425.9</ele>
      </trkpt>
      <trkpt lat="30.64459" lon="-99.25357">
        <ele>427.8</ele>
      </trkpt>
      <trkpt lat="30.64467" lon="-99.25348">
        <ele>429.2</ele>
      </trkpt>
      <trkpt lat="30.64474" lon="-99.2534">
        <ele>429.8</ele>
      </trkpt>
      <trkpt lat="30.64479" lon="-99.25333">
        <ele>430.0</ele>
      </trkpt>
      <trkpt lat="30.64484" lon="-99.25328">
        <ele>430.1</ele>
      </trkpt>
      <trkpt lat="30.64487" lon="-99.25323">
        <ele>430.1</ele>
      </trkpt>
      <trkpt lat="30.64491" lon="-99.25318">
        <ele>430.0</ele>
      </trkpt>
      <trkpt lat="30.64492" lon="-99.25316">
        <ele>430.0</ele>
      </trkpt>
      <trkpt lat="30.64497" lon="-99.25307">
        <ele>429.7</ele>
      </trkpt>
      <trkpt lat="30.64501" lon="-99.253">
        <ele>429.2</ele>
      </trkpt>
      <trkpt lat="30.64503" lon="-99.25294">
        <ele>429.0</ele>
      </trkpt>
      <trkpt lat="30.64508" lon="-99.25284">
        <ele>428.6</ele>
      </trkpt>
      <trkpt lat="30.64509" lon="-99.25282">
        <ele>428.6</ele>
      </trkpt>
      <trkpt lat="30.64519" lon="-99.2526">
        <ele>429.0</ele>
      </trkpt>
      <trkpt lat="30.64526" lon="-99.25247">
        <ele>429.0</ele>
      </trkpt>
      <trkpt lat="30.64527" lon="-99.25245">
        <ele>429.0</ele>
      </trkpt>
      <trkpt lat="30.64536" lon="-99.25227">
        <ele>430.0</ele>
      </trkpt>
      <trkpt lat="30.64545" lon="-99.25209">
        <ele>430.9</ele>
      </trkpt>
      <trkpt lat="30.64551" lon="-99.25198">
        <ele>430.9</ele>
      </trkpt>
      <trkpt lat="30.64554" lon="-99.25192">
        <ele>430.7</ele>
      </trkpt>
      <trkpt lat="30.64554" lon="-99.25191">
        <ele>430.7</ele>
      </trkpt>
      <trkpt lat="30.64556" lon="-99.25186">
        <ele>430.6</ele>
      </trkpt>
      <trkpt lat="30.64557" lon="-99.2518">
        <ele>430.4</ele>
      </trkpt>
      <trkpt lat="30.64559" lon="-99.25175">
        <ele>430.1</ele>
      </trkpt>
      <trkpt lat="30.6456" lon="-99.25168">
        <ele>429.9</ele>
      </trkpt>
      <trkpt lat="30.64561" lon="-99.25162">
        <ele>429.7</ele>
      </trkpt>
      <trkpt lat="30.64561" lon="-99.2516">
        <ele>429.6</ele>
      </trkpt>
      <trkpt lat="30.64562" lon="-99.25148">
        <ele>429.3</ele>
      </trkpt>
      <trkpt lat="30.64562" lon="-99.25141">
        <ele>429.2</ele>
      </trkpt>
      <trkpt lat="30.64563" lon="-99.25131">
        <ele>429.0</ele>
      </trkpt>
      <trkpt lat="30.64564" lon="-99.25108">
        <ele>428.2</ele>
      </trkpt>
      <trkpt lat="30.64565" lon="-99.25078">
        <ele>425.2</ele>
      </trkpt>
      <trkpt lat="30.64565" lon="-99.25071">
        <ele>424.4</ele>
      </trkpt>
      <trkpt lat="30.64566" lon="-99.25057">
        <ele>424.1</ele>
      </trkpt>
      <trkpt lat="30.64567" lon="-99.2504">
        <ele>424.6</ele>
      </trkpt>
      <trkpt lat="30.64569" lon="-99.25011">
        <ele>425.8</ele>
      </trkpt>
      <trkpt lat="30.6457" lon="-99.24995">
        <ele>426.3</ele>
      </trkpt>
      <trkpt lat="30.6457" lon="-99.24993">
        <ele>426.3</ele>
      </trkpt>
      <trkpt lat="30.64571" lon="-99.24986">
        <ele>426.4</ele>
      </trkpt>
      <trkpt lat="30.64571" lon="-99.24977">
        <ele>426.7</ele>
      </trkpt>
      <trkpt lat="30.64571" lon="-99.24974">
        <ele>426.7</ele>
      </trkpt>
      <trkpt lat="30.6457" lon="-99.24967">
        <ele>426.7</ele>
      </trkpt>
      <trkpt lat="30.64569" lon="-99.24955">
        <ele>426.2</ele>
      </trkpt>
      <trkpt lat="30.64567" lon="-99.24938">
        <ele>425.4</ele>
      </trkpt>
      <trkpt lat="30.64565" lon="-99.24922">
        <ele>425.1</ele>
      </trkpt>
      <trkpt lat="30.64564" lon="-99.24912">
        <ele>424.9</ele>
      </trkpt>
      <trkpt lat="30.64564" lon="-99.2491">
        <ele>424.8</ele>
      </trkpt>
      <trkpt lat="30.64563" lon="-99.24896">
        <ele>424.6</ele>
      </trkpt>
      <trkpt lat="30.64562" lon="-99.24891">
        <ele>424.5</ele>
      </trkpt>
      <trkpt lat="30.64561" lon="-99.2487">
        <ele>423.8</ele>
      </trkpt>
      <trkpt lat="30.6456" lon="-99.24863">
        <ele>423.6</ele>
      </trkpt>
      <trkpt lat="30.64559" lon="-99.24835">
        <ele>422.3</ele>
      </trkpt>
      <trkpt lat="30.64558" lon="-99.24828">
        <ele>422.0</ele>
      </trkpt>
      <trkpt lat="30.64557" lon="-99.24814">
        <ele>421.3</ele>
      </trkpt>
      <trkpt lat="30.64557" lon="-99.24808">
        <ele>420.9</ele>
      </trkpt>
      <trkpt lat="30.64557" lon="-99.24793">
        <ele>420.3</ele>
      </trkpt>
      <trkpt lat="30.64556" lon="-99.2478">
        <ele>419.5</ele>
      </trkpt>
      <trkpt lat="30.64556" lon="-99.24779">
        <ele>419.4</ele>
      </trkpt>
      <trkpt lat="30.64555" lon="-99.24767">
        <ele>418.2</ele>
      </trkpt>
      <trkpt lat="30.64555" lon="-99.24759">
        <ele>417.5</ele>
      </trkpt>
      <trkpt lat="30.64554" lon="-99.2475">
        <ele>416.8</ele>
      </trkpt>
      <trkpt lat="30.64552" lon="-99.24717">
        <ele>414.4</ele>
      </trkpt>
      <trkpt lat="30.64551" lon="-99.24696">
        <ele>413.6</ele>
      </trkpt>
      <trkpt lat="30.64551" lon="-99.24677">
        <ele>414.2</ele>
      </trkpt>
      <trkpt lat="30.64552" lon="-99.24672">
        <ele>414.3</ele>
      </trkpt>
      <trkpt lat="30.64554" lon="-99.24669">
        <ele>414.4</ele>
      </trkpt>
      <trkpt lat="30.64555" lon="-99.24667">
        <ele>414.5</ele>
      </trkpt>
      <trkpt lat="30.64557" lon="-99.24664">
        <ele>414.6</ele>
      </trkpt>
      <trkpt lat="30.64559" lon="-99.24662">
        <ele>414.7</ele>
      </trkpt>
      <trkpt lat="30.64568" lon="-99.24652">
        <ele>414.9</ele>
      </trkpt>
      <trkpt lat="30.64568" lon="-99.24652">
        <ele>414.9</ele>
      </trkpt>
      <trkpt lat="30.64577" lon="-99.24663">
        <ele>414.2</ele>
      </trkpt>
      <trkpt lat="30.64591" lon="-99.24678">
        <ele>412.8</ele>
      </trkpt>
      <trkpt lat="30.64601" lon="-99.24689">
        <ele>412.1</ele>
      </trkpt>
      <trkpt lat="30.64606" lon="-99.24695">
        <ele>411.9</ele>
      </trkpt>
      <trkpt lat="30.64608" lon="-99.24697">
        <ele>411.8</ele>
      </trkpt>
      <trkpt lat="30.64616" lon="-99.24706">
        <ele>411.4</ele>
      </trkpt>
      <trkpt lat="30.6462" lon="-99.24712">
        <ele>411.3</ele>
      </trkpt>
      <trkpt lat="30.64644" lon="-99.24743">
        <ele>410.3</ele>
      </trkpt>
      <trkpt lat="30.64688" lon="-99.24797">
        <ele>410.3</ele>
      </trkpt>
      <trkpt lat="30.64699" lon="-99.24812">
        <ele>410.1</ele>
      </trkpt>
      <trkpt lat="30.64714" lon="-99.24826">
        <ele>409.5</ele>
      </trkpt>
      <trkpt lat="30.64731" lon="-99.24841">
        <ele>408.7</ele>
      </trkpt>
      <trkpt lat="30.64776" lon="-99.2488">
        <ele>404.4</ele>
      </trkpt>
      <trkpt lat="30.64788" lon="-99.24891">
        <ele>403.1</ele>
      </trkpt>
      <trkpt lat="30.64803" lon="-99.24904">
        <ele>402.9</ele>
      </trkpt>
      <trkpt lat="30.64804" lon="-99.24905">
        <ele>402.9</ele>
      </trkpt>
      <trkpt lat="30.64814" lon="-99.24913">
        <ele>402.8</ele>
      </trkpt>
      <trkpt lat="30.64816" lon="-99.24915">
        <ele>402.8</ele>
      </trkpt>
      <trkpt lat="30.64818" lon="-99.24916">
        <ele>402.8</ele>
      </trkpt>
      <trkpt lat="30.64827" lon="-99.24923">
        <ele>402.7</ele>
      </trkpt>
      <trkpt lat="30.64832" lon="-99.24927">
        <ele>402.7</ele>
      </trkpt>
      <trkpt lat="30.64847" lon="-99.24939">
        <ele>402.5</ele>
      </trkpt>
      <trkpt lat="30.64877" lon="-99.24963">
        <ele>402.3</ele>
      </trkpt>
      <trkpt lat="30.64892" lon="-99.24975">
        <ele>402.4</ele>
      </trkpt>
      <trkpt lat="30.64907" lon="-99.24987">
        <ele>402.5</ele>
      </trkpt>
      <trkpt lat="30.64922" lon="-99.24998">
        <ele>402.5</ele>
      </trkpt>
      <trkpt lat="30.64937" lon="-99.25009">
        <ele>402.4</ele>
      </trkpt>
      <trkpt lat="30.64977" lon="-99.25039">
        <ele>402.0</ele>
      </trkpt>
      <trkpt lat="30.64997" lon="-99.25055">
        <ele>401.5</ele>
      </trkpt>
      <trkpt lat="30.65007" lon="-99.25063">
        <ele>400.9</ele>
      </trkpt>
      <trkpt lat="30.65012" lon="-99.25067">
        <ele>400.7</ele>
      </trkpt>
      <trkpt lat="30.65014" lon="-99.25069">
        <ele>400.7</ele>
      </trkpt>
      <trkpt lat="30.65021" lon="-99.25074">
        <ele>400.8</ele>
      </trkpt>
      <trkpt lat="30.65027" lon="-99.25078">
        <ele>401.6</ele>
      </trkpt>
      <trkpt lat="30.65042" lon="-99.2509">
        <ele>405.2</ele>
      </trkpt>
      <trkpt lat="30.65048" lon="-99.25094">
        <ele>406.5</ele>
      </trkpt>
      <trkpt lat="30.65058" lon="-99.251">
        <ele>407.4</ele>
      </trkpt>
      <trkpt lat="30.65078" lon="-99.2511">
        <ele>409.3</ele>
      </trkpt>
      <trkpt lat="30.65091" lon="-99.25116">
        <ele>411.1</ele>
      </trkpt>
      <trkpt lat="30.65102" lon="-99.2512">
        <ele>412.6</ele>
      </trkpt>
      <trkpt lat="30.65121" lon="-99.25126">
        <ele>413.7</ele>
      </trkpt>
      <trkpt lat="30.65126" lon="-99.25127">
        <ele>414.1</ele>
      </trkpt>
      <trkpt lat="30.65151" lon="-99.25132">
        <ele>416.8</ele>
      </trkpt>
      <trkpt lat="30.65161" lon="-99.25133">
        <ele>418.2</ele>
      </trkpt>
      <trkpt lat="30.65176" lon="-99.25134">
        <ele>419.9</ele>
      </trkpt>
      <trkpt lat="30.65179" lon="-99.25134">
        <ele>420.1</ele>
      </trkpt>
      <trkpt lat="30.65197" lon="-99.25134">
        <ele>421.2</ele>
      </trkpt>
      <trkpt lat="30.65201" lon="-99.25135">
        <ele>421.4</ele>
      </trkpt>
      <trkpt lat="30.65216" lon="-99.25134">
        <ele>422.1</ele>
      </trkpt>
      <trkpt lat="30.65242" lon="-99.25132">
        <ele>423.3</ele>
      </trkpt>
      <trkpt lat="30.65245" lon="-99.25131">
        <ele>423.5</ele>
      </trkpt>
      <trkpt lat="30.65251" lon="-99.25129">
        <ele>423.7</ele>
      </trkpt>
      <trkpt lat="30.65263" lon="-99.25126">
        <ele>424.4</ele>
      </trkpt>
      <trkpt lat="30.65264" lon="-99.25126">
        <ele>424.4</ele>
      </trkpt>
      <trkpt lat="30.65281" lon="-99.25121">
        <ele>425.5</ele>
      </trkpt>
      <trkpt lat="30.65289" lon="-99.25119">
        <ele>426.1</ele>
      </trkpt>
      <trkpt lat="30.65297" lon="-99.25116">
        <ele>426.6</ele>
      </trkpt>
      <trkpt lat="30.65299" lon="-99.25115">
        <ele>426.7</ele>
      </trkpt>
      <trkpt lat="30.65302" lon="-99.25114">
        <ele>426.9</ele>
      </trkpt>
      <trkpt lat="30.65316" lon="-99.25108">
        <ele>427.4</ele>
      </trkpt>
      <trkpt lat="30.6532" lon="-99.25106">
        <ele>427.5</ele>
      </trkpt>
      <trkpt lat="30.65331" lon="-99.251">
        <ele>427.8</ele>
      </trkpt>
      <trkpt lat="30.6538" lon="-99.2507">
        <ele>429.7</ele>
      </trkpt>
      <trkpt lat="30.65409" lon="-99.25051">
        <ele>430.7</ele>
      </trkpt>
      <trkpt lat="30.65426" lon="-99.25041">
        <ele>431.5</ele>
      </trkpt>
      <trkpt lat="30.65459" lon="-99.25021">
        <ele>433.0</ele>
      </trkpt>
      <trkpt lat="30.65483" lon="-99.25006">
        <ele>434.3</ele>
      </trkpt>
      <trkpt lat="30.65531" lon="-99.24976">
        <ele>438.9</ele>
      </trkpt>
      <trkpt lat="30.65538" lon="-99.24972">
        <ele>439.9</ele>
      </trkpt>
      <trkpt lat="30.65547" lon="-99.24966">
        <ele>439.7</ele>
      </trkpt>
      <trkpt lat="30.6556" lon="-99.24958">
        <ele>439.7</ele>
      </trkpt>
      <trkpt lat="30.65562" lon="-99.24956">
        <ele>439.8</ele>
      </trkpt>
      <trkpt lat="30.65586" lon="-99.24944">
        <ele>442.1</ele>
      </trkpt>
      <trkpt lat="30.65595" lon="-99.24939">
        <ele>443.0</ele>
      </trkpt>
      <trkpt lat="30.65611" lon="-99.2493">
        <ele>443.8</ele>
      </trkpt>
      <trkpt lat="30.65618" lon="-99.24927">
        <ele>443.9</ele>
      </trkpt>
      <trkpt lat="30.6562" lon="-99.24926">
        <ele>443.9</ele>
      </trkpt>
      <trkpt lat="30.65637" lon="-99.24918">
        <ele>444.2</ele>
      </trkpt>
      <trkpt lat="30.65645" lon="-99.24915">
        <ele>444.2</ele>
      </trkpt>
      <trkpt lat="30.6565" lon="-99.24914">
        <ele>444.2</ele>
      </trkpt>
      <trkpt lat="30.65652" lon="-99.24913">
        <ele>444.1</ele>
      </trkpt>
      <trkpt lat="30.65662" lon="-99.24909">
        <ele>443.8</ele>
      </trkpt>
      <trkpt lat="30.65696" lon="-99.24895">
        <ele>441.2</ele>
      </trkpt>
      <trkpt lat="30.6573" lon="-99.24882">
        <ele>439.9</ele>
      </trkpt>
      <trkpt lat="30.65769" lon="-99.24865">
        <ele>436.3</ele>
      </trkpt>
      <trkpt lat="30.65798" lon="-99.24854">
        <ele>434.5</ele>
      </trkpt>
      <trkpt lat="30.65815" lon="-99.24848">
        <ele>433.8</ele>
      </trkpt>
      <trkpt lat="30.65832" lon="-99.24842">
        <ele>433.7</ele>
      </trkpt>
      <trkpt lat="30.65865" lon="-99.2483">
        <ele>433.1</ele>
      </trkpt>
      <trkpt lat="30.65867" lon="-99.24829">
        <ele>433.1</ele>
      </trkpt>
      <trkpt lat="30.65884" lon="-99.24824">
        <ele>433.4</ele>
      </trkpt>
      <trkpt lat="30.65895" lon="-99.2482">
        <ele>433.8</ele>
      </trkpt>
      <trkpt lat="30.65918" lon="-99.2481">
        <ele>435.2</ele>
      </trkpt>
      <trkpt lat="30.65938" lon="-99.248">
        <ele>437.2</ele>
      </trkpt>
      <trkpt lat="30.65972" lon="-99.24787">
        <ele>439.8</ele>
      </trkpt>
      <trkpt lat="30.6602" lon="-99.2477">
        <ele>443.0</ele>
      </trkpt>
      <trkpt lat="30.66072" lon="-99.24751">
        <ele>443.9</ele>
      </trkpt>
      <trkpt lat="30.66106" lon="-99.24739">
        <ele>444.0</ele>
      </trkpt>
      <trkpt lat="30.66122" lon="-99.24733">
        <ele>444.1</ele>
      </trkpt>
      <trkpt lat="30.66123" lon="-99.24733">
        <ele>444.0</ele>
      </trkpt>
      <trkpt lat="30.66144" lon="-99.24727">
        <ele>442.7</ele>
      </trkpt>
      <trkpt lat="30.66159" lon="-99.24724">
        <ele>441.3</ele>
      </trkpt>
      <trkpt lat="30.66181" lon="-99.24718">
        <ele>440.0</ele>
      </trkpt>
      <trkpt lat="30.66203" lon="-99.24714">
        <ele>439.5</ele>
      </trkpt>
      <trkpt lat="30.66211" lon="-99.24712">
        <ele>439.1</ele>
      </trkpt>
      <trkpt lat="30.66214" lon="-99.24712">
        <ele>439.0</ele>
      </trkpt>
      <trkpt lat="30.66229" lon="-99.24709">
        <ele>439.0</ele>
      </trkpt>
      <trkpt lat="30.66247" lon="-99.24707">
        <ele>439.3</ele>
      </trkpt>
      <trkpt lat="30.66254" lon="-99.24706">
        <ele>439.5</ele>
      </trkpt>
      <trkpt lat="30.66265" lon="-99.24704">
        <ele>439.6</ele>
      </trkpt>
      <trkpt lat="30.66269" lon="-99.24704">
        <ele>439.7</ele>
      </trkpt>
      <trkpt lat="30.66283" lon="-99.24703">
        <ele>440.1</ele>
      </trkpt>
      <trkpt lat="30.66293" lon="-99.24702">
        <ele>440.4</ele>
      </trkpt>
      <trkpt lat="30.66474" lon="-99.24696">
        <ele>445.8</ele>
      </trkpt>
      <trkpt lat="30.6651" lon="-99.24695">
        <ele>446.3</ele>
      </trkpt>
      <trkpt lat="30.66528" lon="-99.24695">
        <ele>446.0</ele>
      </trkpt>
      <trkpt lat="30.66534" lon="-99.24695">
        <ele>445.9</ele>
      </trkpt>
      <trkpt lat="30.66564" lon="-99.24695">
        <ele>445.3</ele>
      </trkpt>
      <trkpt lat="30.66567" lon="-99.24695">
        <ele>445.3</ele>
      </trkpt>
      <trkpt lat="30.66582" lon="-99.24694">
        <ele>445.2</ele>
      </trkpt>
      <trkpt lat="30.66598" lon="-99.24694">
        <ele>444.9</ele>
      </trkpt>
      <trkpt lat="30.66625" lon="-99.24693">
        <ele>443.8</ele>
      </trkpt>
      <trkpt lat="30.66643" lon="-99.24691">
        <ele>443.1</ele>
      </trkpt>
      <trkpt lat="30.66657" lon="-99.24689">
        <ele>442.6</ele>
      </trkpt>
      <trkpt lat="30.66673" lon="-99.24686">
        <ele>441.9</ele>
      </trkpt>
      <trkpt lat="30.66685" lon="-99.24682">
        <ele>441.5</ele>
      </trkpt>
      <trkpt lat="30.66694" lon="-99.24678">
        <ele>441.2</ele>
      </trkpt>
      <trkpt lat="30.6672" lon="-99.24666">
        <ele>440.4</ele>
      </trkpt>
      <trkpt lat="30.66722" lon="-99.24665">
        <ele>440.4</ele>
      </trkpt>
      <trkpt lat="30.66741" lon="-99.24654">
        <ele>439.9</ele>
      </trkpt>
      <trkpt lat="30.66761" lon="-99.24638">
        <ele>439.3</ele>
      </trkpt>
      <trkpt lat="30.66776" lon="-99.24624">
        <ele>439.0</ele>
      </trkpt>
      <trkpt lat="30.66799" lon="-99.24602">
        <ele>439.0</ele>
      </trkpt>
      <trkpt lat="30.668" lon="-99.24601">
        <ele>439.0</ele>
      </trkpt>
      <trkpt lat="30.66817" lon="-99.24581">
        <ele>439.0</ele>
      </trkpt>
      <trkpt lat="30.66821" lon="-99.24576">
        <ele>439.0</ele>
      </trkpt>
      <trkpt lat="30.66833" lon="-99.24559">
        <ele>439.0</ele>
      </trkpt>
      <trkpt lat="30.66844" lon="-99.24542">
        <ele>438.9</ele>
      </trkpt>
      <trkpt lat="30.66854" lon="-99.24525">
        <ele>438.5</ele>
      </trkpt>
      <trkpt lat="30.6686" lon="-99.24514">
        <ele>438.3</ele>
      </trkpt>
      <trkpt lat="30.66871" lon="-99.24494">
        <ele>438.2</ele>
      </trkpt>
      <trkpt lat="30.66897" lon="-99.24443">
        <ele>438.0</ele>
      </trkpt>
      <trkpt lat="30.66908" lon="-99.24422">
        <ele>437.8</ele>
      </trkpt>
      <trkpt lat="30.66919" lon="-99.24404">
        <ele>437.7</ele>
      </trkpt>
      <trkpt lat="30.66941" lon="-99.24373">
        <ele>437.5</ele>
      </trkpt>
      <trkpt lat="30.66958" lon="-99.24352">
        <ele>437.1</ele>
      </trkpt>
      <trkpt lat="30.66972" lon="-99.24338">
        <ele>436.8</ele>
      </trkpt>
      <trkpt lat="30.66991" lon="-99.24321">
        <ele>436.4</ele>
      </trkpt>
      <trkpt lat="30.67021" lon="-99.24298">
        <ele>435.8</ele>
      </trkpt>
      <trkpt lat="30.67035" lon="-99.2429">
        <ele>435.5</ele>
      </trkpt>
      <trkpt lat="30.67037" lon="-99.24289">
        <ele>435.5</ele>
      </trkpt>
      <trkpt lat="30.67052" lon="-99.24281">
        <ele>435.2</ele>
      </trkpt>
      <trkpt lat="30.67054" lon="-99.2428">
        <ele>435.2</ele>
      </trkpt>
      <trkpt lat="30.67074" lon="-99.24272">
        <ele>434.9</ele>
      </trkpt>
      <trkpt lat="30.67093" lon="-99.24266">
        <ele>434.6</ele>
      </trkpt>
      <trkpt lat="30.67103" lon="-99.24263">
        <ele>434.5</ele>
      </trkpt>
      <trkpt lat="30.67137" lon="-99.24257">
        <ele>433.8</ele>
      </trkpt>
      <trkpt lat="30.67156" lon="-99.24254">
        <ele>433.2</ele>
      </trkpt>
      <trkpt lat="30.67174" lon="-99.24251">
        <ele>431.7</ele>
      </trkpt>
      <trkpt lat="30.67192" lon="-99.24249">
        <ele>431.3</ele>
      </trkpt>
      <trkpt lat="30.6721" lon="-99.24246">
        <ele>433.0</ele>
      </trkpt>
      <trkpt lat="30.67228" lon="-99.24244">
        <ele>437.0</ele>
      </trkpt>
      <trkpt lat="30.67246" lon="-99.24242">
        <ele>438.7</ele>
      </trkpt>
      <trkpt lat="30.67291" lon="-99.24235">
        <ele>442.2</ele>
      </trkpt>
      <trkpt lat="30.67299" lon="-99.24234">
        <ele>442.4</ele>
      </trkpt>
      <trkpt lat="30.67335" lon="-99.24229">
        <ele>443.1</ele>
      </trkpt>
      <trkpt lat="30.67353" lon="-99.24227">
        <ele>443.3</ele>
      </trkpt>
      <trkpt lat="30.67364" lon="-99.24225">
        <ele>443.3</ele>
      </trkpt>
      <trkpt lat="30.67386" lon="-99.24222">
        <ele>443.4</ele>
      </trkpt>
      <trkpt lat="30.67389" lon="-99.24222">
        <ele>443.4</ele>
      </trkpt>
      <trkpt lat="30.674" lon="-99.2422">
        <ele>443.2</ele>
      </trkpt>
      <trkpt lat="30.67475" lon="-99.24211">
        <ele>441.4</ele>
      </trkpt>
      <trkpt lat="30.67486" lon="-99.24211">
        <ele>442.9</ele>
      </trkpt>
      <trkpt lat="30.67493" lon="-99.24211">
        <ele>443.9</ele>
      </trkpt>
      <trkpt lat="30.67496" lon="-99.24211">
        <ele>444.3</ele>
      </trkpt>
      <trkpt lat="30.67498" lon="-99.2421">
        <ele>444.5</ele>
      </trkpt>
      <trkpt lat="30.67503" lon="-99.2421">
        <ele>444.9</ele>
      </trkpt>
      <trkpt lat="30.67513" lon="-99.24208">
        <ele>445.5</ele>
      </trkpt>
      <trkpt lat="30.6752" lon="-99.24207">
        <ele>446.0</ele>
      </trkpt>
      <trkpt lat="30.67521" lon="-99.24207">
        <ele>446.0</ele>
      </trkpt>
      <trkpt lat="30.67524" lon="-99.24206">
        <ele>446.4</ele>
      </trkpt>
      <trkpt lat="30.67528" lon="-99.24205">
        <ele>446.8</ele>
      </trkpt>
      <trkpt lat="30.67532" lon="-99.24204">
        <ele>447.5</ele>
      </trkpt>
      <trkpt lat="30.67537" lon="-99.24203">
        <ele>448.4</ele>
      </trkpt>
      <trkpt lat="30.67556" lon="-99.24199">
        <ele>451.2</ele>
      </trkpt>
      <trkpt lat="30.67564" lon="-99.24197">
        <ele>451.7</ele>
      </trkpt>
      <trkpt lat="30.67573" lon="-99.24195">
        <ele>452.2</ele>
      </trkpt>
      <trkpt lat="30.67579" lon="-99.24194">
        <ele>452.5</ele>
      </trkpt>
      <trkpt lat="30.67584" lon="-99.24193">
        <ele>452.6</ele>
      </trkpt>
      <trkpt lat="30.67589" lon="-99.24191">
        <ele>452.8</ele>
      </trkpt>
      <trkpt lat="30.67595" lon="-99.24189">
        <ele>453.1</ele>
      </trkpt>
      <trkpt lat="30.67609" lon="-99.24185">
        <ele>453.7</ele>
      </trkpt>
      <trkpt lat="30.67612" lon="-99.24184">
        <ele>453.9</ele>
      </trkpt>
      <trkpt lat="30.67617" lon="-99.24182">
        <ele>454.3</ele>
      </trkpt>
      <trkpt lat="30.67621" lon="-99.2418">
        <ele>454.6</ele>
      </trkpt>
      <trkpt lat="30.6763" lon="-99.24177">
        <ele>455.2</ele>
      </trkpt>
      <trkpt lat="30.67635" lon="-99.24174">
        <ele>455.6</ele>
      </trkpt>
      <trkpt lat="30.67643" lon="-99.24171">
        <ele>456.3</ele>
      </trkpt>
      <trkpt lat="30.67646" lon="-99.2417">
        <ele>456.5</ele>
      </trkpt>
      <trkpt lat="30.6765" lon="-99.24168">
        <ele>456.8</ele>
      </trkpt>
      <trkpt lat="30.67657" lon="-99.24164">
        <ele>457.3</ele>
      </trkpt>
      <trkpt lat="30.6766" lon="-99.24163">
        <ele>457.4</ele>
      </trkpt>
      <trkpt lat="30.67661" lon="-99.24163">
        <ele>457.4</ele>
      </trkpt>
      <trkpt lat="30.67664" lon="-99.24162">
        <ele>457.5</ele>
      </trkpt>
      <trkpt lat="30.67667" lon="-99.2416">
        <ele>457.6</ele>
      </trkpt>
      <trkpt lat="30.67671" lon="-99.24158">
        <ele>457.8</ele>
      </trkpt>
      <trkpt lat="30.67674" lon="-99.24157">
        <ele>457.9</ele>
      </trkpt>
      <trkpt lat="30.67676" lon="-99.24155">
        <ele>457.9</ele>
      </trkpt>
      <trkpt lat="30.67678" lon="-99.24154">
        <ele>458.0</ele>
      </trkpt>
      <trkpt lat="30.67689" lon="-99.24147">
        <ele>458.3</ele>
      </trkpt>
      <trkpt lat="30.67692" lon="-99.24145">
        <ele>458.4</ele>
      </trkpt>
      <trkpt lat="30.67697" lon="-99.24143">
        <ele>458.5</ele>
      </trkpt>
      <trkpt lat="30.67703" lon="-99.24139">
        <ele>458.6</ele>
      </trkpt>
      <trkpt lat="30.67708" lon="-99.24136">
        <ele>458.6</ele>
      </trkpt>
      <trkpt lat="30.67718" lon="-99.2413">
        <ele>458.7</ele>
      </trkpt>
      <trkpt lat="30.67725" lon="-99.24125">
        <ele>458.8</ele>
      </trkpt>
      <trkpt lat="30.67729" lon="-99.24123">
        <ele>458.8</ele>
      </trkpt>
      <trkpt lat="30.67733" lon="-99.2412">
        <ele>458.8</ele>
      </trkpt>
      <trkpt lat="30.6774" lon="-99.24115">
        <ele>458.9</ele>
      </trkpt>
      <trkpt lat="30.6775" lon="-99.24108">
        <ele>458.9</ele>
      </trkpt>
      <trkpt lat="30.67755" lon="-99.24104">
        <ele>458.8</ele>
      </trkpt>
      <trkpt lat="30.67786" lon="-99.24084">
        <ele>457.8</ele>
      </trkpt>
      <trkpt lat="30.6781" lon="-99.24068">
        <ele>455.5</ele>
      </trkpt>
      <trkpt lat="30.67817" lon="-99.24063">
        <ele>454.9</ele>
      </trkpt>
      <trkpt lat="30.67822" lon="-99.2406">
        <ele>454.5</ele>
      </trkpt>
      <trkpt lat="30.67849" lon="-99.24043">
        <ele>452.2</ele>
      </trkpt>
      <trkpt lat="30.67864" lon="-99.24032">
        <ele>450.2</ele>
      </trkpt>
      <trkpt lat="30.6789" lon="-99.24016">
        <ele>447.0</ele>
      </trkpt>
      <trkpt lat="30.67896" lon="-99.24012">
        <ele>446.6</ele>
      </trkpt>
      <trkpt lat="30.67911" lon="-99.24002">
        <ele>445.6</ele>
      </trkpt>
      <trkpt lat="30.67911" lon="-99.24001">
        <ele>445.6</ele>
      </trkpt>
      <trkpt lat="30.67929" lon="-99.2399">
        <ele>445.6</ele>
      </trkpt>
      <trkpt lat="30.67945" lon="-99.23979">
        <ele>446.5</ele>
      </trkpt>
      <trkpt lat="30.67954" lon="-99.23975">
        <ele>447.2</ele>
      </trkpt>
      <trkpt lat="30.67998" lon="-99.23952">
        <ele>451.8</ele>
      </trkpt>
      <trkpt lat="30.68003" lon="-99.23949">
        <ele>452.1</ele>
      </trkpt>
      <trkpt lat="30.68019" lon="-99.2394">
        <ele>453.1</ele>
      </trkpt>
      <trkpt lat="30.68027" lon="-99.23936">
        <ele>453.6</ele>
      </trkpt>
      <trkpt lat="30.68053" lon="-99.23925">
        <ele>455.2</ele>
      </trkpt>
      <trkpt lat="30.68056" lon="-99.23923">
        <ele>455.3</ele>
      </trkpt>
      <trkpt lat="30.68087" lon="-99.23914">
        <ele>454.9</ele>
      </trkpt>
      <trkpt lat="30.68103" lon="-99.23904">
        <ele>453.7</ele>
      </trkpt>
      <trkpt lat="30.68172" lon="-99.23896">
        <ele>451.7</ele>
      </trkpt>
      <trkpt lat="30.68181" lon="-99.23895">
        <ele>451.9</ele>
      </trkpt>
      <trkpt lat="30.68198" lon="-99.23895">
        <ele>452.3</ele>
      </trkpt>
      <trkpt lat="30.68199" lon="-99.23895">
        <ele>452.3</ele>
      </trkpt>
      <trkpt lat="30.68253" lon="-99.23893">
        <ele>453.5</ele>
      </trkpt>
      <trkpt lat="30.6827" lon="-99.23893">
        <ele>454.0</ele>
      </trkpt>
      <trkpt lat="30.68288" lon="-99.23892">
        <ele>454.5</ele>
      </trkpt>
      <trkpt lat="30.68289" lon="-99.23892">
        <ele>454.5</ele>
      </trkpt>
      <trkpt lat="30.68342" lon="-99.2389">
        <ele>456.2</ele>
      </trkpt>
      <trkpt lat="30.68343" lon="-99.2389">
        <ele>456.2</ele>
      </trkpt>
      <trkpt lat="30.68504" lon="-99.23883">
        <ele>461.8</ele>
      </trkpt>
      <trkpt lat="30.68511" lon="-99.23883">
        <ele>462.4</ele>
      </trkpt>
      <trkpt lat="30.68554" lon="-99.23881">
        <ele>464.1</ele>
      </trkpt>
      <trkpt lat="30.68589" lon="-99.23879">
        <ele>465.5</ele>
      </trkpt>
      <trkpt lat="30.68594" lon="-99.23878">
        <ele>465.7</ele>
      </trkpt>
      <trkpt lat="30.68606" lon="-99.23875">
        <ele>466.2</ele>
      </trkpt>
      <trkpt lat="30.68612" lon="-99.23874">
        <ele>466.5</ele>
      </trkpt>
      <trkpt lat="30.68629" lon="-99.23868">
        <ele>467.2</ele>
      </trkpt>
      <trkpt lat="30.68657" lon="-99.2386">
        <ele>468.1</ele>
      </trkpt>
      <trkpt lat="30.68664" lon="-99.23857">
        <ele>468.2</ele>
      </trkpt>
      <trkpt lat="30.6868" lon="-99.2385">
        <ele>468.4</ele>
      </trkpt>
      <trkpt lat="30.68681" lon="-99.2385">
        <ele>468.5</ele>
      </trkpt>
      <trkpt lat="30.68684" lon="-99.23848">
        <ele>468.5</ele>
      </trkpt>
      <trkpt lat="30.68697" lon="-99.23842">
        <ele>468.6</ele>
      </trkpt>
      <trkpt lat="30.68709" lon="-99.23835">
        <ele>468.4</ele>
      </trkpt>
      <trkpt lat="30.68713" lon="-99.23833">
        <ele>468.3</ele>
      </trkpt>
      <trkpt lat="30.68734" lon="-99.23819">
        <ele>467.6</ele>
      </trkpt>
      <trkpt lat="30.68743" lon="-99.23813">
        <ele>467.8</ele>
      </trkpt>
      <trkpt lat="30.68745" lon="-99.23812">
        <ele>467.8</ele>
      </trkpt>
      <trkpt lat="30.6876" lon="-99.23801">
        <ele>468.2</ele>
      </trkpt>
      <trkpt lat="30.68767" lon="-99.23796">
        <ele>468.4</ele>
      </trkpt>
      <trkpt lat="30.68786" lon="-99.23776">
        <ele>468.4</ele>
      </trkpt>
      <trkpt lat="30.68822" lon="-99.23737">
        <ele>468.4</ele>
      </trkpt>
      <trkpt lat="30.68827" lon="-99.23731">
        <ele>468.4</ele>
      </trkpt>
      <trkpt lat="30.68864" lon="-99.23686">
        <ele>468.2</ele>
      </trkpt>
      <trkpt lat="30.68877" lon="-99.23671">
        <ele>468.1</ele>
      </trkpt>
      <trkpt lat="30.68902" lon="-99.23641">
        <ele>468.4</ele>
      </trkpt>
      <trkpt lat="30.68915" lon="-99.23627">
        <ele>469.2</ele>
      </trkpt>
      <trkpt lat="30.68928" lon="-99.23612">
        <ele>469.6</ele>
      </trkpt>
      <trkpt lat="30.68953" lon="-99.23582">
        <ele>470.7</ele>
      </trkpt>
      <trkpt lat="30.68991" lon="-99.23537">
        <ele>471.1</ele>
      </trkpt>
      <trkpt lat="30.69003" lon="-99.23522">
        <ele>471.1</ele>
      </trkpt>
      <trkpt lat="30.69054" lon="-99.23462">
        <ele>472.0</ele>
      </trkpt>
      <trkpt lat="30.69081" lon="-99.2343">
        <ele>472.9</ele>
      </trkpt>
      <trkpt lat="30.69142" lon="-99.23358">
        <ele>473.6</ele>
      </trkpt>
      <trkpt lat="30.69154" lon="-99.23343">
        <ele>473.8</ele>
      </trkpt>
      <trkpt lat="30.6918" lon="-99.23313">
        <ele>473.7</ele>
      </trkpt>
      <trkpt lat="30.69192" lon="-99.23298">
        <ele>473.5</ele>
      </trkpt>
      <trkpt lat="30.6924" lon="-99.23241">
        <ele>473.2</ele>
      </trkpt>
      <trkpt lat="30.69243" lon="-99.23239">
        <ele>473.2</ele>
      </trkpt>
      <trkpt lat="30.69255" lon="-99.23224">
        <ele>473.2</ele>
      </trkpt>
      <trkpt lat="30.6928" lon="-99.23194">
        <ele>473.3</ele>
      </trkpt>
      <trkpt lat="30.69293" lon="-99.23179">
        <ele>473.4</ele>
      </trkpt>
      <trkpt lat="30.69306" lon="-99.23164">
        <ele>473.4</ele>
      </trkpt>
      <trkpt lat="30.69343" lon="-99.23119">
        <ele>473.9</ele>
      </trkpt>
      <trkpt lat="30.69465" lon="-99.22975">
        <ele>477.2</ele>
      </trkpt>
      <trkpt lat="30.69496" lon="-99.22938">
        <ele>477.7</ele>
      </trkpt>
      <trkpt lat="30.69523" lon="-99.22907">
        <ele>478.2</ele>
      </trkpt>
      <trkpt lat="30.69546" lon="-99.22878">
        <ele>478.6</ele>
      </trkpt>
      <trkpt lat="30.6957" lon="-99.22848">
        <ele>478.7</ele>
      </trkpt>
      <trkpt lat="30.69643" lon="-99.22754">
        <ele>475.6</ele>
      </trkpt>
      <trkpt lat="30.69651" lon="-99.22744">
        <ele>475.5</ele>
      </trkpt>
      <trkpt lat="30.69655" lon="-99.22739">
        <ele>475.5</ele>
      </trkpt>
      <trkpt lat="30.69674" lon="-99.22715">
        <ele>475.5</ele>
      </trkpt>
      <trkpt lat="30.69736" lon="-99.22635">
        <ele>475.8</ele>
      </trkpt>
      <trkpt lat="30.69783" lon="-99.22574">
        <ele>476.3</ele>
      </trkpt>
      <trkpt lat="30.69795" lon="-99.22559">
        <ele>476.1</ele>
      </trkpt>
      <trkpt lat="30.69807" lon="-99.22543">
        <ele>476.0</ele>
      </trkpt>
      <trkpt lat="30.69832" lon="-99.22513">
        <ele>475.6</ele>
      </trkpt>
      <trkpt lat="30.69866" lon="-99.22469">
        <ele>474.7</ele>
      </trkpt>
      <trkpt lat="30.69899" lon="-99.22426">
        <ele>473.0</ele>
      </trkpt>
      <trkpt lat="30.69944" lon="-99.22365">
        <ele>471.4</ele>
      </trkpt>
      <trkpt lat="30.69963" lon="-99.22337">
        <ele>471.1</ele>
      </trkpt>
      <trkpt lat="30.69966" lon="-99.22331">
        <ele>471.0</ele>
      </trkpt>
      <trkpt lat="30.69972" lon="-99.22322">
        <ele>471.0</ele>
      </trkpt>
      <trkpt lat="30.69982" lon="-99.22304">
        <ele>470.8</ele>
      </trkpt>
      <trkpt lat="30.69986" lon="-99.22297">
        <ele>470.7</ele>
      </trkpt>
      <trkpt lat="30.69996" lon="-99.22281">
        <ele>470.5</ele>
      </trkpt>
      <trkpt lat="30.70021" lon="-99.22234">
        <ele>469.9</ele>
      </trkpt>
      <trkpt lat="30.7003" lon="-99.22216">
        <ele>469.7</ele>
      </trkpt>
      <trkpt lat="30.70036" lon="-99.22204">
        <ele>469.5</ele>
      </trkpt>
      <trkpt lat="30.70039" lon="-99.22198">
        <ele>469.5</ele>
      </trkpt>
      <trkpt lat="30.70044" lon="-99.2219">
        <ele>469.5</ele>
      </trkpt>
      <trkpt lat="30.70049" lon="-99.2218">
        <ele>469.5</ele>
      </trkpt>
      <trkpt lat="30.70049" lon="-99.2218">
        <ele>469.5</ele>
      </trkpt>
      <trkpt lat="30.70053" lon="-99.22173">
        <ele>469.5</ele>
      </trkpt>
      <trkpt lat="30.70062" lon="-99.22155">
        <ele>468.6</ele>
      </trkpt>
      <trkpt lat="30.70065" lon="-99.2215">
        <ele>468.2</ele>
      </trkpt>
      <trkpt lat="30.70068" lon="-99.22145">
        <ele>467.7</ele>
      </trkpt>
      <trkpt lat="30.70072" lon="-99.22137">
        <ele>467.0</ele>
      </trkpt>
      <trkpt lat="30.70115" lon="-99.22056">
        <ele>463.2</ele>
      </trkpt>
      <trkpt lat="30.70124" lon="-99.22038">
        <ele>461.9</ele>
      </trkpt>
      <trkpt lat="30.70128" lon="-99.2203">
        <ele>461.1</ele>
      </trkpt>
      <trkpt lat="30.70131" lon="-99.22026">
        <ele>460.6</ele>
      </trkpt>
      <trkpt lat="30.70147" lon="-99.21995">
        <ele>459.0</ele>
      </trkpt>
      <trkpt lat="30.70157" lon="-99.21976">
        <ele>458.5</ele>
      </trkpt>
      <trkpt lat="30.7019" lon="-99.21915">
        <ele>457.4</ele>
      </trkpt>
      <trkpt lat="30.70194" lon="-99.21906">
        <ele>457.3</ele>
      </trkpt>
      <trkpt lat="30.70204" lon="-99.21888">
        <ele>457.3</ele>
      </trkpt>
      <trkpt lat="30.70212" lon="-99.21872">
        <ele>457.3</ele>
      </trkpt>
      <trkpt lat="30.70213" lon="-99.2187">
        <ele>457.3</ele>
      </trkpt>
      <trkpt lat="30.70254" lon="-99.21795">
        <ele>453.6</ele>
      </trkpt>
      <trkpt lat="30.70264" lon="-99.21772">
        <ele>452.8</ele>
      </trkpt>
      <trkpt lat="30.70264" lon="-99.21772">
        <ele>452.8</ele>
      </trkpt>
      <trkpt lat="30.7022" lon="-99.21769">
        <ele>452.1</ele>
      </trkpt>
      <trkpt lat="30.70218" lon="-99.21769">
        <ele>452.2</ele>
      </trkpt>
      <trkpt lat="30.70195" lon="-99.21767">
        <ele>453.0</ele>
      </trkpt>
      <trkpt lat="30.70188" lon="-99.21766">
        <ele>453.3</ele>
      </trkpt>
      <trkpt lat="30.70155" lon="-99.21761">
        <ele>455.6</ele>
      </trkpt>
      <trkpt lat="30.70149" lon="-99.21758">
        <ele>455.8</ele>
      </trkpt>
      <trkpt lat="30.70142" lon="-99.21756">
        <ele>456.0</ele>
      </trkpt>
      <trkpt lat="30.70115" lon="-99.21746">
        <ele>456.3</ele>
      </trkpt>
      <trkpt lat="30.70107" lon="-99.21744">
        <ele>456.4</ele>
      </trkpt>
      <trkpt lat="30.70103" lon="-99.21742">
        <ele>456.4</ele>
      </trkpt>
      <trkpt lat="30.70081" lon="-99.21731">
        <ele>456.1</ele>
      </trkpt>
      <trkpt lat="30.70036" lon="-99.21698">
        <ele>455.3</ele>
      </trkpt>
      <trkpt lat="30.7003" lon="-99.21691">
        <ele>455.2</ele>
      </trkpt>
      <trkpt lat="30.70023" lon="-99.21683">
        <ele>455.1</ele>
      </trkpt>
      <trkpt lat="30.70017" lon="-99.21677">
        <ele>455.0</ele>
      </trkpt>
      <trkpt lat="30.70014" lon="-99.21675">
        <ele>455.0</ele>
      </trkpt>
      <trkpt lat="30.70003" lon="-99.21664">
        <ele>454.9</ele>
      </trkpt>
      <trkpt lat="30.69976" lon="-99.21632">
        <ele>454.5</ele>
      </trkpt>
      <trkpt lat="30.69952" lon="-99.21604">
        <ele>454.0</ele>
      </trkpt>
      <trkpt lat="30.69915" lon="-99.21559">
        <ele>454.5</ele>
      </trkpt>
      <trkpt lat="30.69896" lon="-99.21536">
        <ele>455.1</ele>
      </trkpt>
      <trkpt lat="30.6989" lon="-99.21529">
        <ele>455.3</ele>
      </trkpt>
      <trkpt lat="30.69878" lon="-99.21514">
        <ele>455.6</ele>
      </trkpt>
      <trkpt lat="30.69858" lon="-99.2149">
        <ele>456.0</ele>
      </trkpt>
      <trkpt lat="30.69836" lon="-99.21464">
        <ele>456.4</ele>
      </trkpt>
      <trkpt lat="30.69815" lon="-99.21439">
        <ele>457.4</ele>
      </trkpt>
      <trkpt lat="30.69808" lon="-99.2143">
        <ele>457.6</ele>
      </trkpt>
      <trkpt lat="30.69803" lon="-99.21424">
        <ele>457.7</ele>
      </trkpt>
      <trkpt lat="30.6979" lon="-99.21409">
        <ele>458.0</ele>
      </trkpt>
      <trkpt lat="30.69788" lon="-99.21406">
        <ele>458.0</ele>
      </trkpt>
      <trkpt lat="30.69783" lon="-99.214">
        <ele>458.0</ele>
      </trkpt>
      <trkpt lat="30.69778" lon="-99.21393">
        <ele>458.0</ele>
      </trkpt>
      <trkpt lat="30.69766" lon="-99.21378">
        <ele>457.9</ele>
      </trkpt>
      <trkpt lat="30.69759" lon="-99.21369">
        <ele>457.8</ele>
      </trkpt>
      <trkpt lat="30.69755" lon="-99.21365">
        <ele>457.7</ele>
      </trkpt>
      <trkpt lat="30.69732" lon="-99.21343">
        <ele>457.3</ele>
      </trkpt>
      <trkpt lat="30.69713" lon="-99.21326">
        <ele>457.0</ele>
      </trkpt>
      <trkpt lat="30.69685" lon="-99.21308">
        <ele>456.4</ele>
      </trkpt>
      <trkpt lat="30.69679" lon="-99.21304">
        <ele>456.3</ele>
      </trkpt>
      <trkpt lat="30.69675" lon="-99.21301">
        <ele>456.3</ele>
      </trkpt>
      <trkpt lat="30.6964" lon="-99.21286">
        <ele>456.1</ele>
      </trkpt>
      <trkpt lat="30.69604" lon="-99.21272">
        <ele>456.2</ele>
      </trkpt>
      <trkpt lat="30.69591" lon="-99.21267">
        <ele>456.3</ele>
      </trkpt>
      <trkpt lat="30.69566" lon="-99.21259">
        <ele>456.3</ele>
      </trkpt>
      <trkpt lat="30.6953" lon="-99.21247">
        <ele>456.3</ele>
      </trkpt>
      <trkpt lat="30.69478" lon="-99.21227">
        <ele>456.6</ele>
      </trkpt>
      <trkpt lat="30.69427" lon="-99.21208">
        <ele>456.8</ele>
      </trkpt>
      <trkpt lat="30.6941" lon="-99.21201">
        <ele>456.8</ele>
      </trkpt>
      <trkpt lat="30.69347" lon="-99.21179">
        <ele>456.2</ele>
      </trkpt>
      <trkpt lat="30.69317" lon="-99.21166">
        <ele>455.7</ele>
      </trkpt>
      <trkpt lat="30.69302" lon="-99.21158">
        <ele>455.4</ele>
      </trkpt>
      <trkpt lat="30.69276" lon="-99.2114">
        <ele>454.8</ele>
      </trkpt>
      <trkpt lat="30.6927" lon="-99.21135">
        <ele>454.6</ele>
      </trkpt>
      <trkpt lat="30.69266" lon="-99.21133">
        <ele>454.5</ele>
      </trkpt>
      <trkpt lat="30.6926" lon="-99.21128">
        <ele>454.3</ele>
      </trkpt>
      <trkpt lat="30.69254" lon="-99.21124">
        <ele>454.2</ele>
      </trkpt>
      <trkpt lat="30.69233" lon="-99.21103">
        <ele>453.5</ele>
      </trkpt>
      <trkpt lat="30.69222" lon="-99.21092">
        <ele>453.2</ele>
      </trkpt>
      <trkpt lat="30.69181" lon="-99.21043">
        <ele>452.0</ele>
      </trkpt>
      <trkpt lat="30.69143" lon="-99.20999">
        <ele>451.2</ele>
      </trkpt>
      <trkpt lat="30.69062" lon="-99.20904">
        <ele>452.8</ele>
      </trkpt>
      <trkpt lat="30.69037" lon="-99.20875">
        <ele>452.6</ele>
      </trkpt>
      <trkpt lat="30.69024" lon="-99.2086">
        <ele>452.4</ele>
      </trkpt>
      <trkpt lat="30.68973" lon="-99.20801">
        <ele>451.2</ele>
      </trkpt>
      <trkpt lat="30.68943" lon="-99.20766">
        <ele>450.8</ele>
      </trkpt>
      <trkpt lat="30.68884" lon="-99.20698">
        <ele>449.9</ele>
      </trkpt>
      <trkpt lat="30.68875" lon="-99.20687">
        <ele>449.7</ele>
      </trkpt>
      <trkpt lat="30.68819" lon="-99.20627">
        <ele>447.6</ele>
      </trkpt>
      <trkpt lat="30.68805" lon="-99.20612">
        <ele>446.7</ele>
      </trkpt>
      <trkpt lat="30.68744" lon="-99.20545">
        <ele>444.6</ele>
      </trkpt>
      <trkpt lat="30.68739" lon="-99.2054">
        <ele>444.5</ele>
      </trkpt>
      <trkpt lat="30.68731" lon="-99.20531">
        <ele>444.5</ele>
      </trkpt>
      <trkpt lat="30.68713" lon="-99.20512">
        <ele>444.6</ele>
      </trkpt>
      <trkpt lat="30.687" lon="-99.20498">
        <ele>444.6</ele>
      </trkpt>
      <trkpt lat="30.68691" lon="-99.20488">
        <ele>444.6</ele>
      </trkpt>
      <trkpt lat="30.68688" lon="-99.20485">
        <ele>444.6</ele>
      </trkpt>
      <trkpt lat="30.68685" lon="-99.20481">
        <ele>444.6</ele>
      </trkpt>
      <trkpt lat="30.68679" lon="-99.20475">
        <ele>444.7</ele>
      </trkpt>
      <trkpt lat="30.68648" lon="-99.2044">
        <ele>444.4</ele>
      </trkpt>
      <trkpt lat="30.68646" lon="-99.20438">
        <ele>444.4</ele>
      </trkpt>
      <trkpt lat="30.68633" lon="-99.20424">
        <ele>444.2</ele>
      </trkpt>
      <trkpt lat="30.68596" lon="-99.20382">
        <ele>443.7</ele>
      </trkpt>
      <trkpt lat="30.68594" lon="-99.2038">
        <ele>443.7</ele>
      </trkpt>
      <trkpt lat="30.68593" lon="-99.20379">
        <ele>443.7</ele>
      </trkpt>
      <trkpt lat="30.68559" lon="-99.20342">
        <ele>443.6</ele>
      </trkpt>
      <trkpt lat="30.68541" lon="-99.20321">
        <ele>443.8</ele>
      </trkpt>
      <trkpt lat="30.68506" lon="-99.20284">
        <ele>444.3</ele>
      </trkpt>
      <trkpt lat="30.68476" lon="-99.20252">
        <ele>444.8</ele>
      </trkpt>
      <trkpt lat="30.68476" lon="-99.20252">
        <ele>444.8</ele>
      </trkpt>
      <trkpt lat="30.6847" lon="-99.20247">
        <ele>444.8</ele>
      </trkpt>
      <trkpt lat="30.68462" lon="-99.20239">
        <ele>444.9</ele>
      </trkpt>
      <trkpt lat="30.68457" lon="-99.20234">
        <ele>444.9</ele>
      </trkpt>
      <trkpt lat="30.68428" lon="-99.20208">
        <ele>446.1</ele>
      </trkpt>
      <trkpt lat="30.68402" lon="-99.20188">
        <ele>446.6</ele>
      </trkpt>
      <trkpt lat="30.684" lon="-99.20187">
        <ele>446.6</ele>
      </trkpt>
      <trkpt lat="30.68376" lon="-99.20169">
        <ele>446.1</ele>
      </trkpt>
      <trkpt lat="30.68372" lon="-99.20166">
        <ele>446.0</ele>
      </trkpt>
      <trkpt lat="30.68361" lon="-99.20158">
        <ele>446.0</ele>
      </trkpt>
      <trkpt lat="30.6831" lon="-99.20121">
        <ele>444.6</ele>
      </trkpt>
      <trkpt lat="30.683" lon="-99.20113">
        <ele>443.6</ele>
      </trkpt>
      <trkpt lat="30.68296" lon="-99.2011">
        <ele>443.1</ele>
      </trkpt>
      <trkpt lat="30.68287" lon="-99.20104">
        <ele>442.0</ele>
      </trkpt>
      <trkpt lat="30.68285" lon="-99.20102">
        <ele>442.0</ele>
      </trkpt>
      <trkpt lat="30.68276" lon="-99.20095">
        <ele>442.1</ele>
      </trkpt>
      <trkpt lat="30.6827" lon="-99.20091">
        <ele>442.6</ele>
      </trkpt>
      <trkpt lat="30.68266" lon="-99.20088">
        <ele>443.0</ele>
      </trkpt>
      <trkpt lat="30.68255" lon="-99.2008">
        <ele>444.6</ele>
      </trkpt>
      <trkpt lat="30.68239" lon="-99.20069">
        <ele>445.3</ele>
      </trkpt>
      <trkpt lat="30.68228" lon="-99.20061">
        <ele>445.7</ele>
      </trkpt>
      <trkpt lat="30.68209" lon="-99.20047">
        <ele>446.6</ele>
      </trkpt>
      <trkpt lat="30.68158" lon="-99.20012">
        <ele>449.1</ele>
      </trkpt>
      <trkpt lat="30.68147" lon="-99.20004">
        <ele>449.6</ele>
      </trkpt>
      <trkpt lat="30.68114" lon="-99.19979">
        <ele>451.1</ele>
      </trkpt>
      <trkpt lat="30.68104" lon="-99.19972">
        <ele>451.8</ele>
      </trkpt>
      <trkpt lat="30.68097" lon="-99.19967">
        <ele>452.5</ele>
      </trkpt>
      <trkpt lat="30.68092" lon="-99.19963">
        <ele>452.9</ele>
      </trkpt>
      <trkpt lat="30.68074" lon="-99.1995">
        <ele>454.9</ele>
      </trkpt>
      <trkpt lat="30.68028" lon="-99.19916">
        <ele>458.0</ele>
      </trkpt>
      <trkpt lat="30.68013" lon="-99.19904">
        <ele>460.5</ele>
      </trkpt>
      <trkpt lat="30.68006" lon="-99.19899">
        <ele>461.1</ele>
      </trkpt>
      <trkpt lat="30.68003" lon="-99.19897">
        <ele>461.2</ele>
      </trkpt>
      <trkpt lat="30.67998" lon="-99.19893">
        <ele>461.3</ele>
      </trkpt>
      <trkpt lat="30.67982" lon="-99.19884">
        <ele>461.3</ele>
      </trkpt>
      <trkpt lat="30.67975" lon="-99.19881">
        <ele>460.9</ele>
      </trkpt>
      <trkpt lat="30.67969" lon="-99.19879">
        <ele>460.5</ele>
      </trkpt>
      <trkpt lat="30.67948" lon="-99.19876">
        <ele>459.1</ele>
      </trkpt>
      <trkpt lat="30.67925" lon="-99.19874">
        <ele>458.0</ele>
      </trkpt>
      <trkpt lat="30.67916" lon="-99.19873">
        <ele>457.5</ele>
      </trkpt>
      <trkpt lat="30.67907" lon="-99.19873">
        <ele>456.9</ele>
      </trkpt>
      <trkpt lat="30.67871" lon="-99.19872">
        <ele>454.5</ele>
      </trkpt>
      <trkpt lat="30.67853" lon="-99.19871">
        <ele>453.3</ele>
      </trkpt>
      <trkpt lat="30.67836" lon="-99.1987">
        <ele>452.2</ele>
      </trkpt>
      <trkpt lat="30.67835" lon="-99.1987">
        <ele>452.1</ele>
      </trkpt>
      <trkpt lat="30.67832" lon="-99.1987">
        <ele>452.0</ele>
      </trkpt>
      <trkpt lat="30.67824" lon="-99.1987">
        <ele>451.6</ele>
      </trkpt>
      <trkpt lat="30.67817" lon="-99.1987">
        <ele>451.5</ele>
      </trkpt>
      <trkpt lat="30.67799" lon="-99.1987">
        <ele>452.0</ele>
      </trkpt>
      <trkpt lat="30.67783" lon="-99.1987">
        <ele>453.6</ele>
      </trkpt>
      <trkpt lat="30.67771" lon="-99.19869">
        <ele>455.8</ele>
      </trkpt>
      <trkpt lat="30.6776" lon="-99.19866">
        <ele>457.1</ele>
      </trkpt>
      <trkpt lat="30.67746" lon="-99.19861">
        <ele>457.6</ele>
      </trkpt>
      <trkpt lat="30.6774" lon="-99.19859">
        <ele>457.7</ele>
      </trkpt>
      <trkpt lat="30.67732" lon="-99.19852">
        <ele>457.9</ele>
      </trkpt>
      <trkpt lat="30.67723" lon="-99.19843">
        <ele>458.2</ele>
      </trkpt>
      <trkpt lat="30.67718" lon="-99.19836">
        <ele>458.3</ele>
      </trkpt>
      <trkpt lat="30.67715" lon="-99.19832">
        <ele>458.4</ele>
      </trkpt>
      <trkpt lat="30.67696" lon="-99.19802">
        <ele>458.4</ele>
      </trkpt>
      <trkpt lat="30.67655" lon="-99.19738">
        <ele>456.5</ele>
      </trkpt>
      <trkpt lat="30.67653" lon="-99.19735">
        <ele>456.4</ele>
      </trkpt>
      <trkpt lat="30.67642" lon="-99.19719">
        <ele>456.1</ele>
      </trkpt>
      <trkpt lat="30.67632" lon="-99.19702">
        <ele>456.0</ele>
      </trkpt>
      <trkpt lat="30.67599" lon="-99.19652">
        <ele>455.6</ele>
      </trkpt>
      <trkpt lat="30.67578" lon="-99.19618">
        <ele>455.2</ele>
      </trkpt>
      <trkpt lat="30.67525" lon="-99.19533">
        <ele>452.3</ele>
      </trkpt>
      <trkpt lat="30.67502" lon="-99.19497">
        <ele>451.3</ele>
      </trkpt>
      <trkpt lat="30.67437" lon="-99.19394">
        <ele>455.4</ele>
      </trkpt>
      <trkpt lat="30.67427" lon="-99.19377">
        <ele>455.2</ele>
      </trkpt>
      <trkpt lat="30.67399" lon="-99.19333">
        <ele>454.4</ele>
      </trkpt>
      <trkpt lat="30.67352" lon="-99.19259">
        <ele>453.3</ele>
      </trkpt>
      <trkpt lat="30.67341" lon="-99.19242">
        <ele>454.1</ele>
      </trkpt>
      <trkpt lat="30.67322" lon="-99.19212">
        <ele>455.4</ele>
      </trkpt>
      <trkpt lat="30.67309" lon="-99.19192">
        <ele>455.5</ele>
      </trkpt>
      <trkpt lat="30.67298" lon="-99.19176">
        <ele>455.5</ele>
      </trkpt>
      <trkpt lat="30.67297" lon="-99.19175">
        <ele>455.5</ele>
      </trkpt>
      <trkpt lat="30.67286" lon="-99.1916">
        <ele>455.4</ele>
      </trkpt>
      <trkpt lat="30.67274" lon="-99.19144">
        <ele>455.3</ele>
      </trkpt>
      <trkpt lat="30.67246" lon="-99.19105">
        <ele>454.2</ele>
      </trkpt>
      <trkpt lat="30.67239" lon="-99.19096">
        <ele>453.8</ele>
      </trkpt>
      <trkpt lat="30.67233" lon="-99.19087">
        <ele>453.3</ele>
      </trkpt>
      <trkpt lat="30.67228" lon="-99.1908">
        <ele>452.9</ele>
      </trkpt>
      <trkpt lat="30.6718" lon="-99.19018">
        <ele>450.8</ele>
      </trkpt>
      <trkpt lat="30.6717" lon="-99.19004">
        <ele>450.6</ele>
      </trkpt>
      <trkpt lat="30.67156" lon="-99.18987">
        <ele>450.3</ele>
      </trkpt>
      <trkpt lat="30.67144" lon="-99.18971">
        <ele>450.0</ele>
      </trkpt>
      <trkpt lat="30.67132" lon="-99.18956">
        <ele>449.6</ele>
      </trkpt>
      <trkpt lat="30.6712" lon="-99.1894">
        <ele>449.2</ele>
      </trkpt>
      <trkpt lat="30.67116" lon="-99.18936">
        <ele>449.1</ele>
      </trkpt>
      <trkpt lat="30.67089" lon="-99.18898">
        <ele>447.9</ele>
      </trkpt>
      <trkpt lat="30.67085" lon="-99.18892">
        <ele>447.7</ele>
      </trkpt>
      <trkpt lat="30.67076" lon="-99.18881">
        <ele>447.4</ele>
      </trkpt>
      <trkpt lat="30.67061" lon="-99.18861">
        <ele>446.8</ele>
      </trkpt>
      <trkpt lat="30.67058" lon="-99.18857">
        <ele>446.8</ele>
      </trkpt>
      <trkpt lat="30.67049" lon="-99.18845">
        <ele>446.9</ele>
      </trkpt>
      <trkpt lat="30.67047" lon="-99.18841">
        <ele>447.0</ele>
      </trkpt>
      <trkpt lat="30.66998" lon="-99.18778">
        <ele>448.1</ele>
      </trkpt>
      <trkpt lat="30.66969" lon="-99.18738">
        <ele>448.3</ele>
      </trkpt>
      <trkpt lat="30.66967" lon="-99.18735">
        <ele>448.3</ele>
      </trkpt>
      <trkpt lat="30.66925" lon="-99.18681">
        <ele>449.4</ele>
      </trkpt>
      <trkpt lat="30.66919" lon="-99.18672">
        <ele>449.4</ele>
      </trkpt>
      <trkpt lat="30.66906" lon="-99.18657">
        <ele>449.6</ele>
      </trkpt>
      <trkpt lat="30.66896" lon="-99.18645">
        <ele>449.7</ele>
      </trkpt>
      <trkpt lat="30.66894" lon="-99.18642">
        <ele>449.6</ele>
      </trkpt>
      <trkpt lat="30.66834" lon="-99.18572">
        <ele>449.0</ele>
      </trkpt>
      <trkpt lat="30.6683" lon="-99.18568">
        <ele>448.9</ele>
      </trkpt>
      <trkpt lat="30.66818" lon="-99.18553">
        <ele>448.7</ele>
      </trkpt>
      <trkpt lat="30.6678" lon="-99.18508">
        <ele>448.0</ele>
      </trkpt>
      <trkpt lat="30.66773" lon="-99.185">
        <ele>447.9</ele>
      </trkpt>
      <trkpt lat="30.66767" lon="-99.18494">
        <ele>447.9</ele>
      </trkpt>
      <trkpt lat="30.66723" lon="-99.18445">
        <ele>447.8</ele>
      </trkpt>
      <trkpt lat="30.66708" lon="-99.18429">
        <ele>447.8</ele>
      </trkpt>
      <trkpt lat="30.66693" lon="-99.18414">
        <ele>447.9</ele>
      </trkpt>
      <trkpt lat="30.66687" lon="-99.18409">
        <ele>448.0</ele>
      </trkpt>
      <trkpt lat="30.66661" lon="-99.18385">
        <ele>447.9</ele>
      </trkpt>
      <trkpt lat="30.66626" lon="-99.18356">
        <ele>447.4</ele>
      </trkpt>
      <trkpt lat="30.66615" lon="-99.18346">
        <ele>447.2</ele>
      </trkpt>
      <trkpt lat="30.66601" lon="-99.18334">
        <ele>446.9</ele>
      </trkpt>
      <trkpt lat="30.66568" lon="-99.18305">
        <ele>447.1</ele>
      </trkpt>
      <trkpt lat="30.66544" lon="-99.18283">
        <ele>448.0</ele>
      </trkpt>
      <trkpt lat="30.66529" lon="-99.18271">
        <ele>448.6</ele>
      </trkpt>
      <trkpt lat="30.66486" lon="-99.18233">
        <ele>449.6</ele>
      </trkpt>
      <trkpt lat="30.66457" lon="-99.18208">
        <ele>450.3</ele>
      </trkpt>
      <trkpt lat="30.66429" lon="-99.18183">
        <ele>451.4</ele>
      </trkpt>
      <trkpt lat="30.66371" lon="-99.18132">
        <ele>458.2</ele>
      </trkpt>
      <trkpt lat="30.66357" lon="-99.1812">
        <ele>458.3</ele>
      </trkpt>
      <trkpt lat="30.66355" lon="-99.18118">
        <ele>458.3</ele>
      </trkpt>
      <trkpt lat="30.66342" lon="-99.18108">
        <ele>458.2</ele>
      </trkpt>
      <trkpt lat="30.6634" lon="-99.18106">
        <ele>458.2</ele>
      </trkpt>
      <trkpt lat="30.66327" lon="-99.18096">
        <ele>458.0</ele>
      </trkpt>
      <trkpt lat="30.66324" lon="-99.18094">
        <ele>458.0</ele>
      </trkpt>
      <trkpt lat="30.66297" lon="-99.18074">
        <ele>456.4</ele>
      </trkpt>
      <trkpt lat="30.66279" lon="-99.1806">
        <ele>454.4</ele>
      </trkpt>
      <trkpt lat="30.66222" lon="-99.18016">
        <ele>448.2</ele>
      </trkpt>
      <trkpt lat="30.66207" lon="-99.18005">
        <ele>447.1</ele>
      </trkpt>
      <trkpt lat="30.66192" lon="-99.17993">
        <ele>445.9</ele>
      </trkpt>
      <trkpt lat="30.66185" lon="-99.17987">
        <ele>445.3</ele>
      </trkpt>
      <trkpt lat="30.66158" lon="-99.17966">
        <ele>442.5</ele>
      </trkpt>
      <trkpt lat="30.66144" lon="-99.17955">
        <ele>440.8</ele>
      </trkpt>
      <trkpt lat="30.66133" lon="-99.17945">
        <ele>439.4</ele>
      </trkpt>
      <trkpt lat="30.66132" lon="-99.17945">
        <ele>439.3</ele>
      </trkpt>
      <trkpt lat="30.66121" lon="-99.17936">
        <ele>438.5</ele>
      </trkpt>
      <trkpt lat="30.66118" lon="-99.17934">
        <ele>438.4</ele>
      </trkpt>
      <trkpt lat="30.6611" lon="-99.17927">
        <ele>437.9</ele>
      </trkpt>
      <trkpt lat="30.66098" lon="-99.17909">
        <ele>437.0</ele>
      </trkpt>
      <trkpt lat="30.66095" lon="-99.17902">
        <ele>436.8</ele>
      </trkpt>
      <trkpt lat="30.6609" lon="-99.17892">
        <ele>436.4</ele>
      </trkpt>
      <trkpt lat="30.66082" lon="-99.17875">
        <ele>435.6</ele>
      </trkpt>
      <trkpt lat="30.66075" lon="-99.17856">
        <ele>435.0</ele>
      </trkpt>
      <trkpt lat="30.66071" lon="-99.17846">
        <ele>434.7</ele>
      </trkpt>
      <trkpt lat="30.66068" lon="-99.17836">
        <ele>434.5</ele>
      </trkpt>
      <trkpt lat="30.66057" lon="-99.17808">
        <ele>434.0</ele>
      </trkpt>
      <trkpt lat="30.66049" lon="-99.17789">
        <ele>433.6</ele>
      </trkpt>
      <trkpt lat="30.66042" lon="-99.17769">
        <ele>433.3</ele>
      </trkpt>
      <trkpt lat="30.66026" lon="-99.17729">
        <ele>431.9</ele>
      </trkpt>
      <trkpt lat="30.65998" lon="-99.17655">
        <ele>429.0</ele>
      </trkpt>
      <trkpt lat="30.65993" lon="-99.17639">
        <ele>428.8</ele>
      </trkpt>
      <trkpt lat="30.65985" lon="-99.17619">
        <ele>428.6</ele>
      </trkpt>
      <trkpt lat="30.65976" lon="-99.17598">
        <ele>428.5</ele>
      </trkpt>
      <trkpt lat="30.65969" lon="-99.17579">
        <ele>428.3</ele>
      </trkpt>
      <trkpt lat="30.65961" lon="-99.1756">
        <ele>428.0</ele>
      </trkpt>
      <trkpt lat="30.6596" lon="-99.17556">
        <ele>427.9</ele>
      </trkpt>
      <trkpt lat="30.6593" lon="-99.17468">
        <ele>425.7</ele>
      </trkpt>
      <trkpt lat="30.65921" lon="-99.17447">
        <ele>425.3</ele>
      </trkpt>
      <trkpt lat="30.65916" lon="-99.17434">
        <ele>425.0</ele>
      </trkpt>
      <trkpt lat="30.65909" lon="-99.17417">
        <ele>424.6</ele>
      </trkpt>
      <trkpt lat="30.65901" lon="-99.174">
        <ele>424.0</ele>
      </trkpt>
      <trkpt lat="30.65892" lon="-99.17385">
        <ele>423.5</ele>
      </trkpt>
      <trkpt lat="30.65882" lon="-99.1737">
        <ele>423.3</ele>
      </trkpt>
      <trkpt lat="30.65874" lon="-99.1736">
        <ele>423.1</ele>
      </trkpt>
      <trkpt lat="30.65833" lon="-99.17309">
        <ele>422.2</ele>
      </trkpt>
      <trkpt lat="30.65797" lon="-99.17263">
        <ele>420.7</ele>
      </trkpt>
      <trkpt lat="30.65724" lon="-99.17169">
        <ele>417.7</ele>
      </trkpt>
      <trkpt lat="30.65722" lon="-99.17166">
        <ele>417.6</ele>
      </trkpt>
      <trkpt lat="30.65712" lon="-99.17154">
        <ele>417.3</ele>
      </trkpt>
      <trkpt lat="30.65699" lon="-99.17138">
        <ele>416.9</ele>
      </trkpt>
      <trkpt lat="30.65687" lon="-99.17127">
        <ele>416.6</ele>
      </trkpt>
      <trkpt lat="30.65686" lon="-99.17126">
        <ele>416.6</ele>
      </trkpt>
      <trkpt lat="30.65675" lon="-99.17119">
        <ele>416.3</ele>
      </trkpt>
      <trkpt lat="30.65663" lon="-99.17114">
        <ele>416.0</ele>
      </trkpt>
      <trkpt lat="30.65636" lon="-99.17103">
        <ele>415.5</ele>
      </trkpt>
      <trkpt lat="30.65635" lon="-99.17103">
        <ele>415.5</ele>
      </trkpt>
      <trkpt lat="30.65619" lon="-99.17097">
        <ele>415.2</ele>
      </trkpt>
      <trkpt lat="30.65498" lon="-99.17055">
        <ele>414.4</ele>
      </trkpt>
      <trkpt lat="30.65482" lon="-99.1705">
        <ele>413.6</ele>
      </trkpt>
      <trkpt lat="30.65463" lon="-99.17045">
        <ele>412.9</ele>
      </trkpt>
      <trkpt lat="30.65447" lon="-99.17043">
        <ele>412.6</ele>
      </trkpt>
      <trkpt lat="30.65431" lon="-99.17043">
        <ele>412.4</ele>
      </trkpt>
      <trkpt lat="30.65409" lon="-99.17044">
        <ele>411.9</ele>
      </trkpt>
      <trkpt lat="30.65391" lon="-99.17045">
        <ele>411.2</ele>
      </trkpt>
      <trkpt lat="30.65355" lon="-99.17046">
        <ele>409.8</ele>
      </trkpt>
      <trkpt lat="30.65337" lon="-99.17046">
        <ele>409.2</ele>
      </trkpt>
      <trkpt lat="30.65292" lon="-99.17048">
        <ele>408.1</ele>
      </trkpt>
      <trkpt lat="30.65283" lon="-99.17048">
        <ele>407.9</ele>
      </trkpt>
      <trkpt lat="30.65273" lon="-99.17048">
        <ele>407.7</ele>
      </trkpt>
      <trkpt lat="30.65265" lon="-99.17049">
        <ele>407.6</ele>
      </trkpt>
      <trkpt lat="30.6523" lon="-99.17051">
        <ele>406.9</ele>
      </trkpt>
      <trkpt lat="30.65218" lon="-99.17052">
        <ele>406.7</ele>
      </trkpt>
      <trkpt lat="30.65194" lon="-99.17053">
        <ele>406.4</ele>
      </trkpt>
      <trkpt lat="30.65182" lon="-99.17053">
        <ele>406.3</ele>
      </trkpt>
      <trkpt lat="30.65176" lon="-99.17054">
        <ele>406.2</ele>
      </trkpt>
      <trkpt lat="30.65163" lon="-99.17055">
        <ele>406.1</ele>
      </trkpt>
      <trkpt lat="30.65144" lon="-99.17054">
        <ele>405.8</ele>
      </trkpt>
      <trkpt lat="30.6514" lon="-99.17054">
        <ele>405.8</ele>
      </trkpt>
      <trkpt lat="30.65128" lon="-99.17054">
        <ele>405.5</ele>
      </trkpt>
      <trkpt lat="30.65111" lon="-99.17054">
        <ele>405.1</ele>
      </trkpt>
      <trkpt lat="30.65096" lon="-99.17057">
        <ele>404.8</ele>
      </trkpt>
      <trkpt lat="30.65086" lon="-99.17061">
        <ele>404.5</ele>
      </trkpt>
      <trkpt lat="30.65082" lon="-99.17062">
        <ele>404.4</ele>
      </trkpt>
      <trkpt lat="30.65069" lon="-99.17068">
        <ele>404.1</ele>
      </trkpt>
      <trkpt lat="30.65053" lon="-99.17075">
        <ele>403.8</ele>
      </trkpt>
      <trkpt lat="30.65036" lon="-99.17083">
        <ele>403.4</ele>
      </trkpt>
      <trkpt lat="30.65019" lon="-99.1709">
        <ele>403.1</ele>
      </trkpt>
      <trkpt lat="30.65014" lon="-99.17092">
        <ele>403.0</ele>
      </trkpt>
      <trkpt lat="30.64959" lon="-99.17119">
        <ele>402.0</ele>
      </trkpt>
      <trkpt lat="30.64892" lon="-99.17151">
        <ele>402.8</ele>
      </trkpt>
      <trkpt lat="30.64876" lon="-99.17159">
        <ele>403.1</ele>
      </trkpt>
      <trkpt lat="30.64857" lon="-99.17168">
        <ele>403.6</ele>
      </trkpt>
      <trkpt lat="30.64838" lon="-99.17178">
        <ele>404.1</ele>
      </trkpt>
      <trkpt lat="30.64793" lon="-99.17198">
        <ele>405.5</ele>
      </trkpt>
      <trkpt lat="30.64792" lon="-99.17198">
        <ele>405.5</ele>
      </trkpt>
      <trkpt lat="30.64777" lon="-99.17203">
        <ele>406.1</ele>
      </trkpt>
      <trkpt lat="30.64765" lon="-99.17207">
        <ele>406.4</ele>
      </trkpt>
      <trkpt lat="30.64722" lon="-99.17214">
        <ele>407.3</ele>
      </trkpt>
      <trkpt lat="30.64704" lon="-99.17217">
        <ele>407.4</ele>
      </trkpt>
      <trkpt lat="30.6467" lon="-99.17222">
        <ele>407.6</ele>
      </trkpt>
      <trkpt lat="30.64646" lon="-99.17226">
        <ele>407.7</ele>
      </trkpt>
      <trkpt lat="30.64615" lon="-99.17231">
        <ele>407.7</ele>
      </trkpt>
      <trkpt lat="30.64554" lon="-99.17241">
        <ele>407.2</ele>
      </trkpt>
      <trkpt lat="30.64544" lon="-99.17243">
        <ele>407.1</ele>
      </trkpt>
      <trkpt lat="30.64521" lon="-99.17246">
        <ele>406.6</ele>
      </trkpt>
      <trkpt lat="30.64476" lon="-99.17253">
        <ele>405.6</ele>
      </trkpt>
      <trkpt lat="30.64447" lon="-99.17256">
        <ele>405.1</ele>
      </trkpt>
      <trkpt lat="30.64434" lon="-99.17256">
        <ele>405.0</ele>
      </trkpt>
      <trkpt lat="30.6442" lon="-99.17254">
        <ele>405.1</ele>
      </trkpt>
      <trkpt lat="30.64409" lon="-99.1725">
        <ele>405.2</ele>
      </trkpt>
      <trkpt lat="30.64397" lon="-99.17244">
        <ele>405.4</ele>
      </trkpt>
      <trkpt lat="30.64387" lon="-99.17237">
        <ele>405.6</ele>
      </trkpt>
      <trkpt lat="30.64386" lon="-99.17236">
        <ele>405.6</ele>
      </trkpt>
      <trkpt lat="30.64371" lon="-99.17225">
        <ele>405.8</ele>
      </trkpt>
      <trkpt lat="30.64326" lon="-99.17192">
        <ele>405.7</ele>
      </trkpt>
      <trkpt lat="30.64295" lon="-99.17168">
        <ele>403.9</ele>
      </trkpt>
      <trkpt lat="30.64276" lon="-99.17155">
        <ele>403.4</ele>
      </trkpt>
      <trkpt lat="30.64267" lon="-99.17149">
        <ele>403.5</ele>
      </trkpt>
      <trkpt lat="30.64261" lon="-99.17141">
        <ele>403.5</ele>
      </trkpt>
      <trkpt lat="30.64255" lon="-99.17134">
        <ele>403.5</ele>
      </trkpt>
      <trkpt lat="30.6425" lon="-99.17123">
        <ele>403.6</ele>
      </trkpt>
      <trkpt lat="30.64245" lon="-99.17111">
        <ele>403.7</ele>
      </trkpt>
      <trkpt lat="30.64238" lon="-99.17093">
        <ele>403.8</ele>
      </trkpt>
      <trkpt lat="30.64222" lon="-99.17055">
        <ele>403.3</ele>
      </trkpt>
      <trkpt lat="30.64214" lon="-99.17036">
        <ele>402.7</ele>
      </trkpt>
      <trkpt lat="30.64184" lon="-99.16967">
        <ele>401.7</ele>
      </trkpt>
      <trkpt lat="30.64182" lon="-99.16962">
        <ele>401.7</ele>
      </trkpt>
      <trkpt lat="30.64174" lon="-99.16943">
        <ele>401.5</ele>
      </trkpt>
      <trkpt lat="30.64166" lon="-99.16924">
        <ele>401.3</ele>
      </trkpt>
      <trkpt lat="30.6416" lon="-99.16911">
        <ele>401.1</ele>
      </trkpt>
      <trkpt lat="30.64154" lon="-99.169">
        <ele>400.8</ele>
      </trkpt>
      <trkpt lat="30.64147" lon="-99.16891">
        <ele>400.2</ele>
      </trkpt>
      <trkpt lat="30.64146" lon="-99.1689">
        <ele>400.1</ele>
      </trkpt>
      <trkpt lat="30.6414" lon="-99.16883">
        <ele>399.4</ele>
      </trkpt>
      <trkpt lat="30.64133" lon="-99.16877">
        <ele>398.5</ele>
      </trkpt>
      <trkpt lat="30.64132" lon="-99.16876">
        <ele>398.4</ele>
      </trkpt>
      <trkpt lat="30.64119" lon="-99.16868">
        <ele>396.9</ele>
      </trkpt>
      <trkpt lat="30.64116" lon="-99.16866">
        <ele>396.5</ele>
      </trkpt>
      <trkpt lat="30.64106" lon="-99.16861">
        <ele>395.5</ele>
      </trkpt>
      <trkpt lat="30.641" lon="-99.16858">
        <ele>394.9</ele>
      </trkpt>
      <trkpt lat="30.64096" lon="-99.16857">
        <ele>394.5</ele>
      </trkpt>
      <trkpt lat="30.64087" lon="-99.16852">
        <ele>392.9</ele>
      </trkpt>
      <trkpt lat="30.6408" lon="-99.16849">
        <ele>391.7</ele>
      </trkpt>
      <trkpt lat="30.64063" lon="-99.1684">
        <ele>389.4</ele>
      </trkpt>
      <trkpt lat="30.64046" lon="-99.16832">
        <ele>389.4</ele>
      </trkpt>
      <trkpt lat="30.6403" lon="-99.16824">
        <ele>389.5</ele>
      </trkpt>
      <trkpt lat="30.64023" lon="-99.16821">
        <ele>389.5</ele>
      </trkpt>
      <trkpt lat="30.64013" lon="-99.16816">
        <ele>389.6</ele>
      </trkpt>
      <trkpt lat="30.64005" lon="-99.16812">
        <ele>389.6</ele>
      </trkpt>
      <trkpt lat="30.64001" lon="-99.16811">
        <ele>389.6</ele>
      </trkpt>
      <trkpt lat="30.63996" lon="-99.16809">
        <ele>389.6</ele>
      </trkpt>
      <trkpt lat="30.63986" lon="-99.16805">
        <ele>389.7</ele>
      </trkpt>
      <trkpt lat="30.63979" lon="-99.16802">
        <ele>389.7</ele>
      </trkpt>
      <trkpt lat="30.63963" lon="-99.16794">
        <ele>389.8</ele>
      </trkpt>
      <trkpt lat="30.63946" lon="-99.16786">
        <ele>390.7</ele>
      </trkpt>
      <trkpt lat="30.6393" lon="-99.16778">
        <ele>392.9</ele>
      </trkpt>
      <trkpt lat="30.63896" lon="-99.16762">
        <ele>396.4</ele>
      </trkpt>
      <trkpt lat="30.6388" lon="-99.16754">
        <ele>396.7</ele>
      </trkpt>
      <trkpt lat="30.63863" lon="-99.16746">
        <ele>397.1</ele>
      </trkpt>
      <trkpt lat="30.63862" lon="-99.16746">
        <ele>397.1</ele>
      </trkpt>
      <trkpt lat="30.63862" lon="-99.16746">
        <ele>397.1</ele>
      </trkpt>
      <trkpt lat="30.63846" lon="-99.16738">
        <ele>397.5</ele>
      </trkpt>
      <trkpt lat="30.63813" lon="-99.16722">
        <ele>398.1</ele>
      </trkpt>
      <trkpt lat="30.63747" lon="-99.16691">
        <ele>399.2</ele>
      </trkpt>
      <trkpt lat="30.63713" lon="-99.16675">
        <ele>399.7</ele>
      </trkpt>
      <trkpt lat="30.63697" lon="-99.16667">
        <ele>400.0</ele>
      </trkpt>
      <trkpt lat="30.6369" lon="-99.16663">
        <ele>400.1</ele>
      </trkpt>
      <trkpt lat="30.63682" lon="-99.16655">
        <ele>400.2</ele>
      </trkpt>
      <trkpt lat="30.63627" lon="-99.16601">
        <ele>400.9</ele>
      </trkpt>
      <trkpt lat="30.63613" lon="-99.16588">
        <ele>401.0</ele>
      </trkpt>
      <trkpt lat="30.636" lon="-99.16574">
        <ele>401.1</ele>
      </trkpt>
      <trkpt lat="30.63586" lon="-99.16561">
        <ele>401.2</ele>
      </trkpt>
      <trkpt lat="30.63572" lon="-99.16547">
        <ele>401.3</ele>
      </trkpt>
      <trkpt lat="30.63558" lon="-99.16534">
        <ele>401.4</ele>
      </trkpt>
      <trkpt lat="30.63545" lon="-99.1652">
        <ele>401.5</ele>
      </trkpt>
      <trkpt lat="30.63531" lon="-99.16506">
        <ele>401.5</ele>
      </trkpt>
      <trkpt lat="30.63511" lon="-99.16487">
        <ele>401.6</ele>
      </trkpt>
      <trkpt lat="30.63448" lon="-99.16426">
        <ele>401.9</ele>
      </trkpt>
      <trkpt lat="30.63416" lon="-99.16392">
        <ele>402.2</ele>
      </trkpt>
      <trkpt lat="30.63411" lon="-99.16386">
        <ele>402.3</ele>
      </trkpt>
      <trkpt lat="30.63393" lon="-99.16368">
        <ele>402.5</ele>
      </trkpt>
      <trkpt lat="30.63387" lon="-99.16362">
        <ele>402.7</ele>
      </trkpt>
      <trkpt lat="30.63363" lon="-99.16339">
        <ele>403.4</ele>
      </trkpt>
      <trkpt lat="30.63333" lon="-99.16308">
        <ele>404.0</ele>
      </trkpt>
      <trkpt lat="30.633" lon="-99.16274">
        <ele>404.5</ele>
      </trkpt>
      <trkpt lat="30.6329" lon="-99.16265">
        <ele>404.6</ele>
      </trkpt>
      <trkpt lat="30.63287" lon="-99.16262">
        <ele>404.7</ele>
      </trkpt>
      <trkpt lat="30.63279" lon="-99.16253">
        <ele>404.8</ele>
      </trkpt>
      <trkpt lat="30.63267" lon="-99.1624">
        <ele>405.0</ele>
      </trkpt>
      <trkpt lat="30.6324" lon="-99.16208">
        <ele>405.5</ele>
      </trkpt>
      <trkpt lat="30.63238" lon="-99.16206">
        <ele>405.6</ele>
      </trkpt>
      <trkpt lat="30.63232" lon="-99.16199">
        <ele>405.7</ele>
      </trkpt>
      <trkpt lat="30.63226" lon="-99.16195">
        <ele>405.9</ele>
      </trkpt>
      <trkpt lat="30.63222" lon="-99.16192">
        <ele>406.0</ele>
      </trkpt>
      <trkpt lat="30.6321" lon="-99.16189">
        <ele>406.3</ele>
      </trkpt>
      <trkpt lat="30.63197" lon="-99.1619">
        <ele>406.6</ele>
      </trkpt>
      <trkpt lat="30.63183" lon="-99.16191">
        <ele>406.9</ele>
      </trkpt>
      <trkpt lat="30.63157" lon="-99.16191">
        <ele>407.5</ele>
      </trkpt>
      <trkpt lat="30.63136" lon="-99.16192">
        <ele>408.0</ele>
      </trkpt>
      <trkpt lat="30.6312" lon="-99.16192">
        <ele>408.3</ele>
      </trkpt>
      <trkpt lat="30.63117" lon="-99.16192">
        <ele>408.3</ele>
      </trkpt>
      <trkpt lat="30.6308" lon="-99.16192">
        <ele>409.6</ele>
      </trkpt>
      <trkpt lat="30.63048" lon="-99.16192">
        <ele>410.9</ele>
      </trkpt>
      <trkpt lat="30.6303" lon="-99.16193">
        <ele>411.6</ele>
      </trkpt>
      <trkpt lat="30.62994" lon="-99.16193">
        <ele>412.8</ele>
      </trkpt>
      <trkpt lat="30.62976" lon="-99.16194">
        <ele>413.4</ele>
      </trkpt>
      <trkpt lat="30.62973" lon="-99.16194">
        <ele>413.5</ele>
      </trkpt>
      <trkpt lat="30.6294" lon="-99.16194">
        <ele>414.7</ele>
      </trkpt>
      <trkpt lat="30.62922" lon="-99.16195">
        <ele>415.6</ele>
      </trkpt>
      <trkpt lat="30.62886" lon="-99.16197">
        <ele>417.7</ele>
      </trkpt>
      <trkpt lat="30.62864" lon="-99.16198">
        <ele>418.9</ele>
      </trkpt>
      <trkpt lat="30.6285" lon="-99.16198">
        <ele>419.5</ele>
      </trkpt>
      <trkpt lat="30.62803" lon="-99.16198">
        <ele>422.0</ele>
      </trkpt>
      <trkpt lat="30.62796" lon="-99.16197">
        <ele>422.4</ele>
      </trkpt>
      <trkpt lat="30.62794" lon="-99.16196">
        <ele>422.5</ele>
      </trkpt>
      <trkpt lat="30.62793" lon="-99.16196">
        <ele>422.6</ele>
      </trkpt>
      <trkpt lat="30.62786" lon="-99.16194">
        <ele>423.0</ele>
      </trkpt>
      <trkpt lat="30.62779" lon="-99.1619">
        <ele>423.3</ele>
      </trkpt>
      <trkpt lat="30.62777" lon="-99.16189">
        <ele>423.3</ele>
      </trkpt>
      <trkpt lat="30.62769" lon="-99.16183">
        <ele>423.6</ele>
      </trkpt>
      <trkpt lat="30.62763" lon="-99.16175">
        <ele>423.6</ele>
      </trkpt>
      <trkpt lat="30.62762" lon="-99.16174">
        <ele>423.7</ele>
      </trkpt>
      <trkpt lat="30.62757" lon="-99.16163">
        <ele>423.4</ele>
      </trkpt>
      <trkpt lat="30.62752" lon="-99.16149">
        <ele>423.1</ele>
      </trkpt>
      <trkpt lat="30.62746" lon="-99.16131">
        <ele>422.7</ele>
      </trkpt>
      <trkpt lat="30.62743" lon="-99.16116">
        <ele>422.5</ele>
      </trkpt>
      <trkpt lat="30.62742" lon="-99.16113">
        <ele>422.5</ele>
      </trkpt>
      <trkpt lat="30.6273" lon="-99.16065">
        <ele>422.5</ele>
      </trkpt>
      <trkpt lat="30.62718" lon="-99.16014">
        <ele>422.7</ele>
      </trkpt>
      <trkpt lat="30.62714" lon="-99.15998">
        <ele>422.7</ele>
      </trkpt>
      <trkpt lat="30.62703" lon="-99.15952">
        <ele>422.5</ele>
      </trkpt>
      <trkpt lat="30.62685" lon="-99.15875">
        <ele>421.9</ele>
      </trkpt>
      <trkpt lat="30.62674" lon="-99.15822">
        <ele>421.1</ele>
      </trkpt>
      <trkpt lat="30.6267" lon="-99.15808">
        <ele>421.2</ele>
      </trkpt>
      <trkpt lat="30.62666" lon="-99.1579">
        <ele>421.5</ele>
      </trkpt>
      <trkpt lat="30.62657" lon="-99.1575">
        <ele>422.1</ele>
      </trkpt>
      <trkpt lat="30.62656" lon="-99.15746">
        <ele>422.1</ele>
      </trkpt>
      <trkpt lat="30.62648" lon="-99.15709">
        <ele>422.5</ele>
      </trkpt>
      <trkpt lat="30.62643" lon="-99.15689">
        <ele>422.8</ele>
      </trkpt>
      <trkpt lat="30.62637" lon="-99.15661">
        <ele>423.3</ele>
      </trkpt>
      <trkpt lat="30.62625" lon="-99.15608">
        <ele>424.2</ele>
      </trkpt>
      <trkpt lat="30.62616" lon="-99.15572">
        <ele>424.7</ele>
      </trkpt>
      <trkpt lat="30.62615" lon="-99.15568">
        <ele>424.6</ele>
      </trkpt>
      <trkpt lat="30.62606" lon="-99.15527">
        <ele>424.3</ele>
      </trkpt>
      <trkpt lat="30.62603" lon="-99.15509">
        <ele>424.0</ele>
      </trkpt>
      <trkpt lat="30.62593" lon="-99.15467">
        <ele>423.3</ele>
      </trkpt>
      <trkpt lat="30.62587" lon="-99.15448">
        <ele>423.1</ele>
      </trkpt>
      <trkpt lat="30.62587" lon="-99.15447">
        <ele>423.0</ele>
      </trkpt>
      <trkpt lat="30.62581" lon="-99.1543">
        <ele>422.8</ele>
      </trkpt>
      <trkpt lat="30.6258" lon="-99.15428">
        <ele>422.8</ele>
      </trkpt>
      <trkpt lat="30.62574" lon="-99.15412">
        <ele>422.8</ele>
      </trkpt>
      <trkpt lat="30.62573" lon="-99.15409">
        <ele>422.7</ele>
      </trkpt>
      <trkpt lat="30.62558" lon="-99.1537">
        <ele>422.7</ele>
      </trkpt>
      <trkpt lat="30.62547" lon="-99.15341">
        <ele>421.9</ele>
      </trkpt>
      <trkpt lat="30.62518" lon="-99.15254">
        <ele>421.5</ele>
      </trkpt>
      <trkpt lat="30.62515" lon="-99.15244">
        <ele>422.0</ele>
      </trkpt>
      <trkpt lat="30.62512" lon="-99.15234">
        <ele>422.3</ele>
      </trkpt>
      <trkpt lat="30.62503" lon="-99.15206">
        <ele>422.8</ele>
      </trkpt>
      <trkpt lat="30.625" lon="-99.1519">
        <ele>422.9</ele>
      </trkpt>
      <trkpt lat="30.62496" lon="-99.15165">
        <ele>423.0</ele>
      </trkpt>
      <trkpt lat="30.6249" lon="-99.15123">
        <ele>422.9</ele>
      </trkpt>
      <trkpt lat="30.62489" lon="-99.15112">
        <ele>423.0</ele>
      </trkpt>
      <trkpt lat="30.62486" lon="-99.15081">
        <ele>423.0</ele>
      </trkpt>
      <trkpt lat="30.62485" lon="-99.15071">
        <ele>423.0</ele>
      </trkpt>
      <trkpt lat="30.62479" lon="-99.14996">
        <ele>422.7</ele>
      </trkpt>
      <trkpt lat="30.62474" lon="-99.14904">
        <ele>422.4</ele>
      </trkpt>
      <trkpt lat="30.62474" lon="-99.1489">
        <ele>422.3</ele>
      </trkpt>
      <trkpt lat="30.62466" lon="-99.14821">
        <ele>422.4</ele>
      </trkpt>
      <trkpt lat="30.62464" lon="-99.14798">
        <ele>422.4</ele>
      </trkpt>
      <trkpt lat="30.62462" lon="-99.14779">
        <ele>422.3</ele>
      </trkpt>
      <trkpt lat="30.6246" lon="-99.14764">
        <ele>422.2</ele>
      </trkpt>
      <trkpt lat="30.62455" lon="-99.14733">
        <ele>422.1</ele>
      </trkpt>
      <trkpt lat="30.62449" lon="-99.14705">
        <ele>422.0</ele>
      </trkpt>
      <trkpt lat="30.62442" lon="-99.14678">
        <ele>421.9</ele>
      </trkpt>
      <trkpt lat="30.6244" lon="-99.14671">
        <ele>421.9</ele>
      </trkpt>
      <trkpt lat="30.62431" lon="-99.14638">
        <ele>421.8</ele>
      </trkpt>
      <trkpt lat="30.6242" lon="-99.14598">
        <ele>421.3</ele>
      </trkpt>
      <trkpt lat="30.62416" lon="-99.14578">
        <ele>420.5</ele>
      </trkpt>
      <trkpt lat="30.62415" lon="-99.14573">
        <ele>420.3</ele>
      </trkpt>
      <trkpt lat="30.62411" lon="-99.14558">
        <ele>419.6</ele>
      </trkpt>
      <trkpt lat="30.62405" lon="-99.14524">
        <ele>419.6</ele>
      </trkpt>
      <trkpt lat="30.62404" lon="-99.14516">
        <ele>419.9</ele>
      </trkpt>
      <trkpt lat="30.62404" lon="-99.14513">
        <ele>420.0</ele>
      </trkpt>
      <trkpt lat="30.62402" lon="-99.14476">
        <ele>420.9</ele>
      </trkpt>
      <trkpt lat="30.62401" lon="-99.14441">
        <ele>421.3</ele>
      </trkpt>
      <trkpt lat="30.62401" lon="-99.14328">
        <ele>422.6</ele>
      </trkpt>
      <trkpt lat="30.62401" lon="-99.14308">
        <ele>422.8</ele>
      </trkpt>
      <trkpt lat="30.62401" lon="-99.14224">
        <ele>423.9</ele>
      </trkpt>
      <trkpt lat="30.62401" lon="-99.14203">
        <ele>424.1</ele>
      </trkpt>
      <trkpt lat="30.62401" lon="-99.1414">
        <ele>424.6</ele>
      </trkpt>
      <trkpt lat="30.62401" lon="-99.14044">
        <ele>427.3</ele>
      </trkpt>
      <trkpt lat="30.624" lon="-99.14015">
        <ele>428.0</ele>
      </trkpt>
      <trkpt lat="30.624" lon="-99.13976">
        <ele>428.2</ele>
      </trkpt>
      <trkpt lat="30.624" lon="-99.13974">
        <ele>428.3</ele>
      </trkpt>
      <trkpt lat="30.624" lon="-99.13973">
        <ele>428.3</ele>
      </trkpt>
      <trkpt lat="30.62398" lon="-99.13943">
        <ele>428.4</ele>
      </trkpt>
      <trkpt lat="30.62389" lon="-99.13904">
        <ele>428.0</ele>
      </trkpt>
      <trkpt lat="30.62374" lon="-99.13869">
        <ele>427.8</ele>
      </trkpt>
      <trkpt lat="30.62349" lon="-99.1384">
        <ele>428.3</ele>
      </trkpt>
      <trkpt lat="30.62326" lon="-99.13814">
        <ele>428.4</ele>
      </trkpt>
      <trkpt lat="30.62323" lon="-99.13812">
        <ele>428.5</ele>
      </trkpt>
      <trkpt lat="30.62311" lon="-99.13802">
        <ele>428.6</ele>
      </trkpt>
      <trkpt lat="30.62278" lon="-99.13778">
        <ele>429.1</ele>
      </trkpt>
      <trkpt lat="30.62271" lon="-99.13774">
        <ele>429.3</ele>
      </trkpt>
      <trkpt lat="30.62221" lon="-99.13741">
        <ele>433.5</ele>
      </trkpt>
      <trkpt lat="30.62148" lon="-99.13694">
        <ele>433.6</ele>
      </trkpt>
      <trkpt lat="30.62142" lon="-99.1369">
        <ele>433.6</ele>
      </trkpt>
      <trkpt lat="30.6212" lon="-99.13673">
        <ele>433.4</ele>
      </trkpt>
      <trkpt lat="30.62063" lon="-99.1364">
        <ele>432.0</ele>
      </trkpt>
      <trkpt lat="30.6203" lon="-99.1362">
        <ele>433.8</ele>
      </trkpt>
      <trkpt lat="30.62016" lon="-99.13611">
        <ele>434.9</ele>
      </trkpt>
      <trkpt lat="30.61979" lon="-99.13587">
        <ele>438.2</ele>
      </trkpt>
      <trkpt lat="30.61955" lon="-99.13576">
        <ele>440.4</ele>
      </trkpt>
      <trkpt lat="30.61951" lon="-99.13574">
        <ele>440.7</ele>
      </trkpt>
      <trkpt lat="30.61934" lon="-99.13569">
        <ele>441.4</ele>
      </trkpt>
      <trkpt lat="30.6193" lon="-99.13568">
        <ele>441.4</ele>
      </trkpt>
      <trkpt lat="30.61901" lon="-99.13566">
        <ele>442.5</ele>
      </trkpt>
      <trkpt lat="30.61862" lon="-99.13564">
        <ele>443.0</ele>
      </trkpt>
      <trkpt lat="30.61844" lon="-99.13564">
        <ele>442.6</ele>
      </trkpt>
      <trkpt lat="30.61842" lon="-99.13564">
        <ele>442.6</ele>
      </trkpt>
      <trkpt lat="30.61826" lon="-99.13561">
        <ele>442.9</ele>
      </trkpt>
      <trkpt lat="30.61815" lon="-99.13559">
        <ele>443.2</ele>
      </trkpt>
      <trkpt lat="30.61793" lon="-99.13546">
        <ele>445.1</ele>
      </trkpt>
      <trkpt lat="30.61779" lon="-99.13532">
        <ele>446.9</ele>
      </trkpt>
      <trkpt lat="30.61774" lon="-99.13527">
        <ele>447.7</ele>
      </trkpt>
      <trkpt lat="30.61767" lon="-99.13517">
        <ele>448.5</ele>
      </trkpt>
      <trkpt lat="30.61755" lon="-99.13502">
        <ele>449.2</ele>
      </trkpt>
      <trkpt lat="30.61743" lon="-99.13486">
        <ele>448.4</ele>
      </trkpt>
      <trkpt lat="30.61733" lon="-99.13474">
        <ele>447.4</ele>
      </trkpt>
      <trkpt lat="30.61704" lon="-99.13441">
        <ele>444.1</ele>
      </trkpt>
      <trkpt lat="30.61686" lon="-99.1342">
        <ele>441.8</ele>
      </trkpt>
      <trkpt lat="30.61651" lon="-99.13379">
        <ele>438.0</ele>
      </trkpt>
      <trkpt lat="30.61647" lon="-99.13376">
        <ele>437.7</ele>
      </trkpt>
      <trkpt lat="30.61622" lon="-99.13347">
        <ele>435.9</ele>
      </trkpt>
      <trkpt lat="30.6161" lon="-99.13333">
        <ele>434.8</ele>
      </trkpt>
      <trkpt lat="30.61609" lon="-99.13332">
        <ele>434.8</ele>
      </trkpt>
      <trkpt lat="30.61592" lon="-99.13314">
        <ele>433.5</ele>
      </trkpt>
      <trkpt lat="30.61583" lon="-99.13303">
        <ele>432.8</ele>
      </trkpt>
      <trkpt lat="30.61535" lon="-99.13247">
        <ele>430.6</ele>
      </trkpt>
      <trkpt lat="30.61532" lon="-99.13244">
        <ele>430.5</ele>
      </trkpt>
      <trkpt lat="30.61508" lon="-99.13215">
        <ele>429.0</ele>
      </trkpt>
      <trkpt lat="30.61507" lon="-99.13214">
        <ele>428.9</ele>
      </trkpt>
      <trkpt lat="30.61482" lon="-99.13184">
        <ele>427.3</ele>
      </trkpt>
      <trkpt lat="30.61421" lon="-99.13112">
        <ele>425.3</ele>
      </trkpt>
      <trkpt lat="30.61419" lon="-99.13109">
        <ele>425.2</ele>
      </trkpt>
      <trkpt lat="30.61394" lon="-99.13079">
        <ele>424.6</ele>
      </trkpt>
      <trkpt lat="30.61357" lon="-99.13033">
        <ele>423.1</ele>
      </trkpt>
      <trkpt lat="30.6133" lon="-99.13">
        <ele>422.2</ele>
      </trkpt>
      <trkpt lat="30.61309" lon="-99.12971">
        <ele>421.8</ele>
      </trkpt>
      <trkpt lat="30.61301" lon="-99.12958">
        <ele>421.8</ele>
      </trkpt>
      <trkpt lat="30.6125" lon="-99.12881">
        <ele>422.3</ele>
      </trkpt>
      <trkpt lat="30.61228" lon="-99.1285">
        <ele>421.9</ele>
      </trkpt>
      <trkpt lat="30.61209" lon="-99.12824">
        <ele>421.3</ele>
      </trkpt>
      <trkpt lat="30.61184" lon="-99.12788">
        <ele>420.4</ele>
      </trkpt>
      <trkpt lat="30.6116" lon="-99.12753">
        <ele>419.5</ele>
      </trkpt>
      <trkpt lat="30.61148" lon="-99.12737">
        <ele>419.0</ele>
      </trkpt>
      <trkpt lat="30.61104" lon="-99.12673">
        <ele>416.8</ele>
      </trkpt>
      <trkpt lat="30.61091" lon="-99.12656">
        <ele>416.3</ele>
      </trkpt>
      <trkpt lat="30.61079" lon="-99.12639">
        <ele>415.7</ele>
      </trkpt>
      <trkpt lat="30.61054" lon="-99.12607">
        <ele>414.7</ele>
      </trkpt>
      <trkpt lat="30.61042" lon="-99.12592">
        <ele>414.7</ele>
      </trkpt>
      <trkpt lat="30.6104" lon="-99.12589">
        <ele>414.7</ele>
      </trkpt>
      <trkpt lat="30.61031" lon="-99.12579">
        <ele>414.8</ele>
      </trkpt>
      <trkpt lat="30.6102" lon="-99.12566">
        <ele>415.1</ele>
      </trkpt>
      <trkpt lat="30.61018" lon="-99.12564">
        <ele>415.1</ele>
      </trkpt>
      <trkpt lat="30.60997" lon="-99.12543">
        <ele>415.8</ele>
      </trkpt>
      <trkpt lat="30.60989" lon="-99.12536">
        <ele>416.1</ele>
      </trkpt>
      <trkpt lat="30.60978" lon="-99.12525">
        <ele>416.6</ele>
      </trkpt>
      <trkpt lat="30.60977" lon="-99.12524">
        <ele>416.7</ele>
      </trkpt>
      <trkpt lat="30.60963" lon="-99.1251">
        <ele>417.9</ele>
      </trkpt>
      <trkpt lat="30.60957" lon="-99.12503">
        <ele>418.3</ele>
      </trkpt>
      <trkpt lat="30.6095" lon="-99.12496">
        <ele>418.7</ele>
      </trkpt>
      <trkpt lat="30.60931" lon="-99.12473">
        <ele>420.0</ele>
      </trkpt>
      <trkpt lat="30.60901" lon="-99.12435">
        <ele>422.3</ele>
      </trkpt>
      <trkpt lat="30.60888" lon="-99.1242">
        <ele>422.9</ele>
      </trkpt>
      <trkpt lat="30.60887" lon="-99.12418">
        <ele>423.0</ele>
      </trkpt>
      <trkpt lat="30.60884" lon="-99.12414">
        <ele>423.1</ele>
      </trkpt>
      <trkpt lat="30.60811" lon="-99.12319">
        <ele>426.5</ele>
      </trkpt>
      <trkpt lat="30.60785" lon="-99.12284">
        <ele>427.3</ele>
      </trkpt>
      <trkpt lat="30.60781" lon="-99.12279">
        <ele>427.4</ele>
      </trkpt>
      <trkpt lat="30.6077" lon="-99.12263">
        <ele>427.8</ele>
      </trkpt>
      <trkpt lat="30.60769" lon="-99.12261">
        <ele>427.8</ele>
      </trkpt>
      <trkpt lat="30.60748" lon="-99.1223">
        <ele>428.3</ele>
      </trkpt>
      <trkpt lat="30.60715" lon="-99.12182">
        <ele>428.8</ele>
      </trkpt>
      <trkpt lat="30.60694" lon="-99.12149">
        <ele>429.7</ele>
      </trkpt>
      <trkpt lat="30.60675" lon="-99.12116">
        <ele>430.6</ele>
      </trkpt>
      <trkpt lat="30.60659" lon="-99.1208">
        <ele>431.4</ele>
      </trkpt>
      <trkpt lat="30.60657" lon="-99.12075">
        <ele>431.5</ele>
      </trkpt>
      <trkpt lat="30.60656" lon="-99.12073">
        <ele>431.5</ele>
      </trkpt>
      <trkpt lat="30.60649" lon="-99.12056">
        <ele>431.8</ele>
      </trkpt>
      <trkpt lat="30.60634" lon="-99.12018">
        <ele>432.3</ele>
      </trkpt>
      <trkpt lat="30.60633" lon="-99.12016">
        <ele>432.3</ele>
      </trkpt>
      <trkpt lat="30.60627" lon="-99.11999">
        <ele>432.7</ele>
      </trkpt>
      <trkpt lat="30.60611" lon="-99.11961">
        <ele>434.3</ele>
      </trkpt>
      <trkpt lat="30.60603" lon="-99.11942">
        <ele>436.1</ele>
      </trkpt>
      <trkpt lat="30.60602" lon="-99.1194">
        <ele>436.3</ele>
      </trkpt>
      <trkpt lat="30.60578" lon="-99.1188">
        <ele>438.9</ele>
      </trkpt>
      <trkpt lat="30.60564" lon="-99.11846">
        <ele>439.9</ele>
      </trkpt>
      <trkpt lat="30.60558" lon="-99.11829">
        <ele>440.3</ele>
      </trkpt>
      <trkpt lat="30.6055" lon="-99.1181">
        <ele>440.5</ele>
      </trkpt>
      <trkpt lat="30.60549" lon="-99.11808">
        <ele>440.5</ele>
      </trkpt>
      <trkpt lat="30.60544" lon="-99.1179">
        <ele>440.6</ele>
      </trkpt>
      <trkpt lat="30.60539" lon="-99.11777">
        <ele>440.7</ele>
      </trkpt>
      <trkpt lat="30.60537" lon="-99.11768">
        <ele>440.7</ele>
      </trkpt>
      <trkpt lat="30.60534" lon="-99.1175">
        <ele>440.8</ele>
      </trkpt>
      <trkpt lat="30.60531" lon="-99.1174">
        <ele>440.8</ele>
      </trkpt>
      <trkpt lat="30.60529" lon="-99.11728">
        <ele>440.8</ele>
      </trkpt>
      <trkpt lat="30.60526" lon="-99.1171">
        <ele>440.8</ele>
      </trkpt>
      <trkpt lat="30.60523" lon="-99.11694">
        <ele>440.8</ele>
      </trkpt>
      <trkpt lat="30.60518" lon="-99.11669">
        <ele>440.6</ele>
      </trkpt>
      <trkpt lat="30.60518" lon="-99.11666">
        <ele>440.6</ele>
      </trkpt>
      <trkpt lat="30.60487" lon="-99.11506">
        <ele>437.4</ele>
      </trkpt>
      <trkpt lat="30.60483" lon="-99.11485">
        <ele>436.8</ele>
      </trkpt>
      <trkpt lat="30.60482" lon="-99.11483">
        <ele>436.7</ele>
      </trkpt>
      <trkpt lat="30.60475" lon="-99.11444">
        <ele>435.4</ele>
      </trkpt>
      <trkpt lat="30.60475" lon="-99.11442">
        <ele>435.3</ele>
      </trkpt>
      <trkpt lat="30.60459" lon="-99.11363">
        <ele>434.6</ele>
      </trkpt>
      <trkpt lat="30.60459" lon="-99.1136">
        <ele>434.6</ele>
      </trkpt>
      <trkpt lat="30.60456" lon="-99.11342">
        <ele>434.5</ele>
      </trkpt>
      <trkpt lat="30.60445" lon="-99.11286">
        <ele>434.7</ele>
      </trkpt>
      <trkpt lat="30.60436" lon="-99.11247">
        <ele>434.3</ele>
      </trkpt>
      <trkpt lat="30.60434" lon="-99.11241">
        <ele>434.2</ele>
      </trkpt>
      <trkpt lat="30.60434" lon="-99.11238">
        <ele>434.1</ele>
      </trkpt>
      <trkpt lat="30.60423" lon="-99.11201">
        <ele>433.5</ele>
      </trkpt>
      <trkpt lat="30.60422" lon="-99.11199">
        <ele>433.4</ele>
      </trkpt>
      <trkpt lat="30.60411" lon="-99.11162">
        <ele>432.2</ele>
      </trkpt>
      <trkpt lat="30.60411" lon="-99.11159">
        <ele>432.1</ele>
      </trkpt>
      <trkpt lat="30.60383" lon="-99.11063">
        <ele>428.6</ele>
      </trkpt>
      <trkpt lat="30.60377" lon="-99.11043">
        <ele>427.6</ele>
      </trkpt>
      <trkpt lat="30.60376" lon="-99.1104">
        <ele>427.4</ele>
      </trkpt>
      <trkpt lat="30.60372" lon="-99.11027">
        <ele>426.8</ele>
      </trkpt>
      <trkpt lat="30.60371" lon="-99.11023">
        <ele>426.6</ele>
      </trkpt>
      <trkpt lat="30.60365" lon="-99.11003">
        <ele>425.6</ele>
      </trkpt>
      <trkpt lat="30.60359" lon="-99.10983">
        <ele>425.0</ele>
      </trkpt>
      <trkpt lat="30.60353" lon="-99.10964">
        <ele>424.5</ele>
      </trkpt>
      <trkpt lat="30.60353" lon="-99.10962">
        <ele>424.4</ele>
      </trkpt>
      <trkpt lat="30.60348" lon="-99.10946">
        <ele>423.9</ele>
      </trkpt>
      <trkpt lat="30.60348" lon="-99.10944">
        <ele>423.8</ele>
      </trkpt>
      <trkpt lat="30.60344" lon="-99.10924">
        <ele>423.0</ele>
      </trkpt>
      <trkpt lat="30.60344" lon="-99.10921">
        <ele>422.9</ele>
      </trkpt>
      <trkpt lat="30.60342" lon="-99.10911">
        <ele>422.6</ele>
      </trkpt>
      <trkpt lat="30.60342" lon="-99.1091">
        <ele>422.6</ele>
      </trkpt>
      <trkpt lat="30.60342" lon="-99.1091">
        <ele>422.6</ele>
      </trkpt>
      <trkpt lat="30.60342" lon="-99.10903">
        <ele>422.3</ele>
      </trkpt>
      <trkpt lat="30.6034" lon="-99.10873">
        <ele>421.5</ele>
      </trkpt>
      <trkpt lat="30.6034" lon="-99.10873">
        <ele>421.5</ele>
      </trkpt>
      <trkpt lat="30.60307" lon="-99.10882">
        <ele>423.2</ele>
      </trkpt>
      <trkpt lat="30.60305" lon="-99.10883">
        <ele>423.3</ele>
      </trkpt>
      <trkpt lat="30.60287" lon="-99.10888">
        <ele>424.4</ele>
      </trkpt>
      <trkpt lat="30.60282" lon="-99.1089">
        <ele>424.6</ele>
      </trkpt>
      <trkpt lat="30.6027" lon="-99.10893">
        <ele>425.4</ele>
      </trkpt>
      <trkpt lat="30.6025" lon="-99.10899">
        <ele>426.7</ele>
      </trkpt>
      <trkpt lat="30.60212" lon="-99.1091">
        <ele>428.0</ele>
      </trkpt>
      <trkpt lat="30.60195" lon="-99.10915">
        <ele>428.6</ele>
      </trkpt>
      <trkpt lat="30.60165" lon="-99.10922">
        <ele>430.0</ele>
      </trkpt>
      <trkpt lat="30.60158" lon="-99.10923">
        <ele>430.5</ele>
      </trkpt>
      <trkpt lat="30.60147" lon="-99.10925">
        <ele>431.3</ele>
      </trkpt>
      <trkpt lat="30.60129" lon="-99.10928">
        <ele>432.6</ele>
      </trkpt>
      <trkpt lat="30.60122" lon="-99.10929">
        <ele>433.0</ele>
      </trkpt>
      <trkpt lat="30.60111" lon="-99.1093">
        <ele>433.2</ele>
      </trkpt>
      <trkpt lat="30.60094" lon="-99.10933">
        <ele>433.6</ele>
      </trkpt>
      <trkpt lat="30.60093" lon="-99.10933">
        <ele>433.6</ele>
      </trkpt>
      <trkpt lat="30.60081" lon="-99.10935">
        <ele>433.4</ele>
      </trkpt>
      <trkpt lat="30.60058" lon="-99.10938">
        <ele>433.1</ele>
      </trkpt>
      <trkpt lat="30.60051" lon="-99.1094">
        <ele>432.9</ele>
      </trkpt>
      <trkpt lat="30.6004" lon="-99.10942">
        <ele>432.6</ele>
      </trkpt>
      <trkpt lat="30.60005" lon="-99.10951">
        <ele>431.2</ele>
      </trkpt>
      <trkpt lat="30.59953" lon="-99.10966">
        <ele>429.0</ele>
      </trkpt>
      <trkpt lat="30.59949" lon="-99.10967">
        <ele>428.8</ele>
      </trkpt>
      <trkpt lat="30.59918" lon="-99.10976">
        <ele>427.6</ele>
      </trkpt>
      <trkpt lat="30.599" lon="-99.10981">
        <ele>426.9</ele>
      </trkpt>
      <trkpt lat="30.59883" lon="-99.10986">
        <ele>426.8</ele>
      </trkpt>
      <trkpt lat="30.59796" lon="-99.11012">
        <ele>425.7</ele>
      </trkpt>
      <trkpt lat="30.5974" lon="-99.11029">
        <ele>425.0</ele>
      </trkpt>
      <trkpt lat="30.59687" lon="-99.11045">
        <ele>425.0</ele>
      </trkpt>
      <trkpt lat="30.59643" lon="-99.11058">
        <ele>425.2</ele>
      </trkpt>
      <trkpt lat="30.59582" lon="-99.11076">
        <ele>426.0</ele>
      </trkpt>
      <trkpt lat="30.59556" lon="-99.11083">
        <ele>426.5</ele>
      </trkpt>
      <trkpt lat="30.59539" lon="-99.11088">
        <ele>426.8</ele>
      </trkpt>
      <trkpt lat="30.59539" lon="-99.11089">
        <ele>426.8</ele>
      </trkpt>
      <trkpt lat="30.59522" lon="-99.11094">
        <ele>426.9</ele>
      </trkpt>
      <trkpt lat="30.59486" lon="-99.11104">
        <ele>427.1</ele>
      </trkpt>
      <trkpt lat="30.59469" lon="-99.11109">
        <ele>427.2</ele>
      </trkpt>
      <trkpt lat="30.59434" lon="-99.1112">
        <ele>427.3</ele>
      </trkpt>
      <trkpt lat="30.59431" lon="-99.1112">
        <ele>427.3</ele>
      </trkpt>
      <trkpt lat="30.59347" lon="-99.11145">
        <ele>427.8</ele>
      </trkpt>
      <trkpt lat="30.5933" lon="-99.1115">
        <ele>427.7</ele>
      </trkpt>
      <trkpt lat="30.59329" lon="-99.1115">
        <ele>427.7</ele>
      </trkpt>
      <trkpt lat="30.59318" lon="-99.11153">
        <ele>427.9</ele>
      </trkpt>
      <trkpt lat="30.59313" lon="-99.11155">
        <ele>427.9</ele>
      </trkpt>
      <trkpt lat="30.59312" lon="-99.11155">
        <ele>428.0</ele>
      </trkpt>
      <trkpt lat="30.5925" lon="-99.11174">
        <ele>429.5</ele>
      </trkpt>
      <trkpt lat="30.59242" lon="-99.11176">
        <ele>429.7</ele>
      </trkpt>
      <trkpt lat="30.59219" lon="-99.11183">
        <ele>430.4</ele>
      </trkpt>
      <trkpt lat="30.59208" lon="-99.11186">
        <ele>430.7</ele>
      </trkpt>
      <trkpt lat="30.59207" lon="-99.11186">
        <ele>430.7</ele>
      </trkpt>
      <trkpt lat="30.59138" lon="-99.11207">
        <ele>432.8</ele>
      </trkpt>
      <trkpt lat="30.59103" lon="-99.11217">
        <ele>433.3</ele>
      </trkpt>
      <trkpt lat="30.58999" lon="-99.11248">
        <ele>435.7</ele>
      </trkpt>
      <trkpt lat="30.58998" lon="-99.11248">
        <ele>435.7</ele>
      </trkpt>
      <trkpt lat="30.58981" lon="-99.11254">
        <ele>436.3</ele>
      </trkpt>
      <trkpt lat="30.58955" lon="-99.11262">
        <ele>437.6</ele>
      </trkpt>
      <trkpt lat="30.5895" lon="-99.11264">
        <ele>437.9</ele>
      </trkpt>
      <trkpt lat="30.58947" lon="-99.11265">
        <ele>438.1</ele>
      </trkpt>
      <trkpt lat="30.58946" lon="-99.11265">
        <ele>438.1</ele>
      </trkpt>
      <trkpt lat="30.58934" lon="-99.1127">
        <ele>438.8</ele>
      </trkpt>
      <trkpt lat="30.5893" lon="-99.11271">
        <ele>438.9</ele>
      </trkpt>
      <trkpt lat="30.58929" lon="-99.11272">
        <ele>439.0</ele>
      </trkpt>
      <trkpt lat="30.58918" lon="-99.11276">
        <ele>439.4</ele>
      </trkpt>
      <trkpt lat="30.58912" lon="-99.11279">
        <ele>439.6</ele>
      </trkpt>
      <trkpt lat="30.58902" lon="-99.11283">
        <ele>440.0</ele>
      </trkpt>
      <trkpt lat="30.58896" lon="-99.11286">
        <ele>440.2</ele>
      </trkpt>
      <trkpt lat="30.58884" lon="-99.11292">
        <ele>440.6</ele>
      </trkpt>
      <trkpt lat="30.58869" lon="-99.11301">
        <ele>441.1</ele>
      </trkpt>
      <trkpt lat="30.58863" lon="-99.11304">
        <ele>441.4</ele>
      </trkpt>
      <trkpt lat="30.58858" lon="-99.11307">
        <ele>441.6</ele>
      </trkpt>
      <trkpt lat="30.5883" lon="-99.11326">
        <ele>443.4</ele>
      </trkpt>
      <trkpt lat="30.58807" lon="-99.11342">
        <ele>445.0</ele>
      </trkpt>
      <trkpt lat="30.58802" lon="-99.11347">
        <ele>445.3</ele>
      </trkpt>
      <trkpt lat="30.58787" lon="-99.11359">
        <ele>446.1</ele>
      </trkpt>
      <trkpt lat="30.58783" lon="-99.11362">
        <ele>446.4</ele>
      </trkpt>
      <trkpt lat="30.58758" lon="-99.11383">
        <ele>447.7</ele>
      </trkpt>
      <trkpt lat="30.58733" lon="-99.11403">
        <ele>449.1</ele>
      </trkpt>
      <trkpt lat="30.58684" lon="-99.11443">
        <ele>451.9</ele>
      </trkpt>
      <trkpt lat="30.58666" lon="-99.11458">
        <ele>452.6</ele>
      </trkpt>
      <trkpt lat="30.58572" lon="-99.11535">
        <ele>454.1</ele>
      </trkpt>
      <trkpt lat="30.58572" lon="-99.11535">
        <ele>454.1</ele>
      </trkpt>
      <trkpt lat="30.58571" lon="-99.11542">
        <ele>454.3</ele>
      </trkpt>
      <trkpt lat="30.58569" lon="-99.11549">
        <ele>454.6</ele>
      </trkpt>
      <trkpt lat="30.58565" lon="-99.11559">
        <ele>454.9</ele>
      </trkpt>
      <trkpt lat="30.58555" lon="-99.11579">
        <ele>455.6</ele>
      </trkpt>
      <trkpt lat="30.58537" lon="-99.11614">
        <ele>456.9</ele>
      </trkpt>
      <trkpt lat="30.58537" lon="-99.11614">
        <ele>456.9</ele>
      </trkpt>
      <trkpt lat="30.58533" lon="-99.11622">
        <ele>457.1</ele>
      </trkpt>
      <trkpt lat="30.58531" lon="-99.11627">
        <ele>457.3</ele>
      </trkpt>
      <trkpt lat="30.58528" lon="-99.11633">
        <ele>457.4</ele>
      </trkpt>
      <trkpt lat="30.58522" lon="-99.11645">
        <ele>457.6</ele>
      </trkpt>
      <trkpt lat="30.58519" lon="-99.11651">
        <ele>457.7</ele>
      </trkpt>
      <trkpt lat="30.58518" lon="-99.11651">
        <ele>457.7</ele>
      </trkpt>
      <trkpt lat="30.58509" lon="-99.11669">
        <ele>457.8</ele>
      </trkpt>
      <trkpt lat="30.58489" lon="-99.11708">
        <ele>458.3</ele>
      </trkpt>
      <trkpt lat="30.58446" lon="-99.11798">
        <ele>458.3</ele>
      </trkpt>
      <trkpt lat="30.58438" lon="-99.11814">
        <ele>457.8</ele>
      </trkpt>
      <trkpt lat="30.58409" lon="-99.11874">
        <ele>456.0</ele>
      </trkpt>
      <trkpt lat="30.58403" lon="-99.11887">
        <ele>455.6</ele>
      </trkpt>
      <trkpt lat="30.58385" lon="-99.11924">
        <ele>455.2</ele>
      </trkpt>
      <trkpt lat="30.5835" lon="-99.11997">
        <ele>457.2</ele>
      </trkpt>
      <trkpt lat="30.58342" lon="-99.12012">
        <ele>457.6</ele>
      </trkpt>
      <trkpt lat="30.58341" lon="-99.12015">
        <ele>457.7</ele>
      </trkpt>
      <trkpt lat="30.58333" lon="-99.1203">
        <ele>457.9</ele>
      </trkpt>
      <trkpt lat="30.58298" lon="-99.12102">
        <ele>458.3</ele>
      </trkpt>
      <trkpt lat="30.58288" lon="-99.12121">
        <ele>458.6</ele>
      </trkpt>
      <trkpt lat="30.58287" lon="-99.12123">
        <ele>458.6</ele>
      </trkpt>
      <trkpt lat="30.58262" lon="-99.12175">
        <ele>459.4</ele>
      </trkpt>
      <trkpt lat="30.58248" lon="-99.12202">
        <ele>459.8</ele>
      </trkpt>
      <trkpt lat="30.58235" lon="-99.1223">
        <ele>460.1</ele>
      </trkpt>
      <trkpt lat="30.58234" lon="-99.12232">
        <ele>460.1</ele>
      </trkpt>
      <trkpt lat="30.58234" lon="-99.12233">
        <ele>460.2</ele>
      </trkpt>
      <trkpt lat="30.58227" lon="-99.12248">
        <ele>460.2</ele>
      </trkpt>
      <trkpt lat="30.58218" lon="-99.12267">
        <ele>459.9</ele>
      </trkpt>
      <trkpt lat="30.58217" lon="-99.12269">
        <ele>459.9</ele>
      </trkpt>
      <trkpt lat="30.58199" lon="-99.12306">
        <ele>459.4</ele>
      </trkpt>
      <trkpt lat="30.58189" lon="-99.12323">
        <ele>459.8</ele>
      </trkpt>
      <trkpt lat="30.58183" lon="-99.12331">
        <ele>460.2</ele>
      </trkpt>
      <trkpt lat="30.58171" lon="-99.1234">
        <ele>460.4</ele>
      </trkpt>
      <trkpt lat="30.58154" lon="-99.1235">
        <ele>460.9</ele>
      </trkpt>
      <trkpt lat="30.5814" lon="-99.12357">
        <ele>461.3</ele>
      </trkpt>
      <trkpt lat="30.58114" lon="-99.1237">
        <ele>462.0</ele>
      </trkpt>
      <trkpt lat="30.58106" lon="-99.12376">
        <ele>462.3</ele>
      </trkpt>
      <trkpt lat="30.58103" lon="-99.12378">
        <ele>462.5</ele>
      </trkpt>
      <trkpt lat="30.58092" lon="-99.1239">
        <ele>463.0</ele>
      </trkpt>
      <trkpt lat="30.58085" lon="-99.124">
        <ele>463.4</ele>
      </trkpt>
      <trkpt lat="30.58082" lon="-99.12407">
        <ele>463.8</ele>
      </trkpt>
      <trkpt lat="30.5808" lon="-99.12412">
        <ele>464.2</ele>
      </trkpt>
      <trkpt lat="30.58075" lon="-99.12425">
        <ele>465.0</ele>
      </trkpt>
      <trkpt lat="30.58074" lon="-99.12426">
        <ele>465.1</ele>
      </trkpt>
      <trkpt lat="30.58068" lon="-99.12443">
        <ele>466.1</ele>
      </trkpt>
      <trkpt lat="30.58068" lon="-99.12445">
        <ele>466.2</ele>
      </trkpt>
      <trkpt lat="30.58066" lon="-99.1245">
        <ele>466.4</ele>
      </trkpt>
      <trkpt lat="30.58063" lon="-99.12462">
        <ele>466.7</ele>
      </trkpt>
      <trkpt lat="30.58044" lon="-99.12546">
        <ele>468.5</ele>
      </trkpt>
      <trkpt lat="30.58035" lon="-99.12587">
        <ele>468.8</ele>
      </trkpt>
      <trkpt lat="30.58031" lon="-99.12605">
        <ele>468.8</ele>
      </trkpt>
      <trkpt lat="30.58026" lon="-99.12627">
        <ele>468.5</ele>
      </trkpt>
      <trkpt lat="30.58012" lon="-99.12689">
        <ele>468.3</ele>
      </trkpt>
      <trkpt lat="30.58007" lon="-99.12708">
        <ele>468.4</ele>
      </trkpt>
      <trkpt lat="30.58007" lon="-99.1271">
        <ele>468.4</ele>
      </trkpt>
      <trkpt lat="30.58003" lon="-99.12726">
        <ele>468.6</ele>
      </trkpt>
      <trkpt lat="30.58003" lon="-99.12727">
        <ele>468.6</ele>
      </trkpt>
      <trkpt lat="30.58003" lon="-99.12729">
        <ele>468.6</ele>
      </trkpt>
      <trkpt lat="30.58002" lon="-99.12739">
        <ele>468.7</ele>
      </trkpt>
      <trkpt lat="30.58001" lon="-99.1277">
        <ele>468.9</ele>
      </trkpt>
      <trkpt lat="30.58001" lon="-99.12788">
        <ele>469.2</ele>
      </trkpt>
      <trkpt lat="30.58001" lon="-99.12796">
        <ele>469.4</ele>
      </trkpt>
      <trkpt lat="30.58001" lon="-99.12809">
        <ele>469.8</ele>
      </trkpt>
      <trkpt lat="30.58001" lon="-99.12811">
        <ele>469.9</ele>
      </trkpt>
      <trkpt lat="30.58001" lon="-99.12815">
        <ele>470.1</ele>
      </trkpt>
      <trkpt lat="30.58001" lon="-99.12826">
        <ele>470.5</ele>
      </trkpt>
      <trkpt lat="30.58" lon="-99.12851">
        <ele>471.3</ele>
      </trkpt>
      <trkpt lat="30.58" lon="-99.12853">
        <ele>471.3</ele>
      </trkpt>
      <trkpt lat="30.58" lon="-99.12862">
        <ele>471.5</ele>
      </trkpt>
      <trkpt lat="30.58" lon="-99.12881">
        <ele>471.9</ele>
      </trkpt>
      <trkpt lat="30.58" lon="-99.12912">
        <ele>472.3</ele>
      </trkpt>
      <trkpt lat="30.57999" lon="-99.12927">
        <ele>472.5</ele>
      </trkpt>
      <trkpt lat="30.57999" lon="-99.12935">
        <ele>472.6</ele>
      </trkpt>
      <trkpt lat="30.57999" lon="-99.13032">
        <ele>473.2</ele>
      </trkpt>
      <trkpt lat="30.57999" lon="-99.13039">
        <ele>473.2</ele>
      </trkpt>
      <trkpt lat="30.57999" lon="-99.13046">
        <ele>473.2</ele>
      </trkpt>
      <trkpt lat="30.57999" lon="-99.13164">
        <ele>473.6</ele>
      </trkpt>
      <trkpt lat="30.57999" lon="-99.1324">
        <ele>473.8</ele>
      </trkpt>
      <trkpt lat="30.57998" lon="-99.13303">
        <ele>473.9</ele>
      </trkpt>
      <trkpt lat="30.57998" lon="-99.13324">
        <ele>473.9</ele>
      </trkpt>
      <trkpt lat="30.57998" lon="-99.13408">
        <ele>474.0</ele>
      </trkpt>
      <trkpt lat="30.57998" lon="-99.13429">
        <ele>474.0</ele>
      </trkpt>
      <trkpt lat="30.57998" lon="-99.13449">
        <ele>474.0</ele>
      </trkpt>
      <trkpt lat="30.57999" lon="-99.13546">
        <ele>473.9</ele>
      </trkpt>
      <trkpt lat="30.57998" lon="-99.13601">
        <ele>473.8</ele>
      </trkpt>
      <trkpt lat="30.57998" lon="-99.13737">
        <ele>473.4</ele>
      </trkpt>
      <trkpt lat="30.57998" lon="-99.13743">
        <ele>473.4</ele>
      </trkpt>
      <trkpt lat="30.57998" lon="-99.13758">
        <ele>473.3</ele>
      </trkpt>
      <trkpt lat="30.57998" lon="-99.13821">
        <ele>473.3</ele>
      </trkpt>
      <trkpt lat="30.57998" lon="-99.13883">
        <ele>473.3</ele>
      </trkpt>
      <trkpt lat="30.57998" lon="-99.13946">
        <ele>473.5</ele>
      </trkpt>
      <trkpt lat="30.57998" lon="-99.14009">
        <ele>473.7</ele>
      </trkpt>
      <trkpt lat="30.57998" lon="-99.14022">
        <ele>473.7</ele>
      </trkpt>
      <trkpt lat="30.57998" lon="-99.14117">
        <ele>474.2</ele>
      </trkpt>
      <trkpt lat="30.57999" lon="-99.1421">
        <ele>474.7</ele>
      </trkpt>
      <trkpt lat="30.57999" lon="-99.14229">
        <ele>474.7</ele>
      </trkpt>
      <trkpt lat="30.57998" lon="-99.14259">
        <ele>474.8</ele>
      </trkpt>
      <trkpt lat="30.57998" lon="-99.14264">
        <ele>474.8</ele>
      </trkpt>
      <trkpt lat="30.57998" lon="-99.14277">
        <ele>474.8</ele>
      </trkpt>
      <trkpt lat="30.57996" lon="-99.14298">
        <ele>474.8</ele>
      </trkpt>
      <trkpt lat="30.57993" lon="-99.14314">
        <ele>474.9</ele>
      </trkpt>
      <trkpt lat="30.57984" lon="-99.14336">
        <ele>475.0</ele>
      </trkpt>
      <trkpt lat="30.57971" lon="-99.14358">
        <ele>475.1</ele>
      </trkpt>
      <trkpt lat="30.57955" lon="-99.14377">
        <ele>475.3</ele>
      </trkpt>
      <trkpt lat="30.57938" lon="-99.14395">
        <ele>475.5</ele>
      </trkpt>
      <trkpt lat="30.57916" lon="-99.14419">
        <ele>476.4</ele>
      </trkpt>
      <trkpt lat="30.57871" lon="-99.1447">
        <ele>477.7</ele>
      </trkpt>
      <trkpt lat="30.5786" lon="-99.14482">
        <ele>478.0</ele>
      </trkpt>
      <trkpt lat="30.57847" lon="-99.14496">
        <ele>478.3</ele>
      </trkpt>
      <trkpt lat="30.57826" lon="-99.1452">
        <ele>478.7</ele>
      </trkpt>
      <trkpt lat="30.57772" lon="-99.14579">
        <ele>479.5</ele>
      </trkpt>
      <trkpt lat="30.57728" lon="-99.14629">
        <ele>480.0</ele>
      </trkpt>
      <trkpt lat="30.57691" lon="-99.14672">
        <ele>480.3</ele>
      </trkpt>
      <trkpt lat="30.57676" lon="-99.14688">
        <ele>480.6</ele>
      </trkpt>
      <trkpt lat="30.57663" lon="-99.14702">
        <ele>480.9</ele>
      </trkpt>
      <trkpt lat="30.57596" lon="-99.14778">
        <ele>482.2</ele>
      </trkpt>
      <trkpt lat="30.57583" lon="-99.14794">
        <ele>482.2</ele>
      </trkpt>
      <trkpt lat="30.57574" lon="-99.14804">
        <ele>482.2</ele>
      </trkpt>
      <trkpt lat="30.5757" lon="-99.14808">
        <ele>482.2</ele>
      </trkpt>
      <trkpt lat="30.57561" lon="-99.14819">
        <ele>482.2</ele>
      </trkpt>
      <trkpt lat="30.57557" lon="-99.14823">
        <ele>482.3</ele>
      </trkpt>
      <trkpt lat="30.57531" lon="-99.14852">
        <ele>482.4</ele>
      </trkpt>
      <trkpt lat="30.57508" lon="-99.14878">
        <ele>482.6</ele>
      </trkpt>
      <trkpt lat="30.57464" lon="-99.14924">
        <ele>482.6</ele>
      </trkpt>
      <trkpt lat="30.57448" lon="-99.14943">
        <ele>482.8</ele>
      </trkpt>
      <trkpt lat="30.57387" lon="-99.15012">
        <ele>484.0</ele>
      </trkpt>
      <trkpt lat="30.57385" lon="-99.15014">
        <ele>484.1</ele>
      </trkpt>
      <trkpt lat="30.57374" lon="-99.15027">
        <ele>484.6</ele>
      </trkpt>
      <trkpt lat="30.57371" lon="-99.15031">
        <ele>484.8</ele>
      </trkpt>
      <trkpt lat="30.57364" lon="-99.15038">
        <ele>485.2</ele>
      </trkpt>
      <trkpt lat="30.57352" lon="-99.1505">
        <ele>485.9</ele>
      </trkpt>
      <trkpt lat="30.5733" lon="-99.1507">
        <ele>487.1</ele>
      </trkpt>
      <trkpt lat="30.57312" lon="-99.15082">
        <ele>487.8</ele>
      </trkpt>
      <trkpt lat="30.57296" lon="-99.15088">
        <ele>488.2</ele>
      </trkpt>
      <trkpt lat="30.57269" lon="-99.15088">
        <ele>488.7</ele>
      </trkpt>
      <trkpt lat="30.57249" lon="-99.1509">
        <ele>489.0</ele>
      </trkpt>
      <trkpt lat="30.57233" lon="-99.15091">
        <ele>489.3</ele>
      </trkpt>
      <trkpt lat="30.57216" lon="-99.15094">
        <ele>489.5</ele>
      </trkpt>
      <trkpt lat="30.57191" lon="-99.15105">
        <ele>489.9</ele>
      </trkpt>
      <trkpt lat="30.57166" lon="-99.15119">
        <ele>490.4</ele>
      </trkpt>
      <trkpt lat="30.5716" lon="-99.15124">
        <ele>490.5</ele>
      </trkpt>
      <trkpt lat="30.57147" lon="-99.15132">
        <ele>490.8</ele>
      </trkpt>
      <trkpt lat="30.57134" lon="-99.15141">
        <ele>491.2</ele>
      </trkpt>
      <trkpt lat="30.57115" lon="-99.15153">
        <ele>492.1</ele>
      </trkpt>
      <trkpt lat="30.57102" lon="-99.15161">
        <ele>492.6</ele>
      </trkpt>
      <trkpt lat="30.57099" lon="-99.15163">
        <ele>492.8</ele>
      </trkpt>
      <trkpt lat="30.57039" lon="-99.15203">
        <ele>495.1</ele>
      </trkpt>
      <trkpt lat="30.57022" lon="-99.15213">
        <ele>494.8</ele>
      </trkpt>
      <trkpt lat="30.57002" lon="-99.15228">
        <ele>494.9</ele>
      </trkpt>
      <trkpt lat="30.56994" lon="-99.15237">
        <ele>494.9</ele>
      </trkpt>
      <trkpt lat="30.56982" lon="-99.15249">
        <ele>494.9</ele>
      </trkpt>
      <trkpt lat="30.56973" lon="-99.15261">
        <ele>494.9</ele>
      </trkpt>
      <trkpt lat="30.56961" lon="-99.1528">
        <ele>495.1</ele>
      </trkpt>
      <trkpt lat="30.56953" lon="-99.15297">
        <ele>495.3</ele>
      </trkpt>
      <trkpt lat="30.56947" lon="-99.15312">
        <ele>495.6</ele>
      </trkpt>
      <trkpt lat="30.56945" lon="-99.15322">
        <ele>495.8</ele>
      </trkpt>
      <trkpt lat="30.56943" lon="-99.15335">
        <ele>496.2</ele>
      </trkpt>
      <trkpt lat="30.56941" lon="-99.15343">
        <ele>496.6</ele>
      </trkpt>
      <trkpt lat="30.56937" lon="-99.15361">
        <ele>497.4</ele>
      </trkpt>
      <trkpt lat="30.56934" lon="-99.15383">
        <ele>498.1</ele>
      </trkpt>
      <trkpt lat="30.56932" lon="-99.15396">
        <ele>498.3</ele>
      </trkpt>
      <trkpt lat="30.56927" lon="-99.15424">
        <ele>498.6</ele>
      </trkpt>
      <trkpt lat="30.56923" lon="-99.15445">
        <ele>498.8</ele>
      </trkpt>
      <trkpt lat="30.56921" lon="-99.15455">
        <ele>498.8</ele>
      </trkpt>
      <trkpt lat="30.5692" lon="-99.15465">
        <ele>498.8</ele>
      </trkpt>
      <trkpt lat="30.56905" lon="-99.15547">
        <ele>495.9</ele>
      </trkpt>
      <trkpt lat="30.56895" lon="-99.15605">
        <ele>495.0</ele>
      </trkpt>
      <trkpt lat="30.56894" lon="-99.15609">
        <ele>494.9</ele>
      </trkpt>
      <trkpt lat="30.56879" lon="-99.1569">
        <ele>489.9</ele>
      </trkpt>
      <trkpt lat="30.56871" lon="-99.15731">
        <ele>487.3</ele>
      </trkpt>
      <trkpt lat="30.56869" lon="-99.15744">
        <ele>487.1</ele>
      </trkpt>
      <trkpt lat="30.56864" lon="-99.15772">
        <ele>487.8</ele>
      </trkpt>
      <trkpt lat="30.5685" lon="-99.15854">
        <ele>490.6</ele>
      </trkpt>
      <trkpt lat="30.56846" lon="-99.15876">
        <ele>490.9</ele>
      </trkpt>
      <trkpt lat="30.56843" lon="-99.15895">
        <ele>490.8</ele>
      </trkpt>
      <trkpt lat="30.56839" lon="-99.15915">
        <ele>490.5</ele>
      </trkpt>
      <trkpt lat="30.56838" lon="-99.15923">
        <ele>490.2</ele>
      </trkpt>
      <trkpt lat="30.56835" lon="-99.15936">
        <ele>489.8</ele>
      </trkpt>
      <trkpt lat="30.56832" lon="-99.15956">
        <ele>488.9</ele>
      </trkpt>
      <trkpt lat="30.56831" lon="-99.15958">
        <ele>488.8</ele>
      </trkpt>
      <trkpt lat="30.56831" lon="-99.15959">
        <ele>488.7</ele>
      </trkpt>
      <trkpt lat="30.56822" lon="-99.16">
        <ele>487.3</ele>
      </trkpt>
      <trkpt lat="30.56817" lon="-99.16017">
        <ele>486.9</ele>
      </trkpt>
      <trkpt lat="30.56816" lon="-99.16019">
        <ele>486.8</ele>
      </trkpt>
      <trkpt lat="30.56806" lon="-99.16045">
        <ele>486.4</ele>
      </trkpt>
      <trkpt lat="30.56797" lon="-99.16058">
        <ele>486.4</ele>
      </trkpt>
      <trkpt lat="30.5679" lon="-99.16069">
        <ele>486.4</ele>
      </trkpt>
      <trkpt lat="30.56771" lon="-99.16092">
        <ele>486.6</ele>
      </trkpt>
      <trkpt lat="30.56749" lon="-99.1612">
        <ele>486.9</ele>
      </trkpt>
      <trkpt lat="30.56735" lon="-99.16136">
        <ele>487.2</ele>
      </trkpt>
      <trkpt lat="30.56696" lon="-99.16182">
        <ele>488.1</ele>
      </trkpt>
      <trkpt lat="30.56686" lon="-99.16195">
        <ele>488.2</ele>
      </trkpt>
      <trkpt lat="30.56656" lon="-99.16233">
        <ele>488.4</ele>
      </trkpt>
      <trkpt lat="30.5663" lon="-99.16267">
        <ele>488.9</ele>
      </trkpt>
      <trkpt lat="30.56613" lon="-99.16287">
        <ele>489.4</ele>
      </trkpt>
      <trkpt lat="30.56606" lon="-99.16294">
        <ele>489.7</ele>
      </trkpt>
      <trkpt lat="30.56595" lon="-99.16307">
        <ele>490.1</ele>
      </trkpt>
      <trkpt lat="30.56582" lon="-99.16317">
        <ele>490.5</ele>
      </trkpt>
      <trkpt lat="30.56564" lon="-99.16326">
        <ele>491.1</ele>
      </trkpt>
      <trkpt lat="30.56545" lon="-99.16334">
        <ele>491.7</ele>
      </trkpt>
      <trkpt lat="30.56529" lon="-99.16342">
        <ele>492.2</ele>
      </trkpt>
      <trkpt lat="30.56521" lon="-99.16348">
        <ele>492.4</ele>
      </trkpt>
      <trkpt lat="30.56511" lon="-99.16358">
        <ele>492.7</ele>
      </trkpt>
      <trkpt lat="30.56502" lon="-99.16372">
        <ele>492.9</ele>
      </trkpt>
      <trkpt lat="30.56496" lon="-99.16383">
        <ele>493.0</ele>
      </trkpt>
      <trkpt lat="30.56489" lon="-99.16401">
        <ele>493.1</ele>
      </trkpt>
      <trkpt lat="30.56487" lon="-99.16408">
        <ele>493.1</ele>
      </trkpt>
      <trkpt lat="30.56483" lon="-99.16428">
        <ele>493.0</ele>
      </trkpt>
      <trkpt lat="30.56481" lon="-99.16437">
        <ele>493.0</ele>
      </trkpt>
      <trkpt lat="30.56478" lon="-99.16453">
        <ele>492.9</ele>
      </trkpt>
      <trkpt lat="30.56468" lon="-99.16487">
        <ele>492.8</ele>
      </trkpt>
      <trkpt lat="30.5646" lon="-99.16505">
        <ele>492.8</ele>
      </trkpt>
      <trkpt lat="30.56452" lon="-99.16521">
        <ele>492.8</ele>
      </trkpt>
      <trkpt lat="30.56447" lon="-99.16531">
        <ele>492.7</ele>
      </trkpt>
      <trkpt lat="30.56426" lon="-99.16571">
        <ele>492.7</ele>
      </trkpt>
      <trkpt lat="30.56404" lon="-99.16606">
        <ele>493.0</ele>
      </trkpt>
      <trkpt lat="30.56396" lon="-99.16617">
        <ele>493.2</ele>
      </trkpt>
      <trkpt lat="30.56372" lon="-99.16653">
        <ele>494.0</ele>
      </trkpt>
      <trkpt lat="30.56344" lon="-99.16689">
        <ele>494.3</ele>
      </trkpt>
      <trkpt lat="30.56338" lon="-99.16697">
        <ele>494.3</ele>
      </trkpt>
      <trkpt lat="30.56302" lon="-99.16743">
        <ele>494.9</ele>
      </trkpt>
      <trkpt lat="30.56297" lon="-99.1675">
        <ele>495.1</ele>
      </trkpt>
      <trkpt lat="30.56278" lon="-99.16774">
        <ele>496.4</ele>
      </trkpt>
      <trkpt lat="30.56241" lon="-99.1682">
        <ele>499.5</ele>
      </trkpt>
      <trkpt lat="30.56239" lon="-99.16823">
        <ele>499.6</ele>
      </trkpt>
      <trkpt lat="30.56217" lon="-99.16852">
        <ele>500.3</ele>
      </trkpt>
      <trkpt lat="30.56215" lon="-99.16854">
        <ele>500.3</ele>
      </trkpt>
      <trkpt lat="30.56195" lon="-99.16884">
        <ele>500.8</ele>
      </trkpt>
      <trkpt lat="30.56191" lon="-99.1689">
        <ele>500.8</ele>
      </trkpt>
      <trkpt lat="30.56171" lon="-99.16916">
        <ele>501.2</ele>
      </trkpt>
      <trkpt lat="30.5616" lon="-99.16932">
        <ele>501.3</ele>
      </trkpt>
      <trkpt lat="30.56157" lon="-99.16935">
        <ele>501.3</ele>
      </trkpt>
      <trkpt lat="30.5613" lon="-99.16969">
        <ele>501.6</ele>
      </trkpt>
      <trkpt lat="30.56096" lon="-99.17005">
        <ele>501.9</ele>
      </trkpt>
      <trkpt lat="30.56093" lon="-99.17008">
        <ele>501.9</ele>
      </trkpt>
      <trkpt lat="30.56082" lon="-99.17018">
        <ele>502.0</ele>
      </trkpt>
      <trkpt lat="30.56062" lon="-99.17037">
        <ele>502.2</ele>
      </trkpt>
      <trkpt lat="30.55994" lon="-99.17098">
        <ele>502.8</ele>
      </trkpt>
      <trkpt lat="30.55954" lon="-99.17134">
        <ele>503.3</ele>
      </trkpt>
      <trkpt lat="30.5589" lon="-99.1719">
        <ele>503.9</ele>
      </trkpt>
      <trkpt lat="30.5586" lon="-99.17218">
        <ele>504.0</ele>
      </trkpt>
      <trkpt lat="30.55807" lon="-99.17265">
        <ele>504.6</ele>
      </trkpt>
      <trkpt lat="30.55805" lon="-99.17267">
        <ele>504.6</ele>
      </trkpt>
      <trkpt lat="30.55791" lon="-99.1728">
        <ele>504.7</ele>
      </trkpt>
      <trkpt lat="30.55739" lon="-99.17325">
        <ele>505.0</ele>
      </trkpt>
      <trkpt lat="30.5569" lon="-99.17368">
        <ele>505.8</ele>
      </trkpt>
      <trkpt lat="30.55676" lon="-99.17381">
        <ele>506.6</ele>
      </trkpt>
      <trkpt lat="30.55665" lon="-99.1739">
        <ele>507.5</ele>
      </trkpt>
      <trkpt lat="30.55612" lon="-99.17438">
        <ele>510.6</ele>
      </trkpt>
      <trkpt lat="30.55585" lon="-99.17465">
        <ele>511.4</ele>
      </trkpt>
      <trkpt lat="30.55558" lon="-99.17493">
        <ele>513.5</ele>
      </trkpt>
      <trkpt lat="30.55538" lon="-99.17514">
        <ele>515.3</ele>
      </trkpt>
      <trkpt lat="30.55529" lon="-99.17523">
        <ele>515.8</ele>
      </trkpt>
      <trkpt lat="30.55525" lon="-99.17529">
        <ele>515.9</ele>
      </trkpt>
      <trkpt lat="30.55501" lon="-99.17556">
        <ele>516.2</ele>
      </trkpt>
      <trkpt lat="30.55467" lon="-99.17591">
        <ele>515.9</ele>
      </trkpt>
      <trkpt lat="30.55459" lon="-99.176">
        <ele>515.9</ele>
      </trkpt>
      <trkpt lat="30.55421" lon="-99.17641">
        <ele>515.8</ele>
      </trkpt>
      <trkpt lat="30.55406" lon="-99.17657">
        <ele>516.1</ele>
      </trkpt>
      <trkpt lat="30.55392" lon="-99.17672">
        <ele>516.3</ele>
      </trkpt>
      <trkpt lat="30.55376" lon="-99.17686">
        <ele>516.3</ele>
      </trkpt>
      <trkpt lat="30.55362" lon="-99.17695">
        <ele>516.4</ele>
      </trkpt>
      <trkpt lat="30.55344" lon="-99.17703">
        <ele>516.7</ele>
      </trkpt>
      <trkpt lat="30.55324" lon="-99.17708">
        <ele>517.2</ele>
      </trkpt>
      <trkpt lat="30.55294" lon="-99.17712">
        <ele>518.5</ele>
      </trkpt>
      <trkpt lat="30.55278" lon="-99.17714">
        <ele>520.6</ele>
      </trkpt>
      <trkpt lat="30.55212" lon="-99.1772">
        <ele>528.0</ele>
      </trkpt>
      <trkpt lat="30.55187" lon="-99.17722">
        <ele>530.0</ele>
      </trkpt>
      <trkpt lat="30.55108" lon="-99.17728">
        <ele>536.2</ele>
      </trkpt>
      <trkpt lat="30.55079" lon="-99.17731">
        <ele>539.3</ele>
      </trkpt>
      <trkpt lat="30.55061" lon="-99.17734">
        <ele>541.3</ele>
      </trkpt>
      <trkpt lat="30.55041" lon="-99.17736">
        <ele>542.8</ele>
      </trkpt>
      <trkpt lat="30.55025" lon="-99.17737">
        <ele>543.3</ele>
      </trkpt>
      <trkpt lat="30.54989" lon="-99.1774">
        <ele>543.9</ele>
      </trkpt>
      <trkpt lat="30.54932" lon="-99.17744">
        <ele>544.3</ele>
      </trkpt>
      <trkpt lat="30.54918" lon="-99.17745">
        <ele>544.7</ele>
      </trkpt>
      <trkpt lat="30.549" lon="-99.17747">
        <ele>545.5</ele>
      </trkpt>
      <trkpt lat="30.54816" lon="-99.17756">
        <ele>548.0</ele>
      </trkpt>
      <trkpt lat="30.54774" lon="-99.17759">
        <ele>548.5</ele>
      </trkpt>
      <trkpt lat="30.54756" lon="-99.1776">
        <ele>548.8</ele>
      </trkpt>
      <trkpt lat="30.54702" lon="-99.17764">
        <ele>549.9</ele>
      </trkpt>
      <trkpt lat="30.54684" lon="-99.17766">
        <ele>550.1</ele>
      </trkpt>
      <trkpt lat="30.5468" lon="-99.17766">
        <ele>550.1</ele>
      </trkpt>
      <trkpt lat="30.54613" lon="-99.17772">
        <ele>550.9</ele>
      </trkpt>
      <trkpt lat="30.54595" lon="-99.17774">
        <ele>551.2</ele>
      </trkpt>
      <trkpt lat="30.54541" lon="-99.17779">
        <ele>552.0</ele>
      </trkpt>
      <trkpt lat="30.54425" lon="-99.17793">
        <ele>552.0</ele>
      </trkpt>
      <trkpt lat="30.54425" lon="-99.17793">
        <ele>552.0</ele>
      </trkpt>
      <trkpt lat="30.54414" lon="-99.17788">
        <ele>552.0</ele>
      </trkpt>
      <trkpt lat="30.54391" lon="-99.17781">
        <ele>551.8</ele>
      </trkpt>
      <trkpt lat="30.5436" lon="-99.17772">
        <ele>551.6</ele>
      </trkpt>
      <trkpt lat="30.5436" lon="-99.17772">
        <ele>551.6</ele>
      </trkpt>
      <trkpt lat="30.54336" lon="-99.17765">
        <ele>551.5</ele>
      </trkpt>
      <trkpt lat="30.54313" lon="-99.17757">
        <ele>551.5</ele>
      </trkpt>
      <trkpt lat="30.54301" lon="-99.17753">
        <ele>551.6</ele>
      </trkpt>
      <trkpt lat="30.54273" lon="-99.17744">
        <ele>551.7</ele>
      </trkpt>
      <trkpt lat="30.54162" lon="-99.17711">
        <ele>551.5</ele>
      </trkpt>
      <trkpt lat="30.54145" lon="-99.17705">
        <ele>551.5</ele>
      </trkpt>
      <trkpt lat="30.5411" lon="-99.17694">
        <ele>551.5</ele>
      </trkpt>
      <trkpt lat="30.54041" lon="-99.17671">
        <ele>551.4</ele>
      </trkpt>
      <trkpt lat="30.54024" lon="-99.17666">
        <ele>551.3</ele>
      </trkpt>
      <trkpt lat="30.54006" lon="-99.1766">
        <ele>551.3</ele>
      </trkpt>
      <trkpt lat="30.53989" lon="-99.17654">
        <ele>551.2</ele>
      </trkpt>
      <trkpt lat="30.53935" lon="-99.17637">
        <ele>550.8</ele>
      </trkpt>
      <trkpt lat="30.53885" lon="-99.17622">
        <ele>550.1</ele>
      </trkpt>
      <trkpt lat="30.53872" lon="-99.17618">
        <ele>549.9</ele>
      </trkpt>
      <trkpt lat="30.53847" lon="-99.1761">
        <ele>549.2</ele>
      </trkpt>
      <trkpt lat="30.5378" lon="-99.17589">
        <ele>548.1</ele>
      </trkpt>
      <trkpt lat="30.5377" lon="-99.17586">
        <ele>547.9</ele>
      </trkpt>
      <trkpt lat="30.53722" lon="-99.1757">
        <ele>547.1</ele>
      </trkpt>
      <trkpt lat="30.53677" lon="-99.17556">
        <ele>546.4</ele>
      </trkpt>
      <trkpt lat="30.5352" lon="-99.17506">
        <ele>541.9</ele>
      </trkpt>
      <trkpt lat="30.53508" lon="-99.17502">
        <ele>541.5</ele>
      </trkpt>
      <trkpt lat="30.53434" lon="-99.17479">
        <ele>540.4</ele>
      </trkpt>
      <trkpt lat="30.53341" lon="-99.1745">
        <ele>539.7</ele>
      </trkpt>
      <trkpt lat="30.53336" lon="-99.17449">
        <ele>539.8</ele>
      </trkpt>
      <trkpt lat="30.53325" lon="-99.17445">
        <ele>540.0</ele>
      </trkpt>
      <trkpt lat="30.53323" lon="-99.17445">
        <ele>540.1</ele>
      </trkpt>
      <trkpt lat="30.53306" lon="-99.1744">
        <ele>540.9</ele>
      </trkpt>
      <trkpt lat="30.5326" lon="-99.17426">
        <ele>543.6</ele>
      </trkpt>
      <trkpt lat="30.53236" lon="-99.17419">
        <ele>544.1</ele>
      </trkpt>
      <trkpt lat="30.53206" lon="-99.17413">
        <ele>544.6</ele>
      </trkpt>
      <trkpt lat="30.53176" lon="-99.1741">
        <ele>545.0</ele>
      </trkpt>
      <trkpt lat="30.53165" lon="-99.1741">
        <ele>545.0</ele>
      </trkpt>
      <trkpt lat="30.53163" lon="-99.1741">
        <ele>545.1</ele>
      </trkpt>
      <trkpt lat="30.53147" lon="-99.1741">
        <ele>545.1</ele>
      </trkpt>
      <trkpt lat="30.53145" lon="-99.1741">
        <ele>545.1</ele>
      </trkpt>
      <trkpt lat="30.53129" lon="-99.17409">
        <ele>545.1</ele>
      </trkpt>
      <trkpt lat="30.53123" lon="-99.17408">
        <ele>545.0</ele>
      </trkpt>
      <trkpt lat="30.53111" lon="-99.17406">
        <ele>544.9</ele>
      </trkpt>
      <trkpt lat="30.53101" lon="-99.17404">
        <ele>544.8</ele>
      </trkpt>
      <trkpt lat="30.53057" lon="-99.17399">
        <ele>544.4</ele>
      </trkpt>
      <trkpt lat="30.5302" lon="-99.17395">
        <ele>543.9</ele>
      </trkpt>
      <trkpt lat="30.53006" lon="-99.17393">
        <ele>543.6</ele>
      </trkpt>
      <trkpt lat="30.52988" lon="-99.1739">
        <ele>543.0</ele>
      </trkpt>
      <trkpt lat="30.5297" lon="-99.17388">
        <ele>542.1</ele>
      </trkpt>
      <trkpt lat="30.52941" lon="-99.17383">
        <ele>540.2</ele>
      </trkpt>
      <trkpt lat="30.52935" lon="-99.17383">
        <ele>539.9</ele>
      </trkpt>
      <trkpt lat="30.52903" lon="-99.17379">
        <ele>538.9</ele>
      </trkpt>
      <trkpt lat="30.52899" lon="-99.17378">
        <ele>538.8</ele>
      </trkpt>
      <trkpt lat="30.52881" lon="-99.17376">
        <ele>538.7</ele>
      </trkpt>
      <trkpt lat="30.52863" lon="-99.17373">
        <ele>538.8</ele>
      </trkpt>
      <trkpt lat="30.52827" lon="-99.17369">
        <ele>539.0</ele>
      </trkpt>
      <trkpt lat="30.52809" lon="-99.17366">
        <ele>539.1</ele>
      </trkpt>
      <trkpt lat="30.52795" lon="-99.17365">
        <ele>539.2</ele>
      </trkpt>
      <trkpt lat="30.52792" lon="-99.17364">
        <ele>539.3</ele>
      </trkpt>
      <trkpt lat="30.52684" lon="-99.1735">
        <ele>542.6</ele>
      </trkpt>
      <trkpt lat="30.52666" lon="-99.17348">
        <ele>543.3</ele>
      </trkpt>
      <trkpt lat="30.52655" lon="-99.17346">
        <ele>543.6</ele>
      </trkpt>
      <trkpt lat="30.52649" lon="-99.17346">
        <ele>543.8</ele>
      </trkpt>
      <trkpt lat="30.52613" lon="-99.17341">
        <ele>544.4</ele>
      </trkpt>
      <trkpt lat="30.52559" lon="-99.17334">
        <ele>544.9</ele>
      </trkpt>
      <trkpt lat="30.52505" lon="-99.1733">
        <ele>545.8</ele>
      </trkpt>
      <trkpt lat="30.52487" lon="-99.17328">
        <ele>546.2</ele>
      </trkpt>
      <trkpt lat="30.52469" lon="-99.17327">
        <ele>546.5</ele>
      </trkpt>
      <trkpt lat="30.52455" lon="-99.17325">
        <ele>546.8</ele>
      </trkpt>
      <trkpt lat="30.52452" lon="-99.17324">
        <ele>546.8</ele>
      </trkpt>
      <trkpt lat="30.52443" lon="-99.17319">
        <ele>546.6</ele>
      </trkpt>
      <trkpt lat="30.52435" lon="-99.17315">
        <ele>546.5</ele>
      </trkpt>
      <trkpt lat="30.5243" lon="-99.17313">
        <ele>546.4</ele>
      </trkpt>
      <trkpt lat="30.5242" lon="-99.17306">
        <ele>546.1</ele>
      </trkpt>
      <trkpt lat="30.5241" lon="-99.17293">
        <ele>545.4</ele>
      </trkpt>
      <trkpt lat="30.52369" lon="-99.17234">
        <ele>542.8</ele>
      </trkpt>
      <trkpt lat="30.52351" lon="-99.17209">
        <ele>542.0</ele>
      </trkpt>
      <trkpt lat="30.52339" lon="-99.17193">
        <ele>541.7</ele>
      </trkpt>
      <trkpt lat="30.52321" lon="-99.17169">
        <ele>541.5</ele>
      </trkpt>
      <trkpt lat="30.52304" lon="-99.17146">
        <ele>541.6</ele>
      </trkpt>
      <trkpt lat="30.52248" lon="-99.1707">
        <ele>543.5</ele>
      </trkpt>
      <trkpt lat="30.52244" lon="-99.17064">
        <ele>543.5</ele>
      </trkpt>
      <trkpt lat="30.52179" lon="-99.16974">
        <ele>544.0</ele>
      </trkpt>
      <trkpt lat="30.5217" lon="-99.16962">
        <ele>544.1</ele>
      </trkpt>
      <trkpt lat="30.52156" lon="-99.16942">
        <ele>544.0</ele>
      </trkpt>
      <trkpt lat="30.52146" lon="-99.1693">
        <ele>544.1</ele>
      </trkpt>
      <trkpt lat="30.52144" lon="-99.16926">
        <ele>544.0</ele>
      </trkpt>
      <trkpt lat="30.52133" lon="-99.1691">
        <ele>544.1</ele>
      </trkpt>
      <trkpt lat="30.52122" lon="-99.16895">
        <ele>543.9</ele>
      </trkpt>
      <trkpt lat="30.52098" lon="-99.16861">
        <ele>540.4</ele>
      </trkpt>
      <trkpt lat="30.52074" lon="-99.16831">
        <ele>538.8</ele>
      </trkpt>
      <trkpt lat="30.52051" lon="-99.16804">
        <ele>538.1</ele>
      </trkpt>
      <trkpt lat="30.52028" lon="-99.1678">
        <ele>537.9</ele>
      </trkpt>
      <trkpt lat="30.52008" lon="-99.16761">
        <ele>537.3</ele>
      </trkpt>
      <trkpt lat="30.52005" lon="-99.16759">
        <ele>537.1</ele>
      </trkpt>
      <trkpt lat="30.51992" lon="-99.16751">
        <ele>536.4</ele>
      </trkpt>
      <trkpt lat="30.51979" lon="-99.16743">
        <ele>535.7</ele>
      </trkpt>
      <trkpt lat="30.51959" lon="-99.16735">
        <ele>535.3</ele>
      </trkpt>
      <trkpt lat="30.51947" lon="-99.1673">
        <ele>535.3</ele>
      </trkpt>
      <trkpt lat="30.51942" lon="-99.16728">
        <ele>535.5</ele>
      </trkpt>
      <trkpt lat="30.51789" lon="-99.16668">
        <ele>538.2</ele>
      </trkpt>
      <trkpt lat="30.51772" lon="-99.16661">
        <ele>538.4</ele>
      </trkpt>
      <trkpt lat="30.51754" lon="-99.16654">
        <ele>538.6</ele>
      </trkpt>
      <trkpt lat="30.51601" lon="-99.16595">
        <ele>538.5</ele>
      </trkpt>
      <trkpt lat="30.51567" lon="-99.16581">
        <ele>538.3</ele>
      </trkpt>
      <trkpt lat="30.51555" lon="-99.16577">
        <ele>538.3</ele>
      </trkpt>
      <trkpt lat="30.5155" lon="-99.16575">
        <ele>538.3</ele>
      </trkpt>
      <trkpt lat="30.51482" lon="-99.16547">
        <ele>538.4</ele>
      </trkpt>
      <trkpt lat="30.51464" lon="-99.1654">
        <ele>538.5</ele>
      </trkpt>
      <trkpt lat="30.5141" lon="-99.16517">
        <ele>538.2</ele>
      </trkpt>
      <trkpt lat="30.5141" lon="-99.16517">
        <ele>538.2</ele>
      </trkpt>
      <trkpt lat="30.5141" lon="-99.16503">
        <ele>537.7</ele>
      </trkpt>
      <trkpt lat="30.51413" lon="-99.16481">
        <ele>536.9</ele>
      </trkpt>
      <trkpt lat="30.51415" lon="-99.1647">
        <ele>536.5</ele>
      </trkpt>
      <trkpt lat="30.51439" lon="-99.16436">
        <ele>535.6</ele>
      </trkpt>
      <trkpt lat="30.51448" lon="-99.16428">
        <ele>535.4</ele>
      </trkpt>
      <trkpt lat="30.51464" lon="-99.16412">
        <ele>535.1</ele>
      </trkpt>
      <trkpt lat="30.51488" lon="-99.16387">
        <ele>534.8</ele>
      </trkpt>
      <trkpt lat="30.51508" lon="-99.16367">
        <ele>534.6</ele>
      </trkpt>
      <trkpt lat="30.51529" lon="-99.16346">
        <ele>534.6</ele>
      </trkpt>
      <trkpt lat="30.5154" lon="-99.16335">
        <ele>534.6</ele>
      </trkpt>
      <trkpt lat="30.51543" lon="-99.16332">
        <ele>534.7</ele>
      </trkpt>
      <trkpt lat="30.51582" lon="-99.16289">
        <ele>535.5</ele>
      </trkpt>
      <trkpt lat="30.51586" lon="-99.16285">
        <ele>535.6</ele>
      </trkpt>
      <trkpt lat="30.51596" lon="-99.16276">
        <ele>535.8</ele>
      </trkpt>
      <trkpt lat="30.5161" lon="-99.16262">
        <ele>536.3</ele>
      </trkpt>
      <trkpt lat="30.51617" lon="-99.16254">
        <ele>536.9</ele>
      </trkpt>
      <trkpt lat="30.5163" lon="-99.16239">
        <ele>538.3</ele>
      </trkpt>
      <trkpt lat="30.51642" lon="-99.16219">
        <ele>540.0</ele>
      </trkpt>
      <trkpt lat="30.51647" lon="-99.16199">
        <ele>541.1</ele>
      </trkpt>
      <trkpt lat="30.51649" lon="-99.16173">
        <ele>542.2</ele>
      </trkpt>
      <trkpt lat="30.51651" lon="-99.16152">
        <ele>542.9</ele>
      </trkpt>
      <trkpt lat="30.51656" lon="-99.16099">
        <ele>544.0</ele>
      </trkpt>
      <trkpt lat="30.51657" lon="-99.1609">
        <ele>544.0</ele>
      </trkpt>
      <trkpt lat="30.51658" lon="-99.16079">
        <ele>543.9</ele>
      </trkpt>
      <trkpt lat="30.51659" lon="-99.16069">
        <ele>543.9</ele>
      </trkpt>
      <trkpt lat="30.5166" lon="-99.16051">
        <ele>543.8</ele>
      </trkpt>
      <trkpt lat="30.5166" lon="-99.16049">
        <ele>543.8</ele>
      </trkpt>
      <trkpt lat="30.5166" lon="-99.16032">
        <ele>543.7</ele>
      </trkpt>
      <trkpt lat="30.51657" lon="-99.16007">
        <ele>543.3</ele>
      </trkpt>
      <trkpt lat="30.51656" lon="-99.16002">
        <ele>543.2</ele>
      </trkpt>
      <trkpt lat="30.51651" lon="-99.15976">
        <ele>542.8</ele>
      </trkpt>
      <trkpt lat="30.51648" lon="-99.15967">
        <ele>542.6</ele>
      </trkpt>
      <trkpt lat="30.51637" lon="-99.15927">
        <ele>541.8</ele>
      </trkpt>
      <trkpt lat="30.51632" lon="-99.15907">
        <ele>541.4</ele>
      </trkpt>
      <trkpt lat="30.51624" lon="-99.15881">
        <ele>541.0</ele>
      </trkpt>
      <trkpt lat="30.51616" lon="-99.15849">
        <ele>540.4</ele>
      </trkpt>
      <trkpt lat="30.51609" lon="-99.1581">
        <ele>539.7</ele>
      </trkpt>
      <trkpt lat="30.51606" lon="-99.15786">
        <ele>539.2</ele>
      </trkpt>
      <trkpt lat="30.51603" lon="-99.1575">
        <ele>538.5</ele>
      </trkpt>
      <trkpt lat="30.51601" lon="-99.15698">
        <ele>537.4</ele>
      </trkpt>
      <trkpt lat="30.51598" lon="-99.1564">
        <ele>536.4</ele>
      </trkpt>
      <trkpt lat="30.51597" lon="-99.15636">
        <ele>536.4</ele>
      </trkpt>
      <trkpt lat="30.51597" lon="-99.15627">
        <ele>536.4</ele>
      </trkpt>
      <trkpt lat="30.51597" lon="-99.15619">
        <ele>536.5</ele>
      </trkpt>
      <trkpt lat="30.51597" lon="-99.15598">
        <ele>537.0</ele>
      </trkpt>
      <trkpt lat="30.51597" lon="-99.15586">
        <ele>537.2</ele>
      </trkpt>
      <trkpt lat="30.51597" lon="-99.15555">
        <ele>537.9</ele>
      </trkpt>
      <trkpt lat="30.51596" lon="-99.15545">
        <ele>538.1</ele>
      </trkpt>
      <trkpt lat="30.5159" lon="-99.15488">
        <ele>539.4</ele>
      </trkpt>
      <trkpt lat="30.51586" lon="-99.15442">
        <ele>540.3</ele>
      </trkpt>
      <trkpt lat="30.51585" lon="-99.1543">
        <ele>540.6</ele>
      </trkpt>
      <trkpt lat="30.51584" lon="-99.15421">
        <ele>540.8</ele>
      </trkpt>
      <trkpt lat="30.51583" lon="-99.15414">
        <ele>540.9</ele>
      </trkpt>
      <trkpt lat="30.51581" lon="-99.154">
        <ele>541.2</ele>
      </trkpt>
      <trkpt lat="30.5158" lon="-99.15381">
        <ele>541.5</ele>
      </trkpt>
      <trkpt lat="30.51577" lon="-99.15351">
        <ele>541.9</ele>
      </trkpt>
      <trkpt lat="30.51575" lon="-99.15296">
        <ele>542.5</ele>
      </trkpt>
      <trkpt lat="30.51575" lon="-99.15275">
        <ele>542.7</ele>
      </trkpt>
      <trkpt lat="30.51574" lon="-99.15261">
        <ele>542.9</ele>
      </trkpt>
      <trkpt lat="30.51573" lon="-99.15171">
        <ele>543.0</ele>
      </trkpt>
      <trkpt lat="30.51572" lon="-99.15118">
        <ele>543.0</ele>
      </trkpt>
      <trkpt lat="30.51571" lon="-99.15108">
        <ele>543.0</ele>
      </trkpt>
      <trkpt lat="30.5157" lon="-99.15058">
        <ele>542.9</ele>
      </trkpt>
      <trkpt lat="30.5157" lon="-99.15022">
        <ele>542.9</ele>
      </trkpt>
      <trkpt lat="30.51568" lon="-99.15004">
        <ele>542.8</ele>
      </trkpt>
      <trkpt lat="30.51566" lon="-99.1499">
        <ele>542.8</ele>
      </trkpt>
      <trkpt lat="30.51559" lon="-99.14959">
        <ele>542.6</ele>
      </trkpt>
      <trkpt lat="30.51548" lon="-99.14928">
        <ele>542.3</ele>
      </trkpt>
      <trkpt lat="30.51535" lon="-99.14898">
        <ele>542.0</ele>
      </trkpt>
      <trkpt lat="30.51519" lon="-99.14864">
        <ele>541.6</ele>
      </trkpt>
      <trkpt lat="30.51508" lon="-99.14846">
        <ele>541.4</ele>
      </trkpt>
      <trkpt lat="30.51497" lon="-99.1484">
        <ele>541.2</ele>
      </trkpt>
      <trkpt lat="30.5149" lon="-99.14837">
        <ele>541.1</ele>
      </trkpt>
      <trkpt lat="30.5148" lon="-99.14836">
        <ele>541.0</ele>
      </trkpt>
      <trkpt lat="30.51477" lon="-99.14836">
        <ele>541.0</ele>
      </trkpt>
      <trkpt lat="30.51419" lon="-99.14834">
        <ele>540.2</ele>
      </trkpt>
      <trkpt lat="30.51372" lon="-99.14829">
        <ele>539.5</ele>
      </trkpt>
      <trkpt lat="30.51369" lon="-99.14829">
        <ele>539.4</ele>
      </trkpt>
      <trkpt lat="30.51363" lon="-99.14828">
        <ele>539.4</ele>
      </trkpt>
      <trkpt lat="30.51359" lon="-99.14827">
        <ele>539.3</ele>
      </trkpt>
      <trkpt lat="30.51354" lon="-99.14826">
        <ele>539.2</ele>
      </trkpt>
      <trkpt lat="30.51333" lon="-99.14821">
        <ele>538.9</ele>
      </trkpt>
      <trkpt lat="30.51301" lon="-99.14809">
        <ele>538.3</ele>
      </trkpt>
      <trkpt lat="30.51286" lon="-99.14802">
        <ele>538.0</ele>
      </trkpt>
      <trkpt lat="30.51269" lon="-99.14794">
        <ele>537.6</ele>
      </trkpt>
      <trkpt lat="30.51265" lon="-99.14792">
        <ele>537.6</ele>
      </trkpt>
      <trkpt lat="30.5126" lon="-99.14789">
        <ele>537.5</ele>
      </trkpt>
      <trkpt lat="30.51238" lon="-99.14776">
        <ele>537.0</ele>
      </trkpt>
      <trkpt lat="30.51225" lon="-99.14766">
        <ele>536.8</ele>
      </trkpt>
      <trkpt lat="30.51218" lon="-99.14752">
        <ele>536.6</ele>
      </trkpt>
      <trkpt lat="30.51212" lon="-99.14723">
        <ele>536.4</ele>
      </trkpt>
      <trkpt lat="30.51208" lon="-99.14703">
        <ele>536.4</ele>
      </trkpt>
      <trkpt lat="30.51202" lon="-99.14677">
        <ele>536.3</ele>
      </trkpt>
      <trkpt lat="30.51195" lon="-99.14648">
        <ele>536.0</ele>
      </trkpt>
      <trkpt lat="30.51194" lon="-99.14642">
        <ele>536.0</ele>
      </trkpt>
      <trkpt lat="30.51192" lon="-99.14633">
        <ele>535.9</ele>
      </trkpt>
      <trkpt lat="30.51192" lon="-99.14631">
        <ele>535.9</ele>
      </trkpt>
      <trkpt lat="30.51191" lon="-99.14624">
        <ele>535.8</ele>
      </trkpt>
      <trkpt lat="30.51191" lon="-99.14622">
        <ele>535.8</ele>
      </trkpt>
      <trkpt lat="30.51191" lon="-99.14611">
        <ele>535.7</ele>
      </trkpt>
      <trkpt lat="30.5119" lon="-99.14524">
        <ele>534.9</ele>
      </trkpt>
      <trkpt lat="30.5119" lon="-99.14517">
        <ele>534.8</ele>
      </trkpt>
      <trkpt lat="30.51191" lon="-99.14444">
        <ele>534.4</ele>
      </trkpt>
      <trkpt lat="30.51191" lon="-99.14434">
        <ele>534.3</ele>
      </trkpt>
      <trkpt lat="30.51191" lon="-99.14385">
        <ele>534.1</ele>
      </trkpt>
      <trkpt lat="30.51192" lon="-99.14346">
        <ele>533.9</ele>
      </trkpt>
      <trkpt lat="30.51192" lon="-99.14318">
        <ele>533.8</ele>
      </trkpt>
      <trkpt lat="30.51192" lon="-99.14308">
        <ele>533.8</ele>
      </trkpt>
      <trkpt lat="30.51192" lon="-99.14267">
        <ele>533.9</ele>
      </trkpt>
      <trkpt lat="30.51192" lon="-99.14263">
        <ele>533.8</ele>
      </trkpt>
      <trkpt lat="30.51192" lon="-99.14246">
        <ele>533.8</ele>
      </trkpt>
      <trkpt lat="30.51192" lon="-99.14204">
        <ele>533.6</ele>
      </trkpt>
      <trkpt lat="30.51192" lon="-99.14189">
        <ele>533.6</ele>
      </trkpt>
      <trkpt lat="30.51193" lon="-99.14172">
        <ele>533.5</ele>
      </trkpt>
      <trkpt lat="30.51194" lon="-99.14164">
        <ele>533.5</ele>
      </trkpt>
      <trkpt lat="30.51198" lon="-99.14149">
        <ele>533.5</ele>
      </trkpt>
      <trkpt lat="30.51202" lon="-99.14138">
        <ele>533.5</ele>
      </trkpt>
      <trkpt lat="30.5121" lon="-99.14118">
        <ele>533.6</ele>
      </trkpt>
      <trkpt lat="30.51215" lon="-99.14105">
        <ele>533.6</ele>
      </trkpt>
      <trkpt lat="30.51219" lon="-99.14095">
        <ele>533.7</ele>
      </trkpt>
      <trkpt lat="30.51223" lon="-99.14086">
        <ele>533.7</ele>
      </trkpt>
      <trkpt lat="30.51229" lon="-99.14071">
        <ele>533.8</ele>
      </trkpt>
      <trkpt lat="30.51233" lon="-99.14056">
        <ele>533.8</ele>
      </trkpt>
      <trkpt lat="30.51236" lon="-99.14041">
        <ele>533.8</ele>
      </trkpt>
      <trkpt lat="30.51239" lon="-99.14015">
        <ele>533.7</ele>
      </trkpt>
      <trkpt lat="30.5124" lon="-99.14011">
        <ele>533.7</ele>
      </trkpt>
      <trkpt lat="30.51241" lon="-99.13901">
        <ele>532.9</ele>
      </trkpt>
      <trkpt lat="30.51241" lon="-99.13874">
        <ele>532.7</ele>
      </trkpt>
      <trkpt lat="30.51241" lon="-99.13834">
        <ele>532.1</ele>
      </trkpt>
      <trkpt lat="30.5124" lon="-99.13807">
        <ele>531.7</ele>
      </trkpt>
      <trkpt lat="30.5124" lon="-99.13797">
        <ele>531.5</ele>
      </trkpt>
      <trkpt lat="30.5124" lon="-99.13797">
        <ele>531.5</ele>
      </trkpt>
      <trkpt lat="30.5124" lon="-99.13785">
        <ele>531.2</ele>
      </trkpt>
      <trkpt lat="30.51239" lon="-99.13763">
        <ele>530.8</ele>
      </trkpt>
      <trkpt lat="30.51239" lon="-99.13763">
        <ele>530.8</ele>
      </trkpt>
      <trkpt lat="30.51155" lon="-99.13726">
        <ele>530.7</ele>
      </trkpt>
      <trkpt lat="30.5115" lon="-99.13724">
        <ele>530.6</ele>
      </trkpt>
      <trkpt lat="30.51138" lon="-99.13719">
        <ele>530.5</ele>
      </trkpt>
      <trkpt lat="30.51128" lon="-99.13715">
        <ele>530.3</ele>
      </trkpt>
      <trkpt lat="30.51071" lon="-99.1369">
        <ele>529.3</ele>
      </trkpt>
      <trkpt lat="30.51037" lon="-99.13675">
        <ele>528.7</ele>
      </trkpt>
      <trkpt lat="30.5102" lon="-99.13668">
        <ele>528.4</ele>
      </trkpt>
      <trkpt lat="30.50936" lon="-99.13631">
        <ele>527.1</ele>
      </trkpt>
      <trkpt lat="30.50919" lon="-99.13624">
        <ele>526.9</ele>
      </trkpt>
      <trkpt lat="30.50902" lon="-99.13617">
        <ele>526.6</ele>
      </trkpt>
      <trkpt lat="30.50886" lon="-99.13609">
        <ele>526.4</ele>
      </trkpt>
      <trkpt lat="30.50821" lon="-99.13581">
        <ele>525.9</ele>
      </trkpt>
      <trkpt lat="30.50753" lon="-99.13552">
        <ele>525.3</ele>
      </trkpt>
      <trkpt lat="30.50737" lon="-99.13545">
        <ele>525.2</ele>
      </trkpt>
      <trkpt lat="30.50698" lon="-99.13528">
        <ele>524.8</ele>
      </trkpt>
      <trkpt lat="30.50636" lon="-99.13501">
        <ele>524.4</ele>
      </trkpt>
      <trkpt lat="30.50619" lon="-99.13493">
        <ele>524.4</ele>
      </trkpt>
      <trkpt lat="30.50584" lon="-99.13478">
        <ele>523.7</ele>
      </trkpt>
      <trkpt lat="30.50573" lon="-99.13473">
        <ele>523.5</ele>
      </trkpt>
      <trkpt lat="30.50498" lon="-99.13441">
        <ele>521.9</ele>
      </trkpt>
      <trkpt lat="30.50465" lon="-99.13427">
        <ele>521.2</ele>
      </trkpt>
      <trkpt lat="30.50364" lon="-99.13383">
        <ele>519.4</ele>
      </trkpt>
      <trkpt lat="30.50313" lon="-99.13361">
        <ele>518.9</ele>
      </trkpt>
      <trkpt lat="30.50279" lon="-99.13346">
        <ele>518.5</ele>
      </trkpt>
      <trkpt lat="30.50263" lon="-99.13339">
        <ele>518.2</ele>
      </trkpt>
      <trkpt lat="30.50218" lon="-99.1332">
        <ele>517.6</ele>
      </trkpt>
      <trkpt lat="30.50212" lon="-99.13317">
        <ele>517.4</ele>
      </trkpt>
      <trkpt lat="30.50195" lon="-99.1331">
        <ele>517.1</ele>
      </trkpt>
      <trkpt lat="30.50128" lon="-99.1328">
        <ele>513.8</ele>
      </trkpt>
      <trkpt lat="30.50124" lon="-99.13278">
        <ele>513.6</ele>
      </trkpt>
      <trkpt lat="30.50111" lon="-99.13273">
        <ele>513.0</ele>
      </trkpt>
      <trkpt lat="30.50094" lon="-99.13266">
        <ele>512.5</ele>
      </trkpt>
      <trkpt lat="30.50087" lon="-99.13263">
        <ele>512.4</ele>
      </trkpt>
      <trkpt lat="30.50083" lon="-99.13261">
        <ele>512.4</ele>
      </trkpt>
      <trkpt lat="30.5006" lon="-99.13251">
        <ele>512.1</ele>
      </trkpt>
      <trkpt lat="30.50046" lon="-99.13245">
        <ele>512.1</ele>
      </trkpt>
      <trkpt lat="30.50037" lon="-99.13241">
        <ele>512.1</ele>
      </trkpt>
      <trkpt lat="30.50033" lon="-99.13239">
        <ele>512.1</ele>
      </trkpt>
      <trkpt lat="30.49993" lon="-99.13222">
        <ele>512.2</ele>
      </trkpt>
      <trkpt lat="30.49976" lon="-99.13214">
        <ele>512.2</ele>
      </trkpt>
      <trkpt lat="30.49969" lon="-99.13211">
        <ele>512.2</ele>
      </trkpt>
      <trkpt lat="30.49965" lon="-99.1321">
        <ele>512.2</ele>
      </trkpt>
      <trkpt lat="30.49912" lon="-99.13187">
        <ele>512.6</ele>
      </trkpt>
      <trkpt lat="30.49879" lon="-99.13172">
        <ele>513.1</ele>
      </trkpt>
      <trkpt lat="30.49875" lon="-99.1317">
        <ele>513.1</ele>
      </trkpt>
      <trkpt lat="30.49858" lon="-99.13163">
        <ele>513.4</ele>
      </trkpt>
      <trkpt lat="30.49822" lon="-99.13147">
        <ele>513.8</ele>
      </trkpt>
      <trkpt lat="30.49808" lon="-99.13141">
        <ele>513.9</ele>
      </trkpt>
      <trkpt lat="30.49805" lon="-99.1314">
        <ele>514.0</ele>
      </trkpt>
      <trkpt lat="30.49791" lon="-99.13134">
        <ele>514.0</ele>
      </trkpt>
      <trkpt lat="30.49788" lon="-99.13133">
        <ele>513.9</ele>
      </trkpt>
      <trkpt lat="30.49772" lon="-99.13125">
        <ele>513.8</ele>
      </trkpt>
      <trkpt lat="30.49757" lon="-99.13119">
        <ele>513.6</ele>
      </trkpt>
      <trkpt lat="30.49755" lon="-99.13118">
        <ele>513.6</ele>
      </trkpt>
      <trkpt lat="30.4974" lon="-99.13112">
        <ele>513.1</ele>
      </trkpt>
      <trkpt lat="30.49704" lon="-99.13096">
        <ele>512.7</ele>
      </trkpt>
      <trkpt lat="30.49667" lon="-99.1308">
        <ele>513.1</ele>
      </trkpt>
      <trkpt lat="30.49635" lon="-99.13067">
        <ele>513.3</ele>
      </trkpt>
      <trkpt lat="30.49628" lon="-99.13065">
        <ele>513.3</ele>
      </trkpt>
      <trkpt lat="30.49621" lon="-99.13063">
        <ele>513.1</ele>
      </trkpt>
      <trkpt lat="30.49618" lon="-99.13062">
        <ele>512.9</ele>
      </trkpt>
      <trkpt lat="30.49601" lon="-99.13057">
        <ele>511.7</ele>
      </trkpt>
      <trkpt lat="30.496" lon="-99.13057">
        <ele>511.6</ele>
      </trkpt>
      <trkpt lat="30.49597" lon="-99.13056">
        <ele>511.4</ele>
      </trkpt>
      <trkpt lat="30.49583" lon="-99.13053">
        <ele>510.4</ele>
      </trkpt>
      <trkpt lat="30.49582" lon="-99.13053">
        <ele>510.3</ele>
      </trkpt>
      <trkpt lat="30.49568" lon="-99.13051">
        <ele>509.4</ele>
      </trkpt>
      <trkpt lat="30.49565" lon="-99.1305">
        <ele>509.3</ele>
      </trkpt>
      <trkpt lat="30.49558" lon="-99.13049">
        <ele>508.8</ele>
      </trkpt>
      <trkpt lat="30.49529" lon="-99.13047">
        <ele>507.3</ele>
      </trkpt>
      <trkpt lat="30.49509" lon="-99.13048">
        <ele>506.3</ele>
      </trkpt>
      <trkpt lat="30.49493" lon="-99.13048">
        <ele>506.1</ele>
      </trkpt>
      <trkpt lat="30.49482" lon="-99.1305">
        <ele>505.6</ele>
      </trkpt>
      <trkpt lat="30.49476" lon="-99.1305">
        <ele>505.3</ele>
      </trkpt>
      <trkpt lat="30.49459" lon="-99.13052">
        <ele>504.7</ele>
      </trkpt>
      <trkpt lat="30.49422" lon="-99.13057">
        <ele>504.0</ele>
      </trkpt>
      <trkpt lat="30.49419" lon="-99.13057">
        <ele>504.0</ele>
      </trkpt>
      <trkpt lat="30.49404" lon="-99.13059">
        <ele>503.5</ele>
      </trkpt>
      <trkpt lat="30.49384" lon="-99.13062">
        <ele>502.6</ele>
      </trkpt>
      <trkpt lat="30.49362" lon="-99.13064">
        <ele>501.7</ele>
      </trkpt>
      <trkpt lat="30.4935" lon="-99.13066">
        <ele>501.2</ele>
      </trkpt>
      <trkpt lat="30.49332" lon="-99.13068">
        <ele>500.3</ele>
      </trkpt>
      <trkpt lat="30.49321" lon="-99.13069">
        <ele>499.3</ele>
      </trkpt>
      <trkpt lat="30.49315" lon="-99.1307">
        <ele>498.6</ele>
      </trkpt>
      <trkpt lat="30.49303" lon="-99.13072">
        <ele>496.6</ele>
      </trkpt>
      <trkpt lat="30.49297" lon="-99.13073">
        <ele>495.9</ele>
      </trkpt>
      <trkpt lat="30.49295" lon="-99.13073">
        <ele>495.7</ele>
      </trkpt>
      <trkpt lat="30.49279" lon="-99.13075">
        <ele>494.9</ele>
      </trkpt>
      <trkpt lat="30.49267" lon="-99.13076">
        <ele>494.7</ele>
      </trkpt>
      <trkpt lat="30.49261" lon="-99.13077">
        <ele>494.7</ele>
      </trkpt>
      <trkpt lat="30.49246" lon="-99.13079">
        <ele>494.5</ele>
      </trkpt>
      <trkpt lat="30.49225" lon="-99.13081">
        <ele>494.2</ele>
      </trkpt>
      <trkpt lat="30.49212" lon="-99.13082">
        <ele>494.1</ele>
      </trkpt>
      <trkpt lat="30.49181" lon="-99.13083">
        <ele>494.5</ele>
      </trkpt>
      <trkpt lat="30.49166" lon="-99.13083">
        <ele>494.6</ele>
      </trkpt>
      <trkpt lat="30.49164" lon="-99.13083">
        <ele>494.6</ele>
      </trkpt>
      <trkpt lat="30.49132" lon="-99.13082">
        <ele>494.4</ele>
      </trkpt>
      <trkpt lat="30.49094" lon="-99.13078">
        <ele>493.0</ele>
      </trkpt>
      <trkpt lat="30.49083" lon="-99.13077">
        <ele>492.6</ele>
      </trkpt>
      <trkpt lat="30.49055" lon="-99.13073">
        <ele>494.4</ele>
      </trkpt>
      <trkpt lat="30.49037" lon="-99.1307">
        <ele>495.1</ele>
      </trkpt>
      <trkpt lat="30.49018" lon="-99.13066">
        <ele>495.7</ele>
      </trkpt>
      <trkpt lat="30.49002" lon="-99.13063">
        <ele>496.2</ele>
      </trkpt>
      <trkpt lat="30.48993" lon="-99.13062">
        <ele>496.5</ele>
      </trkpt>
      <trkpt lat="30.48975" lon="-99.13058">
        <ele>497.3</ele>
      </trkpt>
      <trkpt lat="30.48966" lon="-99.13057">
        <ele>497.7</ele>
      </trkpt>
      <trkpt lat="30.48954" lon="-99.13054">
        <ele>498.2</ele>
      </trkpt>
      <trkpt lat="30.48949" lon="-99.13053">
        <ele>498.4</ele>
      </trkpt>
      <trkpt lat="30.48931" lon="-99.1305">
        <ele>499.0</ele>
      </trkpt>
      <trkpt lat="30.48913" lon="-99.13047">
        <ele>499.7</ele>
      </trkpt>
      <trkpt lat="30.48901" lon="-99.13045">
        <ele>500.3</ele>
      </trkpt>
      <trkpt lat="30.48876" lon="-99.13041">
        <ele>501.3</ele>
      </trkpt>
      <trkpt lat="30.48857" lon="-99.13038">
        <ele>502.2</ele>
      </trkpt>
      <trkpt lat="30.48842" lon="-99.13036">
        <ele>503.0</ele>
      </trkpt>
      <trkpt lat="30.48837" lon="-99.13035">
        <ele>503.4</ele>
      </trkpt>
      <trkpt lat="30.48811" lon="-99.13033">
        <ele>505.2</ele>
      </trkpt>
      <trkpt lat="30.48808" lon="-99.13033">
        <ele>505.3</ele>
      </trkpt>
      <trkpt lat="30.48806" lon="-99.13033">
        <ele>505.5</ele>
      </trkpt>
      <trkpt lat="30.48788" lon="-99.13032">
        <ele>506.3</ele>
      </trkpt>
      <trkpt lat="30.48783" lon="-99.13032">
        <ele>506.4</ele>
      </trkpt>
      <trkpt lat="30.4877" lon="-99.13032">
        <ele>506.7</ele>
      </trkpt>
      <trkpt lat="30.48752" lon="-99.13031">
        <ele>507.0</ele>
      </trkpt>
      <trkpt lat="30.48742" lon="-99.13031">
        <ele>507.1</ele>
      </trkpt>
      <trkpt lat="30.48701" lon="-99.13031">
        <ele>507.5</ele>
      </trkpt>
      <trkpt lat="30.4868" lon="-99.13031">
        <ele>507.6</ele>
      </trkpt>
      <trkpt lat="30.48662" lon="-99.13031">
        <ele>507.6</ele>
      </trkpt>
      <trkpt lat="30.4862" lon="-99.1303">
        <ele>508.1</ele>
      </trkpt>
      <trkpt lat="30.48608" lon="-99.1303">
        <ele>508.4</ele>
      </trkpt>
      <trkpt lat="30.4859" lon="-99.1303">
        <ele>508.9</ele>
      </trkpt>
      <trkpt lat="30.48473" lon="-99.13029">
        <ele>512.6</ele>
      </trkpt>
      <trkpt lat="30.48437" lon="-99.13028">
        <ele>513.0</ele>
      </trkpt>
      <trkpt lat="30.48411" lon="-99.13028">
        <ele>513.3</ele>
      </trkpt>
      <trkpt lat="30.48361" lon="-99.13029">
        <ele>514.1</ele>
      </trkpt>
      <trkpt lat="30.48339" lon="-99.13029">
        <ele>514.6</ele>
      </trkpt>
      <trkpt lat="30.48321" lon="-99.13029">
        <ele>515.0</ele>
      </trkpt>
      <trkpt lat="30.48231" lon="-99.1303">
        <ele>517.8</ele>
      </trkpt>
      <trkpt lat="30.48149" lon="-99.1303">
        <ele>518.6</ele>
      </trkpt>
      <trkpt lat="30.48106" lon="-99.13031">
        <ele>518.0</ele>
      </trkpt>
      <trkpt lat="30.48034" lon="-99.13032">
        <ele>515.3</ele>
      </trkpt>
      <trkpt lat="30.48016" lon="-99.13032">
        <ele>514.5</ele>
      </trkpt>
      <trkpt lat="30.47998" lon="-99.13032">
        <ele>513.8</ele>
      </trkpt>
      <trkpt lat="30.47962" lon="-99.13033">
        <ele>512.8</ele>
      </trkpt>
      <trkpt lat="30.47944" lon="-99.13034">
        <ele>512.4</ele>
      </trkpt>
      <trkpt lat="30.47936" lon="-99.13034">
        <ele>512.3</ele>
      </trkpt>
      <trkpt lat="30.47926" lon="-99.13034">
        <ele>512.3</ele>
      </trkpt>
      <trkpt lat="30.47908" lon="-99.13034">
        <ele>512.4</ele>
      </trkpt>
      <trkpt lat="30.4789" lon="-99.13034">
        <ele>512.5</ele>
      </trkpt>
      <trkpt lat="30.47872" lon="-99.13035">
        <ele>512.6</ele>
      </trkpt>
      <trkpt lat="30.47818" lon="-99.13035">
        <ele>512.9</ele>
      </trkpt>
      <trkpt lat="30.478" lon="-99.13035">
        <ele>513.0</ele>
      </trkpt>
      <trkpt lat="30.47792" lon="-99.13035">
        <ele>513.0</ele>
      </trkpt>
      <trkpt lat="30.47782" lon="-99.13035">
        <ele>513.1</ele>
      </trkpt>
      <trkpt lat="30.47764" lon="-99.13035">
        <ele>513.1</ele>
      </trkpt>
      <trkpt lat="30.4771" lon="-99.13036">
        <ele>513.5</ele>
      </trkpt>
      <trkpt lat="30.47692" lon="-99.13036">
        <ele>513.6</ele>
      </trkpt>
      <trkpt lat="30.47674" lon="-99.13037">
        <ele>513.7</ele>
      </trkpt>
      <trkpt lat="30.47656" lon="-99.13037">
        <ele>513.8</ele>
      </trkpt>
      <trkpt lat="30.47638" lon="-99.13037">
        <ele>513.9</ele>
      </trkpt>
      <trkpt lat="30.47601" lon="-99.13038">
        <ele>513.9</ele>
      </trkpt>
      <trkpt lat="30.47531" lon="-99.13038">
        <ele>512.6</ele>
      </trkpt>
      <trkpt lat="30.47513" lon="-99.13039">
        <ele>512.3</ele>
      </trkpt>
      <trkpt lat="30.47477" lon="-99.13039">
        <ele>512.1</ele>
      </trkpt>
      <trkpt lat="30.47459" lon="-99.13039">
        <ele>512.1</ele>
      </trkpt>
      <trkpt lat="30.47441" lon="-99.13039">
        <ele>512.1</ele>
      </trkpt>
      <trkpt lat="30.47423" lon="-99.13039">
        <ele>512.3</ele>
      </trkpt>
      <trkpt lat="30.47387" lon="-99.13039">
        <ele>512.9</ele>
      </trkpt>
      <trkpt lat="30.47351" lon="-99.1304">
        <ele>513.3</ele>
      </trkpt>
      <trkpt lat="30.47333" lon="-99.1304">
        <ele>513.4</ele>
      </trkpt>
      <trkpt lat="30.47315" lon="-99.1304">
        <ele>513.3</ele>
      </trkpt>
      <trkpt lat="30.47297" lon="-99.1304">
        <ele>513.0</ele>
      </trkpt>
      <trkpt lat="30.47279" lon="-99.1304">
        <ele>512.6</ele>
      </trkpt>
      <trkpt lat="30.47261" lon="-99.1304">
        <ele>512.2</ele>
      </trkpt>
      <trkpt lat="30.47243" lon="-99.13041">
        <ele>512.0</ele>
      </trkpt>
      <trkpt lat="30.47225" lon="-99.13041">
        <ele>511.8</ele>
      </trkpt>
      <trkpt lat="30.47213" lon="-99.13041">
        <ele>511.8</ele>
      </trkpt>
      <trkpt lat="30.47207" lon="-99.13041">
        <ele>511.8</ele>
      </trkpt>
      <trkpt lat="30.47189" lon="-99.13041">
        <ele>512.0</ele>
      </trkpt>
      <trkpt lat="30.47117" lon="-99.13042">
        <ele>512.3</ele>
      </trkpt>
      <trkpt lat="30.47099" lon="-99.13042">
        <ele>512.4</ele>
      </trkpt>
      <trkpt lat="30.47081" lon="-99.13042">
        <ele>512.4</ele>
      </trkpt>
      <trkpt lat="30.47063" lon="-99.13042">
        <ele>512.5</ele>
      </trkpt>
      <trkpt lat="30.4706" lon="-99.13042">
        <ele>512.5</ele>
      </trkpt>
      <trkpt lat="30.47045" lon="-99.13042">
        <ele>512.5</ele>
      </trkpt>
      <trkpt lat="30.47009" lon="-99.13042">
        <ele>512.5</ele>
      </trkpt>
      <trkpt lat="30.46937" lon="-99.13042">
        <ele>512.0</ele>
      </trkpt>
      <trkpt lat="30.46901" lon="-99.13043">
        <ele>511.3</ele>
      </trkpt>
      <trkpt lat="30.46847" lon="-99.13043">
        <ele>509.9</ele>
      </trkpt>
      <trkpt lat="30.46829" lon="-99.13043">
        <ele>509.5</ele>
      </trkpt>
      <trkpt lat="30.46811" lon="-99.13043">
        <ele>509.2</ele>
      </trkpt>
      <trkpt lat="30.46721" lon="-99.13043">
        <ele>507.8</ele>
      </trkpt>
      <trkpt lat="30.46683" lon="-99.13044">
        <ele>507.3</ele>
      </trkpt>
      <trkpt lat="30.46667" lon="-99.13044">
        <ele>507.3</ele>
      </trkpt>
      <trkpt lat="30.46541" lon="-99.13044">
        <ele>507.3</ele>
      </trkpt>
      <trkpt lat="30.46523" lon="-99.13044">
        <ele>507.1</ele>
      </trkpt>
      <trkpt lat="30.46505" lon="-99.13044">
        <ele>506.7</ele>
      </trkpt>
      <trkpt lat="30.46388" lon="-99.13045">
        <ele>503.6</ele>
      </trkpt>
      <trkpt lat="30.46313" lon="-99.13046">
        <ele>501.9</ele>
      </trkpt>
      <trkpt lat="30.46295" lon="-99.13046">
        <ele>501.8</ele>
      </trkpt>
      <trkpt lat="30.46261" lon="-99.13046">
        <ele>502.3</ele>
      </trkpt>
      <trkpt lat="30.46241" lon="-99.13046">
        <ele>502.9</ele>
      </trkpt>
      <trkpt lat="30.46231" lon="-99.13046">
        <ele>503.2</ele>
      </trkpt>
      <trkpt lat="30.46223" lon="-99.13046">
        <ele>503.5</ele>
      </trkpt>
      <trkpt lat="30.46205" lon="-99.13046">
        <ele>504.3</ele>
      </trkpt>
      <trkpt lat="30.46187" lon="-99.13046">
        <ele>504.8</ele>
      </trkpt>
      <trkpt lat="30.46109" lon="-99.13047">
        <ele>507.4</ele>
      </trkpt>
      <trkpt lat="30.46079" lon="-99.13047">
        <ele>509.3</ele>
      </trkpt>
      <trkpt lat="30.46025" lon="-99.13047">
        <ele>510.8</ele>
      </trkpt>
      <trkpt lat="30.46007" lon="-99.13047">
        <ele>510.9</ele>
      </trkpt>
      <trkpt lat="30.45958" lon="-99.13047">
        <ele>511.3</ele>
      </trkpt>
      <trkpt lat="30.45899" lon="-99.13047">
        <ele>511.6</ele>
      </trkpt>
      <trkpt lat="30.45861" lon="-99.13047">
        <ele>511.8</ele>
      </trkpt>
      <trkpt lat="30.45815" lon="-99.13046">
        <ele>512.4</ele>
      </trkpt>
      <trkpt lat="30.45755" lon="-99.13046">
        <ele>512.7</ele>
      </trkpt>
      <trkpt lat="30.45737" lon="-99.13046">
        <ele>512.9</ele>
      </trkpt>
      <trkpt lat="30.45719" lon="-99.13046">
        <ele>513.2</ele>
      </trkpt>
      <trkpt lat="30.45647" lon="-99.13046">
        <ele>515.7</ele>
      </trkpt>
      <trkpt lat="30.45585" lon="-99.13046">
        <ele>517.4</ele>
      </trkpt>
      <trkpt lat="30.45567" lon="-99.13046">
        <ele>517.7</ele>
      </trkpt>
      <trkpt lat="30.45549" lon="-99.13046">
        <ele>518.1</ele>
      </trkpt>
      <trkpt lat="30.45531" lon="-99.13046">
        <ele>518.4</ele>
      </trkpt>
      <trkpt lat="30.45335" lon="-99.13046">
        <ele>519.8</ele>
      </trkpt>
      <trkpt lat="30.45243" lon="-99.13046">
        <ele>520.4</ele>
      </trkpt>
      <trkpt lat="30.4519" lon="-99.13047">
        <ele>521.0</ele>
      </trkpt>
      <trkpt lat="30.45118" lon="-99.13047">
        <ele>521.9</ele>
      </trkpt>
      <trkpt lat="30.45083" lon="-99.13048">
        <ele>522.3</ele>
      </trkpt>
      <trkpt lat="30.45057" lon="-99.13048">
        <ele>522.7</ele>
      </trkpt>
      <trkpt lat="30.44931" lon="-99.13049">
        <ele>524.4</ele>
      </trkpt>
      <trkpt lat="30.44926" lon="-99.13049">
        <ele>524.4</ele>
      </trkpt>
      <trkpt lat="30.44922" lon="-99.13049">
        <ele>524.5</ele>
      </trkpt>
      <trkpt lat="30.44766" lon="-99.1305">
        <ele>525.6</ele>
      </trkpt>
      <trkpt lat="30.44741" lon="-99.1305">
        <ele>525.7</ele>
      </trkpt>
      <trkpt lat="30.44723" lon="-99.1305">
        <ele>525.8</ele>
      </trkpt>
      <trkpt lat="30.44651" lon="-99.1305">
        <ele>526.1</ele>
      </trkpt>
      <trkpt lat="30.44628" lon="-99.13051">
        <ele>526.2</ele>
      </trkpt>
      <trkpt lat="30.44617" lon="-99.13051">
        <ele>526.3</ele>
      </trkpt>
      <trkpt lat="30.44595" lon="-99.13051">
        <ele>526.4</ele>
      </trkpt>
      <trkpt lat="30.44543" lon="-99.13051">
        <ele>526.7</ele>
      </trkpt>
      <trkpt lat="30.44525" lon="-99.13051">
        <ele>526.8</ele>
      </trkpt>
      <trkpt lat="30.44519" lon="-99.13051">
        <ele>526.8</ele>
      </trkpt>
      <trkpt lat="30.4447" lon="-99.13055">
        <ele>527.2</ele>
      </trkpt>
      <trkpt lat="30.44463" lon="-99.13057">
        <ele>527.2</ele>
      </trkpt>
    </trkseg>
  </trk>
</gpx>
