<?xml version="1.0" encoding="UTF-8"?>
<gpx xmlns:xsi="http://www.w3.org/2001/XMLSchema-instance" xmlns="http://www.topografix.com/GPX/1/1" xmlns:gpxdata="http://www.cluetrust.com/XML/GPXDATA/1/0" xsi:schemaLocation="http://www.topografix.com/GPX/1/1 http://www.topografix.com/GPX/1/1/gpx.xsd http://www.cluetrust.com/XML/GPXDATA/1/0 http://www.cluetrust.com/Schemas/gpxdata10.xsd" version="1.1" creator="http://ridewithgps.com/">
  <metadata>
    <name>CCR Gonzo Graveler 62</name>
    <link href="https://ridewithgps.com/routes/41268996">
      <text>CCR Gonzo Graveler 62</text>
    </link>
    <time>2022-10-21T13:11:25Z</time>
  </metadata>
  <trk>
    <name>CCR Gonzo Graveler 62</name>
    <trkseg>
      <trkpt lat="29.50226" lon="-97.45182">
        <ele>87.7</ele>
      </trkpt>
      <trkpt lat="29.50281" lon="-97.45206">
        <ele>87.8</ele>
      </trkpt>
      <trkpt lat="29.50383" lon="-97.4525">
        <ele>88.0</ele>
      </trkpt>
      <trkpt lat="29.50486" lon="-97.45296">
        <ele>88.2</ele>
      </trkpt>
      <trkpt lat="29.50522" lon="-97.4531">
        <ele>88.4</ele>
      </trkpt>
      <trkpt lat="29.50547" lon="-97.45319">
        <ele>88.7</ele>
      </trkpt>
      <trkpt lat="29.50558" lon="-97.4532399">
        <ele>88.7</ele>
      </trkpt>
      <trkpt lat="29.50596" lon="-97.45346">
        <ele>89.0</ele>
      </trkpt>
      <trkpt lat="29.50682" lon="-97.45384">
        <ele>90.1</ele>
      </trkpt>
      <trkpt lat="29.50707" lon="-97.45396">
        <ele>90.4</ele>
      </trkpt>
      <trkpt lat="29.50741" lon="-97.4541">
        <ele>90.7</ele>
      </trkpt>
      <trkpt lat="29.50812" lon="-97.45439">
        <ele>91.4</ele>
      </trkpt>
      <trkpt lat="29.50943" lon="-97.45498">
        <ele>92.5</ele>
      </trkpt>
      <trkpt lat="29.5105" lon="-97.45546">
        <ele>93.9</ele>
      </trkpt>
      <trkpt lat="29.511" lon="-97.45569">
        <ele>94.5</ele>
      </trkpt>
      <trkpt lat="29.51164" lon="-97.4559699">
        <ele>96.8</ele>
      </trkpt>
      <trkpt lat="29.51209" lon="-97.45619">
        <ele>97.8</ele>
      </trkpt>
      <trkpt lat="29.51274" lon="-97.4565">
        <ele>99.0</ele>
      </trkpt>
      <trkpt lat="29.51331" lon="-97.45675">
        <ele>100.0</ele>
      </trkpt>
      <trkpt lat="29.51389" lon="-97.45703">
        <ele>101.1</ele>
      </trkpt>
      <trkpt lat="29.51488" lon="-97.45746">
        <ele>103.1</ele>
      </trkpt>
      <trkpt lat="29.51576" lon="-97.45783">
        <ele>104.9</ele>
      </trkpt>
      <trkpt lat="29.5162" lon="-97.45802">
        <ele>106.5</ele>
      </trkpt>
      <trkpt lat="29.51637" lon="-97.45809">
        <ele>106.9</ele>
      </trkpt>
      <trkpt lat="29.51643" lon="-97.4581199">
        <ele>107.1</ele>
      </trkpt>
      <trkpt lat="29.51648" lon="-97.45814">
        <ele>107.2</ele>
      </trkpt>
      <trkpt lat="29.51665" lon="-97.45822">
        <ele>107.7</ele>
      </trkpt>
      <trkpt lat="29.51682" lon="-97.45829">
        <ele>108.3</ele>
      </trkpt>
      <trkpt lat="29.51696" lon="-97.45832">
        <ele>108.8</ele>
      </trkpt>
      <trkpt lat="29.51705" lon="-97.45832">
        <ele>109.0</ele>
      </trkpt>
      <trkpt lat="29.51705" lon="-97.45832">
        <ele>109.0</ele>
      </trkpt>
      <trkpt lat="29.51723" lon="-97.4583">
        <ele>109.5</ele>
      </trkpt>
      <trkpt lat="29.51745" lon="-97.45826">
        <ele>110.2</ele>
      </trkpt>
      <trkpt lat="29.51768" lon="-97.45822">
        <ele>110.8</ele>
      </trkpt>
      <trkpt lat="29.51785" lon="-97.45818">
        <ele>111.2</ele>
      </trkpt>
      <trkpt lat="29.51869" lon="-97.45802">
        <ele>112.0</ele>
      </trkpt>
      <trkpt lat="29.51901" lon="-97.45796">
        <ele>112.3</ele>
      </trkpt>
      <trkpt lat="29.51967" lon="-97.45783">
        <ele>112.6</ele>
      </trkpt>
      <trkpt lat="29.51986" lon="-97.4578">
        <ele>112.6</ele>
      </trkpt>
      <trkpt lat="29.52077" lon="-97.45764">
        <ele>113.2</ele>
      </trkpt>
      <trkpt lat="29.5211" lon="-97.4575799">
        <ele>113.3</ele>
      </trkpt>
      <trkpt lat="29.5211" lon="-97.4575799">
        <ele>113.3</ele>
      </trkpt>
      <trkpt lat="29.52147" lon="-97.45641">
        <ele>109.6</ele>
      </trkpt>
      <trkpt lat="29.52165" lon="-97.45592">
        <ele>108.4</ele>
      </trkpt>
      <trkpt lat="29.5221" lon="-97.45457">
        <ele>103.2</ele>
      </trkpt>
      <trkpt lat="29.52231" lon="-97.45395">
        <ele>101.0</ele>
      </trkpt>
      <trkpt lat="29.52236" lon="-97.4538">
        <ele>100.4</ele>
      </trkpt>
      <trkpt lat="29.52262" lon="-97.45303">
        <ele>98.0</ele>
      </trkpt>
      <trkpt lat="29.52267" lon="-97.45287">
        <ele>97.3</ele>
      </trkpt>
      <trkpt lat="29.52272" lon="-97.4526999">
        <ele>96.4</ele>
      </trkpt>
      <trkpt lat="29.52272" lon="-97.45269">
        <ele>96.3</ele>
      </trkpt>
      <trkpt lat="29.52285" lon="-97.45237">
        <ele>94.9</ele>
      </trkpt>
      <trkpt lat="29.52287" lon="-97.45231">
        <ele>94.7</ele>
      </trkpt>
      <trkpt lat="29.52294" lon="-97.4521199">
        <ele>94.8</ele>
      </trkpt>
      <trkpt lat="29.52307" lon="-97.45174">
        <ele>95.1</ele>
      </trkpt>
      <trkpt lat="29.52334" lon="-97.45097">
        <ele>95.8</ele>
      </trkpt>
      <trkpt lat="29.52343" lon="-97.45068">
        <ele>95.9</ele>
      </trkpt>
      <trkpt lat="29.52362" lon="-97.45012">
        <ele>95.7</ele>
      </trkpt>
      <trkpt lat="29.52373" lon="-97.44981">
        <ele>95.5</ele>
      </trkpt>
      <trkpt lat="29.52375" lon="-97.44976">
        <ele>95.5</ele>
      </trkpt>
      <trkpt lat="29.52376" lon="-97.44971">
        <ele>95.4</ele>
      </trkpt>
      <trkpt lat="29.52377" lon="-97.44966">
        <ele>95.4</ele>
      </trkpt>
      <trkpt lat="29.5238" lon="-97.44961">
        <ele>95.4</ele>
      </trkpt>
      <trkpt lat="29.52393" lon="-97.44922">
        <ele>95.2</ele>
      </trkpt>
      <trkpt lat="29.52401" lon="-97.44901">
        <ele>95.1</ele>
      </trkpt>
      <trkpt lat="29.52404" lon="-97.44891">
        <ele>95.1</ele>
      </trkpt>
      <trkpt lat="29.52407" lon="-97.44882">
        <ele>95.1</ele>
      </trkpt>
      <trkpt lat="29.52423" lon="-97.44835">
        <ele>95.1</ele>
      </trkpt>
      <trkpt lat="29.52438" lon="-97.44788">
        <ele>95.0</ele>
      </trkpt>
      <trkpt lat="29.52448" lon="-97.44757">
        <ele>94.9</ele>
      </trkpt>
      <trkpt lat="29.52454" lon="-97.44741">
        <ele>94.8</ele>
      </trkpt>
      <trkpt lat="29.52456" lon="-97.44734">
        <ele>94.8</ele>
      </trkpt>
      <trkpt lat="29.52465" lon="-97.44709">
        <ele>94.7</ele>
      </trkpt>
      <trkpt lat="29.52472" lon="-97.44695">
        <ele>94.7</ele>
      </trkpt>
      <trkpt lat="29.52479" lon="-97.44681">
        <ele>94.5</ele>
      </trkpt>
      <trkpt lat="29.52482" lon="-97.44676">
        <ele>94.5</ele>
      </trkpt>
      <trkpt lat="29.52486" lon="-97.44667">
        <ele>94.5</ele>
      </trkpt>
      <trkpt lat="29.52488" lon="-97.44664">
        <ele>94.5</ele>
      </trkpt>
      <trkpt lat="29.52489" lon="-97.44662">
        <ele>94.5</ele>
      </trkpt>
      <trkpt lat="29.52492" lon="-97.44658">
        <ele>94.6</ele>
      </trkpt>
      <trkpt lat="29.52495" lon="-97.44655">
        <ele>94.6</ele>
      </trkpt>
      <trkpt lat="29.525" lon="-97.44652">
        <ele>94.6</ele>
      </trkpt>
      <trkpt lat="29.52506" lon="-97.44651">
        <ele>94.6</ele>
      </trkpt>
      <trkpt lat="29.52511" lon="-97.44651">
        <ele>94.6</ele>
      </trkpt>
      <trkpt lat="29.52522" lon="-97.44652">
        <ele>94.7</ele>
      </trkpt>
      <trkpt lat="29.52551" lon="-97.44659">
        <ele>94.6</ele>
      </trkpt>
      <trkpt lat="29.52559" lon="-97.4466">
        <ele>94.6</ele>
      </trkpt>
      <trkpt lat="29.52592" lon="-97.44666">
        <ele>94.7</ele>
      </trkpt>
      <trkpt lat="29.52605" lon="-97.44667">
        <ele>94.8</ele>
      </trkpt>
      <trkpt lat="29.52623" lon="-97.44669">
        <ele>94.9</ele>
      </trkpt>
      <trkpt lat="29.52637" lon="-97.4467">
        <ele>95.0</ele>
      </trkpt>
      <trkpt lat="29.52648" lon="-97.44669">
        <ele>95.1</ele>
      </trkpt>
      <trkpt lat="29.52658" lon="-97.44668">
        <ele>95.2</ele>
      </trkpt>
      <trkpt lat="29.5267" lon="-97.44667">
        <ele>95.4</ele>
      </trkpt>
      <trkpt lat="29.52684" lon="-97.44664">
        <ele>95.6</ele>
      </trkpt>
      <trkpt lat="29.52698" lon="-97.44661">
        <ele>95.8</ele>
      </trkpt>
      <trkpt lat="29.52753" lon="-97.44649">
        <ele>96.6</ele>
      </trkpt>
      <trkpt lat="29.528" lon="-97.4464">
        <ele>97.1</ele>
      </trkpt>
      <trkpt lat="29.52818" lon="-97.44637">
        <ele>97.3</ele>
      </trkpt>
      <trkpt lat="29.5284" lon="-97.44632">
        <ele>97.6</ele>
      </trkpt>
      <trkpt lat="29.52903" lon="-97.4462099">
        <ele>98.7</ele>
      </trkpt>
      <trkpt lat="29.52963" lon="-97.4461">
        <ele>99.9</ele>
      </trkpt>
      <trkpt lat="29.53018" lon="-97.446">
        <ele>101.2</ele>
      </trkpt>
      <trkpt lat="29.53071" lon="-97.44591">
        <ele>102.2</ele>
      </trkpt>
      <trkpt lat="29.53102" lon="-97.44584">
        <ele>102.8</ele>
      </trkpt>
      <trkpt lat="29.53103" lon="-97.44584">
        <ele>102.8</ele>
      </trkpt>
      <trkpt lat="29.5312" lon="-97.44581">
        <ele>103.2</ele>
      </trkpt>
      <trkpt lat="29.53146" lon="-97.44575">
        <ele>103.8</ele>
      </trkpt>
      <trkpt lat="29.53173" lon="-97.44568">
        <ele>104.6</ele>
      </trkpt>
      <trkpt lat="29.53185" lon="-97.44565">
        <ele>104.9</ele>
      </trkpt>
      <trkpt lat="29.53206" lon="-97.4456">
        <ele>105.4</ele>
      </trkpt>
      <trkpt lat="29.53208" lon="-97.44559">
        <ele>105.4</ele>
      </trkpt>
      <trkpt lat="29.5323" lon="-97.44552">
        <ele>106.0</ele>
      </trkpt>
      <trkpt lat="29.53247" lon="-97.44547">
        <ele>106.4</ele>
      </trkpt>
      <trkpt lat="29.53247" lon="-97.44547">
        <ele>106.4</ele>
      </trkpt>
      <trkpt lat="29.53257" lon="-97.44543">
        <ele>106.7</ele>
      </trkpt>
      <trkpt lat="29.53275" lon="-97.4454">
        <ele>107.3</ele>
      </trkpt>
      <trkpt lat="29.53294" lon="-97.4453599">
        <ele>107.8</ele>
      </trkpt>
      <trkpt lat="29.53449" lon="-97.44489">
        <ele>111.6</ele>
      </trkpt>
      <trkpt lat="29.53499" lon="-97.44473">
        <ele>112.0</ele>
      </trkpt>
      <trkpt lat="29.53501" lon="-97.44473">
        <ele>112.0</ele>
      </trkpt>
      <trkpt lat="29.53518" lon="-97.44467">
        <ele>112.1</ele>
      </trkpt>
      <trkpt lat="29.53529" lon="-97.44463">
        <ele>112.1</ele>
      </trkpt>
      <trkpt lat="29.53559" lon="-97.4445099">
        <ele>111.9</ele>
      </trkpt>
      <trkpt lat="29.53599" lon="-97.44434">
        <ele>111.7</ele>
      </trkpt>
      <trkpt lat="29.53628" lon="-97.4442">
        <ele>111.6</ele>
      </trkpt>
      <trkpt lat="29.53645" lon="-97.44412">
        <ele>111.5</ele>
      </trkpt>
      <trkpt lat="29.53705" lon="-97.44382">
        <ele>111.5</ele>
      </trkpt>
      <trkpt lat="29.53728" lon="-97.44369">
        <ele>111.6</ele>
      </trkpt>
      <trkpt lat="29.53744" lon="-97.44361">
        <ele>111.6</ele>
      </trkpt>
      <trkpt lat="29.5376" lon="-97.44352">
        <ele>111.6</ele>
      </trkpt>
      <trkpt lat="29.53776" lon="-97.44343">
        <ele>111.6</ele>
      </trkpt>
      <trkpt lat="29.53784" lon="-97.4433899">
        <ele>111.6</ele>
      </trkpt>
      <trkpt lat="29.53825" lon="-97.44315">
        <ele>111.7</ele>
      </trkpt>
      <trkpt lat="29.5385" lon="-97.443">
        <ele>111.7</ele>
      </trkpt>
      <trkpt lat="29.53871" lon="-97.44286">
        <ele>111.6</ele>
      </trkpt>
      <trkpt lat="29.53882" lon="-97.44277">
        <ele>111.5</ele>
      </trkpt>
      <trkpt lat="29.53889" lon="-97.44272">
        <ele>111.4</ele>
      </trkpt>
      <trkpt lat="29.53914" lon="-97.44252">
        <ele>111.1</ele>
      </trkpt>
      <trkpt lat="29.53916" lon="-97.4425">
        <ele>111.1</ele>
      </trkpt>
      <trkpt lat="29.53946" lon="-97.44226">
        <ele>110.8</ele>
      </trkpt>
      <trkpt lat="29.53958" lon="-97.44216">
        <ele>110.7</ele>
      </trkpt>
      <trkpt lat="29.53975" lon="-97.44202">
        <ele>110.4</ele>
      </trkpt>
      <trkpt lat="29.53983" lon="-97.44197">
        <ele>110.2</ele>
      </trkpt>
      <trkpt lat="29.54007" lon="-97.44176">
        <ele>109.5</ele>
      </trkpt>
      <trkpt lat="29.54118" lon="-97.44089">
        <ele>107.2</ele>
      </trkpt>
      <trkpt lat="29.54126" lon="-97.44082">
        <ele>107.4</ele>
      </trkpt>
      <trkpt lat="29.54138" lon="-97.44073">
        <ele>107.5</ele>
      </trkpt>
      <trkpt lat="29.54152" lon="-97.44061">
        <ele>107.3</ele>
      </trkpt>
      <trkpt lat="29.54158" lon="-97.44056">
        <ele>107.2</ele>
      </trkpt>
      <trkpt lat="29.54167" lon="-97.44049">
        <ele>106.9</ele>
      </trkpt>
      <trkpt lat="29.54188" lon="-97.44031">
        <ele>105.6</ele>
      </trkpt>
      <trkpt lat="29.54223" lon="-97.43999">
        <ele>102.1</ele>
      </trkpt>
      <trkpt lat="29.54224" lon="-97.43998">
        <ele>101.9</ele>
      </trkpt>
      <trkpt lat="29.5425" lon="-97.43972">
        <ele>100.1</ele>
      </trkpt>
      <trkpt lat="29.54251" lon="-97.43971">
        <ele>100.0</ele>
      </trkpt>
      <trkpt lat="29.54279" lon="-97.43946">
        <ele>99.0</ele>
      </trkpt>
      <trkpt lat="29.54287" lon="-97.4394">
        <ele>99.0</ele>
      </trkpt>
      <trkpt lat="29.54294" lon="-97.43935">
        <ele>99.0</ele>
      </trkpt>
      <trkpt lat="29.54302" lon="-97.4393">
        <ele>98.9</ele>
      </trkpt>
      <trkpt lat="29.54311" lon="-97.4392699">
        <ele>98.8</ele>
      </trkpt>
      <trkpt lat="29.54319" lon="-97.43924">
        <ele>98.6</ele>
      </trkpt>
      <trkpt lat="29.54345" lon="-97.4391799">
        <ele>97.9</ele>
      </trkpt>
      <trkpt lat="29.54364" lon="-97.43913">
        <ele>97.1</ele>
      </trkpt>
      <trkpt lat="29.54368" lon="-97.43912">
        <ele>97.0</ele>
      </trkpt>
      <trkpt lat="29.54409" lon="-97.43898">
        <ele>95.3</ele>
      </trkpt>
      <trkpt lat="29.54416" lon="-97.43896">
        <ele>95.1</ele>
      </trkpt>
      <trkpt lat="29.54436" lon="-97.43889">
        <ele>95.4</ele>
      </trkpt>
      <trkpt lat="29.54462" lon="-97.43878">
        <ele>96.2</ele>
      </trkpt>
      <trkpt lat="29.54483" lon="-97.43868">
        <ele>97.0</ele>
      </trkpt>
      <trkpt lat="29.54484" lon="-97.43867">
        <ele>97.0</ele>
      </trkpt>
      <trkpt lat="29.54509" lon="-97.43853">
        <ele>97.9</ele>
      </trkpt>
      <trkpt lat="29.54515" lon="-97.43849">
        <ele>98.1</ele>
      </trkpt>
      <trkpt lat="29.54547" lon="-97.43829">
        <ele>99.3</ele>
      </trkpt>
      <trkpt lat="29.54548" lon="-97.43829">
        <ele>99.3</ele>
      </trkpt>
      <trkpt lat="29.54595" lon="-97.43797">
        <ele>100.9</ele>
      </trkpt>
      <trkpt lat="29.54616" lon="-97.43783">
        <ele>101.6</ele>
      </trkpt>
      <trkpt lat="29.54625" lon="-97.43777">
        <ele>101.8</ele>
      </trkpt>
      <trkpt lat="29.54637" lon="-97.43769">
        <ele>102.2</ele>
      </trkpt>
      <trkpt lat="29.54666" lon="-97.43751">
        <ele>103.1</ele>
      </trkpt>
      <trkpt lat="29.54683" lon="-97.43742">
        <ele>103.6</ele>
      </trkpt>
      <trkpt lat="29.54705" lon="-97.43732">
        <ele>104.5</ele>
      </trkpt>
      <trkpt lat="29.54706" lon="-97.43731">
        <ele>104.6</ele>
      </trkpt>
      <trkpt lat="29.54791" lon="-97.43695">
        <ele>107.8</ele>
      </trkpt>
      <trkpt lat="29.54858" lon="-97.4366299">
        <ele>110.1</ele>
      </trkpt>
      <trkpt lat="29.54969" lon="-97.43614">
        <ele>111.7</ele>
      </trkpt>
      <trkpt lat="29.54996" lon="-97.43602">
        <ele>111.9</ele>
      </trkpt>
      <trkpt lat="29.55013" lon="-97.43594">
        <ele>111.9</ele>
      </trkpt>
      <trkpt lat="29.55062" lon="-97.43572">
        <ele>111.5</ele>
      </trkpt>
      <trkpt lat="29.55104" lon="-97.4355">
        <ele>110.6</ele>
      </trkpt>
      <trkpt lat="29.55128" lon="-97.43535">
        <ele>110.2</ele>
      </trkpt>
      <trkpt lat="29.55142" lon="-97.43528">
        <ele>110.0</ele>
      </trkpt>
      <trkpt lat="29.55177" lon="-97.43509">
        <ele>109.3</ele>
      </trkpt>
      <trkpt lat="29.55192" lon="-97.435">
        <ele>109.4</ele>
      </trkpt>
      <trkpt lat="29.55209" lon="-97.4349">
        <ele>109.6</ele>
      </trkpt>
      <trkpt lat="29.55227" lon="-97.4348">
        <ele>109.7</ele>
      </trkpt>
      <trkpt lat="29.55246" lon="-97.43467">
        <ele>109.5</ele>
      </trkpt>
      <trkpt lat="29.55246" lon="-97.43467">
        <ele>109.5</ele>
      </trkpt>
      <trkpt lat="29.55313" lon="-97.43495">
        <ele>111.7</ele>
      </trkpt>
      <trkpt lat="29.55316" lon="-97.43496">
        <ele>111.7</ele>
      </trkpt>
      <trkpt lat="29.5533" lon="-97.43503">
        <ele>112.0</ele>
      </trkpt>
      <trkpt lat="29.55347" lon="-97.4351">
        <ele>112.1</ele>
      </trkpt>
      <trkpt lat="29.5538" lon="-97.43525">
        <ele>112.1</ele>
      </trkpt>
      <trkpt lat="29.55397" lon="-97.43532">
        <ele>112.0</ele>
      </trkpt>
      <trkpt lat="29.55414" lon="-97.4354">
        <ele>111.9</ele>
      </trkpt>
      <trkpt lat="29.55567" lon="-97.43607">
        <ele>108.0</ele>
      </trkpt>
      <trkpt lat="29.55599" lon="-97.43621">
        <ele>107.3</ele>
      </trkpt>
      <trkpt lat="29.55626" lon="-97.43633">
        <ele>107.1</ele>
      </trkpt>
      <trkpt lat="29.55664" lon="-97.4365">
        <ele>108.2</ele>
      </trkpt>
      <trkpt lat="29.55665" lon="-97.43651">
        <ele>108.3</ele>
      </trkpt>
      <trkpt lat="29.55669" lon="-97.43653">
        <ele>108.4</ele>
      </trkpt>
      <trkpt lat="29.55675" lon="-97.43655">
        <ele>108.7</ele>
      </trkpt>
      <trkpt lat="29.5568" lon="-97.43657">
        <ele>108.8</ele>
      </trkpt>
      <trkpt lat="29.55712" lon="-97.4367199">
        <ele>109.5</ele>
      </trkpt>
      <trkpt lat="29.55767" lon="-97.43696">
        <ele>110.5</ele>
      </trkpt>
      <trkpt lat="29.558" lon="-97.4371">
        <ele>110.8</ele>
      </trkpt>
      <trkpt lat="29.55843" lon="-97.43728">
        <ele>111.5</ele>
      </trkpt>
      <trkpt lat="29.5588" lon="-97.43744">
        <ele>112.5</ele>
      </trkpt>
      <trkpt lat="29.55901" lon="-97.43753">
        <ele>112.9</ele>
      </trkpt>
      <trkpt lat="29.55942" lon="-97.4377">
        <ele>114.4</ele>
      </trkpt>
      <trkpt lat="29.56011" lon="-97.43799">
        <ele>116.3</ele>
      </trkpt>
      <trkpt lat="29.56071" lon="-97.43827">
        <ele>117.5</ele>
      </trkpt>
      <trkpt lat="29.56138" lon="-97.43858">
        <ele>118.4</ele>
      </trkpt>
      <trkpt lat="29.56144" lon="-97.43861">
        <ele>118.4</ele>
      </trkpt>
      <trkpt lat="29.56168" lon="-97.43872">
        <ele>118.0</ele>
      </trkpt>
      <trkpt lat="29.56177" lon="-97.43877">
        <ele>117.7</ele>
      </trkpt>
      <trkpt lat="29.56311" lon="-97.43937">
        <ele>114.2</ele>
      </trkpt>
      <trkpt lat="29.56436" lon="-97.43994">
        <ele>113.9</ele>
      </trkpt>
      <trkpt lat="29.56471" lon="-97.44011">
        <ele>113.3</ele>
      </trkpt>
      <trkpt lat="29.56483" lon="-97.44016">
        <ele>113.0</ele>
      </trkpt>
      <trkpt lat="29.56526" lon="-97.44033">
        <ele>111.5</ele>
      </trkpt>
      <trkpt lat="29.56539" lon="-97.4403899">
        <ele>111.1</ele>
      </trkpt>
      <trkpt lat="29.56545" lon="-97.44042">
        <ele>111.0</ele>
      </trkpt>
      <trkpt lat="29.56573" lon="-97.44054">
        <ele>111.7</ele>
      </trkpt>
      <trkpt lat="29.56586" lon="-97.4406">
        <ele>112.4</ele>
      </trkpt>
      <trkpt lat="29.56657" lon="-97.44091">
        <ele>113.5</ele>
      </trkpt>
      <trkpt lat="29.56678" lon="-97.441">
        <ele>114.4</ele>
      </trkpt>
      <trkpt lat="29.56751" lon="-97.4413299">
        <ele>116.3</ele>
      </trkpt>
      <trkpt lat="29.56757" lon="-97.44136">
        <ele>116.6</ele>
      </trkpt>
      <trkpt lat="29.56812" lon="-97.44159">
        <ele>118.8</ele>
      </trkpt>
      <trkpt lat="29.56897" lon="-97.44197">
        <ele>121.4</ele>
      </trkpt>
      <trkpt lat="29.56925" lon="-97.4421">
        <ele>122.1</ele>
      </trkpt>
      <trkpt lat="29.57025" lon="-97.44257">
        <ele>123.0</ele>
      </trkpt>
      <trkpt lat="29.57115" lon="-97.443">
        <ele>123.2</ele>
      </trkpt>
      <trkpt lat="29.57123" lon="-97.44304">
        <ele>123.2</ele>
      </trkpt>
      <trkpt lat="29.57142" lon="-97.44313">
        <ele>123.3</ele>
      </trkpt>
      <trkpt lat="29.57239" lon="-97.44356">
        <ele>123.5</ele>
      </trkpt>
      <trkpt lat="29.5734" lon="-97.44401">
        <ele>122.9</ele>
      </trkpt>
      <trkpt lat="29.5739" lon="-97.44423">
        <ele>121.9</ele>
      </trkpt>
      <trkpt lat="29.57427" lon="-97.44439">
        <ele>120.3</ele>
      </trkpt>
      <trkpt lat="29.57474" lon="-97.4446">
        <ele>118.6</ele>
      </trkpt>
      <trkpt lat="29.57507" lon="-97.44475">
        <ele>119.1</ele>
      </trkpt>
      <trkpt lat="29.57534" lon="-97.44488">
        <ele>119.2</ele>
      </trkpt>
      <trkpt lat="29.57538" lon="-97.44489">
        <ele>119.2</ele>
      </trkpt>
      <trkpt lat="29.57543" lon="-97.4449">
        <ele>119.2</ele>
      </trkpt>
      <trkpt lat="29.57548" lon="-97.4449">
        <ele>119.3</ele>
      </trkpt>
      <trkpt lat="29.57552" lon="-97.44489">
        <ele>119.3</ele>
      </trkpt>
      <trkpt lat="29.57559" lon="-97.44483">
        <ele>119.5</ele>
      </trkpt>
      <trkpt lat="29.57561" lon="-97.44478">
        <ele>119.6</ele>
      </trkpt>
      <trkpt lat="29.57566" lon="-97.44465">
        <ele>119.8</ele>
      </trkpt>
      <trkpt lat="29.57576" lon="-97.44434">
        <ele>120.2</ele>
      </trkpt>
      <trkpt lat="29.57592" lon="-97.44389">
        <ele>120.5</ele>
      </trkpt>
      <trkpt lat="29.57595" lon="-97.4438">
        <ele>120.6</ele>
      </trkpt>
      <trkpt lat="29.57649" lon="-97.44215">
        <ele>119.7</ele>
      </trkpt>
      <trkpt lat="29.57656" lon="-97.44196">
        <ele>119.6</ele>
      </trkpt>
      <trkpt lat="29.57676" lon="-97.4413299">
        <ele>120.4</ele>
      </trkpt>
      <trkpt lat="29.57687" lon="-97.44099">
        <ele>120.9</ele>
      </trkpt>
      <trkpt lat="29.57692" lon="-97.44086">
        <ele>121.0</ele>
      </trkpt>
      <trkpt lat="29.5775" lon="-97.43912">
        <ele>124.2</ele>
      </trkpt>
      <trkpt lat="29.57773" lon="-97.43848">
        <ele>125.3</ele>
      </trkpt>
      <trkpt lat="29.57782" lon="-97.43821">
        <ele>125.5</ele>
      </trkpt>
      <trkpt lat="29.57785" lon="-97.43813">
        <ele>125.5</ele>
      </trkpt>
      <trkpt lat="29.57786" lon="-97.4380599">
        <ele>125.6</ele>
      </trkpt>
      <trkpt lat="29.57786" lon="-97.43799">
        <ele>125.6</ele>
      </trkpt>
      <trkpt lat="29.57784" lon="-97.43793">
        <ele>125.6</ele>
      </trkpt>
      <trkpt lat="29.5778" lon="-97.43788">
        <ele>125.6</ele>
      </trkpt>
      <trkpt lat="29.57776" lon="-97.43784">
        <ele>125.7</ele>
      </trkpt>
      <trkpt lat="29.5777" lon="-97.43781">
        <ele>125.7</ele>
      </trkpt>
      <trkpt lat="29.57725" lon="-97.43762">
        <ele>125.8</ele>
      </trkpt>
      <trkpt lat="29.57682" lon="-97.43745">
        <ele>125.7</ele>
      </trkpt>
      <trkpt lat="29.57671" lon="-97.43741">
        <ele>125.6</ele>
      </trkpt>
      <trkpt lat="29.57665" lon="-97.43738">
        <ele>125.6</ele>
      </trkpt>
      <trkpt lat="29.57659" lon="-97.43734">
        <ele>125.5</ele>
      </trkpt>
      <trkpt lat="29.57654" lon="-97.43729">
        <ele>125.5</ele>
      </trkpt>
      <trkpt lat="29.57652" lon="-97.43724">
        <ele>125.4</ele>
      </trkpt>
      <trkpt lat="29.57651" lon="-97.43717">
        <ele>125.3</ele>
      </trkpt>
      <trkpt lat="29.57651" lon="-97.43711">
        <ele>125.2</ele>
      </trkpt>
      <trkpt lat="29.57652" lon="-97.43704">
        <ele>125.1</ele>
      </trkpt>
      <trkpt lat="29.57656" lon="-97.43689">
        <ele>124.7</ele>
      </trkpt>
      <trkpt lat="29.57719" lon="-97.43512">
        <ele>121.4</ele>
      </trkpt>
      <trkpt lat="29.5772" lon="-97.43509">
        <ele>121.3</ele>
      </trkpt>
      <trkpt lat="29.57747" lon="-97.43429">
        <ele>120.7</ele>
      </trkpt>
      <trkpt lat="29.57759" lon="-97.43392">
        <ele>120.4</ele>
      </trkpt>
      <trkpt lat="29.57773" lon="-97.4334499">
        <ele>119.9</ele>
      </trkpt>
      <trkpt lat="29.57776" lon="-97.43338">
        <ele>119.9</ele>
      </trkpt>
      <trkpt lat="29.57786" lon="-97.43307">
        <ele>119.7</ele>
      </trkpt>
      <trkpt lat="29.57833" lon="-97.43164">
        <ele>119.1</ele>
      </trkpt>
      <trkpt lat="29.57855" lon="-97.43095">
        <ele>117.6</ele>
      </trkpt>
      <trkpt lat="29.57864" lon="-97.43068">
        <ele>116.9</ele>
      </trkpt>
      <trkpt lat="29.57864" lon="-97.43068">
        <ele>116.9</ele>
      </trkpt>
      <trkpt lat="29.57949" lon="-97.43106">
        <ele>115.4</ele>
      </trkpt>
      <trkpt lat="29.57963" lon="-97.43112">
        <ele>115.2</ele>
      </trkpt>
      <trkpt lat="29.57964" lon="-97.43113">
        <ele>115.2</ele>
      </trkpt>
      <trkpt lat="29.57977" lon="-97.43118">
        <ele>115.2</ele>
      </trkpt>
      <trkpt lat="29.58015" lon="-97.43134">
        <ele>115.9</ele>
      </trkpt>
      <trkpt lat="29.58051" lon="-97.43151">
        <ele>116.3</ele>
      </trkpt>
      <trkpt lat="29.58099" lon="-97.43171">
        <ele>118.2</ele>
      </trkpt>
      <trkpt lat="29.58119" lon="-97.43179">
        <ele>118.9</ele>
      </trkpt>
      <trkpt lat="29.58267" lon="-97.43245">
        <ele>123.0</ele>
      </trkpt>
      <trkpt lat="29.58281" lon="-97.4325099">
        <ele>123.3</ele>
      </trkpt>
      <trkpt lat="29.58323" lon="-97.43271">
        <ele>124.4</ele>
      </trkpt>
      <trkpt lat="29.58323" lon="-97.43271">
        <ele>124.4</ele>
      </trkpt>
      <trkpt lat="29.58338" lon="-97.43256">
        <ele>124.8</ele>
      </trkpt>
      <trkpt lat="29.58348" lon="-97.43247">
        <ele>125.2</ele>
      </trkpt>
      <trkpt lat="29.58358" lon="-97.43236">
        <ele>125.9</ele>
      </trkpt>
      <trkpt lat="29.58482" lon="-97.43075">
        <ele>128.6</ele>
      </trkpt>
      <trkpt lat="29.58535" lon="-97.43008">
        <ele>129.2</ele>
      </trkpt>
      <trkpt lat="29.58566" lon="-97.42967">
        <ele>129.3</ele>
      </trkpt>
      <trkpt lat="29.58601" lon="-97.4292">
        <ele>128.9</ele>
      </trkpt>
      <trkpt lat="29.58637" lon="-97.42872">
        <ele>128.5</ele>
      </trkpt>
      <trkpt lat="29.58671" lon="-97.42826">
        <ele>128.4</ele>
      </trkpt>
      <trkpt lat="29.58707" lon="-97.42779">
        <ele>128.4</ele>
      </trkpt>
      <trkpt lat="29.58723" lon="-97.42757">
        <ele>128.4</ele>
      </trkpt>
      <trkpt lat="29.58725" lon="-97.4275399">
        <ele>128.4</ele>
      </trkpt>
      <trkpt lat="29.58748" lon="-97.42723">
        <ele>128.4</ele>
      </trkpt>
      <trkpt lat="29.58791" lon="-97.42667">
        <ele>127.7</ele>
      </trkpt>
      <trkpt lat="29.58843" lon="-97.42598">
        <ele>126.6</ele>
      </trkpt>
      <trkpt lat="29.58883" lon="-97.42544">
        <ele>125.9</ele>
      </trkpt>
      <trkpt lat="29.58899" lon="-97.42523">
        <ele>125.5</ele>
      </trkpt>
      <trkpt lat="29.58928" lon="-97.42486">
        <ele>124.0</ele>
      </trkpt>
      <trkpt lat="29.58932" lon="-97.42483">
        <ele>123.8</ele>
      </trkpt>
      <trkpt lat="29.5897" lon="-97.42439">
        <ele>121.6</ele>
      </trkpt>
      <trkpt lat="29.58982" lon="-97.42425">
        <ele>120.5</ele>
      </trkpt>
      <trkpt lat="29.59034" lon="-97.42367">
        <ele>117.7</ele>
      </trkpt>
      <trkpt lat="29.59061" lon="-97.42337">
        <ele>116.1</ele>
      </trkpt>
      <trkpt lat="29.59126" lon="-97.42267">
        <ele>114.0</ele>
      </trkpt>
      <trkpt lat="29.59142" lon="-97.4225">
        <ele>113.4</ele>
      </trkpt>
      <trkpt lat="29.5923" lon="-97.4215">
        <ele>112.8</ele>
      </trkpt>
      <trkpt lat="29.59241" lon="-97.42138">
        <ele>112.8</ele>
      </trkpt>
      <trkpt lat="29.59241" lon="-97.42137">
        <ele>112.8</ele>
      </trkpt>
      <trkpt lat="29.59266" lon="-97.4211">
        <ele>112.8</ele>
      </trkpt>
      <trkpt lat="29.59272" lon="-97.42103">
        <ele>112.8</ele>
      </trkpt>
      <trkpt lat="29.5928" lon="-97.4209599">
        <ele>112.8</ele>
      </trkpt>
      <trkpt lat="29.59281" lon="-97.42094">
        <ele>112.8</ele>
      </trkpt>
      <trkpt lat="29.59332" lon="-97.42037">
        <ele>114.6</ele>
      </trkpt>
      <trkpt lat="29.59365" lon="-97.42">
        <ele>115.5</ele>
      </trkpt>
      <trkpt lat="29.5945" lon="-97.4190799">
        <ele>118.3</ele>
      </trkpt>
      <trkpt lat="29.59457" lon="-97.41901">
        <ele>118.5</ele>
      </trkpt>
      <trkpt lat="29.59515" lon="-97.41838">
        <ele>119.3</ele>
      </trkpt>
      <trkpt lat="29.59555" lon="-97.4179599">
        <ele>118.0</ele>
      </trkpt>
      <trkpt lat="29.59568" lon="-97.41781">
        <ele>117.5</ele>
      </trkpt>
      <trkpt lat="29.59575" lon="-97.41774">
        <ele>117.2</ele>
      </trkpt>
      <trkpt lat="29.59646" lon="-97.41699">
        <ele>114.9</ele>
      </trkpt>
      <trkpt lat="29.59674" lon="-97.4167">
        <ele>114.2</ele>
      </trkpt>
      <trkpt lat="29.59703" lon="-97.4164">
        <ele>113.5</ele>
      </trkpt>
      <trkpt lat="29.59719" lon="-97.41622">
        <ele>113.3</ele>
      </trkpt>
      <trkpt lat="29.59734" lon="-97.41603">
        <ele>113.0</ele>
      </trkpt>
      <trkpt lat="29.5974" lon="-97.41593">
        <ele>112.9</ele>
      </trkpt>
      <trkpt lat="29.59746" lon="-97.41579">
        <ele>112.9</ele>
      </trkpt>
      <trkpt lat="29.59746" lon="-97.41579">
        <ele>112.9</ele>
      </trkpt>
      <trkpt lat="29.59839" lon="-97.41573">
        <ele>112.3</ele>
      </trkpt>
      <trkpt lat="29.59959" lon="-97.41565">
        <ele>113.7</ele>
      </trkpt>
      <trkpt lat="29.60156" lon="-97.41552">
        <ele>118.1</ele>
      </trkpt>
      <trkpt lat="29.60156" lon="-97.41552">
        <ele>118.1</ele>
      </trkpt>
      <trkpt lat="29.60174" lon="-97.41534">
        <ele>118.5</ele>
      </trkpt>
      <trkpt lat="29.60186" lon="-97.4152299">
        <ele>118.6</ele>
      </trkpt>
      <trkpt lat="29.60198" lon="-97.4151399">
        <ele>118.8</ele>
      </trkpt>
      <trkpt lat="29.60263" lon="-97.41472">
        <ele>120.8</ele>
      </trkpt>
      <trkpt lat="29.60266" lon="-97.4146899">
        <ele>120.8</ele>
      </trkpt>
      <trkpt lat="29.60289" lon="-97.41456">
        <ele>121.3</ele>
      </trkpt>
      <trkpt lat="29.6031" lon="-97.41442">
        <ele>121.8</ele>
      </trkpt>
      <trkpt lat="29.60388" lon="-97.41392">
        <ele>124.5</ele>
      </trkpt>
      <trkpt lat="29.60483" lon="-97.41332">
        <ele>126.2</ele>
      </trkpt>
      <trkpt lat="29.60514" lon="-97.41312">
        <ele>125.1</ele>
      </trkpt>
      <trkpt lat="29.60528" lon="-97.41303">
        <ele>124.7</ele>
      </trkpt>
      <trkpt lat="29.60685" lon="-97.41204">
        <ele>121.4</ele>
      </trkpt>
      <trkpt lat="29.60703" lon="-97.41192">
        <ele>121.0</ele>
      </trkpt>
      <trkpt lat="29.60793" lon="-97.41133">
        <ele>119.2</ele>
      </trkpt>
      <trkpt lat="29.60797" lon="-97.41131">
        <ele>119.0</ele>
      </trkpt>
      <trkpt lat="29.60876" lon="-97.4108">
        <ele>116.6</ele>
      </trkpt>
      <trkpt lat="29.60882" lon="-97.41076">
        <ele>116.5</ele>
      </trkpt>
      <trkpt lat="29.60898" lon="-97.41065">
        <ele>116.2</ele>
      </trkpt>
      <trkpt lat="29.60905" lon="-97.41059">
        <ele>116.1</ele>
      </trkpt>
      <trkpt lat="29.60911" lon="-97.41054">
        <ele>116.0</ele>
      </trkpt>
      <trkpt lat="29.60923" lon="-97.4104">
        <ele>115.9</ele>
      </trkpt>
      <trkpt lat="29.60926" lon="-97.41034">
        <ele>115.9</ele>
      </trkpt>
      <trkpt lat="29.60931" lon="-97.41028">
        <ele>115.9</ele>
      </trkpt>
      <trkpt lat="29.6094" lon="-97.41012">
        <ele>115.9</ele>
      </trkpt>
      <trkpt lat="29.60941" lon="-97.41011">
        <ele>115.9</ele>
      </trkpt>
      <trkpt lat="29.60949" lon="-97.40993">
        <ele>115.9</ele>
      </trkpt>
      <trkpt lat="29.60952" lon="-97.40986">
        <ele>115.8</ele>
      </trkpt>
      <trkpt lat="29.60953" lon="-97.40976">
        <ele>115.9</ele>
      </trkpt>
      <trkpt lat="29.60954" lon="-97.40953">
        <ele>115.8</ele>
      </trkpt>
      <trkpt lat="29.60953" lon="-97.40936">
        <ele>115.9</ele>
      </trkpt>
      <trkpt lat="29.60954" lon="-97.40929">
        <ele>115.8</ele>
      </trkpt>
      <trkpt lat="29.60956" lon="-97.40915">
        <ele>115.5</ele>
      </trkpt>
      <trkpt lat="29.60958" lon="-97.40909">
        <ele>115.2</ele>
      </trkpt>
      <trkpt lat="29.60961" lon="-97.40903">
        <ele>114.9</ele>
      </trkpt>
      <trkpt lat="29.60964" lon="-97.40899">
        <ele>114.6</ele>
      </trkpt>
      <trkpt lat="29.60968" lon="-97.40895">
        <ele>114.3</ele>
      </trkpt>
      <trkpt lat="29.60968" lon="-97.40894">
        <ele>114.3</ele>
      </trkpt>
      <trkpt lat="29.60973" lon="-97.40891">
        <ele>114.0</ele>
      </trkpt>
      <trkpt lat="29.60984" lon="-97.40886">
        <ele>113.4</ele>
      </trkpt>
      <trkpt lat="29.61034" lon="-97.40864">
        <ele>111.1</ele>
      </trkpt>
      <trkpt lat="29.61068" lon="-97.40849">
        <ele>110.8</ele>
      </trkpt>
      <trkpt lat="29.61079" lon="-97.40844">
        <ele>111.1</ele>
      </trkpt>
      <trkpt lat="29.61101" lon="-97.40834">
        <ele>111.7</ele>
      </trkpt>
      <trkpt lat="29.61151" lon="-97.4081099">
        <ele>113.3</ele>
      </trkpt>
      <trkpt lat="29.61319" lon="-97.40734">
        <ele>120.7</ele>
      </trkpt>
      <trkpt lat="29.61469" lon="-97.40665">
        <ele>123.3</ele>
      </trkpt>
      <trkpt lat="29.61538" lon="-97.40634">
        <ele>123.8</ele>
      </trkpt>
      <trkpt lat="29.6162" lon="-97.40597">
        <ele>124.7</ele>
      </trkpt>
      <trkpt lat="29.61737" lon="-97.40545">
        <ele>125.9</ele>
      </trkpt>
      <trkpt lat="29.61785" lon="-97.40523">
        <ele>126.1</ele>
      </trkpt>
      <trkpt lat="29.61795" lon="-97.40519">
        <ele>126.1</ele>
      </trkpt>
      <trkpt lat="29.61795" lon="-97.40519">
        <ele>126.1</ele>
      </trkpt>
      <trkpt lat="29.61795" lon="-97.40504">
        <ele>126.1</ele>
      </trkpt>
      <trkpt lat="29.61796" lon="-97.40453">
        <ele>125.9</ele>
      </trkpt>
      <trkpt lat="29.61797" lon="-97.40425">
        <ele>125.5</ele>
      </trkpt>
      <trkpt lat="29.61797" lon="-97.40405">
        <ele>125.0</ele>
      </trkpt>
      <trkpt lat="29.61798" lon="-97.40335">
        <ele>122.9</ele>
      </trkpt>
      <trkpt lat="29.61801" lon="-97.40196">
        <ele>119.2</ele>
      </trkpt>
      <trkpt lat="29.61802" lon="-97.40147">
        <ele>118.0</ele>
      </trkpt>
      <trkpt lat="29.61802" lon="-97.40141">
        <ele>117.9</ele>
      </trkpt>
      <trkpt lat="29.61803" lon="-97.40098">
        <ele>116.8</ele>
      </trkpt>
      <trkpt lat="29.61804" lon="-97.40074">
        <ele>116.2</ele>
      </trkpt>
      <trkpt lat="29.61805" lon="-97.40036">
        <ele>115.1</ele>
      </trkpt>
      <trkpt lat="29.61805" lon="-97.40012">
        <ele>114.4</ele>
      </trkpt>
      <trkpt lat="29.61805" lon="-97.40012">
        <ele>114.4</ele>
      </trkpt>
      <trkpt lat="29.61763" lon="-97.40013">
        <ele>114.7</ele>
      </trkpt>
      <trkpt lat="29.61668" lon="-97.40021">
        <ele>114.4</ele>
      </trkpt>
      <trkpt lat="29.61647" lon="-97.40022">
        <ele>114.3</ele>
      </trkpt>
      <trkpt lat="29.61626" lon="-97.40022">
        <ele>114.1</ele>
      </trkpt>
      <trkpt lat="29.61587" lon="-97.4002">
        <ele>113.7</ele>
      </trkpt>
      <trkpt lat="29.61547" lon="-97.40017">
        <ele>113.3</ele>
      </trkpt>
      <trkpt lat="29.61521" lon="-97.4001399">
        <ele>113.1</ele>
      </trkpt>
      <trkpt lat="29.61512" lon="-97.40013">
        <ele>113.0</ele>
      </trkpt>
      <trkpt lat="29.61495" lon="-97.40009">
        <ele>112.9</ele>
      </trkpt>
      <trkpt lat="29.61491" lon="-97.40007">
        <ele>112.9</ele>
      </trkpt>
      <trkpt lat="29.61481" lon="-97.39999">
        <ele>112.4</ele>
      </trkpt>
      <trkpt lat="29.61466" lon="-97.39982">
        <ele>111.8</ele>
      </trkpt>
      <trkpt lat="29.61462" lon="-97.39975">
        <ele>112.3</ele>
      </trkpt>
      <trkpt lat="29.61459" lon="-97.39972">
        <ele>112.5</ele>
      </trkpt>
      <trkpt lat="29.61455" lon="-97.39964">
        <ele>112.9</ele>
      </trkpt>
      <trkpt lat="29.61451" lon="-97.39951">
        <ele>113.2</ele>
      </trkpt>
      <trkpt lat="29.6145" lon="-97.39939">
        <ele>113.5</ele>
      </trkpt>
      <trkpt lat="29.61449" lon="-97.39924">
        <ele>113.8</ele>
      </trkpt>
      <trkpt lat="29.6145" lon="-97.39886">
        <ele>114.6</ele>
      </trkpt>
      <trkpt lat="29.6145" lon="-97.39868">
        <ele>114.8</ele>
      </trkpt>
      <trkpt lat="29.61449" lon="-97.39861">
        <ele>114.9</ele>
      </trkpt>
      <trkpt lat="29.61448" lon="-97.39855">
        <ele>115.0</ele>
      </trkpt>
      <trkpt lat="29.61445" lon="-97.3985">
        <ele>115.1</ele>
      </trkpt>
      <trkpt lat="29.61441" lon="-97.39846">
        <ele>115.2</ele>
      </trkpt>
      <trkpt lat="29.61436" lon="-97.3984399">
        <ele>115.3</ele>
      </trkpt>
      <trkpt lat="29.6143" lon="-97.39842">
        <ele>115.4</ele>
      </trkpt>
      <trkpt lat="29.6139" lon="-97.39842">
        <ele>116.3</ele>
      </trkpt>
      <trkpt lat="29.61354" lon="-97.39842">
        <ele>117.2</ele>
      </trkpt>
      <trkpt lat="29.61292" lon="-97.39842">
        <ele>117.5</ele>
      </trkpt>
      <trkpt lat="29.61228" lon="-97.39841">
        <ele>117.7</ele>
      </trkpt>
      <trkpt lat="29.61167" lon="-97.3984">
        <ele>119.0</ele>
      </trkpt>
      <trkpt lat="29.61138" lon="-97.3984">
        <ele>119.6</ele>
      </trkpt>
      <trkpt lat="29.61102" lon="-97.3984">
        <ele>119.8</ele>
      </trkpt>
      <trkpt lat="29.6103" lon="-97.39839">
        <ele>119.5</ele>
      </trkpt>
      <trkpt lat="29.60886" lon="-97.39838">
        <ele>117.8</ele>
      </trkpt>
      <trkpt lat="29.60778" lon="-97.39839">
        <ele>115.7</ele>
      </trkpt>
      <trkpt lat="29.60738" lon="-97.39839">
        <ele>115.2</ele>
      </trkpt>
      <trkpt lat="29.60638" lon="-97.39841">
        <ele>113.7</ele>
      </trkpt>
      <trkpt lat="29.60623" lon="-97.3984">
        <ele>113.5</ele>
      </trkpt>
      <trkpt lat="29.60618" lon="-97.39837">
        <ele>113.5</ele>
      </trkpt>
      <trkpt lat="29.60613" lon="-97.39834">
        <ele>113.5</ele>
      </trkpt>
      <trkpt lat="29.6061" lon="-97.39828">
        <ele>113.5</ele>
      </trkpt>
      <trkpt lat="29.60609" lon="-97.39822">
        <ele>113.5</ele>
      </trkpt>
      <trkpt lat="29.60608" lon="-97.39814">
        <ele>113.5</ele>
      </trkpt>
      <trkpt lat="29.60607" lon="-97.39757">
        <ele>113.3</ele>
      </trkpt>
      <trkpt lat="29.60607" lon="-97.39669">
        <ele>112.0</ele>
      </trkpt>
      <trkpt lat="29.60607" lon="-97.39633">
        <ele>111.3</ele>
      </trkpt>
      <trkpt lat="29.60608" lon="-97.39551">
        <ele>109.9</ele>
      </trkpt>
      <trkpt lat="29.60608" lon="-97.39509">
        <ele>110.2</ele>
      </trkpt>
      <trkpt lat="29.60608" lon="-97.3946799">
        <ele>111.5</ele>
      </trkpt>
      <trkpt lat="29.60609" lon="-97.39384">
        <ele>114.2</ele>
      </trkpt>
      <trkpt lat="29.60607" lon="-97.39367">
        <ele>114.7</ele>
      </trkpt>
      <trkpt lat="29.60606" lon="-97.39359">
        <ele>114.9</ele>
      </trkpt>
      <trkpt lat="29.60603" lon="-97.39352">
        <ele>115.1</ele>
      </trkpt>
      <trkpt lat="29.60599" lon="-97.39346">
        <ele>115.4</ele>
      </trkpt>
      <trkpt lat="29.60594" lon="-97.39342">
        <ele>115.5</ele>
      </trkpt>
      <trkpt lat="29.60588" lon="-97.39339">
        <ele>115.7</ele>
      </trkpt>
      <trkpt lat="29.60581" lon="-97.3933799">
        <ele>115.8</ele>
      </trkpt>
      <trkpt lat="29.60573" lon="-97.3933799">
        <ele>115.8</ele>
      </trkpt>
      <trkpt lat="29.60529" lon="-97.39339">
        <ele>116.8</ele>
      </trkpt>
      <trkpt lat="29.60424" lon="-97.39341">
        <ele>117.7</ele>
      </trkpt>
      <trkpt lat="29.60382" lon="-97.3934">
        <ele>117.7</ele>
      </trkpt>
      <trkpt lat="29.60368" lon="-97.39339">
        <ele>117.7</ele>
      </trkpt>
      <trkpt lat="29.60349" lon="-97.39336">
        <ele>117.6</ele>
      </trkpt>
      <trkpt lat="29.6034" lon="-97.39334">
        <ele>117.6</ele>
      </trkpt>
      <trkpt lat="29.603" lon="-97.39326">
        <ele>117.5</ele>
      </trkpt>
      <trkpt lat="29.60275" lon="-97.3931999">
        <ele>117.4</ele>
      </trkpt>
      <trkpt lat="29.60252" lon="-97.39313">
        <ele>117.3</ele>
      </trkpt>
      <trkpt lat="29.60221" lon="-97.393">
        <ele>117.0</ele>
      </trkpt>
      <trkpt lat="29.6021" lon="-97.39294">
        <ele>116.9</ele>
      </trkpt>
      <trkpt lat="29.60174" lon="-97.39276">
        <ele>116.0</ele>
      </trkpt>
      <trkpt lat="29.60149" lon="-97.39265">
        <ele>115.5</ele>
      </trkpt>
      <trkpt lat="29.60094" lon="-97.3924">
        <ele>115.0</ele>
      </trkpt>
      <trkpt lat="29.6001" lon="-97.39202">
        <ele>114.0</ele>
      </trkpt>
      <trkpt lat="29.59977" lon="-97.39186">
        <ele>114.0</ele>
      </trkpt>
      <trkpt lat="29.59877" lon="-97.39139">
        <ele>114.2</ele>
      </trkpt>
      <trkpt lat="29.59728" lon="-97.39068">
        <ele>113.5</ele>
      </trkpt>
      <trkpt lat="29.59711" lon="-97.3906">
        <ele>113.6</ele>
      </trkpt>
      <trkpt lat="29.59674" lon="-97.39042">
        <ele>113.7</ele>
      </trkpt>
      <trkpt lat="29.59667" lon="-97.39039">
        <ele>113.7</ele>
      </trkpt>
      <trkpt lat="29.59607" lon="-97.39013">
        <ele>115.0</ele>
      </trkpt>
      <trkpt lat="29.59593" lon="-97.39008">
        <ele>115.4</ele>
      </trkpt>
      <trkpt lat="29.59509" lon="-97.38972">
        <ele>116.1</ele>
      </trkpt>
      <trkpt lat="29.59416" lon="-97.38933">
        <ele>114.4</ele>
      </trkpt>
      <trkpt lat="29.59357" lon="-97.38907">
        <ele>114.0</ele>
      </trkpt>
      <trkpt lat="29.59274" lon="-97.38869">
        <ele>113.3</ele>
      </trkpt>
      <trkpt lat="29.59173" lon="-97.38824">
        <ele>111.4</ele>
      </trkpt>
      <trkpt lat="29.59161" lon="-97.38819">
        <ele>111.4</ele>
      </trkpt>
      <trkpt lat="29.59131" lon="-97.38806">
        <ele>112.2</ele>
      </trkpt>
      <trkpt lat="29.59122" lon="-97.38804">
        <ele>112.5</ele>
      </trkpt>
      <trkpt lat="29.59114" lon="-97.38803">
        <ele>112.8</ele>
      </trkpt>
      <trkpt lat="29.59106" lon="-97.38803">
        <ele>112.9</ele>
      </trkpt>
      <trkpt lat="29.59098" lon="-97.38805">
        <ele>113.1</ele>
      </trkpt>
      <trkpt lat="29.59091" lon="-97.38808">
        <ele>113.1</ele>
      </trkpt>
      <trkpt lat="29.59077" lon="-97.38817">
        <ele>113.1</ele>
      </trkpt>
      <trkpt lat="29.59057" lon="-97.3883199">
        <ele>112.9</ele>
      </trkpt>
      <trkpt lat="29.59043" lon="-97.38842">
        <ele>112.8</ele>
      </trkpt>
      <trkpt lat="29.59021" lon="-97.38858">
        <ele>112.4</ele>
      </trkpt>
      <trkpt lat="29.59013" lon="-97.38862">
        <ele>112.4</ele>
      </trkpt>
      <trkpt lat="29.59005" lon="-97.38864">
        <ele>112.3</ele>
      </trkpt>
      <trkpt lat="29.58996" lon="-97.38865">
        <ele>112.3</ele>
      </trkpt>
      <trkpt lat="29.58988" lon="-97.38864">
        <ele>112.2</ele>
      </trkpt>
      <trkpt lat="29.58975" lon="-97.38862">
        <ele>112.2</ele>
      </trkpt>
      <trkpt lat="29.58969" lon="-97.3886">
        <ele>112.3</ele>
      </trkpt>
      <trkpt lat="29.58887" lon="-97.38837">
        <ele>112.1</ele>
      </trkpt>
      <trkpt lat="29.58858" lon="-97.3883">
        <ele>111.9</ele>
      </trkpt>
      <trkpt lat="29.58848" lon="-97.38827">
        <ele>111.8</ele>
      </trkpt>
      <trkpt lat="29.5884" lon="-97.3882299">
        <ele>111.8</ele>
      </trkpt>
      <trkpt lat="29.58836" lon="-97.3882">
        <ele>111.8</ele>
      </trkpt>
      <trkpt lat="29.58833" lon="-97.38818">
        <ele>111.8</ele>
      </trkpt>
      <trkpt lat="29.58827" lon="-97.38811">
        <ele>111.9</ele>
      </trkpt>
      <trkpt lat="29.58822" lon="-97.38803">
        <ele>111.9</ele>
      </trkpt>
      <trkpt lat="29.58812" lon="-97.3878299">
        <ele>111.9</ele>
      </trkpt>
      <trkpt lat="29.58774" lon="-97.38693">
        <ele>111.4</ele>
      </trkpt>
      <trkpt lat="29.58766" lon="-97.38676">
        <ele>111.4</ele>
      </trkpt>
      <trkpt lat="29.58764" lon="-97.3867099">
        <ele>111.4</ele>
      </trkpt>
      <trkpt lat="29.58757" lon="-97.38661">
        <ele>111.4</ele>
      </trkpt>
      <trkpt lat="29.5875" lon="-97.38651">
        <ele>111.5</ele>
      </trkpt>
      <trkpt lat="29.58742" lon="-97.38643">
        <ele>111.7</ele>
      </trkpt>
      <trkpt lat="29.58725" lon="-97.38628">
        <ele>112.1</ele>
      </trkpt>
      <trkpt lat="29.58715" lon="-97.38622">
        <ele>112.4</ele>
      </trkpt>
      <trkpt lat="29.58705" lon="-97.38618">
        <ele>112.6</ele>
      </trkpt>
      <trkpt lat="29.5868" lon="-97.38607">
        <ele>113.0</ele>
      </trkpt>
      <trkpt lat="29.58629" lon="-97.3858599">
        <ele>113.3</ele>
      </trkpt>
      <trkpt lat="29.58602" lon="-97.38574">
        <ele>113.2</ele>
      </trkpt>
      <trkpt lat="29.58461" lon="-97.38511">
        <ele>109.9</ele>
      </trkpt>
      <trkpt lat="29.58423" lon="-97.38494">
        <ele>108.6</ele>
      </trkpt>
      <trkpt lat="29.58406" lon="-97.38486">
        <ele>108.2</ele>
      </trkpt>
      <trkpt lat="29.58397" lon="-97.38478">
        <ele>107.9</ele>
      </trkpt>
      <trkpt lat="29.58392" lon="-97.38471">
        <ele>107.8</ele>
      </trkpt>
      <trkpt lat="29.58388" lon="-97.38464">
        <ele>107.8</ele>
      </trkpt>
      <trkpt lat="29.58386" lon="-97.38457">
        <ele>107.7</ele>
      </trkpt>
      <trkpt lat="29.58384" lon="-97.38448">
        <ele>107.7</ele>
      </trkpt>
      <trkpt lat="29.58384" lon="-97.38411">
        <ele>107.4</ele>
      </trkpt>
      <trkpt lat="29.58385" lon="-97.38378">
        <ele>107.1</ele>
      </trkpt>
      <trkpt lat="29.58386" lon="-97.3836">
        <ele>106.7</ele>
      </trkpt>
      <trkpt lat="29.58385" lon="-97.38321">
        <ele>105.3</ele>
      </trkpt>
      <trkpt lat="29.58384" lon="-97.38313">
        <ele>105.2</ele>
      </trkpt>
      <trkpt lat="29.58382" lon="-97.38306">
        <ele>105.1</ele>
      </trkpt>
      <trkpt lat="29.5838" lon="-97.38302">
        <ele>105.1</ele>
      </trkpt>
      <trkpt lat="29.58378" lon="-97.38299">
        <ele>105.1</ele>
      </trkpt>
      <trkpt lat="29.58374" lon="-97.38294">
        <ele>105.1</ele>
      </trkpt>
      <trkpt lat="29.58361" lon="-97.3828599">
        <ele>105.4</ele>
      </trkpt>
      <trkpt lat="29.58309" lon="-97.38262">
        <ele>106.0</ele>
      </trkpt>
      <trkpt lat="29.58245" lon="-97.38234">
        <ele>105.1</ele>
      </trkpt>
      <trkpt lat="29.58244" lon="-97.38234">
        <ele>105.1</ele>
      </trkpt>
      <trkpt lat="29.58155" lon="-97.38193">
        <ele>109.5</ele>
      </trkpt>
      <trkpt lat="29.58144" lon="-97.38189">
        <ele>109.8</ele>
      </trkpt>
      <trkpt lat="29.58117" lon="-97.38177">
        <ele>110.0</ele>
      </trkpt>
      <trkpt lat="29.58106" lon="-97.38172">
        <ele>110.1</ele>
      </trkpt>
      <trkpt lat="29.58093" lon="-97.38166">
        <ele>110.2</ele>
      </trkpt>
      <trkpt lat="29.58032" lon="-97.38139">
        <ele>110.3</ele>
      </trkpt>
      <trkpt lat="29.58026" lon="-97.38136">
        <ele>110.2</ele>
      </trkpt>
      <trkpt lat="29.5796" lon="-97.38108">
        <ele>109.0</ele>
      </trkpt>
      <trkpt lat="29.57959" lon="-97.3810699">
        <ele>109.0</ele>
      </trkpt>
      <trkpt lat="29.57952" lon="-97.38104">
        <ele>108.8</ele>
      </trkpt>
      <trkpt lat="29.57945" lon="-97.381">
        <ele>108.6</ele>
      </trkpt>
      <trkpt lat="29.57939" lon="-97.38094">
        <ele>108.5</ele>
      </trkpt>
      <trkpt lat="29.57934" lon="-97.38087">
        <ele>108.3</ele>
      </trkpt>
      <trkpt lat="29.57931" lon="-97.3807999">
        <ele>108.3</ele>
      </trkpt>
      <trkpt lat="29.57928" lon="-97.3807099">
        <ele>108.2</ele>
      </trkpt>
      <trkpt lat="29.57927" lon="-97.3806199">
        <ele>108.2</ele>
      </trkpt>
      <trkpt lat="29.57926" lon="-97.38021">
        <ele>107.7</ele>
      </trkpt>
      <trkpt lat="29.57926" lon="-97.38002">
        <ele>107.2</ele>
      </trkpt>
      <trkpt lat="29.57926" lon="-97.37907">
        <ele>106.0</ele>
      </trkpt>
      <trkpt lat="29.57926" lon="-97.37835">
        <ele>105.1</ele>
      </trkpt>
      <trkpt lat="29.57926" lon="-97.3769">
        <ele>102.0</ele>
      </trkpt>
      <trkpt lat="29.57925" lon="-97.37525">
        <ele>96.9</ele>
      </trkpt>
      <trkpt lat="29.57925" lon="-97.37479">
        <ele>96.0</ele>
      </trkpt>
      <trkpt lat="29.57925" lon="-97.3746199">
        <ele>95.7</ele>
      </trkpt>
      <trkpt lat="29.57925" lon="-97.37452">
        <ele>95.5</ele>
      </trkpt>
      <trkpt lat="29.57922" lon="-97.37437">
        <ele>95.2</ele>
      </trkpt>
      <trkpt lat="29.5792" lon="-97.37429">
        <ele>95.0</ele>
      </trkpt>
      <trkpt lat="29.57917" lon="-97.37421">
        <ele>94.8</ele>
      </trkpt>
      <trkpt lat="29.5791" lon="-97.37407">
        <ele>94.3</ele>
      </trkpt>
      <trkpt lat="29.57893" lon="-97.37385">
        <ele>93.6</ele>
      </trkpt>
      <trkpt lat="29.5786" lon="-97.37348">
        <ele>92.6</ele>
      </trkpt>
      <trkpt lat="29.57844" lon="-97.37332">
        <ele>93.1</ele>
      </trkpt>
      <trkpt lat="29.57835" lon="-97.37323">
        <ele>93.1</ele>
      </trkpt>
      <trkpt lat="29.57815" lon="-97.37315">
        <ele>93.0</ele>
      </trkpt>
      <trkpt lat="29.57675" lon="-97.3726499">
        <ele>91.8</ele>
      </trkpt>
      <trkpt lat="29.57571" lon="-97.37228">
        <ele>92.8</ele>
      </trkpt>
      <trkpt lat="29.57571" lon="-97.37228">
        <ele>92.8</ele>
      </trkpt>
      <trkpt lat="29.57525" lon="-97.37269">
        <ele>96.2</ele>
      </trkpt>
      <trkpt lat="29.57517" lon="-97.37276">
        <ele>96.9</ele>
      </trkpt>
      <trkpt lat="29.57508" lon="-97.37284">
        <ele>97.5</ele>
      </trkpt>
      <trkpt lat="29.57499" lon="-97.37293">
        <ele>97.8</ele>
      </trkpt>
      <trkpt lat="29.57491" lon="-97.37302">
        <ele>98.0</ele>
      </trkpt>
      <trkpt lat="29.57482" lon="-97.37312">
        <ele>98.8</ele>
      </trkpt>
      <trkpt lat="29.57478" lon="-97.37317">
        <ele>99.4</ele>
      </trkpt>
      <trkpt lat="29.57472" lon="-97.37324">
        <ele>100.3</ele>
      </trkpt>
      <trkpt lat="29.57466" lon="-97.37331">
        <ele>100.7</ele>
      </trkpt>
      <trkpt lat="29.57465" lon="-97.37333">
        <ele>100.7</ele>
      </trkpt>
      <trkpt lat="29.57445" lon="-97.37358">
        <ele>101.0</ele>
      </trkpt>
      <trkpt lat="29.57426" lon="-97.37383">
        <ele>101.6</ele>
      </trkpt>
      <trkpt lat="29.574" lon="-97.37416">
        <ele>103.4</ele>
      </trkpt>
      <trkpt lat="29.57374" lon="-97.3745">
        <ele>103.9</ele>
      </trkpt>
      <trkpt lat="29.57369" lon="-97.37456">
        <ele>104.0</ele>
      </trkpt>
      <trkpt lat="29.57357" lon="-97.37472">
        <ele>104.0</ele>
      </trkpt>
      <trkpt lat="29.57344" lon="-97.3748899">
        <ele>104.3</ele>
      </trkpt>
      <trkpt lat="29.5731" lon="-97.37532">
        <ele>106.1</ele>
      </trkpt>
      <trkpt lat="29.57309" lon="-97.37533">
        <ele>106.1</ele>
      </trkpt>
      <trkpt lat="29.57255" lon="-97.37603">
        <ele>107.0</ele>
      </trkpt>
      <trkpt lat="29.57216" lon="-97.37653">
        <ele>106.9</ele>
      </trkpt>
      <trkpt lat="29.5719" lon="-97.37688">
        <ele>107.1</ele>
      </trkpt>
      <trkpt lat="29.5719" lon="-97.37688">
        <ele>107.1</ele>
      </trkpt>
      <trkpt lat="29.57169" lon="-97.3768">
        <ele>106.7</ele>
      </trkpt>
      <trkpt lat="29.57169" lon="-97.3768">
        <ele>106.7</ele>
      </trkpt>
      <trkpt lat="29.57169" lon="-97.37598">
        <ele>105.2</ele>
      </trkpt>
      <trkpt lat="29.57169" lon="-97.37536">
        <ele>103.4</ele>
      </trkpt>
      <trkpt lat="29.57169" lon="-97.37513">
        <ele>102.6</ele>
      </trkpt>
      <trkpt lat="29.57163" lon="-97.37366">
        <ele>96.6</ele>
      </trkpt>
      <trkpt lat="29.57163" lon="-97.37329">
        <ele>95.6</ele>
      </trkpt>
      <trkpt lat="29.57163" lon="-97.37315">
        <ele>95.1</ele>
      </trkpt>
      <trkpt lat="29.57164" lon="-97.37289">
        <ele>94.4</ele>
      </trkpt>
      <trkpt lat="29.57164" lon="-97.37288">
        <ele>94.3</ele>
      </trkpt>
      <trkpt lat="29.57166" lon="-97.37184">
        <ele>94.1</ele>
      </trkpt>
      <trkpt lat="29.57166" lon="-97.3717999">
        <ele>94.1</ele>
      </trkpt>
      <trkpt lat="29.57168" lon="-97.37118">
        <ele>93.6</ele>
      </trkpt>
      <trkpt lat="29.57169" lon="-97.37045">
        <ele>92.5</ele>
      </trkpt>
      <trkpt lat="29.57168" lon="-97.3700099">
        <ele>91.4</ele>
      </trkpt>
      <trkpt lat="29.57168" lon="-97.36957">
        <ele>91.2</ele>
      </trkpt>
      <trkpt lat="29.57168" lon="-97.36879">
        <ele>88.9</ele>
      </trkpt>
      <trkpt lat="29.57169" lon="-97.36844">
        <ele>88.4</ele>
      </trkpt>
      <trkpt lat="29.57169" lon="-97.36826">
        <ele>89.1</ele>
      </trkpt>
      <trkpt lat="29.5717" lon="-97.3669">
        <ele>92.6</ele>
      </trkpt>
      <trkpt lat="29.57171" lon="-97.36599">
        <ele>93.6</ele>
      </trkpt>
      <trkpt lat="29.57171" lon="-97.36566">
        <ele>93.8</ele>
      </trkpt>
      <trkpt lat="29.57171" lon="-97.36542">
        <ele>94.0</ele>
      </trkpt>
      <trkpt lat="29.57171" lon="-97.36533">
        <ele>94.0</ele>
      </trkpt>
      <trkpt lat="29.57172" lon="-97.36375">
        <ele>94.3</ele>
      </trkpt>
      <trkpt lat="29.57174" lon="-97.36235">
        <ele>95.2</ele>
      </trkpt>
      <trkpt lat="29.57174" lon="-97.36233">
        <ele>95.2</ele>
      </trkpt>
      <trkpt lat="29.57175" lon="-97.36218">
        <ele>95.7</ele>
      </trkpt>
      <trkpt lat="29.57175" lon="-97.36152">
        <ele>97.7</ele>
      </trkpt>
      <trkpt lat="29.57176" lon="-97.3614">
        <ele>98.0</ele>
      </trkpt>
      <trkpt lat="29.57176" lon="-97.36028">
        <ele>100.2</ele>
      </trkpt>
      <trkpt lat="29.57177" lon="-97.35948">
        <ele>102.4</ele>
      </trkpt>
      <trkpt lat="29.57177" lon="-97.35925">
        <ele>103.2</ele>
      </trkpt>
      <trkpt lat="29.57177" lon="-97.3590399">
        <ele>103.7</ele>
      </trkpt>
      <trkpt lat="29.57177" lon="-97.35883">
        <ele>104.2</ele>
      </trkpt>
      <trkpt lat="29.57177" lon="-97.35883">
        <ele>104.2</ele>
      </trkpt>
      <trkpt lat="29.57189" lon="-97.35883">
        <ele>104.2</ele>
      </trkpt>
      <trkpt lat="29.57234" lon="-97.35883">
        <ele>104.2</ele>
      </trkpt>
      <trkpt lat="29.57279" lon="-97.35883">
        <ele>104.0</ele>
      </trkpt>
      <trkpt lat="29.57396" lon="-97.35882">
        <ele>104.5</ele>
      </trkpt>
      <trkpt lat="29.57419" lon="-97.35882">
        <ele>104.8</ele>
      </trkpt>
      <trkpt lat="29.57492" lon="-97.35884">
        <ele>104.0</ele>
      </trkpt>
      <trkpt lat="29.57499" lon="-97.35883">
        <ele>104.0</ele>
      </trkpt>
      <trkpt lat="29.57505" lon="-97.35881">
        <ele>104.0</ele>
      </trkpt>
      <trkpt lat="29.5751" lon="-97.35879">
        <ele>104.0</ele>
      </trkpt>
      <trkpt lat="29.57516" lon="-97.35873">
        <ele>104.1</ele>
      </trkpt>
      <trkpt lat="29.57517" lon="-97.3587">
        <ele>104.1</ele>
      </trkpt>
      <trkpt lat="29.57519" lon="-97.35866">
        <ele>104.2</ele>
      </trkpt>
      <trkpt lat="29.5752" lon="-97.3586">
        <ele>104.2</ele>
      </trkpt>
      <trkpt lat="29.5752" lon="-97.35848">
        <ele>104.1</ele>
      </trkpt>
      <trkpt lat="29.57519" lon="-97.35791">
        <ele>104.3</ele>
      </trkpt>
      <trkpt lat="29.57518" lon="-97.35756">
        <ele>104.2</ele>
      </trkpt>
      <trkpt lat="29.57516" lon="-97.35521">
        <ele>97.5</ele>
      </trkpt>
      <trkpt lat="29.57516" lon="-97.35466">
        <ele>94.7</ele>
      </trkpt>
      <trkpt lat="29.57516" lon="-97.3532199">
        <ele>92.4</ele>
      </trkpt>
      <trkpt lat="29.57516" lon="-97.35218">
        <ele>91.1</ele>
      </trkpt>
      <trkpt lat="29.57516" lon="-97.35206">
        <ele>90.8</ele>
      </trkpt>
      <trkpt lat="29.57528" lon="-97.35163">
        <ele>89.8</ele>
      </trkpt>
      <trkpt lat="29.57525" lon="-97.35137">
        <ele>89.6</ele>
      </trkpt>
      <trkpt lat="29.57523" lon="-97.35105">
        <ele>91.7</ele>
      </trkpt>
      <trkpt lat="29.57524" lon="-97.34971">
        <ele>96.5</ele>
      </trkpt>
      <trkpt lat="29.57524" lon="-97.34968">
        <ele>96.6</ele>
      </trkpt>
      <trkpt lat="29.57525" lon="-97.3493">
        <ele>97.0</ele>
      </trkpt>
      <trkpt lat="29.57528" lon="-97.34806">
        <ele>95.8</ele>
      </trkpt>
      <trkpt lat="29.57529" lon="-97.34756">
        <ele>94.1</ele>
      </trkpt>
      <trkpt lat="29.57534" lon="-97.34742">
        <ele>94.1</ele>
      </trkpt>
      <trkpt lat="29.57543" lon="-97.34728">
        <ele>94.1</ele>
      </trkpt>
      <trkpt lat="29.57543" lon="-97.34727">
        <ele>94.1</ele>
      </trkpt>
      <trkpt lat="29.57549" lon="-97.3472">
        <ele>94.1</ele>
      </trkpt>
      <trkpt lat="29.57557" lon="-97.34714">
        <ele>94.1</ele>
      </trkpt>
      <trkpt lat="29.57564" lon="-97.3471">
        <ele>94.2</ele>
      </trkpt>
      <trkpt lat="29.57572" lon="-97.34708">
        <ele>94.5</ele>
      </trkpt>
      <trkpt lat="29.57581" lon="-97.34707">
        <ele>95.0</ele>
      </trkpt>
      <trkpt lat="29.57591" lon="-97.34706">
        <ele>95.4</ele>
      </trkpt>
      <trkpt lat="29.57609" lon="-97.34707">
        <ele>96.2</ele>
      </trkpt>
      <trkpt lat="29.57652" lon="-97.34707">
        <ele>97.2</ele>
      </trkpt>
      <trkpt lat="29.57771" lon="-97.34708">
        <ele>99.9</ele>
      </trkpt>
      <trkpt lat="29.57789" lon="-97.34708">
        <ele>99.9</ele>
      </trkpt>
      <trkpt lat="29.57843" lon="-97.34709">
        <ele>99.7</ele>
      </trkpt>
      <trkpt lat="29.57872" lon="-97.3471">
        <ele>99.5</ele>
      </trkpt>
      <trkpt lat="29.5789" lon="-97.34709">
        <ele>99.3</ele>
      </trkpt>
      <trkpt lat="29.57897" lon="-97.34708">
        <ele>99.3</ele>
      </trkpt>
      <trkpt lat="29.57904" lon="-97.34707">
        <ele>99.2</ele>
      </trkpt>
      <trkpt lat="29.57909" lon="-97.34704">
        <ele>99.1</ele>
      </trkpt>
      <trkpt lat="29.57914" lon="-97.34702">
        <ele>99.0</ele>
      </trkpt>
      <trkpt lat="29.57921" lon="-97.34695">
        <ele>98.7</ele>
      </trkpt>
      <trkpt lat="29.57924" lon="-97.34691">
        <ele>98.6</ele>
      </trkpt>
      <trkpt lat="29.57927" lon="-97.34687">
        <ele>98.4</ele>
      </trkpt>
      <trkpt lat="29.57937" lon="-97.34669">
        <ele>98.3</ele>
      </trkpt>
      <trkpt lat="29.57941" lon="-97.34665">
        <ele>98.5</ele>
      </trkpt>
      <trkpt lat="29.57945" lon="-97.3466">
        <ele>98.8</ele>
      </trkpt>
      <trkpt lat="29.5795" lon="-97.34656">
        <ele>99.2</ele>
      </trkpt>
      <trkpt lat="29.57956" lon="-97.34653">
        <ele>99.6</ele>
      </trkpt>
      <trkpt lat="29.57962" lon="-97.34652">
        <ele>99.9</ele>
      </trkpt>
      <trkpt lat="29.57968" lon="-97.34651">
        <ele>100.1</ele>
      </trkpt>
      <trkpt lat="29.5798" lon="-97.34651">
        <ele>100.3</ele>
      </trkpt>
      <trkpt lat="29.58002" lon="-97.34656">
        <ele>100.7</ele>
      </trkpt>
      <trkpt lat="29.58018" lon="-97.34658">
        <ele>101.1</ele>
      </trkpt>
      <trkpt lat="29.58025" lon="-97.34658">
        <ele>101.2</ele>
      </trkpt>
      <trkpt lat="29.58031" lon="-97.3465499">
        <ele>101.3</ele>
      </trkpt>
      <trkpt lat="29.58037" lon="-97.3465">
        <ele>101.5</ele>
      </trkpt>
      <trkpt lat="29.58041" lon="-97.34644">
        <ele>101.7</ele>
      </trkpt>
      <trkpt lat="29.58043" lon="-97.3463699">
        <ele>101.9</ele>
      </trkpt>
      <trkpt lat="29.58044" lon="-97.34632">
        <ele>102.1</ele>
      </trkpt>
      <trkpt lat="29.58044" lon="-97.34629">
        <ele>102.2</ele>
      </trkpt>
      <trkpt lat="29.58045" lon="-97.34619">
        <ele>102.6</ele>
      </trkpt>
      <trkpt lat="29.58044" lon="-97.34582">
        <ele>103.8</ele>
      </trkpt>
      <trkpt lat="29.58043" lon="-97.34487">
        <ele>105.4</ele>
      </trkpt>
      <trkpt lat="29.58043" lon="-97.34451">
        <ele>105.7</ele>
      </trkpt>
      <trkpt lat="29.58043" lon="-97.34446">
        <ele>105.8</ele>
      </trkpt>
      <trkpt lat="29.58043" lon="-97.34392">
        <ele>105.8</ele>
      </trkpt>
      <trkpt lat="29.58044" lon="-97.34333">
        <ele>103.9</ele>
      </trkpt>
      <trkpt lat="29.58043" lon="-97.34248">
        <ele>102.5</ele>
      </trkpt>
      <trkpt lat="29.58043" lon="-97.34236">
        <ele>102.2</ele>
      </trkpt>
      <trkpt lat="29.58044" lon="-97.34099">
        <ele>101.7</ele>
      </trkpt>
      <trkpt lat="29.58043" lon="-97.34047">
        <ele>100.3</ele>
      </trkpt>
      <trkpt lat="29.58043" lon="-97.34039">
        <ele>100.0</ele>
      </trkpt>
      <trkpt lat="29.58043" lon="-97.34027">
        <ele>99.4</ele>
      </trkpt>
      <trkpt lat="29.58043" lon="-97.33992">
        <ele>100.1</ele>
      </trkpt>
      <trkpt lat="29.58044" lon="-97.3397899">
        <ele>100.8</ele>
      </trkpt>
      <trkpt lat="29.58046" lon="-97.33971">
        <ele>101.0</ele>
      </trkpt>
      <trkpt lat="29.58048" lon="-97.33966">
        <ele>101.1</ele>
      </trkpt>
      <trkpt lat="29.58049" lon="-97.33964">
        <ele>101.2</ele>
      </trkpt>
      <trkpt lat="29.58054" lon="-97.33958">
        <ele>101.3</ele>
      </trkpt>
      <trkpt lat="29.5806" lon="-97.33953">
        <ele>101.5</ele>
      </trkpt>
      <trkpt lat="29.58067" lon="-97.3395">
        <ele>101.5</ele>
      </trkpt>
      <trkpt lat="29.58075" lon="-97.33949">
        <ele>101.4</ele>
      </trkpt>
      <trkpt lat="29.58083" lon="-97.33948">
        <ele>101.4</ele>
      </trkpt>
      <trkpt lat="29.58101" lon="-97.33947">
        <ele>101.2</ele>
      </trkpt>
      <trkpt lat="29.58103" lon="-97.33947">
        <ele>101.1</ele>
      </trkpt>
      <trkpt lat="29.58125" lon="-97.33947">
        <ele>100.6</ele>
      </trkpt>
      <trkpt lat="29.58245" lon="-97.33947">
        <ele>102.1</ele>
      </trkpt>
      <trkpt lat="29.58338" lon="-97.33948">
        <ele>104.0</ele>
      </trkpt>
      <trkpt lat="29.58407" lon="-97.33948">
        <ele>106.0</ele>
      </trkpt>
      <trkpt lat="29.58432" lon="-97.33949">
        <ele>106.4</ele>
      </trkpt>
      <trkpt lat="29.58496" lon="-97.33951">
        <ele>107.0</ele>
      </trkpt>
      <trkpt lat="29.58527" lon="-97.3395199">
        <ele>107.0</ele>
      </trkpt>
      <trkpt lat="29.58544" lon="-97.3395199">
        <ele>107.1</ele>
      </trkpt>
      <trkpt lat="29.5855" lon="-97.33951">
        <ele>107.1</ele>
      </trkpt>
      <trkpt lat="29.58551" lon="-97.33951">
        <ele>107.1</ele>
      </trkpt>
      <trkpt lat="29.58557" lon="-97.33948">
        <ele>107.1</ele>
      </trkpt>
      <trkpt lat="29.58562" lon="-97.33945">
        <ele>107.1</ele>
      </trkpt>
      <trkpt lat="29.58565" lon="-97.33941">
        <ele>107.1</ele>
      </trkpt>
      <trkpt lat="29.58569" lon="-97.33936">
        <ele>107.1</ele>
      </trkpt>
      <trkpt lat="29.58585" lon="-97.33904">
        <ele>107.0</ele>
      </trkpt>
      <trkpt lat="29.5859" lon="-97.33896">
        <ele>107.0</ele>
      </trkpt>
      <trkpt lat="29.58596" lon="-97.33889">
        <ele>107.0</ele>
      </trkpt>
      <trkpt lat="29.58603" lon="-97.33883">
        <ele>107.0</ele>
      </trkpt>
      <trkpt lat="29.58611" lon="-97.33878">
        <ele>106.9</ele>
      </trkpt>
      <trkpt lat="29.58619" lon="-97.33875">
        <ele>106.9</ele>
      </trkpt>
      <trkpt lat="29.58628" lon="-97.33872">
        <ele>106.9</ele>
      </trkpt>
      <trkpt lat="29.58637" lon="-97.33871">
        <ele>106.9</ele>
      </trkpt>
      <trkpt lat="29.58647" lon="-97.3387">
        <ele>106.9</ele>
      </trkpt>
      <trkpt lat="29.58664" lon="-97.33871">
        <ele>106.9</ele>
      </trkpt>
      <trkpt lat="29.58898" lon="-97.33875">
        <ele>107.0</ele>
      </trkpt>
      <trkpt lat="29.58971" lon="-97.33878">
        <ele>107.3</ele>
      </trkpt>
      <trkpt lat="29.58979" lon="-97.33877">
        <ele>107.4</ele>
      </trkpt>
      <trkpt lat="29.58987" lon="-97.33875">
        <ele>107.4</ele>
      </trkpt>
      <trkpt lat="29.58993" lon="-97.33873">
        <ele>107.4</ele>
      </trkpt>
      <trkpt lat="29.58999" lon="-97.33869">
        <ele>107.5</ele>
      </trkpt>
      <trkpt lat="29.59004" lon="-97.33864">
        <ele>107.4</ele>
      </trkpt>
      <trkpt lat="29.59008" lon="-97.3385799">
        <ele>107.4</ele>
      </trkpt>
      <trkpt lat="29.5901" lon="-97.33851">
        <ele>107.4</ele>
      </trkpt>
      <trkpt lat="29.59011" lon="-97.33847">
        <ele>107.3</ele>
      </trkpt>
      <trkpt lat="29.59011" lon="-97.33843">
        <ele>107.3</ele>
      </trkpt>
      <trkpt lat="29.59012" lon="-97.33835">
        <ele>107.2</ele>
      </trkpt>
      <trkpt lat="29.59012" lon="-97.3378">
        <ele>106.5</ele>
      </trkpt>
      <trkpt lat="29.59012" lon="-97.33753">
        <ele>105.6</ele>
      </trkpt>
      <trkpt lat="29.59013" lon="-97.33745">
        <ele>105.4</ele>
      </trkpt>
      <trkpt lat="29.59015" lon="-97.33738">
        <ele>105.2</ele>
      </trkpt>
      <trkpt lat="29.59019" lon="-97.33731">
        <ele>105.0</ele>
      </trkpt>
      <trkpt lat="29.59022" lon="-97.33726">
        <ele>104.8</ele>
      </trkpt>
      <trkpt lat="29.59027" lon="-97.33723">
        <ele>104.8</ele>
      </trkpt>
      <trkpt lat="29.59032" lon="-97.33719">
        <ele>104.7</ele>
      </trkpt>
      <trkpt lat="29.59038" lon="-97.33717">
        <ele>104.7</ele>
      </trkpt>
      <trkpt lat="29.59044" lon="-97.33716">
        <ele>104.7</ele>
      </trkpt>
      <trkpt lat="29.59052" lon="-97.33715">
        <ele>104.7</ele>
      </trkpt>
      <trkpt lat="29.59094" lon="-97.33715">
        <ele>104.9</ele>
      </trkpt>
      <trkpt lat="29.59326" lon="-97.33716">
        <ele>104.6</ele>
      </trkpt>
      <trkpt lat="29.59456" lon="-97.33716">
        <ele>103.5</ele>
      </trkpt>
      <trkpt lat="29.59512" lon="-97.33718">
        <ele>102.3</ele>
      </trkpt>
      <trkpt lat="29.59578" lon="-97.33718">
        <ele>103.1</ele>
      </trkpt>
      <trkpt lat="29.59578" lon="-97.33718">
        <ele>103.1</ele>
      </trkpt>
      <trkpt lat="29.59579" lon="-97.33566">
        <ele>102.8</ele>
      </trkpt>
      <trkpt lat="29.5958" lon="-97.33376">
        <ele>105.1</ele>
      </trkpt>
      <trkpt lat="29.5958" lon="-97.33339">
        <ele>105.1</ele>
      </trkpt>
      <trkpt lat="29.5958" lon="-97.33242">
        <ele>104.9</ele>
      </trkpt>
      <trkpt lat="29.5958" lon="-97.33215">
        <ele>104.6</ele>
      </trkpt>
      <trkpt lat="29.59579" lon="-97.33177">
        <ele>104.1</ele>
      </trkpt>
      <trkpt lat="29.59578" lon="-97.33161">
        <ele>103.9</ele>
      </trkpt>
      <trkpt lat="29.59568" lon="-97.3315">
        <ele>103.6</ele>
      </trkpt>
      <trkpt lat="29.59557" lon="-97.33149">
        <ele>103.4</ele>
      </trkpt>
      <trkpt lat="29.59483" lon="-97.33143">
        <ele>102.0</ele>
      </trkpt>
      <trkpt lat="29.59471" lon="-97.33143">
        <ele>101.8</ele>
      </trkpt>
      <trkpt lat="29.59467" lon="-97.33143">
        <ele>101.7</ele>
      </trkpt>
      <trkpt lat="29.59377" lon="-97.33143">
        <ele>100.3</ele>
      </trkpt>
      <trkpt lat="29.59359" lon="-97.33143">
        <ele>99.9</ele>
      </trkpt>
      <trkpt lat="29.59322" lon="-97.33142">
        <ele>98.4</ele>
      </trkpt>
      <trkpt lat="29.59284" lon="-97.33142">
        <ele>97.5</ele>
      </trkpt>
      <trkpt lat="29.59269" lon="-97.33142">
        <ele>97.8</ele>
      </trkpt>
      <trkpt lat="29.59197" lon="-97.33142">
        <ele>99.6</ele>
      </trkpt>
      <trkpt lat="29.59184" lon="-97.33142">
        <ele>99.9</ele>
      </trkpt>
      <trkpt lat="29.59161" lon="-97.33142">
        <ele>100.5</ele>
      </trkpt>
      <trkpt lat="29.58999" lon="-97.3314">
        <ele>105.7</ele>
      </trkpt>
      <trkpt lat="29.58935" lon="-97.3314">
        <ele>106.3</ele>
      </trkpt>
      <trkpt lat="29.58819" lon="-97.33138">
        <ele>106.2</ele>
      </trkpt>
      <trkpt lat="29.58765" lon="-97.33137">
        <ele>105.2</ele>
      </trkpt>
      <trkpt lat="29.5871" lon="-97.33136">
        <ele>103.5</ele>
      </trkpt>
      <trkpt lat="29.58693" lon="-97.33136">
        <ele>103.3</ele>
      </trkpt>
      <trkpt lat="29.5868" lon="-97.33135">
        <ele>103.2</ele>
      </trkpt>
      <trkpt lat="29.58657" lon="-97.33135">
        <ele>102.6</ele>
      </trkpt>
      <trkpt lat="29.58568" lon="-97.33134">
        <ele>101.9</ele>
      </trkpt>
      <trkpt lat="29.58566" lon="-97.33134">
        <ele>102.0</ele>
      </trkpt>
      <trkpt lat="29.58482" lon="-97.33136">
        <ele>103.0</ele>
      </trkpt>
      <trkpt lat="29.58478" lon="-97.33136">
        <ele>103.1</ele>
      </trkpt>
      <trkpt lat="29.58406" lon="-97.33136">
        <ele>103.3</ele>
      </trkpt>
      <trkpt lat="29.58359" lon="-97.33136">
        <ele>104.2</ele>
      </trkpt>
      <trkpt lat="29.58316" lon="-97.33136">
        <ele>104.4</ele>
      </trkpt>
      <trkpt lat="29.5828" lon="-97.33136">
        <ele>104.6</ele>
      </trkpt>
      <trkpt lat="29.58276" lon="-97.33136">
        <ele>104.6</ele>
      </trkpt>
      <trkpt lat="29.58172" lon="-97.33136">
        <ele>104.1</ele>
      </trkpt>
      <trkpt lat="29.58077" lon="-97.33137">
        <ele>102.7</ele>
      </trkpt>
      <trkpt lat="29.58069" lon="-97.33136">
        <ele>102.6</ele>
      </trkpt>
      <trkpt lat="29.58062" lon="-97.33135">
        <ele>102.5</ele>
      </trkpt>
      <trkpt lat="29.58057" lon="-97.33132">
        <ele>102.6</ele>
      </trkpt>
      <trkpt lat="29.58052" lon="-97.33128">
        <ele>102.6</ele>
      </trkpt>
      <trkpt lat="29.5805" lon="-97.3312399">
        <ele>102.7</ele>
      </trkpt>
      <trkpt lat="29.58047" lon="-97.33118">
        <ele>102.8</ele>
      </trkpt>
      <trkpt lat="29.58046" lon="-97.33112">
        <ele>103.0</ele>
      </trkpt>
      <trkpt lat="29.58045" lon="-97.33096">
        <ele>103.2</ele>
      </trkpt>
      <trkpt lat="29.58047" lon="-97.3301">
        <ele>105.1</ele>
      </trkpt>
      <trkpt lat="29.58047" lon="-97.33008">
        <ele>105.1</ele>
      </trkpt>
      <trkpt lat="29.58046" lon="-97.32952">
        <ele>104.5</ele>
      </trkpt>
      <trkpt lat="29.58046" lon="-97.32919">
        <ele>103.9</ele>
      </trkpt>
      <trkpt lat="29.58046" lon="-97.32905">
        <ele>104.0</ele>
      </trkpt>
      <trkpt lat="29.58048" lon="-97.32781">
        <ele>107.6</ele>
      </trkpt>
      <trkpt lat="29.58048" lon="-97.3276999">
        <ele>107.7</ele>
      </trkpt>
      <trkpt lat="29.58048" lon="-97.32719">
        <ele>107.7</ele>
      </trkpt>
      <trkpt lat="29.58047" lon="-97.3261">
        <ele>106.9</ele>
      </trkpt>
      <trkpt lat="29.58048" lon="-97.32583">
        <ele>106.4</ele>
      </trkpt>
      <trkpt lat="29.58047" lon="-97.3257">
        <ele>106.1</ele>
      </trkpt>
      <trkpt lat="29.58048" lon="-97.32512">
        <ele>105.1</ele>
      </trkpt>
      <trkpt lat="29.58048" lon="-97.32346">
        <ele>104.0</ele>
      </trkpt>
      <trkpt lat="29.58048" lon="-97.3230899">
        <ele>102.5</ele>
      </trkpt>
      <trkpt lat="29.58047" lon="-97.32256">
        <ele>102.5</ele>
      </trkpt>
      <trkpt lat="29.58048" lon="-97.32202">
        <ele>102.0</ele>
      </trkpt>
      <trkpt lat="29.58048" lon="-97.3218">
        <ele>101.5</ele>
      </trkpt>
      <trkpt lat="29.58051" lon="-97.32067">
        <ele>99.3</ele>
      </trkpt>
      <trkpt lat="29.58051" lon="-97.32057">
        <ele>99.0</ele>
      </trkpt>
      <trkpt lat="29.58053" lon="-97.32032">
        <ele>98.5</ele>
      </trkpt>
      <trkpt lat="29.58052" lon="-97.32022">
        <ele>98.3</ele>
      </trkpt>
      <trkpt lat="29.58051" lon="-97.32016">
        <ele>98.2</ele>
      </trkpt>
      <trkpt lat="29.5805" lon="-97.32013">
        <ele>98.2</ele>
      </trkpt>
      <trkpt lat="29.58046" lon="-97.32007">
        <ele>98.3</ele>
      </trkpt>
      <trkpt lat="29.58041" lon="-97.32003">
        <ele>98.4</ele>
      </trkpt>
      <trkpt lat="29.58037" lon="-97.32002">
        <ele>98.6</ele>
      </trkpt>
      <trkpt lat="29.58031" lon="-97.32001">
        <ele>98.8</ele>
      </trkpt>
      <trkpt lat="29.57976" lon="-97.32001">
        <ele>100.6</ele>
      </trkpt>
      <trkpt lat="29.57804" lon="-97.32001">
        <ele>103.8</ele>
      </trkpt>
      <trkpt lat="29.57798" lon="-97.32001">
        <ele>104.0</ele>
      </trkpt>
      <trkpt lat="29.57714" lon="-97.3199999">
        <ele>104.2</ele>
      </trkpt>
      <trkpt lat="29.57615" lon="-97.31999">
        <ele>104.4</ele>
      </trkpt>
      <trkpt lat="29.57498" lon="-97.31999">
        <ele>104.0</ele>
      </trkpt>
      <trkpt lat="29.57498" lon="-97.31999">
        <ele>104.0</ele>
      </trkpt>
      <trkpt lat="29.57499" lon="-97.31896">
        <ele>102.7</ele>
      </trkpt>
      <trkpt lat="29.57499" lon="-97.31772">
        <ele>100.5</ele>
      </trkpt>
      <trkpt lat="29.57499" lon="-97.31647">
        <ele>96.5</ele>
      </trkpt>
      <trkpt lat="29.57499" lon="-97.31555">
        <ele>95.4</ele>
      </trkpt>
      <trkpt lat="29.57499" lon="-97.31505">
        <ele>94.8</ele>
      </trkpt>
      <trkpt lat="29.57499" lon="-97.31464">
        <ele>95.1</ele>
      </trkpt>
      <trkpt lat="29.57499" lon="-97.31319">
        <ele>98.2</ele>
      </trkpt>
      <trkpt lat="29.575" lon="-97.3125699">
        <ele>97.4</ele>
      </trkpt>
      <trkpt lat="29.575" lon="-97.31174">
        <ele>94.3</ele>
      </trkpt>
      <trkpt lat="29.575" lon="-97.31133">
        <ele>93.8</ele>
      </trkpt>
      <trkpt lat="29.575" lon="-97.31092">
        <ele>94.7</ele>
      </trkpt>
      <trkpt lat="29.57501" lon="-97.3103">
        <ele>97.4</ele>
      </trkpt>
      <trkpt lat="29.57501" lon="-97.30997">
        <ele>98.2</ele>
      </trkpt>
      <trkpt lat="29.57501" lon="-97.30988">
        <ele>98.3</ele>
      </trkpt>
      <trkpt lat="29.57503" lon="-97.30885">
        <ele>96.2</ele>
      </trkpt>
      <trkpt lat="29.57503" lon="-97.3087">
        <ele>96.2</ele>
      </trkpt>
      <trkpt lat="29.57504" lon="-97.30843">
        <ele>97.4</ele>
      </trkpt>
      <trkpt lat="29.57507" lon="-97.30781">
        <ele>100.5</ele>
      </trkpt>
      <trkpt lat="29.57508" lon="-97.3074199">
        <ele>100.7</ele>
      </trkpt>
      <trkpt lat="29.57509" lon="-97.30721">
        <ele>99.2</ele>
      </trkpt>
      <trkpt lat="29.57509" lon="-97.30721">
        <ele>99.2</ele>
      </trkpt>
      <trkpt lat="29.57527" lon="-97.30721">
        <ele>98.8</ele>
      </trkpt>
      <trkpt lat="29.57599" lon="-97.3072399">
        <ele>95.7</ele>
      </trkpt>
      <trkpt lat="29.57668" lon="-97.30726">
        <ele>93.6</ele>
      </trkpt>
      <trkpt lat="29.57758" lon="-97.30727">
        <ele>92.1</ele>
      </trkpt>
      <trkpt lat="29.57919" lon="-97.3073">
        <ele>91.7</ele>
      </trkpt>
      <trkpt lat="29.58071" lon="-97.3073299">
        <ele>86.2</ele>
      </trkpt>
      <trkpt lat="29.58141" lon="-97.30732">
        <ele>85.0</ele>
      </trkpt>
      <trkpt lat="29.58144" lon="-97.30732">
        <ele>85.2</ele>
      </trkpt>
      <trkpt lat="29.58165" lon="-97.30732">
        <ele>85.7</ele>
      </trkpt>
      <trkpt lat="29.58197" lon="-97.3073299">
        <ele>86.4</ele>
      </trkpt>
      <trkpt lat="29.58334" lon="-97.3073299">
        <ele>88.9</ele>
      </trkpt>
      <trkpt lat="29.58359" lon="-97.30734">
        <ele>89.1</ele>
      </trkpt>
      <trkpt lat="29.58367" lon="-97.30734">
        <ele>89.0</ele>
      </trkpt>
      <trkpt lat="29.5839" lon="-97.30735">
        <ele>88.8</ele>
      </trkpt>
      <trkpt lat="29.58439" lon="-97.30735">
        <ele>87.7</ele>
      </trkpt>
      <trkpt lat="29.58448" lon="-97.30736">
        <ele>88.0</ele>
      </trkpt>
      <trkpt lat="29.5846" lon="-97.30736">
        <ele>88.5</ele>
      </trkpt>
      <trkpt lat="29.58467" lon="-97.30736">
        <ele>88.7</ele>
      </trkpt>
      <trkpt lat="29.58543" lon="-97.30737">
        <ele>89.7</ele>
      </trkpt>
      <trkpt lat="29.58575" lon="-97.30737">
        <ele>89.9</ele>
      </trkpt>
      <trkpt lat="29.58621" lon="-97.30738">
        <ele>90.1</ele>
      </trkpt>
      <trkpt lat="29.58665" lon="-97.30739">
        <ele>90.2</ele>
      </trkpt>
      <trkpt lat="29.58701" lon="-97.3074">
        <ele>90.0</ele>
      </trkpt>
      <trkpt lat="29.58761" lon="-97.3074">
        <ele>89.0</ele>
      </trkpt>
      <trkpt lat="29.58808" lon="-97.30741">
        <ele>88.2</ele>
      </trkpt>
      <trkpt lat="29.58862" lon="-97.30741">
        <ele>87.8</ele>
      </trkpt>
      <trkpt lat="29.58892" lon="-97.3074199">
        <ele>87.4</ele>
      </trkpt>
      <trkpt lat="29.58916" lon="-97.30743">
        <ele>87.1</ele>
      </trkpt>
      <trkpt lat="29.58935" lon="-97.30744">
        <ele>86.9</ele>
      </trkpt>
      <trkpt lat="29.58974" lon="-97.30744">
        <ele>86.3</ele>
      </trkpt>
      <trkpt lat="29.58982" lon="-97.30744">
        <ele>86.2</ele>
      </trkpt>
      <trkpt lat="29.5899" lon="-97.30744">
        <ele>86.1</ele>
      </trkpt>
      <trkpt lat="29.59006" lon="-97.30745">
        <ele>85.9</ele>
      </trkpt>
      <trkpt lat="29.59078" lon="-97.30745">
        <ele>87.8</ele>
      </trkpt>
      <trkpt lat="29.59096" lon="-97.30745">
        <ele>88.2</ele>
      </trkpt>
      <trkpt lat="29.59159" lon="-97.30746">
        <ele>90.0</ele>
      </trkpt>
      <trkpt lat="29.59159" lon="-97.30746">
        <ele>90.0</ele>
      </trkpt>
      <trkpt lat="29.5916" lon="-97.30705">
        <ele>90.6</ele>
      </trkpt>
      <trkpt lat="29.59163" lon="-97.3056">
        <ele>89.1</ele>
      </trkpt>
      <trkpt lat="29.59166" lon="-97.30398">
        <ele>91.7</ele>
      </trkpt>
      <trkpt lat="29.59166" lon="-97.30313">
        <ele>91.5</ele>
      </trkpt>
      <trkpt lat="29.59168" lon="-97.30206">
        <ele>91.1</ele>
      </trkpt>
      <trkpt lat="29.5917" lon="-97.30152">
        <ele>91.7</ele>
      </trkpt>
      <trkpt lat="29.59171" lon="-97.30106">
        <ele>91.7</ele>
      </trkpt>
      <trkpt lat="29.59171" lon="-97.30079">
        <ele>91.6</ele>
      </trkpt>
      <trkpt lat="29.59172" lon="-97.30072">
        <ele>91.5</ele>
      </trkpt>
      <trkpt lat="29.59173" lon="-97.3006599">
        <ele>91.5</ele>
      </trkpt>
      <trkpt lat="29.59175" lon="-97.30061">
        <ele>91.4</ele>
      </trkpt>
      <trkpt lat="29.59177" lon="-97.30056">
        <ele>91.4</ele>
      </trkpt>
      <trkpt lat="29.59181" lon="-97.30051">
        <ele>91.3</ele>
      </trkpt>
      <trkpt lat="29.59186" lon="-97.30047">
        <ele>91.2</ele>
      </trkpt>
      <trkpt lat="29.59192" lon="-97.30043">
        <ele>91.1</ele>
      </trkpt>
      <trkpt lat="29.5923" lon="-97.30023">
        <ele>90.1</ele>
      </trkpt>
      <trkpt lat="29.59233" lon="-97.30022">
        <ele>89.9</ele>
      </trkpt>
      <trkpt lat="29.59266" lon="-97.30005">
        <ele>89.0</ele>
      </trkpt>
      <trkpt lat="29.59288" lon="-97.29993">
        <ele>88.9</ele>
      </trkpt>
      <trkpt lat="29.59298" lon="-97.29987">
        <ele>88.7</ele>
      </trkpt>
      <trkpt lat="29.59299" lon="-97.29986">
        <ele>88.7</ele>
      </trkpt>
      <trkpt lat="29.59331" lon="-97.2997">
        <ele>87.8</ele>
      </trkpt>
      <trkpt lat="29.59334" lon="-97.29968">
        <ele>87.8</ele>
      </trkpt>
      <trkpt lat="29.59343" lon="-97.29962">
        <ele>87.5</ele>
      </trkpt>
      <trkpt lat="29.5936" lon="-97.2995399">
        <ele>86.7</ele>
      </trkpt>
      <trkpt lat="29.59367" lon="-97.29949">
        <ele>86.3</ele>
      </trkpt>
      <trkpt lat="29.59375" lon="-97.2994499">
        <ele>86.0</ele>
      </trkpt>
      <trkpt lat="29.59395" lon="-97.29933">
        <ele>85.3</ele>
      </trkpt>
      <trkpt lat="29.59397" lon="-97.29932">
        <ele>85.3</ele>
      </trkpt>
      <trkpt lat="29.59409" lon="-97.29922">
        <ele>85.2</ele>
      </trkpt>
      <trkpt lat="29.59419" lon="-97.29914">
        <ele>85.1</ele>
      </trkpt>
      <trkpt lat="29.59424" lon="-97.29908">
        <ele>85.1</ele>
      </trkpt>
      <trkpt lat="29.59427" lon="-97.29905">
        <ele>85.0</ele>
      </trkpt>
      <trkpt lat="29.59448" lon="-97.29883">
        <ele>84.8</ele>
      </trkpt>
      <trkpt lat="29.59452" lon="-97.2987799">
        <ele>84.8</ele>
      </trkpt>
      <trkpt lat="29.59463" lon="-97.29867">
        <ele>84.6</ele>
      </trkpt>
      <trkpt lat="29.59466" lon="-97.29863">
        <ele>84.6</ele>
      </trkpt>
      <trkpt lat="29.59467" lon="-97.29862">
        <ele>84.6</ele>
      </trkpt>
      <trkpt lat="29.59475" lon="-97.29853">
        <ele>84.5</ele>
      </trkpt>
      <trkpt lat="29.5948" lon="-97.29847">
        <ele>84.4</ele>
      </trkpt>
      <trkpt lat="29.59485" lon="-97.29843">
        <ele>84.3</ele>
      </trkpt>
      <trkpt lat="29.59493" lon="-97.29834">
        <ele>84.2</ele>
      </trkpt>
      <trkpt lat="29.59496" lon="-97.29831">
        <ele>84.1</ele>
      </trkpt>
      <trkpt lat="29.595" lon="-97.29827">
        <ele>84.0</ele>
      </trkpt>
      <trkpt lat="29.59503" lon="-97.29823">
        <ele>84.0</ele>
      </trkpt>
      <trkpt lat="29.59506" lon="-97.2982">
        <ele>83.9</ele>
      </trkpt>
      <trkpt lat="29.59508" lon="-97.29818">
        <ele>83.9</ele>
      </trkpt>
      <trkpt lat="29.59541" lon="-97.2978399">
        <ele>83.2</ele>
      </trkpt>
      <trkpt lat="29.59559" lon="-97.29764">
        <ele>82.9</ele>
      </trkpt>
      <trkpt lat="29.59577" lon="-97.29746">
        <ele>82.6</ele>
      </trkpt>
      <trkpt lat="29.59592" lon="-97.29733">
        <ele>82.5</ele>
      </trkpt>
      <trkpt lat="29.59608" lon="-97.29722">
        <ele>82.4</ele>
      </trkpt>
      <trkpt lat="29.59612" lon="-97.29718">
        <ele>82.3</ele>
      </trkpt>
      <trkpt lat="29.59615" lon="-97.29713">
        <ele>82.3</ele>
      </trkpt>
      <trkpt lat="29.59622" lon="-97.29701">
        <ele>82.3</ele>
      </trkpt>
      <trkpt lat="29.59626" lon="-97.29693">
        <ele>82.4</ele>
      </trkpt>
      <trkpt lat="29.59628" lon="-97.2968999">
        <ele>82.4</ele>
      </trkpt>
      <trkpt lat="29.5963" lon="-97.29684">
        <ele>82.4</ele>
      </trkpt>
      <trkpt lat="29.59633" lon="-97.2968">
        <ele>82.4</ele>
      </trkpt>
      <trkpt lat="29.59638" lon="-97.29676">
        <ele>82.5</ele>
      </trkpt>
      <trkpt lat="29.59644" lon="-97.29674">
        <ele>82.5</ele>
      </trkpt>
      <trkpt lat="29.5965" lon="-97.29673">
        <ele>82.5</ele>
      </trkpt>
      <trkpt lat="29.59652" lon="-97.29673">
        <ele>82.5</ele>
      </trkpt>
      <trkpt lat="29.59778" lon="-97.29677">
        <ele>82.9</ele>
      </trkpt>
      <trkpt lat="29.59886" lon="-97.29679">
        <ele>83.6</ele>
      </trkpt>
      <trkpt lat="29.59975" lon="-97.29682">
        <ele>84.1</ele>
      </trkpt>
      <trkpt lat="29.60065" lon="-97.29684">
        <ele>84.7</ele>
      </trkpt>
      <trkpt lat="29.60173" lon="-97.29687">
        <ele>86.0</ele>
      </trkpt>
      <trkpt lat="29.6021" lon="-97.29688">
        <ele>87.0</ele>
      </trkpt>
      <trkpt lat="29.60227" lon="-97.29688">
        <ele>87.6</ele>
      </trkpt>
      <trkpt lat="29.60244" lon="-97.29689">
        <ele>88.2</ele>
      </trkpt>
      <trkpt lat="29.60317" lon="-97.2968999">
        <ele>92.9</ele>
      </trkpt>
      <trkpt lat="29.60325" lon="-97.29691">
        <ele>93.2</ele>
      </trkpt>
      <trkpt lat="29.60389" lon="-97.29693">
        <ele>96.7</ele>
      </trkpt>
      <trkpt lat="29.60402" lon="-97.29693">
        <ele>97.4</ele>
      </trkpt>
      <trkpt lat="29.60435" lon="-97.29695">
        <ele>98.6</ele>
      </trkpt>
      <trkpt lat="29.60443" lon="-97.29695">
        <ele>98.8</ele>
      </trkpt>
      <trkpt lat="29.60448" lon="-97.29695">
        <ele>98.9</ele>
      </trkpt>
      <trkpt lat="29.60454" lon="-97.29694">
        <ele>99.0</ele>
      </trkpt>
      <trkpt lat="29.60459" lon="-97.29691">
        <ele>99.0</ele>
      </trkpt>
      <trkpt lat="29.60463" lon="-97.29687">
        <ele>99.0</ele>
      </trkpt>
      <trkpt lat="29.60464" lon="-97.29683">
        <ele>99.0</ele>
      </trkpt>
      <trkpt lat="29.60466" lon="-97.2968099">
        <ele>99.0</ele>
      </trkpt>
      <trkpt lat="29.60467" lon="-97.29674">
        <ele>99.0</ele>
      </trkpt>
      <trkpt lat="29.60468" lon="-97.2967199">
        <ele>98.9</ele>
      </trkpt>
      <trkpt lat="29.60468" lon="-97.29666">
        <ele>98.8</ele>
      </trkpt>
      <trkpt lat="29.60469" lon="-97.29657">
        <ele>98.6</ele>
      </trkpt>
      <trkpt lat="29.6047" lon="-97.29556">
        <ele>93.2</ele>
      </trkpt>
      <trkpt lat="29.60471" lon="-97.29548">
        <ele>92.7</ele>
      </trkpt>
      <trkpt lat="29.60472" lon="-97.29518">
        <ele>92.3</ele>
      </trkpt>
      <trkpt lat="29.60472" lon="-97.29507">
        <ele>92.8</ele>
      </trkpt>
      <trkpt lat="29.60474" lon="-97.29433">
        <ele>94.9</ele>
      </trkpt>
      <trkpt lat="29.60474" lon="-97.29424">
        <ele>95.1</ele>
      </trkpt>
      <trkpt lat="29.60476" lon="-97.29388">
        <ele>95.2</ele>
      </trkpt>
      <trkpt lat="29.60477" lon="-97.29362">
        <ele>95.0</ele>
      </trkpt>
      <trkpt lat="29.60478" lon="-97.293">
        <ele>93.9</ele>
      </trkpt>
      <trkpt lat="29.60479" lon="-97.29258">
        <ele>93.2</ele>
      </trkpt>
      <trkpt lat="29.6048" lon="-97.2919299">
        <ele>92.0</ele>
      </trkpt>
      <trkpt lat="29.6048" lon="-97.29134">
        <ele>89.9</ele>
      </trkpt>
      <trkpt lat="29.6048" lon="-97.29077">
        <ele>88.6</ele>
      </trkpt>
      <trkpt lat="29.6048" lon="-97.2907199">
        <ele>88.5</ele>
      </trkpt>
      <trkpt lat="29.60483" lon="-97.28928">
        <ele>91.2</ele>
      </trkpt>
      <trkpt lat="29.60484" lon="-97.28908">
        <ele>92.2</ele>
      </trkpt>
      <trkpt lat="29.60486" lon="-97.28762">
        <ele>95.2</ele>
      </trkpt>
      <trkpt lat="29.60489" lon="-97.2853499">
        <ele>96.3</ele>
      </trkpt>
      <trkpt lat="29.60489" lon="-97.28514">
        <ele>96.6</ele>
      </trkpt>
      <trkpt lat="29.6049" lon="-97.28493">
        <ele>96.8</ele>
      </trkpt>
      <trkpt lat="29.60491" lon="-97.28393">
        <ele>98.0</ele>
      </trkpt>
      <trkpt lat="29.60496" lon="-97.28357">
        <ele>98.3</ele>
      </trkpt>
      <trkpt lat="29.60496" lon="-97.28357">
        <ele>98.3</ele>
      </trkpt>
      <trkpt lat="29.60441" lon="-97.28323">
        <ele>97.2</ele>
      </trkpt>
      <trkpt lat="29.60421" lon="-97.28304">
        <ele>97.4</ele>
      </trkpt>
      <trkpt lat="29.60405" lon="-97.2829">
        <ele>97.5</ele>
      </trkpt>
      <trkpt lat="29.6038" lon="-97.28261">
        <ele>97.6</ele>
      </trkpt>
      <trkpt lat="29.60349" lon="-97.28213">
        <ele>96.1</ele>
      </trkpt>
      <trkpt lat="29.60348" lon="-97.28212">
        <ele>96.0</ele>
      </trkpt>
      <trkpt lat="29.60333" lon="-97.28184">
        <ele>95.0</ele>
      </trkpt>
      <trkpt lat="29.6033" lon="-97.28177">
        <ele>94.7</ele>
      </trkpt>
      <trkpt lat="29.60318" lon="-97.28144">
        <ele>93.8</ele>
      </trkpt>
      <trkpt lat="29.60308" lon="-97.28104">
        <ele>93.2</ele>
      </trkpt>
      <trkpt lat="29.60303" lon="-97.28068">
        <ele>92.7</ele>
      </trkpt>
      <trkpt lat="29.60302" lon="-97.28056">
        <ele>92.6</ele>
      </trkpt>
      <trkpt lat="29.603" lon="-97.28021">
        <ele>92.0</ele>
      </trkpt>
      <trkpt lat="29.60301" lon="-97.28016">
        <ele>91.9</ele>
      </trkpt>
      <trkpt lat="29.60302" lon="-97.27931">
        <ele>88.9</ele>
      </trkpt>
      <trkpt lat="29.60303" lon="-97.27869">
        <ele>88.3</ele>
      </trkpt>
      <trkpt lat="29.60304" lon="-97.2782299">
        <ele>88.7</ele>
      </trkpt>
      <trkpt lat="29.60306" lon="-97.27616">
        <ele>88.1</ele>
      </trkpt>
      <trkpt lat="29.60306" lon="-97.276">
        <ele>88.0</ele>
      </trkpt>
      <trkpt lat="29.60308" lon="-97.27476">
        <ele>87.6</ele>
      </trkpt>
      <trkpt lat="29.60309" lon="-97.27424">
        <ele>87.6</ele>
      </trkpt>
      <trkpt lat="29.60313" lon="-97.27114">
        <ele>89.4</ele>
      </trkpt>
      <trkpt lat="29.60313" lon="-97.2711">
        <ele>89.4</ele>
      </trkpt>
      <trkpt lat="29.60325" lon="-97.26783">
        <ele>97.0</ele>
      </trkpt>
      <trkpt lat="29.60325" lon="-97.26783">
        <ele>97.0</ele>
      </trkpt>
      <trkpt lat="29.60325" lon="-97.26781">
        <ele>97.0</ele>
      </trkpt>
      <trkpt lat="29.60326" lon="-97.26763">
        <ele>97.5</ele>
      </trkpt>
      <trkpt lat="29.60327" lon="-97.26742">
        <ele>97.9</ele>
      </trkpt>
      <trkpt lat="29.60327" lon="-97.26727">
        <ele>98.1</ele>
      </trkpt>
      <trkpt lat="29.60327" lon="-97.26618">
        <ele>95.6</ele>
      </trkpt>
      <trkpt lat="29.60327" lon="-97.26603">
        <ele>95.3</ele>
      </trkpt>
      <trkpt lat="29.60328" lon="-97.26588">
        <ele>95.6</ele>
      </trkpt>
      <trkpt lat="29.60328" lon="-97.26515">
        <ele>95.5</ele>
      </trkpt>
      <trkpt lat="29.60328" lon="-97.26496">
        <ele>95.1</ele>
      </trkpt>
      <trkpt lat="29.60326" lon="-97.2642599">
        <ele>92.4</ele>
      </trkpt>
      <trkpt lat="29.60326" lon="-97.26411">
        <ele>91.8</ele>
      </trkpt>
      <trkpt lat="29.60325" lon="-97.26385">
        <ele>91.0</ele>
      </trkpt>
      <trkpt lat="29.60326" lon="-97.26327">
        <ele>91.6</ele>
      </trkpt>
      <trkpt lat="29.60329" lon="-97.26266">
        <ele>90.9</ele>
      </trkpt>
      <trkpt lat="29.6033" lon="-97.26242">
        <ele>90.3</ele>
      </trkpt>
      <trkpt lat="29.60331" lon="-97.26231">
        <ele>89.9</ele>
      </trkpt>
      <trkpt lat="29.60336" lon="-97.26101">
        <ele>85.2</ele>
      </trkpt>
      <trkpt lat="29.60337" lon="-97.2606">
        <ele>84.5</ele>
      </trkpt>
      <trkpt lat="29.60339" lon="-97.26024">
        <ele>84.1</ele>
      </trkpt>
      <trkpt lat="29.6034" lon="-97.25986">
        <ele>83.8</ele>
      </trkpt>
      <trkpt lat="29.60339" lon="-97.25955">
        <ele>83.4</ele>
      </trkpt>
      <trkpt lat="29.60338" lon="-97.25914">
        <ele>82.9</ele>
      </trkpt>
      <trkpt lat="29.60337" lon="-97.25886">
        <ele>82.5</ele>
      </trkpt>
      <trkpt lat="29.60338" lon="-97.25831">
        <ele>82.6</ele>
      </trkpt>
      <trkpt lat="29.60338" lon="-97.25769">
        <ele>83.1</ele>
      </trkpt>
      <trkpt lat="29.60338" lon="-97.25659">
        <ele>83.4</ele>
      </trkpt>
      <trkpt lat="29.60339" lon="-97.25624">
        <ele>83.3</ele>
      </trkpt>
      <trkpt lat="29.60339" lon="-97.25521">
        <ele>82.4</ele>
      </trkpt>
      <trkpt lat="29.60339" lon="-97.25516">
        <ele>82.5</ele>
      </trkpt>
      <trkpt lat="29.60339" lon="-97.255">
        <ele>83.1</ele>
      </trkpt>
      <trkpt lat="29.6034" lon="-97.25478">
        <ele>83.8</ele>
      </trkpt>
      <trkpt lat="29.60341" lon="-97.25444">
        <ele>83.9</ele>
      </trkpt>
      <trkpt lat="29.60341" lon="-97.25429">
        <ele>83.9</ele>
      </trkpt>
      <trkpt lat="29.6034" lon="-97.25419">
        <ele>83.8</ele>
      </trkpt>
      <trkpt lat="29.60337" lon="-97.25412">
        <ele>83.8</ele>
      </trkpt>
      <trkpt lat="29.60334" lon="-97.25409">
        <ele>83.8</ele>
      </trkpt>
      <trkpt lat="29.6033" lon="-97.25406">
        <ele>83.8</ele>
      </trkpt>
      <trkpt lat="29.60325" lon="-97.25405">
        <ele>83.7</ele>
      </trkpt>
      <trkpt lat="29.6032" lon="-97.25405">
        <ele>83.7</ele>
      </trkpt>
      <trkpt lat="29.60271" lon="-97.25403">
        <ele>83.4</ele>
      </trkpt>
      <trkpt lat="29.60054" lon="-97.25397">
        <ele>83.1</ele>
      </trkpt>
      <trkpt lat="29.60045" lon="-97.25395">
        <ele>83.1</ele>
      </trkpt>
      <trkpt lat="29.60039" lon="-97.25391">
        <ele>83.2</ele>
      </trkpt>
      <trkpt lat="29.60036" lon="-97.25387">
        <ele>83.2</ele>
      </trkpt>
      <trkpt lat="29.60033" lon="-97.2538">
        <ele>83.2</ele>
      </trkpt>
      <trkpt lat="29.60033" lon="-97.25331">
        <ele>83.3</ele>
      </trkpt>
      <trkpt lat="29.60034" lon="-97.24855">
        <ele>83.9</ele>
      </trkpt>
      <trkpt lat="29.60035" lon="-97.24718">
        <ele>84.0</ele>
      </trkpt>
      <trkpt lat="29.60035" lon="-97.24669">
        <ele>84.0</ele>
      </trkpt>
      <trkpt lat="29.60037" lon="-97.2442">
        <ele>83.9</ele>
      </trkpt>
      <trkpt lat="29.60038" lon="-97.24296">
        <ele>84.2</ele>
      </trkpt>
      <trkpt lat="29.60038" lon="-97.24265">
        <ele>84.5</ele>
      </trkpt>
      <trkpt lat="29.60038" lon="-97.2425">
        <ele>84.7</ele>
      </trkpt>
      <trkpt lat="29.60033" lon="-97.24236">
        <ele>84.9</ele>
      </trkpt>
      <trkpt lat="29.6003" lon="-97.24232">
        <ele>85.0</ele>
      </trkpt>
      <trkpt lat="29.60025" lon="-97.24229">
        <ele>85.0</ele>
      </trkpt>
      <trkpt lat="29.60021" lon="-97.24227">
        <ele>85.0</ele>
      </trkpt>
      <trkpt lat="29.60009" lon="-97.24224">
        <ele>85.1</ele>
      </trkpt>
      <trkpt lat="29.59969" lon="-97.24223">
        <ele>85.2</ele>
      </trkpt>
      <trkpt lat="29.5991" lon="-97.24221">
        <ele>85.3</ele>
      </trkpt>
      <trkpt lat="29.59893" lon="-97.2422">
        <ele>85.4</ele>
      </trkpt>
      <trkpt lat="29.59812" lon="-97.2421899">
        <ele>86.9</ele>
      </trkpt>
      <trkpt lat="29.59802" lon="-97.24218">
        <ele>87.1</ele>
      </trkpt>
      <trkpt lat="29.59676" lon="-97.24215">
        <ele>89.5</ele>
      </trkpt>
      <trkpt lat="29.59661" lon="-97.24214">
        <ele>90.1</ele>
      </trkpt>
      <trkpt lat="29.59637" lon="-97.24214">
        <ele>90.7</ele>
      </trkpt>
      <trkpt lat="29.59612" lon="-97.24213">
        <ele>90.8</ele>
      </trkpt>
      <trkpt lat="29.59607" lon="-97.24211">
        <ele>90.9</ele>
      </trkpt>
      <trkpt lat="29.59604" lon="-97.24208">
        <ele>90.9</ele>
      </trkpt>
      <trkpt lat="29.59601" lon="-97.24203">
        <ele>91.0</ele>
      </trkpt>
      <trkpt lat="29.59599" lon="-97.24196">
        <ele>91.1</ele>
      </trkpt>
      <trkpt lat="29.59597" lon="-97.24172">
        <ele>91.8</ele>
      </trkpt>
      <trkpt lat="29.59597" lon="-97.24129">
        <ele>93.8</ele>
      </trkpt>
      <trkpt lat="29.59597" lon="-97.24079">
        <ele>94.3</ele>
      </trkpt>
      <trkpt lat="29.59597" lon="-97.24067">
        <ele>94.2</ele>
      </trkpt>
      <trkpt lat="29.59597" lon="-97.24051">
        <ele>94.2</ele>
      </trkpt>
      <trkpt lat="29.59597" lon="-97.24006">
        <ele>94.1</ele>
      </trkpt>
      <trkpt lat="29.59597" lon="-97.23972">
        <ele>93.9</ele>
      </trkpt>
      <trkpt lat="29.59597" lon="-97.2393">
        <ele>93.7</ele>
      </trkpt>
      <trkpt lat="29.59598" lon="-97.23905">
        <ele>93.6</ele>
      </trkpt>
      <trkpt lat="29.59599" lon="-97.2379">
        <ele>95.4</ele>
      </trkpt>
      <trkpt lat="29.596" lon="-97.23765">
        <ele>96.2</ele>
      </trkpt>
      <trkpt lat="29.596" lon="-97.23734">
        <ele>97.0</ele>
      </trkpt>
      <trkpt lat="29.59601" lon="-97.23692">
        <ele>97.9</ele>
      </trkpt>
      <trkpt lat="29.59603" lon="-97.236">
        <ele>99.6</ele>
      </trkpt>
      <trkpt lat="29.59604" lon="-97.23565">
        <ele>100.3</ele>
      </trkpt>
      <trkpt lat="29.59604" lon="-97.2355">
        <ele>100.5</ele>
      </trkpt>
      <trkpt lat="29.59604" lon="-97.23521">
        <ele>101.1</ele>
      </trkpt>
      <trkpt lat="29.59606" lon="-97.23393">
        <ele>104.1</ele>
      </trkpt>
      <trkpt lat="29.59606" lon="-97.23365">
        <ele>104.4</ele>
      </trkpt>
      <trkpt lat="29.59606" lon="-97.23352">
        <ele>104.4</ele>
      </trkpt>
      <trkpt lat="29.59606" lon="-97.2330999">
        <ele>103.6</ele>
      </trkpt>
      <trkpt lat="29.59606" lon="-97.23269">
        <ele>103.1</ele>
      </trkpt>
      <trkpt lat="29.59607" lon="-97.23165">
        <ele>100.3</ele>
      </trkpt>
      <trkpt lat="29.59608" lon="-97.23124">
        <ele>98.6</ele>
      </trkpt>
      <trkpt lat="29.59609" lon="-97.23083">
        <ele>97.1</ele>
      </trkpt>
      <trkpt lat="29.59609" lon="-97.23063">
        <ele>96.2</ele>
      </trkpt>
      <trkpt lat="29.59611" lon="-97.22991">
        <ele>93.9</ele>
      </trkpt>
      <trkpt lat="29.59611" lon="-97.2296">
        <ele>94.0</ele>
      </trkpt>
      <trkpt lat="29.59611" lon="-97.22941">
        <ele>93.9</ele>
      </trkpt>
      <trkpt lat="29.5961" lon="-97.22918">
        <ele>93.4</ele>
      </trkpt>
      <trkpt lat="29.59603" lon="-97.22903">
        <ele>93.2</ele>
      </trkpt>
      <trkpt lat="29.59598" lon="-97.22899">
        <ele>93.2</ele>
      </trkpt>
      <trkpt lat="29.59585" lon="-97.22889">
        <ele>93.1</ele>
      </trkpt>
      <trkpt lat="29.59569" lon="-97.2288">
        <ele>93.3</ele>
      </trkpt>
      <trkpt lat="29.59548" lon="-97.22866">
        <ele>93.5</ele>
      </trkpt>
      <trkpt lat="29.59545" lon="-97.22865">
        <ele>93.6</ele>
      </trkpt>
      <trkpt lat="29.59538" lon="-97.2286">
        <ele>93.7</ele>
      </trkpt>
      <trkpt lat="29.59531" lon="-97.22856">
        <ele>94.0</ele>
      </trkpt>
      <trkpt lat="29.59513" lon="-97.22848">
        <ele>94.7</ele>
      </trkpt>
      <trkpt lat="29.59503" lon="-97.22844">
        <ele>94.9</ele>
      </trkpt>
      <trkpt lat="29.59483" lon="-97.22837">
        <ele>95.1</ele>
      </trkpt>
      <trkpt lat="29.59443" lon="-97.22827">
        <ele>95.8</ele>
      </trkpt>
      <trkpt lat="29.59423" lon="-97.22823">
        <ele>96.4</ele>
      </trkpt>
      <trkpt lat="29.59402" lon="-97.22819">
        <ele>97.0</ele>
      </trkpt>
      <trkpt lat="29.59399" lon="-97.22819">
        <ele>97.1</ele>
      </trkpt>
      <trkpt lat="29.59381" lon="-97.22817">
        <ele>97.5</ele>
      </trkpt>
      <trkpt lat="29.59358" lon="-97.22817">
        <ele>97.5</ele>
      </trkpt>
      <trkpt lat="29.59327" lon="-97.22817">
        <ele>97.6</ele>
      </trkpt>
      <trkpt lat="29.5925" lon="-97.22818">
        <ele>100.4</ele>
      </trkpt>
      <trkpt lat="29.59214" lon="-97.22818">
        <ele>100.5</ele>
      </trkpt>
      <trkpt lat="29.59193" lon="-97.22816">
        <ele>100.7</ele>
      </trkpt>
      <trkpt lat="29.59183" lon="-97.22815">
        <ele>101.2</ele>
      </trkpt>
      <trkpt lat="29.59137" lon="-97.2281">
        <ele>103.1</ele>
      </trkpt>
      <trkpt lat="29.59121" lon="-97.2281">
        <ele>103.1</ele>
      </trkpt>
      <trkpt lat="29.59107" lon="-97.22811">
        <ele>103.2</ele>
      </trkpt>
      <trkpt lat="29.59058" lon="-97.2282">
        <ele>103.2</ele>
      </trkpt>
      <trkpt lat="29.59014" lon="-97.22826">
        <ele>103.4</ele>
      </trkpt>
      <trkpt lat="29.58998" lon="-97.22827">
        <ele>103.3</ele>
      </trkpt>
      <trkpt lat="29.58973" lon="-97.22828">
        <ele>103.1</ele>
      </trkpt>
      <trkpt lat="29.58963" lon="-97.22829">
        <ele>102.9</ele>
      </trkpt>
      <trkpt lat="29.5889" lon="-97.22834">
        <ele>98.9</ele>
      </trkpt>
      <trkpt lat="29.58873" lon="-97.22835">
        <ele>98.1</ele>
      </trkpt>
      <trkpt lat="29.58842" lon="-97.22836">
        <ele>95.7</ele>
      </trkpt>
      <trkpt lat="29.58836" lon="-97.22835">
        <ele>95.4</ele>
      </trkpt>
      <trkpt lat="29.58819" lon="-97.22836">
        <ele>95.0</ele>
      </trkpt>
      <trkpt lat="29.58791" lon="-97.22838">
        <ele>95.3</ele>
      </trkpt>
      <trkpt lat="29.58788" lon="-97.22838">
        <ele>95.2</ele>
      </trkpt>
      <trkpt lat="29.58784" lon="-97.22838">
        <ele>95.1</ele>
      </trkpt>
      <trkpt lat="29.58765" lon="-97.2283999">
        <ele>94.5</ele>
      </trkpt>
      <trkpt lat="29.58761" lon="-97.2283999">
        <ele>94.5</ele>
      </trkpt>
      <trkpt lat="29.58759" lon="-97.2283999">
        <ele>94.5</ele>
      </trkpt>
      <trkpt lat="29.58749" lon="-97.2283999">
        <ele>94.5</ele>
      </trkpt>
      <trkpt lat="29.58724" lon="-97.22835">
        <ele>94.9</ele>
      </trkpt>
      <trkpt lat="29.58718" lon="-97.22833">
        <ele>95.0</ele>
      </trkpt>
      <trkpt lat="29.58713" lon="-97.22833">
        <ele>95.1</ele>
      </trkpt>
      <trkpt lat="29.5867" lon="-97.22825">
        <ele>95.5</ele>
      </trkpt>
      <trkpt lat="29.58646" lon="-97.2282">
        <ele>95.8</ele>
      </trkpt>
      <trkpt lat="29.58641" lon="-97.22819">
        <ele>95.9</ele>
      </trkpt>
      <trkpt lat="29.58623" lon="-97.22817">
        <ele>96.1</ele>
      </trkpt>
      <trkpt lat="29.58613" lon="-97.22817">
        <ele>96.2</ele>
      </trkpt>
      <trkpt lat="29.58603" lon="-97.22816">
        <ele>96.1</ele>
      </trkpt>
      <trkpt lat="29.58584" lon="-97.22815">
        <ele>96.2</ele>
      </trkpt>
      <trkpt lat="29.5857" lon="-97.22815">
        <ele>96.3</ele>
      </trkpt>
      <trkpt lat="29.58535" lon="-97.2281299">
        <ele>96.3</ele>
      </trkpt>
      <trkpt lat="29.58515" lon="-97.2281">
        <ele>96.4</ele>
      </trkpt>
      <trkpt lat="29.5848" lon="-97.2280399">
        <ele>96.6</ele>
      </trkpt>
      <trkpt lat="29.58476" lon="-97.22803">
        <ele>96.7</ele>
      </trkpt>
      <trkpt lat="29.58453" lon="-97.22801">
        <ele>97.0</ele>
      </trkpt>
      <trkpt lat="29.58444" lon="-97.22801">
        <ele>97.1</ele>
      </trkpt>
      <trkpt lat="29.58408" lon="-97.22799">
        <ele>97.4</ele>
      </trkpt>
      <trkpt lat="29.58403" lon="-97.22799">
        <ele>97.4</ele>
      </trkpt>
      <trkpt lat="29.58372" lon="-97.22798">
        <ele>97.6</ele>
      </trkpt>
      <trkpt lat="29.58306" lon="-97.22796">
        <ele>98.8</ele>
      </trkpt>
      <trkpt lat="29.583" lon="-97.22796">
        <ele>98.9</ele>
      </trkpt>
      <trkpt lat="29.58264" lon="-97.22795">
        <ele>99.1</ele>
      </trkpt>
      <trkpt lat="29.58187" lon="-97.22793">
        <ele>99.7</ele>
      </trkpt>
      <trkpt lat="29.58172" lon="-97.22792">
        <ele>99.8</ele>
      </trkpt>
      <trkpt lat="29.58115" lon="-97.2279">
        <ele>100.2</ele>
      </trkpt>
      <trkpt lat="29.58102" lon="-97.2279">
        <ele>100.3</ele>
      </trkpt>
      <trkpt lat="29.58101" lon="-97.2279">
        <ele>100.3</ele>
      </trkpt>
      <trkpt lat="29.58067" lon="-97.22789">
        <ele>100.4</ele>
      </trkpt>
      <trkpt lat="29.5803" lon="-97.2279">
        <ele>100.9</ele>
      </trkpt>
      <trkpt lat="29.58019" lon="-97.22789">
        <ele>101.2</ele>
      </trkpt>
      <trkpt lat="29.57926" lon="-97.2275499">
        <ele>103.4</ele>
      </trkpt>
      <trkpt lat="29.57837" lon="-97.2275">
        <ele>103.5</ele>
      </trkpt>
      <trkpt lat="29.57785" lon="-97.22747">
        <ele>103.3</ele>
      </trkpt>
      <trkpt lat="29.57693" lon="-97.22744">
        <ele>104.3</ele>
      </trkpt>
      <trkpt lat="29.57514" lon="-97.2273699">
        <ele>107.6</ele>
      </trkpt>
      <trkpt lat="29.57442" lon="-97.22734">
        <ele>108.1</ele>
      </trkpt>
      <trkpt lat="29.5728" lon="-97.2272799">
        <ele>108.1</ele>
      </trkpt>
      <trkpt lat="29.57244" lon="-97.22727">
        <ele>107.5</ele>
      </trkpt>
      <trkpt lat="29.57172" lon="-97.22724">
        <ele>105.1</ele>
      </trkpt>
      <trkpt lat="29.57151" lon="-97.22723">
        <ele>103.8</ele>
      </trkpt>
      <trkpt lat="29.57144" lon="-97.2272">
        <ele>103.6</ele>
      </trkpt>
      <trkpt lat="29.57138" lon="-97.2272">
        <ele>103.5</ele>
      </trkpt>
      <trkpt lat="29.57137" lon="-97.2272">
        <ele>103.4</ele>
      </trkpt>
      <trkpt lat="29.57128" lon="-97.2272">
        <ele>103.1</ele>
      </trkpt>
      <trkpt lat="29.57121" lon="-97.2271899">
        <ele>102.9</ele>
      </trkpt>
      <trkpt lat="29.57119" lon="-97.2271899">
        <ele>102.8</ele>
      </trkpt>
      <trkpt lat="29.57114" lon="-97.22718">
        <ele>102.7</ele>
      </trkpt>
      <trkpt lat="29.57109" lon="-97.22715">
        <ele>102.4</ele>
      </trkpt>
      <trkpt lat="29.57104" lon="-97.2270999">
        <ele>102.2</ele>
      </trkpt>
      <trkpt lat="29.571" lon="-97.22704">
        <ele>101.9</ele>
      </trkpt>
      <trkpt lat="29.57098" lon="-97.22697">
        <ele>101.8</ele>
      </trkpt>
      <trkpt lat="29.57097" lon="-97.22689">
        <ele>101.7</ele>
      </trkpt>
      <trkpt lat="29.57097" lon="-97.22681">
        <ele>101.6</ele>
      </trkpt>
      <trkpt lat="29.57097" lon="-97.2266999">
        <ele>101.6</ele>
      </trkpt>
      <trkpt lat="29.57098" lon="-97.22649">
        <ele>101.5</ele>
      </trkpt>
      <trkpt lat="29.57101" lon="-97.22525">
        <ele>101.1</ele>
      </trkpt>
      <trkpt lat="29.57102" lon="-97.22484">
        <ele>101.3</ele>
      </trkpt>
      <trkpt lat="29.57103" lon="-97.22442">
        <ele>101.7</ele>
      </trkpt>
      <trkpt lat="29.57104" lon="-97.22422">
        <ele>102.0</ele>
      </trkpt>
      <trkpt lat="29.57105" lon="-97.2236">
        <ele>104.0</ele>
      </trkpt>
      <trkpt lat="29.57107" lon="-97.22318">
        <ele>104.8</ele>
      </trkpt>
      <trkpt lat="29.57108" lon="-97.22277">
        <ele>105.5</ele>
      </trkpt>
      <trkpt lat="29.57111" lon="-97.22159">
        <ele>107.6</ele>
      </trkpt>
      <trkpt lat="29.57112" lon="-97.22112">
        <ele>108.6</ele>
      </trkpt>
      <trkpt lat="29.57116" lon="-97.21988">
        <ele>110.1</ele>
      </trkpt>
      <trkpt lat="29.57117" lon="-97.21917">
        <ele>111.0</ele>
      </trkpt>
      <trkpt lat="29.57117" lon="-97.21905">
        <ele>111.0</ele>
      </trkpt>
      <trkpt lat="29.57117" lon="-97.21807">
        <ele>110.5</ele>
      </trkpt>
      <trkpt lat="29.57117" lon="-97.21801">
        <ele>110.5</ele>
      </trkpt>
      <trkpt lat="29.57117" lon="-97.21771">
        <ele>110.4</ele>
      </trkpt>
      <trkpt lat="29.57115" lon="-97.2176099">
        <ele>110.3</ele>
      </trkpt>
      <trkpt lat="29.57114" lon="-97.2175199">
        <ele>110.2</ele>
      </trkpt>
      <trkpt lat="29.57111" lon="-97.2174299">
        <ele>110.2</ele>
      </trkpt>
      <trkpt lat="29.57107" lon="-97.21735">
        <ele>110.3</ele>
      </trkpt>
      <trkpt lat="29.57105" lon="-97.21731">
        <ele>110.4</ele>
      </trkpt>
      <trkpt lat="29.57103" lon="-97.21727">
        <ele>110.5</ele>
      </trkpt>
      <trkpt lat="29.57098" lon="-97.2172">
        <ele>110.5</ele>
      </trkpt>
      <trkpt lat="29.57093" lon="-97.21713">
        <ele>110.3</ele>
      </trkpt>
      <trkpt lat="29.57086" lon="-97.21706">
        <ele>110.6</ele>
      </trkpt>
      <trkpt lat="29.5708" lon="-97.21701">
        <ele>110.9</ele>
      </trkpt>
      <trkpt lat="29.57073" lon="-97.21696">
        <ele>111.4</ele>
      </trkpt>
      <trkpt lat="29.57065" lon="-97.21691">
        <ele>112.1</ele>
      </trkpt>
      <trkpt lat="29.57041" lon="-97.2168">
        <ele>113.0</ele>
      </trkpt>
      <trkpt lat="29.57016" lon="-97.21666">
        <ele>113.3</ele>
      </trkpt>
      <trkpt lat="29.57001" lon="-97.2165799">
        <ele>113.6</ele>
      </trkpt>
      <trkpt lat="29.56958" lon="-97.21635">
        <ele>114.9</ele>
      </trkpt>
      <trkpt lat="29.56951" lon="-97.2163">
        <ele>115.2</ele>
      </trkpt>
      <trkpt lat="29.56935" lon="-97.21621">
        <ele>116.0</ele>
      </trkpt>
      <trkpt lat="29.56919" lon="-97.21614">
        <ele>116.1</ele>
      </trkpt>
      <trkpt lat="29.56903" lon="-97.21609">
        <ele>116.2</ele>
      </trkpt>
      <trkpt lat="29.56894" lon="-97.21608">
        <ele>116.5</ele>
      </trkpt>
      <trkpt lat="29.56886" lon="-97.21607">
        <ele>116.6</ele>
      </trkpt>
      <trkpt lat="29.56846" lon="-97.21606">
        <ele>117.0</ele>
      </trkpt>
      <trkpt lat="29.568" lon="-97.21606">
        <ele>118.8</ele>
      </trkpt>
      <trkpt lat="29.56788" lon="-97.21606">
        <ele>118.8</ele>
      </trkpt>
      <trkpt lat="29.56651" lon="-97.21604">
        <ele>121.8</ele>
      </trkpt>
      <trkpt lat="29.56471" lon="-97.21601">
        <ele>123.5</ele>
      </trkpt>
      <trkpt lat="29.5647" lon="-97.21601">
        <ele>123.5</ele>
      </trkpt>
      <trkpt lat="29.56425" lon="-97.2159999">
        <ele>123.1</ele>
      </trkpt>
      <trkpt lat="29.56381" lon="-97.21599">
        <ele>122.9</ele>
      </trkpt>
      <trkpt lat="29.56345" lon="-97.21599">
        <ele>125.1</ele>
      </trkpt>
      <trkpt lat="29.56201" lon="-97.21596">
        <ele>130.4</ele>
      </trkpt>
      <trkpt lat="29.56156" lon="-97.21595">
        <ele>133.2</ele>
      </trkpt>
      <trkpt lat="29.56093" lon="-97.21594">
        <ele>136.5</ele>
      </trkpt>
      <trkpt lat="29.56075" lon="-97.21593">
        <ele>137.0</ele>
      </trkpt>
      <trkpt lat="29.56057" lon="-97.21593">
        <ele>137.9</ele>
      </trkpt>
      <trkpt lat="29.56039" lon="-97.21592">
        <ele>138.5</ele>
      </trkpt>
      <trkpt lat="29.56016" lon="-97.2159099">
        <ele>138.9</ele>
      </trkpt>
      <trkpt lat="29.55949" lon="-97.21592">
        <ele>140.0</ele>
      </trkpt>
      <trkpt lat="29.55947" lon="-97.21592">
        <ele>140.2</ele>
      </trkpt>
      <trkpt lat="29.55933" lon="-97.2159">
        <ele>140.9</ele>
      </trkpt>
      <trkpt lat="29.55928" lon="-97.21588">
        <ele>141.1</ele>
      </trkpt>
      <trkpt lat="29.55923" lon="-97.21585">
        <ele>141.3</ele>
      </trkpt>
      <trkpt lat="29.55919" lon="-97.2158">
        <ele>141.4</ele>
      </trkpt>
      <trkpt lat="29.55917" lon="-97.21575">
        <ele>141.5</ele>
      </trkpt>
      <trkpt lat="29.55915" lon="-97.2157">
        <ele>141.6</ele>
      </trkpt>
      <trkpt lat="29.55914" lon="-97.21557">
        <ele>141.7</ele>
      </trkpt>
      <trkpt lat="29.55914" lon="-97.21556">
        <ele>141.7</ele>
      </trkpt>
      <trkpt lat="29.55913" lon="-97.21536">
        <ele>142.4</ele>
      </trkpt>
      <trkpt lat="29.55912" lon="-97.21516">
        <ele>143.1</ele>
      </trkpt>
      <trkpt lat="29.5591" lon="-97.21474">
        <ele>145.1</ele>
      </trkpt>
      <trkpt lat="29.5591" lon="-97.21454">
        <ele>146.4</ele>
      </trkpt>
      <trkpt lat="29.55909" lon="-97.21433">
        <ele>147.3</ele>
      </trkpt>
      <trkpt lat="29.55907" lon="-97.21392">
        <ele>148.1</ele>
      </trkpt>
      <trkpt lat="29.55907" lon="-97.21392">
        <ele>148.1</ele>
      </trkpt>
      <trkpt lat="29.55902" lon="-97.21415">
        <ele>148.2</ele>
      </trkpt>
      <trkpt lat="29.55897" lon="-97.21431">
        <ele>147.8</ele>
      </trkpt>
      <trkpt lat="29.55894" lon="-97.2144299">
        <ele>147.0</ele>
      </trkpt>
      <trkpt lat="29.55885" lon="-97.21465">
        <ele>145.8</ele>
      </trkpt>
      <trkpt lat="29.55883" lon="-97.21469">
        <ele>145.7</ele>
      </trkpt>
      <trkpt lat="29.55876" lon="-97.21487">
        <ele>145.2</ele>
      </trkpt>
      <trkpt lat="29.55869" lon="-97.21501">
        <ele>144.7</ele>
      </trkpt>
      <trkpt lat="29.55859" lon="-97.21519">
        <ele>144.0</ele>
      </trkpt>
      <trkpt lat="29.55856" lon="-97.21523">
        <ele>143.9</ele>
      </trkpt>
      <trkpt lat="29.55848" lon="-97.21534">
        <ele>143.5</ele>
      </trkpt>
      <trkpt lat="29.55845" lon="-97.21539">
        <ele>143.3</ele>
      </trkpt>
      <trkpt lat="29.55839" lon="-97.21548">
        <ele>142.9</ele>
      </trkpt>
      <trkpt lat="29.55822" lon="-97.2157">
        <ele>141.9</ele>
      </trkpt>
      <trkpt lat="29.55757" lon="-97.21651">
        <ele>138.5</ele>
      </trkpt>
      <trkpt lat="29.55749" lon="-97.21662">
        <ele>138.1</ele>
      </trkpt>
      <trkpt lat="29.55674" lon="-97.21756">
        <ele>135.0</ele>
      </trkpt>
      <trkpt lat="29.5566" lon="-97.21772">
        <ele>134.7</ele>
      </trkpt>
      <trkpt lat="29.5564" lon="-97.21802">
        <ele>134.3</ele>
      </trkpt>
      <trkpt lat="29.55623" lon="-97.21832">
        <ele>132.0</ele>
      </trkpt>
      <trkpt lat="29.55605" lon="-97.21874">
        <ele>132.1</ele>
      </trkpt>
      <trkpt lat="29.55593" lon="-97.21912">
        <ele>132.9</ele>
      </trkpt>
      <trkpt lat="29.55593" lon="-97.21912">
        <ele>132.9</ele>
      </trkpt>
      <trkpt lat="29.55575" lon="-97.21912">
        <ele>133.5</ele>
      </trkpt>
      <trkpt lat="29.55545" lon="-97.21912">
        <ele>133.9</ele>
      </trkpt>
      <trkpt lat="29.55536" lon="-97.21912">
        <ele>133.9</ele>
      </trkpt>
      <trkpt lat="29.55485" lon="-97.2191">
        <ele>132.4</ele>
      </trkpt>
      <trkpt lat="29.55478" lon="-97.21911">
        <ele>132.0</ele>
      </trkpt>
      <trkpt lat="29.55473" lon="-97.21911">
        <ele>131.7</ele>
      </trkpt>
      <trkpt lat="29.55468" lon="-97.2191">
        <ele>131.4</ele>
      </trkpt>
      <trkpt lat="29.55464" lon="-97.2191">
        <ele>131.3</ele>
      </trkpt>
      <trkpt lat="29.55447" lon="-97.2191">
        <ele>130.6</ele>
      </trkpt>
      <trkpt lat="29.55443" lon="-97.21912">
        <ele>130.5</ele>
      </trkpt>
      <trkpt lat="29.55431" lon="-97.21911">
        <ele>130.1</ele>
      </trkpt>
      <trkpt lat="29.55429" lon="-97.21911">
        <ele>130.1</ele>
      </trkpt>
      <trkpt lat="29.55411" lon="-97.2191">
        <ele>130.2</ele>
      </trkpt>
      <trkpt lat="29.55393" lon="-97.2191">
        <ele>131.0</ele>
      </trkpt>
      <trkpt lat="29.55377" lon="-97.2191">
        <ele>131.7</ele>
      </trkpt>
      <trkpt lat="29.55353" lon="-97.21911">
        <ele>132.4</ele>
      </trkpt>
      <trkpt lat="29.55321" lon="-97.2191">
        <ele>133.3</ele>
      </trkpt>
      <trkpt lat="29.55303" lon="-97.2191">
        <ele>133.6</ele>
      </trkpt>
      <trkpt lat="29.55267" lon="-97.21909">
        <ele>133.7</ele>
      </trkpt>
      <trkpt lat="29.55245" lon="-97.21909">
        <ele>133.6</ele>
      </trkpt>
      <trkpt lat="29.55231" lon="-97.2191">
        <ele>133.2</ele>
      </trkpt>
      <trkpt lat="29.55194" lon="-97.21911">
        <ele>130.8</ele>
      </trkpt>
      <trkpt lat="29.55105" lon="-97.21915">
        <ele>127.2</ele>
      </trkpt>
      <trkpt lat="29.55049" lon="-97.21918">
        <ele>124.6</ele>
      </trkpt>
      <trkpt lat="29.55016" lon="-97.21921">
        <ele>122.6</ele>
      </trkpt>
      <trkpt lat="29.54998" lon="-97.21924">
        <ele>121.5</ele>
      </trkpt>
      <trkpt lat="29.54997" lon="-97.21925">
        <ele>121.5</ele>
      </trkpt>
      <trkpt lat="29.54981" lon="-97.2193">
        <ele>120.9</ele>
      </trkpt>
      <trkpt lat="29.54939" lon="-97.21948">
        <ele>119.2</ele>
      </trkpt>
      <trkpt lat="29.54929" lon="-97.21952">
        <ele>118.5</ele>
      </trkpt>
      <trkpt lat="29.54895" lon="-97.21964">
        <ele>116.7</ele>
      </trkpt>
      <trkpt lat="29.54893" lon="-97.21964">
        <ele>116.7</ele>
      </trkpt>
      <trkpt lat="29.54844" lon="-97.21975">
        <ele>117.0</ele>
      </trkpt>
      <trkpt lat="29.54838" lon="-97.21975">
        <ele>117.1</ele>
      </trkpt>
      <trkpt lat="29.54824" lon="-97.21977">
        <ele>116.5</ele>
      </trkpt>
      <trkpt lat="29.54818" lon="-97.2197599">
        <ele>116.4</ele>
      </trkpt>
      <trkpt lat="29.54808" lon="-97.21979">
        <ele>116.3</ele>
      </trkpt>
      <trkpt lat="29.54797" lon="-97.21982">
        <ele>116.3</ele>
      </trkpt>
      <trkpt lat="29.54791" lon="-97.21986">
        <ele>116.3</ele>
      </trkpt>
      <trkpt lat="29.54776" lon="-97.21996">
        <ele>116.2</ele>
      </trkpt>
      <trkpt lat="29.54774" lon="-97.21997">
        <ele>116.3</ele>
      </trkpt>
      <trkpt lat="29.5477" lon="-97.22002">
        <ele>116.2</ele>
      </trkpt>
      <trkpt lat="29.54763" lon="-97.22009">
        <ele>116.2</ele>
      </trkpt>
      <trkpt lat="29.54753" lon="-97.22016">
        <ele>116.3</ele>
      </trkpt>
      <trkpt lat="29.54738" lon="-97.22032">
        <ele>116.2</ele>
      </trkpt>
      <trkpt lat="29.54733" lon="-97.2204">
        <ele>116.0</ele>
      </trkpt>
      <trkpt lat="29.54687" lon="-97.22097">
        <ele>116.4</ele>
      </trkpt>
      <trkpt lat="29.54664" lon="-97.22127">
        <ele>116.9</ele>
      </trkpt>
      <trkpt lat="29.54647" lon="-97.22148">
        <ele>117.3</ele>
      </trkpt>
      <trkpt lat="29.54638" lon="-97.22159">
        <ele>117.5</ele>
      </trkpt>
      <trkpt lat="29.54615" lon="-97.22191">
        <ele>118.1</ele>
      </trkpt>
      <trkpt lat="29.5461" lon="-97.22201">
        <ele>118.3</ele>
      </trkpt>
      <trkpt lat="29.54604" lon="-97.22207">
        <ele>118.5</ele>
      </trkpt>
      <trkpt lat="29.54601" lon="-97.22211">
        <ele>118.5</ele>
      </trkpt>
      <trkpt lat="29.54571" lon="-97.22253">
        <ele>119.3</ele>
      </trkpt>
      <trkpt lat="29.5455" lon="-97.22278">
        <ele>119.4</ele>
      </trkpt>
      <trkpt lat="29.54533" lon="-97.22298">
        <ele>119.4</ele>
      </trkpt>
      <trkpt lat="29.54508" lon="-97.22328">
        <ele>118.5</ele>
      </trkpt>
      <trkpt lat="29.54485" lon="-97.22356">
        <ele>116.0</ele>
      </trkpt>
      <trkpt lat="29.54484" lon="-97.22357">
        <ele>116.0</ele>
      </trkpt>
      <trkpt lat="29.54448" lon="-97.22404">
        <ele>113.0</ele>
      </trkpt>
      <trkpt lat="29.54428" lon="-97.22434">
        <ele>112.0</ele>
      </trkpt>
      <trkpt lat="29.54392" lon="-97.22486">
        <ele>109.9</ele>
      </trkpt>
      <trkpt lat="29.54368" lon="-97.2252199">
        <ele>109.3</ele>
      </trkpt>
      <trkpt lat="29.54362" lon="-97.22529">
        <ele>109.2</ele>
      </trkpt>
      <trkpt lat="29.54346" lon="-97.22548">
        <ele>108.8</ele>
      </trkpt>
      <trkpt lat="29.54341" lon="-97.22555">
        <ele>108.6</ele>
      </trkpt>
      <trkpt lat="29.54308" lon="-97.22593">
        <ele>109.8</ele>
      </trkpt>
      <trkpt lat="29.54256" lon="-97.22608">
        <ele>111.0</ele>
      </trkpt>
      <trkpt lat="29.54253" lon="-97.22608">
        <ele>111.2</ele>
      </trkpt>
      <trkpt lat="29.54232" lon="-97.22615">
        <ele>112.3</ele>
      </trkpt>
      <trkpt lat="29.54196" lon="-97.2262">
        <ele>112.8</ele>
      </trkpt>
      <trkpt lat="29.54185" lon="-97.2262">
        <ele>112.8</ele>
      </trkpt>
      <trkpt lat="29.54131" lon="-97.22618">
        <ele>113.6</ele>
      </trkpt>
      <trkpt lat="29.54113" lon="-97.22617">
        <ele>113.5</ele>
      </trkpt>
      <trkpt lat="29.54097" lon="-97.22617">
        <ele>113.3</ele>
      </trkpt>
      <trkpt lat="29.54041" lon="-97.22618">
        <ele>115.6</ele>
      </trkpt>
      <trkpt lat="29.54001" lon="-97.22619">
        <ele>116.0</ele>
      </trkpt>
      <trkpt lat="29.53985" lon="-97.2262">
        <ele>117.8</ele>
      </trkpt>
      <trkpt lat="29.53934" lon="-97.22621">
        <ele>121.6</ele>
      </trkpt>
      <trkpt lat="29.53861" lon="-97.22622">
        <ele>125.0</ele>
      </trkpt>
      <trkpt lat="29.53826" lon="-97.22621">
        <ele>126.9</ele>
      </trkpt>
      <trkpt lat="29.5379" lon="-97.2262">
        <ele>127.5</ele>
      </trkpt>
      <trkpt lat="29.53736" lon="-97.22619">
        <ele>126.6</ele>
      </trkpt>
      <trkpt lat="29.53736" lon="-97.22619">
        <ele>126.6</ele>
      </trkpt>
      <trkpt lat="29.53734" lon="-97.22608">
        <ele>127.2</ele>
      </trkpt>
      <trkpt lat="29.53733" lon="-97.22562">
        <ele>128.2</ele>
      </trkpt>
      <trkpt lat="29.53733" lon="-97.22544">
        <ele>128.8</ele>
      </trkpt>
      <trkpt lat="29.53734" lon="-97.22537">
        <ele>129.1</ele>
      </trkpt>
      <trkpt lat="29.53734" lon="-97.22527">
        <ele>129.4</ele>
      </trkpt>
      <trkpt lat="29.53734" lon="-97.22519">
        <ele>129.7</ele>
      </trkpt>
      <trkpt lat="29.53733" lon="-97.22511">
        <ele>129.9</ele>
      </trkpt>
      <trkpt lat="29.53728" lon="-97.22499">
        <ele>130.2</ele>
      </trkpt>
      <trkpt lat="29.5372" lon="-97.22496">
        <ele>130.2</ele>
      </trkpt>
      <trkpt lat="29.53712" lon="-97.22495">
        <ele>130.2</ele>
      </trkpt>
      <trkpt lat="29.53709" lon="-97.22495">
        <ele>130.1</ele>
      </trkpt>
      <trkpt lat="29.53659" lon="-97.22492">
        <ele>128.8</ele>
      </trkpt>
      <trkpt lat="29.53655" lon="-97.22492">
        <ele>128.6</ele>
      </trkpt>
      <trkpt lat="29.53634" lon="-97.22491">
        <ele>127.7</ele>
      </trkpt>
      <trkpt lat="29.53595" lon="-97.22489">
        <ele>126.1</ele>
      </trkpt>
      <trkpt lat="29.53583" lon="-97.22488">
        <ele>125.2</ele>
      </trkpt>
      <trkpt lat="29.53556" lon="-97.22486">
        <ele>124.2</ele>
      </trkpt>
      <trkpt lat="29.53547" lon="-97.22486">
        <ele>124.0</ele>
      </trkpt>
      <trkpt lat="29.53476" lon="-97.2248199">
        <ele>125.4</ele>
      </trkpt>
      <trkpt lat="29.53438" lon="-97.2248">
        <ele>125.6</ele>
      </trkpt>
      <trkpt lat="29.53398" lon="-97.22477">
        <ele>125.3</ele>
      </trkpt>
      <trkpt lat="29.53368" lon="-97.22475">
        <ele>124.1</ele>
      </trkpt>
      <trkpt lat="29.53301" lon="-97.2247">
        <ele>124.4</ele>
      </trkpt>
      <trkpt lat="29.53296" lon="-97.2247">
        <ele>124.4</ele>
      </trkpt>
      <trkpt lat="29.5326" lon="-97.22468">
        <ele>123.7</ele>
      </trkpt>
      <trkpt lat="29.53204" lon="-97.22465">
        <ele>121.3</ele>
      </trkpt>
      <trkpt lat="29.53197" lon="-97.2246399">
        <ele>121.1</ele>
      </trkpt>
      <trkpt lat="29.53192" lon="-97.22462">
        <ele>120.9</ele>
      </trkpt>
      <trkpt lat="29.53189" lon="-97.2246">
        <ele>120.8</ele>
      </trkpt>
      <trkpt lat="29.53186" lon="-97.22459">
        <ele>120.6</ele>
      </trkpt>
      <trkpt lat="29.53181" lon="-97.22454">
        <ele>120.4</ele>
      </trkpt>
      <trkpt lat="29.53177" lon="-97.22448">
        <ele>120.2</ele>
      </trkpt>
      <trkpt lat="29.53175" lon="-97.2244">
        <ele>119.9</ele>
      </trkpt>
      <trkpt lat="29.53173" lon="-97.22432">
        <ele>119.7</ele>
      </trkpt>
      <trkpt lat="29.53171" lon="-97.22416">
        <ele>119.5</ele>
      </trkpt>
      <trkpt lat="29.53171" lon="-97.22406">
        <ele>119.8</ele>
      </trkpt>
      <trkpt lat="29.53171" lon="-97.22405">
        <ele>119.8</ele>
      </trkpt>
      <trkpt lat="29.53172" lon="-97.22364">
        <ele>122.2</ele>
      </trkpt>
      <trkpt lat="29.53173" lon="-97.2232499">
        <ele>124.4</ele>
      </trkpt>
      <trkpt lat="29.53174" lon="-97.22261">
        <ele>126.1</ele>
      </trkpt>
      <trkpt lat="29.53174" lon="-97.2226">
        <ele>126.2</ele>
      </trkpt>
      <trkpt lat="29.53175" lon="-97.22198">
        <ele>127.2</ele>
      </trkpt>
      <trkpt lat="29.53175" lon="-97.22178">
        <ele>127.6</ele>
      </trkpt>
      <trkpt lat="29.53175" lon="-97.22151">
        <ele>128.2</ele>
      </trkpt>
      <trkpt lat="29.53176" lon="-97.22058">
        <ele>128.0</ele>
      </trkpt>
      <trkpt lat="29.53176" lon="-97.22027">
        <ele>129.3</ele>
      </trkpt>
      <trkpt lat="29.53176" lon="-97.21996">
        <ele>129.8</ele>
      </trkpt>
      <trkpt lat="29.53177" lon="-97.21948">
        <ele>130.3</ele>
      </trkpt>
      <trkpt lat="29.53177" lon="-97.2193">
        <ele>130.3</ele>
      </trkpt>
      <trkpt lat="29.53177" lon="-97.21916">
        <ele>130.3</ele>
      </trkpt>
      <trkpt lat="29.53178" lon="-97.2185499">
        <ele>131.8</ele>
      </trkpt>
      <trkpt lat="29.53178" lon="-97.21847">
        <ele>132.2</ele>
      </trkpt>
      <trkpt lat="29.5318" lon="-97.21764">
        <ele>136.0</ele>
      </trkpt>
      <trkpt lat="29.5318" lon="-97.21758">
        <ele>136.3</ele>
      </trkpt>
      <trkpt lat="29.53181" lon="-97.21702">
        <ele>138.9</ele>
      </trkpt>
      <trkpt lat="29.53181" lon="-97.217">
        <ele>139.0</ele>
      </trkpt>
      <trkpt lat="29.53182" lon="-97.21661">
        <ele>140.8</ele>
      </trkpt>
      <trkpt lat="29.53182" lon="-97.2164899">
        <ele>141.8</ele>
      </trkpt>
      <trkpt lat="29.53184" lon="-97.21605">
        <ele>145.9</ele>
      </trkpt>
      <trkpt lat="29.53183" lon="-97.21578">
        <ele>148.9</ele>
      </trkpt>
      <trkpt lat="29.53183" lon="-97.21538">
        <ele>150.8</ele>
      </trkpt>
      <trkpt lat="29.53183" lon="-97.2153699">
        <ele>150.8</ele>
      </trkpt>
      <trkpt lat="29.53183" lon="-97.21496">
        <ele>151.5</ele>
      </trkpt>
      <trkpt lat="29.53183" lon="-97.21474">
        <ele>151.9</ele>
      </trkpt>
      <trkpt lat="29.53182" lon="-97.21469">
        <ele>152.1</ele>
      </trkpt>
      <trkpt lat="29.53176" lon="-97.2146">
        <ele>152.6</ele>
      </trkpt>
      <trkpt lat="29.53172" lon="-97.21457">
        <ele>152.8</ele>
      </trkpt>
      <trkpt lat="29.53166" lon="-97.21456">
        <ele>153.0</ele>
      </trkpt>
      <trkpt lat="29.53138" lon="-97.21456">
        <ele>153.5</ele>
      </trkpt>
      <trkpt lat="29.53102" lon="-97.21456">
        <ele>153.5</ele>
      </trkpt>
      <trkpt lat="29.53048" lon="-97.21455">
        <ele>153.0</ele>
      </trkpt>
      <trkpt lat="29.53012" lon="-97.21455">
        <ele>150.5</ele>
      </trkpt>
      <trkpt lat="29.53008" lon="-97.21455">
        <ele>150.2</ele>
      </trkpt>
      <trkpt lat="29.5299" lon="-97.21454">
        <ele>149.4</ele>
      </trkpt>
      <trkpt lat="29.52959" lon="-97.21453">
        <ele>147.3</ele>
      </trkpt>
      <trkpt lat="29.52951" lon="-97.21453">
        <ele>146.9</ele>
      </trkpt>
      <trkpt lat="29.52931" lon="-97.2145199">
        <ele>146.0</ele>
      </trkpt>
      <trkpt lat="29.52923" lon="-97.21451">
        <ele>145.3</ele>
      </trkpt>
      <trkpt lat="29.52882" lon="-97.2145">
        <ele>144.3</ele>
      </trkpt>
      <trkpt lat="29.52857" lon="-97.2145">
        <ele>144.2</ele>
      </trkpt>
      <trkpt lat="29.5284" lon="-97.2145199">
        <ele>144.2</ele>
      </trkpt>
      <trkpt lat="29.52833" lon="-97.21453">
        <ele>144.2</ele>
      </trkpt>
      <trkpt lat="29.52825" lon="-97.21455">
        <ele>144.2</ele>
      </trkpt>
      <trkpt lat="29.52813" lon="-97.21459">
        <ele>144.1</ele>
      </trkpt>
      <trkpt lat="29.52796" lon="-97.21468">
        <ele>143.7</ele>
      </trkpt>
      <trkpt lat="29.52785" lon="-97.21477">
        <ele>142.8</ele>
      </trkpt>
      <trkpt lat="29.52782" lon="-97.2148">
        <ele>142.6</ele>
      </trkpt>
      <trkpt lat="29.52774" lon="-97.21494">
        <ele>141.9</ele>
      </trkpt>
      <trkpt lat="29.52765" lon="-97.21513">
        <ele>141.1</ele>
      </trkpt>
      <trkpt lat="29.52764" lon="-97.21516">
        <ele>141.0</ele>
      </trkpt>
      <trkpt lat="29.5276" lon="-97.21519">
        <ele>141.0</ele>
      </trkpt>
      <trkpt lat="29.52754" lon="-97.2152">
        <ele>141.2</ele>
      </trkpt>
      <trkpt lat="29.52719" lon="-97.21517">
        <ele>141.9</ele>
      </trkpt>
      <trkpt lat="29.5266" lon="-97.21514">
        <ele>141.7</ele>
      </trkpt>
      <trkpt lat="29.5259" lon="-97.21511">
        <ele>140.6</ele>
      </trkpt>
      <trkpt lat="29.52554" lon="-97.21508">
        <ele>139.5</ele>
      </trkpt>
      <trkpt lat="29.52519" lon="-97.21507">
        <ele>139.2</ele>
      </trkpt>
      <trkpt lat="29.52498" lon="-97.21505">
        <ele>139.0</ele>
      </trkpt>
      <trkpt lat="29.52474" lon="-97.21504">
        <ele>138.7</ele>
      </trkpt>
      <trkpt lat="29.5246" lon="-97.21503">
        <ele>138.5</ele>
      </trkpt>
      <trkpt lat="29.52437" lon="-97.21499">
        <ele>138.5</ele>
      </trkpt>
      <trkpt lat="29.52433" lon="-97.21496">
        <ele>138.6</ele>
      </trkpt>
      <trkpt lat="29.52431" lon="-97.21493">
        <ele>138.8</ele>
      </trkpt>
      <trkpt lat="29.5243" lon="-97.2149">
        <ele>138.9</ele>
      </trkpt>
      <trkpt lat="29.52429" lon="-97.2148799">
        <ele>139.0</ele>
      </trkpt>
      <trkpt lat="29.52428" lon="-97.21483">
        <ele>139.2</ele>
      </trkpt>
      <trkpt lat="29.52428" lon="-97.21476">
        <ele>139.6</ele>
      </trkpt>
      <trkpt lat="29.52429" lon="-97.21393">
        <ele>145.1</ele>
      </trkpt>
      <trkpt lat="29.52429" lon="-97.21366">
        <ele>145.9</ele>
      </trkpt>
      <trkpt lat="29.52429" lon="-97.21364">
        <ele>145.9</ele>
      </trkpt>
      <trkpt lat="29.5243" lon="-97.21325">
        <ele>146.0</ele>
      </trkpt>
      <trkpt lat="29.5243" lon="-97.21285">
        <ele>145.8</ele>
      </trkpt>
      <trkpt lat="29.5243" lon="-97.21222">
        <ele>145.2</ele>
      </trkpt>
      <trkpt lat="29.52431" lon="-97.21182">
        <ele>144.8</ele>
      </trkpt>
      <trkpt lat="29.52433" lon="-97.2107599">
        <ele>143.3</ele>
      </trkpt>
      <trkpt lat="29.52434" lon="-97.21001">
        <ele>140.6</ele>
      </trkpt>
      <trkpt lat="29.52434" lon="-97.20994">
        <ele>140.4</ele>
      </trkpt>
      <trkpt lat="29.52436" lon="-97.20967">
        <ele>139.8</ele>
      </trkpt>
      <trkpt lat="29.52436" lon="-97.20948">
        <ele>139.5</ele>
      </trkpt>
      <trkpt lat="29.52437" lon="-97.20912">
        <ele>139.5</ele>
      </trkpt>
      <trkpt lat="29.52437" lon="-97.20898">
        <ele>139.7</ele>
      </trkpt>
      <trkpt lat="29.5244" lon="-97.20837">
        <ele>140.5</ele>
      </trkpt>
      <trkpt lat="29.52442" lon="-97.20725">
        <ele>141.5</ele>
      </trkpt>
      <trkpt lat="29.52442" lon="-97.20705">
        <ele>141.7</ele>
      </trkpt>
      <trkpt lat="29.52444" lon="-97.20581">
        <ele>143.4</ele>
      </trkpt>
      <trkpt lat="29.52444" lon="-97.20572">
        <ele>143.4</ele>
      </trkpt>
      <trkpt lat="29.52444" lon="-97.20564">
        <ele>143.4</ele>
      </trkpt>
      <trkpt lat="29.52444" lon="-97.20549">
        <ele>143.4</ele>
      </trkpt>
      <trkpt lat="29.52445" lon="-97.20497">
        <ele>143.4</ele>
      </trkpt>
      <trkpt lat="29.52445" lon="-97.20469">
        <ele>143.4</ele>
      </trkpt>
      <trkpt lat="29.52444" lon="-97.20463">
        <ele>143.3</ele>
      </trkpt>
      <trkpt lat="29.52445" lon="-97.20434">
        <ele>142.3</ele>
      </trkpt>
      <trkpt lat="29.52445" lon="-97.20423">
        <ele>141.9</ele>
      </trkpt>
      <trkpt lat="29.52446" lon="-97.20417">
        <ele>141.8</ele>
      </trkpt>
      <trkpt lat="29.52446" lon="-97.20416">
        <ele>141.7</ele>
      </trkpt>
      <trkpt lat="29.52448" lon="-97.20413">
        <ele>141.7</ele>
      </trkpt>
      <trkpt lat="29.52449" lon="-97.20411">
        <ele>141.6</ele>
      </trkpt>
      <trkpt lat="29.52459" lon="-97.20408">
        <ele>141.8</ele>
      </trkpt>
      <trkpt lat="29.52567" lon="-97.20411">
        <ele>145.2</ele>
      </trkpt>
      <trkpt lat="29.52587" lon="-97.20412">
        <ele>145.3</ele>
      </trkpt>
      <trkpt lat="29.52622" lon="-97.20413">
        <ele>145.7</ele>
      </trkpt>
      <trkpt lat="29.5263" lon="-97.20404">
        <ele>145.4</ele>
      </trkpt>
      <trkpt lat="29.5263" lon="-97.20374">
        <ele>143.7</ele>
      </trkpt>
      <trkpt lat="29.52631" lon="-97.20332">
        <ele>144.4</ele>
      </trkpt>
      <trkpt lat="29.52632" lon="-97.20281">
        <ele>146.7</ele>
      </trkpt>
      <trkpt lat="29.52632" lon="-97.20281">
        <ele>146.7</ele>
      </trkpt>
      <trkpt lat="29.52633" lon="-97.20241">
        <ele>149.0</ele>
      </trkpt>
      <trkpt lat="29.52634" lon="-97.20199">
        <ele>150.6</ele>
      </trkpt>
      <trkpt lat="29.52634" lon="-97.20137">
        <ele>151.9</ele>
      </trkpt>
      <trkpt lat="29.52634" lon="-97.20124">
        <ele>152.1</ele>
      </trkpt>
      <trkpt lat="29.52634" lon="-97.2003299">
        <ele>153.6</ele>
      </trkpt>
      <trkpt lat="29.52634" lon="-97.2002">
        <ele>153.8</ele>
      </trkpt>
      <trkpt lat="29.52635" lon="-97.19961">
        <ele>154.0</ele>
      </trkpt>
      <trkpt lat="29.52637" lon="-97.199">
        <ele>153.3</ele>
      </trkpt>
      <trkpt lat="29.52638" lon="-97.19838">
        <ele>150.1</ele>
      </trkpt>
      <trkpt lat="29.52638" lon="-97.19835">
        <ele>150.0</ele>
      </trkpt>
      <trkpt lat="29.52639" lon="-97.19687">
        <ele>143.9</ele>
      </trkpt>
      <trkpt lat="29.52641" lon="-97.1959">
        <ele>139.8</ele>
      </trkpt>
      <trkpt lat="29.52641" lon="-97.19569">
        <ele>138.4</ele>
      </trkpt>
      <trkpt lat="29.52642" lon="-97.19487">
        <ele>135.1</ele>
      </trkpt>
      <trkpt lat="29.52642" lon="-97.19465">
        <ele>134.4</ele>
      </trkpt>
      <trkpt lat="29.52642" lon="-97.19408">
        <ele>133.3</ele>
      </trkpt>
      <trkpt lat="29.52643" lon="-97.19376">
        <ele>133.4</ele>
      </trkpt>
      <trkpt lat="29.52643" lon="-97.19363">
        <ele>133.5</ele>
      </trkpt>
      <trkpt lat="29.52643" lon="-97.19331">
        <ele>133.9</ele>
      </trkpt>
      <trkpt lat="29.52644" lon="-97.1932099">
        <ele>134.2</ele>
      </trkpt>
      <trkpt lat="29.52644" lon="-97.19295">
        <ele>134.9</ele>
      </trkpt>
      <trkpt lat="29.52644" lon="-97.19239">
        <ele>136.4</ele>
      </trkpt>
      <trkpt lat="29.52645" lon="-97.19208">
        <ele>137.1</ele>
      </trkpt>
      <trkpt lat="29.52646" lon="-97.19153">
        <ele>138.7</ele>
      </trkpt>
      <trkpt lat="29.52646" lon="-97.19126">
        <ele>139.1</ele>
      </trkpt>
      <trkpt lat="29.52647" lon="-97.1907">
        <ele>139.5</ele>
      </trkpt>
      <trkpt lat="29.52647" lon="-97.19013">
        <ele>140.1</ele>
      </trkpt>
      <trkpt lat="29.52648" lon="-97.1898">
        <ele>141.0</ele>
      </trkpt>
      <trkpt lat="29.52648" lon="-97.18902">
        <ele>143.0</ele>
      </trkpt>
      <trkpt lat="29.52647" lon="-97.18853">
        <ele>143.6</ele>
      </trkpt>
      <trkpt lat="29.52647" lon="-97.18853">
        <ele>143.6</ele>
      </trkpt>
      <trkpt lat="29.52622" lon="-97.18856">
        <ele>143.1</ele>
      </trkpt>
      <trkpt lat="29.52596" lon="-97.18857">
        <ele>142.3</ele>
      </trkpt>
      <trkpt lat="29.52591" lon="-97.18857">
        <ele>142.1</ele>
      </trkpt>
      <trkpt lat="29.52486" lon="-97.18855">
        <ele>139.0</ele>
      </trkpt>
      <trkpt lat="29.52483" lon="-97.18855">
        <ele>138.9</ele>
      </trkpt>
      <trkpt lat="29.52439" lon="-97.18853">
        <ele>137.9</ele>
      </trkpt>
      <trkpt lat="29.52382" lon="-97.18852">
        <ele>136.9</ele>
      </trkpt>
      <trkpt lat="29.52345" lon="-97.18852">
        <ele>136.0</ele>
      </trkpt>
      <trkpt lat="29.52303" lon="-97.1885099">
        <ele>134.8</ele>
      </trkpt>
      <trkpt lat="29.52299" lon="-97.1885099">
        <ele>134.6</ele>
      </trkpt>
      <trkpt lat="29.52231" lon="-97.1885099">
        <ele>132.7</ele>
      </trkpt>
      <trkpt lat="29.52188" lon="-97.1885">
        <ele>131.0</ele>
      </trkpt>
      <trkpt lat="29.52177" lon="-97.1885">
        <ele>130.9</ele>
      </trkpt>
      <trkpt lat="29.52138" lon="-97.18849">
        <ele>130.0</ele>
      </trkpt>
      <trkpt lat="29.52123" lon="-97.18847">
        <ele>129.7</ele>
      </trkpt>
      <trkpt lat="29.52068" lon="-97.18846">
        <ele>128.7</ele>
      </trkpt>
      <trkpt lat="29.52001" lon="-97.18846">
        <ele>128.2</ele>
      </trkpt>
      <trkpt lat="29.51985" lon="-97.18845">
        <ele>128.2</ele>
      </trkpt>
      <trkpt lat="29.51895" lon="-97.18844">
        <ele>129.0</ele>
      </trkpt>
      <trkpt lat="29.51823" lon="-97.18843">
        <ele>129.2</ele>
      </trkpt>
      <trkpt lat="29.51733" lon="-97.1884199">
        <ele>128.9</ele>
      </trkpt>
      <trkpt lat="29.51731" lon="-97.18841">
        <ele>128.9</ele>
      </trkpt>
      <trkpt lat="29.51671" lon="-97.1884199">
        <ele>127.8</ele>
      </trkpt>
      <trkpt lat="29.51667" lon="-97.18841">
        <ele>127.8</ele>
      </trkpt>
      <trkpt lat="29.51662" lon="-97.1884">
        <ele>127.7</ele>
      </trkpt>
      <trkpt lat="29.51661" lon="-97.18839">
        <ele>127.7</ele>
      </trkpt>
      <trkpt lat="29.51658" lon="-97.18837">
        <ele>127.7</ele>
      </trkpt>
      <trkpt lat="29.51654" lon="-97.18834">
        <ele>127.6</ele>
      </trkpt>
      <trkpt lat="29.51651" lon="-97.1883">
        <ele>127.5</ele>
      </trkpt>
      <trkpt lat="29.51649" lon="-97.18826">
        <ele>127.5</ele>
      </trkpt>
      <trkpt lat="29.51646" lon="-97.18821">
        <ele>127.4</ele>
      </trkpt>
      <trkpt lat="29.51645" lon="-97.18816">
        <ele>127.3</ele>
      </trkpt>
      <trkpt lat="29.51645" lon="-97.1881">
        <ele>127.2</ele>
      </trkpt>
      <trkpt lat="29.51646" lon="-97.18765">
        <ele>126.1</ele>
      </trkpt>
      <trkpt lat="29.51646" lon="-97.18747">
        <ele>125.6</ele>
      </trkpt>
      <trkpt lat="29.51646" lon="-97.18747">
        <ele>125.6</ele>
      </trkpt>
      <trkpt lat="29.51633" lon="-97.18746">
        <ele>125.7</ele>
      </trkpt>
      <trkpt lat="29.51575" lon="-97.18746">
        <ele>126.3</ele>
      </trkpt>
      <trkpt lat="29.51525" lon="-97.18745">
        <ele>125.9</ele>
      </trkpt>
      <trkpt lat="29.5151" lon="-97.18745">
        <ele>125.8</ele>
      </trkpt>
      <trkpt lat="29.5148" lon="-97.18745">
        <ele>125.4</ele>
      </trkpt>
      <trkpt lat="29.51402" lon="-97.18742">
        <ele>122.6</ele>
      </trkpt>
      <trkpt lat="29.51368" lon="-97.18741">
        <ele>121.1</ele>
      </trkpt>
      <trkpt lat="29.51366" lon="-97.18741">
        <ele>121.0</ele>
      </trkpt>
      <trkpt lat="29.51332" lon="-97.1874">
        <ele>122.2</ele>
      </trkpt>
      <trkpt lat="29.51252" lon="-97.18737">
        <ele>122.9</ele>
      </trkpt>
      <trkpt lat="29.51218" lon="-97.18737">
        <ele>122.9</ele>
      </trkpt>
      <trkpt lat="29.51208" lon="-97.18737">
        <ele>122.9</ele>
      </trkpt>
      <trkpt lat="29.51127" lon="-97.18736">
        <ele>125.6</ele>
      </trkpt>
      <trkpt lat="29.51051" lon="-97.18736">
        <ele>126.6</ele>
      </trkpt>
      <trkpt lat="29.5102" lon="-97.18735">
        <ele>127.4</ele>
      </trkpt>
      <trkpt lat="29.50974" lon="-97.18735">
        <ele>128.7</ele>
      </trkpt>
      <trkpt lat="29.50912" lon="-97.18734">
        <ele>130.6</ele>
      </trkpt>
      <trkpt lat="29.50842" lon="-97.18734">
        <ele>132.6</ele>
      </trkpt>
      <trkpt lat="29.50786" lon="-97.18734">
        <ele>134.1</ele>
      </trkpt>
      <trkpt lat="29.50739" lon="-97.18733">
        <ele>136.2</ele>
      </trkpt>
      <trkpt lat="29.50733" lon="-97.18733">
        <ele>136.4</ele>
      </trkpt>
      <trkpt lat="29.50728" lon="-97.18734">
        <ele>136.4</ele>
      </trkpt>
      <trkpt lat="29.50721" lon="-97.18738">
        <ele>136.4</ele>
      </trkpt>
      <trkpt lat="29.50718" lon="-97.18744">
        <ele>136.3</ele>
      </trkpt>
      <trkpt lat="29.50716" lon="-97.1874799">
        <ele>136.3</ele>
      </trkpt>
      <trkpt lat="29.50715" lon="-97.18758">
        <ele>136.1</ele>
      </trkpt>
      <trkpt lat="29.50714" lon="-97.18826">
        <ele>134.6</ele>
      </trkpt>
      <trkpt lat="29.50714" lon="-97.18827">
        <ele>134.6</ele>
      </trkpt>
      <trkpt lat="29.50714" lon="-97.18858">
        <ele>134.0</ele>
      </trkpt>
      <trkpt lat="29.50712" lon="-97.18923">
        <ele>132.7</ele>
      </trkpt>
      <trkpt lat="29.50711" lon="-97.1895">
        <ele>133.0</ele>
      </trkpt>
      <trkpt lat="29.50711" lon="-97.18953">
        <ele>133.0</ele>
      </trkpt>
      <trkpt lat="29.5071" lon="-97.18977">
        <ele>133.7</ele>
      </trkpt>
      <trkpt lat="29.5071" lon="-97.18994">
        <ele>134.3</ele>
      </trkpt>
      <trkpt lat="29.50708" lon="-97.19074">
        <ele>137.5</ele>
      </trkpt>
      <trkpt lat="29.50707" lon="-97.19137">
        <ele>139.3</ele>
      </trkpt>
      <trkpt lat="29.50707" lon="-97.1915099">
        <ele>140.0</ele>
      </trkpt>
      <trkpt lat="29.50706" lon="-97.19155">
        <ele>140.2</ele>
      </trkpt>
      <trkpt lat="29.50705" lon="-97.19161">
        <ele>140.4</ele>
      </trkpt>
      <trkpt lat="29.50703" lon="-97.19175">
        <ele>140.7</ele>
      </trkpt>
      <trkpt lat="29.50704" lon="-97.19184">
        <ele>140.9</ele>
      </trkpt>
      <trkpt lat="29.50704" lon="-97.19185">
        <ele>140.9</ele>
      </trkpt>
      <trkpt lat="29.50704" lon="-97.19185">
        <ele>140.9</ele>
      </trkpt>
      <trkpt lat="29.50688" lon="-97.19185">
        <ele>140.9</ele>
      </trkpt>
      <trkpt lat="29.50681" lon="-97.19186">
        <ele>140.9</ele>
      </trkpt>
      <trkpt lat="29.50676" lon="-97.19186">
        <ele>140.9</ele>
      </trkpt>
      <trkpt lat="29.50673" lon="-97.19186">
        <ele>140.9</ele>
      </trkpt>
      <trkpt lat="29.50658" lon="-97.19187">
        <ele>141.3</ele>
      </trkpt>
      <trkpt lat="29.50637" lon="-97.19188">
        <ele>142.5</ele>
      </trkpt>
      <trkpt lat="29.50602" lon="-97.19187">
        <ele>144.6</ele>
      </trkpt>
      <trkpt lat="29.50558" lon="-97.19186">
        <ele>147.4</ele>
      </trkpt>
      <trkpt lat="29.50422" lon="-97.19183">
        <ele>153.8</ele>
      </trkpt>
      <trkpt lat="29.50388" lon="-97.1918">
        <ele>154.3</ele>
      </trkpt>
      <trkpt lat="29.50376" lon="-97.1918">
        <ele>154.5</ele>
      </trkpt>
      <trkpt lat="29.50368" lon="-97.1918">
        <ele>154.6</ele>
      </trkpt>
      <trkpt lat="29.50353" lon="-97.19179">
        <ele>154.8</ele>
      </trkpt>
      <trkpt lat="29.5028" lon="-97.19176">
        <ele>156.7</ele>
      </trkpt>
      <trkpt lat="29.50262" lon="-97.19176">
        <ele>157.0</ele>
      </trkpt>
      <trkpt lat="29.50226" lon="-97.19174">
        <ele>157.1</ele>
      </trkpt>
      <trkpt lat="29.50187" lon="-97.19173">
        <ele>156.6</ele>
      </trkpt>
      <trkpt lat="29.50106" lon="-97.19171">
        <ele>153.5</ele>
      </trkpt>
      <trkpt lat="29.50023" lon="-97.1917">
        <ele>150.4</ele>
      </trkpt>
      <trkpt lat="29.4998" lon="-97.19168">
        <ele>149.0</ele>
      </trkpt>
      <trkpt lat="29.49947" lon="-97.19167">
        <ele>147.7</ele>
      </trkpt>
      <trkpt lat="29.49913" lon="-97.19166">
        <ele>146.5</ele>
      </trkpt>
      <trkpt lat="29.49872" lon="-97.19163">
        <ele>145.1</ele>
      </trkpt>
      <trkpt lat="29.49842" lon="-97.19159">
        <ele>144.2</ele>
      </trkpt>
      <trkpt lat="29.49824" lon="-97.19157">
        <ele>144.3</ele>
      </trkpt>
      <trkpt lat="29.49797" lon="-97.19153">
        <ele>144.5</ele>
      </trkpt>
      <trkpt lat="29.49753" lon="-97.19146">
        <ele>144.5</ele>
      </trkpt>
      <trkpt lat="29.4961" lon="-97.19123">
        <ele>144.7</ele>
      </trkpt>
      <trkpt lat="29.49598" lon="-97.19121">
        <ele>145.2</ele>
      </trkpt>
      <trkpt lat="29.4945" lon="-97.19098">
        <ele>151.5</ele>
      </trkpt>
      <trkpt lat="29.49433" lon="-97.19096">
        <ele>152.0</ele>
      </trkpt>
      <trkpt lat="29.49396" lon="-97.19089">
        <ele>153.3</ele>
      </trkpt>
      <trkpt lat="29.49368" lon="-97.19084">
        <ele>153.8</ele>
      </trkpt>
      <trkpt lat="29.49357" lon="-97.19083">
        <ele>153.7</ele>
      </trkpt>
      <trkpt lat="29.49308" lon="-97.19075">
        <ele>153.5</ele>
      </trkpt>
      <trkpt lat="29.49294" lon="-97.19073">
        <ele>153.5</ele>
      </trkpt>
      <trkpt lat="29.49261" lon="-97.19069">
        <ele>153.4</ele>
      </trkpt>
      <trkpt lat="29.49244" lon="-97.19068">
        <ele>153.3</ele>
      </trkpt>
      <trkpt lat="29.49211" lon="-97.19066">
        <ele>153.3</ele>
      </trkpt>
      <trkpt lat="29.49201" lon="-97.19066">
        <ele>153.3</ele>
      </trkpt>
      <trkpt lat="29.4896" lon="-97.19063">
        <ele>151.2</ele>
      </trkpt>
      <trkpt lat="29.48895" lon="-97.19061">
        <ele>150.5</ele>
      </trkpt>
      <trkpt lat="29.4886" lon="-97.19061">
        <ele>150.2</ele>
      </trkpt>
      <trkpt lat="29.48806" lon="-97.19061">
        <ele>149.8</ele>
      </trkpt>
      <trkpt lat="29.48751" lon="-97.19059">
        <ele>149.5</ele>
      </trkpt>
      <trkpt lat="29.48743" lon="-97.19059">
        <ele>149.4</ele>
      </trkpt>
      <trkpt lat="29.48628" lon="-97.19056">
        <ele>147.4</ele>
      </trkpt>
      <trkpt lat="29.48571" lon="-97.19055">
        <ele>147.1</ele>
      </trkpt>
      <trkpt lat="29.4846" lon="-97.19052">
        <ele>147.0</ele>
      </trkpt>
      <trkpt lat="29.484" lon="-97.19051">
        <ele>147.1</ele>
      </trkpt>
      <trkpt lat="29.48328" lon="-97.19049">
        <ele>147.3</ele>
      </trkpt>
      <trkpt lat="29.48298" lon="-97.1904799">
        <ele>147.4</ele>
      </trkpt>
      <trkpt lat="29.48225" lon="-97.19047">
        <ele>147.0</ele>
      </trkpt>
      <trkpt lat="29.48154" lon="-97.19045">
        <ele>146.7</ele>
      </trkpt>
      <trkpt lat="29.481" lon="-97.19044">
        <ele>145.8</ele>
      </trkpt>
      <trkpt lat="29.47992" lon="-97.19042">
        <ele>142.6</ele>
      </trkpt>
      <trkpt lat="29.47967" lon="-97.19041">
        <ele>141.6</ele>
      </trkpt>
      <trkpt lat="29.47892" lon="-97.19041">
        <ele>138.9</ele>
      </trkpt>
      <trkpt lat="29.47871" lon="-97.19041">
        <ele>138.2</ele>
      </trkpt>
      <trkpt lat="29.47866" lon="-97.19041">
        <ele>138.1</ele>
      </trkpt>
      <trkpt lat="29.47866" lon="-97.19041">
        <ele>138.1</ele>
      </trkpt>
      <trkpt lat="29.47866" lon="-97.19056">
        <ele>137.9</ele>
      </trkpt>
      <trkpt lat="29.47867" lon="-97.19081">
        <ele>137.2</ele>
      </trkpt>
      <trkpt lat="29.47867" lon="-97.19103">
        <ele>136.4</ele>
      </trkpt>
      <trkpt lat="29.47867" lon="-97.19122">
        <ele>135.7</ele>
      </trkpt>
      <trkpt lat="29.47866" lon="-97.19155">
        <ele>134.5</ele>
      </trkpt>
      <trkpt lat="29.47867" lon="-97.19185">
        <ele>134.0</ele>
      </trkpt>
      <trkpt lat="29.47867" lon="-97.1919999">
        <ele>134.0</ele>
      </trkpt>
      <trkpt lat="29.47867" lon="-97.1924499">
        <ele>133.4</ele>
      </trkpt>
      <trkpt lat="29.47867" lon="-97.19247">
        <ele>133.4</ele>
      </trkpt>
      <trkpt lat="29.47867" lon="-97.19287">
        <ele>133.4</ele>
      </trkpt>
      <trkpt lat="29.47867" lon="-97.19288">
        <ele>133.4</ele>
      </trkpt>
      <trkpt lat="29.47866" lon="-97.1937">
        <ele>135.7</ele>
      </trkpt>
      <trkpt lat="29.47866" lon="-97.19389">
        <ele>136.4</ele>
      </trkpt>
      <trkpt lat="29.47866" lon="-97.19412">
        <ele>137.4</ele>
      </trkpt>
      <trkpt lat="29.47865" lon="-97.19446">
        <ele>139.3</ele>
      </trkpt>
      <trkpt lat="29.47865" lon="-97.19488">
        <ele>141.6</ele>
      </trkpt>
      <trkpt lat="29.47865" lon="-97.19515">
        <ele>143.0</ele>
      </trkpt>
      <trkpt lat="29.47865" lon="-97.19556">
        <ele>144.1</ele>
      </trkpt>
      <trkpt lat="29.47864" lon="-97.19581">
        <ele>143.4</ele>
      </trkpt>
      <trkpt lat="29.47864" lon="-97.1963899">
        <ele>142.9</ele>
      </trkpt>
      <trkpt lat="29.47864" lon="-97.19681">
        <ele>144.4</ele>
      </trkpt>
      <trkpt lat="29.47864" lon="-97.1972399">
        <ele>145.9</ele>
      </trkpt>
      <trkpt lat="29.47864" lon="-97.19759">
        <ele>147.3</ele>
      </trkpt>
      <trkpt lat="29.47865" lon="-97.19795">
        <ele>148.7</ele>
      </trkpt>
      <trkpt lat="29.47865" lon="-97.1982699">
        <ele>149.7</ele>
      </trkpt>
      <trkpt lat="29.47864" lon="-97.19877">
        <ele>151.4</ele>
      </trkpt>
      <trkpt lat="29.47864" lon="-97.19941">
        <ele>151.8</ele>
      </trkpt>
      <trkpt lat="29.47863" lon="-97.19982">
        <ele>151.4</ele>
      </trkpt>
      <trkpt lat="29.47863" lon="-97.2002399">
        <ele>149.9</ele>
      </trkpt>
      <trkpt lat="29.47863" lon="-97.20038">
        <ele>149.4</ele>
      </trkpt>
      <trkpt lat="29.47865" lon="-97.20085">
        <ele>147.8</ele>
      </trkpt>
      <trkpt lat="29.47864" lon="-97.2010899">
        <ele>146.4</ele>
      </trkpt>
      <trkpt lat="29.47864" lon="-97.20125">
        <ele>145.7</ele>
      </trkpt>
      <trkpt lat="29.47864" lon="-97.20129">
        <ele>145.6</ele>
      </trkpt>
      <trkpt lat="29.47864" lon="-97.20219">
        <ele>141.1</ele>
      </trkpt>
      <trkpt lat="29.47864" lon="-97.20249">
        <ele>139.7</ele>
      </trkpt>
      <trkpt lat="29.47863" lon="-97.20278">
        <ele>138.6</ele>
      </trkpt>
      <trkpt lat="29.47864" lon="-97.20352">
        <ele>135.4</ele>
      </trkpt>
      <trkpt lat="29.47864" lon="-97.20414">
        <ele>132.8</ele>
      </trkpt>
      <trkpt lat="29.47864" lon="-97.2047599">
        <ele>131.6</ele>
      </trkpt>
      <trkpt lat="29.47864" lon="-97.20508">
        <ele>133.0</ele>
      </trkpt>
      <trkpt lat="29.47864" lon="-97.2052">
        <ele>133.5</ele>
      </trkpt>
      <trkpt lat="29.47864" lon="-97.20573">
        <ele>135.2</ele>
      </trkpt>
      <trkpt lat="29.47864" lon="-97.20584">
        <ele>135.6</ele>
      </trkpt>
      <trkpt lat="29.47863" lon="-97.20613">
        <ele>136.3</ele>
      </trkpt>
      <trkpt lat="29.47864" lon="-97.20683">
        <ele>137.1</ele>
      </trkpt>
      <trkpt lat="29.47863" lon="-97.20802">
        <ele>140.1</ele>
      </trkpt>
      <trkpt lat="29.47863" lon="-97.20894">
        <ele>144.4</ele>
      </trkpt>
      <trkpt lat="29.47863" lon="-97.20895">
        <ele>144.5</ele>
      </trkpt>
      <trkpt lat="29.47863" lon="-97.20968">
        <ele>148.5</ele>
      </trkpt>
      <trkpt lat="29.47863" lon="-97.21005">
        <ele>149.6</ele>
      </trkpt>
      <trkpt lat="29.47862" lon="-97.21015">
        <ele>150.0</ele>
      </trkpt>
      <trkpt lat="29.47861" lon="-97.21026">
        <ele>150.7</ele>
      </trkpt>
      <trkpt lat="29.47859" lon="-97.21035">
        <ele>151.1</ele>
      </trkpt>
      <trkpt lat="29.47857" lon="-97.21042">
        <ele>151.4</ele>
      </trkpt>
      <trkpt lat="29.47844" lon="-97.21078">
        <ele>152.8</ele>
      </trkpt>
      <trkpt lat="29.47843" lon="-97.2108499">
        <ele>152.9</ele>
      </trkpt>
      <trkpt lat="29.47835" lon="-97.2111">
        <ele>152.9</ele>
      </trkpt>
      <trkpt lat="29.4783" lon="-97.21124">
        <ele>152.9</ele>
      </trkpt>
      <trkpt lat="29.4783" lon="-97.21124">
        <ele>152.9</ele>
      </trkpt>
      <trkpt lat="29.47823" lon="-97.2114299">
        <ele>152.9</ele>
      </trkpt>
      <trkpt lat="29.47809" lon="-97.21186">
        <ele>152.9</ele>
      </trkpt>
      <trkpt lat="29.47807" lon="-97.2119">
        <ele>152.8</ele>
      </trkpt>
      <trkpt lat="29.47783" lon="-97.21263">
        <ele>152.9</ele>
      </trkpt>
      <trkpt lat="29.47776" lon="-97.21283">
        <ele>153.0</ele>
      </trkpt>
      <trkpt lat="29.47771" lon="-97.2129999">
        <ele>153.0</ele>
      </trkpt>
      <trkpt lat="29.47763" lon="-97.21322">
        <ele>153.1</ele>
      </trkpt>
      <trkpt lat="29.47756" lon="-97.2133999">
        <ele>153.1</ele>
      </trkpt>
      <trkpt lat="29.47742" lon="-97.21383">
        <ele>152.5</ele>
      </trkpt>
      <trkpt lat="29.47718" lon="-97.21457">
        <ele>150.6</ele>
      </trkpt>
      <trkpt lat="29.47716" lon="-97.2146099">
        <ele>150.5</ele>
      </trkpt>
      <trkpt lat="29.47681" lon="-97.21571">
        <ele>150.3</ele>
      </trkpt>
      <trkpt lat="29.47674" lon="-97.21592">
        <ele>151.1</ele>
      </trkpt>
      <trkpt lat="29.47672" lon="-97.21596">
        <ele>151.2</ele>
      </trkpt>
      <trkpt lat="29.47666" lon="-97.21617">
        <ele>151.8</ele>
      </trkpt>
      <trkpt lat="29.47659" lon="-97.21637">
        <ele>151.9</ele>
      </trkpt>
      <trkpt lat="29.47645" lon="-97.21679">
        <ele>152.8</ele>
      </trkpt>
      <trkpt lat="29.47627" lon="-97.2173">
        <ele>154.6</ele>
      </trkpt>
      <trkpt lat="29.4761" lon="-97.21781">
        <ele>155.8</ele>
      </trkpt>
      <trkpt lat="29.47607" lon="-97.21791">
        <ele>156.2</ele>
      </trkpt>
      <trkpt lat="29.476" lon="-97.21811">
        <ele>157.0</ele>
      </trkpt>
      <trkpt lat="29.47597" lon="-97.21821">
        <ele>157.4</ele>
      </trkpt>
      <trkpt lat="29.47588" lon="-97.2184599">
        <ele>158.0</ele>
      </trkpt>
      <trkpt lat="29.47544" lon="-97.21974">
        <ele>158.9</ele>
      </trkpt>
      <trkpt lat="29.47535" lon="-97.22">
        <ele>158.5</ele>
      </trkpt>
      <trkpt lat="29.4751" lon="-97.22077">
        <ele>157.1</ele>
      </trkpt>
      <trkpt lat="29.47509" lon="-97.2208">
        <ele>157.0</ele>
      </trkpt>
      <trkpt lat="29.47491" lon="-97.2213699">
        <ele>154.8</ele>
      </trkpt>
      <trkpt lat="29.47475" lon="-97.2219">
        <ele>153.2</ele>
      </trkpt>
      <trkpt lat="29.47455" lon="-97.22255">
        <ele>150.7</ele>
      </trkpt>
      <trkpt lat="29.4745" lon="-97.22272">
        <ele>149.9</ele>
      </trkpt>
      <trkpt lat="29.4744" lon="-97.22306">
        <ele>148.7</ele>
      </trkpt>
      <trkpt lat="29.47422" lon="-97.22365">
        <ele>146.9</ele>
      </trkpt>
      <trkpt lat="29.47415" lon="-97.22389">
        <ele>146.1</ele>
      </trkpt>
      <trkpt lat="29.47394" lon="-97.22459">
        <ele>144.6</ele>
      </trkpt>
      <trkpt lat="29.47392" lon="-97.22467">
        <ele>144.4</ele>
      </trkpt>
      <trkpt lat="29.47376" lon="-97.22519">
        <ele>143.2</ele>
      </trkpt>
      <trkpt lat="29.47367" lon="-97.2254899">
        <ele>143.0</ele>
      </trkpt>
      <trkpt lat="29.47362" lon="-97.22565">
        <ele>142.8</ele>
      </trkpt>
      <trkpt lat="29.4736" lon="-97.22573">
        <ele>142.6</ele>
      </trkpt>
      <trkpt lat="29.47333" lon="-97.22663">
        <ele>139.2</ele>
      </trkpt>
      <trkpt lat="29.47322" lon="-97.22701">
        <ele>138.0</ele>
      </trkpt>
      <trkpt lat="29.47312" lon="-97.22733">
        <ele>137.0</ele>
      </trkpt>
      <trkpt lat="29.47308" lon="-97.2274599">
        <ele>136.6</ele>
      </trkpt>
      <trkpt lat="29.47307" lon="-97.22754">
        <ele>136.3</ele>
      </trkpt>
      <trkpt lat="29.47308" lon="-97.22762">
        <ele>136.0</ele>
      </trkpt>
      <trkpt lat="29.4731" lon="-97.22765">
        <ele>135.9</ele>
      </trkpt>
      <trkpt lat="29.47312" lon="-97.22768">
        <ele>135.8</ele>
      </trkpt>
      <trkpt lat="29.47316" lon="-97.22771">
        <ele>135.6</ele>
      </trkpt>
      <trkpt lat="29.4732" lon="-97.22772">
        <ele>135.6</ele>
      </trkpt>
      <trkpt lat="29.47325" lon="-97.2277299">
        <ele>135.6</ele>
      </trkpt>
      <trkpt lat="29.47339" lon="-97.22776">
        <ele>135.5</ele>
      </trkpt>
      <trkpt lat="29.47403" lon="-97.2279">
        <ele>135.6</ele>
      </trkpt>
      <trkpt lat="29.47407" lon="-97.2279">
        <ele>135.7</ele>
      </trkpt>
      <trkpt lat="29.4741" lon="-97.22792">
        <ele>135.7</ele>
      </trkpt>
      <trkpt lat="29.47413" lon="-97.22795">
        <ele>135.7</ele>
      </trkpt>
      <trkpt lat="29.47415" lon="-97.22797">
        <ele>135.7</ele>
      </trkpt>
      <trkpt lat="29.47416" lon="-97.228">
        <ele>135.7</ele>
      </trkpt>
      <trkpt lat="29.47417" lon="-97.22805">
        <ele>135.7</ele>
      </trkpt>
      <trkpt lat="29.47417" lon="-97.22808">
        <ele>135.7</ele>
      </trkpt>
      <trkpt lat="29.47417" lon="-97.22809">
        <ele>135.6</ele>
      </trkpt>
      <trkpt lat="29.47415" lon="-97.22814">
        <ele>135.6</ele>
      </trkpt>
      <trkpt lat="29.47395" lon="-97.22847">
        <ele>135.1</ele>
      </trkpt>
      <trkpt lat="29.47381" lon="-97.2286699">
        <ele>134.9</ele>
      </trkpt>
      <trkpt lat="29.47365" lon="-97.22896">
        <ele>134.7</ele>
      </trkpt>
      <trkpt lat="29.47357" lon="-97.22911">
        <ele>135.7</ele>
      </trkpt>
      <trkpt lat="29.47346" lon="-97.2293">
        <ele>137.3</ele>
      </trkpt>
      <trkpt lat="29.47346" lon="-97.2293">
        <ele>137.3</ele>
      </trkpt>
      <trkpt lat="29.47338" lon="-97.22938">
        <ele>137.3</ele>
      </trkpt>
      <trkpt lat="29.4731" lon="-97.22987">
        <ele>137.9</ele>
      </trkpt>
      <trkpt lat="29.47271" lon="-97.23057">
        <ele>139.6</ele>
      </trkpt>
      <trkpt lat="29.47242" lon="-97.23109">
        <ele>140.5</ele>
      </trkpt>
      <trkpt lat="29.47227" lon="-97.23134">
        <ele>141.7</ele>
      </trkpt>
      <trkpt lat="29.47222" lon="-97.23143">
        <ele>142.1</ele>
      </trkpt>
      <trkpt lat="29.47162" lon="-97.23246">
        <ele>146.4</ele>
      </trkpt>
      <trkpt lat="29.47133" lon="-97.23297">
        <ele>147.8</ele>
      </trkpt>
      <trkpt lat="29.47132" lon="-97.23298">
        <ele>147.8</ele>
      </trkpt>
      <trkpt lat="29.47101" lon="-97.23349">
        <ele>147.6</ele>
      </trkpt>
      <trkpt lat="29.47088" lon="-97.2337">
        <ele>147.4</ele>
      </trkpt>
      <trkpt lat="29.47033" lon="-97.23463">
        <ele>144.8</ele>
      </trkpt>
      <trkpt lat="29.46999" lon="-97.23518">
        <ele>144.0</ele>
      </trkpt>
      <trkpt lat="29.4698" lon="-97.23548">
        <ele>144.4</ele>
      </trkpt>
      <trkpt lat="29.46978" lon="-97.2355199">
        <ele>144.6</ele>
      </trkpt>
      <trkpt lat="29.4697" lon="-97.23566">
        <ele>145.2</ele>
      </trkpt>
      <trkpt lat="29.46958" lon="-97.23587">
        <ele>146.0</ele>
      </trkpt>
      <trkpt lat="29.46936" lon="-97.23623">
        <ele>147.5</ele>
      </trkpt>
      <trkpt lat="29.46907" lon="-97.23671">
        <ele>149.9</ele>
      </trkpt>
      <trkpt lat="29.46892" lon="-97.23696">
        <ele>151.2</ele>
      </trkpt>
      <trkpt lat="29.46856" lon="-97.23757">
        <ele>154.6</ele>
      </trkpt>
      <trkpt lat="29.46835" lon="-97.2379">
        <ele>156.8</ele>
      </trkpt>
      <trkpt lat="29.46827" lon="-97.23804">
        <ele>157.8</ele>
      </trkpt>
      <trkpt lat="29.46805" lon="-97.23841">
        <ele>160.0</ele>
      </trkpt>
      <trkpt lat="29.46774" lon="-97.2389199">
        <ele>162.1</ele>
      </trkpt>
      <trkpt lat="29.46759" lon="-97.23918">
        <ele>162.6</ele>
      </trkpt>
      <trkpt lat="29.46743" lon="-97.23943">
        <ele>162.9</ele>
      </trkpt>
      <trkpt lat="29.46719" lon="-97.23984">
        <ele>163.2</ele>
      </trkpt>
      <trkpt lat="29.46713" lon="-97.2399499">
        <ele>163.3</ele>
      </trkpt>
      <trkpt lat="29.46652" lon="-97.24097">
        <ele>162.8</ele>
      </trkpt>
      <trkpt lat="29.46629" lon="-97.24135">
        <ele>161.0</ele>
      </trkpt>
      <trkpt lat="29.46627" lon="-97.24138">
        <ele>161.0</ele>
      </trkpt>
      <trkpt lat="29.4662" lon="-97.24149">
        <ele>160.8</ele>
      </trkpt>
      <trkpt lat="29.46616" lon="-97.24153">
        <ele>160.7</ele>
      </trkpt>
      <trkpt lat="29.46616" lon="-97.24153">
        <ele>160.7</ele>
      </trkpt>
      <trkpt lat="29.4662" lon="-97.24165">
        <ele>160.4</ele>
      </trkpt>
      <trkpt lat="29.46622" lon="-97.24171">
        <ele>160.3</ele>
      </trkpt>
      <trkpt lat="29.46629" lon="-97.2419199">
        <ele>159.3</ele>
      </trkpt>
      <trkpt lat="29.46651" lon="-97.24269">
        <ele>154.7</ele>
      </trkpt>
      <trkpt lat="29.46663" lon="-97.24308">
        <ele>153.2</ele>
      </trkpt>
      <trkpt lat="29.4667" lon="-97.24334">
        <ele>152.4</ele>
      </trkpt>
      <trkpt lat="29.46675" lon="-97.24347">
        <ele>151.7</ele>
      </trkpt>
      <trkpt lat="29.46681" lon="-97.24367">
        <ele>150.8</ele>
      </trkpt>
      <trkpt lat="29.46683" lon="-97.24375">
        <ele>150.9</ele>
      </trkpt>
      <trkpt lat="29.46692" lon="-97.24406">
        <ele>152.5</ele>
      </trkpt>
      <trkpt lat="29.46709" lon="-97.24464">
        <ele>156.0</ele>
      </trkpt>
      <trkpt lat="29.46715" lon="-97.24484">
        <ele>156.8</ele>
      </trkpt>
      <trkpt lat="29.46726" lon="-97.24524">
        <ele>157.9</ele>
      </trkpt>
      <trkpt lat="29.46737" lon="-97.24563">
        <ele>157.7</ele>
      </trkpt>
      <trkpt lat="29.46759" lon="-97.24641">
        <ele>154.4</ele>
      </trkpt>
      <trkpt lat="29.46771" lon="-97.24681">
        <ele>155.5</ele>
      </trkpt>
      <trkpt lat="29.46774" lon="-97.24691">
        <ele>156.0</ele>
      </trkpt>
      <trkpt lat="29.46786" lon="-97.2473">
        <ele>156.0</ele>
      </trkpt>
      <trkpt lat="29.46789" lon="-97.24739">
        <ele>155.8</ele>
      </trkpt>
      <trkpt lat="29.46795" lon="-97.24762">
        <ele>155.2</ele>
      </trkpt>
      <trkpt lat="29.46807" lon="-97.2480099">
        <ele>153.6</ele>
      </trkpt>
      <trkpt lat="29.46813" lon="-97.24825">
        <ele>152.0</ele>
      </trkpt>
      <trkpt lat="29.4682" lon="-97.24846">
        <ele>150.2</ele>
      </trkpt>
      <trkpt lat="29.46833" lon="-97.2489">
        <ele>147.4</ele>
      </trkpt>
      <trkpt lat="29.46836" lon="-97.24899">
        <ele>146.8</ele>
      </trkpt>
      <trkpt lat="29.46858" lon="-97.24977">
        <ele>139.9</ele>
      </trkpt>
      <trkpt lat="29.46874" lon="-97.2503">
        <ele>136.1</ele>
      </trkpt>
      <trkpt lat="29.46875" lon="-97.25036">
        <ele>136.0</ele>
      </trkpt>
      <trkpt lat="29.46894" lon="-97.251">
        <ele>136.1</ele>
      </trkpt>
      <trkpt lat="29.46898" lon="-97.25115">
        <ele>136.2</ele>
      </trkpt>
      <trkpt lat="29.46902" lon="-97.25128">
        <ele>136.4</ele>
      </trkpt>
      <trkpt lat="29.4691" lon="-97.25153">
        <ele>136.1</ele>
      </trkpt>
      <trkpt lat="29.46915" lon="-97.25164">
        <ele>135.9</ele>
      </trkpt>
      <trkpt lat="29.4692" lon="-97.25171">
        <ele>135.9</ele>
      </trkpt>
      <trkpt lat="29.46923" lon="-97.25174">
        <ele>136.0</ele>
      </trkpt>
      <trkpt lat="29.46928" lon="-97.25178">
        <ele>136.0</ele>
      </trkpt>
      <trkpt lat="29.46934" lon="-97.25181">
        <ele>136.1</ele>
      </trkpt>
      <trkpt lat="29.46942" lon="-97.25183">
        <ele>136.4</ele>
      </trkpt>
      <trkpt lat="29.46956" lon="-97.25184">
        <ele>137.0</ele>
      </trkpt>
      <trkpt lat="29.46981" lon="-97.2518599">
        <ele>137.8</ele>
      </trkpt>
      <trkpt lat="29.47005" lon="-97.25188">
        <ele>138.9</ele>
      </trkpt>
      <trkpt lat="29.47007" lon="-97.25188">
        <ele>138.9</ele>
      </trkpt>
      <trkpt lat="29.47028" lon="-97.25189">
        <ele>139.1</ele>
      </trkpt>
      <trkpt lat="29.47043" lon="-97.25191">
        <ele>139.2</ele>
      </trkpt>
      <trkpt lat="29.47046" lon="-97.25191">
        <ele>139.2</ele>
      </trkpt>
      <trkpt lat="29.47055" lon="-97.25193">
        <ele>139.3</ele>
      </trkpt>
      <trkpt lat="29.47057" lon="-97.25194">
        <ele>139.3</ele>
      </trkpt>
      <trkpt lat="29.47058" lon="-97.2519499">
        <ele>139.2</ele>
      </trkpt>
      <trkpt lat="29.4706" lon="-97.2519499">
        <ele>139.2</ele>
      </trkpt>
      <trkpt lat="29.47061" lon="-97.25197">
        <ele>139.1</ele>
      </trkpt>
      <trkpt lat="29.47063" lon="-97.25198">
        <ele>139.0</ele>
      </trkpt>
      <trkpt lat="29.47064" lon="-97.25199">
        <ele>138.9</ele>
      </trkpt>
      <trkpt lat="29.47065" lon="-97.252">
        <ele>138.9</ele>
      </trkpt>
      <trkpt lat="29.47066" lon="-97.25202">
        <ele>138.7</ele>
      </trkpt>
      <trkpt lat="29.47067" lon="-97.25203">
        <ele>138.6</ele>
      </trkpt>
      <trkpt lat="29.47068" lon="-97.25205">
        <ele>138.5</ele>
      </trkpt>
      <trkpt lat="29.47069" lon="-97.25208">
        <ele>138.2</ele>
      </trkpt>
      <trkpt lat="29.4707" lon="-97.25212">
        <ele>137.9</ele>
      </trkpt>
      <trkpt lat="29.47071" lon="-97.25214">
        <ele>137.7</ele>
      </trkpt>
      <trkpt lat="29.47083" lon="-97.25265">
        <ele>133.9</ele>
      </trkpt>
      <trkpt lat="29.47085" lon="-97.25272">
        <ele>133.4</ele>
      </trkpt>
      <trkpt lat="29.47092" lon="-97.25301">
        <ele>131.8</ele>
      </trkpt>
      <trkpt lat="29.471" lon="-97.25331">
        <ele>130.2</ele>
      </trkpt>
      <trkpt lat="29.47102" lon="-97.25338">
        <ele>129.8</ele>
      </trkpt>
      <trkpt lat="29.47113" lon="-97.25387">
        <ele>127.2</ele>
      </trkpt>
      <trkpt lat="29.47119" lon="-97.25411">
        <ele>126.1</ele>
      </trkpt>
      <trkpt lat="29.47144" lon="-97.2551">
        <ele>122.0</ele>
      </trkpt>
      <trkpt lat="29.47163" lon="-97.25584">
        <ele>120.0</ele>
      </trkpt>
      <trkpt lat="29.47185" lon="-97.25669">
        <ele>117.3</ele>
      </trkpt>
      <trkpt lat="29.47188" lon="-97.25681">
        <ele>116.9</ele>
      </trkpt>
      <trkpt lat="29.47197" lon="-97.25718">
        <ele>116.2</ele>
      </trkpt>
      <trkpt lat="29.472" lon="-97.25728">
        <ele>116.0</ele>
      </trkpt>
      <trkpt lat="29.4721" lon="-97.25765">
        <ele>115.1</ele>
      </trkpt>
      <trkpt lat="29.47216" lon="-97.25793">
        <ele>113.6</ele>
      </trkpt>
      <trkpt lat="29.47227" lon="-97.25838">
        <ele>113.2</ele>
      </trkpt>
      <trkpt lat="29.47241" lon="-97.25892">
        <ele>112.6</ele>
      </trkpt>
      <trkpt lat="29.47242" lon="-97.25895">
        <ele>112.6</ele>
      </trkpt>
      <trkpt lat="29.47256" lon="-97.25952">
        <ele>112.6</ele>
      </trkpt>
      <trkpt lat="29.4726" lon="-97.25967">
        <ele>112.7</ele>
      </trkpt>
      <trkpt lat="29.4727" lon="-97.26011">
        <ele>112.8</ele>
      </trkpt>
      <trkpt lat="29.4728" lon="-97.26051">
        <ele>113.9</ele>
      </trkpt>
      <trkpt lat="29.47286" lon="-97.26073">
        <ele>114.2</ele>
      </trkpt>
      <trkpt lat="29.4729" lon="-97.26083">
        <ele>114.2</ele>
      </trkpt>
      <trkpt lat="29.47294" lon="-97.26089">
        <ele>114.2</ele>
      </trkpt>
      <trkpt lat="29.47299" lon="-97.26091">
        <ele>114.2</ele>
      </trkpt>
      <trkpt lat="29.47308" lon="-97.26096">
        <ele>114.2</ele>
      </trkpt>
      <trkpt lat="29.47321" lon="-97.26099">
        <ele>114.2</ele>
      </trkpt>
      <trkpt lat="29.47345" lon="-97.261">
        <ele>114.1</ele>
      </trkpt>
      <trkpt lat="29.47378" lon="-97.26096">
        <ele>114.1</ele>
      </trkpt>
      <trkpt lat="29.47407" lon="-97.26093">
        <ele>113.8</ele>
      </trkpt>
      <trkpt lat="29.47418" lon="-97.26091">
        <ele>113.5</ele>
      </trkpt>
      <trkpt lat="29.47431" lon="-97.26088">
        <ele>113.1</ele>
      </trkpt>
      <trkpt lat="29.47491" lon="-97.26083">
        <ele>110.6</ele>
      </trkpt>
      <trkpt lat="29.47497" lon="-97.26083">
        <ele>110.4</ele>
      </trkpt>
      <trkpt lat="29.47517" lon="-97.26081">
        <ele>109.7</ele>
      </trkpt>
      <trkpt lat="29.47524" lon="-97.26081">
        <ele>109.3</ele>
      </trkpt>
      <trkpt lat="29.47535" lon="-97.26081">
        <ele>108.6</ele>
      </trkpt>
      <trkpt lat="29.47546" lon="-97.26081">
        <ele>107.6</ele>
      </trkpt>
      <trkpt lat="29.4755" lon="-97.26083">
        <ele>107.4</ele>
      </trkpt>
      <trkpt lat="29.47555" lon="-97.26085">
        <ele>107.0</ele>
      </trkpt>
      <trkpt lat="29.4756" lon="-97.26087">
        <ele>106.8</ele>
      </trkpt>
      <trkpt lat="29.47564" lon="-97.26091">
        <ele>106.6</ele>
      </trkpt>
      <trkpt lat="29.47574" lon="-97.261">
        <ele>106.6</ele>
      </trkpt>
      <trkpt lat="29.47608" lon="-97.26132">
        <ele>106.7</ele>
      </trkpt>
      <trkpt lat="29.47627" lon="-97.2615">
        <ele>106.7</ele>
      </trkpt>
      <trkpt lat="29.47661" lon="-97.26182">
        <ele>104.1</ele>
      </trkpt>
      <trkpt lat="29.47684" lon="-97.26204">
        <ele>103.7</ele>
      </trkpt>
      <trkpt lat="29.47686" lon="-97.26205">
        <ele>103.7</ele>
      </trkpt>
      <trkpt lat="29.47699" lon="-97.26218">
        <ele>103.7</ele>
      </trkpt>
      <trkpt lat="29.47708" lon="-97.26224">
        <ele>103.7</ele>
      </trkpt>
      <trkpt lat="29.47715" lon="-97.26228">
        <ele>103.7</ele>
      </trkpt>
      <trkpt lat="29.47727" lon="-97.26232">
        <ele>103.9</ele>
      </trkpt>
      <trkpt lat="29.47739" lon="-97.26235">
        <ele>104.3</ele>
      </trkpt>
      <trkpt lat="29.47748" lon="-97.26236">
        <ele>104.7</ele>
      </trkpt>
      <trkpt lat="29.47753" lon="-97.26235">
        <ele>104.9</ele>
      </trkpt>
      <trkpt lat="29.4776" lon="-97.26233">
        <ele>105.1</ele>
      </trkpt>
      <trkpt lat="29.47769" lon="-97.2622899">
        <ele>105.3</ele>
      </trkpt>
      <trkpt lat="29.47778" lon="-97.26224">
        <ele>105.4</ele>
      </trkpt>
      <trkpt lat="29.47784" lon="-97.26219">
        <ele>105.5</ele>
      </trkpt>
      <trkpt lat="29.4779" lon="-97.26212">
        <ele>105.7</ele>
      </trkpt>
      <trkpt lat="29.47796" lon="-97.26204">
        <ele>105.9</ele>
      </trkpt>
      <trkpt lat="29.478" lon="-97.26198">
        <ele>106.0</ele>
      </trkpt>
      <trkpt lat="29.47803" lon="-97.26191">
        <ele>106.2</ele>
      </trkpt>
      <trkpt lat="29.47804" lon="-97.26182">
        <ele>106.5</ele>
      </trkpt>
      <trkpt lat="29.47804" lon="-97.26168">
        <ele>107.0</ele>
      </trkpt>
      <trkpt lat="29.47804" lon="-97.26156">
        <ele>107.6</ele>
      </trkpt>
      <trkpt lat="29.47805" lon="-97.26122">
        <ele>109.8</ele>
      </trkpt>
      <trkpt lat="29.47805" lon="-97.26111">
        <ele>110.0</ele>
      </trkpt>
      <trkpt lat="29.47806" lon="-97.26106">
        <ele>110.1</ele>
      </trkpt>
      <trkpt lat="29.4781" lon="-97.26102">
        <ele>110.1</ele>
      </trkpt>
      <trkpt lat="29.47814" lon="-97.261">
        <ele>110.2</ele>
      </trkpt>
      <trkpt lat="29.47823" lon="-97.261">
        <ele>110.1</ele>
      </trkpt>
      <trkpt lat="29.47856" lon="-97.26102">
        <ele>109.4</ele>
      </trkpt>
      <trkpt lat="29.47899" lon="-97.26104">
        <ele>108.3</ele>
      </trkpt>
      <trkpt lat="29.4793" lon="-97.26106">
        <ele>108.2</ele>
      </trkpt>
      <trkpt lat="29.47933" lon="-97.26106">
        <ele>108.3</ele>
      </trkpt>
      <trkpt lat="29.47959" lon="-97.26109">
        <ele>108.4</ele>
      </trkpt>
      <trkpt lat="29.47985" lon="-97.26112">
        <ele>108.9</ele>
      </trkpt>
      <trkpt lat="29.4802" lon="-97.26118">
        <ele>109.8</ele>
      </trkpt>
      <trkpt lat="29.48062" lon="-97.26125">
        <ele>111.2</ele>
      </trkpt>
      <trkpt lat="29.48094" lon="-97.26131">
        <ele>111.6</ele>
      </trkpt>
      <trkpt lat="29.4814" lon="-97.2614">
        <ele>111.8</ele>
      </trkpt>
      <trkpt lat="29.48144" lon="-97.26141">
        <ele>111.7</ele>
      </trkpt>
      <trkpt lat="29.48162" lon="-97.26145">
        <ele>111.5</ele>
      </trkpt>
      <trkpt lat="29.48175" lon="-97.26145">
        <ele>111.5</ele>
      </trkpt>
      <trkpt lat="29.48185" lon="-97.2614399">
        <ele>111.5</ele>
      </trkpt>
      <trkpt lat="29.48198" lon="-97.26141">
        <ele>111.4</ele>
      </trkpt>
      <trkpt lat="29.48233" lon="-97.26133">
        <ele>111.9</ele>
      </trkpt>
      <trkpt lat="29.48236" lon="-97.26133">
        <ele>112.0</ele>
      </trkpt>
      <trkpt lat="29.48285" lon="-97.2612">
        <ele>115.0</ele>
      </trkpt>
      <trkpt lat="29.48286" lon="-97.26119">
        <ele>115.1</ele>
      </trkpt>
      <trkpt lat="29.48337" lon="-97.26106">
        <ele>117.4</ele>
      </trkpt>
      <trkpt lat="29.48373" lon="-97.26096">
        <ele>118.4</ele>
      </trkpt>
      <trkpt lat="29.4839" lon="-97.26092">
        <ele>118.8</ele>
      </trkpt>
      <trkpt lat="29.48399" lon="-97.26089">
        <ele>118.8</ele>
      </trkpt>
      <trkpt lat="29.48419" lon="-97.26085">
        <ele>119.0</ele>
      </trkpt>
      <trkpt lat="29.48419" lon="-97.26085">
        <ele>119.0</ele>
      </trkpt>
      <trkpt lat="29.48422" lon="-97.26064">
        <ele>121.0</ele>
      </trkpt>
      <trkpt lat="29.48423" lon="-97.26058">
        <ele>121.3</ele>
      </trkpt>
      <trkpt lat="29.48427" lon="-97.26045">
        <ele>122.0</ele>
      </trkpt>
      <trkpt lat="29.48431" lon="-97.26028">
        <ele>122.8</ele>
      </trkpt>
      <trkpt lat="29.48435" lon="-97.26008">
        <ele>123.7</ele>
      </trkpt>
      <trkpt lat="29.48446" lon="-97.25968">
        <ele>125.4</ele>
      </trkpt>
      <trkpt lat="29.48453" lon="-97.25937">
        <ele>127.0</ele>
      </trkpt>
      <trkpt lat="29.48466" lon="-97.2588899">
        <ele>128.4</ele>
      </trkpt>
      <trkpt lat="29.48468" lon="-97.2587999">
        <ele>129.2</ele>
      </trkpt>
      <trkpt lat="29.48475" lon="-97.25851">
        <ele>130.8</ele>
      </trkpt>
      <trkpt lat="29.48483" lon="-97.25822">
        <ele>131.1</ele>
      </trkpt>
      <trkpt lat="29.4849" lon="-97.25794">
        <ele>132.2</ele>
      </trkpt>
      <trkpt lat="29.48492" lon="-97.25787">
        <ele>132.4</ele>
      </trkpt>
      <trkpt lat="29.48506" lon="-97.25731">
        <ele>133.7</ele>
      </trkpt>
      <trkpt lat="29.48513" lon="-97.25708">
        <ele>133.7</ele>
      </trkpt>
      <trkpt lat="29.48514" lon="-97.25702">
        <ele>133.7</ele>
      </trkpt>
      <trkpt lat="29.48523" lon="-97.25672">
        <ele>133.5</ele>
      </trkpt>
      <trkpt lat="29.48524" lon="-97.25669">
        <ele>133.5</ele>
      </trkpt>
      <trkpt lat="29.48528" lon="-97.25652">
        <ele>133.9</ele>
      </trkpt>
      <trkpt lat="29.48531" lon="-97.25632">
        <ele>134.3</ele>
      </trkpt>
      <trkpt lat="29.48533" lon="-97.25615">
        <ele>134.7</ele>
      </trkpt>
      <trkpt lat="29.48533" lon="-97.25608">
        <ele>134.9</ele>
      </trkpt>
      <trkpt lat="29.48533" lon="-97.2558899">
        <ele>135.5</ele>
      </trkpt>
      <trkpt lat="29.48534" lon="-97.25566">
        <ele>136.4</ele>
      </trkpt>
      <trkpt lat="29.48537" lon="-97.25448">
        <ele>139.9</ele>
      </trkpt>
      <trkpt lat="29.4854" lon="-97.2536">
        <ele>143.1</ele>
      </trkpt>
      <trkpt lat="29.48542" lon="-97.25275">
        <ele>146.4</ele>
      </trkpt>
      <trkpt lat="29.48544" lon="-97.2520399">
        <ele>149.6</ele>
      </trkpt>
      <trkpt lat="29.48547" lon="-97.25133">
        <ele>152.0</ele>
      </trkpt>
      <trkpt lat="29.48547" lon="-97.25123">
        <ele>152.4</ele>
      </trkpt>
      <trkpt lat="29.48549" lon="-97.25108">
        <ele>153.1</ele>
      </trkpt>
      <trkpt lat="29.4855" lon="-97.251">
        <ele>153.4</ele>
      </trkpt>
      <trkpt lat="29.48551" lon="-97.25097">
        <ele>153.5</ele>
      </trkpt>
      <trkpt lat="29.48553" lon="-97.2509199">
        <ele>153.5</ele>
      </trkpt>
      <trkpt lat="29.48553" lon="-97.2509199">
        <ele>153.5</ele>
      </trkpt>
      <trkpt lat="29.48599" lon="-97.25094">
        <ele>151.3</ele>
      </trkpt>
      <trkpt lat="29.48689" lon="-97.25098">
        <ele>147.8</ele>
      </trkpt>
      <trkpt lat="29.48707" lon="-97.25099">
        <ele>146.8</ele>
      </trkpt>
      <trkpt lat="29.48725" lon="-97.251">
        <ele>146.2</ele>
      </trkpt>
      <trkpt lat="29.48772" lon="-97.25102">
        <ele>144.2</ele>
      </trkpt>
      <trkpt lat="29.48782" lon="-97.25102">
        <ele>143.7</ele>
      </trkpt>
      <trkpt lat="29.48812" lon="-97.25103">
        <ele>143.1</ele>
      </trkpt>
      <trkpt lat="29.48897" lon="-97.25107">
        <ele>138.9</ele>
      </trkpt>
      <trkpt lat="29.48987" lon="-97.25112">
        <ele>135.2</ele>
      </trkpt>
      <trkpt lat="29.49003" lon="-97.25113">
        <ele>134.7</ele>
      </trkpt>
      <trkpt lat="29.49065" lon="-97.25115">
        <ele>133.8</ele>
      </trkpt>
      <trkpt lat="29.49088" lon="-97.25117">
        <ele>133.1</ele>
      </trkpt>
      <trkpt lat="29.49106" lon="-97.2512">
        <ele>132.6</ele>
      </trkpt>
      <trkpt lat="29.49113" lon="-97.25122">
        <ele>132.5</ele>
      </trkpt>
      <trkpt lat="29.49116" lon="-97.25123">
        <ele>132.5</ele>
      </trkpt>
      <trkpt lat="29.49126" lon="-97.25127">
        <ele>132.3</ele>
      </trkpt>
      <trkpt lat="29.49142" lon="-97.25136">
        <ele>132.0</ele>
      </trkpt>
      <trkpt lat="29.49152" lon="-97.25144">
        <ele>131.9</ele>
      </trkpt>
      <trkpt lat="29.49163" lon="-97.25153">
        <ele>132.0</ele>
      </trkpt>
      <trkpt lat="29.49186" lon="-97.25174">
        <ele>132.4</ele>
      </trkpt>
      <trkpt lat="29.49196" lon="-97.25184">
        <ele>132.5</ele>
      </trkpt>
      <trkpt lat="29.49242" lon="-97.2523">
        <ele>132.6</ele>
      </trkpt>
      <trkpt lat="29.49324" lon="-97.25311">
        <ele>130.1</ele>
      </trkpt>
      <trkpt lat="29.49353" lon="-97.2534">
        <ele>129.1</ele>
      </trkpt>
      <trkpt lat="29.49392" lon="-97.25379">
        <ele>127.8</ele>
      </trkpt>
      <trkpt lat="29.49392" lon="-97.25379">
        <ele>127.8</ele>
      </trkpt>
      <trkpt lat="29.49392" lon="-97.25379">
        <ele>127.8</ele>
      </trkpt>
      <trkpt lat="29.49423" lon="-97.25409">
        <ele>126.4</ele>
      </trkpt>
      <trkpt lat="29.49503" lon="-97.25489">
        <ele>123.6</ele>
      </trkpt>
      <trkpt lat="29.49515" lon="-97.255">
        <ele>123.2</ele>
      </trkpt>
      <trkpt lat="29.49574" lon="-97.25558">
        <ele>121.9</ele>
      </trkpt>
      <trkpt lat="29.49638" lon="-97.25621">
        <ele>119.9</ele>
      </trkpt>
      <trkpt lat="29.49683" lon="-97.25667">
        <ele>118.9</ele>
      </trkpt>
      <trkpt lat="29.49735" lon="-97.25719">
        <ele>117.0</ele>
      </trkpt>
      <trkpt lat="29.49747" lon="-97.25729">
        <ele>116.4</ele>
      </trkpt>
      <trkpt lat="29.4976" lon="-97.25737">
        <ele>115.9</ele>
      </trkpt>
      <trkpt lat="29.49767" lon="-97.2574">
        <ele>115.8</ele>
      </trkpt>
      <trkpt lat="29.49774" lon="-97.25742">
        <ele>115.6</ele>
      </trkpt>
      <trkpt lat="29.4978" lon="-97.25743">
        <ele>115.4</ele>
      </trkpt>
      <trkpt lat="29.49788" lon="-97.25744">
        <ele>114.6</ele>
      </trkpt>
      <trkpt lat="29.49848" lon="-97.2574999">
        <ele>111.9</ele>
      </trkpt>
      <trkpt lat="29.49871" lon="-97.25753">
        <ele>110.1</ele>
      </trkpt>
      <trkpt lat="29.49918" lon="-97.25758">
        <ele>109.7</ele>
      </trkpt>
      <trkpt lat="29.49942" lon="-97.25761">
        <ele>109.3</ele>
      </trkpt>
      <trkpt lat="29.50001" lon="-97.2576799">
        <ele>107.0</ele>
      </trkpt>
      <trkpt lat="29.50028" lon="-97.25771">
        <ele>107.0</ele>
      </trkpt>
      <trkpt lat="29.5005" lon="-97.25773">
        <ele>107.1</ele>
      </trkpt>
      <trkpt lat="29.5006" lon="-97.25775">
        <ele>107.2</ele>
      </trkpt>
      <trkpt lat="29.50091" lon="-97.25778">
        <ele>107.7</ele>
      </trkpt>
      <trkpt lat="29.50104" lon="-97.25781">
        <ele>108.1</ele>
      </trkpt>
      <trkpt lat="29.5011" lon="-97.25783">
        <ele>108.4</ele>
      </trkpt>
      <trkpt lat="29.50116" lon="-97.25788">
        <ele>108.6</ele>
      </trkpt>
      <trkpt lat="29.50124" lon="-97.25793">
        <ele>108.8</ele>
      </trkpt>
      <trkpt lat="29.50148" lon="-97.25815">
        <ele>109.2</ele>
      </trkpt>
      <trkpt lat="29.50167" lon="-97.25833">
        <ele>109.2</ele>
      </trkpt>
      <trkpt lat="29.50176" lon="-97.25841">
        <ele>109.2</ele>
      </trkpt>
      <trkpt lat="29.50204" lon="-97.25866">
        <ele>108.3</ele>
      </trkpt>
      <trkpt lat="29.50224" lon="-97.2589">
        <ele>106.6</ele>
      </trkpt>
      <trkpt lat="29.50234" lon="-97.25902">
        <ele>106.3</ele>
      </trkpt>
      <trkpt lat="29.50276" lon="-97.25944">
        <ele>103.6</ele>
      </trkpt>
      <trkpt lat="29.503" lon="-97.25967">
        <ele>102.2</ele>
      </trkpt>
      <trkpt lat="29.50324" lon="-97.2599">
        <ele>101.1</ele>
      </trkpt>
      <trkpt lat="29.50339" lon="-97.26004">
        <ele>100.0</ele>
      </trkpt>
      <trkpt lat="29.50364" lon="-97.26027">
        <ele>101.0</ele>
      </trkpt>
      <trkpt lat="29.50383" lon="-97.26046">
        <ele>101.7</ele>
      </trkpt>
      <trkpt lat="29.50416" lon="-97.26075">
        <ele>102.4</ele>
      </trkpt>
      <trkpt lat="29.5043" lon="-97.26089">
        <ele>102.7</ele>
      </trkpt>
      <trkpt lat="29.50444" lon="-97.26101">
        <ele>102.9</ele>
      </trkpt>
      <trkpt lat="29.50449" lon="-97.26109">
        <ele>103.1</ele>
      </trkpt>
      <trkpt lat="29.50453" lon="-97.26116">
        <ele>103.2</ele>
      </trkpt>
      <trkpt lat="29.50457" lon="-97.26124">
        <ele>103.4</ele>
      </trkpt>
      <trkpt lat="29.50462" lon="-97.26139">
        <ele>103.6</ele>
      </trkpt>
      <trkpt lat="29.50466" lon="-97.26159">
        <ele>104.2</ele>
      </trkpt>
      <trkpt lat="29.50469" lon="-97.26182">
        <ele>105.9</ele>
      </trkpt>
      <trkpt lat="29.50474" lon="-97.26213">
        <ele>106.8</ele>
      </trkpt>
      <trkpt lat="29.50488" lon="-97.26305">
        <ele>108.9</ele>
      </trkpt>
      <trkpt lat="29.50498" lon="-97.26378">
        <ele>108.3</ele>
      </trkpt>
      <trkpt lat="29.50498" lon="-97.26387">
        <ele>108.3</ele>
      </trkpt>
      <trkpt lat="29.50497" lon="-97.26397">
        <ele>108.2</ele>
      </trkpt>
      <trkpt lat="29.50496" lon="-97.264">
        <ele>108.2</ele>
      </trkpt>
      <trkpt lat="29.50494" lon="-97.26406">
        <ele>108.2</ele>
      </trkpt>
      <trkpt lat="29.50492" lon="-97.26418">
        <ele>108.2</ele>
      </trkpt>
      <trkpt lat="29.50484" lon="-97.26433">
        <ele>108.2</ele>
      </trkpt>
      <trkpt lat="29.50473" lon="-97.26448">
        <ele>108.3</ele>
      </trkpt>
      <trkpt lat="29.50443" lon="-97.2649">
        <ele>108.3</ele>
      </trkpt>
      <trkpt lat="29.50419" lon="-97.2651999">
        <ele>108.1</ele>
      </trkpt>
      <trkpt lat="29.50416" lon="-97.26526">
        <ele>108.0</ele>
      </trkpt>
      <trkpt lat="29.50414" lon="-97.2653">
        <ele>108.0</ele>
      </trkpt>
      <trkpt lat="29.50413" lon="-97.26533">
        <ele>107.9</ele>
      </trkpt>
      <trkpt lat="29.5041" lon="-97.2654">
        <ele>107.8</ele>
      </trkpt>
      <trkpt lat="29.50409" lon="-97.2654699">
        <ele>107.8</ele>
      </trkpt>
      <trkpt lat="29.50409" lon="-97.26554">
        <ele>107.7</ele>
      </trkpt>
      <trkpt lat="29.50409" lon="-97.26561">
        <ele>107.6</ele>
      </trkpt>
      <trkpt lat="29.50412" lon="-97.26577">
        <ele>107.4</ele>
      </trkpt>
      <trkpt lat="29.50423" lon="-97.26617">
        <ele>106.8</ele>
      </trkpt>
      <trkpt lat="29.50423" lon="-97.2662">
        <ele>106.7</ele>
      </trkpt>
      <trkpt lat="29.50432" lon="-97.26653">
        <ele>105.9</ele>
      </trkpt>
      <trkpt lat="29.50449" lon="-97.26713">
        <ele>103.6</ele>
      </trkpt>
      <trkpt lat="29.50451" lon="-97.26718">
        <ele>103.6</ele>
      </trkpt>
      <trkpt lat="29.50467" lon="-97.26777">
        <ele>102.2</ele>
      </trkpt>
      <trkpt lat="29.50477" lon="-97.26817">
        <ele>101.5</ele>
      </trkpt>
      <trkpt lat="29.50507" lon="-97.26929">
        <ele>99.9</ele>
      </trkpt>
      <trkpt lat="29.50514" lon="-97.26955">
        <ele>99.5</ele>
      </trkpt>
      <trkpt lat="29.50523" lon="-97.26991">
        <ele>98.9</ele>
      </trkpt>
      <trkpt lat="29.50524" lon="-97.26995">
        <ele>98.8</ele>
      </trkpt>
      <trkpt lat="29.50529" lon="-97.2701">
        <ele>98.4</ele>
      </trkpt>
      <trkpt lat="29.5054" lon="-97.27057">
        <ele>96.1</ele>
      </trkpt>
      <trkpt lat="29.50553" lon="-97.27101">
        <ele>94.0</ele>
      </trkpt>
      <trkpt lat="29.50561" lon="-97.27126">
        <ele>93.5</ele>
      </trkpt>
      <trkpt lat="29.50563" lon="-97.27132">
        <ele>93.4</ele>
      </trkpt>
      <trkpt lat="29.50576" lon="-97.27176">
        <ele>93.3</ele>
      </trkpt>
      <trkpt lat="29.5058" lon="-97.27189">
        <ele>93.4</ele>
      </trkpt>
      <trkpt lat="29.50581" lon="-97.27199">
        <ele>93.7</ele>
      </trkpt>
      <trkpt lat="29.50582" lon="-97.27204">
        <ele>93.8</ele>
      </trkpt>
      <trkpt lat="29.50583" lon="-97.27217">
        <ele>94.1</ele>
      </trkpt>
      <trkpt lat="29.50581" lon="-97.2726">
        <ele>95.2</ele>
      </trkpt>
      <trkpt lat="29.50579" lon="-97.27289">
        <ele>96.2</ele>
      </trkpt>
      <trkpt lat="29.50576" lon="-97.27322">
        <ele>97.6</ele>
      </trkpt>
      <trkpt lat="29.50568" lon="-97.27425">
        <ele>101.4</ele>
      </trkpt>
      <trkpt lat="29.50568" lon="-97.2743">
        <ele>101.6</ele>
      </trkpt>
      <trkpt lat="29.50561" lon="-97.27561">
        <ele>106.8</ele>
      </trkpt>
      <trkpt lat="29.5056" lon="-97.27576">
        <ele>107.3</ele>
      </trkpt>
      <trkpt lat="29.50558" lon="-97.27618">
        <ele>108.0</ele>
      </trkpt>
      <trkpt lat="29.50556" lon="-97.2765">
        <ele>107.6</ele>
      </trkpt>
      <trkpt lat="29.50554" lon="-97.277">
        <ele>106.3</ele>
      </trkpt>
      <trkpt lat="29.50552" lon="-97.27742">
        <ele>104.8</ele>
      </trkpt>
      <trkpt lat="29.50551" lon="-97.27776">
        <ele>103.5</ele>
      </trkpt>
      <trkpt lat="29.5055" lon="-97.27792">
        <ele>103.1</ele>
      </trkpt>
      <trkpt lat="29.5055" lon="-97.2780499">
        <ele>102.8</ele>
      </trkpt>
      <trkpt lat="29.50551" lon="-97.27815">
        <ele>102.6</ele>
      </trkpt>
      <trkpt lat="29.50553" lon="-97.27826">
        <ele>102.3</ele>
      </trkpt>
      <trkpt lat="29.50557" lon="-97.27844">
        <ele>101.6</ele>
      </trkpt>
      <trkpt lat="29.50565" lon="-97.27863">
        <ele>100.9</ele>
      </trkpt>
      <trkpt lat="29.50574" lon="-97.27883">
        <ele>100.1</ele>
      </trkpt>
      <trkpt lat="29.50589" lon="-97.27918">
        <ele>98.6</ele>
      </trkpt>
      <trkpt lat="29.50604" lon="-97.27951">
        <ele>97.8</ele>
      </trkpt>
      <trkpt lat="29.50613" lon="-97.27974">
        <ele>97.6</ele>
      </trkpt>
      <trkpt lat="29.50652" lon="-97.2808">
        <ele>97.3</ele>
      </trkpt>
      <trkpt lat="29.50659" lon="-97.2809599">
        <ele>97.2</ele>
      </trkpt>
      <trkpt lat="29.50663" lon="-97.2810499">
        <ele>97.1</ele>
      </trkpt>
      <trkpt lat="29.5068" lon="-97.28143">
        <ele>96.2</ele>
      </trkpt>
      <trkpt lat="29.50705" lon="-97.28191">
        <ele>94.9</ele>
      </trkpt>
      <trkpt lat="29.50717" lon="-97.28215">
        <ele>94.1</ele>
      </trkpt>
      <trkpt lat="29.50721" lon="-97.28222">
        <ele>93.9</ele>
      </trkpt>
      <trkpt lat="29.50754" lon="-97.28283">
        <ele>91.7</ele>
      </trkpt>
      <trkpt lat="29.50768" lon="-97.2831">
        <ele>90.8</ele>
      </trkpt>
      <trkpt lat="29.50781" lon="-97.28335">
        <ele>89.9</ele>
      </trkpt>
      <trkpt lat="29.50803" lon="-97.28376">
        <ele>88.7</ele>
      </trkpt>
      <trkpt lat="29.50813" lon="-97.28397">
        <ele>88.1</ele>
      </trkpt>
      <trkpt lat="29.5082" lon="-97.28417">
        <ele>87.3</ele>
      </trkpt>
      <trkpt lat="29.50821" lon="-97.28424">
        <ele>87.1</ele>
      </trkpt>
      <trkpt lat="29.50822" lon="-97.2843199">
        <ele>86.9</ele>
      </trkpt>
      <trkpt lat="29.5082" lon="-97.28447">
        <ele>86.6</ele>
      </trkpt>
      <trkpt lat="29.50819" lon="-97.28456">
        <ele>86.5</ele>
      </trkpt>
      <trkpt lat="29.50815" lon="-97.2847199">
        <ele>86.5</ele>
      </trkpt>
      <trkpt lat="29.50804" lon="-97.28511">
        <ele>87.8</ele>
      </trkpt>
      <trkpt lat="29.50802" lon="-97.2851699">
        <ele>88.0</ele>
      </trkpt>
      <trkpt lat="29.50795" lon="-97.28539">
        <ele>88.5</ele>
      </trkpt>
      <trkpt lat="29.50793" lon="-97.28546">
        <ele>88.5</ele>
      </trkpt>
      <trkpt lat="29.50788" lon="-97.28563">
        <ele>88.6</ele>
      </trkpt>
      <trkpt lat="29.50776" lon="-97.28604">
        <ele>88.4</ele>
      </trkpt>
      <trkpt lat="29.50768" lon="-97.28633">
        <ele>88.2</ele>
      </trkpt>
      <trkpt lat="29.50764" lon="-97.28652">
        <ele>88.1</ele>
      </trkpt>
      <trkpt lat="29.50762" lon="-97.28671">
        <ele>88.0</ele>
      </trkpt>
      <trkpt lat="29.50762" lon="-97.28677">
        <ele>87.9</ele>
      </trkpt>
      <trkpt lat="29.50761" lon="-97.28682">
        <ele>87.9</ele>
      </trkpt>
      <trkpt lat="29.50761" lon="-97.28721">
        <ele>87.6</ele>
      </trkpt>
      <trkpt lat="29.50761" lon="-97.28841">
        <ele>86.5</ele>
      </trkpt>
      <trkpt lat="29.50762" lon="-97.28868">
        <ele>86.0</ele>
      </trkpt>
      <trkpt lat="29.50762" lon="-97.28939">
        <ele>85.2</ele>
      </trkpt>
      <trkpt lat="29.50762" lon="-97.29027">
        <ele>84.9</ele>
      </trkpt>
      <trkpt lat="29.50762" lon="-97.29028">
        <ele>84.9</ele>
      </trkpt>
      <trkpt lat="29.50762" lon="-97.29036">
        <ele>84.9</ele>
      </trkpt>
      <trkpt lat="29.50763" lon="-97.29043">
        <ele>84.8</ele>
      </trkpt>
      <trkpt lat="29.50765" lon="-97.29049">
        <ele>84.8</ele>
      </trkpt>
      <trkpt lat="29.50768" lon="-97.29055">
        <ele>84.7</ele>
      </trkpt>
      <trkpt lat="29.50771" lon="-97.29059">
        <ele>84.7</ele>
      </trkpt>
      <trkpt lat="29.50776" lon="-97.2906299">
        <ele>84.7</ele>
      </trkpt>
      <trkpt lat="29.50782" lon="-97.29066">
        <ele>84.6</ele>
      </trkpt>
      <trkpt lat="29.50788" lon="-97.29068">
        <ele>84.6</ele>
      </trkpt>
      <trkpt lat="29.50795" lon="-97.29069">
        <ele>84.7</ele>
      </trkpt>
      <trkpt lat="29.50808" lon="-97.29069">
        <ele>84.8</ele>
      </trkpt>
      <trkpt lat="29.50845" lon="-97.2907">
        <ele>85.3</ele>
      </trkpt>
      <trkpt lat="29.50864" lon="-97.2907">
        <ele>85.4</ele>
      </trkpt>
      <trkpt lat="29.50869" lon="-97.29071">
        <ele>85.4</ele>
      </trkpt>
      <trkpt lat="29.50873" lon="-97.29073">
        <ele>85.4</ele>
      </trkpt>
      <trkpt lat="29.50876" lon="-97.29076">
        <ele>85.4</ele>
      </trkpt>
      <trkpt lat="29.50879" lon="-97.2908099">
        <ele>85.4</ele>
      </trkpt>
      <trkpt lat="29.50879" lon="-97.2908099">
        <ele>85.4</ele>
      </trkpt>
      <trkpt lat="29.50878" lon="-97.29089">
        <ele>85.4</ele>
      </trkpt>
      <trkpt lat="29.50877" lon="-97.29096">
        <ele>85.4</ele>
      </trkpt>
      <trkpt lat="29.50876" lon="-97.29122">
        <ele>85.3</ele>
      </trkpt>
      <trkpt lat="29.50875" lon="-97.29226">
        <ele>84.3</ele>
      </trkpt>
      <trkpt lat="29.50875" lon="-97.29333">
        <ele>83.7</ele>
      </trkpt>
      <trkpt lat="29.50875" lon="-97.29345">
        <ele>83.6</ele>
      </trkpt>
      <trkpt lat="29.50875" lon="-97.29397">
        <ele>83.5</ele>
      </trkpt>
      <trkpt lat="29.50875" lon="-97.29432">
        <ele>83.4</ele>
      </trkpt>
      <trkpt lat="29.50875" lon="-97.2954199">
        <ele>83.1</ele>
      </trkpt>
      <trkpt lat="29.50875" lon="-97.29693">
        <ele>82.9</ele>
      </trkpt>
      <trkpt lat="29.50876" lon="-97.29895">
        <ele>82.5</ele>
      </trkpt>
      <trkpt lat="29.50876" lon="-97.29932">
        <ele>82.4</ele>
      </trkpt>
      <trkpt lat="29.50876" lon="-97.30017">
        <ele>81.8</ele>
      </trkpt>
      <trkpt lat="29.50877" lon="-97.3018699">
        <ele>80.3</ele>
      </trkpt>
      <trkpt lat="29.50876" lon="-97.30197">
        <ele>80.2</ele>
      </trkpt>
      <trkpt lat="29.50876" lon="-97.30203">
        <ele>80.1</ele>
      </trkpt>
      <trkpt lat="29.50876" lon="-97.3022699">
        <ele>79.9</ele>
      </trkpt>
      <trkpt lat="29.50877" lon="-97.30302">
        <ele>79.3</ele>
      </trkpt>
      <trkpt lat="29.50878" lon="-97.30345">
        <ele>79.2</ele>
      </trkpt>
      <trkpt lat="29.50878" lon="-97.30369">
        <ele>79.2</ele>
      </trkpt>
      <trkpt lat="29.50878" lon="-97.30414">
        <ele>79.0</ele>
      </trkpt>
      <trkpt lat="29.50875" lon="-97.30489">
        <ele>78.9</ele>
      </trkpt>
      <trkpt lat="29.50875" lon="-97.30493">
        <ele>78.9</ele>
      </trkpt>
      <trkpt lat="29.50869" lon="-97.30597">
        <ele>79.1</ele>
      </trkpt>
      <trkpt lat="29.50864" lon="-97.30711">
        <ele>78.9</ele>
      </trkpt>
      <trkpt lat="29.50863" lon="-97.3072">
        <ele>78.8</ele>
      </trkpt>
      <trkpt lat="29.50857" lon="-97.30903">
        <ele>77.5</ele>
      </trkpt>
      <trkpt lat="29.50854" lon="-97.30978">
        <ele>77.1</ele>
      </trkpt>
      <trkpt lat="29.50852" lon="-97.31009">
        <ele>77.0</ele>
      </trkpt>
      <trkpt lat="29.50851" lon="-97.31041">
        <ele>76.8</ele>
      </trkpt>
      <trkpt lat="29.5085" lon="-97.31071">
        <ele>76.8</ele>
      </trkpt>
      <trkpt lat="29.50848" lon="-97.31108">
        <ele>76.9</ele>
      </trkpt>
      <trkpt lat="29.50847" lon="-97.31144">
        <ele>77.0</ele>
      </trkpt>
      <trkpt lat="29.50843" lon="-97.31194">
        <ele>77.0</ele>
      </trkpt>
      <trkpt lat="29.50843" lon="-97.31195">
        <ele>77.0</ele>
      </trkpt>
      <trkpt lat="29.50839" lon="-97.31218">
        <ele>77.0</ele>
      </trkpt>
      <trkpt lat="29.50822" lon="-97.3128">
        <ele>76.5</ele>
      </trkpt>
      <trkpt lat="29.5081" lon="-97.3132399">
        <ele>76.4</ele>
      </trkpt>
      <trkpt lat="29.50809" lon="-97.31346">
        <ele>76.3</ele>
      </trkpt>
      <trkpt lat="29.50816" lon="-97.31367">
        <ele>72.1</ele>
      </trkpt>
      <trkpt lat="29.50822" lon="-97.31392">
        <ele>72.7</ele>
      </trkpt>
      <trkpt lat="29.50825" lon="-97.31405">
        <ele>75.7</ele>
      </trkpt>
      <trkpt lat="29.50827" lon="-97.31425">
        <ele>76.4</ele>
      </trkpt>
      <trkpt lat="29.50832" lon="-97.31466">
        <ele>76.4</ele>
      </trkpt>
      <trkpt lat="29.50841" lon="-97.31506">
        <ele>75.7</ele>
      </trkpt>
      <trkpt lat="29.50842" lon="-97.31511">
        <ele>75.6</ele>
      </trkpt>
      <trkpt lat="29.50847" lon="-97.3153899">
        <ele>74.9</ele>
      </trkpt>
      <trkpt lat="29.50854" lon="-97.3158">
        <ele>74.4</ele>
      </trkpt>
      <trkpt lat="29.50856" lon="-97.31587">
        <ele>74.3</ele>
      </trkpt>
      <trkpt lat="29.50865" lon="-97.31621">
        <ele>74.1</ele>
      </trkpt>
      <trkpt lat="29.50875" lon="-97.3165099">
        <ele>73.9</ele>
      </trkpt>
      <trkpt lat="29.50889" lon="-97.31688">
        <ele>73.7</ele>
      </trkpt>
      <trkpt lat="29.5089" lon="-97.31704">
        <ele>73.5</ele>
      </trkpt>
      <trkpt lat="29.50893" lon="-97.31731">
        <ele>73.2</ele>
      </trkpt>
      <trkpt lat="29.50882" lon="-97.31827">
        <ele>74.7</ele>
      </trkpt>
      <trkpt lat="29.50879" lon="-97.31859">
        <ele>75.1</ele>
      </trkpt>
      <trkpt lat="29.50878" lon="-97.31868">
        <ele>75.2</ele>
      </trkpt>
      <trkpt lat="29.50876" lon="-97.31886">
        <ele>75.7</ele>
      </trkpt>
      <trkpt lat="29.50872" lon="-97.31941">
        <ele>76.6</ele>
      </trkpt>
      <trkpt lat="29.5087" lon="-97.31993">
        <ele>77.6</ele>
      </trkpt>
      <trkpt lat="29.50865" lon="-97.32095">
        <ele>79.5</ele>
      </trkpt>
      <trkpt lat="29.5086" lon="-97.32176">
        <ele>80.6</ele>
      </trkpt>
      <trkpt lat="29.50858" lon="-97.32219">
        <ele>81.0</ele>
      </trkpt>
      <trkpt lat="29.50855" lon="-97.32286">
        <ele>81.1</ele>
      </trkpt>
      <trkpt lat="29.50853" lon="-97.32322">
        <ele>81.2</ele>
      </trkpt>
      <trkpt lat="29.50847" lon="-97.32438">
        <ele>81.2</ele>
      </trkpt>
      <trkpt lat="29.5084" lon="-97.32576">
        <ele>80.6</ele>
      </trkpt>
      <trkpt lat="29.50838" lon="-97.32625">
        <ele>80.8</ele>
      </trkpt>
      <trkpt lat="29.50834" lon="-97.32699">
        <ele>81.0</ele>
      </trkpt>
      <trkpt lat="29.50833" lon="-97.3272099">
        <ele>80.9</ele>
      </trkpt>
      <trkpt lat="29.50832" lon="-97.32745">
        <ele>80.8</ele>
      </trkpt>
      <trkpt lat="29.50831" lon="-97.32755">
        <ele>80.8</ele>
      </trkpt>
      <trkpt lat="29.5083" lon="-97.32793">
        <ele>80.0</ele>
      </trkpt>
      <trkpt lat="29.50827" lon="-97.32855">
        <ele>79.3</ele>
      </trkpt>
      <trkpt lat="29.50826" lon="-97.32875">
        <ele>79.3</ele>
      </trkpt>
      <trkpt lat="29.50826" lon="-97.32881">
        <ele>79.3</ele>
      </trkpt>
      <trkpt lat="29.50826" lon="-97.32885">
        <ele>79.3</ele>
      </trkpt>
      <trkpt lat="29.50825" lon="-97.32896">
        <ele>79.3</ele>
      </trkpt>
      <trkpt lat="29.50822" lon="-97.3295">
        <ele>79.7</ele>
      </trkpt>
      <trkpt lat="29.50816" lon="-97.33094">
        <ele>80.2</ele>
      </trkpt>
      <trkpt lat="29.50813" lon="-97.3316399">
        <ele>80.4</ele>
      </trkpt>
      <trkpt lat="29.5081" lon="-97.33247">
        <ele>80.4</ele>
      </trkpt>
      <trkpt lat="29.50809" lon="-97.33259">
        <ele>80.4</ele>
      </trkpt>
      <trkpt lat="29.50808" lon="-97.3335">
        <ele>81.1</ele>
      </trkpt>
      <trkpt lat="29.50807" lon="-97.33418">
        <ele>81.6</ele>
      </trkpt>
      <trkpt lat="29.50807" lon="-97.33556">
        <ele>83.7</ele>
      </trkpt>
      <trkpt lat="29.50807" lon="-97.33578">
        <ele>84.1</ele>
      </trkpt>
      <trkpt lat="29.50806" lon="-97.33691">
        <ele>85.2</ele>
      </trkpt>
      <trkpt lat="29.50806" lon="-97.33722">
        <ele>86.1</ele>
      </trkpt>
      <trkpt lat="29.50807" lon="-97.33778">
        <ele>87.8</ele>
      </trkpt>
      <trkpt lat="29.50807" lon="-97.33805">
        <ele>88.4</ele>
      </trkpt>
      <trkpt lat="29.50808" lon="-97.33846">
        <ele>89.1</ele>
      </trkpt>
      <trkpt lat="29.50808" lon="-97.3385">
        <ele>89.1</ele>
      </trkpt>
      <trkpt lat="29.50807" lon="-97.33887">
        <ele>88.6</ele>
      </trkpt>
      <trkpt lat="29.50806" lon="-97.33929">
        <ele>87.1</ele>
      </trkpt>
      <trkpt lat="29.50805" lon="-97.33941">
        <ele>86.6</ele>
      </trkpt>
      <trkpt lat="29.50797" lon="-97.34004">
        <ele>83.2</ele>
      </trkpt>
      <trkpt lat="29.50793" lon="-97.34025">
        <ele>82.2</ele>
      </trkpt>
      <trkpt lat="29.5079" lon="-97.3404599">
        <ele>82.0</ele>
      </trkpt>
      <trkpt lat="29.50785" lon="-97.34066">
        <ele>81.9</ele>
      </trkpt>
      <trkpt lat="29.50776" lon="-97.34108">
        <ele>81.6</ele>
      </trkpt>
      <trkpt lat="29.50761" lon="-97.34169">
        <ele>80.8</ele>
      </trkpt>
      <trkpt lat="29.50743" lon="-97.34229">
        <ele>80.0</ele>
      </trkpt>
      <trkpt lat="29.50738" lon="-97.34244">
        <ele>79.8</ele>
      </trkpt>
      <trkpt lat="29.50707" lon="-97.34341">
        <ele>79.3</ele>
      </trkpt>
      <trkpt lat="29.5068" lon="-97.34427">
        <ele>79.5</ele>
      </trkpt>
      <trkpt lat="29.50675" lon="-97.3445">
        <ele>78.5</ele>
      </trkpt>
      <trkpt lat="29.50673" lon="-97.3445799">
        <ele>78.2</ele>
      </trkpt>
      <trkpt lat="29.50666" lon="-97.34496">
        <ele>79.6</ele>
      </trkpt>
      <trkpt lat="29.50662" lon="-97.34521">
        <ele>80.0</ele>
      </trkpt>
      <trkpt lat="29.50659" lon="-97.3453399">
        <ele>80.2</ele>
      </trkpt>
      <trkpt lat="29.50657" lon="-97.34553">
        <ele>80.5</ele>
      </trkpt>
      <trkpt lat="29.50653" lon="-97.34571">
        <ele>80.7</ele>
      </trkpt>
      <trkpt lat="29.50651" lon="-97.34581">
        <ele>80.8</ele>
      </trkpt>
      <trkpt lat="29.50647" lon="-97.3462799">
        <ele>81.3</ele>
      </trkpt>
      <trkpt lat="29.50642" lon="-97.34674">
        <ele>81.6</ele>
      </trkpt>
      <trkpt lat="29.50642" lon="-97.34719">
        <ele>82.1</ele>
      </trkpt>
      <trkpt lat="29.50641" lon="-97.34746">
        <ele>82.5</ele>
      </trkpt>
      <trkpt lat="29.50643" lon="-97.34756">
        <ele>82.7</ele>
      </trkpt>
      <trkpt lat="29.50645" lon="-97.34779">
        <ele>83.4</ele>
      </trkpt>
      <trkpt lat="29.50651" lon="-97.34838">
        <ele>85.6</ele>
      </trkpt>
      <trkpt lat="29.50652" lon="-97.34841">
        <ele>85.6</ele>
      </trkpt>
      <trkpt lat="29.50667" lon="-97.34961">
        <ele>90.5</ele>
      </trkpt>
      <trkpt lat="29.5067" lon="-97.34978">
        <ele>91.2</ele>
      </trkpt>
      <trkpt lat="29.50677" lon="-97.3504899">
        <ele>91.9</ele>
      </trkpt>
      <trkpt lat="29.50682" lon="-97.35098">
        <ele>92.1</ele>
      </trkpt>
      <trkpt lat="29.50683" lon="-97.35104">
        <ele>92.1</ele>
      </trkpt>
      <trkpt lat="29.50683" lon="-97.35109">
        <ele>92.1</ele>
      </trkpt>
      <trkpt lat="29.50689" lon="-97.35166">
        <ele>92.3</ele>
      </trkpt>
      <trkpt lat="29.50691" lon="-97.35186">
        <ele>92.4</ele>
      </trkpt>
      <trkpt lat="29.50691" lon="-97.35188">
        <ele>92.4</ele>
      </trkpt>
      <trkpt lat="29.50695" lon="-97.3520999">
        <ele>92.5</ele>
      </trkpt>
      <trkpt lat="29.50701" lon="-97.35241">
        <ele>92.7</ele>
      </trkpt>
      <trkpt lat="29.50709" lon="-97.35272">
        <ele>92.9</ele>
      </trkpt>
      <trkpt lat="29.50711" lon="-97.35283">
        <ele>93.0</ele>
      </trkpt>
      <trkpt lat="29.50723" lon="-97.35326">
        <ele>93.3</ele>
      </trkpt>
      <trkpt lat="29.50727" lon="-97.35346">
        <ele>93.4</ele>
      </trkpt>
      <trkpt lat="29.50736" lon="-97.3538">
        <ele>93.5</ele>
      </trkpt>
      <trkpt lat="29.50748" lon="-97.3542499">
        <ele>93.7</ele>
      </trkpt>
      <trkpt lat="29.5075" lon="-97.35431">
        <ele>93.8</ele>
      </trkpt>
      <trkpt lat="29.50757" lon="-97.3545">
        <ele>93.9</ele>
      </trkpt>
      <trkpt lat="29.50758" lon="-97.35456">
        <ele>94.0</ele>
      </trkpt>
      <trkpt lat="29.50758" lon="-97.35456">
        <ele>94.0</ele>
      </trkpt>
      <trkpt lat="29.50804" lon="-97.35478">
        <ele>94.0</ele>
      </trkpt>
      <trkpt lat="29.50831" lon="-97.35489">
        <ele>94.0</ele>
      </trkpt>
      <trkpt lat="29.50898" lon="-97.35518">
        <ele>94.1</ele>
      </trkpt>
      <trkpt lat="29.50915" lon="-97.35526">
        <ele>94.1</ele>
      </trkpt>
      <trkpt lat="29.50915" lon="-97.35526">
        <ele>94.1</ele>
      </trkpt>
      <trkpt lat="29.50912" lon="-97.35539">
        <ele>94.0</ele>
      </trkpt>
      <trkpt lat="29.5091" lon="-97.35543">
        <ele>94.1</ele>
      </trkpt>
      <trkpt lat="29.50909" lon="-97.35548">
        <ele>94.1</ele>
      </trkpt>
      <trkpt lat="29.50868" lon="-97.35674">
        <ele>94.8</ele>
      </trkpt>
      <trkpt lat="29.50864" lon="-97.35685">
        <ele>94.5</ele>
      </trkpt>
      <trkpt lat="29.50862" lon="-97.35693">
        <ele>94.3</ele>
      </trkpt>
      <trkpt lat="29.50842" lon="-97.35751">
        <ele>93.4</ele>
      </trkpt>
      <trkpt lat="29.5084" lon="-97.35755">
        <ele>93.4</ele>
      </trkpt>
      <trkpt lat="29.50816" lon="-97.35826">
        <ele>92.3</ele>
      </trkpt>
      <trkpt lat="29.50808" lon="-97.35847">
        <ele>92.1</ele>
      </trkpt>
      <trkpt lat="29.50802" lon="-97.35866">
        <ele>91.8</ele>
      </trkpt>
      <trkpt lat="29.50778" lon="-97.35936">
        <ele>90.1</ele>
      </trkpt>
      <trkpt lat="29.50769" lon="-97.35963">
        <ele>91.0</ele>
      </trkpt>
      <trkpt lat="29.50758" lon="-97.35995">
        <ele>92.2</ele>
      </trkpt>
      <trkpt lat="29.50738" lon="-97.36059">
        <ele>94.0</ele>
      </trkpt>
      <trkpt lat="29.50733" lon="-97.36079">
        <ele>94.2</ele>
      </trkpt>
      <trkpt lat="29.50727" lon="-97.36099">
        <ele>94.5</ele>
      </trkpt>
      <trkpt lat="29.50693" lon="-97.36216">
        <ele>94.7</ele>
      </trkpt>
      <trkpt lat="29.50684" lon="-97.36247">
        <ele>94.5</ele>
      </trkpt>
      <trkpt lat="29.50675" lon="-97.36275">
        <ele>94.5</ele>
      </trkpt>
      <trkpt lat="29.50668" lon="-97.36294">
        <ele>94.9</ele>
      </trkpt>
      <trkpt lat="29.50668" lon="-97.36295">
        <ele>94.9</ele>
      </trkpt>
      <trkpt lat="29.50645" lon="-97.36356">
        <ele>96.8</ele>
      </trkpt>
      <trkpt lat="29.50635" lon="-97.36384">
        <ele>97.7</ele>
      </trkpt>
      <trkpt lat="29.50633" lon="-97.36389">
        <ele>97.8</ele>
      </trkpt>
      <trkpt lat="29.50625" lon="-97.36408">
        <ele>98.1</ele>
      </trkpt>
      <trkpt lat="29.50614" lon="-97.36434">
        <ele>98.3</ele>
      </trkpt>
      <trkpt lat="29.50609" lon="-97.3645">
        <ele>98.3</ele>
      </trkpt>
      <trkpt lat="29.50607" lon="-97.36458">
        <ele>98.3</ele>
      </trkpt>
      <trkpt lat="29.50606" lon="-97.36465">
        <ele>98.4</ele>
      </trkpt>
      <trkpt lat="29.50605" lon="-97.36466">
        <ele>98.4</ele>
      </trkpt>
      <trkpt lat="29.50605" lon="-97.36474">
        <ele>98.4</ele>
      </trkpt>
      <trkpt lat="29.50606" lon="-97.36482">
        <ele>98.4</ele>
      </trkpt>
      <trkpt lat="29.50606" lon="-97.3648599">
        <ele>98.4</ele>
      </trkpt>
      <trkpt lat="29.50607" lon="-97.36491">
        <ele>98.4</ele>
      </trkpt>
      <trkpt lat="29.50611" lon="-97.3651">
        <ele>98.4</ele>
      </trkpt>
      <trkpt lat="29.50623" lon="-97.36553">
        <ele>98.3</ele>
      </trkpt>
      <trkpt lat="29.50681" lon="-97.36766">
        <ele>98.6</ele>
      </trkpt>
      <trkpt lat="29.50685" lon="-97.36784">
        <ele>98.6</ele>
      </trkpt>
      <trkpt lat="29.50689" lon="-97.36801">
        <ele>98.6</ele>
      </trkpt>
      <trkpt lat="29.50691" lon="-97.36825">
        <ele>98.8</ele>
      </trkpt>
      <trkpt lat="29.50691" lon="-97.36841">
        <ele>98.9</ele>
      </trkpt>
      <trkpt lat="29.5069" lon="-97.36857">
        <ele>99.1</ele>
      </trkpt>
      <trkpt lat="29.50684" lon="-97.3689799">
        <ele>99.7</ele>
      </trkpt>
      <trkpt lat="29.50683" lon="-97.36905">
        <ele>99.8</ele>
      </trkpt>
      <trkpt lat="29.5068" lon="-97.3692499">
        <ele>100.1</ele>
      </trkpt>
      <trkpt lat="29.50678" lon="-97.36932">
        <ele>100.1</ele>
      </trkpt>
      <trkpt lat="29.50671" lon="-97.36964">
        <ele>100.4</ele>
      </trkpt>
      <trkpt lat="29.50663" lon="-97.36997">
        <ele>101.1</ele>
      </trkpt>
      <trkpt lat="29.5065" lon="-97.37041">
        <ele>101.7</ele>
      </trkpt>
      <trkpt lat="29.50649" lon="-97.37044">
        <ele>101.7</ele>
      </trkpt>
      <trkpt lat="29.50643" lon="-97.37063">
        <ele>101.7</ele>
      </trkpt>
      <trkpt lat="29.50632" lon="-97.37098">
        <ele>101.7</ele>
      </trkpt>
      <trkpt lat="29.50631" lon="-97.37102">
        <ele>101.7</ele>
      </trkpt>
      <trkpt lat="29.50608" lon="-97.37167">
        <ele>101.4</ele>
      </trkpt>
      <trkpt lat="29.50583" lon="-97.37239">
        <ele>101.1</ele>
      </trkpt>
      <trkpt lat="29.50571" lon="-97.37275">
        <ele>101.4</ele>
      </trkpt>
      <trkpt lat="29.50544" lon="-97.37358">
        <ele>101.3</ele>
      </trkpt>
      <trkpt lat="29.50526" lon="-97.3741">
        <ele>101.2</ele>
      </trkpt>
      <trkpt lat="29.50524" lon="-97.37414">
        <ele>101.3</ele>
      </trkpt>
      <trkpt lat="29.5052" lon="-97.37432">
        <ele>101.3</ele>
      </trkpt>
      <trkpt lat="29.50517" lon="-97.3745">
        <ele>101.2</ele>
      </trkpt>
      <trkpt lat="29.50517" lon="-97.37469">
        <ele>100.9</ele>
      </trkpt>
      <trkpt lat="29.50518" lon="-97.37479">
        <ele>100.7</ele>
      </trkpt>
      <trkpt lat="29.5052" lon="-97.37488">
        <ele>100.6</ele>
      </trkpt>
      <trkpt lat="29.50524" lon="-97.37508">
        <ele>100.5</ele>
      </trkpt>
      <trkpt lat="29.50527" lon="-97.37528">
        <ele>100.4</ele>
      </trkpt>
      <trkpt lat="29.5053" lon="-97.3754">
        <ele>100.4</ele>
      </trkpt>
      <trkpt lat="29.50537" lon="-97.37593">
        <ele>100.4</ele>
      </trkpt>
      <trkpt lat="29.50544" lon="-97.3763">
        <ele>100.4</ele>
      </trkpt>
      <trkpt lat="29.50547" lon="-97.3764999">
        <ele>100.4</ele>
      </trkpt>
      <trkpt lat="29.50582" lon="-97.37853">
        <ele>97.5</ele>
      </trkpt>
      <trkpt lat="29.50585" lon="-97.37871">
        <ele>97.5</ele>
      </trkpt>
      <trkpt lat="29.50598" lon="-97.37958">
        <ele>97.6</ele>
      </trkpt>
      <trkpt lat="29.50604" lon="-97.3799499">
        <ele>97.6</ele>
      </trkpt>
      <trkpt lat="29.50607" lon="-97.38016">
        <ele>97.7</ele>
      </trkpt>
      <trkpt lat="29.50611" lon="-97.38037">
        <ele>98.2</ele>
      </trkpt>
      <trkpt lat="29.50613" lon="-97.38058">
        <ele>98.6</ele>
      </trkpt>
      <trkpt lat="29.50614" lon="-97.38078">
        <ele>98.9</ele>
      </trkpt>
      <trkpt lat="29.50614" lon="-97.38087">
        <ele>99.1</ele>
      </trkpt>
      <trkpt lat="29.50612" lon="-97.38096">
        <ele>99.3</ele>
      </trkpt>
      <trkpt lat="29.50607" lon="-97.38117">
        <ele>99.7</ele>
      </trkpt>
      <trkpt lat="29.50604" lon="-97.38128">
        <ele>99.9</ele>
      </trkpt>
      <trkpt lat="29.50586" lon="-97.3818299">
        <ele>100.7</ele>
      </trkpt>
      <trkpt lat="29.50555" lon="-97.3828">
        <ele>101.8</ele>
      </trkpt>
      <trkpt lat="29.50548" lon="-97.38307">
        <ele>102.5</ele>
      </trkpt>
      <trkpt lat="29.50542" lon="-97.38334">
        <ele>103.0</ele>
      </trkpt>
      <trkpt lat="29.50539" lon="-97.38352">
        <ele>103.3</ele>
      </trkpt>
      <trkpt lat="29.50538" lon="-97.38361">
        <ele>103.4</ele>
      </trkpt>
      <trkpt lat="29.50537" lon="-97.38391">
        <ele>103.7</ele>
      </trkpt>
      <trkpt lat="29.50537" lon="-97.38394">
        <ele>103.7</ele>
      </trkpt>
      <trkpt lat="29.50537" lon="-97.38406">
        <ele>103.7</ele>
      </trkpt>
      <trkpt lat="29.50538" lon="-97.38443">
        <ele>103.8</ele>
      </trkpt>
      <trkpt lat="29.50542" lon="-97.38521">
        <ele>104.0</ele>
      </trkpt>
      <trkpt lat="29.50545" lon="-97.38588">
        <ele>104.1</ele>
      </trkpt>
      <trkpt lat="29.50544" lon="-97.3864">
        <ele>104.3</ele>
      </trkpt>
      <trkpt lat="29.5054" lon="-97.38755">
        <ele>104.5</ele>
      </trkpt>
      <trkpt lat="29.50537" lon="-97.38784">
        <ele>104.5</ele>
      </trkpt>
      <trkpt lat="29.50537" lon="-97.38784">
        <ele>104.5</ele>
      </trkpt>
      <trkpt lat="29.50547" lon="-97.38786">
        <ele>104.5</ele>
      </trkpt>
      <trkpt lat="29.50557" lon="-97.38789">
        <ele>104.5</ele>
      </trkpt>
      <trkpt lat="29.50621" lon="-97.38811">
        <ele>104.7</ele>
      </trkpt>
      <trkpt lat="29.50639" lon="-97.38817">
        <ele>104.7</ele>
      </trkpt>
      <trkpt lat="29.50707" lon="-97.38843">
        <ele>104.9</ele>
      </trkpt>
      <trkpt lat="29.50719" lon="-97.38848">
        <ele>105.0</ele>
      </trkpt>
      <trkpt lat="29.50757" lon="-97.38864">
        <ele>105.1</ele>
      </trkpt>
      <trkpt lat="29.50866" lon="-97.3891">
        <ele>105.6</ele>
      </trkpt>
      <trkpt lat="29.50943" lon="-97.38943">
        <ele>105.7</ele>
      </trkpt>
      <trkpt lat="29.50984" lon="-97.38961">
        <ele>105.6</ele>
      </trkpt>
      <trkpt lat="29.5109" lon="-97.39007">
        <ele>103.7</ele>
      </trkpt>
      <trkpt lat="29.51133" lon="-97.39025">
        <ele>103.3</ele>
      </trkpt>
      <trkpt lat="29.512" lon="-97.39054">
        <ele>104.0</ele>
      </trkpt>
      <trkpt lat="29.51245" lon="-97.39073">
        <ele>104.6</ele>
      </trkpt>
      <trkpt lat="29.51268" lon="-97.3908299">
        <ele>104.9</ele>
      </trkpt>
      <trkpt lat="29.51313" lon="-97.39102">
        <ele>105.6</ele>
      </trkpt>
      <trkpt lat="29.51343" lon="-97.39115">
        <ele>106.0</ele>
      </trkpt>
      <trkpt lat="29.51358" lon="-97.3912">
        <ele>106.1</ele>
      </trkpt>
      <trkpt lat="29.51369" lon="-97.39122">
        <ele>106.2</ele>
      </trkpt>
      <trkpt lat="29.51383" lon="-97.39124">
        <ele>106.3</ele>
      </trkpt>
      <trkpt lat="29.51459" lon="-97.39127">
        <ele>106.5</ele>
      </trkpt>
      <trkpt lat="29.51475" lon="-97.39128">
        <ele>106.7</ele>
      </trkpt>
      <trkpt lat="29.51587" lon="-97.39134">
        <ele>107.1</ele>
      </trkpt>
      <trkpt lat="29.51603" lon="-97.39136">
        <ele>107.1</ele>
      </trkpt>
      <trkpt lat="29.51606" lon="-97.39136">
        <ele>107.1</ele>
      </trkpt>
      <trkpt lat="29.51624" lon="-97.3914">
        <ele>107.2</ele>
      </trkpt>
      <trkpt lat="29.51633" lon="-97.39142">
        <ele>107.3</ele>
      </trkpt>
      <trkpt lat="29.51651" lon="-97.3914999">
        <ele>107.3</ele>
      </trkpt>
      <trkpt lat="29.51739" lon="-97.39188">
        <ele>107.3</ele>
      </trkpt>
      <trkpt lat="29.5177" lon="-97.39202">
        <ele>107.4</ele>
      </trkpt>
      <trkpt lat="29.51859" lon="-97.3924">
        <ele>108.2</ele>
      </trkpt>
      <trkpt lat="29.51941" lon="-97.39276">
        <ele>108.5</ele>
      </trkpt>
      <trkpt lat="29.51999" lon="-97.39302">
        <ele>108.8</ele>
      </trkpt>
      <trkpt lat="29.52142" lon="-97.39368">
        <ele>109.1</ele>
      </trkpt>
      <trkpt lat="29.52166" lon="-97.3938">
        <ele>109.3</ele>
      </trkpt>
      <trkpt lat="29.52183" lon="-97.39387">
        <ele>109.3</ele>
      </trkpt>
      <trkpt lat="29.52183" lon="-97.39387">
        <ele>109.3</ele>
      </trkpt>
      <trkpt lat="29.52173" lon="-97.39413">
        <ele>109.5</ele>
      </trkpt>
      <trkpt lat="29.52163" lon="-97.3944">
        <ele>109.6</ele>
      </trkpt>
      <trkpt lat="29.52156" lon="-97.39458">
        <ele>109.8</ele>
      </trkpt>
      <trkpt lat="29.52153" lon="-97.39463">
        <ele>109.8</ele>
      </trkpt>
      <trkpt lat="29.5215" lon="-97.39471">
        <ele>109.9</ele>
      </trkpt>
      <trkpt lat="29.52144" lon="-97.39481">
        <ele>110.0</ele>
      </trkpt>
      <trkpt lat="29.52138" lon="-97.39493">
        <ele>110.1</ele>
      </trkpt>
      <trkpt lat="29.52129" lon="-97.39509">
        <ele>110.3</ele>
      </trkpt>
      <trkpt lat="29.5212" lon="-97.39524">
        <ele>110.4</ele>
      </trkpt>
      <trkpt lat="29.52109" lon="-97.39539">
        <ele>110.5</ele>
      </trkpt>
      <trkpt lat="29.52101" lon="-97.3955">
        <ele>110.5</ele>
      </trkpt>
      <trkpt lat="29.52088" lon="-97.39568">
        <ele>110.6</ele>
      </trkpt>
      <trkpt lat="29.52067" lon="-97.39597">
        <ele>110.7</ele>
      </trkpt>
      <trkpt lat="29.52055" lon="-97.39613">
        <ele>110.6</ele>
      </trkpt>
      <trkpt lat="29.52045" lon="-97.39628">
        <ele>110.3</ele>
      </trkpt>
      <trkpt lat="29.52035" lon="-97.39644">
        <ele>109.9</ele>
      </trkpt>
      <trkpt lat="29.52027" lon="-97.39657">
        <ele>109.4</ele>
      </trkpt>
      <trkpt lat="29.5202" lon="-97.39669">
        <ele>108.5</ele>
      </trkpt>
      <trkpt lat="29.52012" lon="-97.39683">
        <ele>107.3</ele>
      </trkpt>
      <trkpt lat="29.52005" lon="-97.39697">
        <ele>107.1</ele>
      </trkpt>
      <trkpt lat="29.51997" lon="-97.39715">
        <ele>107.1</ele>
      </trkpt>
      <trkpt lat="29.51985" lon="-97.3974099">
        <ele>107.5</ele>
      </trkpt>
      <trkpt lat="29.51957" lon="-97.39806">
        <ele>107.7</ele>
      </trkpt>
      <trkpt lat="29.5195" lon="-97.39822">
        <ele>107.2</ele>
      </trkpt>
      <trkpt lat="29.51941" lon="-97.39843">
        <ele>106.7</ele>
      </trkpt>
      <trkpt lat="29.51933" lon="-97.39861">
        <ele>106.6</ele>
      </trkpt>
      <trkpt lat="29.51929" lon="-97.39869">
        <ele>106.3</ele>
      </trkpt>
      <trkpt lat="29.51913" lon="-97.39906">
        <ele>105.1</ele>
      </trkpt>
      <trkpt lat="29.51902" lon="-97.39931">
        <ele>104.6</ele>
      </trkpt>
      <trkpt lat="29.51892" lon="-97.3995599">
        <ele>104.1</ele>
      </trkpt>
      <trkpt lat="29.51885" lon="-97.39974">
        <ele>103.6</ele>
      </trkpt>
      <trkpt lat="29.5188" lon="-97.39985">
        <ele>103.3</ele>
      </trkpt>
      <trkpt lat="29.51876" lon="-97.3999599">
        <ele>102.7</ele>
      </trkpt>
      <trkpt lat="29.51871" lon="-97.4001">
        <ele>101.9</ele>
      </trkpt>
      <trkpt lat="29.51866" lon="-97.40028">
        <ele>101.1</ele>
      </trkpt>
      <trkpt lat="29.51861" lon="-97.40046">
        <ele>100.5</ele>
      </trkpt>
      <trkpt lat="29.51856" lon="-97.40067">
        <ele>100.0</ele>
      </trkpt>
      <trkpt lat="29.51856" lon="-97.40069">
        <ele>99.9</ele>
      </trkpt>
      <trkpt lat="29.51851" lon="-97.40093">
        <ele>99.2</ele>
      </trkpt>
      <trkpt lat="29.51845" lon="-97.40121">
        <ele>98.2</ele>
      </trkpt>
      <trkpt lat="29.51837" lon="-97.40162">
        <ele>97.5</ele>
      </trkpt>
      <trkpt lat="29.51831" lon="-97.40186">
        <ele>96.1</ele>
      </trkpt>
      <trkpt lat="29.51827" lon="-97.40204">
        <ele>96.1</ele>
      </trkpt>
      <trkpt lat="29.51825" lon="-97.40216">
        <ele>96.1</ele>
      </trkpt>
      <trkpt lat="29.51821" lon="-97.4023">
        <ele>96.1</ele>
      </trkpt>
      <trkpt lat="29.51819" lon="-97.40235">
        <ele>96.0</ele>
      </trkpt>
      <trkpt lat="29.51814" lon="-97.40253">
        <ele>95.0</ele>
      </trkpt>
      <trkpt lat="29.51808" lon="-97.40268">
        <ele>94.5</ele>
      </trkpt>
      <trkpt lat="29.51803" lon="-97.4028">
        <ele>94.5</ele>
      </trkpt>
      <trkpt lat="29.51799" lon="-97.40291">
        <ele>94.5</ele>
      </trkpt>
      <trkpt lat="29.51793" lon="-97.40304">
        <ele>94.5</ele>
      </trkpt>
      <trkpt lat="29.51786" lon="-97.40317">
        <ele>94.5</ele>
      </trkpt>
      <trkpt lat="29.51778" lon="-97.4033199">
        <ele>94.4</ele>
      </trkpt>
      <trkpt lat="29.51769" lon="-97.40346">
        <ele>93.9</ele>
      </trkpt>
      <trkpt lat="29.51763" lon="-97.40357">
        <ele>93.6</ele>
      </trkpt>
      <trkpt lat="29.51752" lon="-97.40374">
        <ele>93.2</ele>
      </trkpt>
      <trkpt lat="29.51735" lon="-97.40402">
        <ele>92.2</ele>
      </trkpt>
      <trkpt lat="29.51722" lon="-97.40425">
        <ele>91.6</ele>
      </trkpt>
      <trkpt lat="29.51714" lon="-97.4044">
        <ele>91.5</ele>
      </trkpt>
      <trkpt lat="29.51709" lon="-97.40447">
        <ele>91.5</ele>
      </trkpt>
      <trkpt lat="29.51705" lon="-97.40455">
        <ele>91.5</ele>
      </trkpt>
      <trkpt lat="29.51702" lon="-97.40462">
        <ele>91.5</ele>
      </trkpt>
      <trkpt lat="29.51696" lon="-97.40477">
        <ele>91.5</ele>
      </trkpt>
      <trkpt lat="29.5169" lon="-97.40492">
        <ele>91.5</ele>
      </trkpt>
      <trkpt lat="29.51686" lon="-97.40505">
        <ele>91.5</ele>
      </trkpt>
      <trkpt lat="29.51682" lon="-97.40517">
        <ele>91.4</ele>
      </trkpt>
      <trkpt lat="29.5168" lon="-97.40528">
        <ele>91.3</ele>
      </trkpt>
      <trkpt lat="29.51676" lon="-97.40544">
        <ele>91.5</ele>
      </trkpt>
      <trkpt lat="29.51674" lon="-97.40558">
        <ele>91.5</ele>
      </trkpt>
      <trkpt lat="29.51673" lon="-97.40572">
        <ele>91.5</ele>
      </trkpt>
      <trkpt lat="29.51672" lon="-97.4058699">
        <ele>91.6</ele>
      </trkpt>
      <trkpt lat="29.51671" lon="-97.40624">
        <ele>93.6</ele>
      </trkpt>
      <trkpt lat="29.51671" lon="-97.40626">
        <ele>93.7</ele>
      </trkpt>
      <trkpt lat="29.5167" lon="-97.40671">
        <ele>95.4</ele>
      </trkpt>
      <trkpt lat="29.51669" lon="-97.40704">
        <ele>96.7</ele>
      </trkpt>
      <trkpt lat="29.51668" lon="-97.40731">
        <ele>97.9</ele>
      </trkpt>
      <trkpt lat="29.51666" lon="-97.40758">
        <ele>98.8</ele>
      </trkpt>
      <trkpt lat="29.51663" lon="-97.40779">
        <ele>100.1</ele>
      </trkpt>
      <trkpt lat="29.51662" lon="-97.40791">
        <ele>100.6</ele>
      </trkpt>
      <trkpt lat="29.5166" lon="-97.40803">
        <ele>100.9</ele>
      </trkpt>
      <trkpt lat="29.51657" lon="-97.40818">
        <ele>101.2</ele>
      </trkpt>
      <trkpt lat="29.51654" lon="-97.40834">
        <ele>101.5</ele>
      </trkpt>
      <trkpt lat="29.51651" lon="-97.40847">
        <ele>101.7</ele>
      </trkpt>
      <trkpt lat="29.5165" lon="-97.40851">
        <ele>101.8</ele>
      </trkpt>
      <trkpt lat="29.51645" lon="-97.40869">
        <ele>102.0</ele>
      </trkpt>
      <trkpt lat="29.51639" lon="-97.4088699">
        <ele>102.2</ele>
      </trkpt>
      <trkpt lat="29.51632" lon="-97.4091">
        <ele>102.2</ele>
      </trkpt>
      <trkpt lat="29.51625" lon="-97.40931">
        <ele>101.8</ele>
      </trkpt>
      <trkpt lat="29.51612" lon="-97.40971">
        <ele>100.5</ele>
      </trkpt>
      <trkpt lat="29.516" lon="-97.41007">
        <ele>98.7</ele>
      </trkpt>
      <trkpt lat="29.51597" lon="-97.41015">
        <ele>98.1</ele>
      </trkpt>
      <trkpt lat="29.51583" lon="-97.41059">
        <ele>98.7</ele>
      </trkpt>
      <trkpt lat="29.51571" lon="-97.41094">
        <ele>99.9</ele>
      </trkpt>
      <trkpt lat="29.51564" lon="-97.41114">
        <ele>100.0</ele>
      </trkpt>
      <trkpt lat="29.51556" lon="-97.41135">
        <ele>100.0</ele>
      </trkpt>
      <trkpt lat="29.5155" lon="-97.41152">
        <ele>99.8</ele>
      </trkpt>
      <trkpt lat="29.51541" lon="-97.41172">
        <ele>99.5</ele>
      </trkpt>
      <trkpt lat="29.51536" lon="-97.41183">
        <ele>99.4</ele>
      </trkpt>
      <trkpt lat="29.51528" lon="-97.41199">
        <ele>99.0</ele>
      </trkpt>
      <trkpt lat="29.51521" lon="-97.41212">
        <ele>98.7</ele>
      </trkpt>
      <trkpt lat="29.51513" lon="-97.41225">
        <ele>98.3</ele>
      </trkpt>
      <trkpt lat="29.51511" lon="-97.41229">
        <ele>98.3</ele>
      </trkpt>
      <trkpt lat="29.51504" lon="-97.4124">
        <ele>98.0</ele>
      </trkpt>
      <trkpt lat="29.51491" lon="-97.41259">
        <ele>97.6</ele>
      </trkpt>
      <trkpt lat="29.51478" lon="-97.41279">
        <ele>97.8</ele>
      </trkpt>
      <trkpt lat="29.51466" lon="-97.41296">
        <ele>99.1</ele>
      </trkpt>
      <trkpt lat="29.51448" lon="-97.4132">
        <ele>101.0</ele>
      </trkpt>
      <trkpt lat="29.51434" lon="-97.4134">
        <ele>101.9</ele>
      </trkpt>
      <trkpt lat="29.51414" lon="-97.41365">
        <ele>103.1</ele>
      </trkpt>
      <trkpt lat="29.51409" lon="-97.41373">
        <ele>103.4</ele>
      </trkpt>
      <trkpt lat="29.51397" lon="-97.41389">
        <ele>104.0</ele>
      </trkpt>
      <trkpt lat="29.51387" lon="-97.4140199">
        <ele>104.4</ele>
      </trkpt>
      <trkpt lat="29.51374" lon="-97.41421">
        <ele>105.1</ele>
      </trkpt>
      <trkpt lat="29.51371" lon="-97.41424">
        <ele>105.3</ele>
      </trkpt>
      <trkpt lat="29.51369" lon="-97.41427">
        <ele>105.3</ele>
      </trkpt>
      <trkpt lat="29.51356" lon="-97.41446">
        <ele>105.8</ele>
      </trkpt>
      <trkpt lat="29.51344" lon="-97.41464">
        <ele>105.8</ele>
      </trkpt>
      <trkpt lat="29.5134" lon="-97.41471">
        <ele>105.8</ele>
      </trkpt>
      <trkpt lat="29.51334" lon="-97.4148">
        <ele>105.7</ele>
      </trkpt>
      <trkpt lat="29.51325" lon="-97.41495">
        <ele>105.4</ele>
      </trkpt>
      <trkpt lat="29.51313" lon="-97.41517">
        <ele>104.8</ele>
      </trkpt>
      <trkpt lat="29.51305" lon="-97.41536">
        <ele>104.2</ele>
      </trkpt>
      <trkpt lat="29.51299" lon="-97.41548">
        <ele>103.9</ele>
      </trkpt>
      <trkpt lat="29.51293" lon="-97.41562">
        <ele>103.7</ele>
      </trkpt>
      <trkpt lat="29.51283" lon="-97.41588">
        <ele>103.4</ele>
      </trkpt>
      <trkpt lat="29.51281" lon="-97.41594">
        <ele>103.3</ele>
      </trkpt>
      <trkpt lat="29.51266" lon="-97.41638">
        <ele>103.0</ele>
      </trkpt>
      <trkpt lat="29.51259" lon="-97.41661">
        <ele>102.7</ele>
      </trkpt>
      <trkpt lat="29.51255" lon="-97.4167499">
        <ele>102.5</ele>
      </trkpt>
      <trkpt lat="29.51248" lon="-97.41696">
        <ele>102.1</ele>
      </trkpt>
      <trkpt lat="29.51238" lon="-97.41725">
        <ele>101.5</ele>
      </trkpt>
      <trkpt lat="29.51227" lon="-97.41747">
        <ele>100.9</ele>
      </trkpt>
      <trkpt lat="29.51226" lon="-97.41748">
        <ele>100.9</ele>
      </trkpt>
      <trkpt lat="29.5122" lon="-97.41758">
        <ele>100.6</ele>
      </trkpt>
      <trkpt lat="29.5121" lon="-97.41767">
        <ele>100.5</ele>
      </trkpt>
      <trkpt lat="29.51201" lon="-97.41772">
        <ele>100.3</ele>
      </trkpt>
      <trkpt lat="29.5118" lon="-97.41771">
        <ele>100.1</ele>
      </trkpt>
      <trkpt lat="29.5118" lon="-97.41771">
        <ele>100.1</ele>
      </trkpt>
      <trkpt lat="29.51181" lon="-97.41752">
        <ele>100.2</ele>
      </trkpt>
      <trkpt lat="29.51181" lon="-97.41714">
        <ele>100.3</ele>
      </trkpt>
      <trkpt lat="29.51177" lon="-97.41676">
        <ele>100.5</ele>
      </trkpt>
      <trkpt lat="29.51171" lon="-97.41633">
        <ele>100.9</ele>
      </trkpt>
      <trkpt lat="29.51165" lon="-97.41596">
        <ele>101.4</ele>
      </trkpt>
      <trkpt lat="29.51156" lon="-97.41552">
        <ele>102.2</ele>
      </trkpt>
      <trkpt lat="29.51151" lon="-97.41531">
        <ele>102.6</ele>
      </trkpt>
      <trkpt lat="29.51147" lon="-97.41517">
        <ele>102.8</ele>
      </trkpt>
      <trkpt lat="29.51142" lon="-97.41499">
        <ele>103.0</ele>
      </trkpt>
      <trkpt lat="29.51135" lon="-97.41476">
        <ele>103.2</ele>
      </trkpt>
      <trkpt lat="29.51128" lon="-97.41456">
        <ele>103.3</ele>
      </trkpt>
      <trkpt lat="29.51108" lon="-97.41404">
        <ele>103.2</ele>
      </trkpt>
      <trkpt lat="29.51107" lon="-97.4140199">
        <ele>103.1</ele>
      </trkpt>
      <trkpt lat="29.51107" lon="-97.4140199">
        <ele>103.1</ele>
      </trkpt>
      <trkpt lat="29.51108" lon="-97.41404">
        <ele>103.2</ele>
      </trkpt>
      <trkpt lat="29.51128" lon="-97.41456">
        <ele>103.3</ele>
      </trkpt>
      <trkpt lat="29.51135" lon="-97.41476">
        <ele>103.2</ele>
      </trkpt>
      <trkpt lat="29.51142" lon="-97.41499">
        <ele>103.0</ele>
      </trkpt>
      <trkpt lat="29.51147" lon="-97.41517">
        <ele>102.8</ele>
      </trkpt>
      <trkpt lat="29.51151" lon="-97.41531">
        <ele>102.6</ele>
      </trkpt>
      <trkpt lat="29.51156" lon="-97.41552">
        <ele>102.2</ele>
      </trkpt>
      <trkpt lat="29.51165" lon="-97.41596">
        <ele>101.4</ele>
      </trkpt>
      <trkpt lat="29.51171" lon="-97.41633">
        <ele>100.9</ele>
      </trkpt>
      <trkpt lat="29.51177" lon="-97.41676">
        <ele>100.5</ele>
      </trkpt>
      <trkpt lat="29.51181" lon="-97.41714">
        <ele>100.3</ele>
      </trkpt>
      <trkpt lat="29.51181" lon="-97.41752">
        <ele>100.2</ele>
      </trkpt>
      <trkpt lat="29.5118" lon="-97.41771">
        <ele>100.1</ele>
      </trkpt>
      <trkpt lat="29.51177" lon="-97.41833">
        <ele>100.3</ele>
      </trkpt>
      <trkpt lat="29.51183" lon="-97.41844">
        <ele>100.4</ele>
      </trkpt>
      <trkpt lat="29.51175" lon="-97.41945">
        <ele>100.7</ele>
      </trkpt>
      <trkpt lat="29.51174" lon="-97.41956">
        <ele>100.7</ele>
      </trkpt>
      <trkpt lat="29.51164" lon="-97.421">
        <ele>98.0</ele>
      </trkpt>
      <trkpt lat="29.51164" lon="-97.42122">
        <ele>97.7</ele>
      </trkpt>
      <trkpt lat="29.51164" lon="-97.42128">
        <ele>97.6</ele>
      </trkpt>
      <trkpt lat="29.51167" lon="-97.42176">
        <ele>97.5</ele>
      </trkpt>
      <trkpt lat="29.51168" lon="-97.42183">
        <ele>97.5</ele>
      </trkpt>
      <trkpt lat="29.5117" lon="-97.42204">
        <ele>97.5</ele>
      </trkpt>
      <trkpt lat="29.5117" lon="-97.42204">
        <ele>97.5</ele>
      </trkpt>
      <trkpt lat="29.51154" lon="-97.42207">
        <ele>97.9</ele>
      </trkpt>
      <trkpt lat="29.51152" lon="-97.42207">
        <ele>97.9</ele>
      </trkpt>
      <trkpt lat="29.51142" lon="-97.42209">
        <ele>98.1</ele>
      </trkpt>
      <trkpt lat="29.51114" lon="-97.42216">
        <ele>98.4</ele>
      </trkpt>
      <trkpt lat="29.51107" lon="-97.42219">
        <ele>98.4</ele>
      </trkpt>
      <trkpt lat="29.51099" lon="-97.42224">
        <ele>98.4</ele>
      </trkpt>
      <trkpt lat="29.51093" lon="-97.42228">
        <ele>98.3</ele>
      </trkpt>
      <trkpt lat="29.51084" lon="-97.42237">
        <ele>98.3</ele>
      </trkpt>
      <trkpt lat="29.51075" lon="-97.42246">
        <ele>98.2</ele>
      </trkpt>
      <trkpt lat="29.51072" lon="-97.4225">
        <ele>98.1</ele>
      </trkpt>
      <trkpt lat="29.51068" lon="-97.42255">
        <ele>98.1</ele>
      </trkpt>
      <trkpt lat="29.51064" lon="-97.42263">
        <ele>97.9</ele>
      </trkpt>
      <trkpt lat="29.51041" lon="-97.42329">
        <ele>97.5</ele>
      </trkpt>
      <trkpt lat="29.51039" lon="-97.42334">
        <ele>97.4</ele>
      </trkpt>
      <trkpt lat="29.51028" lon="-97.42366">
        <ele>95.0</ele>
      </trkpt>
      <trkpt lat="29.51009" lon="-97.42424">
        <ele>94.4</ele>
      </trkpt>
      <trkpt lat="29.51003" lon="-97.42443">
        <ele>94.1</ele>
      </trkpt>
      <trkpt lat="29.50964" lon="-97.4256">
        <ele>87.9</ele>
      </trkpt>
      <trkpt lat="29.50961" lon="-97.42568">
        <ele>87.7</ele>
      </trkpt>
      <trkpt lat="29.50942" lon="-97.42626">
        <ele>85.6</ele>
      </trkpt>
      <trkpt lat="29.5094" lon="-97.42631">
        <ele>85.4</ele>
      </trkpt>
      <trkpt lat="29.50917" lon="-97.42704">
        <ele>84.5</ele>
      </trkpt>
      <trkpt lat="29.50915" lon="-97.42709">
        <ele>84.5</ele>
      </trkpt>
      <trkpt lat="29.5091" lon="-97.42723">
        <ele>84.3</ele>
      </trkpt>
      <trkpt lat="29.50896" lon="-97.42766">
        <ele>84.0</ele>
      </trkpt>
      <trkpt lat="29.50877" lon="-97.42819">
        <ele>83.5</ele>
      </trkpt>
      <trkpt lat="29.50855" lon="-97.42881">
        <ele>83.0</ele>
      </trkpt>
      <trkpt lat="29.50817" lon="-97.42985">
        <ele>82.3</ele>
      </trkpt>
      <trkpt lat="29.50801" lon="-97.43029">
        <ele>85.5</ele>
      </trkpt>
      <trkpt lat="29.5078" lon="-97.43083">
        <ele>86.3</ele>
      </trkpt>
      <trkpt lat="29.50751" lon="-97.43159">
        <ele>85.4</ele>
      </trkpt>
      <trkpt lat="29.50739" lon="-97.43191">
        <ele>85.6</ele>
      </trkpt>
      <trkpt lat="29.5071" lon="-97.43272">
        <ele>89.2</ele>
      </trkpt>
      <trkpt lat="29.50701" lon="-97.43293">
        <ele>89.4</ele>
      </trkpt>
      <trkpt lat="29.5069" lon="-97.43326">
        <ele>89.5</ele>
      </trkpt>
      <trkpt lat="29.5069" lon="-97.43326">
        <ele>89.5</ele>
      </trkpt>
      <trkpt lat="29.50755" lon="-97.43357">
        <ele>89.7</ele>
      </trkpt>
      <trkpt lat="29.50786" lon="-97.4337199">
        <ele>89.6</ele>
      </trkpt>
      <trkpt lat="29.50786" lon="-97.4337199">
        <ele>89.6</ele>
      </trkpt>
      <trkpt lat="29.50773" lon="-97.4341">
        <ele>90.1</ele>
      </trkpt>
      <trkpt lat="29.5074" lon="-97.4350599">
        <ele>90.0</ele>
      </trkpt>
      <trkpt lat="29.50691" lon="-97.43647">
        <ele>89.6</ele>
      </trkpt>
      <trkpt lat="29.50652" lon="-97.43763">
        <ele>89.3</ele>
      </trkpt>
      <trkpt lat="29.50648" lon="-97.43776">
        <ele>89.2</ele>
      </trkpt>
      <trkpt lat="29.50642" lon="-97.43795">
        <ele>89.1</ele>
      </trkpt>
      <trkpt lat="29.50632" lon="-97.4382399">
        <ele>88.9</ele>
      </trkpt>
      <trkpt lat="29.50622" lon="-97.43853">
        <ele>88.7</ele>
      </trkpt>
      <trkpt lat="29.50609" lon="-97.43892">
        <ele>88.3</ele>
      </trkpt>
      <trkpt lat="29.50603" lon="-97.43911">
        <ele>88.0</ele>
      </trkpt>
      <trkpt lat="29.50594" lon="-97.43937">
        <ele>87.5</ele>
      </trkpt>
      <trkpt lat="29.50583" lon="-97.43968">
        <ele>86.9</ele>
      </trkpt>
      <trkpt lat="29.50583" lon="-97.43971">
        <ele>86.9</ele>
      </trkpt>
      <trkpt lat="29.50557" lon="-97.44045">
        <ele>85.2</ele>
      </trkpt>
      <trkpt lat="29.50518" lon="-97.44158">
        <ele>82.5</ele>
      </trkpt>
      <trkpt lat="29.50507" lon="-97.44192">
        <ele>82.6</ele>
      </trkpt>
      <trkpt lat="29.50473" lon="-97.44292">
        <ele>85.4</ele>
      </trkpt>
      <trkpt lat="29.50452" lon="-97.44356">
        <ele>86.1</ele>
      </trkpt>
      <trkpt lat="29.50432" lon="-97.44414">
        <ele>86.5</ele>
      </trkpt>
      <trkpt lat="29.50417" lon="-97.44457">
        <ele>86.6</ele>
      </trkpt>
      <trkpt lat="29.50392" lon="-97.44534">
        <ele>86.3</ele>
      </trkpt>
      <trkpt lat="29.50334" lon="-97.44708">
        <ele>88.6</ele>
      </trkpt>
      <trkpt lat="29.50307" lon="-97.4479">
        <ele>88.7</ele>
      </trkpt>
      <trkpt lat="29.50298" lon="-97.44814">
        <ele>88.7</ele>
      </trkpt>
      <trkpt lat="29.5026" lon="-97.44929">
        <ele>88.6</ele>
      </trkpt>
      <trkpt lat="29.50223" lon="-97.4504">
        <ele>88.1</ele>
      </trkpt>
      <trkpt lat="29.502" lon="-97.45106">
        <ele>87.9</ele>
      </trkpt>
    </trkseg>
  </trk>
</gpx>
