<?xml version="1.0" encoding="UTF-8"?>
<gpx xmlns:gpxdata="http://www.cluetrust.com/XML/GPXDATA/1/0" xmlns:xsi="http://www.w3.org/2001/XMLSchema-instance" xmlns="http://www.topografix.com/GPX/1/1" version="1.1" creator="http://ridewithgps.com/" xsi:schemaLocation="http://www.topografix.com/GPX/1/1 http://www.topografix.com/GPX/1/1/gpx.xsd http://www.cluetrust.com/XML/GPXDATA/1/0 http://www.cluetrust.com/Schemas/gpxdata10.xsd">
  <metadata>
    <name>CCR Gonzo Graveler 49</name>
    <link href="https://ridewithgps.com/routes/53261591">
      <text>CCR Gonzo Graveler 49</text>
    </link>
    <time>2025-11-09T16:27:57Z</time>
  </metadata>
  <trk>
    <name>CCR Gonzo Graveler 49</name>
    <trkseg>
      <trkpt lat="29.50226" lon="-97.45182">
        <ele>87.7</ele>
      </trkpt>
      <trkpt lat="29.50281" lon="-97.45206">
        <ele>87.8</ele>
      </trkpt>
      <trkpt lat="29.50383" lon="-97.4525">
        <ele>88.0</ele>
      </trkpt>
      <trkpt lat="29.50486" lon="-97.45296">
        <ele>88.2</ele>
      </trkpt>
      <trkpt lat="29.50522" lon="-97.4531">
        <ele>88.4</ele>
      </trkpt>
      <trkpt lat="29.50547" lon="-97.45319">
        <ele>88.7</ele>
      </trkpt>
      <trkpt lat="29.50558" lon="-97.453239">
        <ele>88.7</ele>
      </trkpt>
      <trkpt lat="29.50596" lon="-97.45346">
        <ele>89.0</ele>
      </trkpt>
      <trkpt lat="29.50682" lon="-97.45384">
        <ele>90.1</ele>
      </trkpt>
      <trkpt lat="29.50707" lon="-97.45396">
        <ele>90.4</ele>
      </trkpt>
      <trkpt lat="29.50741" lon="-97.4541">
        <ele>90.7</ele>
      </trkpt>
      <trkpt lat="29.50812" lon="-97.45439">
        <ele>91.4</ele>
      </trkpt>
      <trkpt lat="29.50943" lon="-97.45498">
        <ele>92.5</ele>
      </trkpt>
      <trkpt lat="29.5105" lon="-97.45546">
        <ele>93.9</ele>
      </trkpt>
      <trkpt lat="29.511" lon="-97.45569">
        <ele>94.5</ele>
      </trkpt>
      <trkpt lat="29.51164" lon="-97.455969">
        <ele>96.8</ele>
      </trkpt>
      <trkpt lat="29.51209" lon="-97.45619">
        <ele>97.8</ele>
      </trkpt>
      <trkpt lat="29.51274" lon="-97.4565">
        <ele>99.0</ele>
      </trkpt>
      <trkpt lat="29.51331" lon="-97.45675">
        <ele>100.0</ele>
      </trkpt>
      <trkpt lat="29.51389" lon="-97.45703">
        <ele>101.1</ele>
      </trkpt>
      <trkpt lat="29.51488" lon="-97.45746">
        <ele>103.1</ele>
      </trkpt>
      <trkpt lat="29.51576" lon="-97.45783">
        <ele>104.9</ele>
      </trkpt>
      <trkpt lat="29.5162" lon="-97.45802">
        <ele>106.5</ele>
      </trkpt>
      <trkpt lat="29.51637" lon="-97.45809">
        <ele>106.9</ele>
      </trkpt>
      <trkpt lat="29.51643" lon="-97.458119">
        <ele>107.1</ele>
      </trkpt>
      <trkpt lat="29.51648" lon="-97.45814">
        <ele>107.2</ele>
      </trkpt>
      <trkpt lat="29.51665" lon="-97.45822">
        <ele>107.7</ele>
      </trkpt>
      <trkpt lat="29.51682" lon="-97.45829">
        <ele>108.3</ele>
      </trkpt>
      <trkpt lat="29.51696" lon="-97.45832">
        <ele>108.8</ele>
      </trkpt>
      <trkpt lat="29.51705" lon="-97.45832">
        <ele>109.0</ele>
      </trkpt>
      <trkpt lat="29.51705" lon="-97.45832">
        <ele>109.0</ele>
      </trkpt>
      <trkpt lat="29.51723" lon="-97.4583">
        <ele>109.5</ele>
      </trkpt>
      <trkpt lat="29.51745" lon="-97.45826">
        <ele>110.2</ele>
      </trkpt>
      <trkpt lat="29.51768" lon="-97.45822">
        <ele>110.8</ele>
      </trkpt>
      <trkpt lat="29.51785" lon="-97.45818">
        <ele>111.2</ele>
      </trkpt>
      <trkpt lat="29.51869" lon="-97.45802">
        <ele>112.0</ele>
      </trkpt>
      <trkpt lat="29.51901" lon="-97.45796">
        <ele>112.3</ele>
      </trkpt>
      <trkpt lat="29.51967" lon="-97.45783">
        <ele>112.6</ele>
      </trkpt>
      <trkpt lat="29.51986" lon="-97.4578">
        <ele>112.6</ele>
      </trkpt>
      <trkpt lat="29.52077" lon="-97.45764">
        <ele>113.2</ele>
      </trkpt>
      <trkpt lat="29.5211" lon="-97.457579">
        <ele>113.3</ele>
      </trkpt>
      <trkpt lat="29.5211" lon="-97.457579">
        <ele>113.3</ele>
      </trkpt>
      <trkpt lat="29.52147" lon="-97.45641">
        <ele>109.6</ele>
      </trkpt>
      <trkpt lat="29.52165" lon="-97.45592">
        <ele>108.4</ele>
      </trkpt>
      <trkpt lat="29.5221" lon="-97.45457">
        <ele>103.2</ele>
      </trkpt>
      <trkpt lat="29.52231" lon="-97.45395">
        <ele>101.0</ele>
      </trkpt>
      <trkpt lat="29.52236" lon="-97.4538">
        <ele>100.4</ele>
      </trkpt>
      <trkpt lat="29.52262" lon="-97.45303">
        <ele>98.0</ele>
      </trkpt>
      <trkpt lat="29.52267" lon="-97.45287">
        <ele>97.3</ele>
      </trkpt>
      <trkpt lat="29.52272" lon="-97.452699">
        <ele>96.4</ele>
      </trkpt>
      <trkpt lat="29.52272" lon="-97.45269">
        <ele>96.3</ele>
      </trkpt>
      <trkpt lat="29.52285" lon="-97.45237">
        <ele>94.9</ele>
      </trkpt>
      <trkpt lat="29.52287" lon="-97.45231">
        <ele>94.7</ele>
      </trkpt>
      <trkpt lat="29.52294" lon="-97.452119">
        <ele>94.8</ele>
      </trkpt>
      <trkpt lat="29.52307" lon="-97.45174">
        <ele>95.1</ele>
      </trkpt>
      <trkpt lat="29.52334" lon="-97.45097">
        <ele>95.8</ele>
      </trkpt>
      <trkpt lat="29.52343" lon="-97.45068">
        <ele>95.9</ele>
      </trkpt>
      <trkpt lat="29.52362" lon="-97.45012">
        <ele>95.7</ele>
      </trkpt>
      <trkpt lat="29.52373" lon="-97.44981">
        <ele>95.5</ele>
      </trkpt>
      <trkpt lat="29.52375" lon="-97.44976">
        <ele>95.5</ele>
      </trkpt>
      <trkpt lat="29.52376" lon="-97.44971">
        <ele>95.4</ele>
      </trkpt>
      <trkpt lat="29.52377" lon="-97.44966">
        <ele>95.4</ele>
      </trkpt>
      <trkpt lat="29.5238" lon="-97.44961">
        <ele>95.4</ele>
      </trkpt>
      <trkpt lat="29.52393" lon="-97.44922">
        <ele>95.2</ele>
      </trkpt>
      <trkpt lat="29.52401" lon="-97.44901">
        <ele>95.1</ele>
      </trkpt>
      <trkpt lat="29.52404" lon="-97.44891">
        <ele>95.1</ele>
      </trkpt>
      <trkpt lat="29.52407" lon="-97.44882">
        <ele>95.1</ele>
      </trkpt>
      <trkpt lat="29.52423" lon="-97.44835">
        <ele>95.1</ele>
      </trkpt>
      <trkpt lat="29.52438" lon="-97.44788">
        <ele>95.0</ele>
      </trkpt>
      <trkpt lat="29.52448" lon="-97.44757">
        <ele>94.9</ele>
      </trkpt>
      <trkpt lat="29.52454" lon="-97.44741">
        <ele>94.8</ele>
      </trkpt>
      <trkpt lat="29.52456" lon="-97.44734">
        <ele>94.8</ele>
      </trkpt>
      <trkpt lat="29.52465" lon="-97.44709">
        <ele>94.7</ele>
      </trkpt>
      <trkpt lat="29.52472" lon="-97.44695">
        <ele>94.7</ele>
      </trkpt>
      <trkpt lat="29.52479" lon="-97.44681">
        <ele>94.5</ele>
      </trkpt>
      <trkpt lat="29.52482" lon="-97.44676">
        <ele>94.5</ele>
      </trkpt>
      <trkpt lat="29.52486" lon="-97.44667">
        <ele>94.5</ele>
      </trkpt>
      <trkpt lat="29.52488" lon="-97.44664">
        <ele>94.5</ele>
      </trkpt>
      <trkpt lat="29.52489" lon="-97.44662">
        <ele>94.5</ele>
      </trkpt>
      <trkpt lat="29.52492" lon="-97.44658">
        <ele>94.6</ele>
      </trkpt>
      <trkpt lat="29.52495" lon="-97.44655">
        <ele>94.6</ele>
      </trkpt>
      <trkpt lat="29.525" lon="-97.44652">
        <ele>94.6</ele>
      </trkpt>
      <trkpt lat="29.52506" lon="-97.44651">
        <ele>94.6</ele>
      </trkpt>
      <trkpt lat="29.52511" lon="-97.44651">
        <ele>94.6</ele>
      </trkpt>
      <trkpt lat="29.52522" lon="-97.44652">
        <ele>94.7</ele>
      </trkpt>
      <trkpt lat="29.52551" lon="-97.44659">
        <ele>94.6</ele>
      </trkpt>
      <trkpt lat="29.52559" lon="-97.4466">
        <ele>94.6</ele>
      </trkpt>
      <trkpt lat="29.52592" lon="-97.44666">
        <ele>94.7</ele>
      </trkpt>
      <trkpt lat="29.52605" lon="-97.44667">
        <ele>94.8</ele>
      </trkpt>
      <trkpt lat="29.52623" lon="-97.44669">
        <ele>94.9</ele>
      </trkpt>
      <trkpt lat="29.52637" lon="-97.4467">
        <ele>95.0</ele>
      </trkpt>
      <trkpt lat="29.52648" lon="-97.44669">
        <ele>95.1</ele>
      </trkpt>
      <trkpt lat="29.52658" lon="-97.44668">
        <ele>95.2</ele>
      </trkpt>
      <trkpt lat="29.5267" lon="-97.44667">
        <ele>95.4</ele>
      </trkpt>
      <trkpt lat="29.52684" lon="-97.44664">
        <ele>95.6</ele>
      </trkpt>
      <trkpt lat="29.52698" lon="-97.44661">
        <ele>95.8</ele>
      </trkpt>
      <trkpt lat="29.52753" lon="-97.44649">
        <ele>96.6</ele>
      </trkpt>
      <trkpt lat="29.528" lon="-97.4464">
        <ele>97.1</ele>
      </trkpt>
      <trkpt lat="29.52818" lon="-97.44637">
        <ele>97.3</ele>
      </trkpt>
      <trkpt lat="29.5284" lon="-97.44632">
        <ele>97.6</ele>
      </trkpt>
      <trkpt lat="29.52903" lon="-97.446209">
        <ele>98.7</ele>
      </trkpt>
      <trkpt lat="29.52963" lon="-97.4461">
        <ele>99.9</ele>
      </trkpt>
      <trkpt lat="29.53018" lon="-97.446">
        <ele>101.2</ele>
      </trkpt>
      <trkpt lat="29.53071" lon="-97.44591">
        <ele>102.2</ele>
      </trkpt>
      <trkpt lat="29.53102" lon="-97.44584">
        <ele>102.8</ele>
      </trkpt>
      <trkpt lat="29.53103" lon="-97.44584">
        <ele>102.8</ele>
      </trkpt>
      <trkpt lat="29.5312" lon="-97.44581">
        <ele>103.2</ele>
      </trkpt>
      <trkpt lat="29.53146" lon="-97.44575">
        <ele>103.8</ele>
      </trkpt>
      <trkpt lat="29.53173" lon="-97.44568">
        <ele>104.6</ele>
      </trkpt>
      <trkpt lat="29.53185" lon="-97.44565">
        <ele>104.9</ele>
      </trkpt>
      <trkpt lat="29.53206" lon="-97.4456">
        <ele>105.4</ele>
      </trkpt>
      <trkpt lat="29.53208" lon="-97.44559">
        <ele>105.4</ele>
      </trkpt>
      <trkpt lat="29.5323" lon="-97.44552">
        <ele>106.0</ele>
      </trkpt>
      <trkpt lat="29.53247" lon="-97.44547">
        <ele>106.4</ele>
      </trkpt>
      <trkpt lat="29.53247" lon="-97.44547">
        <ele>106.4</ele>
      </trkpt>
      <trkpt lat="29.53257" lon="-97.44543">
        <ele>106.7</ele>
      </trkpt>
      <trkpt lat="29.53275" lon="-97.4454">
        <ele>107.3</ele>
      </trkpt>
      <trkpt lat="29.53294" lon="-97.445359">
        <ele>107.8</ele>
      </trkpt>
      <trkpt lat="29.53449" lon="-97.44489">
        <ele>111.6</ele>
      </trkpt>
      <trkpt lat="29.53499" lon="-97.44473">
        <ele>112.0</ele>
      </trkpt>
      <trkpt lat="29.53501" lon="-97.44473">
        <ele>112.0</ele>
      </trkpt>
      <trkpt lat="29.53518" lon="-97.44467">
        <ele>112.1</ele>
      </trkpt>
      <trkpt lat="29.53529" lon="-97.44463">
        <ele>112.1</ele>
      </trkpt>
      <trkpt lat="29.53559" lon="-97.444509">
        <ele>111.9</ele>
      </trkpt>
      <trkpt lat="29.53599" lon="-97.44434">
        <ele>111.7</ele>
      </trkpt>
      <trkpt lat="29.53628" lon="-97.4442">
        <ele>111.6</ele>
      </trkpt>
      <trkpt lat="29.53645" lon="-97.44412">
        <ele>111.5</ele>
      </trkpt>
      <trkpt lat="29.53705" lon="-97.44382">
        <ele>111.5</ele>
      </trkpt>
      <trkpt lat="29.53728" lon="-97.44369">
        <ele>111.6</ele>
      </trkpt>
      <trkpt lat="29.53744" lon="-97.44361">
        <ele>111.6</ele>
      </trkpt>
      <trkpt lat="29.5376" lon="-97.44352">
        <ele>111.6</ele>
      </trkpt>
      <trkpt lat="29.53776" lon="-97.44343">
        <ele>111.6</ele>
      </trkpt>
      <trkpt lat="29.53784" lon="-97.443389">
        <ele>111.6</ele>
      </trkpt>
      <trkpt lat="29.53825" lon="-97.44315">
        <ele>111.7</ele>
      </trkpt>
      <trkpt lat="29.5385" lon="-97.443">
        <ele>111.7</ele>
      </trkpt>
      <trkpt lat="29.53871" lon="-97.44286">
        <ele>111.6</ele>
      </trkpt>
      <trkpt lat="29.53882" lon="-97.44277">
        <ele>111.5</ele>
      </trkpt>
      <trkpt lat="29.53889" lon="-97.44272">
        <ele>111.4</ele>
      </trkpt>
      <trkpt lat="29.53914" lon="-97.44252">
        <ele>111.1</ele>
      </trkpt>
      <trkpt lat="29.53916" lon="-97.4425">
        <ele>111.1</ele>
      </trkpt>
      <trkpt lat="29.53946" lon="-97.44226">
        <ele>110.8</ele>
      </trkpt>
      <trkpt lat="29.53958" lon="-97.44216">
        <ele>110.7</ele>
      </trkpt>
      <trkpt lat="29.53975" lon="-97.44202">
        <ele>110.4</ele>
      </trkpt>
      <trkpt lat="29.53983" lon="-97.44197">
        <ele>110.2</ele>
      </trkpt>
      <trkpt lat="29.54007" lon="-97.44176">
        <ele>109.5</ele>
      </trkpt>
      <trkpt lat="29.54118" lon="-97.44089">
        <ele>107.2</ele>
      </trkpt>
      <trkpt lat="29.54126" lon="-97.44082">
        <ele>107.4</ele>
      </trkpt>
      <trkpt lat="29.54138" lon="-97.44073">
        <ele>107.5</ele>
      </trkpt>
      <trkpt lat="29.54152" lon="-97.44061">
        <ele>107.3</ele>
      </trkpt>
      <trkpt lat="29.54158" lon="-97.44056">
        <ele>107.2</ele>
      </trkpt>
      <trkpt lat="29.54167" lon="-97.44049">
        <ele>106.9</ele>
      </trkpt>
      <trkpt lat="29.54188" lon="-97.44031">
        <ele>105.6</ele>
      </trkpt>
      <trkpt lat="29.54223" lon="-97.43999">
        <ele>102.1</ele>
      </trkpt>
      <trkpt lat="29.54224" lon="-97.43998">
        <ele>101.9</ele>
      </trkpt>
      <trkpt lat="29.5425" lon="-97.43972">
        <ele>100.1</ele>
      </trkpt>
      <trkpt lat="29.54251" lon="-97.43971">
        <ele>100.0</ele>
      </trkpt>
      <trkpt lat="29.54279" lon="-97.43946">
        <ele>99.0</ele>
      </trkpt>
      <trkpt lat="29.54287" lon="-97.4394">
        <ele>99.0</ele>
      </trkpt>
      <trkpt lat="29.54294" lon="-97.43935">
        <ele>99.0</ele>
      </trkpt>
      <trkpt lat="29.54302" lon="-97.4393">
        <ele>98.9</ele>
      </trkpt>
      <trkpt lat="29.54311" lon="-97.439269">
        <ele>98.8</ele>
      </trkpt>
      <trkpt lat="29.54319" lon="-97.43924">
        <ele>98.6</ele>
      </trkpt>
      <trkpt lat="29.54345" lon="-97.439179">
        <ele>97.9</ele>
      </trkpt>
      <trkpt lat="29.54364" lon="-97.43913">
        <ele>97.1</ele>
      </trkpt>
      <trkpt lat="29.54368" lon="-97.43912">
        <ele>97.0</ele>
      </trkpt>
      <trkpt lat="29.54409" lon="-97.43898">
        <ele>95.3</ele>
      </trkpt>
      <trkpt lat="29.54416" lon="-97.43896">
        <ele>95.1</ele>
      </trkpt>
      <trkpt lat="29.54436" lon="-97.43889">
        <ele>95.4</ele>
      </trkpt>
      <trkpt lat="29.54462" lon="-97.43878">
        <ele>96.2</ele>
      </trkpt>
      <trkpt lat="29.54483" lon="-97.43868">
        <ele>97.0</ele>
      </trkpt>
      <trkpt lat="29.54484" lon="-97.43867">
        <ele>97.0</ele>
      </trkpt>
      <trkpt lat="29.54509" lon="-97.43853">
        <ele>97.9</ele>
      </trkpt>
      <trkpt lat="29.54515" lon="-97.43849">
        <ele>98.1</ele>
      </trkpt>
      <trkpt lat="29.54547" lon="-97.43829">
        <ele>99.3</ele>
      </trkpt>
      <trkpt lat="29.54548" lon="-97.43829">
        <ele>99.3</ele>
      </trkpt>
      <trkpt lat="29.54595" lon="-97.43797">
        <ele>100.9</ele>
      </trkpt>
      <trkpt lat="29.54616" lon="-97.43783">
        <ele>101.6</ele>
      </trkpt>
      <trkpt lat="29.54625" lon="-97.43777">
        <ele>101.8</ele>
      </trkpt>
      <trkpt lat="29.54637" lon="-97.43769">
        <ele>102.2</ele>
      </trkpt>
      <trkpt lat="29.54666" lon="-97.43751">
        <ele>103.1</ele>
      </trkpt>
      <trkpt lat="29.54683" lon="-97.43742">
        <ele>103.6</ele>
      </trkpt>
      <trkpt lat="29.54705" lon="-97.43732">
        <ele>104.5</ele>
      </trkpt>
      <trkpt lat="29.54706" lon="-97.43731">
        <ele>104.6</ele>
      </trkpt>
      <trkpt lat="29.54791" lon="-97.43695">
        <ele>107.8</ele>
      </trkpt>
      <trkpt lat="29.54858" lon="-97.436629">
        <ele>110.1</ele>
      </trkpt>
      <trkpt lat="29.54969" lon="-97.43614">
        <ele>111.7</ele>
      </trkpt>
      <trkpt lat="29.54996" lon="-97.43602">
        <ele>111.9</ele>
      </trkpt>
      <trkpt lat="29.55013" lon="-97.43594">
        <ele>111.9</ele>
      </trkpt>
      <trkpt lat="29.55062" lon="-97.43572">
        <ele>111.5</ele>
      </trkpt>
      <trkpt lat="29.55104" lon="-97.4355">
        <ele>110.6</ele>
      </trkpt>
      <trkpt lat="29.55128" lon="-97.43535">
        <ele>110.2</ele>
      </trkpt>
      <trkpt lat="29.55142" lon="-97.43528">
        <ele>110.0</ele>
      </trkpt>
      <trkpt lat="29.55177" lon="-97.43509">
        <ele>109.3</ele>
      </trkpt>
      <trkpt lat="29.55192" lon="-97.435">
        <ele>109.4</ele>
      </trkpt>
      <trkpt lat="29.55209" lon="-97.4349">
        <ele>109.6</ele>
      </trkpt>
      <trkpt lat="29.55227" lon="-97.4348">
        <ele>109.7</ele>
      </trkpt>
      <trkpt lat="29.55246" lon="-97.43467">
        <ele>109.5</ele>
      </trkpt>
      <trkpt lat="29.55246" lon="-97.43467">
        <ele>109.5</ele>
      </trkpt>
      <trkpt lat="29.55313" lon="-97.43495">
        <ele>111.7</ele>
      </trkpt>
      <trkpt lat="29.55316" lon="-97.43496">
        <ele>111.7</ele>
      </trkpt>
      <trkpt lat="29.5533" lon="-97.43503">
        <ele>112.0</ele>
      </trkpt>
      <trkpt lat="29.55347" lon="-97.4351">
        <ele>112.1</ele>
      </trkpt>
      <trkpt lat="29.5538" lon="-97.43525">
        <ele>112.1</ele>
      </trkpt>
      <trkpt lat="29.55397" lon="-97.43532">
        <ele>112.0</ele>
      </trkpt>
      <trkpt lat="29.55414" lon="-97.4354">
        <ele>111.9</ele>
      </trkpt>
      <trkpt lat="29.55567" lon="-97.43607">
        <ele>108.0</ele>
      </trkpt>
      <trkpt lat="29.55599" lon="-97.43621">
        <ele>107.3</ele>
      </trkpt>
      <trkpt lat="29.55626" lon="-97.43633">
        <ele>107.1</ele>
      </trkpt>
      <trkpt lat="29.55664" lon="-97.4365">
        <ele>108.2</ele>
      </trkpt>
      <trkpt lat="29.55665" lon="-97.43651">
        <ele>108.3</ele>
      </trkpt>
      <trkpt lat="29.55669" lon="-97.43653">
        <ele>108.4</ele>
      </trkpt>
      <trkpt lat="29.55675" lon="-97.43655">
        <ele>108.7</ele>
      </trkpt>
      <trkpt lat="29.5568" lon="-97.43657">
        <ele>108.8</ele>
      </trkpt>
      <trkpt lat="29.55712" lon="-97.436719">
        <ele>109.5</ele>
      </trkpt>
      <trkpt lat="29.55767" lon="-97.43696">
        <ele>110.5</ele>
      </trkpt>
      <trkpt lat="29.558" lon="-97.4371">
        <ele>110.8</ele>
      </trkpt>
      <trkpt lat="29.55843" lon="-97.43728">
        <ele>111.5</ele>
      </trkpt>
      <trkpt lat="29.5588" lon="-97.43744">
        <ele>112.5</ele>
      </trkpt>
      <trkpt lat="29.55901" lon="-97.43753">
        <ele>112.9</ele>
      </trkpt>
      <trkpt lat="29.55942" lon="-97.4377">
        <ele>114.4</ele>
      </trkpt>
      <trkpt lat="29.56011" lon="-97.43799">
        <ele>116.3</ele>
      </trkpt>
      <trkpt lat="29.56071" lon="-97.43827">
        <ele>117.5</ele>
      </trkpt>
      <trkpt lat="29.56138" lon="-97.43858">
        <ele>118.4</ele>
      </trkpt>
      <trkpt lat="29.56144" lon="-97.43861">
        <ele>118.4</ele>
      </trkpt>
      <trkpt lat="29.56168" lon="-97.43872">
        <ele>118.0</ele>
      </trkpt>
      <trkpt lat="29.56177" lon="-97.43877">
        <ele>117.7</ele>
      </trkpt>
      <trkpt lat="29.56311" lon="-97.43937">
        <ele>114.2</ele>
      </trkpt>
      <trkpt lat="29.56436" lon="-97.43994">
        <ele>113.9</ele>
      </trkpt>
      <trkpt lat="29.56471" lon="-97.44011">
        <ele>113.3</ele>
      </trkpt>
      <trkpt lat="29.56483" lon="-97.44016">
        <ele>113.0</ele>
      </trkpt>
      <trkpt lat="29.56526" lon="-97.44033">
        <ele>111.5</ele>
      </trkpt>
      <trkpt lat="29.56539" lon="-97.440389">
        <ele>111.1</ele>
      </trkpt>
      <trkpt lat="29.56545" lon="-97.44042">
        <ele>111.0</ele>
      </trkpt>
      <trkpt lat="29.56573" lon="-97.44054">
        <ele>111.7</ele>
      </trkpt>
      <trkpt lat="29.56586" lon="-97.4406">
        <ele>112.4</ele>
      </trkpt>
      <trkpt lat="29.56657" lon="-97.44091">
        <ele>113.5</ele>
      </trkpt>
      <trkpt lat="29.56678" lon="-97.441">
        <ele>114.4</ele>
      </trkpt>
      <trkpt lat="29.56751" lon="-97.441329">
        <ele>116.3</ele>
      </trkpt>
      <trkpt lat="29.56757" lon="-97.44136">
        <ele>116.6</ele>
      </trkpt>
      <trkpt lat="29.56812" lon="-97.44159">
        <ele>118.8</ele>
      </trkpt>
      <trkpt lat="29.56897" lon="-97.44197">
        <ele>121.4</ele>
      </trkpt>
      <trkpt lat="29.56925" lon="-97.4421">
        <ele>122.1</ele>
      </trkpt>
      <trkpt lat="29.57025" lon="-97.44257">
        <ele>123.0</ele>
      </trkpt>
      <trkpt lat="29.57115" lon="-97.443">
        <ele>123.2</ele>
      </trkpt>
      <trkpt lat="29.57123" lon="-97.44304">
        <ele>123.2</ele>
      </trkpt>
      <trkpt lat="29.57142" lon="-97.44313">
        <ele>123.3</ele>
      </trkpt>
      <trkpt lat="29.57239" lon="-97.44356">
        <ele>123.5</ele>
      </trkpt>
      <trkpt lat="29.5734" lon="-97.44401">
        <ele>122.9</ele>
      </trkpt>
      <trkpt lat="29.5739" lon="-97.44423">
        <ele>121.9</ele>
      </trkpt>
      <trkpt lat="29.57427" lon="-97.44439">
        <ele>120.3</ele>
      </trkpt>
      <trkpt lat="29.57474" lon="-97.4446">
        <ele>118.6</ele>
      </trkpt>
      <trkpt lat="29.57507" lon="-97.44475">
        <ele>119.1</ele>
      </trkpt>
      <trkpt lat="29.57534" lon="-97.44488">
        <ele>119.2</ele>
      </trkpt>
      <trkpt lat="29.57538" lon="-97.44489">
        <ele>119.2</ele>
      </trkpt>
      <trkpt lat="29.57543" lon="-97.4449">
        <ele>119.2</ele>
      </trkpt>
      <trkpt lat="29.57548" lon="-97.4449">
        <ele>119.3</ele>
      </trkpt>
      <trkpt lat="29.57552" lon="-97.44489">
        <ele>119.3</ele>
      </trkpt>
      <trkpt lat="29.57559" lon="-97.44483">
        <ele>119.5</ele>
      </trkpt>
      <trkpt lat="29.57561" lon="-97.44478">
        <ele>119.6</ele>
      </trkpt>
      <trkpt lat="29.57566" lon="-97.44465">
        <ele>119.8</ele>
      </trkpt>
      <trkpt lat="29.57576" lon="-97.44434">
        <ele>120.2</ele>
      </trkpt>
      <trkpt lat="29.57592" lon="-97.44389">
        <ele>120.5</ele>
      </trkpt>
      <trkpt lat="29.57595" lon="-97.4438">
        <ele>120.6</ele>
      </trkpt>
      <trkpt lat="29.57649" lon="-97.44215">
        <ele>119.7</ele>
      </trkpt>
      <trkpt lat="29.57656" lon="-97.44196">
        <ele>119.6</ele>
      </trkpt>
      <trkpt lat="29.57676" lon="-97.441329">
        <ele>120.4</ele>
      </trkpt>
      <trkpt lat="29.57687" lon="-97.44099">
        <ele>120.9</ele>
      </trkpt>
      <trkpt lat="29.57692" lon="-97.44086">
        <ele>121.0</ele>
      </trkpt>
      <trkpt lat="29.5775" lon="-97.43912">
        <ele>124.2</ele>
      </trkpt>
      <trkpt lat="29.57773" lon="-97.43848">
        <ele>125.3</ele>
      </trkpt>
      <trkpt lat="29.57782" lon="-97.43821">
        <ele>125.5</ele>
      </trkpt>
      <trkpt lat="29.57785" lon="-97.43813">
        <ele>125.5</ele>
      </trkpt>
      <trkpt lat="29.57786" lon="-97.438059">
        <ele>125.6</ele>
      </trkpt>
      <trkpt lat="29.57786" lon="-97.43799">
        <ele>125.6</ele>
      </trkpt>
      <trkpt lat="29.57784" lon="-97.43793">
        <ele>125.6</ele>
      </trkpt>
      <trkpt lat="29.5778" lon="-97.43788">
        <ele>125.6</ele>
      </trkpt>
      <trkpt lat="29.57776" lon="-97.43784">
        <ele>125.7</ele>
      </trkpt>
      <trkpt lat="29.5777" lon="-97.43781">
        <ele>125.7</ele>
      </trkpt>
      <trkpt lat="29.57725" lon="-97.43762">
        <ele>125.8</ele>
      </trkpt>
      <trkpt lat="29.57682" lon="-97.43745">
        <ele>125.7</ele>
      </trkpt>
      <trkpt lat="29.57671" lon="-97.43741">
        <ele>125.6</ele>
      </trkpt>
      <trkpt lat="29.57665" lon="-97.43738">
        <ele>125.6</ele>
      </trkpt>
      <trkpt lat="29.57659" lon="-97.43734">
        <ele>125.5</ele>
      </trkpt>
      <trkpt lat="29.57654" lon="-97.43729">
        <ele>125.5</ele>
      </trkpt>
      <trkpt lat="29.57652" lon="-97.43724">
        <ele>125.4</ele>
      </trkpt>
      <trkpt lat="29.57651" lon="-97.43717">
        <ele>125.3</ele>
      </trkpt>
      <trkpt lat="29.57651" lon="-97.43711">
        <ele>125.2</ele>
      </trkpt>
      <trkpt lat="29.57652" lon="-97.43704">
        <ele>125.1</ele>
      </trkpt>
      <trkpt lat="29.57656" lon="-97.43689">
        <ele>124.7</ele>
      </trkpt>
      <trkpt lat="29.57719" lon="-97.43512">
        <ele>121.4</ele>
      </trkpt>
      <trkpt lat="29.5772" lon="-97.43509">
        <ele>121.3</ele>
      </trkpt>
      <trkpt lat="29.57747" lon="-97.43429">
        <ele>120.7</ele>
      </trkpt>
      <trkpt lat="29.57759" lon="-97.43392">
        <ele>120.4</ele>
      </trkpt>
      <trkpt lat="29.57773" lon="-97.433449">
        <ele>119.9</ele>
      </trkpt>
      <trkpt lat="29.57776" lon="-97.43338">
        <ele>119.9</ele>
      </trkpt>
      <trkpt lat="29.57786" lon="-97.43307">
        <ele>119.7</ele>
      </trkpt>
      <trkpt lat="29.57833" lon="-97.43164">
        <ele>119.1</ele>
      </trkpt>
      <trkpt lat="29.57855" lon="-97.43095">
        <ele>117.6</ele>
      </trkpt>
      <trkpt lat="29.57864" lon="-97.43068">
        <ele>116.9</ele>
      </trkpt>
      <trkpt lat="29.57864" lon="-97.43068">
        <ele>116.9</ele>
      </trkpt>
      <trkpt lat="29.57949" lon="-97.43106">
        <ele>115.4</ele>
      </trkpt>
      <trkpt lat="29.57963" lon="-97.43112">
        <ele>115.2</ele>
      </trkpt>
      <trkpt lat="29.57964" lon="-97.43113">
        <ele>115.2</ele>
      </trkpt>
      <trkpt lat="29.57977" lon="-97.43118">
        <ele>115.2</ele>
      </trkpt>
      <trkpt lat="29.58015" lon="-97.43134">
        <ele>115.9</ele>
      </trkpt>
      <trkpt lat="29.58051" lon="-97.43151">
        <ele>116.3</ele>
      </trkpt>
      <trkpt lat="29.58099" lon="-97.43171">
        <ele>118.2</ele>
      </trkpt>
      <trkpt lat="29.58119" lon="-97.43179">
        <ele>118.9</ele>
      </trkpt>
      <trkpt lat="29.58267" lon="-97.43245">
        <ele>123.0</ele>
      </trkpt>
      <trkpt lat="29.58281" lon="-97.432509">
        <ele>123.3</ele>
      </trkpt>
      <trkpt lat="29.58323" lon="-97.43271">
        <ele>124.4</ele>
      </trkpt>
      <trkpt lat="29.58323" lon="-97.43271">
        <ele>124.4</ele>
      </trkpt>
      <trkpt lat="29.58338" lon="-97.43256">
        <ele>124.8</ele>
      </trkpt>
      <trkpt lat="29.58348" lon="-97.43247">
        <ele>125.2</ele>
      </trkpt>
      <trkpt lat="29.58358" lon="-97.43236">
        <ele>125.9</ele>
      </trkpt>
      <trkpt lat="29.58482" lon="-97.43075">
        <ele>128.6</ele>
      </trkpt>
      <trkpt lat="29.58535" lon="-97.43008">
        <ele>129.2</ele>
      </trkpt>
      <trkpt lat="29.58566" lon="-97.42967">
        <ele>129.3</ele>
      </trkpt>
      <trkpt lat="29.58601" lon="-97.4292">
        <ele>128.9</ele>
      </trkpt>
      <trkpt lat="29.58637" lon="-97.42872">
        <ele>128.5</ele>
      </trkpt>
      <trkpt lat="29.58671" lon="-97.42826">
        <ele>128.4</ele>
      </trkpt>
      <trkpt lat="29.58707" lon="-97.42779">
        <ele>128.4</ele>
      </trkpt>
      <trkpt lat="29.58723" lon="-97.42757">
        <ele>128.4</ele>
      </trkpt>
      <trkpt lat="29.58725" lon="-97.427539">
        <ele>128.4</ele>
      </trkpt>
      <trkpt lat="29.58748" lon="-97.42723">
        <ele>128.4</ele>
      </trkpt>
      <trkpt lat="29.58791" lon="-97.42667">
        <ele>127.7</ele>
      </trkpt>
      <trkpt lat="29.58843" lon="-97.42598">
        <ele>126.6</ele>
      </trkpt>
      <trkpt lat="29.58883" lon="-97.42544">
        <ele>125.9</ele>
      </trkpt>
      <trkpt lat="29.58899" lon="-97.42523">
        <ele>125.5</ele>
      </trkpt>
      <trkpt lat="29.58928" lon="-97.42486">
        <ele>124.0</ele>
      </trkpt>
      <trkpt lat="29.58932" lon="-97.42483">
        <ele>123.8</ele>
      </trkpt>
      <trkpt lat="29.5897" lon="-97.42439">
        <ele>121.6</ele>
      </trkpt>
      <trkpt lat="29.58982" lon="-97.42425">
        <ele>120.5</ele>
      </trkpt>
      <trkpt lat="29.59034" lon="-97.42367">
        <ele>117.7</ele>
      </trkpt>
      <trkpt lat="29.59061" lon="-97.42337">
        <ele>116.1</ele>
      </trkpt>
      <trkpt lat="29.59126" lon="-97.42267">
        <ele>114.0</ele>
      </trkpt>
      <trkpt lat="29.59142" lon="-97.4225">
        <ele>113.4</ele>
      </trkpt>
      <trkpt lat="29.5923" lon="-97.4215">
        <ele>112.8</ele>
      </trkpt>
      <trkpt lat="29.59241" lon="-97.42138">
        <ele>112.8</ele>
      </trkpt>
      <trkpt lat="29.59241" lon="-97.42137">
        <ele>112.8</ele>
      </trkpt>
      <trkpt lat="29.59266" lon="-97.4211">
        <ele>112.8</ele>
      </trkpt>
      <trkpt lat="29.59272" lon="-97.42103">
        <ele>112.8</ele>
      </trkpt>
      <trkpt lat="29.5928" lon="-97.420959">
        <ele>112.8</ele>
      </trkpt>
      <trkpt lat="29.59281" lon="-97.42094">
        <ele>112.8</ele>
      </trkpt>
      <trkpt lat="29.59332" lon="-97.42037">
        <ele>114.6</ele>
      </trkpt>
      <trkpt lat="29.59365" lon="-97.42">
        <ele>115.5</ele>
      </trkpt>
      <trkpt lat="29.5945" lon="-97.419079">
        <ele>118.3</ele>
      </trkpt>
      <trkpt lat="29.59457" lon="-97.41901">
        <ele>118.5</ele>
      </trkpt>
      <trkpt lat="29.59515" lon="-97.41838">
        <ele>119.3</ele>
      </trkpt>
      <trkpt lat="29.59555" lon="-97.417959">
        <ele>118.0</ele>
      </trkpt>
      <trkpt lat="29.59568" lon="-97.41781">
        <ele>117.5</ele>
      </trkpt>
      <trkpt lat="29.59575" lon="-97.41774">
        <ele>117.2</ele>
      </trkpt>
      <trkpt lat="29.59646" lon="-97.41699">
        <ele>114.9</ele>
      </trkpt>
      <trkpt lat="29.59674" lon="-97.4167">
        <ele>114.2</ele>
      </trkpt>
      <trkpt lat="29.59703" lon="-97.4164">
        <ele>113.5</ele>
      </trkpt>
      <trkpt lat="29.59719" lon="-97.41622">
        <ele>113.3</ele>
      </trkpt>
      <trkpt lat="29.59734" lon="-97.41603">
        <ele>113.0</ele>
      </trkpt>
      <trkpt lat="29.5974" lon="-97.41593">
        <ele>112.9</ele>
      </trkpt>
      <trkpt lat="29.59746" lon="-97.41579">
        <ele>112.9</ele>
      </trkpt>
      <trkpt lat="29.59746" lon="-97.41579">
        <ele>112.9</ele>
      </trkpt>
      <trkpt lat="29.59839" lon="-97.41573">
        <ele>112.3</ele>
      </trkpt>
      <trkpt lat="29.59959" lon="-97.41565">
        <ele>113.7</ele>
      </trkpt>
      <trkpt lat="29.60156" lon="-97.41552">
        <ele>118.1</ele>
      </trkpt>
      <trkpt lat="29.60156" lon="-97.41552">
        <ele>118.1</ele>
      </trkpt>
      <trkpt lat="29.60174" lon="-97.41534">
        <ele>118.5</ele>
      </trkpt>
      <trkpt lat="29.60186" lon="-97.415229">
        <ele>118.6</ele>
      </trkpt>
      <trkpt lat="29.60198" lon="-97.415139">
        <ele>118.8</ele>
      </trkpt>
      <trkpt lat="29.60263" lon="-97.41472">
        <ele>120.8</ele>
      </trkpt>
      <trkpt lat="29.60266" lon="-97.414689">
        <ele>120.8</ele>
      </trkpt>
      <trkpt lat="29.60289" lon="-97.41456">
        <ele>121.3</ele>
      </trkpt>
      <trkpt lat="29.6031" lon="-97.41442">
        <ele>121.8</ele>
      </trkpt>
      <trkpt lat="29.60388" lon="-97.41392">
        <ele>124.5</ele>
      </trkpt>
      <trkpt lat="29.60483" lon="-97.41332">
        <ele>126.2</ele>
      </trkpt>
      <trkpt lat="29.60514" lon="-97.41312">
        <ele>125.1</ele>
      </trkpt>
      <trkpt lat="29.60528" lon="-97.41303">
        <ele>124.7</ele>
      </trkpt>
      <trkpt lat="29.60685" lon="-97.41204">
        <ele>121.4</ele>
      </trkpt>
      <trkpt lat="29.60703" lon="-97.41192">
        <ele>121.0</ele>
      </trkpt>
      <trkpt lat="29.60793" lon="-97.41133">
        <ele>119.2</ele>
      </trkpt>
      <trkpt lat="29.60797" lon="-97.41131">
        <ele>119.0</ele>
      </trkpt>
      <trkpt lat="29.60876" lon="-97.4108">
        <ele>116.6</ele>
      </trkpt>
      <trkpt lat="29.60882" lon="-97.41076">
        <ele>116.5</ele>
      </trkpt>
      <trkpt lat="29.60898" lon="-97.41065">
        <ele>116.2</ele>
      </trkpt>
      <trkpt lat="29.60905" lon="-97.41059">
        <ele>116.1</ele>
      </trkpt>
      <trkpt lat="29.60911" lon="-97.41054">
        <ele>116.0</ele>
      </trkpt>
      <trkpt lat="29.60923" lon="-97.4104">
        <ele>115.9</ele>
      </trkpt>
      <trkpt lat="29.60926" lon="-97.41034">
        <ele>115.9</ele>
      </trkpt>
      <trkpt lat="29.60931" lon="-97.41028">
        <ele>115.9</ele>
      </trkpt>
      <trkpt lat="29.6094" lon="-97.41012">
        <ele>115.9</ele>
      </trkpt>
      <trkpt lat="29.60941" lon="-97.41011">
        <ele>115.9</ele>
      </trkpt>
      <trkpt lat="29.60949" lon="-97.40993">
        <ele>115.9</ele>
      </trkpt>
      <trkpt lat="29.60952" lon="-97.40986">
        <ele>115.8</ele>
      </trkpt>
      <trkpt lat="29.60953" lon="-97.40976">
        <ele>115.9</ele>
      </trkpt>
      <trkpt lat="29.60954" lon="-97.40953">
        <ele>115.8</ele>
      </trkpt>
      <trkpt lat="29.60953" lon="-97.40936">
        <ele>115.9</ele>
      </trkpt>
      <trkpt lat="29.60954" lon="-97.40929">
        <ele>115.8</ele>
      </trkpt>
      <trkpt lat="29.60956" lon="-97.40915">
        <ele>115.5</ele>
      </trkpt>
      <trkpt lat="29.60958" lon="-97.40909">
        <ele>115.2</ele>
      </trkpt>
      <trkpt lat="29.60961" lon="-97.40903">
        <ele>114.9</ele>
      </trkpt>
      <trkpt lat="29.60964" lon="-97.40899">
        <ele>114.6</ele>
      </trkpt>
      <trkpt lat="29.60968" lon="-97.40895">
        <ele>114.3</ele>
      </trkpt>
      <trkpt lat="29.60968" lon="-97.40894">
        <ele>114.3</ele>
      </trkpt>
      <trkpt lat="29.60973" lon="-97.40891">
        <ele>114.0</ele>
      </trkpt>
      <trkpt lat="29.60984" lon="-97.40886">
        <ele>113.4</ele>
      </trkpt>
      <trkpt lat="29.61034" lon="-97.40864">
        <ele>111.1</ele>
      </trkpt>
      <trkpt lat="29.61068" lon="-97.40849">
        <ele>110.8</ele>
      </trkpt>
      <trkpt lat="29.61079" lon="-97.40844">
        <ele>111.1</ele>
      </trkpt>
      <trkpt lat="29.61101" lon="-97.40834">
        <ele>111.7</ele>
      </trkpt>
      <trkpt lat="29.61151" lon="-97.408109">
        <ele>113.3</ele>
      </trkpt>
      <trkpt lat="29.61319" lon="-97.40734">
        <ele>120.7</ele>
      </trkpt>
      <trkpt lat="29.61469" lon="-97.40665">
        <ele>123.3</ele>
      </trkpt>
      <trkpt lat="29.61538" lon="-97.40634">
        <ele>123.8</ele>
      </trkpt>
      <trkpt lat="29.6162" lon="-97.40597">
        <ele>124.7</ele>
      </trkpt>
      <trkpt lat="29.61737" lon="-97.40545">
        <ele>125.9</ele>
      </trkpt>
      <trkpt lat="29.61785" lon="-97.40523">
        <ele>126.1</ele>
      </trkpt>
      <trkpt lat="29.61795" lon="-97.40519">
        <ele>126.1</ele>
      </trkpt>
      <trkpt lat="29.61795" lon="-97.40519">
        <ele>126.1</ele>
      </trkpt>
      <trkpt lat="29.61795" lon="-97.40504">
        <ele>126.1</ele>
      </trkpt>
      <trkpt lat="29.61796" lon="-97.40453">
        <ele>125.9</ele>
      </trkpt>
      <trkpt lat="29.61797" lon="-97.40425">
        <ele>125.5</ele>
      </trkpt>
      <trkpt lat="29.61797" lon="-97.40405">
        <ele>125.0</ele>
      </trkpt>
      <trkpt lat="29.61798" lon="-97.40335">
        <ele>122.9</ele>
      </trkpt>
      <trkpt lat="29.61801" lon="-97.40196">
        <ele>119.2</ele>
      </trkpt>
      <trkpt lat="29.61802" lon="-97.40147">
        <ele>118.0</ele>
      </trkpt>
      <trkpt lat="29.61802" lon="-97.40141">
        <ele>117.9</ele>
      </trkpt>
      <trkpt lat="29.61803" lon="-97.40098">
        <ele>116.8</ele>
      </trkpt>
      <trkpt lat="29.61804" lon="-97.40074">
        <ele>116.2</ele>
      </trkpt>
      <trkpt lat="29.61805" lon="-97.40036">
        <ele>115.1</ele>
      </trkpt>
      <trkpt lat="29.61805" lon="-97.40012">
        <ele>114.4</ele>
      </trkpt>
      <trkpt lat="29.61805" lon="-97.40012">
        <ele>114.4</ele>
      </trkpt>
      <trkpt lat="29.61763" lon="-97.40013">
        <ele>114.7</ele>
      </trkpt>
      <trkpt lat="29.61668" lon="-97.40021">
        <ele>114.4</ele>
      </trkpt>
      <trkpt lat="29.61647" lon="-97.40022">
        <ele>114.3</ele>
      </trkpt>
      <trkpt lat="29.61626" lon="-97.40022">
        <ele>114.1</ele>
      </trkpt>
      <trkpt lat="29.61587" lon="-97.4002">
        <ele>113.7</ele>
      </trkpt>
      <trkpt lat="29.61547" lon="-97.40017">
        <ele>113.3</ele>
      </trkpt>
      <trkpt lat="29.61521" lon="-97.400139">
        <ele>113.1</ele>
      </trkpt>
      <trkpt lat="29.61512" lon="-97.40013">
        <ele>113.0</ele>
      </trkpt>
      <trkpt lat="29.61495" lon="-97.40009">
        <ele>112.9</ele>
      </trkpt>
      <trkpt lat="29.61491" lon="-97.40007">
        <ele>112.9</ele>
      </trkpt>
      <trkpt lat="29.61481" lon="-97.39999">
        <ele>112.4</ele>
      </trkpt>
      <trkpt lat="29.61466" lon="-97.39982">
        <ele>111.8</ele>
      </trkpt>
      <trkpt lat="29.61462" lon="-97.39975">
        <ele>112.3</ele>
      </trkpt>
      <trkpt lat="29.61459" lon="-97.39972">
        <ele>112.5</ele>
      </trkpt>
      <trkpt lat="29.61455" lon="-97.39964">
        <ele>112.9</ele>
      </trkpt>
      <trkpt lat="29.61451" lon="-97.39951">
        <ele>113.2</ele>
      </trkpt>
      <trkpt lat="29.6145" lon="-97.39939">
        <ele>113.5</ele>
      </trkpt>
      <trkpt lat="29.61449" lon="-97.39924">
        <ele>113.8</ele>
      </trkpt>
      <trkpt lat="29.6145" lon="-97.39886">
        <ele>114.6</ele>
      </trkpt>
      <trkpt lat="29.6145" lon="-97.39868">
        <ele>114.8</ele>
      </trkpt>
      <trkpt lat="29.61449" lon="-97.39861">
        <ele>114.9</ele>
      </trkpt>
      <trkpt lat="29.61448" lon="-97.39855">
        <ele>115.0</ele>
      </trkpt>
      <trkpt lat="29.61445" lon="-97.3985">
        <ele>115.1</ele>
      </trkpt>
      <trkpt lat="29.61441" lon="-97.39846">
        <ele>115.2</ele>
      </trkpt>
      <trkpt lat="29.61436" lon="-97.398439">
        <ele>115.3</ele>
      </trkpt>
      <trkpt lat="29.6143" lon="-97.39842">
        <ele>115.4</ele>
      </trkpt>
      <trkpt lat="29.6139" lon="-97.39842">
        <ele>116.3</ele>
      </trkpt>
      <trkpt lat="29.61354" lon="-97.39842">
        <ele>117.2</ele>
      </trkpt>
      <trkpt lat="29.61292" lon="-97.39842">
        <ele>117.5</ele>
      </trkpt>
      <trkpt lat="29.61228" lon="-97.39841">
        <ele>117.7</ele>
      </trkpt>
      <trkpt lat="29.61167" lon="-97.3984">
        <ele>119.0</ele>
      </trkpt>
      <trkpt lat="29.61138" lon="-97.3984">
        <ele>119.6</ele>
      </trkpt>
      <trkpt lat="29.61102" lon="-97.3984">
        <ele>119.8</ele>
      </trkpt>
      <trkpt lat="29.6103" lon="-97.39839">
        <ele>119.5</ele>
      </trkpt>
      <trkpt lat="29.60886" lon="-97.39838">
        <ele>117.8</ele>
      </trkpt>
      <trkpt lat="29.60778" lon="-97.39839">
        <ele>115.7</ele>
      </trkpt>
      <trkpt lat="29.60738" lon="-97.39839">
        <ele>115.2</ele>
      </trkpt>
      <trkpt lat="29.60638" lon="-97.39841">
        <ele>113.7</ele>
      </trkpt>
      <trkpt lat="29.60623" lon="-97.3984">
        <ele>113.5</ele>
      </trkpt>
      <trkpt lat="29.60618" lon="-97.39837">
        <ele>113.5</ele>
      </trkpt>
      <trkpt lat="29.60613" lon="-97.39834">
        <ele>113.5</ele>
      </trkpt>
      <trkpt lat="29.6061" lon="-97.39828">
        <ele>113.5</ele>
      </trkpt>
      <trkpt lat="29.60609" lon="-97.39822">
        <ele>113.5</ele>
      </trkpt>
      <trkpt lat="29.60608" lon="-97.39814">
        <ele>113.5</ele>
      </trkpt>
      <trkpt lat="29.60607" lon="-97.39757">
        <ele>113.3</ele>
      </trkpt>
      <trkpt lat="29.60607" lon="-97.39669">
        <ele>112.0</ele>
      </trkpt>
      <trkpt lat="29.60607" lon="-97.39633">
        <ele>111.3</ele>
      </trkpt>
      <trkpt lat="29.60608" lon="-97.39551">
        <ele>109.9</ele>
      </trkpt>
      <trkpt lat="29.60608" lon="-97.39509">
        <ele>110.2</ele>
      </trkpt>
      <trkpt lat="29.60608" lon="-97.394679">
        <ele>111.5</ele>
      </trkpt>
      <trkpt lat="29.60609" lon="-97.39384">
        <ele>114.2</ele>
      </trkpt>
      <trkpt lat="29.60607" lon="-97.39367">
        <ele>114.7</ele>
      </trkpt>
      <trkpt lat="29.60606" lon="-97.39359">
        <ele>114.9</ele>
      </trkpt>
      <trkpt lat="29.60603" lon="-97.39352">
        <ele>115.1</ele>
      </trkpt>
      <trkpt lat="29.60599" lon="-97.39346">
        <ele>115.4</ele>
      </trkpt>
      <trkpt lat="29.60594" lon="-97.39342">
        <ele>115.5</ele>
      </trkpt>
      <trkpt lat="29.60588" lon="-97.39339">
        <ele>115.7</ele>
      </trkpt>
      <trkpt lat="29.60581" lon="-97.393379">
        <ele>115.8</ele>
      </trkpt>
      <trkpt lat="29.60573" lon="-97.393379">
        <ele>115.8</ele>
      </trkpt>
      <trkpt lat="29.60529" lon="-97.39339">
        <ele>116.8</ele>
      </trkpt>
      <trkpt lat="29.60424" lon="-97.39341">
        <ele>117.7</ele>
      </trkpt>
      <trkpt lat="29.60382" lon="-97.3934">
        <ele>117.7</ele>
      </trkpt>
      <trkpt lat="29.60368" lon="-97.39339">
        <ele>117.7</ele>
      </trkpt>
      <trkpt lat="29.60349" lon="-97.39336">
        <ele>117.6</ele>
      </trkpt>
      <trkpt lat="29.6034" lon="-97.39334">
        <ele>117.6</ele>
      </trkpt>
      <trkpt lat="29.603" lon="-97.39326">
        <ele>117.5</ele>
      </trkpt>
      <trkpt lat="29.60275" lon="-97.393199">
        <ele>117.4</ele>
      </trkpt>
      <trkpt lat="29.60252" lon="-97.39313">
        <ele>117.3</ele>
      </trkpt>
      <trkpt lat="29.60221" lon="-97.393">
        <ele>117.0</ele>
      </trkpt>
      <trkpt lat="29.6021" lon="-97.39294">
        <ele>116.9</ele>
      </trkpt>
      <trkpt lat="29.60174" lon="-97.39276">
        <ele>116.0</ele>
      </trkpt>
      <trkpt lat="29.60149" lon="-97.39265">
        <ele>115.5</ele>
      </trkpt>
      <trkpt lat="29.60094" lon="-97.3924">
        <ele>115.0</ele>
      </trkpt>
      <trkpt lat="29.6001" lon="-97.39202">
        <ele>114.0</ele>
      </trkpt>
      <trkpt lat="29.59977" lon="-97.39186">
        <ele>114.0</ele>
      </trkpt>
      <trkpt lat="29.59877" lon="-97.39139">
        <ele>114.2</ele>
      </trkpt>
      <trkpt lat="29.59728" lon="-97.39068">
        <ele>113.5</ele>
      </trkpt>
      <trkpt lat="29.59711" lon="-97.3906">
        <ele>113.6</ele>
      </trkpt>
      <trkpt lat="29.59674" lon="-97.39042">
        <ele>113.7</ele>
      </trkpt>
      <trkpt lat="29.59667" lon="-97.39039">
        <ele>113.7</ele>
      </trkpt>
      <trkpt lat="29.59607" lon="-97.39013">
        <ele>115.0</ele>
      </trkpt>
      <trkpt lat="29.59593" lon="-97.39008">
        <ele>115.4</ele>
      </trkpt>
      <trkpt lat="29.59509" lon="-97.38972">
        <ele>116.1</ele>
      </trkpt>
      <trkpt lat="29.59416" lon="-97.38933">
        <ele>114.4</ele>
      </trkpt>
      <trkpt lat="29.59357" lon="-97.38907">
        <ele>114.0</ele>
      </trkpt>
      <trkpt lat="29.59274" lon="-97.38869">
        <ele>113.3</ele>
      </trkpt>
      <trkpt lat="29.59173" lon="-97.38824">
        <ele>111.4</ele>
      </trkpt>
      <trkpt lat="29.59161" lon="-97.38819">
        <ele>111.4</ele>
      </trkpt>
      <trkpt lat="29.59131" lon="-97.38806">
        <ele>112.2</ele>
      </trkpt>
      <trkpt lat="29.59122" lon="-97.38804">
        <ele>112.5</ele>
      </trkpt>
      <trkpt lat="29.59114" lon="-97.38803">
        <ele>112.8</ele>
      </trkpt>
      <trkpt lat="29.59106" lon="-97.38803">
        <ele>112.9</ele>
      </trkpt>
      <trkpt lat="29.59098" lon="-97.38805">
        <ele>113.1</ele>
      </trkpt>
      <trkpt lat="29.59091" lon="-97.38808">
        <ele>113.1</ele>
      </trkpt>
      <trkpt lat="29.59077" lon="-97.38817">
        <ele>113.1</ele>
      </trkpt>
      <trkpt lat="29.59057" lon="-97.388319">
        <ele>112.9</ele>
      </trkpt>
      <trkpt lat="29.59043" lon="-97.38842">
        <ele>112.8</ele>
      </trkpt>
      <trkpt lat="29.59021" lon="-97.38858">
        <ele>112.4</ele>
      </trkpt>
      <trkpt lat="29.59013" lon="-97.38862">
        <ele>112.4</ele>
      </trkpt>
      <trkpt lat="29.59005" lon="-97.38864">
        <ele>112.3</ele>
      </trkpt>
      <trkpt lat="29.58996" lon="-97.38865">
        <ele>112.3</ele>
      </trkpt>
      <trkpt lat="29.58988" lon="-97.38864">
        <ele>112.2</ele>
      </trkpt>
      <trkpt lat="29.58975" lon="-97.38862">
        <ele>112.2</ele>
      </trkpt>
      <trkpt lat="29.58969" lon="-97.3886">
        <ele>112.3</ele>
      </trkpt>
      <trkpt lat="29.58887" lon="-97.38837">
        <ele>112.1</ele>
      </trkpt>
      <trkpt lat="29.58858" lon="-97.3883">
        <ele>111.9</ele>
      </trkpt>
      <trkpt lat="29.58848" lon="-97.38827">
        <ele>111.8</ele>
      </trkpt>
      <trkpt lat="29.5884" lon="-97.388229">
        <ele>111.8</ele>
      </trkpt>
      <trkpt lat="29.58836" lon="-97.3882">
        <ele>111.8</ele>
      </trkpt>
      <trkpt lat="29.58833" lon="-97.38818">
        <ele>111.8</ele>
      </trkpt>
      <trkpt lat="29.58827" lon="-97.38811">
        <ele>111.9</ele>
      </trkpt>
      <trkpt lat="29.58822" lon="-97.38803">
        <ele>111.9</ele>
      </trkpt>
      <trkpt lat="29.58812" lon="-97.387829">
        <ele>111.9</ele>
      </trkpt>
      <trkpt lat="29.58774" lon="-97.38693">
        <ele>111.4</ele>
      </trkpt>
      <trkpt lat="29.58766" lon="-97.38676">
        <ele>111.4</ele>
      </trkpt>
      <trkpt lat="29.58764" lon="-97.386709">
        <ele>111.4</ele>
      </trkpt>
      <trkpt lat="29.58757" lon="-97.38661">
        <ele>111.4</ele>
      </trkpt>
      <trkpt lat="29.5875" lon="-97.38651">
        <ele>111.5</ele>
      </trkpt>
      <trkpt lat="29.58742" lon="-97.38643">
        <ele>111.7</ele>
      </trkpt>
      <trkpt lat="29.58725" lon="-97.38628">
        <ele>112.1</ele>
      </trkpt>
      <trkpt lat="29.58715" lon="-97.38622">
        <ele>112.4</ele>
      </trkpt>
      <trkpt lat="29.58705" lon="-97.38618">
        <ele>112.6</ele>
      </trkpt>
      <trkpt lat="29.5868" lon="-97.38607">
        <ele>113.0</ele>
      </trkpt>
      <trkpt lat="29.58629" lon="-97.385859">
        <ele>113.3</ele>
      </trkpt>
      <trkpt lat="29.58602" lon="-97.38574">
        <ele>113.2</ele>
      </trkpt>
      <trkpt lat="29.58461" lon="-97.38511">
        <ele>109.9</ele>
      </trkpt>
      <trkpt lat="29.58423" lon="-97.38494">
        <ele>108.6</ele>
      </trkpt>
      <trkpt lat="29.58406" lon="-97.38486">
        <ele>108.2</ele>
      </trkpt>
      <trkpt lat="29.58397" lon="-97.38478">
        <ele>107.9</ele>
      </trkpt>
      <trkpt lat="29.58392" lon="-97.38471">
        <ele>107.8</ele>
      </trkpt>
      <trkpt lat="29.58388" lon="-97.38464">
        <ele>107.8</ele>
      </trkpt>
      <trkpt lat="29.58386" lon="-97.38457">
        <ele>107.7</ele>
      </trkpt>
      <trkpt lat="29.58384" lon="-97.38448">
        <ele>107.7</ele>
      </trkpt>
      <trkpt lat="29.58384" lon="-97.38411">
        <ele>107.4</ele>
      </trkpt>
      <trkpt lat="29.58385" lon="-97.38378">
        <ele>107.1</ele>
      </trkpt>
      <trkpt lat="29.58386" lon="-97.3836">
        <ele>106.7</ele>
      </trkpt>
      <trkpt lat="29.58385" lon="-97.38321">
        <ele>105.3</ele>
      </trkpt>
      <trkpt lat="29.58384" lon="-97.38313">
        <ele>105.2</ele>
      </trkpt>
      <trkpt lat="29.58382" lon="-97.38306">
        <ele>105.1</ele>
      </trkpt>
      <trkpt lat="29.5838" lon="-97.38302">
        <ele>105.1</ele>
      </trkpt>
      <trkpt lat="29.58378" lon="-97.38299">
        <ele>105.1</ele>
      </trkpt>
      <trkpt lat="29.58374" lon="-97.38294">
        <ele>105.1</ele>
      </trkpt>
      <trkpt lat="29.58361" lon="-97.382859">
        <ele>105.4</ele>
      </trkpt>
      <trkpt lat="29.58309" lon="-97.38262">
        <ele>106.0</ele>
      </trkpt>
      <trkpt lat="29.58245" lon="-97.38234">
        <ele>105.1</ele>
      </trkpt>
      <trkpt lat="29.58244" lon="-97.38234">
        <ele>105.1</ele>
      </trkpt>
      <trkpt lat="29.58155" lon="-97.38193">
        <ele>109.5</ele>
      </trkpt>
      <trkpt lat="29.58144" lon="-97.38189">
        <ele>109.8</ele>
      </trkpt>
      <trkpt lat="29.58117" lon="-97.38177">
        <ele>110.0</ele>
      </trkpt>
      <trkpt lat="29.58106" lon="-97.38172">
        <ele>110.1</ele>
      </trkpt>
      <trkpt lat="29.58093" lon="-97.38166">
        <ele>110.2</ele>
      </trkpt>
      <trkpt lat="29.58032" lon="-97.38139">
        <ele>110.3</ele>
      </trkpt>
      <trkpt lat="29.58026" lon="-97.38136">
        <ele>110.2</ele>
      </trkpt>
      <trkpt lat="29.5796" lon="-97.38108">
        <ele>109.0</ele>
      </trkpt>
      <trkpt lat="29.57959" lon="-97.381069">
        <ele>109.0</ele>
      </trkpt>
      <trkpt lat="29.57952" lon="-97.38104">
        <ele>108.8</ele>
      </trkpt>
      <trkpt lat="29.57945" lon="-97.381">
        <ele>108.6</ele>
      </trkpt>
      <trkpt lat="29.57939" lon="-97.38094">
        <ele>108.5</ele>
      </trkpt>
      <trkpt lat="29.57934" lon="-97.38087">
        <ele>108.3</ele>
      </trkpt>
      <trkpt lat="29.57931" lon="-97.380799">
        <ele>108.3</ele>
      </trkpt>
      <trkpt lat="29.57928" lon="-97.380709">
        <ele>108.2</ele>
      </trkpt>
      <trkpt lat="29.57927" lon="-97.380619">
        <ele>108.2</ele>
      </trkpt>
      <trkpt lat="29.57926" lon="-97.38021">
        <ele>107.7</ele>
      </trkpt>
      <trkpt lat="29.57926" lon="-97.38002">
        <ele>107.2</ele>
      </trkpt>
      <trkpt lat="29.57926" lon="-97.37907">
        <ele>106.0</ele>
      </trkpt>
      <trkpt lat="29.57926" lon="-97.37835">
        <ele>105.1</ele>
      </trkpt>
      <trkpt lat="29.57926" lon="-97.3769">
        <ele>102.0</ele>
      </trkpt>
      <trkpt lat="29.57925" lon="-97.37525">
        <ele>96.9</ele>
      </trkpt>
      <trkpt lat="29.57925" lon="-97.37479">
        <ele>96.0</ele>
      </trkpt>
      <trkpt lat="29.57925" lon="-97.374619">
        <ele>95.7</ele>
      </trkpt>
      <trkpt lat="29.57925" lon="-97.37452">
        <ele>95.5</ele>
      </trkpt>
      <trkpt lat="29.57922" lon="-97.37437">
        <ele>95.2</ele>
      </trkpt>
      <trkpt lat="29.5792" lon="-97.37429">
        <ele>95.0</ele>
      </trkpt>
      <trkpt lat="29.57917" lon="-97.37421">
        <ele>94.8</ele>
      </trkpt>
      <trkpt lat="29.5791" lon="-97.37407">
        <ele>94.3</ele>
      </trkpt>
      <trkpt lat="29.57893" lon="-97.37385">
        <ele>93.6</ele>
      </trkpt>
      <trkpt lat="29.5786" lon="-97.37348">
        <ele>92.6</ele>
      </trkpt>
      <trkpt lat="29.57844" lon="-97.37332">
        <ele>93.1</ele>
      </trkpt>
      <trkpt lat="29.57835" lon="-97.37323">
        <ele>93.1</ele>
      </trkpt>
      <trkpt lat="29.57815" lon="-97.37315">
        <ele>93.0</ele>
      </trkpt>
      <trkpt lat="29.57675" lon="-97.372649">
        <ele>91.8</ele>
      </trkpt>
      <trkpt lat="29.57571" lon="-97.37228">
        <ele>92.8</ele>
      </trkpt>
      <trkpt lat="29.57571" lon="-97.37228">
        <ele>92.8</ele>
      </trkpt>
      <trkpt lat="29.57525" lon="-97.37269">
        <ele>96.2</ele>
      </trkpt>
      <trkpt lat="29.57517" lon="-97.37276">
        <ele>96.9</ele>
      </trkpt>
      <trkpt lat="29.57508" lon="-97.37284">
        <ele>97.5</ele>
      </trkpt>
      <trkpt lat="29.57499" lon="-97.37293">
        <ele>97.8</ele>
      </trkpt>
      <trkpt lat="29.57491" lon="-97.37302">
        <ele>98.0</ele>
      </trkpt>
      <trkpt lat="29.57482" lon="-97.37312">
        <ele>98.8</ele>
      </trkpt>
      <trkpt lat="29.57478" lon="-97.37317">
        <ele>99.4</ele>
      </trkpt>
      <trkpt lat="29.57472" lon="-97.37324">
        <ele>100.3</ele>
      </trkpt>
      <trkpt lat="29.57466" lon="-97.37331">
        <ele>100.7</ele>
      </trkpt>
      <trkpt lat="29.57465" lon="-97.37333">
        <ele>100.7</ele>
      </trkpt>
      <trkpt lat="29.57445" lon="-97.37358">
        <ele>101.0</ele>
      </trkpt>
      <trkpt lat="29.57426" lon="-97.37383">
        <ele>101.6</ele>
      </trkpt>
      <trkpt lat="29.574" lon="-97.37416">
        <ele>103.4</ele>
      </trkpt>
      <trkpt lat="29.57374" lon="-97.3745">
        <ele>103.9</ele>
      </trkpt>
      <trkpt lat="29.57369" lon="-97.37456">
        <ele>104.0</ele>
      </trkpt>
      <trkpt lat="29.57357" lon="-97.37472">
        <ele>104.0</ele>
      </trkpt>
      <trkpt lat="29.57344" lon="-97.374889">
        <ele>104.3</ele>
      </trkpt>
      <trkpt lat="29.5731" lon="-97.37532">
        <ele>106.1</ele>
      </trkpt>
      <trkpt lat="29.57309" lon="-97.37533">
        <ele>106.1</ele>
      </trkpt>
      <trkpt lat="29.57255" lon="-97.37603">
        <ele>107.0</ele>
      </trkpt>
      <trkpt lat="29.57216" lon="-97.37653">
        <ele>106.9</ele>
      </trkpt>
      <trkpt lat="29.5719" lon="-97.37688">
        <ele>107.1</ele>
      </trkpt>
      <trkpt lat="29.5719" lon="-97.37688">
        <ele>107.1</ele>
      </trkpt>
      <trkpt lat="29.57169" lon="-97.3768">
        <ele>106.7</ele>
      </trkpt>
      <trkpt lat="29.57169" lon="-97.3768">
        <ele>106.7</ele>
      </trkpt>
      <trkpt lat="29.57169" lon="-97.37598">
        <ele>105.2</ele>
      </trkpt>
      <trkpt lat="29.57169" lon="-97.37536">
        <ele>103.4</ele>
      </trkpt>
      <trkpt lat="29.57169" lon="-97.37513">
        <ele>102.6</ele>
      </trkpt>
      <trkpt lat="29.57163" lon="-97.37366">
        <ele>96.6</ele>
      </trkpt>
      <trkpt lat="29.57163" lon="-97.37329">
        <ele>95.6</ele>
      </trkpt>
      <trkpt lat="29.57163" lon="-97.37315">
        <ele>95.1</ele>
      </trkpt>
      <trkpt lat="29.57164" lon="-97.37289">
        <ele>94.4</ele>
      </trkpt>
      <trkpt lat="29.57164" lon="-97.37288">
        <ele>94.3</ele>
      </trkpt>
      <trkpt lat="29.57166" lon="-97.37184">
        <ele>94.1</ele>
      </trkpt>
      <trkpt lat="29.57166" lon="-97.371799">
        <ele>94.1</ele>
      </trkpt>
      <trkpt lat="29.57168" lon="-97.37118">
        <ele>93.6</ele>
      </trkpt>
      <trkpt lat="29.57169" lon="-97.37045">
        <ele>92.5</ele>
      </trkpt>
      <trkpt lat="29.57168" lon="-97.370009">
        <ele>91.4</ele>
      </trkpt>
      <trkpt lat="29.57168" lon="-97.36957">
        <ele>91.2</ele>
      </trkpt>
      <trkpt lat="29.57168" lon="-97.36879">
        <ele>88.9</ele>
      </trkpt>
      <trkpt lat="29.57169" lon="-97.36844">
        <ele>88.4</ele>
      </trkpt>
      <trkpt lat="29.57169" lon="-97.36844">
        <ele>88.4</ele>
      </trkpt>
      <trkpt lat="29.57169" lon="-97.36826">
        <ele>89.1</ele>
      </trkpt>
      <trkpt lat="29.5717" lon="-97.36711">
        <ele>92.4</ele>
      </trkpt>
      <trkpt lat="29.5717" lon="-97.3669">
        <ele>92.6</ele>
      </trkpt>
      <trkpt lat="29.57171" lon="-97.36599">
        <ele>93.6</ele>
      </trkpt>
      <trkpt lat="29.57171" lon="-97.36566">
        <ele>93.8</ele>
      </trkpt>
      <trkpt lat="29.57171" lon="-97.36545">
        <ele>94.0</ele>
      </trkpt>
      <trkpt lat="29.57171" lon="-97.36542">
        <ele>94.0</ele>
      </trkpt>
      <trkpt lat="29.57171" lon="-97.36533">
        <ele>94.0</ele>
      </trkpt>
      <trkpt lat="29.57172" lon="-97.36375">
        <ele>94.3</ele>
      </trkpt>
      <trkpt lat="29.57172" lon="-97.36338">
        <ele>94.1</ele>
      </trkpt>
      <trkpt lat="29.57173" lon="-97.36276">
        <ele>93.8</ele>
      </trkpt>
      <trkpt lat="29.57174" lon="-97.36235">
        <ele>95.2</ele>
      </trkpt>
      <trkpt lat="29.57174" lon="-97.36233">
        <ele>95.2</ele>
      </trkpt>
      <trkpt lat="29.57175" lon="-97.36218">
        <ele>95.7</ele>
      </trkpt>
      <trkpt lat="29.57175" lon="-97.36194">
        <ele>96.5</ele>
      </trkpt>
      <trkpt lat="29.57175" lon="-97.36152">
        <ele>97.7</ele>
      </trkpt>
      <trkpt lat="29.57176" lon="-97.3614">
        <ele>98.0</ele>
      </trkpt>
      <trkpt lat="29.57176" lon="-97.36111">
        <ele>98.6</ele>
      </trkpt>
      <trkpt lat="29.57176" lon="-97.36028">
        <ele>100.2</ele>
      </trkpt>
      <trkpt lat="29.57176" lon="-97.36007">
        <ele>100.5</ele>
      </trkpt>
      <trkpt lat="29.57177" lon="-97.35948">
        <ele>102.4</ele>
      </trkpt>
      <trkpt lat="29.57177" lon="-97.35925">
        <ele>103.2</ele>
      </trkpt>
      <trkpt lat="29.57177" lon="-97.35904">
        <ele>103.7</ele>
      </trkpt>
      <trkpt lat="29.57177" lon="-97.35883">
        <ele>104.2</ele>
      </trkpt>
      <trkpt lat="29.57177" lon="-97.35883">
        <ele>104.2</ele>
      </trkpt>
      <trkpt lat="29.57189" lon="-97.35883">
        <ele>104.2</ele>
      </trkpt>
      <trkpt lat="29.57234" lon="-97.35883">
        <ele>104.2</ele>
      </trkpt>
      <trkpt lat="29.57252" lon="-97.35883">
        <ele>104.2</ele>
      </trkpt>
      <trkpt lat="29.57279" lon="-97.35883">
        <ele>104.0</ele>
      </trkpt>
      <trkpt lat="29.57342" lon="-97.35883">
        <ele>104.1</ele>
      </trkpt>
      <trkpt lat="29.57396" lon="-97.35882">
        <ele>104.5</ele>
      </trkpt>
      <trkpt lat="29.57419" lon="-97.35882">
        <ele>104.8</ele>
      </trkpt>
      <trkpt lat="29.57432" lon="-97.35883">
        <ele>104.9</ele>
      </trkpt>
      <trkpt lat="29.5745" lon="-97.35883">
        <ele>104.8</ele>
      </trkpt>
      <trkpt lat="29.57492" lon="-97.35884">
        <ele>104.0</ele>
      </trkpt>
      <trkpt lat="29.57499" lon="-97.35883">
        <ele>104.0</ele>
      </trkpt>
      <trkpt lat="29.57505" lon="-97.35881">
        <ele>104.0</ele>
      </trkpt>
      <trkpt lat="29.5751" lon="-97.35879">
        <ele>104.0</ele>
      </trkpt>
      <trkpt lat="29.57516" lon="-97.35873">
        <ele>104.1</ele>
      </trkpt>
      <trkpt lat="29.57517" lon="-97.3587">
        <ele>104.1</ele>
      </trkpt>
      <trkpt lat="29.57519" lon="-97.35866">
        <ele>104.2</ele>
      </trkpt>
      <trkpt lat="29.57519" lon="-97.35865">
        <ele>104.2</ele>
      </trkpt>
      <trkpt lat="29.5752" lon="-97.3586">
        <ele>104.2</ele>
      </trkpt>
      <trkpt lat="29.5752" lon="-97.35848">
        <ele>104.1</ele>
      </trkpt>
      <trkpt lat="29.57519" lon="-97.35791">
        <ele>104.3</ele>
      </trkpt>
      <trkpt lat="29.57518" lon="-97.35762">
        <ele>104.3</ele>
      </trkpt>
      <trkpt lat="29.57518" lon="-97.35756">
        <ele>104.2</ele>
      </trkpt>
      <trkpt lat="29.57518" lon="-97.35741">
        <ele>104.0</ele>
      </trkpt>
      <trkpt lat="29.57516" lon="-97.35521">
        <ele>97.5</ele>
      </trkpt>
      <trkpt lat="29.57516" lon="-97.35514">
        <ele>97.2</ele>
      </trkpt>
      <trkpt lat="29.57516" lon="-97.35466">
        <ele>94.7</ele>
      </trkpt>
      <trkpt lat="29.57516" lon="-97.35322">
        <ele>92.4</ele>
      </trkpt>
      <trkpt lat="29.57515" lon="-97.35218">
        <ele>91.1</ele>
      </trkpt>
      <trkpt lat="29.57516" lon="-97.35206">
        <ele>90.8</ele>
      </trkpt>
      <trkpt lat="29.57518" lon="-97.35198">
        <ele>90.6</ele>
      </trkpt>
      <trkpt lat="29.57526" lon="-97.35162">
        <ele>89.8</ele>
      </trkpt>
      <trkpt lat="29.57524" lon="-97.35137">
        <ele>89.6</ele>
      </trkpt>
      <trkpt lat="29.57522" lon="-97.35105">
        <ele>91.7</ele>
      </trkpt>
      <trkpt lat="29.5752" lon="-97.34971">
        <ele>96.4</ele>
      </trkpt>
      <trkpt lat="29.5752" lon="-97.34968">
        <ele>96.4</ele>
      </trkpt>
      <trkpt lat="29.5752" lon="-97.3493">
        <ele>96.9</ele>
      </trkpt>
      <trkpt lat="29.57523" lon="-97.34806">
        <ele>95.5</ele>
      </trkpt>
      <trkpt lat="29.57529" lon="-97.34756">
        <ele>94.1</ele>
      </trkpt>
      <trkpt lat="29.57535" lon="-97.34742">
        <ele>94.1</ele>
      </trkpt>
      <trkpt lat="29.57543" lon="-97.34728">
        <ele>94.1</ele>
      </trkpt>
      <trkpt lat="29.57544" lon="-97.34727">
        <ele>94.1</ele>
      </trkpt>
      <trkpt lat="29.5755" lon="-97.34721">
        <ele>94.1</ele>
      </trkpt>
      <trkpt lat="29.57557" lon="-97.34715">
        <ele>94.1</ele>
      </trkpt>
      <trkpt lat="29.57564" lon="-97.34711">
        <ele>94.2</ele>
      </trkpt>
      <trkpt lat="29.57572" lon="-97.34709">
        <ele>94.5</ele>
      </trkpt>
      <trkpt lat="29.57581" lon="-97.34708">
        <ele>95.0</ele>
      </trkpt>
      <trkpt lat="29.5759" lon="-97.34708">
        <ele>95.4</ele>
      </trkpt>
      <trkpt lat="29.57609" lon="-97.34709">
        <ele>96.3</ele>
      </trkpt>
      <trkpt lat="29.57627" lon="-97.34709">
        <ele>96.8</ele>
      </trkpt>
      <trkpt lat="29.57652" lon="-97.34709">
        <ele>97.3</ele>
      </trkpt>
      <trkpt lat="29.57771" lon="-97.3471">
        <ele>99.9</ele>
      </trkpt>
      <trkpt lat="29.57789" lon="-97.34711">
        <ele>100.0</ele>
      </trkpt>
      <trkpt lat="29.57807" lon="-97.34711">
        <ele>100.0</ele>
      </trkpt>
      <trkpt lat="29.57843" lon="-97.34712">
        <ele>99.9</ele>
      </trkpt>
      <trkpt lat="29.57872" lon="-97.34712">
        <ele>99.6</ele>
      </trkpt>
      <trkpt lat="29.5789" lon="-97.34712">
        <ele>99.5</ele>
      </trkpt>
      <trkpt lat="29.57898" lon="-97.34711">
        <ele>99.4</ele>
      </trkpt>
      <trkpt lat="29.57905" lon="-97.34709">
        <ele>99.3</ele>
      </trkpt>
      <trkpt lat="29.5791" lon="-97.34706">
        <ele>99.2</ele>
      </trkpt>
      <trkpt lat="29.57915" lon="-97.34703">
        <ele>99.1</ele>
      </trkpt>
      <trkpt lat="29.57922" lon="-97.34696">
        <ele>98.8</ele>
      </trkpt>
      <trkpt lat="29.57925" lon="-97.34692">
        <ele>98.6</ele>
      </trkpt>
      <trkpt lat="29.57928" lon="-97.34688">
        <ele>98.5</ele>
      </trkpt>
      <trkpt lat="29.57939" lon="-97.3467">
        <ele>98.4</ele>
      </trkpt>
      <trkpt lat="29.57942" lon="-97.34665">
        <ele>98.6</ele>
      </trkpt>
      <trkpt lat="29.57946" lon="-97.34661">
        <ele>98.9</ele>
      </trkpt>
      <trkpt lat="29.5795" lon="-97.34657">
        <ele>99.2</ele>
      </trkpt>
      <trkpt lat="29.57952" lon="-97.34656">
        <ele>99.4</ele>
      </trkpt>
      <trkpt lat="29.57956" lon="-97.34654">
        <ele>99.6</ele>
      </trkpt>
      <trkpt lat="29.57962" lon="-97.34654">
        <ele>99.8</ele>
      </trkpt>
      <trkpt lat="29.57967" lon="-97.34653">
        <ele>100.0</ele>
      </trkpt>
      <trkpt lat="29.57972" lon="-97.34654">
        <ele>100.1</ele>
      </trkpt>
      <trkpt lat="29.5798" lon="-97.34654">
        <ele>100.2</ele>
      </trkpt>
      <trkpt lat="29.58002" lon="-97.34659">
        <ele>100.6</ele>
      </trkpt>
      <trkpt lat="29.58018" lon="-97.34662">
        <ele>101.0</ele>
      </trkpt>
      <trkpt lat="29.58026" lon="-97.34661">
        <ele>101.1</ele>
      </trkpt>
      <trkpt lat="29.58033" lon="-97.34658">
        <ele>101.2</ele>
      </trkpt>
      <trkpt lat="29.58039" lon="-97.34653">
        <ele>101.4</ele>
      </trkpt>
      <trkpt lat="29.58043" lon="-97.34645">
        <ele>101.7</ele>
      </trkpt>
      <trkpt lat="29.58045" lon="-97.34638">
        <ele>101.9</ele>
      </trkpt>
      <trkpt lat="29.58046" lon="-97.34632">
        <ele>102.1</ele>
      </trkpt>
      <trkpt lat="29.58047" lon="-97.34629">
        <ele>102.2</ele>
      </trkpt>
      <trkpt lat="29.58046" lon="-97.34619">
        <ele>102.6</ele>
      </trkpt>
      <trkpt lat="29.58046" lon="-97.34582">
        <ele>103.8</ele>
      </trkpt>
      <trkpt lat="29.58045" lon="-97.34487">
        <ele>105.5</ele>
      </trkpt>
      <trkpt lat="29.58045" lon="-97.34466">
        <ele>105.7</ele>
      </trkpt>
      <trkpt lat="29.58045" lon="-97.34451">
        <ele>105.8</ele>
      </trkpt>
      <trkpt lat="29.58045" lon="-97.34446">
        <ele>105.8</ele>
      </trkpt>
      <trkpt lat="29.58045" lon="-97.34392">
        <ele>105.8</ele>
      </trkpt>
      <trkpt lat="29.58044" lon="-97.34333">
        <ele>103.9</ele>
      </trkpt>
      <trkpt lat="29.58045" lon="-97.34268">
        <ele>103.2</ele>
      </trkpt>
      <trkpt lat="29.58045" lon="-97.34248">
        <ele>102.6</ele>
      </trkpt>
      <trkpt lat="29.58045" lon="-97.34236">
        <ele>102.3</ele>
      </trkpt>
      <trkpt lat="29.58045" lon="-97.34144">
        <ele>102.7</ele>
      </trkpt>
      <trkpt lat="29.58045" lon="-97.34099">
        <ele>101.7</ele>
      </trkpt>
      <trkpt lat="29.58045" lon="-97.34046">
        <ele>100.4</ele>
      </trkpt>
      <trkpt lat="29.58045" lon="-97.34044">
        <ele>100.3</ele>
      </trkpt>
      <trkpt lat="29.58045" lon="-97.34043">
        <ele>100.3</ele>
      </trkpt>
      <trkpt lat="29.58045" lon="-97.34028">
        <ele>99.6</ele>
      </trkpt>
      <trkpt lat="29.58045" lon="-97.34023">
        <ele>99.3</ele>
      </trkpt>
      <trkpt lat="29.58046" lon="-97.33982">
        <ele>100.6</ele>
      </trkpt>
      <trkpt lat="29.58046" lon="-97.33979">
        <ele>100.7</ele>
      </trkpt>
      <trkpt lat="29.58046" lon="-97.33971">
        <ele>101.0</ele>
      </trkpt>
      <trkpt lat="29.58046" lon="-97.33961">
        <ele>101.4</ele>
      </trkpt>
      <trkpt lat="29.58046" lon="-97.33961">
        <ele>101.4</ele>
      </trkpt>
      <trkpt lat="29.58053" lon="-97.33956">
        <ele>101.5</ele>
      </trkpt>
      <trkpt lat="29.58062" lon="-97.33954">
        <ele>101.4</ele>
      </trkpt>
      <trkpt lat="29.58076" lon="-97.33952">
        <ele>101.3</ele>
      </trkpt>
      <trkpt lat="29.58086" lon="-97.33951">
        <ele>101.2</ele>
      </trkpt>
      <trkpt lat="29.58101" lon="-97.3395">
        <ele>101.0</ele>
      </trkpt>
      <trkpt lat="29.58119" lon="-97.3395">
        <ele>100.8</ele>
      </trkpt>
      <trkpt lat="29.58155" lon="-97.33951">
        <ele>100.0</ele>
      </trkpt>
      <trkpt lat="29.58173" lon="-97.33951">
        <ele>100.8</ele>
      </trkpt>
      <trkpt lat="29.58176" lon="-97.33951">
        <ele>100.9</ele>
      </trkpt>
      <trkpt lat="29.58209" lon="-97.33951">
        <ele>101.7</ele>
      </trkpt>
      <trkpt lat="29.58227" lon="-97.33951">
        <ele>101.9</ele>
      </trkpt>
      <trkpt lat="29.58238" lon="-97.3395">
        <ele>102.1</ele>
      </trkpt>
      <trkpt lat="29.58245" lon="-97.3395">
        <ele>102.2</ele>
      </trkpt>
      <trkpt lat="29.58248" lon="-97.3395">
        <ele>102.2</ele>
      </trkpt>
      <trkpt lat="29.58263" lon="-97.3395">
        <ele>102.5</ele>
      </trkpt>
      <trkpt lat="29.58335" lon="-97.3395">
        <ele>104.1</ele>
      </trkpt>
      <trkpt lat="29.58407" lon="-97.33951">
        <ele>106.0</ele>
      </trkpt>
      <trkpt lat="29.58432" lon="-97.33951">
        <ele>106.5</ele>
      </trkpt>
      <trkpt lat="29.58496" lon="-97.33953">
        <ele>107.0</ele>
      </trkpt>
      <trkpt lat="29.58527" lon="-97.33953">
        <ele>107.0</ele>
      </trkpt>
      <trkpt lat="29.58536" lon="-97.33954">
        <ele>107.1</ele>
      </trkpt>
      <trkpt lat="29.58544" lon="-97.33954">
        <ele>107.1</ele>
      </trkpt>
      <trkpt lat="29.58551" lon="-97.33954">
        <ele>107.1</ele>
      </trkpt>
      <trkpt lat="29.58558" lon="-97.33951">
        <ele>107.1</ele>
      </trkpt>
      <trkpt lat="29.58563" lon="-97.33947">
        <ele>107.1</ele>
      </trkpt>
      <trkpt lat="29.58567" lon="-97.33943">
        <ele>107.1</ele>
      </trkpt>
      <trkpt lat="29.58571" lon="-97.33937">
        <ele>107.1</ele>
      </trkpt>
      <trkpt lat="29.58587" lon="-97.33905">
        <ele>107.0</ele>
      </trkpt>
      <trkpt lat="29.58591" lon="-97.33898">
        <ele>107.0</ele>
      </trkpt>
      <trkpt lat="29.58597" lon="-97.3389">
        <ele>107.0</ele>
      </trkpt>
      <trkpt lat="29.58604" lon="-97.33884">
        <ele>107.0</ele>
      </trkpt>
      <trkpt lat="29.58611" lon="-97.33879">
        <ele>107.0</ele>
      </trkpt>
      <trkpt lat="29.58619" lon="-97.33875">
        <ele>106.9</ele>
      </trkpt>
      <trkpt lat="29.58628" lon="-97.33873">
        <ele>106.9</ele>
      </trkpt>
      <trkpt lat="29.58637" lon="-97.33872">
        <ele>106.9</ele>
      </trkpt>
      <trkpt lat="29.58643" lon="-97.33872">
        <ele>106.9</ele>
      </trkpt>
      <trkpt lat="29.58647" lon="-97.33872">
        <ele>106.9</ele>
      </trkpt>
      <trkpt lat="29.58648" lon="-97.33872">
        <ele>106.9</ele>
      </trkpt>
      <trkpt lat="29.58664" lon="-97.33872">
        <ele>106.9</ele>
      </trkpt>
      <trkpt lat="29.58898" lon="-97.33877">
        <ele>107.0</ele>
      </trkpt>
      <trkpt lat="29.58951" lon="-97.33878">
        <ele>107.2</ele>
      </trkpt>
      <trkpt lat="29.58954" lon="-97.33878">
        <ele>107.2</ele>
      </trkpt>
      <trkpt lat="29.58971" lon="-97.33879">
        <ele>107.3</ele>
      </trkpt>
      <trkpt lat="29.58979" lon="-97.33879">
        <ele>107.4</ele>
      </trkpt>
      <trkpt lat="29.58987" lon="-97.33877">
        <ele>107.4</ele>
      </trkpt>
      <trkpt lat="29.58994" lon="-97.33875">
        <ele>107.5</ele>
      </trkpt>
      <trkpt lat="29.59" lon="-97.3387">
        <ele>107.5</ele>
      </trkpt>
      <trkpt lat="29.59005" lon="-97.33865">
        <ele>107.5</ele>
      </trkpt>
      <trkpt lat="29.5901" lon="-97.33859">
        <ele>107.4</ele>
      </trkpt>
      <trkpt lat="29.59012" lon="-97.33852">
        <ele>107.4</ele>
      </trkpt>
      <trkpt lat="29.59013" lon="-97.33848">
        <ele>107.3</ele>
      </trkpt>
      <trkpt lat="29.59014" lon="-97.33844">
        <ele>107.3</ele>
      </trkpt>
      <trkpt lat="29.59014" lon="-97.33835">
        <ele>107.2</ele>
      </trkpt>
      <trkpt lat="29.59014" lon="-97.33826">
        <ele>107.1</ele>
      </trkpt>
      <trkpt lat="29.59013" lon="-97.3378">
        <ele>106.5</ele>
      </trkpt>
      <trkpt lat="29.59013" lon="-97.33753">
        <ele>105.7</ele>
      </trkpt>
      <trkpt lat="29.59014" lon="-97.33745">
        <ele>105.4</ele>
      </trkpt>
      <trkpt lat="29.59016" lon="-97.33738">
        <ele>105.2</ele>
      </trkpt>
      <trkpt lat="29.59019" lon="-97.33731">
        <ele>105.0</ele>
      </trkpt>
      <trkpt lat="29.59021" lon="-97.33728">
        <ele>104.9</ele>
      </trkpt>
      <trkpt lat="29.59023" lon="-97.33727">
        <ele>104.9</ele>
      </trkpt>
      <trkpt lat="29.59027" lon="-97.33723">
        <ele>104.8</ele>
      </trkpt>
      <trkpt lat="29.59032" lon="-97.3372">
        <ele>104.7</ele>
      </trkpt>
      <trkpt lat="29.59036" lon="-97.33718">
        <ele>104.7</ele>
      </trkpt>
      <trkpt lat="29.59038" lon="-97.33718">
        <ele>104.7</ele>
      </trkpt>
      <trkpt lat="29.59045" lon="-97.33717">
        <ele>104.7</ele>
      </trkpt>
      <trkpt lat="29.59052" lon="-97.33717">
        <ele>104.8</ele>
      </trkpt>
      <trkpt lat="29.59094" lon="-97.33717">
        <ele>105.0</ele>
      </trkpt>
      <trkpt lat="29.59326" lon="-97.33717">
        <ele>104.6</ele>
      </trkpt>
      <trkpt lat="29.59344" lon="-97.33718">
        <ele>104.6</ele>
      </trkpt>
      <trkpt lat="29.59362" lon="-97.33718">
        <ele>104.5</ele>
      </trkpt>
      <trkpt lat="29.59456" lon="-97.33718">
        <ele>103.5</ele>
      </trkpt>
      <trkpt lat="29.59488" lon="-97.33718">
        <ele>103.0</ele>
      </trkpt>
      <trkpt lat="29.59506" lon="-97.33719">
        <ele>102.5</ele>
      </trkpt>
      <trkpt lat="29.59512" lon="-97.33719">
        <ele>102.3</ele>
      </trkpt>
      <trkpt lat="29.59578" lon="-97.33718">
        <ele>103.1</ele>
      </trkpt>
      <trkpt lat="29.59578" lon="-97.33718">
        <ele>103.1</ele>
      </trkpt>
      <trkpt lat="29.59579" lon="-97.33787">
        <ele>104.6</ele>
      </trkpt>
      <trkpt lat="29.59579" lon="-97.33808">
        <ele>104.9</ele>
      </trkpt>
      <trkpt lat="29.59578" lon="-97.33862">
        <ele>105.6</ele>
      </trkpt>
      <trkpt lat="29.59578" lon="-97.33878">
        <ele>105.9</ele>
      </trkpt>
      <trkpt lat="29.59578" lon="-97.33885">
        <ele>106.0</ele>
      </trkpt>
      <trkpt lat="29.5958" lon="-97.33896">
        <ele>106.2</ele>
      </trkpt>
      <trkpt lat="29.59582" lon="-97.33901">
        <ele>106.3</ele>
      </trkpt>
      <trkpt lat="29.59585" lon="-97.33905">
        <ele>106.3</ele>
      </trkpt>
      <trkpt lat="29.5959" lon="-97.3391">
        <ele>106.4</ele>
      </trkpt>
      <trkpt lat="29.59594" lon="-97.33912">
        <ele>106.4</ele>
      </trkpt>
      <trkpt lat="29.59599" lon="-97.33913">
        <ele>106.5</ele>
      </trkpt>
      <trkpt lat="29.59611" lon="-97.33914">
        <ele>106.8</ele>
      </trkpt>
      <trkpt lat="29.59621" lon="-97.33914">
        <ele>107.1</ele>
      </trkpt>
      <trkpt lat="29.59624" lon="-97.33914">
        <ele>107.2</ele>
      </trkpt>
      <trkpt lat="29.59639" lon="-97.33914">
        <ele>107.5</ele>
      </trkpt>
      <trkpt lat="29.59693" lon="-97.33915">
        <ele>108.2</ele>
      </trkpt>
      <trkpt lat="29.59728" lon="-97.33914">
        <ele>108.2</ele>
      </trkpt>
      <trkpt lat="29.59818" lon="-97.33914">
        <ele>107.8</ele>
      </trkpt>
      <trkpt lat="29.59872" lon="-97.33913">
        <ele>107.1</ele>
      </trkpt>
      <trkpt lat="29.59962" lon="-97.33912">
        <ele>109.0</ele>
      </trkpt>
      <trkpt lat="29.60034" lon="-97.33911">
        <ele>110.8</ele>
      </trkpt>
      <trkpt lat="29.6007" lon="-97.33911">
        <ele>111.6</ele>
      </trkpt>
      <trkpt lat="29.6009" lon="-97.33911">
        <ele>112.0</ele>
      </trkpt>
      <trkpt lat="29.60126" lon="-97.33912">
        <ele>112.6</ele>
      </trkpt>
      <trkpt lat="29.60126" lon="-97.33912">
        <ele>112.6</ele>
      </trkpt>
      <trkpt lat="29.60163" lon="-97.33846">
        <ele>113.1</ele>
      </trkpt>
      <trkpt lat="29.60168" lon="-97.33837">
        <ele>113.1</ele>
      </trkpt>
      <trkpt lat="29.60182" lon="-97.33811">
        <ele>112.7</ele>
      </trkpt>
      <trkpt lat="29.60202" lon="-97.33775">
        <ele>112.2</ele>
      </trkpt>
      <trkpt lat="29.60202" lon="-97.33775">
        <ele>112.2</ele>
      </trkpt>
      <trkpt lat="29.60196" lon="-97.33748">
        <ele>111.2</ele>
      </trkpt>
      <trkpt lat="29.60196" lon="-97.33747">
        <ele>111.1</ele>
      </trkpt>
      <trkpt lat="29.60195" lon="-97.33743">
        <ele>111.0</ele>
      </trkpt>
      <trkpt lat="29.60194" lon="-97.33736">
        <ele>110.7</ele>
      </trkpt>
      <trkpt lat="29.60191" lon="-97.33716">
        <ele>110.0</ele>
      </trkpt>
      <trkpt lat="29.6018" lon="-97.33634">
        <ele>107.2</ele>
      </trkpt>
      <trkpt lat="29.60177" lon="-97.33614">
        <ele>106.6</ele>
      </trkpt>
      <trkpt lat="29.60175" lon="-97.33593">
        <ele>106.2</ele>
      </trkpt>
      <trkpt lat="29.60172" lon="-97.33573">
        <ele>106.0</ele>
      </trkpt>
      <trkpt lat="29.60166" lon="-97.33532">
        <ele>106.2</ele>
      </trkpt>
      <trkpt lat="29.60164" lon="-97.33511">
        <ele>106.6</ele>
      </trkpt>
      <trkpt lat="29.60161" lon="-97.33492">
        <ele>107.3</ele>
      </trkpt>
      <trkpt lat="29.60161" lon="-97.33491">
        <ele>107.3</ele>
      </trkpt>
      <trkpt lat="29.60155" lon="-97.3345">
        <ele>109.1</ele>
      </trkpt>
      <trkpt lat="29.60149" lon="-97.33409">
        <ele>110.3</ele>
      </trkpt>
      <trkpt lat="29.60148" lon="-97.33401">
        <ele>110.5</ele>
      </trkpt>
      <trkpt lat="29.60146" lon="-97.33389">
        <ele>110.7</ele>
      </trkpt>
      <trkpt lat="29.60141" lon="-97.33348">
        <ele>110.5</ele>
      </trkpt>
      <trkpt lat="29.60134" lon="-97.33286">
        <ele>108.1</ele>
      </trkpt>
      <trkpt lat="29.60129" lon="-97.33233">
        <ele>105.9</ele>
      </trkpt>
      <trkpt lat="29.60117" lon="-97.33143">
        <ele>104.4</ele>
      </trkpt>
      <trkpt lat="29.60107" lon="-97.33061">
        <ele>102.5</ele>
      </trkpt>
      <trkpt lat="29.60106" lon="-97.33051">
        <ele>102.5</ele>
      </trkpt>
      <trkpt lat="29.60104" lon="-97.33041">
        <ele>102.4</ele>
      </trkpt>
      <trkpt lat="29.60089" lon="-97.32908">
        <ele>98.7</ele>
      </trkpt>
      <trkpt lat="29.60087" lon="-97.32897">
        <ele>98.1</ele>
      </trkpt>
      <trkpt lat="29.60085" lon="-97.32878">
        <ele>97.1</ele>
      </trkpt>
      <trkpt lat="29.60085" lon="-97.32877">
        <ele>97.0</ele>
      </trkpt>
      <trkpt lat="29.6008" lon="-97.32837">
        <ele>94.9</ele>
      </trkpt>
      <trkpt lat="29.6008" lon="-97.32836">
        <ele>94.9</ele>
      </trkpt>
      <trkpt lat="29.60074" lon="-97.32802">
        <ele>95.0</ele>
      </trkpt>
      <trkpt lat="29.60069" lon="-97.32775">
        <ele>95.4</ele>
      </trkpt>
      <trkpt lat="29.60066" lon="-97.32755">
        <ele>95.3</ele>
      </trkpt>
      <trkpt lat="29.60058" lon="-97.32714">
        <ele>94.9</ele>
      </trkpt>
      <trkpt lat="29.60052" lon="-97.32682">
        <ele>95.7</ele>
      </trkpt>
      <trkpt lat="29.6005" lon="-97.32674">
        <ele>96.1</ele>
      </trkpt>
      <trkpt lat="29.60046" lon="-97.32656">
        <ele>96.9</ele>
      </trkpt>
      <trkpt lat="29.6004" lon="-97.32636">
        <ele>97.6</ele>
      </trkpt>
      <trkpt lat="29.60014" lon="-97.32563">
        <ele>100.8</ele>
      </trkpt>
      <trkpt lat="29.60012" lon="-97.32558">
        <ele>101.0</ele>
      </trkpt>
      <trkpt lat="29.60004" lon="-97.32539">
        <ele>102.0</ele>
      </trkpt>
      <trkpt lat="29.60001" lon="-97.3253">
        <ele>102.3</ele>
      </trkpt>
      <trkpt lat="29.59996" lon="-97.32521">
        <ele>102.6</ele>
      </trkpt>
      <trkpt lat="29.59991" lon="-97.32509">
        <ele>102.8</ele>
      </trkpt>
      <trkpt lat="29.59987" lon="-97.32503">
        <ele>102.8</ele>
      </trkpt>
      <trkpt lat="29.59984" lon="-97.325">
        <ele>102.9</ele>
      </trkpt>
      <trkpt lat="29.59969" lon="-97.3248">
        <ele>102.6</ele>
      </trkpt>
      <trkpt lat="29.59952" lon="-97.32461">
        <ele>101.4</ele>
      </trkpt>
      <trkpt lat="29.59923" lon="-97.32428">
        <ele>99.6</ele>
      </trkpt>
      <trkpt lat="29.5992" lon="-97.32424">
        <ele>99.6</ele>
      </trkpt>
      <trkpt lat="29.59911" lon="-97.32415">
        <ele>99.8</ele>
      </trkpt>
      <trkpt lat="29.59888" lon="-97.32389">
        <ele>100.7</ele>
      </trkpt>
      <trkpt lat="29.59859" lon="-97.32357">
        <ele>103.1</ele>
      </trkpt>
      <trkpt lat="29.59834" lon="-97.32328">
        <ele>104.1</ele>
      </trkpt>
      <trkpt lat="29.59784" lon="-97.32269">
        <ele>102.6</ele>
      </trkpt>
      <trkpt lat="29.59721" lon="-97.32195">
        <ele>100.0</ele>
      </trkpt>
      <trkpt lat="29.59633" lon="-97.32093">
        <ele>98.4</ele>
      </trkpt>
      <trkpt lat="29.59628" lon="-97.32085">
        <ele>98.3</ele>
      </trkpt>
      <trkpt lat="29.59623" lon="-97.32077">
        <ele>98.1</ele>
      </trkpt>
      <trkpt lat="29.5962" lon="-97.32068">
        <ele>98.0</ele>
      </trkpt>
      <trkpt lat="29.59618" lon="-97.32059">
        <ele>97.9</ele>
      </trkpt>
      <trkpt lat="29.59616" lon="-97.3205">
        <ele>97.8</ele>
      </trkpt>
      <trkpt lat="29.59615" lon="-97.32041">
        <ele>97.8</ele>
      </trkpt>
      <trkpt lat="29.59614" lon="-97.32034">
        <ele>97.8</ele>
      </trkpt>
      <trkpt lat="29.59612" lon="-97.32014">
        <ele>97.9</ele>
      </trkpt>
      <trkpt lat="29.59606" lon="-97.31952">
        <ele>98.4</ele>
      </trkpt>
      <trkpt lat="29.59605" lon="-97.31932">
        <ele>98.7</ele>
      </trkpt>
      <trkpt lat="29.59597" lon="-97.31849">
        <ele>100.0</ele>
      </trkpt>
      <trkpt lat="29.59594" lon="-97.3181">
        <ele>100.2</ele>
      </trkpt>
      <trkpt lat="29.5959" lon="-97.31767">
        <ele>99.6</ele>
      </trkpt>
      <trkpt lat="29.59589" lon="-97.31753">
        <ele>98.9</ele>
      </trkpt>
      <trkpt lat="29.59588" lon="-97.31737">
        <ele>98.1</ele>
      </trkpt>
      <trkpt lat="29.59582" lon="-97.31664">
        <ele>95.4</ele>
      </trkpt>
      <trkpt lat="29.5958" lon="-97.31643">
        <ele>94.4</ele>
      </trkpt>
      <trkpt lat="29.59576" lon="-97.31602">
        <ele>92.6</ele>
      </trkpt>
      <trkpt lat="29.59576" lon="-97.31594">
        <ele>92.3</ele>
      </trkpt>
      <trkpt lat="29.59575" lon="-97.31581">
        <ele>92.1</ele>
      </trkpt>
      <trkpt lat="29.59572" lon="-97.3154">
        <ele>92.0</ele>
      </trkpt>
      <trkpt lat="29.59571" lon="-97.31528">
        <ele>92.1</ele>
      </trkpt>
      <trkpt lat="29.59566" lon="-97.31468">
        <ele>92.6</ele>
      </trkpt>
      <trkpt lat="29.59561" lon="-97.31429">
        <ele>92.5</ele>
      </trkpt>
      <trkpt lat="29.59555" lon="-97.31397">
        <ele>92.2</ele>
      </trkpt>
      <trkpt lat="29.59553" lon="-97.31388">
        <ele>92.1</ele>
      </trkpt>
      <trkpt lat="29.59546" lon="-97.31356">
        <ele>91.4</ele>
      </trkpt>
      <trkpt lat="29.59536" lon="-97.31317">
        <ele>91.1</ele>
      </trkpt>
      <trkpt lat="29.59534" lon="-97.31307">
        <ele>91.0</ele>
      </trkpt>
      <trkpt lat="29.59532" lon="-97.31297">
        <ele>90.9</ele>
      </trkpt>
      <trkpt lat="29.59531" lon="-97.31292">
        <ele>90.9</ele>
      </trkpt>
      <trkpt lat="29.59512" lon="-97.31222">
        <ele>91.9</ele>
      </trkpt>
      <trkpt lat="29.59506" lon="-97.31198">
        <ele>92.1</ele>
      </trkpt>
      <trkpt lat="29.59505" lon="-97.3119">
        <ele>92.2</ele>
      </trkpt>
      <trkpt lat="29.59502" lon="-97.31178">
        <ele>92.3</ele>
      </trkpt>
      <trkpt lat="29.59499" lon="-97.31167">
        <ele>92.4</ele>
      </trkpt>
      <trkpt lat="29.59465" lon="-97.31022">
        <ele>94.9</ele>
      </trkpt>
      <trkpt lat="29.59462" lon="-97.31008">
        <ele>94.9</ele>
      </trkpt>
      <trkpt lat="29.5946" lon="-97.30998">
        <ele>94.9</ele>
      </trkpt>
      <trkpt lat="29.59411" lon="-97.30799">
        <ele>92.4</ele>
      </trkpt>
      <trkpt lat="29.5941" lon="-97.30795">
        <ele>92.4</ele>
      </trkpt>
      <trkpt lat="29.59408" lon="-97.30786">
        <ele>92.3</ele>
      </trkpt>
      <trkpt lat="29.59405" lon="-97.30778">
        <ele>92.3</ele>
      </trkpt>
      <trkpt lat="29.594" lon="-97.30772">
        <ele>92.2</ele>
      </trkpt>
      <trkpt lat="29.59395" lon="-97.30767">
        <ele>92.1</ele>
      </trkpt>
      <trkpt lat="29.59388" lon="-97.30764">
        <ele>92.1</ele>
      </trkpt>
      <trkpt lat="29.59381" lon="-97.30763">
        <ele>92.0</ele>
      </trkpt>
      <trkpt lat="29.59357" lon="-97.3076">
        <ele>91.9</ele>
      </trkpt>
      <trkpt lat="29.59346" lon="-97.30758">
        <ele>91.9</ele>
      </trkpt>
      <trkpt lat="29.59339" lon="-97.30758">
        <ele>91.9</ele>
      </trkpt>
      <trkpt lat="29.59281" lon="-97.30752">
        <ele>91.8</ele>
      </trkpt>
      <trkpt lat="29.59267" lon="-97.30751">
        <ele>91.8</ele>
      </trkpt>
      <trkpt lat="29.59249" lon="-97.30749">
        <ele>91.7</ele>
      </trkpt>
      <trkpt lat="29.59238" lon="-97.30748">
        <ele>91.6</ele>
      </trkpt>
      <trkpt lat="29.59231" lon="-97.30748">
        <ele>91.6</ele>
      </trkpt>
      <trkpt lat="29.59204" lon="-97.30746">
        <ele>91.0</ele>
      </trkpt>
      <trkpt lat="29.59174" lon="-97.30746">
        <ele>90.4</ele>
      </trkpt>
      <trkpt lat="29.59159" lon="-97.30746">
        <ele>90.0</ele>
      </trkpt>
      <trkpt lat="29.59159" lon="-97.30746">
        <ele>90.0</ele>
      </trkpt>
      <trkpt lat="29.5916" lon="-97.30705">
        <ele>90.6</ele>
      </trkpt>
      <trkpt lat="29.5916" lon="-97.30684">
        <ele>90.7</ele>
      </trkpt>
      <trkpt lat="29.59162" lon="-97.30601">
        <ele>88.9</ele>
      </trkpt>
      <trkpt lat="29.59163" lon="-97.3056">
        <ele>89.1</ele>
      </trkpt>
      <trkpt lat="29.59166" lon="-97.30398">
        <ele>91.7</ele>
      </trkpt>
      <trkpt lat="29.59166" lon="-97.30313">
        <ele>91.5</ele>
      </trkpt>
      <trkpt lat="29.59167" lon="-97.3025">
        <ele>91.0</ele>
      </trkpt>
      <trkpt lat="29.59168" lon="-97.30206">
        <ele>91.1</ele>
      </trkpt>
      <trkpt lat="29.5917" lon="-97.30152">
        <ele>91.7</ele>
      </trkpt>
      <trkpt lat="29.59171" lon="-97.30106">
        <ele>91.7</ele>
      </trkpt>
      <trkpt lat="29.59171" lon="-97.30085">
        <ele>91.6</ele>
      </trkpt>
      <trkpt lat="29.59171" lon="-97.30079">
        <ele>91.6</ele>
      </trkpt>
      <trkpt lat="29.59172" lon="-97.30072">
        <ele>91.5</ele>
      </trkpt>
      <trkpt lat="29.59173" lon="-97.30066">
        <ele>91.5</ele>
      </trkpt>
      <trkpt lat="29.59175" lon="-97.30061">
        <ele>91.4</ele>
      </trkpt>
      <trkpt lat="29.59177" lon="-97.30056">
        <ele>91.4</ele>
      </trkpt>
      <trkpt lat="29.59181" lon="-97.30051">
        <ele>91.3</ele>
      </trkpt>
      <trkpt lat="29.59186" lon="-97.30047">
        <ele>91.2</ele>
      </trkpt>
      <trkpt lat="29.59192" lon="-97.30043">
        <ele>91.1</ele>
      </trkpt>
      <trkpt lat="29.5923" lon="-97.30023">
        <ele>90.1</ele>
      </trkpt>
      <trkpt lat="29.59233" lon="-97.30022">
        <ele>89.9</ele>
      </trkpt>
      <trkpt lat="29.59266" lon="-97.30005">
        <ele>89.0</ele>
      </trkpt>
      <trkpt lat="29.59288" lon="-97.29993">
        <ele>88.9</ele>
      </trkpt>
      <trkpt lat="29.59298" lon="-97.29987">
        <ele>88.7</ele>
      </trkpt>
      <trkpt lat="29.59299" lon="-97.29986">
        <ele>88.7</ele>
      </trkpt>
      <trkpt lat="29.59315" lon="-97.29978">
        <ele>88.2</ele>
      </trkpt>
      <trkpt lat="29.59331" lon="-97.2997">
        <ele>87.8</ele>
      </trkpt>
      <trkpt lat="29.59334" lon="-97.29968">
        <ele>87.8</ele>
      </trkpt>
      <trkpt lat="29.59343" lon="-97.29962">
        <ele>87.5</ele>
      </trkpt>
      <trkpt lat="29.5936" lon="-97.29954">
        <ele>86.7</ele>
      </trkpt>
      <trkpt lat="29.59367" lon="-97.29949">
        <ele>86.3</ele>
      </trkpt>
      <trkpt lat="29.59375" lon="-97.29945">
        <ele>86.0</ele>
      </trkpt>
      <trkpt lat="29.59395" lon="-97.29933">
        <ele>85.3</ele>
      </trkpt>
      <trkpt lat="29.59397" lon="-97.29932">
        <ele>85.3</ele>
      </trkpt>
      <trkpt lat="29.59409" lon="-97.29922">
        <ele>85.2</ele>
      </trkpt>
      <trkpt lat="29.59419" lon="-97.29914">
        <ele>85.1</ele>
      </trkpt>
      <trkpt lat="29.59424" lon="-97.29908">
        <ele>85.1</ele>
      </trkpt>
      <trkpt lat="29.59427" lon="-97.29905">
        <ele>85.0</ele>
      </trkpt>
      <trkpt lat="29.59448" lon="-97.29883">
        <ele>84.8</ele>
      </trkpt>
      <trkpt lat="29.59452" lon="-97.29878">
        <ele>84.8</ele>
      </trkpt>
      <trkpt lat="29.59463" lon="-97.29867">
        <ele>84.6</ele>
      </trkpt>
      <trkpt lat="29.59466" lon="-97.29863">
        <ele>84.6</ele>
      </trkpt>
      <trkpt lat="29.59467" lon="-97.29862">
        <ele>84.6</ele>
      </trkpt>
      <trkpt lat="29.59475" lon="-97.29853">
        <ele>84.5</ele>
      </trkpt>
      <trkpt lat="29.5948" lon="-97.29847">
        <ele>84.4</ele>
      </trkpt>
      <trkpt lat="29.59485" lon="-97.29843">
        <ele>84.3</ele>
      </trkpt>
      <trkpt lat="29.59493" lon="-97.29834">
        <ele>84.2</ele>
      </trkpt>
      <trkpt lat="29.59496" lon="-97.29831">
        <ele>84.1</ele>
      </trkpt>
      <trkpt lat="29.595" lon="-97.29827">
        <ele>84.0</ele>
      </trkpt>
      <trkpt lat="29.59503" lon="-97.29823">
        <ele>84.0</ele>
      </trkpt>
      <trkpt lat="29.59506" lon="-97.2982">
        <ele>83.9</ele>
      </trkpt>
      <trkpt lat="29.59508" lon="-97.29818">
        <ele>83.9</ele>
      </trkpt>
      <trkpt lat="29.59541" lon="-97.29784">
        <ele>83.2</ele>
      </trkpt>
      <trkpt lat="29.59546" lon="-97.29778">
        <ele>83.1</ele>
      </trkpt>
      <trkpt lat="29.59559" lon="-97.29764">
        <ele>82.9</ele>
      </trkpt>
      <trkpt lat="29.59577" lon="-97.29746">
        <ele>82.6</ele>
      </trkpt>
      <trkpt lat="29.59592" lon="-97.29733">
        <ele>82.5</ele>
      </trkpt>
      <trkpt lat="29.59608" lon="-97.29722">
        <ele>82.5</ele>
      </trkpt>
      <trkpt lat="29.59612" lon="-97.29718">
        <ele>82.5</ele>
      </trkpt>
      <trkpt lat="29.59615" lon="-97.29713">
        <ele>82.5</ele>
      </trkpt>
      <trkpt lat="29.59622" lon="-97.29701">
        <ele>82.5</ele>
      </trkpt>
      <trkpt lat="29.59626" lon="-97.29693">
        <ele>82.5</ele>
      </trkpt>
      <trkpt lat="29.59628" lon="-97.29689">
        <ele>82.5</ele>
      </trkpt>
      <trkpt lat="29.5963" lon="-97.29684">
        <ele>82.5</ele>
      </trkpt>
      <trkpt lat="29.59633" lon="-97.2968">
        <ele>82.5</ele>
      </trkpt>
      <trkpt lat="29.59638" lon="-97.29676">
        <ele>82.5</ele>
      </trkpt>
      <trkpt lat="29.59644" lon="-97.29674">
        <ele>82.5</ele>
      </trkpt>
      <trkpt lat="29.5965" lon="-97.29673">
        <ele>82.5</ele>
      </trkpt>
      <trkpt lat="29.59652" lon="-97.29673">
        <ele>82.5</ele>
      </trkpt>
      <trkpt lat="29.59655" lon="-97.29673">
        <ele>82.5</ele>
      </trkpt>
      <trkpt lat="29.59778" lon="-97.29676">
        <ele>82.9</ele>
      </trkpt>
      <trkpt lat="29.59781" lon="-97.29676">
        <ele>82.9</ele>
      </trkpt>
      <trkpt lat="29.59798" lon="-97.29677">
        <ele>83.0</ele>
      </trkpt>
      <trkpt lat="29.59799" lon="-97.29677">
        <ele>83.0</ele>
      </trkpt>
      <trkpt lat="29.59814" lon="-97.29677">
        <ele>83.2</ele>
      </trkpt>
      <trkpt lat="29.59871" lon="-97.29679">
        <ele>83.5</ele>
      </trkpt>
      <trkpt lat="29.59886" lon="-97.29679">
        <ele>83.6</ele>
      </trkpt>
      <trkpt lat="29.59907" lon="-97.2968">
        <ele>83.7</ele>
      </trkpt>
      <trkpt lat="29.59942" lon="-97.29681">
        <ele>83.9</ele>
      </trkpt>
      <trkpt lat="29.59943" lon="-97.29681">
        <ele>83.9</ele>
      </trkpt>
      <trkpt lat="29.59961" lon="-97.29681">
        <ele>84.0</ele>
      </trkpt>
      <trkpt lat="29.59976" lon="-97.29681">
        <ele>84.1</ele>
      </trkpt>
      <trkpt lat="29.59997" lon="-97.29682">
        <ele>84.3</ele>
      </trkpt>
      <trkpt lat="29.60051" lon="-97.29683">
        <ele>84.6</ele>
      </trkpt>
      <trkpt lat="29.60066" lon="-97.29684">
        <ele>84.7</ele>
      </trkpt>
      <trkpt lat="29.60083" lon="-97.29684">
        <ele>84.9</ele>
      </trkpt>
      <trkpt lat="29.60086" lon="-97.29684">
        <ele>84.9</ele>
      </trkpt>
      <trkpt lat="29.60087" lon="-97.29684">
        <ele>84.9</ele>
      </trkpt>
      <trkpt lat="29.60158" lon="-97.29686">
        <ele>85.8</ele>
      </trkpt>
      <trkpt lat="29.60159" lon="-97.29686">
        <ele>85.8</ele>
      </trkpt>
      <trkpt lat="29.60174" lon="-97.29686">
        <ele>86.1</ele>
      </trkpt>
      <trkpt lat="29.60177" lon="-97.29686">
        <ele>86.1</ele>
      </trkpt>
      <trkpt lat="29.60194" lon="-97.29687">
        <ele>86.5</ele>
      </trkpt>
      <trkpt lat="29.60195" lon="-97.29687">
        <ele>86.5</ele>
      </trkpt>
      <trkpt lat="29.60206" lon="-97.29687">
        <ele>86.9</ele>
      </trkpt>
      <trkpt lat="29.60211" lon="-97.29687">
        <ele>87.1</ele>
      </trkpt>
      <trkpt lat="29.60224" lon="-97.29688">
        <ele>87.5</ele>
      </trkpt>
      <trkpt lat="29.60228" lon="-97.29688">
        <ele>87.6</ele>
      </trkpt>
      <trkpt lat="29.6023" lon="-97.29688">
        <ele>87.7</ele>
      </trkpt>
      <trkpt lat="29.60242" lon="-97.29688">
        <ele>88.1</ele>
      </trkpt>
      <trkpt lat="29.60245" lon="-97.29688">
        <ele>88.3</ele>
      </trkpt>
      <trkpt lat="29.60314" lon="-97.2969">
        <ele>92.7</ele>
      </trkpt>
      <trkpt lat="29.60318" lon="-97.2969">
        <ele>92.9</ele>
      </trkpt>
      <trkpt lat="29.6032" lon="-97.2969">
        <ele>93.0</ele>
      </trkpt>
      <trkpt lat="29.60326" lon="-97.2969">
        <ele>93.2</ele>
      </trkpt>
      <trkpt lat="29.60338" lon="-97.29691">
        <ele>93.7</ele>
      </trkpt>
      <trkpt lat="29.60368" lon="-97.29692">
        <ele>95.2</ele>
      </trkpt>
      <trkpt lat="29.60374" lon="-97.29692">
        <ele>95.6</ele>
      </trkpt>
      <trkpt lat="29.6039" lon="-97.29693">
        <ele>96.8</ele>
      </trkpt>
      <trkpt lat="29.60403" lon="-97.29693">
        <ele>97.5</ele>
      </trkpt>
      <trkpt lat="29.6041" lon="-97.29693">
        <ele>97.8</ele>
      </trkpt>
      <trkpt lat="29.60422" lon="-97.29694">
        <ele>98.2</ele>
      </trkpt>
      <trkpt lat="29.60435" lon="-97.29695">
        <ele>98.6</ele>
      </trkpt>
      <trkpt lat="29.60443" lon="-97.29695">
        <ele>98.8</ele>
      </trkpt>
      <trkpt lat="29.60446" lon="-97.29695">
        <ele>98.9</ele>
      </trkpt>
      <trkpt lat="29.60449" lon="-97.29695">
        <ele>98.9</ele>
      </trkpt>
      <trkpt lat="29.60454" lon="-97.29693">
        <ele>99.0</ele>
      </trkpt>
      <trkpt lat="29.60459" lon="-97.29691">
        <ele>99.0</ele>
      </trkpt>
      <trkpt lat="29.60462" lon="-97.29688">
        <ele>99.0</ele>
      </trkpt>
      <trkpt lat="29.60463" lon="-97.29686">
        <ele>99.0</ele>
      </trkpt>
      <trkpt lat="29.60465" lon="-97.29683">
        <ele>99.0</ele>
      </trkpt>
      <trkpt lat="29.60466" lon="-97.29681">
        <ele>99.0</ele>
      </trkpt>
      <trkpt lat="29.60468" lon="-97.29674">
        <ele>99.0</ele>
      </trkpt>
      <trkpt lat="29.60468" lon="-97.29671">
        <ele>98.9</ele>
      </trkpt>
      <trkpt lat="29.60469" lon="-97.29668">
        <ele>98.9</ele>
      </trkpt>
      <trkpt lat="29.60469" lon="-97.29666">
        <ele>98.8</ele>
      </trkpt>
      <trkpt lat="29.60469" lon="-97.29657">
        <ele>98.6</ele>
      </trkpt>
      <trkpt lat="29.6047" lon="-97.29648">
        <ele>98.2</ele>
      </trkpt>
      <trkpt lat="29.60471" lon="-97.29586">
        <ele>95.1</ele>
      </trkpt>
      <trkpt lat="29.60471" lon="-97.29566">
        <ele>93.9</ele>
      </trkpt>
      <trkpt lat="29.60471" lon="-97.29555">
        <ele>93.2</ele>
      </trkpt>
      <trkpt lat="29.60471" lon="-97.29547">
        <ele>92.6</ele>
      </trkpt>
      <trkpt lat="29.60471" lon="-97.29545">
        <ele>92.5</ele>
      </trkpt>
      <trkpt lat="29.60471" lon="-97.29544">
        <ele>92.4</ele>
      </trkpt>
      <trkpt lat="29.60472" lon="-97.29524">
        <ele>92.1</ele>
      </trkpt>
      <trkpt lat="29.60472" lon="-97.29517">
        <ele>92.3</ele>
      </trkpt>
      <trkpt lat="29.60473" lon="-97.29506">
        <ele>92.9</ele>
      </trkpt>
      <trkpt lat="29.60474" lon="-97.29462">
        <ele>94.1</ele>
      </trkpt>
      <trkpt lat="29.60475" lon="-97.29433">
        <ele>94.9</ele>
      </trkpt>
      <trkpt lat="29.60475" lon="-97.29423">
        <ele>95.1</ele>
      </trkpt>
      <trkpt lat="29.60476" lon="-97.294">
        <ele>95.2</ele>
      </trkpt>
      <trkpt lat="29.60476" lon="-97.29388">
        <ele>95.2</ele>
      </trkpt>
      <trkpt lat="29.60477" lon="-97.29361">
        <ele>95.0</ele>
      </trkpt>
      <trkpt lat="29.60477" lon="-97.29358">
        <ele>94.9</ele>
      </trkpt>
      <trkpt lat="29.60478" lon="-97.29338">
        <ele>94.3</ele>
      </trkpt>
      <trkpt lat="29.60479" lon="-97.293">
        <ele>93.9</ele>
      </trkpt>
      <trkpt lat="29.60479" lon="-97.29276">
        <ele>93.6</ele>
      </trkpt>
      <trkpt lat="29.6048" lon="-97.29258">
        <ele>93.3</ele>
      </trkpt>
      <trkpt lat="29.6048" lon="-97.29255">
        <ele>93.2</ele>
      </trkpt>
      <trkpt lat="29.6048" lon="-97.29192">
        <ele>92.0</ele>
      </trkpt>
      <trkpt lat="29.60481" lon="-97.29134">
        <ele>89.9</ele>
      </trkpt>
      <trkpt lat="29.60481" lon="-97.29131">
        <ele>89.8</ele>
      </trkpt>
      <trkpt lat="29.60481" lon="-97.2911">
        <ele>89.2</ele>
      </trkpt>
      <trkpt lat="29.60481" lon="-97.29076">
        <ele>88.6</ele>
      </trkpt>
      <trkpt lat="29.60481" lon="-97.29072">
        <ele>88.6</ele>
      </trkpt>
      <trkpt lat="29.60481" lon="-97.29048">
        <ele>88.7</ele>
      </trkpt>
      <trkpt lat="29.60482" lon="-97.29007">
        <ele>88.9</ele>
      </trkpt>
      <trkpt lat="29.60483" lon="-97.28945">
        <ele>90.9</ele>
      </trkpt>
      <trkpt lat="29.60483" lon="-97.28927">
        <ele>91.2</ele>
      </trkpt>
      <trkpt lat="29.60484" lon="-97.28924">
        <ele>91.3</ele>
      </trkpt>
      <trkpt lat="29.60484" lon="-97.28908">
        <ele>92.2</ele>
      </trkpt>
      <trkpt lat="29.60485" lon="-97.288">
        <ele>94.7</ele>
      </trkpt>
      <trkpt lat="29.60486" lon="-97.28762">
        <ele>95.2</ele>
      </trkpt>
      <trkpt lat="29.60486" lon="-97.28758">
        <ele>95.2</ele>
      </trkpt>
      <trkpt lat="29.60489" lon="-97.28534">
        <ele>96.3</ele>
      </trkpt>
      <trkpt lat="29.60489" lon="-97.28514">
        <ele>96.6</ele>
      </trkpt>
      <trkpt lat="29.6049" lon="-97.2851">
        <ele>96.6</ele>
      </trkpt>
      <trkpt lat="29.6049" lon="-97.28493">
        <ele>96.8</ele>
      </trkpt>
      <trkpt lat="29.60491" lon="-97.28393">
        <ele>98.0</ele>
      </trkpt>
      <trkpt lat="29.60496" lon="-97.28357">
        <ele>98.3</ele>
      </trkpt>
      <trkpt lat="29.60496" lon="-97.28357">
        <ele>98.3</ele>
      </trkpt>
      <trkpt lat="29.60441" lon="-97.28323">
        <ele>97.2</ele>
      </trkpt>
      <trkpt lat="29.60421" lon="-97.28304">
        <ele>97.4</ele>
      </trkpt>
      <trkpt lat="29.60407" lon="-97.28291">
        <ele>97.5</ele>
      </trkpt>
      <trkpt lat="29.60405" lon="-97.2829">
        <ele>97.5</ele>
      </trkpt>
      <trkpt lat="29.6038" lon="-97.28261">
        <ele>97.6</ele>
      </trkpt>
      <trkpt lat="29.60349" lon="-97.28213">
        <ele>96.1</ele>
      </trkpt>
      <trkpt lat="29.60348" lon="-97.28212">
        <ele>96.0</ele>
      </trkpt>
      <trkpt lat="29.60339" lon="-97.28195">
        <ele>95.3</ele>
      </trkpt>
      <trkpt lat="29.60333" lon="-97.28184">
        <ele>95.0</ele>
      </trkpt>
      <trkpt lat="29.6033" lon="-97.28177">
        <ele>94.7</ele>
      </trkpt>
      <trkpt lat="29.60318" lon="-97.28144">
        <ele>93.8</ele>
      </trkpt>
      <trkpt lat="29.60308" lon="-97.28104">
        <ele>93.2</ele>
      </trkpt>
      <trkpt lat="29.60303" lon="-97.28068">
        <ele>92.7</ele>
      </trkpt>
      <trkpt lat="29.60302" lon="-97.28056">
        <ele>92.6</ele>
      </trkpt>
      <trkpt lat="29.603" lon="-97.28021">
        <ele>92.0</ele>
      </trkpt>
      <trkpt lat="29.60301" lon="-97.28016">
        <ele>91.9</ele>
      </trkpt>
      <trkpt lat="29.60302" lon="-97.27931">
        <ele>88.9</ele>
      </trkpt>
      <trkpt lat="29.60302" lon="-97.2791">
        <ele>88.6</ele>
      </trkpt>
      <trkpt lat="29.60303" lon="-97.27869">
        <ele>88.3</ele>
      </trkpt>
      <trkpt lat="29.60304" lon="-97.27823">
        <ele>88.7</ele>
      </trkpt>
      <trkpt lat="29.60306" lon="-97.2762">
        <ele>88.2</ele>
      </trkpt>
      <trkpt lat="29.60306" lon="-97.27616">
        <ele>88.1</ele>
      </trkpt>
      <trkpt lat="29.60306" lon="-97.276">
        <ele>88.0</ele>
      </trkpt>
      <trkpt lat="29.60308" lon="-97.27476">
        <ele>87.6</ele>
      </trkpt>
      <trkpt lat="29.60309" lon="-97.27424">
        <ele>87.6</ele>
      </trkpt>
      <trkpt lat="29.60309" lon="-97.27414">
        <ele>87.6</ele>
      </trkpt>
      <trkpt lat="29.60309" lon="-97.27404">
        <ele>87.7</ele>
      </trkpt>
      <trkpt lat="29.60311" lon="-97.273">
        <ele>87.9</ele>
      </trkpt>
      <trkpt lat="29.60311" lon="-97.27299">
        <ele>88.0</ele>
      </trkpt>
      <trkpt lat="29.60313" lon="-97.27154">
        <ele>88.9</ele>
      </trkpt>
      <trkpt lat="29.60313" lon="-97.27145">
        <ele>89.0</ele>
      </trkpt>
      <trkpt lat="29.60313" lon="-97.27114">
        <ele>89.4</ele>
      </trkpt>
      <trkpt lat="29.60313" lon="-97.2711">
        <ele>89.4</ele>
      </trkpt>
      <trkpt lat="29.60314" lon="-97.27093">
        <ele>89.6</ele>
      </trkpt>
      <trkpt lat="29.60316" lon="-97.2703">
        <ele>90.6</ele>
      </trkpt>
      <trkpt lat="29.60317" lon="-97.27021">
        <ele>90.7</ele>
      </trkpt>
      <trkpt lat="29.60319" lon="-97.26952">
        <ele>91.4</ele>
      </trkpt>
      <trkpt lat="29.60319" lon="-97.26947">
        <ele>91.5</ele>
      </trkpt>
      <trkpt lat="29.60319" lon="-97.26942">
        <ele>91.7</ele>
      </trkpt>
      <trkpt lat="29.60325" lon="-97.26783">
        <ele>97.0</ele>
      </trkpt>
      <trkpt lat="29.60325" lon="-97.26783">
        <ele>97.0</ele>
      </trkpt>
      <trkpt lat="29.60325" lon="-97.26781">
        <ele>97.0</ele>
      </trkpt>
      <trkpt lat="29.60326" lon="-97.26763">
        <ele>97.5</ele>
      </trkpt>
      <trkpt lat="29.60327" lon="-97.26742">
        <ele>97.9</ele>
      </trkpt>
      <trkpt lat="29.60327" lon="-97.26727">
        <ele>98.1</ele>
      </trkpt>
      <trkpt lat="29.60327" lon="-97.26721">
        <ele>98.1</ele>
      </trkpt>
      <trkpt lat="29.60327" lon="-97.26618">
        <ele>95.6</ele>
      </trkpt>
      <trkpt lat="29.60327" lon="-97.26603">
        <ele>95.3</ele>
      </trkpt>
      <trkpt lat="29.60328" lon="-97.26588">
        <ele>95.6</ele>
      </trkpt>
      <trkpt lat="29.60328" lon="-97.26515">
        <ele>95.5</ele>
      </trkpt>
      <trkpt lat="29.60328" lon="-97.26496">
        <ele>95.1</ele>
      </trkpt>
      <trkpt lat="29.60326" lon="-97.26432">
        <ele>92.6</ele>
      </trkpt>
      <trkpt lat="29.60326" lon="-97.26426">
        <ele>92.4</ele>
      </trkpt>
      <trkpt lat="29.60326" lon="-97.26411">
        <ele>91.8</ele>
      </trkpt>
      <trkpt lat="29.60325" lon="-97.2639">
        <ele>91.1</ele>
      </trkpt>
      <trkpt lat="29.60325" lon="-97.26385">
        <ele>91.0</ele>
      </trkpt>
      <trkpt lat="29.60326" lon="-97.26327">
        <ele>91.6</ele>
      </trkpt>
      <trkpt lat="29.60328" lon="-97.26287">
        <ele>91.3</ele>
      </trkpt>
      <trkpt lat="29.60329" lon="-97.26266">
        <ele>90.9</ele>
      </trkpt>
      <trkpt lat="29.6033" lon="-97.26242">
        <ele>90.3</ele>
      </trkpt>
      <trkpt lat="29.60331" lon="-97.26231">
        <ele>89.9</ele>
      </trkpt>
      <trkpt lat="29.60334" lon="-97.26142">
        <ele>86.3</ele>
      </trkpt>
      <trkpt lat="29.60336" lon="-97.26101">
        <ele>85.2</ele>
      </trkpt>
      <trkpt lat="29.60337" lon="-97.2606">
        <ele>84.5</ele>
      </trkpt>
      <trkpt lat="29.60339" lon="-97.26024">
        <ele>84.1</ele>
      </trkpt>
      <trkpt lat="29.6034" lon="-97.25986">
        <ele>83.8</ele>
      </trkpt>
      <trkpt lat="29.60339" lon="-97.25955">
        <ele>83.4</ele>
      </trkpt>
      <trkpt lat="29.60338" lon="-97.25914">
        <ele>82.9</ele>
      </trkpt>
      <trkpt lat="29.60337" lon="-97.25886">
        <ele>82.5</ele>
      </trkpt>
      <trkpt lat="29.60338" lon="-97.25831">
        <ele>82.6</ele>
      </trkpt>
      <trkpt lat="29.60338" lon="-97.25789">
        <ele>82.9</ele>
      </trkpt>
      <trkpt lat="29.60338" lon="-97.25769">
        <ele>83.1</ele>
      </trkpt>
      <trkpt lat="29.60338" lon="-97.25659">
        <ele>83.4</ele>
      </trkpt>
      <trkpt lat="29.60339" lon="-97.25624">
        <ele>83.3</ele>
      </trkpt>
      <trkpt lat="29.60339" lon="-97.25521">
        <ele>82.4</ele>
      </trkpt>
      <trkpt lat="29.60339" lon="-97.25516">
        <ele>82.5</ele>
      </trkpt>
      <trkpt lat="29.60339" lon="-97.255">
        <ele>83.1</ele>
      </trkpt>
      <trkpt lat="29.6034" lon="-97.25478">
        <ele>83.8</ele>
      </trkpt>
      <trkpt lat="29.60341" lon="-97.25444">
        <ele>83.9</ele>
      </trkpt>
      <trkpt lat="29.60341" lon="-97.25429">
        <ele>83.9</ele>
      </trkpt>
      <trkpt lat="29.6034" lon="-97.25419">
        <ele>83.8</ele>
      </trkpt>
      <trkpt lat="29.60337" lon="-97.25412">
        <ele>83.8</ele>
      </trkpt>
      <trkpt lat="29.60334" lon="-97.25409">
        <ele>83.8</ele>
      </trkpt>
      <trkpt lat="29.6033" lon="-97.25406">
        <ele>83.8</ele>
      </trkpt>
      <trkpt lat="29.60325" lon="-97.25405">
        <ele>83.7</ele>
      </trkpt>
      <trkpt lat="29.6032" lon="-97.25405">
        <ele>83.7</ele>
      </trkpt>
      <trkpt lat="29.60271" lon="-97.25403">
        <ele>83.4</ele>
      </trkpt>
      <trkpt lat="29.60054" lon="-97.25397">
        <ele>83.1</ele>
      </trkpt>
      <trkpt lat="29.60045" lon="-97.25395">
        <ele>83.1</ele>
      </trkpt>
      <trkpt lat="29.60039" lon="-97.25391">
        <ele>83.2</ele>
      </trkpt>
      <trkpt lat="29.60036" lon="-97.25387">
        <ele>83.2</ele>
      </trkpt>
      <trkpt lat="29.60033" lon="-97.2538">
        <ele>83.2</ele>
      </trkpt>
      <trkpt lat="29.60033" lon="-97.25331">
        <ele>83.3</ele>
      </trkpt>
      <trkpt lat="29.60034" lon="-97.24855">
        <ele>83.9</ele>
      </trkpt>
      <trkpt lat="29.60035" lon="-97.24718">
        <ele>84.0</ele>
      </trkpt>
      <trkpt lat="29.60035" lon="-97.24669">
        <ele>84.0</ele>
      </trkpt>
      <trkpt lat="29.60037" lon="-97.2442">
        <ele>83.9</ele>
      </trkpt>
      <trkpt lat="29.60038" lon="-97.24296">
        <ele>84.2</ele>
      </trkpt>
      <trkpt lat="29.60038" lon="-97.24265">
        <ele>84.5</ele>
      </trkpt>
      <trkpt lat="29.60038" lon="-97.2425">
        <ele>84.7</ele>
      </trkpt>
      <trkpt lat="29.60033" lon="-97.24236">
        <ele>84.9</ele>
      </trkpt>
      <trkpt lat="29.6003" lon="-97.24232">
        <ele>85.0</ele>
      </trkpt>
      <trkpt lat="29.60025" lon="-97.24229">
        <ele>85.0</ele>
      </trkpt>
      <trkpt lat="29.60021" lon="-97.24227">
        <ele>85.0</ele>
      </trkpt>
      <trkpt lat="29.60009" lon="-97.24224">
        <ele>85.1</ele>
      </trkpt>
      <trkpt lat="29.59969" lon="-97.24223">
        <ele>85.2</ele>
      </trkpt>
      <trkpt lat="29.5991" lon="-97.24221">
        <ele>85.3</ele>
      </trkpt>
      <trkpt lat="29.59893" lon="-97.2422">
        <ele>85.4</ele>
      </trkpt>
      <trkpt lat="29.59812" lon="-97.242189">
        <ele>86.9</ele>
      </trkpt>
      <trkpt lat="29.59802" lon="-97.24218">
        <ele>87.1</ele>
      </trkpt>
      <trkpt lat="29.59676" lon="-97.24215">
        <ele>89.5</ele>
      </trkpt>
      <trkpt lat="29.59661" lon="-97.24214">
        <ele>90.1</ele>
      </trkpt>
      <trkpt lat="29.59637" lon="-97.24214">
        <ele>90.7</ele>
      </trkpt>
      <trkpt lat="29.59612" lon="-97.24213">
        <ele>90.8</ele>
      </trkpt>
      <trkpt lat="29.59607" lon="-97.24211">
        <ele>90.9</ele>
      </trkpt>
      <trkpt lat="29.59604" lon="-97.24208">
        <ele>90.9</ele>
      </trkpt>
      <trkpt lat="29.59601" lon="-97.24203">
        <ele>91.0</ele>
      </trkpt>
      <trkpt lat="29.59599" lon="-97.24196">
        <ele>91.1</ele>
      </trkpt>
      <trkpt lat="29.59597" lon="-97.24172">
        <ele>91.8</ele>
      </trkpt>
      <trkpt lat="29.59597" lon="-97.24129">
        <ele>93.8</ele>
      </trkpt>
      <trkpt lat="29.59597" lon="-97.24079">
        <ele>94.3</ele>
      </trkpt>
      <trkpt lat="29.59597" lon="-97.24067">
        <ele>94.2</ele>
      </trkpt>
      <trkpt lat="29.59597" lon="-97.24051">
        <ele>94.2</ele>
      </trkpt>
      <trkpt lat="29.59597" lon="-97.24006">
        <ele>94.1</ele>
      </trkpt>
      <trkpt lat="29.59597" lon="-97.23972">
        <ele>93.9</ele>
      </trkpt>
      <trkpt lat="29.59597" lon="-97.2393">
        <ele>93.7</ele>
      </trkpt>
      <trkpt lat="29.59598" lon="-97.23905">
        <ele>93.6</ele>
      </trkpt>
      <trkpt lat="29.59599" lon="-97.2379">
        <ele>95.4</ele>
      </trkpt>
      <trkpt lat="29.596" lon="-97.23765">
        <ele>96.2</ele>
      </trkpt>
      <trkpt lat="29.596" lon="-97.23734">
        <ele>97.0</ele>
      </trkpt>
      <trkpt lat="29.59601" lon="-97.23692">
        <ele>97.9</ele>
      </trkpt>
      <trkpt lat="29.59603" lon="-97.236">
        <ele>99.6</ele>
      </trkpt>
      <trkpt lat="29.59604" lon="-97.23565">
        <ele>100.3</ele>
      </trkpt>
      <trkpt lat="29.59604" lon="-97.2355">
        <ele>100.5</ele>
      </trkpt>
      <trkpt lat="29.59604" lon="-97.23521">
        <ele>101.1</ele>
      </trkpt>
      <trkpt lat="29.59606" lon="-97.23393">
        <ele>104.1</ele>
      </trkpt>
      <trkpt lat="29.59606" lon="-97.23365">
        <ele>104.4</ele>
      </trkpt>
      <trkpt lat="29.59606" lon="-97.23352">
        <ele>104.4</ele>
      </trkpt>
      <trkpt lat="29.59606" lon="-97.233099">
        <ele>103.6</ele>
      </trkpt>
      <trkpt lat="29.59606" lon="-97.23269">
        <ele>103.1</ele>
      </trkpt>
      <trkpt lat="29.59607" lon="-97.23165">
        <ele>100.3</ele>
      </trkpt>
      <trkpt lat="29.59608" lon="-97.23124">
        <ele>98.6</ele>
      </trkpt>
      <trkpt lat="29.59609" lon="-97.23083">
        <ele>97.1</ele>
      </trkpt>
      <trkpt lat="29.59609" lon="-97.23063">
        <ele>96.2</ele>
      </trkpt>
      <trkpt lat="29.59611" lon="-97.22991">
        <ele>93.9</ele>
      </trkpt>
      <trkpt lat="29.59611" lon="-97.2296">
        <ele>94.0</ele>
      </trkpt>
      <trkpt lat="29.59611" lon="-97.22941">
        <ele>93.9</ele>
      </trkpt>
      <trkpt lat="29.5961" lon="-97.22918">
        <ele>93.4</ele>
      </trkpt>
      <trkpt lat="29.59603" lon="-97.22903">
        <ele>93.2</ele>
      </trkpt>
      <trkpt lat="29.59598" lon="-97.22899">
        <ele>93.2</ele>
      </trkpt>
      <trkpt lat="29.59585" lon="-97.22889">
        <ele>93.1</ele>
      </trkpt>
      <trkpt lat="29.59569" lon="-97.2288">
        <ele>93.3</ele>
      </trkpt>
      <trkpt lat="29.59548" lon="-97.22866">
        <ele>93.5</ele>
      </trkpt>
      <trkpt lat="29.59545" lon="-97.22865">
        <ele>93.6</ele>
      </trkpt>
      <trkpt lat="29.59538" lon="-97.2286">
        <ele>93.7</ele>
      </trkpt>
      <trkpt lat="29.59531" lon="-97.22856">
        <ele>94.0</ele>
      </trkpt>
      <trkpt lat="29.59513" lon="-97.22848">
        <ele>94.7</ele>
      </trkpt>
      <trkpt lat="29.59503" lon="-97.22844">
        <ele>94.9</ele>
      </trkpt>
      <trkpt lat="29.59483" lon="-97.22837">
        <ele>95.1</ele>
      </trkpt>
      <trkpt lat="29.59443" lon="-97.22827">
        <ele>95.8</ele>
      </trkpt>
      <trkpt lat="29.59423" lon="-97.22823">
        <ele>96.4</ele>
      </trkpt>
      <trkpt lat="29.59402" lon="-97.22819">
        <ele>97.0</ele>
      </trkpt>
      <trkpt lat="29.59399" lon="-97.22819">
        <ele>97.1</ele>
      </trkpt>
      <trkpt lat="29.59381" lon="-97.22817">
        <ele>97.5</ele>
      </trkpt>
      <trkpt lat="29.59358" lon="-97.22817">
        <ele>97.5</ele>
      </trkpt>
      <trkpt lat="29.59327" lon="-97.22817">
        <ele>97.6</ele>
      </trkpt>
      <trkpt lat="29.5925" lon="-97.22818">
        <ele>100.4</ele>
      </trkpt>
      <trkpt lat="29.59214" lon="-97.22818">
        <ele>100.5</ele>
      </trkpt>
      <trkpt lat="29.59193" lon="-97.22816">
        <ele>100.7</ele>
      </trkpt>
      <trkpt lat="29.59183" lon="-97.22815">
        <ele>101.2</ele>
      </trkpt>
      <trkpt lat="29.59137" lon="-97.2281">
        <ele>103.1</ele>
      </trkpt>
      <trkpt lat="29.59121" lon="-97.2281">
        <ele>103.1</ele>
      </trkpt>
      <trkpt lat="29.59107" lon="-97.22811">
        <ele>103.2</ele>
      </trkpt>
      <trkpt lat="29.59058" lon="-97.2282">
        <ele>103.2</ele>
      </trkpt>
      <trkpt lat="29.59014" lon="-97.22826">
        <ele>103.4</ele>
      </trkpt>
      <trkpt lat="29.58998" lon="-97.22827">
        <ele>103.3</ele>
      </trkpt>
      <trkpt lat="29.58973" lon="-97.22828">
        <ele>103.1</ele>
      </trkpt>
      <trkpt lat="29.58963" lon="-97.22829">
        <ele>102.9</ele>
      </trkpt>
      <trkpt lat="29.5889" lon="-97.22834">
        <ele>98.9</ele>
      </trkpt>
      <trkpt lat="29.58873" lon="-97.22835">
        <ele>98.1</ele>
      </trkpt>
      <trkpt lat="29.58842" lon="-97.22836">
        <ele>95.7</ele>
      </trkpt>
      <trkpt lat="29.58836" lon="-97.22835">
        <ele>95.4</ele>
      </trkpt>
      <trkpt lat="29.58819" lon="-97.22836">
        <ele>95.0</ele>
      </trkpt>
      <trkpt lat="29.58791" lon="-97.22838">
        <ele>95.3</ele>
      </trkpt>
      <trkpt lat="29.58788" lon="-97.22838">
        <ele>95.2</ele>
      </trkpt>
      <trkpt lat="29.58784" lon="-97.22838">
        <ele>95.1</ele>
      </trkpt>
      <trkpt lat="29.58765" lon="-97.228399">
        <ele>94.5</ele>
      </trkpt>
      <trkpt lat="29.58761" lon="-97.228399">
        <ele>94.5</ele>
      </trkpt>
      <trkpt lat="29.58759" lon="-97.228399">
        <ele>94.5</ele>
      </trkpt>
      <trkpt lat="29.58749" lon="-97.228399">
        <ele>94.5</ele>
      </trkpt>
      <trkpt lat="29.58724" lon="-97.22835">
        <ele>94.9</ele>
      </trkpt>
      <trkpt lat="29.58718" lon="-97.22833">
        <ele>95.0</ele>
      </trkpt>
      <trkpt lat="29.58713" lon="-97.22833">
        <ele>95.1</ele>
      </trkpt>
      <trkpt lat="29.5867" lon="-97.22825">
        <ele>95.5</ele>
      </trkpt>
      <trkpt lat="29.58646" lon="-97.2282">
        <ele>95.8</ele>
      </trkpt>
      <trkpt lat="29.58641" lon="-97.22819">
        <ele>95.9</ele>
      </trkpt>
      <trkpt lat="29.58623" lon="-97.22817">
        <ele>96.1</ele>
      </trkpt>
      <trkpt lat="29.58613" lon="-97.22817">
        <ele>96.2</ele>
      </trkpt>
      <trkpt lat="29.58603" lon="-97.22816">
        <ele>96.1</ele>
      </trkpt>
      <trkpt lat="29.58584" lon="-97.22815">
        <ele>96.2</ele>
      </trkpt>
      <trkpt lat="29.5857" lon="-97.22815">
        <ele>96.3</ele>
      </trkpt>
      <trkpt lat="29.58535" lon="-97.228129">
        <ele>96.3</ele>
      </trkpt>
      <trkpt lat="29.58515" lon="-97.2281">
        <ele>96.4</ele>
      </trkpt>
      <trkpt lat="29.5848" lon="-97.228039">
        <ele>96.6</ele>
      </trkpt>
      <trkpt lat="29.58476" lon="-97.22803">
        <ele>96.7</ele>
      </trkpt>
      <trkpt lat="29.58453" lon="-97.22801">
        <ele>97.0</ele>
      </trkpt>
      <trkpt lat="29.58444" lon="-97.22801">
        <ele>97.1</ele>
      </trkpt>
      <trkpt lat="29.58408" lon="-97.22799">
        <ele>97.4</ele>
      </trkpt>
      <trkpt lat="29.58403" lon="-97.22799">
        <ele>97.4</ele>
      </trkpt>
      <trkpt lat="29.58372" lon="-97.22798">
        <ele>97.6</ele>
      </trkpt>
      <trkpt lat="29.58306" lon="-97.22796">
        <ele>98.8</ele>
      </trkpt>
      <trkpt lat="29.583" lon="-97.22796">
        <ele>98.9</ele>
      </trkpt>
      <trkpt lat="29.58264" lon="-97.22795">
        <ele>99.1</ele>
      </trkpt>
      <trkpt lat="29.58187" lon="-97.22793">
        <ele>99.7</ele>
      </trkpt>
      <trkpt lat="29.58172" lon="-97.22792">
        <ele>99.8</ele>
      </trkpt>
      <trkpt lat="29.58115" lon="-97.2279">
        <ele>100.2</ele>
      </trkpt>
      <trkpt lat="29.58102" lon="-97.2279">
        <ele>100.3</ele>
      </trkpt>
      <trkpt lat="29.58101" lon="-97.2279">
        <ele>100.3</ele>
      </trkpt>
      <trkpt lat="29.58067" lon="-97.22789">
        <ele>100.4</ele>
      </trkpt>
      <trkpt lat="29.5803" lon="-97.2279">
        <ele>100.9</ele>
      </trkpt>
      <trkpt lat="29.58019" lon="-97.22789">
        <ele>101.2</ele>
      </trkpt>
      <trkpt lat="29.57926" lon="-97.227549">
        <ele>103.4</ele>
      </trkpt>
      <trkpt lat="29.57837" lon="-97.2275">
        <ele>103.5</ele>
      </trkpt>
      <trkpt lat="29.57785" lon="-97.22747">
        <ele>103.3</ele>
      </trkpt>
      <trkpt lat="29.57693" lon="-97.22744">
        <ele>104.3</ele>
      </trkpt>
      <trkpt lat="29.57514" lon="-97.227369">
        <ele>107.6</ele>
      </trkpt>
      <trkpt lat="29.57442" lon="-97.22734">
        <ele>108.1</ele>
      </trkpt>
      <trkpt lat="29.5728" lon="-97.227279">
        <ele>108.1</ele>
      </trkpt>
      <trkpt lat="29.57244" lon="-97.22727">
        <ele>107.5</ele>
      </trkpt>
      <trkpt lat="29.57172" lon="-97.22724">
        <ele>105.1</ele>
      </trkpt>
      <trkpt lat="29.57151" lon="-97.22723">
        <ele>103.8</ele>
      </trkpt>
      <trkpt lat="29.57144" lon="-97.2272">
        <ele>103.6</ele>
      </trkpt>
      <trkpt lat="29.57138" lon="-97.2272">
        <ele>103.5</ele>
      </trkpt>
      <trkpt lat="29.57137" lon="-97.2272">
        <ele>103.4</ele>
      </trkpt>
      <trkpt lat="29.57128" lon="-97.2272">
        <ele>103.1</ele>
      </trkpt>
      <trkpt lat="29.57121" lon="-97.227189">
        <ele>102.9</ele>
      </trkpt>
      <trkpt lat="29.57119" lon="-97.227189">
        <ele>102.8</ele>
      </trkpt>
      <trkpt lat="29.57114" lon="-97.22718">
        <ele>102.7</ele>
      </trkpt>
      <trkpt lat="29.57109" lon="-97.22715">
        <ele>102.4</ele>
      </trkpt>
      <trkpt lat="29.57104" lon="-97.227099">
        <ele>102.2</ele>
      </trkpt>
      <trkpt lat="29.571" lon="-97.22704">
        <ele>101.9</ele>
      </trkpt>
      <trkpt lat="29.57098" lon="-97.22697">
        <ele>101.8</ele>
      </trkpt>
      <trkpt lat="29.57097" lon="-97.22689">
        <ele>101.7</ele>
      </trkpt>
      <trkpt lat="29.57097" lon="-97.22681">
        <ele>101.6</ele>
      </trkpt>
      <trkpt lat="29.57097" lon="-97.226699">
        <ele>101.6</ele>
      </trkpt>
      <trkpt lat="29.57098" lon="-97.22649">
        <ele>101.5</ele>
      </trkpt>
      <trkpt lat="29.57101" lon="-97.22525">
        <ele>101.1</ele>
      </trkpt>
      <trkpt lat="29.57102" lon="-97.22484">
        <ele>101.3</ele>
      </trkpt>
      <trkpt lat="29.57103" lon="-97.22442">
        <ele>101.7</ele>
      </trkpt>
      <trkpt lat="29.57104" lon="-97.22422">
        <ele>102.0</ele>
      </trkpt>
      <trkpt lat="29.57105" lon="-97.2236">
        <ele>104.0</ele>
      </trkpt>
      <trkpt lat="29.57107" lon="-97.22318">
        <ele>104.8</ele>
      </trkpt>
      <trkpt lat="29.57108" lon="-97.22277">
        <ele>105.5</ele>
      </trkpt>
      <trkpt lat="29.57111" lon="-97.22159">
        <ele>107.6</ele>
      </trkpt>
      <trkpt lat="29.57112" lon="-97.22112">
        <ele>108.6</ele>
      </trkpt>
      <trkpt lat="29.57116" lon="-97.21988">
        <ele>110.1</ele>
      </trkpt>
      <trkpt lat="29.57117" lon="-97.21917">
        <ele>111.0</ele>
      </trkpt>
      <trkpt lat="29.57117" lon="-97.21905">
        <ele>111.0</ele>
      </trkpt>
      <trkpt lat="29.57117" lon="-97.21807">
        <ele>110.5</ele>
      </trkpt>
      <trkpt lat="29.57117" lon="-97.21801">
        <ele>110.5</ele>
      </trkpt>
      <trkpt lat="29.57117" lon="-97.21771">
        <ele>110.4</ele>
      </trkpt>
      <trkpt lat="29.57115" lon="-97.217609">
        <ele>110.3</ele>
      </trkpt>
      <trkpt lat="29.57114" lon="-97.217519">
        <ele>110.2</ele>
      </trkpt>
      <trkpt lat="29.57111" lon="-97.217429">
        <ele>110.2</ele>
      </trkpt>
      <trkpt lat="29.57107" lon="-97.21735">
        <ele>110.3</ele>
      </trkpt>
      <trkpt lat="29.57105" lon="-97.21731">
        <ele>110.4</ele>
      </trkpt>
      <trkpt lat="29.57103" lon="-97.21727">
        <ele>110.5</ele>
      </trkpt>
      <trkpt lat="29.57098" lon="-97.2172">
        <ele>110.5</ele>
      </trkpt>
      <trkpt lat="29.57093" lon="-97.21713">
        <ele>110.3</ele>
      </trkpt>
      <trkpt lat="29.57086" lon="-97.21706">
        <ele>110.6</ele>
      </trkpt>
      <trkpt lat="29.5708" lon="-97.21701">
        <ele>110.9</ele>
      </trkpt>
      <trkpt lat="29.57073" lon="-97.21696">
        <ele>111.4</ele>
      </trkpt>
      <trkpt lat="29.57065" lon="-97.21691">
        <ele>112.1</ele>
      </trkpt>
      <trkpt lat="29.57041" lon="-97.2168">
        <ele>113.0</ele>
      </trkpt>
      <trkpt lat="29.57016" lon="-97.21666">
        <ele>113.3</ele>
      </trkpt>
      <trkpt lat="29.57001" lon="-97.216579">
        <ele>113.6</ele>
      </trkpt>
      <trkpt lat="29.56958" lon="-97.21635">
        <ele>114.9</ele>
      </trkpt>
      <trkpt lat="29.56951" lon="-97.2163">
        <ele>115.2</ele>
      </trkpt>
      <trkpt lat="29.56935" lon="-97.21621">
        <ele>116.0</ele>
      </trkpt>
      <trkpt lat="29.56919" lon="-97.21614">
        <ele>116.1</ele>
      </trkpt>
      <trkpt lat="29.56903" lon="-97.21609">
        <ele>116.2</ele>
      </trkpt>
      <trkpt lat="29.56894" lon="-97.21608">
        <ele>116.5</ele>
      </trkpt>
      <trkpt lat="29.56886" lon="-97.21607">
        <ele>116.6</ele>
      </trkpt>
      <trkpt lat="29.56846" lon="-97.21606">
        <ele>117.0</ele>
      </trkpt>
      <trkpt lat="29.568" lon="-97.21606">
        <ele>118.8</ele>
      </trkpt>
      <trkpt lat="29.56788" lon="-97.21606">
        <ele>118.8</ele>
      </trkpt>
      <trkpt lat="29.56651" lon="-97.21604">
        <ele>121.8</ele>
      </trkpt>
      <trkpt lat="29.56471" lon="-97.21601">
        <ele>123.5</ele>
      </trkpt>
      <trkpt lat="29.5647" lon="-97.21601">
        <ele>123.5</ele>
      </trkpt>
      <trkpt lat="29.56425" lon="-97.215999">
        <ele>123.1</ele>
      </trkpt>
      <trkpt lat="29.56381" lon="-97.21599">
        <ele>122.9</ele>
      </trkpt>
      <trkpt lat="29.56345" lon="-97.21599">
        <ele>125.1</ele>
      </trkpt>
      <trkpt lat="29.56201" lon="-97.21596">
        <ele>130.4</ele>
      </trkpt>
      <trkpt lat="29.56156" lon="-97.21595">
        <ele>133.2</ele>
      </trkpt>
      <trkpt lat="29.56093" lon="-97.21594">
        <ele>136.5</ele>
      </trkpt>
      <trkpt lat="29.56075" lon="-97.21593">
        <ele>137.0</ele>
      </trkpt>
      <trkpt lat="29.56057" lon="-97.21593">
        <ele>137.9</ele>
      </trkpt>
      <trkpt lat="29.56039" lon="-97.21592">
        <ele>138.5</ele>
      </trkpt>
      <trkpt lat="29.56016" lon="-97.215909">
        <ele>138.9</ele>
      </trkpt>
      <trkpt lat="29.55949" lon="-97.21592">
        <ele>140.0</ele>
      </trkpt>
      <trkpt lat="29.55947" lon="-97.21592">
        <ele>140.2</ele>
      </trkpt>
      <trkpt lat="29.55933" lon="-97.2159">
        <ele>140.9</ele>
      </trkpt>
      <trkpt lat="29.55928" lon="-97.21588">
        <ele>141.1</ele>
      </trkpt>
      <trkpt lat="29.55923" lon="-97.21585">
        <ele>141.3</ele>
      </trkpt>
      <trkpt lat="29.55919" lon="-97.2158">
        <ele>141.4</ele>
      </trkpt>
      <trkpt lat="29.55917" lon="-97.21575">
        <ele>141.5</ele>
      </trkpt>
      <trkpt lat="29.55915" lon="-97.2157">
        <ele>141.6</ele>
      </trkpt>
      <trkpt lat="29.55914" lon="-97.21557">
        <ele>141.7</ele>
      </trkpt>
      <trkpt lat="29.55914" lon="-97.21556">
        <ele>141.7</ele>
      </trkpt>
      <trkpt lat="29.55913" lon="-97.21536">
        <ele>142.4</ele>
      </trkpt>
      <trkpt lat="29.55912" lon="-97.21516">
        <ele>143.1</ele>
      </trkpt>
      <trkpt lat="29.5591" lon="-97.21474">
        <ele>145.1</ele>
      </trkpt>
      <trkpt lat="29.5591" lon="-97.21454">
        <ele>146.4</ele>
      </trkpt>
      <trkpt lat="29.55909" lon="-97.21433">
        <ele>147.3</ele>
      </trkpt>
      <trkpt lat="29.55907" lon="-97.21392">
        <ele>148.1</ele>
      </trkpt>
      <trkpt lat="29.55907" lon="-97.21392">
        <ele>148.1</ele>
      </trkpt>
      <trkpt lat="29.55902" lon="-97.21415">
        <ele>148.2</ele>
      </trkpt>
      <trkpt lat="29.55897" lon="-97.21431">
        <ele>147.8</ele>
      </trkpt>
      <trkpt lat="29.55894" lon="-97.214429">
        <ele>147.0</ele>
      </trkpt>
      <trkpt lat="29.55885" lon="-97.21465">
        <ele>145.8</ele>
      </trkpt>
      <trkpt lat="29.55883" lon="-97.21469">
        <ele>145.7</ele>
      </trkpt>
      <trkpt lat="29.55876" lon="-97.21487">
        <ele>145.2</ele>
      </trkpt>
      <trkpt lat="29.55869" lon="-97.21501">
        <ele>144.7</ele>
      </trkpt>
      <trkpt lat="29.55859" lon="-97.21519">
        <ele>144.0</ele>
      </trkpt>
      <trkpt lat="29.55856" lon="-97.21523">
        <ele>143.9</ele>
      </trkpt>
      <trkpt lat="29.55848" lon="-97.21534">
        <ele>143.5</ele>
      </trkpt>
      <trkpt lat="29.55845" lon="-97.21539">
        <ele>143.3</ele>
      </trkpt>
      <trkpt lat="29.55839" lon="-97.21548">
        <ele>142.9</ele>
      </trkpt>
      <trkpt lat="29.55822" lon="-97.2157">
        <ele>141.9</ele>
      </trkpt>
      <trkpt lat="29.55757" lon="-97.21651">
        <ele>138.5</ele>
      </trkpt>
      <trkpt lat="29.55749" lon="-97.21662">
        <ele>138.1</ele>
      </trkpt>
      <trkpt lat="29.55674" lon="-97.21756">
        <ele>135.0</ele>
      </trkpt>
      <trkpt lat="29.5566" lon="-97.21772">
        <ele>134.7</ele>
      </trkpt>
      <trkpt lat="29.5564" lon="-97.21802">
        <ele>134.3</ele>
      </trkpt>
      <trkpt lat="29.55623" lon="-97.21832">
        <ele>132.0</ele>
      </trkpt>
      <trkpt lat="29.55605" lon="-97.21874">
        <ele>132.1</ele>
      </trkpt>
      <trkpt lat="29.55593" lon="-97.21912">
        <ele>132.9</ele>
      </trkpt>
      <trkpt lat="29.55593" lon="-97.21912">
        <ele>132.9</ele>
      </trkpt>
      <trkpt lat="29.55575" lon="-97.21912">
        <ele>133.5</ele>
      </trkpt>
      <trkpt lat="29.55545" lon="-97.21912">
        <ele>133.9</ele>
      </trkpt>
      <trkpt lat="29.55536" lon="-97.21912">
        <ele>133.9</ele>
      </trkpt>
      <trkpt lat="29.55485" lon="-97.2191">
        <ele>132.4</ele>
      </trkpt>
      <trkpt lat="29.55478" lon="-97.21911">
        <ele>132.0</ele>
      </trkpt>
      <trkpt lat="29.55473" lon="-97.21911">
        <ele>131.7</ele>
      </trkpt>
      <trkpt lat="29.55468" lon="-97.2191">
        <ele>131.4</ele>
      </trkpt>
      <trkpt lat="29.55464" lon="-97.2191">
        <ele>131.3</ele>
      </trkpt>
      <trkpt lat="29.55447" lon="-97.2191">
        <ele>130.6</ele>
      </trkpt>
      <trkpt lat="29.55443" lon="-97.21912">
        <ele>130.5</ele>
      </trkpt>
      <trkpt lat="29.55431" lon="-97.21911">
        <ele>130.1</ele>
      </trkpt>
      <trkpt lat="29.55429" lon="-97.21911">
        <ele>130.1</ele>
      </trkpt>
      <trkpt lat="29.55411" lon="-97.2191">
        <ele>130.2</ele>
      </trkpt>
      <trkpt lat="29.55393" lon="-97.2191">
        <ele>131.0</ele>
      </trkpt>
      <trkpt lat="29.55377" lon="-97.2191">
        <ele>131.7</ele>
      </trkpt>
      <trkpt lat="29.55353" lon="-97.21911">
        <ele>132.4</ele>
      </trkpt>
      <trkpt lat="29.55321" lon="-97.2191">
        <ele>133.3</ele>
      </trkpt>
      <trkpt lat="29.55303" lon="-97.2191">
        <ele>133.6</ele>
      </trkpt>
      <trkpt lat="29.55267" lon="-97.21909">
        <ele>133.7</ele>
      </trkpt>
      <trkpt lat="29.55245" lon="-97.21909">
        <ele>133.6</ele>
      </trkpt>
      <trkpt lat="29.55231" lon="-97.2191">
        <ele>133.2</ele>
      </trkpt>
      <trkpt lat="29.55194" lon="-97.21911">
        <ele>130.8</ele>
      </trkpt>
      <trkpt lat="29.55105" lon="-97.21915">
        <ele>127.2</ele>
      </trkpt>
      <trkpt lat="29.55049" lon="-97.21918">
        <ele>124.6</ele>
      </trkpt>
      <trkpt lat="29.55016" lon="-97.21921">
        <ele>122.6</ele>
      </trkpt>
      <trkpt lat="29.54998" lon="-97.21924">
        <ele>121.5</ele>
      </trkpt>
      <trkpt lat="29.54997" lon="-97.21925">
        <ele>121.5</ele>
      </trkpt>
      <trkpt lat="29.54981" lon="-97.2193">
        <ele>120.9</ele>
      </trkpt>
      <trkpt lat="29.54939" lon="-97.21948">
        <ele>119.2</ele>
      </trkpt>
      <trkpt lat="29.54929" lon="-97.21952">
        <ele>118.5</ele>
      </trkpt>
      <trkpt lat="29.54895" lon="-97.21964">
        <ele>116.7</ele>
      </trkpt>
      <trkpt lat="29.54893" lon="-97.21964">
        <ele>116.7</ele>
      </trkpt>
      <trkpt lat="29.54844" lon="-97.21975">
        <ele>117.0</ele>
      </trkpt>
      <trkpt lat="29.54838" lon="-97.21975">
        <ele>117.1</ele>
      </trkpt>
      <trkpt lat="29.54824" lon="-97.21977">
        <ele>116.5</ele>
      </trkpt>
      <trkpt lat="29.54818" lon="-97.219759">
        <ele>116.4</ele>
      </trkpt>
      <trkpt lat="29.54808" lon="-97.21979">
        <ele>116.3</ele>
      </trkpt>
      <trkpt lat="29.54797" lon="-97.21982">
        <ele>116.3</ele>
      </trkpt>
      <trkpt lat="29.54791" lon="-97.21986">
        <ele>116.3</ele>
      </trkpt>
      <trkpt lat="29.54776" lon="-97.21996">
        <ele>116.2</ele>
      </trkpt>
      <trkpt lat="29.54774" lon="-97.21997">
        <ele>116.3</ele>
      </trkpt>
      <trkpt lat="29.5477" lon="-97.22002">
        <ele>116.2</ele>
      </trkpt>
      <trkpt lat="29.54763" lon="-97.22009">
        <ele>116.2</ele>
      </trkpt>
      <trkpt lat="29.54753" lon="-97.22016">
        <ele>116.3</ele>
      </trkpt>
      <trkpt lat="29.54738" lon="-97.22032">
        <ele>116.2</ele>
      </trkpt>
      <trkpt lat="29.54733" lon="-97.2204">
        <ele>116.0</ele>
      </trkpt>
      <trkpt lat="29.54687" lon="-97.22097">
        <ele>116.4</ele>
      </trkpt>
      <trkpt lat="29.54664" lon="-97.22127">
        <ele>116.9</ele>
      </trkpt>
      <trkpt lat="29.54647" lon="-97.22148">
        <ele>117.3</ele>
      </trkpt>
      <trkpt lat="29.54638" lon="-97.22159">
        <ele>117.5</ele>
      </trkpt>
      <trkpt lat="29.54615" lon="-97.22191">
        <ele>118.1</ele>
      </trkpt>
      <trkpt lat="29.5461" lon="-97.22201">
        <ele>118.3</ele>
      </trkpt>
      <trkpt lat="29.54604" lon="-97.22207">
        <ele>118.5</ele>
      </trkpt>
      <trkpt lat="29.54601" lon="-97.22211">
        <ele>118.5</ele>
      </trkpt>
      <trkpt lat="29.54571" lon="-97.22253">
        <ele>119.3</ele>
      </trkpt>
      <trkpt lat="29.5455" lon="-97.22278">
        <ele>119.4</ele>
      </trkpt>
      <trkpt lat="29.54533" lon="-97.22298">
        <ele>119.4</ele>
      </trkpt>
      <trkpt lat="29.54508" lon="-97.22328">
        <ele>118.5</ele>
      </trkpt>
      <trkpt lat="29.54485" lon="-97.22356">
        <ele>116.0</ele>
      </trkpt>
      <trkpt lat="29.54484" lon="-97.22357">
        <ele>116.0</ele>
      </trkpt>
      <trkpt lat="29.54448" lon="-97.22404">
        <ele>113.0</ele>
      </trkpt>
      <trkpt lat="29.54428" lon="-97.22434">
        <ele>112.0</ele>
      </trkpt>
      <trkpt lat="29.54392" lon="-97.22486">
        <ele>109.9</ele>
      </trkpt>
      <trkpt lat="29.54368" lon="-97.225219">
        <ele>109.3</ele>
      </trkpt>
      <trkpt lat="29.54362" lon="-97.22529">
        <ele>109.2</ele>
      </trkpt>
      <trkpt lat="29.54346" lon="-97.22548">
        <ele>108.8</ele>
      </trkpt>
      <trkpt lat="29.54341" lon="-97.22555">
        <ele>108.6</ele>
      </trkpt>
      <trkpt lat="29.54334" lon="-97.22563">
        <ele>108.3</ele>
      </trkpt>
      <trkpt lat="29.54317" lon="-97.22583">
        <ele>109.0</ele>
      </trkpt>
      <trkpt lat="29.54308" lon="-97.22592">
        <ele>109.8</ele>
      </trkpt>
      <trkpt lat="29.54308" lon="-97.22593">
        <ele>109.8</ele>
      </trkpt>
      <trkpt lat="29.54256" lon="-97.22608">
        <ele>111.0</ele>
      </trkpt>
      <trkpt lat="29.54253" lon="-97.22608">
        <ele>111.2</ele>
      </trkpt>
      <trkpt lat="29.54239" lon="-97.22613">
        <ele>112.0</ele>
      </trkpt>
      <trkpt lat="29.54232" lon="-97.22615">
        <ele>112.3</ele>
      </trkpt>
      <trkpt lat="29.54221" lon="-97.22617">
        <ele>112.5</ele>
      </trkpt>
      <trkpt lat="29.54196" lon="-97.2262">
        <ele>112.8</ele>
      </trkpt>
      <trkpt lat="29.54185" lon="-97.2262">
        <ele>112.8</ele>
      </trkpt>
      <trkpt lat="29.54131" lon="-97.22618">
        <ele>113.6</ele>
      </trkpt>
      <trkpt lat="29.54113" lon="-97.22617">
        <ele>113.5</ele>
      </trkpt>
      <trkpt lat="29.54097" lon="-97.22617">
        <ele>113.3</ele>
      </trkpt>
      <trkpt lat="29.54041" lon="-97.22618">
        <ele>115.6</ele>
      </trkpt>
      <trkpt lat="29.54001" lon="-97.22619">
        <ele>116.0</ele>
      </trkpt>
      <trkpt lat="29.53985" lon="-97.2262">
        <ele>117.8</ele>
      </trkpt>
      <trkpt lat="29.53934" lon="-97.22621">
        <ele>121.6</ele>
      </trkpt>
      <trkpt lat="29.53861" lon="-97.22622">
        <ele>125.0</ele>
      </trkpt>
      <trkpt lat="29.53826" lon="-97.22621">
        <ele>126.9</ele>
      </trkpt>
      <trkpt lat="29.5379" lon="-97.2262">
        <ele>127.5</ele>
      </trkpt>
      <trkpt lat="29.53736" lon="-97.22619">
        <ele>126.6</ele>
      </trkpt>
      <trkpt lat="29.53736" lon="-97.22619">
        <ele>126.6</ele>
      </trkpt>
      <trkpt lat="29.53737" lon="-97.22636">
        <ele>125.5</ele>
      </trkpt>
      <trkpt lat="29.53737" lon="-97.22661">
        <ele>124.6</ele>
      </trkpt>
      <trkpt lat="29.53735" lon="-97.22764">
        <ele>118.9</ele>
      </trkpt>
      <trkpt lat="29.53734" lon="-97.22777">
        <ele>118.6</ele>
      </trkpt>
      <trkpt lat="29.53733" lon="-97.22785">
        <ele>118.5</ele>
      </trkpt>
      <trkpt lat="29.53731" lon="-97.22805">
        <ele>118.0</ele>
      </trkpt>
      <trkpt lat="29.53728" lon="-97.22826">
        <ele>117.0</ele>
      </trkpt>
      <trkpt lat="29.53725" lon="-97.22846">
        <ele>116.1</ele>
      </trkpt>
      <trkpt lat="29.53722" lon="-97.22869">
        <ele>115.7</ele>
      </trkpt>
      <trkpt lat="29.53714" lon="-97.229">
        <ele>115.2</ele>
      </trkpt>
      <trkpt lat="29.53713" lon="-97.22904">
        <ele>115.1</ele>
      </trkpt>
      <trkpt lat="29.53712" lon="-97.22906">
        <ele>115.1</ele>
      </trkpt>
      <trkpt lat="29.53702" lon="-97.22937">
        <ele>114.5</ele>
      </trkpt>
      <trkpt lat="29.53687" lon="-97.22966">
        <ele>113.9</ele>
      </trkpt>
      <trkpt lat="29.53685" lon="-97.22968">
        <ele>113.8</ele>
      </trkpt>
      <trkpt lat="29.53633" lon="-97.22974">
        <ele>113.2</ele>
      </trkpt>
      <trkpt lat="29.53584" lon="-97.22971">
        <ele>112.1</ele>
      </trkpt>
      <trkpt lat="29.53569" lon="-97.2297">
        <ele>111.4</ele>
      </trkpt>
      <trkpt lat="29.53548" lon="-97.22969">
        <ele>110.3</ele>
      </trkpt>
      <trkpt lat="29.53537" lon="-97.2297">
        <ele>110.1</ele>
      </trkpt>
      <trkpt lat="29.5353" lon="-97.2297">
        <ele>110.1</ele>
      </trkpt>
      <trkpt lat="29.53515" lon="-97.22968">
        <ele>111.0</ele>
      </trkpt>
      <trkpt lat="29.53513" lon="-97.22968">
        <ele>111.2</ele>
      </trkpt>
      <trkpt lat="29.53498" lon="-97.22966">
        <ele>112.4</ele>
      </trkpt>
      <trkpt lat="29.53482" lon="-97.22966">
        <ele>113.4</ele>
      </trkpt>
      <trkpt lat="29.53463" lon="-97.22962">
        <ele>114.0</ele>
      </trkpt>
      <trkpt lat="29.53459" lon="-97.22962">
        <ele>114.1</ele>
      </trkpt>
      <trkpt lat="29.53423" lon="-97.22962">
        <ele>114.2</ele>
      </trkpt>
      <trkpt lat="29.53406" lon="-97.22962">
        <ele>114.1</ele>
      </trkpt>
      <trkpt lat="29.53387" lon="-97.22961">
        <ele>113.7</ele>
      </trkpt>
      <trkpt lat="29.53331" lon="-97.22959">
        <ele>112.0</ele>
      </trkpt>
      <trkpt lat="29.53327" lon="-97.22959">
        <ele>111.9</ele>
      </trkpt>
      <trkpt lat="29.53322" lon="-97.22958">
        <ele>111.9</ele>
      </trkpt>
      <trkpt lat="29.53315" lon="-97.22958">
        <ele>111.7</ele>
      </trkpt>
      <trkpt lat="29.53279" lon="-97.22955">
        <ele>111.0</ele>
      </trkpt>
      <trkpt lat="29.53264" lon="-97.22954">
        <ele>110.5</ele>
      </trkpt>
      <trkpt lat="29.53261" lon="-97.22954">
        <ele>110.4</ele>
      </trkpt>
      <trkpt lat="29.53226" lon="-97.2295">
        <ele>110.5</ele>
      </trkpt>
      <trkpt lat="29.53209" lon="-97.22948">
        <ele>111.4</ele>
      </trkpt>
      <trkpt lat="29.5319" lon="-97.22949">
        <ele>111.9</ele>
      </trkpt>
      <trkpt lat="29.53175" lon="-97.2295">
        <ele>112.0</ele>
      </trkpt>
      <trkpt lat="29.53172" lon="-97.2295">
        <ele>112.0</ele>
      </trkpt>
      <trkpt lat="29.53136" lon="-97.22947">
        <ele>112.4</ele>
      </trkpt>
      <trkpt lat="29.53131" lon="-97.22946">
        <ele>112.7</ele>
      </trkpt>
      <trkpt lat="29.53118" lon="-97.22943">
        <ele>113.2</ele>
      </trkpt>
      <trkpt lat="29.53083" lon="-97.22933">
        <ele>113.8</ele>
      </trkpt>
      <trkpt lat="29.53068" lon="-97.22929">
        <ele>114.3</ele>
      </trkpt>
      <trkpt lat="29.53047" lon="-97.22926">
        <ele>114.8</ele>
      </trkpt>
      <trkpt lat="29.53016" lon="-97.22932">
        <ele>115.1</ele>
      </trkpt>
      <trkpt lat="29.53012" lon="-97.22933">
        <ele>115.1</ele>
      </trkpt>
      <trkpt lat="29.52989" lon="-97.22941">
        <ele>115.0</ele>
      </trkpt>
      <trkpt lat="29.52978" lon="-97.22945">
        <ele>114.9</ele>
      </trkpt>
      <trkpt lat="29.52966" lon="-97.2295">
        <ele>114.8</ele>
      </trkpt>
      <trkpt lat="29.52958" lon="-97.22957">
        <ele>114.5</ele>
      </trkpt>
      <trkpt lat="29.52947" lon="-97.2296">
        <ele>114.3</ele>
      </trkpt>
      <trkpt lat="29.52933" lon="-97.22966">
        <ele>113.6</ele>
      </trkpt>
      <trkpt lat="29.52923" lon="-97.22976">
        <ele>113.5</ele>
      </trkpt>
      <trkpt lat="29.52915" lon="-97.22982">
        <ele>113.9</ele>
      </trkpt>
      <trkpt lat="29.529" lon="-97.22994">
        <ele>114.8</ele>
      </trkpt>
      <trkpt lat="29.52891" lon="-97.23002">
        <ele>115.3</ele>
      </trkpt>
      <trkpt lat="29.52886" lon="-97.23006">
        <ele>115.5</ele>
      </trkpt>
      <trkpt lat="29.52856" lon="-97.23032">
        <ele>116.7</ele>
      </trkpt>
      <trkpt lat="29.52826" lon="-97.23052">
        <ele>117.7</ele>
      </trkpt>
      <trkpt lat="29.52807" lon="-97.23065">
        <ele>118.4</ele>
      </trkpt>
      <trkpt lat="29.52798" lon="-97.23072">
        <ele>118.7</ele>
      </trkpt>
      <trkpt lat="29.52793" lon="-97.23078">
        <ele>118.9</ele>
      </trkpt>
      <trkpt lat="29.52788" lon="-97.23087">
        <ele>119.2</ele>
      </trkpt>
      <trkpt lat="29.52783" lon="-97.23097">
        <ele>119.6</ele>
      </trkpt>
      <trkpt lat="29.52778" lon="-97.23109">
        <ele>120.0</ele>
      </trkpt>
      <trkpt lat="29.52777" lon="-97.23125">
        <ele>120.4</ele>
      </trkpt>
      <trkpt lat="29.52777" lon="-97.23131">
        <ele>120.5</ele>
      </trkpt>
      <trkpt lat="29.52777" lon="-97.23158">
        <ele>121.0</ele>
      </trkpt>
      <trkpt lat="29.52777" lon="-97.23172">
        <ele>121.1</ele>
      </trkpt>
      <trkpt lat="29.52777" lon="-97.23217">
        <ele>121.2</ele>
      </trkpt>
      <trkpt lat="29.52775" lon="-97.23264">
        <ele>120.5</ele>
      </trkpt>
      <trkpt lat="29.52773" lon="-97.23353">
        <ele>120.3</ele>
      </trkpt>
      <trkpt lat="29.52773" lon="-97.23358">
        <ele>120.4</ele>
      </trkpt>
      <trkpt lat="29.52772" lon="-97.23378">
        <ele>120.6</ele>
      </trkpt>
      <trkpt lat="29.5277" lon="-97.23434">
        <ele>121.0</ele>
      </trkpt>
      <trkpt lat="29.52771" lon="-97.23482">
        <ele>120.5</ele>
      </trkpt>
      <trkpt lat="29.52771" lon="-97.23508">
        <ele>120.0</ele>
      </trkpt>
      <trkpt lat="29.52771" lon="-97.23523">
        <ele>119.9</ele>
      </trkpt>
      <trkpt lat="29.52771" lon="-97.23544">
        <ele>120.6</ele>
      </trkpt>
      <trkpt lat="29.52771" lon="-97.23548">
        <ele>120.9</ele>
      </trkpt>
      <trkpt lat="29.52768" lon="-97.23585">
        <ele>122.6</ele>
      </trkpt>
      <trkpt lat="29.52767" lon="-97.23606">
        <ele>123.1</ele>
      </trkpt>
      <trkpt lat="29.52764" lon="-97.23615">
        <ele>123.3</ele>
      </trkpt>
      <trkpt lat="29.52762" lon="-97.23625">
        <ele>123.6</ele>
      </trkpt>
      <trkpt lat="29.52761" lon="-97.23631">
        <ele>123.8</ele>
      </trkpt>
      <trkpt lat="29.52755" lon="-97.23641">
        <ele>124.1</ele>
      </trkpt>
      <trkpt lat="29.52746" lon="-97.2365">
        <ele>124.4</ele>
      </trkpt>
      <trkpt lat="29.5273" lon="-97.23656">
        <ele>124.6</ele>
      </trkpt>
      <trkpt lat="29.52721" lon="-97.23659">
        <ele>124.7</ele>
      </trkpt>
      <trkpt lat="29.5271" lon="-97.23663">
        <ele>124.9</ele>
      </trkpt>
      <trkpt lat="29.52678" lon="-97.23673">
        <ele>126.2</ele>
      </trkpt>
      <trkpt lat="29.52647" lon="-97.23686">
        <ele>127.3</ele>
      </trkpt>
      <trkpt lat="29.52641" lon="-97.23688">
        <ele>127.5</ele>
      </trkpt>
      <trkpt lat="29.52634" lon="-97.23691">
        <ele>127.9</ele>
      </trkpt>
      <trkpt lat="29.52615" lon="-97.237">
        <ele>128.6</ele>
      </trkpt>
      <trkpt lat="29.52573" lon="-97.23717">
        <ele>129.4</ele>
      </trkpt>
      <trkpt lat="29.52562" lon="-97.23721">
        <ele>129.5</ele>
      </trkpt>
      <trkpt lat="29.52556" lon="-97.23724">
        <ele>129.5</ele>
      </trkpt>
      <trkpt lat="29.5255" lon="-97.23726">
        <ele>129.6</ele>
      </trkpt>
      <trkpt lat="29.52508" lon="-97.2374">
        <ele>129.8</ele>
      </trkpt>
      <trkpt lat="29.5249" lon="-97.23746">
        <ele>129.8</ele>
      </trkpt>
      <trkpt lat="29.52482" lon="-97.23749">
        <ele>129.8</ele>
      </trkpt>
      <trkpt lat="29.5247" lon="-97.23752">
        <ele>129.8</ele>
      </trkpt>
      <trkpt lat="29.52446" lon="-97.23757">
        <ele>130.1</ele>
      </trkpt>
      <trkpt lat="29.52417" lon="-97.23764">
        <ele>130.7</ele>
      </trkpt>
      <trkpt lat="29.52393" lon="-97.23771">
        <ele>131.3</ele>
      </trkpt>
      <trkpt lat="29.52392" lon="-97.23771">
        <ele>131.3</ele>
      </trkpt>
      <trkpt lat="29.52346" lon="-97.23778">
        <ele>132.2</ele>
      </trkpt>
      <trkpt lat="29.52334" lon="-97.23783">
        <ele>132.4</ele>
      </trkpt>
      <trkpt lat="29.52308" lon="-97.2379">
        <ele>132.8</ele>
      </trkpt>
      <trkpt lat="29.52286" lon="-97.23796">
        <ele>133.0</ele>
      </trkpt>
      <trkpt lat="29.52269" lon="-97.23801">
        <ele>133.0</ele>
      </trkpt>
      <trkpt lat="29.52201" lon="-97.2382">
        <ele>132.9</ele>
      </trkpt>
      <trkpt lat="29.52176" lon="-97.23828">
        <ele>132.7</ele>
      </trkpt>
      <trkpt lat="29.52164" lon="-97.23833">
        <ele>132.5</ele>
      </trkpt>
      <trkpt lat="29.52148" lon="-97.23841">
        <ele>132.3</ele>
      </trkpt>
      <trkpt lat="29.52142" lon="-97.23844">
        <ele>132.2</ele>
      </trkpt>
      <trkpt lat="29.52132" lon="-97.2385">
        <ele>132.1</ele>
      </trkpt>
      <trkpt lat="29.52116" lon="-97.23861">
        <ele>132.3</ele>
      </trkpt>
      <trkpt lat="29.52113" lon="-97.23863">
        <ele>132.5</ele>
      </trkpt>
      <trkpt lat="29.52104" lon="-97.23871">
        <ele>132.8</ele>
      </trkpt>
      <trkpt lat="29.52102" lon="-97.23873">
        <ele>132.9</ele>
      </trkpt>
      <trkpt lat="29.52097" lon="-97.23878">
        <ele>133.1</ele>
      </trkpt>
      <trkpt lat="29.5209" lon="-97.23886">
        <ele>133.5</ele>
      </trkpt>
      <trkpt lat="29.52089" lon="-97.23887">
        <ele>133.5</ele>
      </trkpt>
      <trkpt lat="29.52083" lon="-97.23894">
        <ele>133.8</ele>
      </trkpt>
      <trkpt lat="29.52078" lon="-97.23903">
        <ele>134.0</ele>
      </trkpt>
      <trkpt lat="29.52077" lon="-97.23903">
        <ele>134.0</ele>
      </trkpt>
      <trkpt lat="29.52068" lon="-97.2392">
        <ele>134.9</ele>
      </trkpt>
      <trkpt lat="29.52065" lon="-97.23928">
        <ele>135.3</ele>
      </trkpt>
      <trkpt lat="29.52061" lon="-97.23936">
        <ele>135.9</ele>
      </trkpt>
      <trkpt lat="29.5206" lon="-97.23939">
        <ele>136.1</ele>
      </trkpt>
      <trkpt lat="29.52051" lon="-97.23957">
        <ele>136.6</ele>
      </trkpt>
      <trkpt lat="29.5204" lon="-97.23982">
        <ele>136.9</ele>
      </trkpt>
      <trkpt lat="29.52035" lon="-97.23994">
        <ele>137.1</ele>
      </trkpt>
      <trkpt lat="29.52033" lon="-97.23996">
        <ele>137.2</ele>
      </trkpt>
      <trkpt lat="29.52021" lon="-97.24024">
        <ele>138.9</ele>
      </trkpt>
      <trkpt lat="29.52018" lon="-97.24031">
        <ele>139.1</ele>
      </trkpt>
      <trkpt lat="29.52015" lon="-97.24038">
        <ele>139.2</ele>
      </trkpt>
      <trkpt lat="29.5196" lon="-97.24155">
        <ele>138.6</ele>
      </trkpt>
      <trkpt lat="29.5195" lon="-97.24176">
        <ele>138.6</ele>
      </trkpt>
      <trkpt lat="29.51945" lon="-97.24189">
        <ele>138.5</ele>
      </trkpt>
      <trkpt lat="29.51937" lon="-97.24211">
        <ele>138.4</ele>
      </trkpt>
      <trkpt lat="29.51936" lon="-97.24214">
        <ele>138.4</ele>
      </trkpt>
      <trkpt lat="29.51928" lon="-97.2424">
        <ele>138.1</ele>
      </trkpt>
      <trkpt lat="29.51918" lon="-97.2428">
        <ele>137.3</ele>
      </trkpt>
      <trkpt lat="29.51914" lon="-97.24294">
        <ele>137.1</ele>
      </trkpt>
      <trkpt lat="29.51907" lon="-97.24312">
        <ele>136.8</ele>
      </trkpt>
      <trkpt lat="29.51907" lon="-97.24313">
        <ele>136.8</ele>
      </trkpt>
      <trkpt lat="29.51899" lon="-97.24329">
        <ele>136.5</ele>
      </trkpt>
      <trkpt lat="29.51898" lon="-97.2433">
        <ele>136.5</ele>
      </trkpt>
      <trkpt lat="29.51889" lon="-97.24345">
        <ele>136.2</ele>
      </trkpt>
      <trkpt lat="29.51886" lon="-97.24349">
        <ele>136.1</ele>
      </trkpt>
      <trkpt lat="29.51882" lon="-97.24354">
        <ele>136.0</ele>
      </trkpt>
      <trkpt lat="29.51872" lon="-97.24366">
        <ele>135.8</ele>
      </trkpt>
      <trkpt lat="29.51858" lon="-97.2438">
        <ele>135.5</ele>
      </trkpt>
      <trkpt lat="29.51841" lon="-97.24393">
        <ele>135.2</ele>
      </trkpt>
      <trkpt lat="29.51832" lon="-97.24398">
        <ele>135.0</ele>
      </trkpt>
      <trkpt lat="29.51823" lon="-97.24404">
        <ele>134.7</ele>
      </trkpt>
      <trkpt lat="29.51814" lon="-97.24409">
        <ele>134.3</ele>
      </trkpt>
      <trkpt lat="29.51805" lon="-97.24413">
        <ele>134.0</ele>
      </trkpt>
      <trkpt lat="29.51799" lon="-97.24415">
        <ele>133.9</ele>
      </trkpt>
      <trkpt lat="29.51782" lon="-97.24422">
        <ele>133.7</ele>
      </trkpt>
      <trkpt lat="29.51777" lon="-97.24424">
        <ele>133.6</ele>
      </trkpt>
      <trkpt lat="29.51765" lon="-97.24428">
        <ele>133.4</ele>
      </trkpt>
      <trkpt lat="29.51743" lon="-97.24435">
        <ele>132.6</ele>
      </trkpt>
      <trkpt lat="29.51696" lon="-97.24452">
        <ele>130.7</ele>
      </trkpt>
      <trkpt lat="29.51662" lon="-97.24465">
        <ele>129.6</ele>
      </trkpt>
      <trkpt lat="29.51645" lon="-97.24471">
        <ele>128.9</ele>
      </trkpt>
      <trkpt lat="29.51635" lon="-97.24475">
        <ele>128.5</ele>
      </trkpt>
      <trkpt lat="29.5156" lon="-97.24504">
        <ele>127.6</ele>
      </trkpt>
      <trkpt lat="29.51548" lon="-97.24509">
        <ele>127.5</ele>
      </trkpt>
      <trkpt lat="29.51543" lon="-97.24511">
        <ele>127.4</ele>
      </trkpt>
      <trkpt lat="29.51512" lon="-97.24522">
        <ele>126.9</ele>
      </trkpt>
      <trkpt lat="29.51508" lon="-97.24523">
        <ele>126.8</ele>
      </trkpt>
      <trkpt lat="29.51491" lon="-97.2453">
        <ele>126.3</ele>
      </trkpt>
      <trkpt lat="29.51481" lon="-97.24534">
        <ele>125.8</ele>
      </trkpt>
      <trkpt lat="29.51474" lon="-97.24537">
        <ele>125.3</ele>
      </trkpt>
      <trkpt lat="29.51463" lon="-97.24542">
        <ele>124.7</ele>
      </trkpt>
      <trkpt lat="29.51447" lon="-97.2455">
        <ele>124.4</ele>
      </trkpt>
      <trkpt lat="29.51441" lon="-97.24553">
        <ele>124.2</ele>
      </trkpt>
      <trkpt lat="29.51439" lon="-97.24555">
        <ele>124.0</ele>
      </trkpt>
      <trkpt lat="29.51425" lon="-97.24562">
        <ele>122.9</ele>
      </trkpt>
      <trkpt lat="29.51414" lon="-97.24569">
        <ele>121.8</ele>
      </trkpt>
      <trkpt lat="29.51402" lon="-97.24577">
        <ele>121.2</ele>
      </trkpt>
      <trkpt lat="29.51397" lon="-97.24582">
        <ele>121.3</ele>
      </trkpt>
      <trkpt lat="29.51395" lon="-97.24583">
        <ele>121.5</ele>
      </trkpt>
      <trkpt lat="29.51378" lon="-97.24595">
        <ele>123.2</ele>
      </trkpt>
      <trkpt lat="29.51372" lon="-97.24601">
        <ele>123.8</ele>
      </trkpt>
      <trkpt lat="29.51365" lon="-97.24606">
        <ele>124.4</ele>
      </trkpt>
      <trkpt lat="29.51347" lon="-97.2462">
        <ele>125.2</ele>
      </trkpt>
      <trkpt lat="29.51322" lon="-97.24644">
        <ele>127.7</ele>
      </trkpt>
      <trkpt lat="29.51317" lon="-97.24649">
        <ele>127.8</ele>
      </trkpt>
      <trkpt lat="29.51296" lon="-97.2467">
        <ele>129.7</ele>
      </trkpt>
      <trkpt lat="29.51295" lon="-97.24671">
        <ele>129.9</ele>
      </trkpt>
      <trkpt lat="29.51281" lon="-97.24684">
        <ele>130.8</ele>
      </trkpt>
      <trkpt lat="29.51239" lon="-97.24723">
        <ele>132.6</ele>
      </trkpt>
      <trkpt lat="29.51229" lon="-97.24732">
        <ele>132.7</ele>
      </trkpt>
      <trkpt lat="29.51213" lon="-97.24744">
        <ele>132.6</ele>
      </trkpt>
      <trkpt lat="29.51201" lon="-97.24758">
        <ele>132.6</ele>
      </trkpt>
      <trkpt lat="29.51174" lon="-97.24781">
        <ele>132.4</ele>
      </trkpt>
      <trkpt lat="29.51125" lon="-97.24828">
        <ele>132.0</ele>
      </trkpt>
      <trkpt lat="29.51069" lon="-97.24881">
        <ele>129.8</ele>
      </trkpt>
      <trkpt lat="29.51055" lon="-97.24894">
        <ele>129.1</ele>
      </trkpt>
      <trkpt lat="29.51042" lon="-97.24907">
        <ele>128.4</ele>
      </trkpt>
      <trkpt lat="29.51041" lon="-97.24907">
        <ele>128.4</ele>
      </trkpt>
      <trkpt lat="29.51028" lon="-97.2492">
        <ele>127.8</ele>
      </trkpt>
      <trkpt lat="29.51017" lon="-97.2493">
        <ele>127.4</ele>
      </trkpt>
      <trkpt lat="29.51013" lon="-97.24933">
        <ele>127.0</ele>
      </trkpt>
      <trkpt lat="29.51006" lon="-97.24939">
        <ele>126.2</ele>
      </trkpt>
      <trkpt lat="29.50996" lon="-97.24947">
        <ele>125.0</ele>
      </trkpt>
      <trkpt lat="29.50983" lon="-97.24955">
        <ele>124.5</ele>
      </trkpt>
      <trkpt lat="29.50974" lon="-97.24961">
        <ele>124.2</ele>
      </trkpt>
      <trkpt lat="29.50951" lon="-97.24975">
        <ele>122.2</ele>
      </trkpt>
      <trkpt lat="29.50927" lon="-97.24989">
        <ele>121.6</ele>
      </trkpt>
      <trkpt lat="29.5092" lon="-97.24994">
        <ele>121.0</ele>
      </trkpt>
      <trkpt lat="29.50856" lon="-97.25032">
        <ele>117.7</ele>
      </trkpt>
      <trkpt lat="29.5084" lon="-97.25042">
        <ele>116.3</ele>
      </trkpt>
      <trkpt lat="29.50824" lon="-97.25052">
        <ele>115.7</ele>
      </trkpt>
      <trkpt lat="29.50815" lon="-97.25057">
        <ele>115.1</ele>
      </trkpt>
      <trkpt lat="29.50768" lon="-97.25086">
        <ele>112.4</ele>
      </trkpt>
      <trkpt lat="29.50763" lon="-97.2509">
        <ele>112.3</ele>
      </trkpt>
      <trkpt lat="29.50747" lon="-97.25101">
        <ele>111.5</ele>
      </trkpt>
      <trkpt lat="29.50718" lon="-97.25123">
        <ele>109.7</ele>
      </trkpt>
      <trkpt lat="29.50718" lon="-97.25124">
        <ele>109.7</ele>
      </trkpt>
      <trkpt lat="29.50716" lon="-97.25126">
        <ele>109.6</ele>
      </trkpt>
      <trkpt lat="29.50705" lon="-97.25136">
        <ele>108.6</ele>
      </trkpt>
      <trkpt lat="29.50704" lon="-97.25137">
        <ele>108.5</ele>
      </trkpt>
      <trkpt lat="29.50689" lon="-97.25154">
        <ele>106.4</ele>
      </trkpt>
      <trkpt lat="29.50685" lon="-97.25158">
        <ele>106.4</ele>
      </trkpt>
      <trkpt lat="29.50673" lon="-97.2517">
        <ele>107.7</ele>
      </trkpt>
      <trkpt lat="29.50669" lon="-97.25178">
        <ele>108.2</ele>
      </trkpt>
      <trkpt lat="29.50664" lon="-97.25187">
        <ele>108.6</ele>
      </trkpt>
      <trkpt lat="29.50664" lon="-97.2519">
        <ele>108.6</ele>
      </trkpt>
      <trkpt lat="29.50657" lon="-97.25209">
        <ele>109.4</ele>
      </trkpt>
      <trkpt lat="29.50652" lon="-97.25226">
        <ele>110.4</ele>
      </trkpt>
      <trkpt lat="29.50639" lon="-97.25267">
        <ele>112.9</ele>
      </trkpt>
      <trkpt lat="29.50637" lon="-97.25273">
        <ele>113.0</ele>
      </trkpt>
      <trkpt lat="29.50632" lon="-97.25286">
        <ele>113.5</ele>
      </trkpt>
      <trkpt lat="29.50626" lon="-97.25302">
        <ele>113.8</ele>
      </trkpt>
      <trkpt lat="29.50625" lon="-97.25305">
        <ele>113.8</ele>
      </trkpt>
      <trkpt lat="29.50618" lon="-97.25324">
        <ele>114.3</ele>
      </trkpt>
      <trkpt lat="29.50596" lon="-97.25381">
        <ele>116.7</ele>
      </trkpt>
      <trkpt lat="29.50592" lon="-97.25392">
        <ele>117.1</ele>
      </trkpt>
      <trkpt lat="29.50577" lon="-97.2543">
        <ele>117.9</ele>
      </trkpt>
      <trkpt lat="29.5057" lon="-97.25449">
        <ele>118.0</ele>
      </trkpt>
      <trkpt lat="29.50569" lon="-97.2545">
        <ele>118.1</ele>
      </trkpt>
      <trkpt lat="29.50563" lon="-97.25468">
        <ele>118.2</ele>
      </trkpt>
      <trkpt lat="29.50556" lon="-97.25486">
        <ele>118.9</ele>
      </trkpt>
      <trkpt lat="29.50549" lon="-97.25503">
        <ele>119.7</ele>
      </trkpt>
      <trkpt lat="29.50548" lon="-97.25505">
        <ele>119.8</ele>
      </trkpt>
      <trkpt lat="29.50541" lon="-97.25524">
        <ele>120.2</ele>
      </trkpt>
      <trkpt lat="29.50533" lon="-97.25543">
        <ele>120.3</ele>
      </trkpt>
      <trkpt lat="29.50526" lon="-97.25562">
        <ele>120.0</ele>
      </trkpt>
      <trkpt lat="29.50514" lon="-97.25592">
        <ele>118.9</ele>
      </trkpt>
      <trkpt lat="29.50511" lon="-97.25599">
        <ele>118.5</ele>
      </trkpt>
      <trkpt lat="29.50479" lon="-97.25683">
        <ele>115.0</ele>
      </trkpt>
      <trkpt lat="29.50466" lon="-97.25713">
        <ele>113.5</ele>
      </trkpt>
      <trkpt lat="29.50456" lon="-97.2573">
        <ele>112.5</ele>
      </trkpt>
      <trkpt lat="29.50455" lon="-97.25732">
        <ele>112.4</ele>
      </trkpt>
      <trkpt lat="29.50444" lon="-97.25744">
        <ele>112.0</ele>
      </trkpt>
      <trkpt lat="29.50443" lon="-97.25745">
        <ele>111.9</ele>
      </trkpt>
      <trkpt lat="29.50427" lon="-97.25756">
        <ele>111.5</ele>
      </trkpt>
      <trkpt lat="29.50407" lon="-97.25769">
        <ele>110.9</ele>
      </trkpt>
      <trkpt lat="29.50387" lon="-97.25781">
        <ele>110.5</ele>
      </trkpt>
      <trkpt lat="29.50365" lon="-97.25795">
        <ele>110.4</ele>
      </trkpt>
      <trkpt lat="29.5035" lon="-97.25805">
        <ele>110.1</ele>
      </trkpt>
      <trkpt lat="29.50323" lon="-97.25822">
        <ele>109.0</ele>
      </trkpt>
      <trkpt lat="29.50297" lon="-97.25841">
        <ele>108.2</ele>
      </trkpt>
      <trkpt lat="29.50275" lon="-97.25861">
        <ele>107.5</ele>
      </trkpt>
      <trkpt lat="29.50261" lon="-97.25874">
        <ele>107.2</ele>
      </trkpt>
      <trkpt lat="29.50248" lon="-97.25886">
        <ele>106.9</ele>
      </trkpt>
      <trkpt lat="29.50234" lon="-97.25902">
        <ele>106.3</ele>
      </trkpt>
      <trkpt lat="29.50234" lon="-97.25902">
        <ele>106.3</ele>
      </trkpt>
      <trkpt lat="29.50276" lon="-97.25944">
        <ele>103.6</ele>
      </trkpt>
      <trkpt lat="29.503" lon="-97.25967">
        <ele>102.2</ele>
      </trkpt>
      <trkpt lat="29.50302" lon="-97.25969">
        <ele>102.1</ele>
      </trkpt>
      <trkpt lat="29.50324" lon="-97.2599">
        <ele>101.1</ele>
      </trkpt>
      <trkpt lat="29.5033" lon="-97.25995">
        <ele>100.8</ele>
      </trkpt>
      <trkpt lat="29.50339" lon="-97.26004">
        <ele>100.0</ele>
      </trkpt>
      <trkpt lat="29.50344" lon="-97.26008">
        <ele>99.9</ele>
      </trkpt>
      <trkpt lat="29.50358" lon="-97.26021">
        <ele>100.8</ele>
      </trkpt>
      <trkpt lat="29.50364" lon="-97.26027">
        <ele>101.0</ele>
      </trkpt>
      <trkpt lat="29.50371" lon="-97.26035">
        <ele>101.3</ele>
      </trkpt>
      <trkpt lat="29.50383" lon="-97.26046">
        <ele>101.7</ele>
      </trkpt>
      <trkpt lat="29.50416" lon="-97.26075">
        <ele>102.4</ele>
      </trkpt>
      <trkpt lat="29.50428" lon="-97.26086">
        <ele>102.6</ele>
      </trkpt>
      <trkpt lat="29.5043" lon="-97.26089">
        <ele>102.7</ele>
      </trkpt>
      <trkpt lat="29.50441" lon="-97.26099">
        <ele>102.9</ele>
      </trkpt>
      <trkpt lat="29.50444" lon="-97.26101">
        <ele>102.9</ele>
      </trkpt>
      <trkpt lat="29.50449" lon="-97.26109">
        <ele>103.1</ele>
      </trkpt>
      <trkpt lat="29.50453" lon="-97.26115">
        <ele>103.2</ele>
      </trkpt>
      <trkpt lat="29.50453" lon="-97.26116">
        <ele>103.2</ele>
      </trkpt>
      <trkpt lat="29.50457" lon="-97.26124">
        <ele>103.4</ele>
      </trkpt>
      <trkpt lat="29.5046" lon="-97.26134">
        <ele>103.5</ele>
      </trkpt>
      <trkpt lat="29.50462" lon="-97.26139">
        <ele>103.6</ele>
      </trkpt>
      <trkpt lat="29.50466" lon="-97.26159">
        <ele>104.2</ele>
      </trkpt>
      <trkpt lat="29.50468" lon="-97.26174">
        <ele>105.4</ele>
      </trkpt>
      <trkpt lat="29.50469" lon="-97.26182">
        <ele>105.9</ele>
      </trkpt>
      <trkpt lat="29.50471" lon="-97.26195">
        <ele>106.5</ele>
      </trkpt>
      <trkpt lat="29.50474" lon="-97.26213">
        <ele>106.8</ele>
      </trkpt>
      <trkpt lat="29.50478" lon="-97.26241">
        <ele>108.1</ele>
      </trkpt>
      <trkpt lat="29.50484" lon="-97.26275">
        <ele>108.8</ele>
      </trkpt>
      <trkpt lat="29.50488" lon="-97.26305">
        <ele>108.9</ele>
      </trkpt>
      <trkpt lat="29.5049" lon="-97.26317">
        <ele>108.8</ele>
      </trkpt>
      <trkpt lat="29.5049" lon="-97.26318">
        <ele>108.8</ele>
      </trkpt>
      <trkpt lat="29.50498" lon="-97.26378">
        <ele>108.3</ele>
      </trkpt>
      <trkpt lat="29.50498" lon="-97.26387">
        <ele>108.3</ele>
      </trkpt>
      <trkpt lat="29.50497" lon="-97.26397">
        <ele>108.2</ele>
      </trkpt>
      <trkpt lat="29.50496" lon="-97.264">
        <ele>108.2</ele>
      </trkpt>
      <trkpt lat="29.50494" lon="-97.26406">
        <ele>108.2</ele>
      </trkpt>
      <trkpt lat="29.50492" lon="-97.26418">
        <ele>108.2</ele>
      </trkpt>
      <trkpt lat="29.50484" lon="-97.26433">
        <ele>108.2</ele>
      </trkpt>
      <trkpt lat="29.50473" lon="-97.26448">
        <ele>108.3</ele>
      </trkpt>
      <trkpt lat="29.50443" lon="-97.2649">
        <ele>108.3</ele>
      </trkpt>
      <trkpt lat="29.50442" lon="-97.2649">
        <ele>108.3</ele>
      </trkpt>
      <trkpt lat="29.50419" lon="-97.2652">
        <ele>108.1</ele>
      </trkpt>
      <trkpt lat="29.50419" lon="-97.26521">
        <ele>108.1</ele>
      </trkpt>
      <trkpt lat="29.50416" lon="-97.26526">
        <ele>108.0</ele>
      </trkpt>
      <trkpt lat="29.50414" lon="-97.2653">
        <ele>108.0</ele>
      </trkpt>
      <trkpt lat="29.50413" lon="-97.26533">
        <ele>107.9</ele>
      </trkpt>
      <trkpt lat="29.5041" lon="-97.2654">
        <ele>107.8</ele>
      </trkpt>
      <trkpt lat="29.50409" lon="-97.26547">
        <ele>107.8</ele>
      </trkpt>
      <trkpt lat="29.50409" lon="-97.26554">
        <ele>107.7</ele>
      </trkpt>
      <trkpt lat="29.50409" lon="-97.2656">
        <ele>107.7</ele>
      </trkpt>
      <trkpt lat="29.50409" lon="-97.26561">
        <ele>107.6</ele>
      </trkpt>
      <trkpt lat="29.50412" lon="-97.26577">
        <ele>107.4</ele>
      </trkpt>
      <trkpt lat="29.50423" lon="-97.26617">
        <ele>106.8</ele>
      </trkpt>
      <trkpt lat="29.50423" lon="-97.2662">
        <ele>106.7</ele>
      </trkpt>
      <trkpt lat="29.50432" lon="-97.26653">
        <ele>105.9</ele>
      </trkpt>
      <trkpt lat="29.50449" lon="-97.26713">
        <ele>103.6</ele>
      </trkpt>
      <trkpt lat="29.50451" lon="-97.26718">
        <ele>103.6</ele>
      </trkpt>
      <trkpt lat="29.50467" lon="-97.26777">
        <ele>102.2</ele>
      </trkpt>
      <trkpt lat="29.50477" lon="-97.26817">
        <ele>101.5</ele>
      </trkpt>
      <trkpt lat="29.50483" lon="-97.26837">
        <ele>101.2</ele>
      </trkpt>
      <trkpt lat="29.50507" lon="-97.26929">
        <ele>99.9</ele>
      </trkpt>
      <trkpt lat="29.50514" lon="-97.26955">
        <ele>99.5</ele>
      </trkpt>
      <trkpt lat="29.50523" lon="-97.26991">
        <ele>98.9</ele>
      </trkpt>
      <trkpt lat="29.50524" lon="-97.26995">
        <ele>98.8</ele>
      </trkpt>
      <trkpt lat="29.50529" lon="-97.2701">
        <ele>98.4</ele>
      </trkpt>
      <trkpt lat="29.5054" lon="-97.27057">
        <ele>96.1</ele>
      </trkpt>
      <trkpt lat="29.50553" lon="-97.27101">
        <ele>94.0</ele>
      </trkpt>
      <trkpt lat="29.50561" lon="-97.27126">
        <ele>93.5</ele>
      </trkpt>
      <trkpt lat="29.50563" lon="-97.27132">
        <ele>93.4</ele>
      </trkpt>
      <trkpt lat="29.50576" lon="-97.27176">
        <ele>93.3</ele>
      </trkpt>
      <trkpt lat="29.50577" lon="-97.27178">
        <ele>93.3</ele>
      </trkpt>
      <trkpt lat="29.5058" lon="-97.27189">
        <ele>93.4</ele>
      </trkpt>
      <trkpt lat="29.50581" lon="-97.27199">
        <ele>93.7</ele>
      </trkpt>
      <trkpt lat="29.50582" lon="-97.27204">
        <ele>93.8</ele>
      </trkpt>
      <trkpt lat="29.50583" lon="-97.27217">
        <ele>94.1</ele>
      </trkpt>
      <trkpt lat="29.50581" lon="-97.2726">
        <ele>95.2</ele>
      </trkpt>
      <trkpt lat="29.50579" lon="-97.27289">
        <ele>96.2</ele>
      </trkpt>
      <trkpt lat="29.50576" lon="-97.27322">
        <ele>97.6</ele>
      </trkpt>
      <trkpt lat="29.50568" lon="-97.27425">
        <ele>101.4</ele>
      </trkpt>
      <trkpt lat="29.50568" lon="-97.2743">
        <ele>101.6</ele>
      </trkpt>
      <trkpt lat="29.50567" lon="-97.27446">
        <ele>102.3</ele>
      </trkpt>
      <trkpt lat="29.50561" lon="-97.27561">
        <ele>106.8</ele>
      </trkpt>
      <trkpt lat="29.5056" lon="-97.27576">
        <ele>107.3</ele>
      </trkpt>
      <trkpt lat="29.50559" lon="-97.27597">
        <ele>107.8</ele>
      </trkpt>
      <trkpt lat="29.50558" lon="-97.27618">
        <ele>108.0</ele>
      </trkpt>
      <trkpt lat="29.50556" lon="-97.2765">
        <ele>107.6</ele>
      </trkpt>
      <trkpt lat="29.50556" lon="-97.27659">
        <ele>107.3</ele>
      </trkpt>
      <trkpt lat="29.50554" lon="-97.277">
        <ele>106.3</ele>
      </trkpt>
      <trkpt lat="29.50552" lon="-97.27742">
        <ele>104.8</ele>
      </trkpt>
      <trkpt lat="29.50551" lon="-97.27762">
        <ele>104.0</ele>
      </trkpt>
      <trkpt lat="29.50551" lon="-97.27776">
        <ele>103.5</ele>
      </trkpt>
      <trkpt lat="29.5055" lon="-97.27792">
        <ele>103.1</ele>
      </trkpt>
      <trkpt lat="29.5055" lon="-97.27805">
        <ele>102.8</ele>
      </trkpt>
      <trkpt lat="29.50551" lon="-97.27815">
        <ele>102.6</ele>
      </trkpt>
      <trkpt lat="29.50553" lon="-97.27826">
        <ele>102.3</ele>
      </trkpt>
      <trkpt lat="29.50557" lon="-97.27844">
        <ele>101.6</ele>
      </trkpt>
      <trkpt lat="29.50565" lon="-97.27863">
        <ele>100.9</ele>
      </trkpt>
      <trkpt lat="29.50573" lon="-97.27881">
        <ele>100.2</ele>
      </trkpt>
      <trkpt lat="29.50574" lon="-97.27883">
        <ele>100.1</ele>
      </trkpt>
      <trkpt lat="29.50581" lon="-97.27899">
        <ele>99.4</ele>
      </trkpt>
      <trkpt lat="29.50589" lon="-97.27918">
        <ele>98.6</ele>
      </trkpt>
      <trkpt lat="29.50604" lon="-97.27951">
        <ele>97.8</ele>
      </trkpt>
      <trkpt lat="29.50605" lon="-97.27955">
        <ele>97.7</ele>
      </trkpt>
      <trkpt lat="29.50613" lon="-97.27974">
        <ele>97.6</ele>
      </trkpt>
      <trkpt lat="29.5062" lon="-97.27993">
        <ele>97.3</ele>
      </trkpt>
      <trkpt lat="29.50652" lon="-97.2808">
        <ele>97.3</ele>
      </trkpt>
      <trkpt lat="29.50659" lon="-97.28096">
        <ele>97.2</ele>
      </trkpt>
      <trkpt lat="29.50663" lon="-97.28105">
        <ele>97.1</ele>
      </trkpt>
      <trkpt lat="29.5068" lon="-97.28143">
        <ele>96.2</ele>
      </trkpt>
      <trkpt lat="29.50705" lon="-97.28191">
        <ele>94.9</ele>
      </trkpt>
      <trkpt lat="29.50712" lon="-97.28204">
        <ele>94.4</ele>
      </trkpt>
      <trkpt lat="29.50717" lon="-97.28215">
        <ele>94.1</ele>
      </trkpt>
      <trkpt lat="29.50721" lon="-97.28222">
        <ele>93.9</ele>
      </trkpt>
      <trkpt lat="29.50754" lon="-97.28283">
        <ele>91.7</ele>
      </trkpt>
      <trkpt lat="29.50768" lon="-97.2831">
        <ele>90.8</ele>
      </trkpt>
      <trkpt lat="29.50781" lon="-97.28335">
        <ele>89.9</ele>
      </trkpt>
      <trkpt lat="29.50796" lon="-97.28363">
        <ele>89.1</ele>
      </trkpt>
      <trkpt lat="29.50803" lon="-97.28376">
        <ele>88.7</ele>
      </trkpt>
      <trkpt lat="29.50813" lon="-97.28397">
        <ele>88.1</ele>
      </trkpt>
      <trkpt lat="29.5082" lon="-97.28417">
        <ele>87.3</ele>
      </trkpt>
      <trkpt lat="29.5082" lon="-97.28418">
        <ele>87.3</ele>
      </trkpt>
      <trkpt lat="29.50821" lon="-97.28424">
        <ele>87.1</ele>
      </trkpt>
      <trkpt lat="29.50822" lon="-97.28432">
        <ele>86.9</ele>
      </trkpt>
      <trkpt lat="29.5082" lon="-97.28447">
        <ele>86.6</ele>
      </trkpt>
      <trkpt lat="29.50819" lon="-97.28456">
        <ele>86.5</ele>
      </trkpt>
      <trkpt lat="29.50815" lon="-97.28472">
        <ele>86.5</ele>
      </trkpt>
      <trkpt lat="29.50804" lon="-97.28511">
        <ele>87.8</ele>
      </trkpt>
      <trkpt lat="29.50802" lon="-97.28517">
        <ele>88.0</ele>
      </trkpt>
      <trkpt lat="29.50795" lon="-97.28539">
        <ele>88.5</ele>
      </trkpt>
      <trkpt lat="29.50793" lon="-97.28546">
        <ele>88.5</ele>
      </trkpt>
      <trkpt lat="29.50788" lon="-97.28563">
        <ele>88.6</ele>
      </trkpt>
      <trkpt lat="29.50776" lon="-97.28604">
        <ele>88.4</ele>
      </trkpt>
      <trkpt lat="29.50768" lon="-97.28633">
        <ele>88.2</ele>
      </trkpt>
      <trkpt lat="29.50764" lon="-97.28652">
        <ele>88.1</ele>
      </trkpt>
      <trkpt lat="29.50762" lon="-97.28671">
        <ele>88.0</ele>
      </trkpt>
      <trkpt lat="29.50762" lon="-97.28677">
        <ele>87.9</ele>
      </trkpt>
      <trkpt lat="29.50761" lon="-97.28682">
        <ele>87.9</ele>
      </trkpt>
      <trkpt lat="29.50761" lon="-97.28721">
        <ele>87.6</ele>
      </trkpt>
      <trkpt lat="29.50761" lon="-97.288">
        <ele>87.1</ele>
      </trkpt>
      <trkpt lat="29.50761" lon="-97.28841">
        <ele>86.5</ele>
      </trkpt>
      <trkpt lat="29.50762" lon="-97.28868">
        <ele>86.0</ele>
      </trkpt>
      <trkpt lat="29.50762" lon="-97.28939">
        <ele>85.2</ele>
      </trkpt>
      <trkpt lat="29.50762" lon="-97.28965">
        <ele>85.1</ele>
      </trkpt>
      <trkpt lat="29.50762" lon="-97.29027">
        <ele>84.9</ele>
      </trkpt>
      <trkpt lat="29.50762" lon="-97.29028">
        <ele>84.9</ele>
      </trkpt>
      <trkpt lat="29.50762" lon="-97.29036">
        <ele>84.9</ele>
      </trkpt>
      <trkpt lat="29.50763" lon="-97.29043">
        <ele>84.8</ele>
      </trkpt>
      <trkpt lat="29.50765" lon="-97.29049">
        <ele>84.8</ele>
      </trkpt>
      <trkpt lat="29.50768" lon="-97.29055">
        <ele>84.7</ele>
      </trkpt>
      <trkpt lat="29.50771" lon="-97.29059">
        <ele>84.7</ele>
      </trkpt>
      <trkpt lat="29.50776" lon="-97.29063">
        <ele>84.7</ele>
      </trkpt>
      <trkpt lat="29.50782" lon="-97.29066">
        <ele>84.6</ele>
      </trkpt>
      <trkpt lat="29.50788" lon="-97.29068">
        <ele>84.6</ele>
      </trkpt>
      <trkpt lat="29.50793" lon="-97.29068">
        <ele>84.7</ele>
      </trkpt>
      <trkpt lat="29.50795" lon="-97.29069">
        <ele>84.7</ele>
      </trkpt>
      <trkpt lat="29.50808" lon="-97.29069">
        <ele>84.8</ele>
      </trkpt>
      <trkpt lat="29.50811" lon="-97.29069">
        <ele>84.8</ele>
      </trkpt>
      <trkpt lat="29.50845" lon="-97.2907">
        <ele>85.3</ele>
      </trkpt>
      <trkpt lat="29.50864" lon="-97.2907">
        <ele>85.4</ele>
      </trkpt>
      <trkpt lat="29.50869" lon="-97.29071">
        <ele>85.4</ele>
      </trkpt>
      <trkpt lat="29.50873" lon="-97.29073">
        <ele>85.4</ele>
      </trkpt>
      <trkpt lat="29.50876" lon="-97.29076">
        <ele>85.4</ele>
      </trkpt>
      <trkpt lat="29.50879" lon="-97.29081">
        <ele>85.4</ele>
      </trkpt>
      <trkpt lat="29.50879" lon="-97.29081">
        <ele>85.4</ele>
      </trkpt>
      <trkpt lat="29.50878" lon="-97.29089">
        <ele>85.4</ele>
      </trkpt>
      <trkpt lat="29.50877" lon="-97.29096">
        <ele>85.4</ele>
      </trkpt>
      <trkpt lat="29.50876" lon="-97.29122">
        <ele>85.3</ele>
      </trkpt>
      <trkpt lat="29.50875" lon="-97.29191">
        <ele>84.6</ele>
      </trkpt>
      <trkpt lat="29.50875" lon="-97.29226">
        <ele>84.3</ele>
      </trkpt>
      <trkpt lat="29.50875" lon="-97.29232">
        <ele>84.2</ele>
      </trkpt>
      <trkpt lat="29.50875" lon="-97.29253">
        <ele>84.0</ele>
      </trkpt>
      <trkpt lat="29.50875" lon="-97.29333">
        <ele>83.7</ele>
      </trkpt>
      <trkpt lat="29.50875" lon="-97.29345">
        <ele>83.6</ele>
      </trkpt>
      <trkpt lat="29.50875" lon="-97.29377">
        <ele>83.6</ele>
      </trkpt>
      <trkpt lat="29.50875" lon="-97.29397">
        <ele>83.5</ele>
      </trkpt>
      <trkpt lat="29.50875" lon="-97.29432">
        <ele>83.4</ele>
      </trkpt>
      <trkpt lat="29.50875" lon="-97.29542">
        <ele>83.1</ele>
      </trkpt>
      <trkpt lat="29.50875" lon="-97.29693">
        <ele>82.9</ele>
      </trkpt>
      <trkpt lat="29.50876" lon="-97.29895">
        <ele>82.5</ele>
      </trkpt>
      <trkpt lat="29.50876" lon="-97.29932">
        <ele>82.4</ele>
      </trkpt>
      <trkpt lat="29.50876" lon="-97.30017">
        <ele>81.8</ele>
      </trkpt>
      <trkpt lat="29.50876" lon="-97.30059">
        <ele>81.4</ele>
      </trkpt>
      <trkpt lat="29.50877" lon="-97.30187">
        <ele>80.3</ele>
      </trkpt>
      <trkpt lat="29.50876" lon="-97.30197">
        <ele>80.2</ele>
      </trkpt>
      <trkpt lat="29.50876" lon="-97.30203">
        <ele>80.1</ele>
      </trkpt>
      <trkpt lat="29.50876" lon="-97.30227">
        <ele>79.9</ele>
      </trkpt>
      <trkpt lat="29.50877" lon="-97.30302">
        <ele>79.3</ele>
      </trkpt>
      <trkpt lat="29.50877" lon="-97.30311">
        <ele>79.2</ele>
      </trkpt>
      <trkpt lat="29.50878" lon="-97.30345">
        <ele>79.2</ele>
      </trkpt>
      <trkpt lat="29.50878" lon="-97.30369">
        <ele>79.2</ele>
      </trkpt>
      <trkpt lat="29.50878" lon="-97.30373">
        <ele>79.2</ele>
      </trkpt>
      <trkpt lat="29.50878" lon="-97.30393">
        <ele>79.2</ele>
      </trkpt>
      <trkpt lat="29.50878" lon="-97.30414">
        <ele>79.0</ele>
      </trkpt>
      <trkpt lat="29.50876" lon="-97.30476">
        <ele>78.8</ele>
      </trkpt>
      <trkpt lat="29.50875" lon="-97.30489">
        <ele>78.9</ele>
      </trkpt>
      <trkpt lat="29.50875" lon="-97.30493">
        <ele>78.9</ele>
      </trkpt>
      <trkpt lat="29.50869" lon="-97.30597">
        <ele>79.1</ele>
      </trkpt>
      <trkpt lat="29.50865" lon="-97.30682">
        <ele>79.1</ele>
      </trkpt>
      <trkpt lat="29.50864" lon="-97.30703">
        <ele>79.0</ele>
      </trkpt>
      <trkpt lat="29.50864" lon="-97.30711">
        <ele>78.9</ele>
      </trkpt>
      <trkpt lat="29.50863" lon="-97.3072">
        <ele>78.8</ele>
      </trkpt>
      <trkpt lat="29.50857" lon="-97.30889">
        <ele>77.5</ele>
      </trkpt>
      <trkpt lat="29.50857" lon="-97.30903">
        <ele>77.5</ele>
      </trkpt>
      <trkpt lat="29.50854" lon="-97.30978">
        <ele>77.1</ele>
      </trkpt>
      <trkpt lat="29.50852" lon="-97.31009">
        <ele>77.0</ele>
      </trkpt>
      <trkpt lat="29.50851" lon="-97.31041">
        <ele>76.8</ele>
      </trkpt>
      <trkpt lat="29.5085" lon="-97.31062">
        <ele>76.7</ele>
      </trkpt>
      <trkpt lat="29.5085" lon="-97.31071">
        <ele>76.8</ele>
      </trkpt>
      <trkpt lat="29.50848" lon="-97.31108">
        <ele>76.9</ele>
      </trkpt>
      <trkpt lat="29.50847" lon="-97.31144">
        <ele>77.0</ele>
      </trkpt>
      <trkpt lat="29.50844" lon="-97.31178">
        <ele>77.1</ele>
      </trkpt>
      <trkpt lat="29.50843" lon="-97.31195">
        <ele>77.0</ele>
      </trkpt>
      <trkpt lat="29.50841" lon="-97.31206">
        <ele>77.0</ele>
      </trkpt>
      <trkpt lat="29.50839" lon="-97.31218">
        <ele>77.0</ele>
      </trkpt>
      <trkpt lat="29.50831" lon="-97.31246">
        <ele>76.8</ele>
      </trkpt>
      <trkpt lat="29.50822" lon="-97.3128">
        <ele>76.5</ele>
      </trkpt>
      <trkpt lat="29.5082" lon="-97.31285">
        <ele>76.4</ele>
      </trkpt>
      <trkpt lat="29.5081" lon="-97.31324">
        <ele>76.4</ele>
      </trkpt>
      <trkpt lat="29.50809" lon="-97.31346">
        <ele>76.3</ele>
      </trkpt>
      <trkpt lat="29.50816" lon="-97.31367">
        <ele>76.3</ele>
      </trkpt>
      <trkpt lat="29.50821" lon="-97.31385">
        <ele>76.3</ele>
      </trkpt>
      <trkpt lat="29.50822" lon="-97.31392">
        <ele>76.3</ele>
      </trkpt>
      <trkpt lat="29.50825" lon="-97.31405">
        <ele>76.3</ele>
      </trkpt>
      <trkpt lat="29.50827" lon="-97.31425">
        <ele>76.3</ele>
      </trkpt>
      <trkpt lat="29.5083" lon="-97.31446">
        <ele>76.3</ele>
      </trkpt>
      <trkpt lat="29.50832" lon="-97.31466">
        <ele>76.4</ele>
      </trkpt>
      <trkpt lat="29.50841" lon="-97.31506">
        <ele>75.7</ele>
      </trkpt>
      <trkpt lat="29.50842" lon="-97.31511">
        <ele>75.6</ele>
      </trkpt>
      <trkpt lat="29.50847" lon="-97.31539">
        <ele>74.9</ele>
      </trkpt>
      <trkpt lat="29.50852" lon="-97.31567">
        <ele>74.5</ele>
      </trkpt>
      <trkpt lat="29.50854" lon="-97.3158">
        <ele>74.4</ele>
      </trkpt>
      <trkpt lat="29.50856" lon="-97.31587">
        <ele>74.3</ele>
      </trkpt>
      <trkpt lat="29.50865" lon="-97.31621">
        <ele>74.1</ele>
      </trkpt>
      <trkpt lat="29.50873" lon="-97.31646">
        <ele>73.9</ele>
      </trkpt>
      <trkpt lat="29.50875" lon="-97.31651">
        <ele>73.9</ele>
      </trkpt>
      <trkpt lat="29.50889" lon="-97.31688">
        <ele>73.7</ele>
      </trkpt>
      <trkpt lat="29.5089" lon="-97.31704">
        <ele>73.5</ele>
      </trkpt>
      <trkpt lat="29.50892" lon="-97.31725">
        <ele>73.3</ele>
      </trkpt>
      <trkpt lat="29.50893" lon="-97.31731">
        <ele>73.2</ele>
      </trkpt>
      <trkpt lat="29.50885" lon="-97.31807">
        <ele>74.5</ele>
      </trkpt>
      <trkpt lat="29.50882" lon="-97.31827">
        <ele>74.7</ele>
      </trkpt>
      <trkpt lat="29.50879" lon="-97.31859">
        <ele>75.1</ele>
      </trkpt>
      <trkpt lat="29.50878" lon="-97.31868">
        <ele>75.2</ele>
      </trkpt>
      <trkpt lat="29.50876" lon="-97.31886">
        <ele>75.7</ele>
      </trkpt>
      <trkpt lat="29.50876" lon="-97.31889">
        <ele>75.7</ele>
      </trkpt>
      <trkpt lat="29.50872" lon="-97.31941">
        <ele>76.6</ele>
      </trkpt>
      <trkpt lat="29.5087" lon="-97.31993">
        <ele>77.6</ele>
      </trkpt>
      <trkpt lat="29.50865" lon="-97.32095">
        <ele>79.5</ele>
      </trkpt>
      <trkpt lat="29.5086" lon="-97.32176">
        <ele>80.6</ele>
      </trkpt>
      <trkpt lat="29.5086" lon="-97.32177">
        <ele>80.6</ele>
      </trkpt>
      <trkpt lat="29.50858" lon="-97.32219">
        <ele>81.0</ele>
      </trkpt>
      <trkpt lat="29.50855" lon="-97.32286">
        <ele>81.1</ele>
      </trkpt>
      <trkpt lat="29.50853" lon="-97.32322">
        <ele>81.2</ele>
      </trkpt>
      <trkpt lat="29.50852" lon="-97.32342">
        <ele>81.2</ele>
      </trkpt>
      <trkpt lat="29.50847" lon="-97.32438">
        <ele>81.2</ele>
      </trkpt>
      <trkpt lat="29.5084" lon="-97.32576">
        <ele>80.6</ele>
      </trkpt>
      <trkpt lat="29.50838" lon="-97.32625">
        <ele>80.8</ele>
      </trkpt>
      <trkpt lat="29.50834" lon="-97.32699">
        <ele>81.0</ele>
      </trkpt>
      <trkpt lat="29.50833" lon="-97.32721">
        <ele>80.9</ele>
      </trkpt>
      <trkpt lat="29.50832" lon="-97.32745">
        <ele>80.8</ele>
      </trkpt>
      <trkpt lat="29.50831" lon="-97.32755">
        <ele>80.8</ele>
      </trkpt>
      <trkpt lat="29.5083" lon="-97.32793">
        <ele>80.0</ele>
      </trkpt>
      <trkpt lat="29.50827" lon="-97.32855">
        <ele>79.3</ele>
      </trkpt>
      <trkpt lat="29.50826" lon="-97.32875">
        <ele>79.3</ele>
      </trkpt>
      <trkpt lat="29.50826" lon="-97.32881">
        <ele>79.3</ele>
      </trkpt>
      <trkpt lat="29.50826" lon="-97.32885">
        <ele>79.3</ele>
      </trkpt>
      <trkpt lat="29.50825" lon="-97.32896">
        <ele>79.3</ele>
      </trkpt>
      <trkpt lat="29.50822" lon="-97.3295">
        <ele>79.7</ele>
      </trkpt>
      <trkpt lat="29.50816" lon="-97.33094">
        <ele>80.2</ele>
      </trkpt>
      <trkpt lat="29.50813" lon="-97.33164">
        <ele>80.4</ele>
      </trkpt>
      <trkpt lat="29.5081" lon="-97.33247">
        <ele>80.4</ele>
      </trkpt>
      <trkpt lat="29.50809" lon="-97.33259">
        <ele>80.4</ele>
      </trkpt>
      <trkpt lat="29.50809" lon="-97.33268">
        <ele>80.4</ele>
      </trkpt>
      <trkpt lat="29.50808" lon="-97.3335">
        <ele>81.1</ele>
      </trkpt>
      <trkpt lat="29.50807" lon="-97.33371">
        <ele>81.2</ele>
      </trkpt>
      <trkpt lat="29.50807" lon="-97.33418">
        <ele>81.6</ele>
      </trkpt>
      <trkpt lat="29.50807" lon="-97.33495">
        <ele>82.6</ele>
      </trkpt>
      <trkpt lat="29.50807" lon="-97.33556">
        <ele>83.7</ele>
      </trkpt>
      <trkpt lat="29.50807" lon="-97.33578">
        <ele>84.1</ele>
      </trkpt>
      <trkpt lat="29.50806" lon="-97.3366">
        <ele>85.0</ele>
      </trkpt>
      <trkpt lat="29.50806" lon="-97.33691">
        <ele>85.2</ele>
      </trkpt>
      <trkpt lat="29.50806" lon="-97.33722">
        <ele>86.1</ele>
      </trkpt>
      <trkpt lat="29.50807" lon="-97.33778">
        <ele>87.8</ele>
      </trkpt>
      <trkpt lat="29.50807" lon="-97.33805">
        <ele>88.4</ele>
      </trkpt>
      <trkpt lat="29.50808" lon="-97.33825">
        <ele>88.8</ele>
      </trkpt>
      <trkpt lat="29.50808" lon="-97.33846">
        <ele>89.1</ele>
      </trkpt>
      <trkpt lat="29.50808" lon="-97.3385">
        <ele>89.1</ele>
      </trkpt>
      <trkpt lat="29.50808" lon="-97.33867">
        <ele>89.0</ele>
      </trkpt>
      <trkpt lat="29.50807" lon="-97.33887">
        <ele>88.6</ele>
      </trkpt>
      <trkpt lat="29.50806" lon="-97.33929">
        <ele>87.1</ele>
      </trkpt>
      <trkpt lat="29.50805" lon="-97.33941">
        <ele>86.6</ele>
      </trkpt>
      <trkpt lat="29.50802" lon="-97.33964">
        <ele>85.4</ele>
      </trkpt>
      <trkpt lat="29.50797" lon="-97.34004">
        <ele>83.2</ele>
      </trkpt>
      <trkpt lat="29.50793" lon="-97.34025">
        <ele>82.2</ele>
      </trkpt>
      <trkpt lat="29.5079" lon="-97.34046">
        <ele>82.0</ele>
      </trkpt>
      <trkpt lat="29.50785" lon="-97.34066">
        <ele>81.9</ele>
      </trkpt>
      <trkpt lat="29.50781" lon="-97.34086">
        <ele>81.8</ele>
      </trkpt>
      <trkpt lat="29.50777" lon="-97.34106">
        <ele>81.6</ele>
      </trkpt>
      <trkpt lat="29.50776" lon="-97.34108">
        <ele>81.6</ele>
      </trkpt>
      <trkpt lat="29.50761" lon="-97.34169">
        <ele>80.8</ele>
      </trkpt>
      <trkpt lat="29.50743" lon="-97.34229">
        <ele>80.0</ele>
      </trkpt>
      <trkpt lat="29.50738" lon="-97.34244">
        <ele>79.8</ele>
      </trkpt>
      <trkpt lat="29.5072" lon="-97.34302">
        <ele>79.2</ele>
      </trkpt>
      <trkpt lat="29.50714" lon="-97.34321">
        <ele>79.0</ele>
      </trkpt>
      <trkpt lat="29.50707" lon="-97.34341">
        <ele>79.3</ele>
      </trkpt>
      <trkpt lat="29.50695" lon="-97.3438">
        <ele>79.4</ele>
      </trkpt>
      <trkpt lat="29.5068" lon="-97.34427">
        <ele>79.5</ele>
      </trkpt>
      <trkpt lat="29.50675" lon="-97.3445">
        <ele>78.5</ele>
      </trkpt>
      <trkpt lat="29.50673" lon="-97.34458">
        <ele>78.2</ele>
      </trkpt>
      <trkpt lat="29.50666" lon="-97.34496">
        <ele>79.6</ele>
      </trkpt>
      <trkpt lat="29.50662" lon="-97.34521">
        <ele>80.0</ele>
      </trkpt>
      <trkpt lat="29.50659" lon="-97.34534">
        <ele>80.2</ele>
      </trkpt>
      <trkpt lat="29.50658" lon="-97.34539">
        <ele>80.3</ele>
      </trkpt>
      <trkpt lat="29.50657" lon="-97.34551">
        <ele>80.4</ele>
      </trkpt>
      <trkpt lat="29.50657" lon="-97.34553">
        <ele>80.5</ele>
      </trkpt>
      <trkpt lat="29.50653" lon="-97.34571">
        <ele>80.7</ele>
      </trkpt>
      <trkpt lat="29.50651" lon="-97.34581">
        <ele>80.8</ele>
      </trkpt>
      <trkpt lat="29.50648" lon="-97.34621">
        <ele>81.2</ele>
      </trkpt>
      <trkpt lat="29.50647" lon="-97.34628">
        <ele>81.3</ele>
      </trkpt>
      <trkpt lat="29.50642" lon="-97.34674">
        <ele>81.6</ele>
      </trkpt>
      <trkpt lat="29.50642" lon="-97.34719">
        <ele>82.1</ele>
      </trkpt>
      <trkpt lat="29.50641" lon="-97.34744">
        <ele>82.5</ele>
      </trkpt>
      <trkpt lat="29.50642" lon="-97.34749">
        <ele>82.6</ele>
      </trkpt>
      <trkpt lat="29.50643" lon="-97.34756">
        <ele>82.7</ele>
      </trkpt>
      <trkpt lat="29.50644" lon="-97.34765">
        <ele>82.9</ele>
      </trkpt>
      <trkpt lat="29.50645" lon="-97.34779">
        <ele>83.4</ele>
      </trkpt>
      <trkpt lat="29.50648" lon="-97.34806">
        <ele>84.5</ele>
      </trkpt>
      <trkpt lat="29.50651" lon="-97.34838">
        <ele>85.6</ele>
      </trkpt>
      <trkpt lat="29.50652" lon="-97.34841">
        <ele>85.6</ele>
      </trkpt>
      <trkpt lat="29.50655" lon="-97.34867">
        <ele>86.7</ele>
      </trkpt>
      <trkpt lat="29.50657" lon="-97.34879">
        <ele>87.5</ele>
      </trkpt>
      <trkpt lat="29.50658" lon="-97.34888">
        <ele>88.0</ele>
      </trkpt>
      <trkpt lat="29.50666" lon="-97.34949">
        <ele>89.9</ele>
      </trkpt>
      <trkpt lat="29.50667" lon="-97.34961">
        <ele>90.5</ele>
      </trkpt>
      <trkpt lat="29.50668" lon="-97.34969">
        <ele>90.8</ele>
      </trkpt>
      <trkpt lat="29.5067" lon="-97.34978">
        <ele>91.2</ele>
      </trkpt>
      <trkpt lat="29.5067" lon="-97.34981">
        <ele>91.3</ele>
      </trkpt>
      <trkpt lat="29.50671" lon="-97.3499">
        <ele>91.5</ele>
      </trkpt>
      <trkpt lat="29.50677" lon="-97.35049">
        <ele>91.9</ele>
      </trkpt>
      <trkpt lat="29.5068" lon="-97.35084">
        <ele>92.1</ele>
      </trkpt>
      <trkpt lat="29.50681" lon="-97.35092">
        <ele>92.1</ele>
      </trkpt>
      <trkpt lat="29.50682" lon="-97.35098">
        <ele>92.1</ele>
      </trkpt>
      <trkpt lat="29.50683" lon="-97.35104">
        <ele>92.1</ele>
      </trkpt>
      <trkpt lat="29.50683" lon="-97.35109">
        <ele>92.1</ele>
      </trkpt>
      <trkpt lat="29.50685" lon="-97.35125">
        <ele>92.1</ele>
      </trkpt>
      <trkpt lat="29.50687" lon="-97.35145">
        <ele>92.2</ele>
      </trkpt>
      <trkpt lat="29.50687" lon="-97.35154">
        <ele>92.2</ele>
      </trkpt>
      <trkpt lat="29.50689" lon="-97.35166">
        <ele>92.3</ele>
      </trkpt>
      <trkpt lat="29.50691" lon="-97.35186">
        <ele>92.4</ele>
      </trkpt>
      <trkpt lat="29.50691" lon="-97.35188">
        <ele>92.4</ele>
      </trkpt>
      <trkpt lat="29.50692" lon="-97.35195">
        <ele>92.4</ele>
      </trkpt>
      <trkpt lat="29.50694" lon="-97.35207">
        <ele>92.5</ele>
      </trkpt>
      <trkpt lat="29.50695" lon="-97.3521">
        <ele>92.5</ele>
      </trkpt>
      <trkpt lat="29.50696" lon="-97.35215">
        <ele>92.6</ele>
      </trkpt>
      <trkpt lat="29.50701" lon="-97.35241">
        <ele>92.7</ele>
      </trkpt>
      <trkpt lat="29.50709" lon="-97.35272">
        <ele>92.9</ele>
      </trkpt>
      <trkpt lat="29.50711" lon="-97.35283">
        <ele>93.0</ele>
      </trkpt>
      <trkpt lat="29.50723" lon="-97.35326">
        <ele>93.3</ele>
      </trkpt>
      <trkpt lat="29.50724" lon="-97.35333">
        <ele>93.3</ele>
      </trkpt>
      <trkpt lat="29.50727" lon="-97.35346">
        <ele>93.4</ele>
      </trkpt>
      <trkpt lat="29.50732" lon="-97.35365">
        <ele>93.5</ele>
      </trkpt>
      <trkpt lat="29.50735" lon="-97.35369">
        <ele>93.5</ele>
      </trkpt>
      <trkpt lat="29.50736" lon="-97.35374">
        <ele>93.5</ele>
      </trkpt>
      <trkpt lat="29.50737" lon="-97.35379">
        <ele>93.5</ele>
      </trkpt>
      <trkpt lat="29.50748" lon="-97.35425">
        <ele>93.7</ele>
      </trkpt>
      <trkpt lat="29.5075" lon="-97.35431">
        <ele>93.8</ele>
      </trkpt>
      <trkpt lat="29.50756" lon="-97.35451">
        <ele>93.9</ele>
      </trkpt>
      <trkpt lat="29.50758" lon="-97.35457">
        <ele>94.0</ele>
      </trkpt>
      <trkpt lat="29.50758" lon="-97.35457">
        <ele>94.0</ele>
      </trkpt>
      <trkpt lat="29.50804" lon="-97.35477">
        <ele>94.0</ele>
      </trkpt>
      <trkpt lat="29.50814" lon="-97.35482">
        <ele>94.0</ele>
      </trkpt>
      <trkpt lat="29.50831" lon="-97.35489">
        <ele>94.0</ele>
      </trkpt>
      <trkpt lat="29.50898" lon="-97.35518">
        <ele>94.1</ele>
      </trkpt>
      <trkpt lat="29.50915" lon="-97.35526">
        <ele>94.1</ele>
      </trkpt>
      <trkpt lat="29.50915" lon="-97.35526">
        <ele>94.1</ele>
      </trkpt>
      <trkpt lat="29.50912" lon="-97.35539">
        <ele>94.0</ele>
      </trkpt>
      <trkpt lat="29.5091" lon="-97.35543">
        <ele>94.1</ele>
      </trkpt>
      <trkpt lat="29.50909" lon="-97.35548">
        <ele>94.1</ele>
      </trkpt>
      <trkpt lat="29.50868" lon="-97.35674">
        <ele>94.8</ele>
      </trkpt>
      <trkpt lat="29.50866" lon="-97.35681">
        <ele>94.6</ele>
      </trkpt>
      <trkpt lat="29.50864" lon="-97.35685">
        <ele>94.5</ele>
      </trkpt>
      <trkpt lat="29.50862" lon="-97.35693">
        <ele>94.3</ele>
      </trkpt>
      <trkpt lat="29.50846" lon="-97.35739">
        <ele>93.5</ele>
      </trkpt>
      <trkpt lat="29.50842" lon="-97.35751">
        <ele>93.4</ele>
      </trkpt>
      <trkpt lat="29.5084" lon="-97.35755">
        <ele>93.4</ele>
      </trkpt>
      <trkpt lat="29.5084" lon="-97.35758">
        <ele>93.3</ele>
      </trkpt>
      <trkpt lat="29.50822" lon="-97.35806">
        <ele>92.7</ele>
      </trkpt>
      <trkpt lat="29.50816" lon="-97.35825">
        <ele>92.4</ele>
      </trkpt>
      <trkpt lat="29.50816" lon="-97.35826">
        <ele>92.3</ele>
      </trkpt>
      <trkpt lat="29.50811" lon="-97.3584">
        <ele>92.1</ele>
      </trkpt>
      <trkpt lat="29.50808" lon="-97.35847">
        <ele>92.1</ele>
      </trkpt>
      <trkpt lat="29.50804" lon="-97.35859">
        <ele>91.9</ele>
      </trkpt>
      <trkpt lat="29.50802" lon="-97.35866">
        <ele>91.8</ele>
      </trkpt>
      <trkpt lat="29.50799" lon="-97.35876">
        <ele>91.4</ele>
      </trkpt>
      <trkpt lat="29.50798" lon="-97.35879">
        <ele>91.3</ele>
      </trkpt>
      <trkpt lat="29.50784" lon="-97.35917">
        <ele>90.2</ele>
      </trkpt>
      <trkpt lat="29.50778" lon="-97.35936">
        <ele>90.1</ele>
      </trkpt>
      <trkpt lat="29.50772" lon="-97.35956">
        <ele>90.8</ele>
      </trkpt>
      <trkpt lat="29.50769" lon="-97.35963">
        <ele>91.0</ele>
      </trkpt>
      <trkpt lat="29.50766" lon="-97.35972">
        <ele>91.2</ele>
      </trkpt>
      <trkpt lat="29.50765" lon="-97.35975">
        <ele>91.3</ele>
      </trkpt>
      <trkpt lat="29.50758" lon="-97.35995">
        <ele>92.2</ele>
      </trkpt>
      <trkpt lat="29.50738" lon="-97.36059">
        <ele>94.0</ele>
      </trkpt>
      <trkpt lat="29.50733" lon="-97.36079">
        <ele>94.2</ele>
      </trkpt>
      <trkpt lat="29.5073" lon="-97.36089">
        <ele>94.3</ele>
      </trkpt>
      <trkpt lat="29.50729" lon="-97.36092">
        <ele>94.4</ele>
      </trkpt>
      <trkpt lat="29.50727" lon="-97.36099">
        <ele>94.5</ele>
      </trkpt>
      <trkpt lat="29.50712" lon="-97.36151">
        <ele>94.7</ele>
      </trkpt>
      <trkpt lat="29.50696" lon="-97.36206">
        <ele>94.7</ele>
      </trkpt>
      <trkpt lat="29.50695" lon="-97.36209">
        <ele>94.7</ele>
      </trkpt>
      <trkpt lat="29.50693" lon="-97.36216">
        <ele>94.7</ele>
      </trkpt>
      <trkpt lat="29.50684" lon="-97.36247">
        <ele>94.5</ele>
      </trkpt>
      <trkpt lat="29.50677" lon="-97.36268">
        <ele>94.5</ele>
      </trkpt>
      <trkpt lat="29.50675" lon="-97.36275">
        <ele>94.5</ele>
      </trkpt>
      <trkpt lat="29.50672" lon="-97.36284">
        <ele>94.7</ele>
      </trkpt>
      <trkpt lat="29.50671" lon="-97.36287">
        <ele>94.7</ele>
      </trkpt>
      <trkpt lat="29.50668" lon="-97.36294">
        <ele>94.9</ele>
      </trkpt>
      <trkpt lat="29.50668" lon="-97.36295">
        <ele>94.9</ele>
      </trkpt>
      <trkpt lat="29.50665" lon="-97.36303">
        <ele>95.1</ele>
      </trkpt>
      <trkpt lat="29.50664" lon="-97.36306">
        <ele>95.2</ele>
      </trkpt>
      <trkpt lat="29.50645" lon="-97.36356">
        <ele>96.8</ele>
      </trkpt>
      <trkpt lat="29.50636" lon="-97.36379">
        <ele>97.5</ele>
      </trkpt>
      <trkpt lat="29.50635" lon="-97.36382">
        <ele>97.6</ele>
      </trkpt>
      <trkpt lat="29.50635" lon="-97.36384">
        <ele>97.7</ele>
      </trkpt>
      <trkpt lat="29.50633" lon="-97.36389">
        <ele>97.8</ele>
      </trkpt>
      <trkpt lat="29.50625" lon="-97.36408">
        <ele>98.1</ele>
      </trkpt>
      <trkpt lat="29.50621" lon="-97.36417">
        <ele>98.2</ele>
      </trkpt>
      <trkpt lat="29.5062" lon="-97.3642">
        <ele>98.2</ele>
      </trkpt>
      <trkpt lat="29.50614" lon="-97.36434">
        <ele>98.3</ele>
      </trkpt>
      <trkpt lat="29.50613" lon="-97.36438">
        <ele>98.3</ele>
      </trkpt>
      <trkpt lat="29.50609" lon="-97.3645">
        <ele>98.3</ele>
      </trkpt>
      <trkpt lat="29.50607" lon="-97.36455">
        <ele>98.3</ele>
      </trkpt>
      <trkpt lat="29.50607" lon="-97.36458">
        <ele>98.3</ele>
      </trkpt>
      <trkpt lat="29.50606" lon="-97.36465">
        <ele>98.4</ele>
      </trkpt>
      <trkpt lat="29.50605" lon="-97.36466">
        <ele>98.4</ele>
      </trkpt>
      <trkpt lat="29.50605" lon="-97.36474">
        <ele>98.4</ele>
      </trkpt>
      <trkpt lat="29.50605" lon="-97.36475">
        <ele>98.4</ele>
      </trkpt>
      <trkpt lat="29.50605" lon="-97.36478">
        <ele>98.4</ele>
      </trkpt>
      <trkpt lat="29.50606" lon="-97.36482">
        <ele>98.4</ele>
      </trkpt>
      <trkpt lat="29.50606" lon="-97.36486">
        <ele>98.4</ele>
      </trkpt>
      <trkpt lat="29.50607" lon="-97.36491">
        <ele>98.4</ele>
      </trkpt>
      <trkpt lat="29.50611" lon="-97.3651">
        <ele>98.4</ele>
      </trkpt>
      <trkpt lat="29.50623" lon="-97.36553">
        <ele>98.3</ele>
      </trkpt>
      <trkpt lat="29.50678" lon="-97.36755">
        <ele>98.5</ele>
      </trkpt>
      <trkpt lat="29.50681" lon="-97.36766">
        <ele>98.6</ele>
      </trkpt>
      <trkpt lat="29.50685" lon="-97.36784">
        <ele>98.6</ele>
      </trkpt>
      <trkpt lat="29.50689" lon="-97.36801">
        <ele>98.6</ele>
      </trkpt>
      <trkpt lat="29.50691" lon="-97.36825">
        <ele>98.8</ele>
      </trkpt>
      <trkpt lat="29.50691" lon="-97.36838">
        <ele>98.9</ele>
      </trkpt>
      <trkpt lat="29.50691" lon="-97.36841">
        <ele>98.9</ele>
      </trkpt>
      <trkpt lat="29.5069" lon="-97.36857">
        <ele>99.1</ele>
      </trkpt>
      <trkpt lat="29.50688" lon="-97.36874">
        <ele>99.3</ele>
      </trkpt>
      <trkpt lat="29.50687" lon="-97.36876">
        <ele>99.3</ele>
      </trkpt>
      <trkpt lat="29.50685" lon="-97.36894">
        <ele>99.7</ele>
      </trkpt>
      <trkpt lat="29.50684" lon="-97.36898">
        <ele>99.7</ele>
      </trkpt>
      <trkpt lat="29.50683" lon="-97.36905">
        <ele>99.8</ele>
      </trkpt>
      <trkpt lat="29.50681" lon="-97.36915">
        <ele>99.9</ele>
      </trkpt>
      <trkpt lat="29.5068" lon="-97.36925">
        <ele>100.1</ele>
      </trkpt>
      <trkpt lat="29.50678" lon="-97.36932">
        <ele>100.1</ele>
      </trkpt>
      <trkpt lat="29.50678" lon="-97.36935">
        <ele>100.1</ele>
      </trkpt>
      <trkpt lat="29.50671" lon="-97.36964">
        <ele>100.4</ele>
      </trkpt>
      <trkpt lat="29.50663" lon="-97.36997">
        <ele>101.1</ele>
      </trkpt>
      <trkpt lat="29.50652" lon="-97.37034">
        <ele>101.7</ele>
      </trkpt>
      <trkpt lat="29.5065" lon="-97.37041">
        <ele>101.7</ele>
      </trkpt>
      <trkpt lat="29.50649" lon="-97.37044">
        <ele>101.7</ele>
      </trkpt>
      <trkpt lat="29.50646" lon="-97.37053">
        <ele>101.7</ele>
      </trkpt>
      <trkpt lat="29.50643" lon="-97.37063">
        <ele>101.7</ele>
      </trkpt>
      <trkpt lat="29.50632" lon="-97.37098">
        <ele>101.7</ele>
      </trkpt>
      <trkpt lat="29.50631" lon="-97.37102">
        <ele>101.7</ele>
      </trkpt>
      <trkpt lat="29.50627" lon="-97.37112">
        <ele>101.7</ele>
      </trkpt>
      <trkpt lat="29.50612" lon="-97.37155">
        <ele>101.5</ele>
      </trkpt>
      <trkpt lat="29.50608" lon="-97.37167">
        <ele>101.4</ele>
      </trkpt>
      <trkpt lat="29.50604" lon="-97.37179">
        <ele>101.3</ele>
      </trkpt>
      <trkpt lat="29.50583" lon="-97.37239">
        <ele>101.1</ele>
      </trkpt>
      <trkpt lat="29.50571" lon="-97.37275">
        <ele>101.4</ele>
      </trkpt>
      <trkpt lat="29.50565" lon="-97.37294">
        <ele>101.4</ele>
      </trkpt>
      <trkpt lat="29.50558" lon="-97.37314">
        <ele>101.4</ele>
      </trkpt>
      <trkpt lat="29.50544" lon="-97.37358">
        <ele>101.3</ele>
      </trkpt>
      <trkpt lat="29.50526" lon="-97.3741">
        <ele>101.2</ele>
      </trkpt>
      <trkpt lat="29.50524" lon="-97.37414">
        <ele>101.3</ele>
      </trkpt>
      <trkpt lat="29.5052" lon="-97.37432">
        <ele>101.3</ele>
      </trkpt>
      <trkpt lat="29.50517" lon="-97.3745">
        <ele>101.2</ele>
      </trkpt>
      <trkpt lat="29.50517" lon="-97.37469">
        <ele>100.9</ele>
      </trkpt>
      <trkpt lat="29.50518" lon="-97.37479">
        <ele>100.7</ele>
      </trkpt>
      <trkpt lat="29.5052" lon="-97.37488">
        <ele>100.6</ele>
      </trkpt>
      <trkpt lat="29.50524" lon="-97.37508">
        <ele>100.5</ele>
      </trkpt>
      <trkpt lat="29.50527" lon="-97.37528">
        <ele>100.4</ele>
      </trkpt>
      <trkpt lat="29.5053" lon="-97.3754">
        <ele>100.4</ele>
      </trkpt>
      <trkpt lat="29.50537" lon="-97.37593">
        <ele>100.4</ele>
      </trkpt>
      <trkpt lat="29.50544" lon="-97.3763">
        <ele>100.4</ele>
      </trkpt>
      <trkpt lat="29.50547" lon="-97.3765">
        <ele>100.4</ele>
      </trkpt>
      <trkpt lat="29.50582" lon="-97.37853">
        <ele>97.5</ele>
      </trkpt>
      <trkpt lat="29.50585" lon="-97.37871">
        <ele>97.5</ele>
      </trkpt>
      <trkpt lat="29.50598" lon="-97.37958">
        <ele>97.6</ele>
      </trkpt>
      <trkpt lat="29.50604" lon="-97.37995">
        <ele>97.6</ele>
      </trkpt>
      <trkpt lat="29.50607" lon="-97.38016">
        <ele>97.7</ele>
      </trkpt>
      <trkpt lat="29.50611" lon="-97.38037">
        <ele>98.2</ele>
      </trkpt>
      <trkpt lat="29.50613" lon="-97.38058">
        <ele>98.6</ele>
      </trkpt>
      <trkpt lat="29.50614" lon="-97.38078">
        <ele>98.9</ele>
      </trkpt>
      <trkpt lat="29.50614" lon="-97.38087">
        <ele>99.1</ele>
      </trkpt>
      <trkpt lat="29.50612" lon="-97.38096">
        <ele>99.3</ele>
      </trkpt>
      <trkpt lat="29.50607" lon="-97.38117">
        <ele>99.7</ele>
      </trkpt>
      <trkpt lat="29.50604" lon="-97.38128">
        <ele>99.9</ele>
      </trkpt>
      <trkpt lat="29.50586" lon="-97.38183">
        <ele>100.7</ele>
      </trkpt>
      <trkpt lat="29.50555" lon="-97.3828">
        <ele>101.8</ele>
      </trkpt>
      <trkpt lat="29.50548" lon="-97.38307">
        <ele>102.5</ele>
      </trkpt>
      <trkpt lat="29.50542" lon="-97.38334">
        <ele>103.0</ele>
      </trkpt>
      <trkpt lat="29.50539" lon="-97.38352">
        <ele>103.3</ele>
      </trkpt>
      <trkpt lat="29.50538" lon="-97.38361">
        <ele>103.4</ele>
      </trkpt>
      <trkpt lat="29.50537" lon="-97.38391">
        <ele>103.7</ele>
      </trkpt>
      <trkpt lat="29.50537" lon="-97.38394">
        <ele>103.7</ele>
      </trkpt>
      <trkpt lat="29.50537" lon="-97.38406">
        <ele>103.7</ele>
      </trkpt>
      <trkpt lat="29.50538" lon="-97.38443">
        <ele>103.8</ele>
      </trkpt>
      <trkpt lat="29.50539" lon="-97.38453">
        <ele>103.8</ele>
      </trkpt>
      <trkpt lat="29.5054" lon="-97.38474">
        <ele>103.9</ele>
      </trkpt>
      <trkpt lat="29.50542" lon="-97.38521">
        <ele>104.0</ele>
      </trkpt>
      <trkpt lat="29.50545" lon="-97.38588">
        <ele>104.1</ele>
      </trkpt>
      <trkpt lat="29.50544" lon="-97.3864">
        <ele>104.3</ele>
      </trkpt>
      <trkpt lat="29.5054" lon="-97.38755">
        <ele>104.5</ele>
      </trkpt>
      <trkpt lat="29.50537" lon="-97.38784">
        <ele>104.5</ele>
      </trkpt>
      <trkpt lat="29.50537" lon="-97.38784">
        <ele>104.5</ele>
      </trkpt>
      <trkpt lat="29.50547" lon="-97.38786">
        <ele>104.5</ele>
      </trkpt>
      <trkpt lat="29.50557" lon="-97.38789">
        <ele>104.5</ele>
      </trkpt>
      <trkpt lat="29.50604" lon="-97.38805">
        <ele>104.6</ele>
      </trkpt>
      <trkpt lat="29.50621" lon="-97.38811">
        <ele>104.7</ele>
      </trkpt>
      <trkpt lat="29.50639" lon="-97.38817">
        <ele>104.7</ele>
      </trkpt>
      <trkpt lat="29.50707" lon="-97.38843">
        <ele>104.9</ele>
      </trkpt>
      <trkpt lat="29.50719" lon="-97.38848">
        <ele>105.0</ele>
      </trkpt>
      <trkpt lat="29.50724" lon="-97.3885">
        <ele>105.0</ele>
      </trkpt>
      <trkpt lat="29.50757" lon="-97.38864">
        <ele>105.1</ele>
      </trkpt>
      <trkpt lat="29.50866" lon="-97.3891">
        <ele>105.6</ele>
      </trkpt>
      <trkpt lat="29.50943" lon="-97.38943">
        <ele>105.7</ele>
      </trkpt>
      <trkpt lat="29.50984" lon="-97.38961">
        <ele>105.6</ele>
      </trkpt>
      <trkpt lat="29.51089" lon="-97.39008">
        <ele>103.8</ele>
      </trkpt>
      <trkpt lat="29.51096" lon="-97.39011">
        <ele>103.7</ele>
      </trkpt>
      <trkpt lat="29.51132" lon="-97.39026">
        <ele>103.3</ele>
      </trkpt>
      <trkpt lat="29.5118" lon="-97.39047">
        <ele>103.6</ele>
      </trkpt>
      <trkpt lat="29.51199" lon="-97.39056">
        <ele>104.0</ele>
      </trkpt>
      <trkpt lat="29.51214" lon="-97.39062">
        <ele>104.2</ele>
      </trkpt>
      <trkpt lat="29.5123" lon="-97.39069">
        <ele>104.4</ele>
      </trkpt>
      <trkpt lat="29.51244" lon="-97.39075">
        <ele>104.6</ele>
      </trkpt>
      <trkpt lat="29.51267" lon="-97.39085">
        <ele>105.0</ele>
      </trkpt>
      <trkpt lat="29.51312" lon="-97.39104">
        <ele>105.7</ele>
      </trkpt>
      <trkpt lat="29.51342" lon="-97.39117">
        <ele>106.0</ele>
      </trkpt>
      <trkpt lat="29.51348" lon="-97.39119">
        <ele>106.1</ele>
      </trkpt>
      <trkpt lat="29.51358" lon="-97.39122">
        <ele>106.2</ele>
      </trkpt>
      <trkpt lat="29.51369" lon="-97.39124">
        <ele>106.2</ele>
      </trkpt>
      <trkpt lat="29.51382" lon="-97.39126">
        <ele>106.3</ele>
      </trkpt>
      <trkpt lat="29.51459" lon="-97.39128">
        <ele>106.5</ele>
      </trkpt>
      <trkpt lat="29.51474" lon="-97.39129">
        <ele>106.7</ele>
      </trkpt>
      <trkpt lat="29.51587" lon="-97.39134">
        <ele>107.1</ele>
      </trkpt>
      <trkpt lat="29.51587" lon="-97.39134">
        <ele>107.1</ele>
      </trkpt>
      <trkpt lat="29.51587" lon="-97.39134">
        <ele>107.1</ele>
      </trkpt>
      <trkpt lat="29.51603" lon="-97.39136">
        <ele>107.1</ele>
      </trkpt>
      <trkpt lat="29.51606" lon="-97.39136">
        <ele>107.1</ele>
      </trkpt>
      <trkpt lat="29.51624" lon="-97.3914">
        <ele>107.2</ele>
      </trkpt>
      <trkpt lat="29.51633" lon="-97.39142">
        <ele>107.3</ele>
      </trkpt>
      <trkpt lat="29.51651" lon="-97.391499">
        <ele>107.3</ele>
      </trkpt>
      <trkpt lat="29.51739" lon="-97.39188">
        <ele>107.3</ele>
      </trkpt>
      <trkpt lat="29.5177" lon="-97.39202">
        <ele>107.4</ele>
      </trkpt>
      <trkpt lat="29.51859" lon="-97.3924">
        <ele>108.2</ele>
      </trkpt>
      <trkpt lat="29.51941" lon="-97.39276">
        <ele>108.5</ele>
      </trkpt>
      <trkpt lat="29.51999" lon="-97.39302">
        <ele>108.8</ele>
      </trkpt>
      <trkpt lat="29.52142" lon="-97.39368">
        <ele>109.1</ele>
      </trkpt>
      <trkpt lat="29.52166" lon="-97.3938">
        <ele>109.3</ele>
      </trkpt>
      <trkpt lat="29.52183" lon="-97.39387">
        <ele>109.3</ele>
      </trkpt>
      <trkpt lat="29.52183" lon="-97.39387">
        <ele>109.3</ele>
      </trkpt>
      <trkpt lat="29.52173" lon="-97.39413">
        <ele>109.5</ele>
      </trkpt>
      <trkpt lat="29.52163" lon="-97.3944">
        <ele>109.6</ele>
      </trkpt>
      <trkpt lat="29.52156" lon="-97.39458">
        <ele>109.8</ele>
      </trkpt>
      <trkpt lat="29.52153" lon="-97.39463">
        <ele>109.8</ele>
      </trkpt>
      <trkpt lat="29.5215" lon="-97.39471">
        <ele>109.9</ele>
      </trkpt>
      <trkpt lat="29.52144" lon="-97.39481">
        <ele>110.0</ele>
      </trkpt>
      <trkpt lat="29.52138" lon="-97.39493">
        <ele>110.1</ele>
      </trkpt>
      <trkpt lat="29.52129" lon="-97.39509">
        <ele>110.3</ele>
      </trkpt>
      <trkpt lat="29.5212" lon="-97.39524">
        <ele>110.4</ele>
      </trkpt>
      <trkpt lat="29.52109" lon="-97.39539">
        <ele>110.5</ele>
      </trkpt>
      <trkpt lat="29.52101" lon="-97.3955">
        <ele>110.5</ele>
      </trkpt>
      <trkpt lat="29.52088" lon="-97.39568">
        <ele>110.6</ele>
      </trkpt>
      <trkpt lat="29.52067" lon="-97.39597">
        <ele>110.7</ele>
      </trkpt>
      <trkpt lat="29.52055" lon="-97.39613">
        <ele>110.6</ele>
      </trkpt>
      <trkpt lat="29.52045" lon="-97.39628">
        <ele>110.3</ele>
      </trkpt>
      <trkpt lat="29.52035" lon="-97.39644">
        <ele>109.9</ele>
      </trkpt>
      <trkpt lat="29.52027" lon="-97.39657">
        <ele>109.4</ele>
      </trkpt>
      <trkpt lat="29.5202" lon="-97.39669">
        <ele>108.5</ele>
      </trkpt>
      <trkpt lat="29.52012" lon="-97.39683">
        <ele>107.3</ele>
      </trkpt>
      <trkpt lat="29.52005" lon="-97.39697">
        <ele>107.1</ele>
      </trkpt>
      <trkpt lat="29.51997" lon="-97.39715">
        <ele>107.1</ele>
      </trkpt>
      <trkpt lat="29.51985" lon="-97.397409">
        <ele>107.5</ele>
      </trkpt>
      <trkpt lat="29.51957" lon="-97.39806">
        <ele>107.7</ele>
      </trkpt>
      <trkpt lat="29.5195" lon="-97.39822">
        <ele>107.2</ele>
      </trkpt>
      <trkpt lat="29.51941" lon="-97.39843">
        <ele>106.7</ele>
      </trkpt>
      <trkpt lat="29.51933" lon="-97.39861">
        <ele>106.6</ele>
      </trkpt>
      <trkpt lat="29.51929" lon="-97.39869">
        <ele>106.3</ele>
      </trkpt>
      <trkpt lat="29.51913" lon="-97.39906">
        <ele>105.1</ele>
      </trkpt>
      <trkpt lat="29.51902" lon="-97.39931">
        <ele>104.6</ele>
      </trkpt>
      <trkpt lat="29.51892" lon="-97.399559">
        <ele>104.1</ele>
      </trkpt>
      <trkpt lat="29.51885" lon="-97.39974">
        <ele>103.6</ele>
      </trkpt>
      <trkpt lat="29.5188" lon="-97.39985">
        <ele>103.3</ele>
      </trkpt>
      <trkpt lat="29.51876" lon="-97.399959">
        <ele>102.7</ele>
      </trkpt>
      <trkpt lat="29.51871" lon="-97.4001">
        <ele>101.9</ele>
      </trkpt>
      <trkpt lat="29.51866" lon="-97.40028">
        <ele>101.1</ele>
      </trkpt>
      <trkpt lat="29.51861" lon="-97.40046">
        <ele>100.5</ele>
      </trkpt>
      <trkpt lat="29.51856" lon="-97.40067">
        <ele>100.0</ele>
      </trkpt>
      <trkpt lat="29.51856" lon="-97.40069">
        <ele>99.9</ele>
      </trkpt>
      <trkpt lat="29.51851" lon="-97.40093">
        <ele>99.2</ele>
      </trkpt>
      <trkpt lat="29.51845" lon="-97.40121">
        <ele>98.2</ele>
      </trkpt>
      <trkpt lat="29.51837" lon="-97.40162">
        <ele>97.5</ele>
      </trkpt>
      <trkpt lat="29.51831" lon="-97.40186">
        <ele>96.1</ele>
      </trkpt>
      <trkpt lat="29.51827" lon="-97.40204">
        <ele>96.1</ele>
      </trkpt>
      <trkpt lat="29.51825" lon="-97.40216">
        <ele>96.1</ele>
      </trkpt>
      <trkpt lat="29.51821" lon="-97.4023">
        <ele>96.1</ele>
      </trkpt>
      <trkpt lat="29.51819" lon="-97.40235">
        <ele>96.0</ele>
      </trkpt>
      <trkpt lat="29.51814" lon="-97.40253">
        <ele>95.0</ele>
      </trkpt>
      <trkpt lat="29.51808" lon="-97.40268">
        <ele>94.5</ele>
      </trkpt>
      <trkpt lat="29.51803" lon="-97.4028">
        <ele>94.5</ele>
      </trkpt>
      <trkpt lat="29.51799" lon="-97.40291">
        <ele>94.5</ele>
      </trkpt>
      <trkpt lat="29.51793" lon="-97.40304">
        <ele>94.5</ele>
      </trkpt>
      <trkpt lat="29.51786" lon="-97.40317">
        <ele>94.5</ele>
      </trkpt>
      <trkpt lat="29.51778" lon="-97.403319">
        <ele>94.4</ele>
      </trkpt>
      <trkpt lat="29.51769" lon="-97.40346">
        <ele>93.9</ele>
      </trkpt>
      <trkpt lat="29.51763" lon="-97.40357">
        <ele>93.6</ele>
      </trkpt>
      <trkpt lat="29.51752" lon="-97.40374">
        <ele>93.2</ele>
      </trkpt>
      <trkpt lat="29.51735" lon="-97.40402">
        <ele>92.2</ele>
      </trkpt>
      <trkpt lat="29.51722" lon="-97.40425">
        <ele>91.6</ele>
      </trkpt>
      <trkpt lat="29.51714" lon="-97.4044">
        <ele>91.5</ele>
      </trkpt>
      <trkpt lat="29.51709" lon="-97.40447">
        <ele>91.5</ele>
      </trkpt>
      <trkpt lat="29.51705" lon="-97.40455">
        <ele>91.5</ele>
      </trkpt>
      <trkpt lat="29.51702" lon="-97.40462">
        <ele>91.5</ele>
      </trkpt>
      <trkpt lat="29.51696" lon="-97.40477">
        <ele>91.5</ele>
      </trkpt>
      <trkpt lat="29.5169" lon="-97.40492">
        <ele>91.5</ele>
      </trkpt>
      <trkpt lat="29.51686" lon="-97.40505">
        <ele>91.5</ele>
      </trkpt>
      <trkpt lat="29.51682" lon="-97.40517">
        <ele>91.4</ele>
      </trkpt>
      <trkpt lat="29.5168" lon="-97.40528">
        <ele>91.3</ele>
      </trkpt>
      <trkpt lat="29.51676" lon="-97.40544">
        <ele>91.5</ele>
      </trkpt>
      <trkpt lat="29.51674" lon="-97.40558">
        <ele>91.5</ele>
      </trkpt>
      <trkpt lat="29.51673" lon="-97.40572">
        <ele>91.5</ele>
      </trkpt>
      <trkpt lat="29.51672" lon="-97.405869">
        <ele>91.6</ele>
      </trkpt>
      <trkpt lat="29.51671" lon="-97.40624">
        <ele>93.6</ele>
      </trkpt>
      <trkpt lat="29.51671" lon="-97.40626">
        <ele>93.7</ele>
      </trkpt>
      <trkpt lat="29.5167" lon="-97.40671">
        <ele>95.4</ele>
      </trkpt>
      <trkpt lat="29.51669" lon="-97.40704">
        <ele>96.7</ele>
      </trkpt>
      <trkpt lat="29.51668" lon="-97.40731">
        <ele>97.9</ele>
      </trkpt>
      <trkpt lat="29.51666" lon="-97.40758">
        <ele>98.8</ele>
      </trkpt>
      <trkpt lat="29.51663" lon="-97.40779">
        <ele>100.1</ele>
      </trkpt>
      <trkpt lat="29.51662" lon="-97.40791">
        <ele>100.6</ele>
      </trkpt>
      <trkpt lat="29.5166" lon="-97.40803">
        <ele>100.9</ele>
      </trkpt>
      <trkpt lat="29.51657" lon="-97.40818">
        <ele>101.2</ele>
      </trkpt>
      <trkpt lat="29.51654" lon="-97.40834">
        <ele>101.5</ele>
      </trkpt>
      <trkpt lat="29.51651" lon="-97.40847">
        <ele>101.7</ele>
      </trkpt>
      <trkpt lat="29.5165" lon="-97.40851">
        <ele>101.8</ele>
      </trkpt>
      <trkpt lat="29.51645" lon="-97.40869">
        <ele>102.0</ele>
      </trkpt>
      <trkpt lat="29.51639" lon="-97.408869">
        <ele>102.2</ele>
      </trkpt>
      <trkpt lat="29.51632" lon="-97.4091">
        <ele>102.2</ele>
      </trkpt>
      <trkpt lat="29.51625" lon="-97.40931">
        <ele>101.8</ele>
      </trkpt>
      <trkpt lat="29.51612" lon="-97.40971">
        <ele>100.5</ele>
      </trkpt>
      <trkpt lat="29.516" lon="-97.41007">
        <ele>98.7</ele>
      </trkpt>
      <trkpt lat="29.51597" lon="-97.41015">
        <ele>98.1</ele>
      </trkpt>
      <trkpt lat="29.51583" lon="-97.41059">
        <ele>98.7</ele>
      </trkpt>
      <trkpt lat="29.51571" lon="-97.41094">
        <ele>99.9</ele>
      </trkpt>
      <trkpt lat="29.51564" lon="-97.41114">
        <ele>100.0</ele>
      </trkpt>
      <trkpt lat="29.51556" lon="-97.41135">
        <ele>100.0</ele>
      </trkpt>
      <trkpt lat="29.5155" lon="-97.41152">
        <ele>99.8</ele>
      </trkpt>
      <trkpt lat="29.51541" lon="-97.41172">
        <ele>99.5</ele>
      </trkpt>
      <trkpt lat="29.51536" lon="-97.41183">
        <ele>99.4</ele>
      </trkpt>
      <trkpt lat="29.51528" lon="-97.41199">
        <ele>99.0</ele>
      </trkpt>
      <trkpt lat="29.51521" lon="-97.41212">
        <ele>98.7</ele>
      </trkpt>
      <trkpt lat="29.51513" lon="-97.41225">
        <ele>98.3</ele>
      </trkpt>
      <trkpt lat="29.51511" lon="-97.41229">
        <ele>98.3</ele>
      </trkpt>
      <trkpt lat="29.51504" lon="-97.4124">
        <ele>98.0</ele>
      </trkpt>
      <trkpt lat="29.51491" lon="-97.41259">
        <ele>97.6</ele>
      </trkpt>
      <trkpt lat="29.51478" lon="-97.41279">
        <ele>97.8</ele>
      </trkpt>
      <trkpt lat="29.51466" lon="-97.41296">
        <ele>99.1</ele>
      </trkpt>
      <trkpt lat="29.51448" lon="-97.4132">
        <ele>101.0</ele>
      </trkpt>
      <trkpt lat="29.51434" lon="-97.4134">
        <ele>101.9</ele>
      </trkpt>
      <trkpt lat="29.51414" lon="-97.41365">
        <ele>103.1</ele>
      </trkpt>
      <trkpt lat="29.51409" lon="-97.41373">
        <ele>103.4</ele>
      </trkpt>
      <trkpt lat="29.51397" lon="-97.41389">
        <ele>104.0</ele>
      </trkpt>
      <trkpt lat="29.51387" lon="-97.414019">
        <ele>104.4</ele>
      </trkpt>
      <trkpt lat="29.51374" lon="-97.41421">
        <ele>105.1</ele>
      </trkpt>
      <trkpt lat="29.51371" lon="-97.41424">
        <ele>105.3</ele>
      </trkpt>
      <trkpt lat="29.51369" lon="-97.41427">
        <ele>105.3</ele>
      </trkpt>
      <trkpt lat="29.51356" lon="-97.41446">
        <ele>105.8</ele>
      </trkpt>
      <trkpt lat="29.51344" lon="-97.41464">
        <ele>105.8</ele>
      </trkpt>
      <trkpt lat="29.5134" lon="-97.41471">
        <ele>105.8</ele>
      </trkpt>
      <trkpt lat="29.51334" lon="-97.4148">
        <ele>105.7</ele>
      </trkpt>
      <trkpt lat="29.51325" lon="-97.41495">
        <ele>105.4</ele>
      </trkpt>
      <trkpt lat="29.51313" lon="-97.41517">
        <ele>104.8</ele>
      </trkpt>
      <trkpt lat="29.51305" lon="-97.41536">
        <ele>104.2</ele>
      </trkpt>
      <trkpt lat="29.51299" lon="-97.41548">
        <ele>103.9</ele>
      </trkpt>
      <trkpt lat="29.51293" lon="-97.41562">
        <ele>103.7</ele>
      </trkpt>
      <trkpt lat="29.51283" lon="-97.41588">
        <ele>103.4</ele>
      </trkpt>
      <trkpt lat="29.51281" lon="-97.41594">
        <ele>103.3</ele>
      </trkpt>
      <trkpt lat="29.51266" lon="-97.41638">
        <ele>103.0</ele>
      </trkpt>
      <trkpt lat="29.51259" lon="-97.41661">
        <ele>102.7</ele>
      </trkpt>
      <trkpt lat="29.51255" lon="-97.416749">
        <ele>102.5</ele>
      </trkpt>
      <trkpt lat="29.51248" lon="-97.41696">
        <ele>102.1</ele>
      </trkpt>
      <trkpt lat="29.51238" lon="-97.41725">
        <ele>101.5</ele>
      </trkpt>
      <trkpt lat="29.51227" lon="-97.41747">
        <ele>100.9</ele>
      </trkpt>
      <trkpt lat="29.51226" lon="-97.41748">
        <ele>100.9</ele>
      </trkpt>
      <trkpt lat="29.5122" lon="-97.41758">
        <ele>100.6</ele>
      </trkpt>
      <trkpt lat="29.5121" lon="-97.41767">
        <ele>100.5</ele>
      </trkpt>
      <trkpt lat="29.51201" lon="-97.41772">
        <ele>100.3</ele>
      </trkpt>
      <trkpt lat="29.5118" lon="-97.41771">
        <ele>100.1</ele>
      </trkpt>
      <trkpt lat="29.5118" lon="-97.41771">
        <ele>100.1</ele>
      </trkpt>
      <trkpt lat="29.51177" lon="-97.41833">
        <ele>100.3</ele>
      </trkpt>
      <trkpt lat="29.51183" lon="-97.41844">
        <ele>100.4</ele>
      </trkpt>
      <trkpt lat="29.51175" lon="-97.41945">
        <ele>100.7</ele>
      </trkpt>
      <trkpt lat="29.51174" lon="-97.41956">
        <ele>100.7</ele>
      </trkpt>
      <trkpt lat="29.51164" lon="-97.421">
        <ele>98.0</ele>
      </trkpt>
      <trkpt lat="29.51164" lon="-97.42122">
        <ele>97.7</ele>
      </trkpt>
      <trkpt lat="29.51164" lon="-97.42128">
        <ele>97.6</ele>
      </trkpt>
      <trkpt lat="29.51167" lon="-97.42176">
        <ele>97.5</ele>
      </trkpt>
      <trkpt lat="29.51168" lon="-97.42183">
        <ele>97.5</ele>
      </trkpt>
      <trkpt lat="29.51168" lon="-97.42183">
        <ele>97.5</ele>
      </trkpt>
      <trkpt lat="29.5117" lon="-97.42204">
        <ele>97.5</ele>
      </trkpt>
      <trkpt lat="29.5117" lon="-97.42204">
        <ele>97.5</ele>
      </trkpt>
      <trkpt lat="29.51154" lon="-97.42207">
        <ele>97.9</ele>
      </trkpt>
      <trkpt lat="29.51152" lon="-97.42207">
        <ele>97.9</ele>
      </trkpt>
      <trkpt lat="29.51142" lon="-97.42209">
        <ele>98.1</ele>
      </trkpt>
      <trkpt lat="29.51114" lon="-97.42216">
        <ele>98.4</ele>
      </trkpt>
      <trkpt lat="29.51107" lon="-97.42219">
        <ele>98.4</ele>
      </trkpt>
      <trkpt lat="29.51099" lon="-97.42224">
        <ele>98.4</ele>
      </trkpt>
      <trkpt lat="29.51093" lon="-97.42228">
        <ele>98.3</ele>
      </trkpt>
      <trkpt lat="29.51084" lon="-97.42237">
        <ele>98.3</ele>
      </trkpt>
      <trkpt lat="29.51084" lon="-97.42237">
        <ele>98.3</ele>
      </trkpt>
      <trkpt lat="29.51075" lon="-97.42246">
        <ele>98.2</ele>
      </trkpt>
      <trkpt lat="29.51072" lon="-97.42251">
        <ele>98.1</ele>
      </trkpt>
      <trkpt lat="29.51068" lon="-97.42256">
        <ele>98.1</ele>
      </trkpt>
      <trkpt lat="29.51063" lon="-97.42263">
        <ele>97.9</ele>
      </trkpt>
      <trkpt lat="29.5104" lon="-97.42329">
        <ele>97.5</ele>
      </trkpt>
      <trkpt lat="29.51041" lon="-97.42334">
        <ele>97.5</ele>
      </trkpt>
      <trkpt lat="29.5103" lon="-97.42367">
        <ele>95.1</ele>
      </trkpt>
      <trkpt lat="29.51011" lon="-97.42425">
        <ele>94.5</ele>
      </trkpt>
      <trkpt lat="29.51004" lon="-97.42444">
        <ele>94.1</ele>
      </trkpt>
      <trkpt lat="29.50979" lon="-97.42521">
        <ele>88.9</ele>
      </trkpt>
      <trkpt lat="29.50965" lon="-97.42561">
        <ele>88.0</ele>
      </trkpt>
      <trkpt lat="29.50961" lon="-97.42568">
        <ele>87.7</ele>
      </trkpt>
      <trkpt lat="29.50942" lon="-97.42626">
        <ele>85.6</ele>
      </trkpt>
      <trkpt lat="29.5094" lon="-97.42631">
        <ele>85.4</ele>
      </trkpt>
      <trkpt lat="29.50931" lon="-97.4266">
        <ele>85.0</ele>
      </trkpt>
      <trkpt lat="29.50921" lon="-97.4269">
        <ele>84.7</ele>
      </trkpt>
      <trkpt lat="29.50917" lon="-97.42704">
        <ele>84.5</ele>
      </trkpt>
      <trkpt lat="29.50915" lon="-97.42709">
        <ele>84.5</ele>
      </trkpt>
      <trkpt lat="29.5091" lon="-97.42723">
        <ele>84.3</ele>
      </trkpt>
      <trkpt lat="29.50909" lon="-97.42728">
        <ele>84.3</ele>
      </trkpt>
      <trkpt lat="29.50899" lon="-97.42757">
        <ele>84.0</ele>
      </trkpt>
      <trkpt lat="29.50896" lon="-97.42766">
        <ele>84.0</ele>
      </trkpt>
      <trkpt lat="29.50893" lon="-97.42776">
        <ele>83.9</ele>
      </trkpt>
      <trkpt lat="29.50877" lon="-97.42819">
        <ele>83.5</ele>
      </trkpt>
      <trkpt lat="29.50855" lon="-97.42881">
        <ele>83.0</ele>
      </trkpt>
      <trkpt lat="29.5082" lon="-97.42986">
        <ele>82.3</ele>
      </trkpt>
      <trkpt lat="29.50801" lon="-97.43029">
        <ele>85.5</ele>
      </trkpt>
      <trkpt lat="29.50782" lon="-97.43083">
        <ele>86.3</ele>
      </trkpt>
      <trkpt lat="29.50782" lon="-97.43083">
        <ele>86.3</ele>
      </trkpt>
      <trkpt lat="29.50793" lon="-97.43087">
        <ele>86.6</ele>
      </trkpt>
      <trkpt lat="29.50822" lon="-97.43102">
        <ele>87.8</ele>
      </trkpt>
      <trkpt lat="29.50836" lon="-97.43109">
        <ele>88.2</ele>
      </trkpt>
      <trkpt lat="29.50836" lon="-97.4311">
        <ele>88.3</ele>
      </trkpt>
      <trkpt lat="29.50867" lon="-97.4313">
        <ele>89.1</ele>
      </trkpt>
      <trkpt lat="29.50867" lon="-97.4313">
        <ele>89.1</ele>
      </trkpt>
      <trkpt lat="29.50849" lon="-97.43189">
        <ele>89.2</ele>
      </trkpt>
      <trkpt lat="29.50847" lon="-97.43193">
        <ele>89.2</ele>
      </trkpt>
      <trkpt lat="29.50842" lon="-97.43209">
        <ele>89.2</ele>
      </trkpt>
      <trkpt lat="29.50835" lon="-97.43229">
        <ele>89.0</ele>
      </trkpt>
      <trkpt lat="29.50816" lon="-97.43285">
        <ele>88.8</ele>
      </trkpt>
      <trkpt lat="29.50815" lon="-97.43289">
        <ele>88.9</ele>
      </trkpt>
      <trkpt lat="29.5081" lon="-97.43304">
        <ele>88.9</ele>
      </trkpt>
      <trkpt lat="29.50808" lon="-97.43308">
        <ele>88.7</ele>
      </trkpt>
      <trkpt lat="29.50788" lon="-97.43366">
        <ele>89.4</ele>
      </trkpt>
      <trkpt lat="29.50787" lon="-97.43371">
        <ele>89.5</ele>
      </trkpt>
      <trkpt lat="29.50774" lon="-97.4341">
        <ele>90.1</ele>
      </trkpt>
      <trkpt lat="29.50773" lon="-97.43412">
        <ele>90.1</ele>
      </trkpt>
      <trkpt lat="29.50767" lon="-97.4343">
        <ele>90.1</ele>
      </trkpt>
      <trkpt lat="29.50741" lon="-97.43509">
        <ele>90.0</ele>
      </trkpt>
      <trkpt lat="29.50708" lon="-97.43603">
        <ele>89.7</ele>
      </trkpt>
      <trkpt lat="29.50692" lon="-97.43649">
        <ele>89.6</ele>
      </trkpt>
      <trkpt lat="29.50654" lon="-97.43764">
        <ele>89.3</ele>
      </trkpt>
      <trkpt lat="29.5065" lon="-97.43777">
        <ele>89.2</ele>
      </trkpt>
      <trkpt lat="29.50644" lon="-97.43795">
        <ele>89.1</ele>
      </trkpt>
      <trkpt lat="29.50634" lon="-97.43825">
        <ele>88.9</ele>
      </trkpt>
      <trkpt lat="29.50623" lon="-97.43854">
        <ele>88.7</ele>
      </trkpt>
      <trkpt lat="29.5062" lon="-97.43862">
        <ele>88.6</ele>
      </trkpt>
      <trkpt lat="29.5061" lon="-97.43892">
        <ele>88.3</ele>
      </trkpt>
      <trkpt lat="29.50607" lon="-97.43902">
        <ele>88.1</ele>
      </trkpt>
      <trkpt lat="29.50604" lon="-97.43911">
        <ele>88.0</ele>
      </trkpt>
      <trkpt lat="29.50601" lon="-97.4392">
        <ele>87.8</ele>
      </trkpt>
      <trkpt lat="29.50597" lon="-97.43932">
        <ele>87.6</ele>
      </trkpt>
      <trkpt lat="29.50595" lon="-97.43937">
        <ele>87.5</ele>
      </trkpt>
      <trkpt lat="29.50584" lon="-97.43969">
        <ele>86.9</ele>
      </trkpt>
      <trkpt lat="29.50583" lon="-97.43971">
        <ele>86.9</ele>
      </trkpt>
      <trkpt lat="29.50568" lon="-97.44018">
        <ele>85.8</ele>
      </trkpt>
      <trkpt lat="29.50567" lon="-97.44019">
        <ele>85.8</ele>
      </trkpt>
      <trkpt lat="29.50566" lon="-97.44023">
        <ele>85.7</ele>
      </trkpt>
      <trkpt lat="29.50561" lon="-97.44037">
        <ele>85.4</ele>
      </trkpt>
      <trkpt lat="29.50558" lon="-97.44047">
        <ele>85.2</ele>
      </trkpt>
      <trkpt lat="29.50555" lon="-97.44054">
        <ele>85.0</ele>
      </trkpt>
      <trkpt lat="29.50522" lon="-97.44153">
        <ele>82.7</ele>
      </trkpt>
      <trkpt lat="29.5052" lon="-97.44159">
        <ele>82.5</ele>
      </trkpt>
      <trkpt lat="29.50518" lon="-97.44165">
        <ele>82.4</ele>
      </trkpt>
      <trkpt lat="29.50508" lon="-97.44192">
        <ele>82.6</ele>
      </trkpt>
      <trkpt lat="29.50494" lon="-97.44236">
        <ele>84.0</ele>
      </trkpt>
      <trkpt lat="29.50479" lon="-97.44281">
        <ele>85.2</ele>
      </trkpt>
      <trkpt lat="29.50474" lon="-97.44293">
        <ele>85.5</ele>
      </trkpt>
      <trkpt lat="29.50471" lon="-97.44303">
        <ele>85.6</ele>
      </trkpt>
      <trkpt lat="29.50453" lon="-97.44357">
        <ele>86.1</ele>
      </trkpt>
      <trkpt lat="29.50451" lon="-97.44364">
        <ele>86.2</ele>
      </trkpt>
      <trkpt lat="29.5045" lon="-97.44364">
        <ele>86.2</ele>
      </trkpt>
      <trkpt lat="29.5044" lon="-97.44396">
        <ele>86.4</ele>
      </trkpt>
      <trkpt lat="29.50437" lon="-97.44403">
        <ele>86.5</ele>
      </trkpt>
      <trkpt lat="29.50436" lon="-97.44406">
        <ele>86.5</ele>
      </trkpt>
      <trkpt lat="29.50434" lon="-97.44412">
        <ele>86.5</ele>
      </trkpt>
      <trkpt lat="29.50433" lon="-97.44415">
        <ele>86.5</ele>
      </trkpt>
      <trkpt lat="29.5043" lon="-97.44423">
        <ele>86.5</ele>
      </trkpt>
      <trkpt lat="29.5043" lon="-97.44426">
        <ele>86.6</ele>
      </trkpt>
      <trkpt lat="29.50423" lon="-97.44446">
        <ele>86.6</ele>
      </trkpt>
      <trkpt lat="29.50423" lon="-97.44447">
        <ele>86.6</ele>
      </trkpt>
      <trkpt lat="29.50419" lon="-97.44458">
        <ele>86.6</ele>
      </trkpt>
      <trkpt lat="29.50415" lon="-97.44469">
        <ele>86.6</ele>
      </trkpt>
      <trkpt lat="29.50397" lon="-97.44524">
        <ele>86.3</ele>
      </trkpt>
      <trkpt lat="29.50393" lon="-97.44535">
        <ele>86.3</ele>
      </trkpt>
      <trkpt lat="29.50388" lon="-97.44548">
        <ele>86.4</ele>
      </trkpt>
      <trkpt lat="29.50336" lon="-97.44709">
        <ele>88.6</ele>
      </trkpt>
      <trkpt lat="29.50334" lon="-97.44713">
        <ele>88.7</ele>
      </trkpt>
      <trkpt lat="29.50313" lon="-97.44778">
        <ele>88.7</ele>
      </trkpt>
      <trkpt lat="29.50308" lon="-97.4479">
        <ele>88.7</ele>
      </trkpt>
      <trkpt lat="29.50306" lon="-97.44797">
        <ele>88.7</ele>
      </trkpt>
      <trkpt lat="29.50303" lon="-97.44806">
        <ele>88.7</ele>
      </trkpt>
      <trkpt lat="29.503" lon="-97.44816">
        <ele>88.8</ele>
      </trkpt>
      <trkpt lat="29.50296" lon="-97.44827">
        <ele>88.8</ele>
      </trkpt>
      <trkpt lat="29.50284" lon="-97.44862">
        <ele>88.7</ele>
      </trkpt>
      <trkpt lat="29.50283" lon="-97.44865">
        <ele>88.7</ele>
      </trkpt>
      <trkpt lat="29.50281" lon="-97.4487">
        <ele>88.7</ele>
      </trkpt>
      <trkpt lat="29.5028" lon="-97.44873">
        <ele>88.7</ele>
      </trkpt>
      <trkpt lat="29.50272" lon="-97.44899">
        <ele>88.7</ele>
      </trkpt>
      <trkpt lat="29.5027" lon="-97.44905">
        <ele>88.7</ele>
      </trkpt>
      <trkpt lat="29.50268" lon="-97.4491">
        <ele>88.7</ele>
      </trkpt>
      <trkpt lat="29.50264" lon="-97.44921">
        <ele>88.6</ele>
      </trkpt>
      <trkpt lat="29.50261" lon="-97.4493">
        <ele>88.6</ele>
      </trkpt>
      <trkpt lat="29.50258" lon="-97.44939">
        <ele>88.6</ele>
      </trkpt>
      <trkpt lat="29.50226" lon="-97.45035">
        <ele>88.1</ele>
      </trkpt>
      <trkpt lat="29.50222" lon="-97.45044">
        <ele>88.1</ele>
      </trkpt>
      <trkpt lat="29.50221" lon="-97.45049">
        <ele>88.1</ele>
      </trkpt>
      <trkpt lat="29.50221" lon="-97.4505">
        <ele>88.1</ele>
      </trkpt>
      <trkpt lat="29.50219" lon="-97.45055">
        <ele>88.1</ele>
      </trkpt>
      <trkpt lat="29.50201" lon="-97.45107">
        <ele>87.9</ele>
      </trkpt>
    </trkseg>
  </trk>
</gpx>
