<?xml version="1.0" encoding="UTF-8"?>
<gpx xmlns:xsi="http://www.w3.org/2001/XMLSchema-instance" xmlns="http://www.topografix.com/GPX/1/1" xmlns:gpxdata="http://www.cluetrust.com/XML/GPXDATA/1/0" xsi:schemaLocation="http://www.topografix.com/GPX/1/1 http://www.topografix.com/GPX/1/1/gpx.xsd http://www.cluetrust.com/XML/GPXDATA/1/0 http://www.cluetrust.com/Schemas/gpxdata10.xsd" version="1.1" creator="http://ridewithgps.com/">
  <metadata>
    <name>Graffiti Grinder 62</name>
    <link href="https://ridewithgps.com/routes/48861705">
      <text>Graffiti Grinder 62</text>
    </link>
    <time>2024-10-23T23:06:13Z</time>
  </metadata>
  <trk>
    <name>Graffiti Grinder 62</name>
    <trkseg>
      <trkpt lat="29.406966" lon="-97.736362">
        <ele>107.0</ele>
      </trkpt>
      <trkpt lat="29.407302" lon="-97.737065">
        <ele>105.0</ele>
      </trkpt>
      <trkpt lat="29.407215" lon="-97.73779">
        <ele>105.9</ele>
      </trkpt>
      <trkpt lat="29.40721" lon="-97.73777">
        <ele>105.9</ele>
      </trkpt>
      <trkpt lat="29.40716" lon="-97.73779">
        <ele>105.9</ele>
      </trkpt>
      <trkpt lat="29.40714" lon="-97.7378">
        <ele>105.9</ele>
      </trkpt>
      <trkpt lat="29.40702" lon="-97.73786">
        <ele>105.8</ele>
      </trkpt>
      <trkpt lat="29.40689" lon="-97.73794">
        <ele>105.6</ele>
      </trkpt>
      <trkpt lat="29.40677" lon="-97.73804">
        <ele>105.4</ele>
      </trkpt>
      <trkpt lat="29.40671" lon="-97.73811">
        <ele>105.4</ele>
      </trkpt>
      <trkpt lat="29.40664" lon="-97.73819">
        <ele>105.5</ele>
      </trkpt>
      <trkpt lat="29.40658" lon="-97.73826">
        <ele>105.7</ele>
      </trkpt>
      <trkpt lat="29.40655" lon="-97.7383">
        <ele>105.9</ele>
      </trkpt>
      <trkpt lat="29.4065" lon="-97.73836">
        <ele>106.3</ele>
      </trkpt>
      <trkpt lat="29.40632" lon="-97.73863">
        <ele>106.9</ele>
      </trkpt>
      <trkpt lat="29.40623" lon="-97.73876">
        <ele>106.9</ele>
      </trkpt>
      <trkpt lat="29.40614" lon="-97.73893">
        <ele>106.9</ele>
      </trkpt>
      <trkpt lat="29.40605" lon="-97.73908">
        <ele>106.9</ele>
      </trkpt>
      <trkpt lat="29.40605" lon="-97.73908">
        <ele>106.9</ele>
      </trkpt>
      <trkpt lat="29.40604" lon="-97.7391">
        <ele>106.9</ele>
      </trkpt>
      <trkpt lat="29.40594" lon="-97.73926">
        <ele>106.7</ele>
      </trkpt>
      <trkpt lat="29.40586" lon="-97.73938">
        <ele>106.0</ele>
      </trkpt>
      <trkpt lat="29.4058" lon="-97.73946">
        <ele>105.5</ele>
      </trkpt>
      <trkpt lat="29.40574" lon="-97.73951">
        <ele>105.0</ele>
      </trkpt>
      <trkpt lat="29.40568" lon="-97.73955">
        <ele>104.8</ele>
      </trkpt>
      <trkpt lat="29.40562" lon="-97.73959">
        <ele>105.1</ele>
      </trkpt>
      <trkpt lat="29.40555" lon="-97.73962">
        <ele>106.0</ele>
      </trkpt>
      <trkpt lat="29.40553" lon="-97.73962">
        <ele>106.2</ele>
      </trkpt>
      <trkpt lat="29.40546" lon="-97.73964">
        <ele>106.8</ele>
      </trkpt>
      <trkpt lat="29.40533" lon="-97.73967">
        <ele>107.0</ele>
      </trkpt>
      <trkpt lat="29.40502" lon="-97.73969">
        <ele>107.4</ele>
      </trkpt>
      <trkpt lat="29.40428" lon="-97.73971">
        <ele>107.9</ele>
      </trkpt>
      <trkpt lat="29.40426" lon="-97.73971">
        <ele>107.9</ele>
      </trkpt>
      <trkpt lat="29.4041" lon="-97.73971">
        <ele>108.0</ele>
      </trkpt>
      <trkpt lat="29.40392" lon="-97.73971">
        <ele>108.2</ele>
      </trkpt>
      <trkpt lat="29.4039" lon="-97.73971">
        <ele>108.2</ele>
      </trkpt>
      <trkpt lat="29.40322" lon="-97.73968">
        <ele>109.2</ele>
      </trkpt>
      <trkpt lat="29.40266" lon="-97.73963">
        <ele>109.7</ele>
      </trkpt>
      <trkpt lat="29.4023" lon="-97.7396">
        <ele>110.3</ele>
      </trkpt>
      <trkpt lat="29.40196" lon="-97.73957">
        <ele>110.6</ele>
      </trkpt>
      <trkpt lat="29.40183" lon="-97.73956">
        <ele>110.6</ele>
      </trkpt>
      <trkpt lat="29.40173" lon="-97.73957">
        <ele>110.6</ele>
      </trkpt>
      <trkpt lat="29.40161" lon="-97.73957">
        <ele>110.6</ele>
      </trkpt>
      <trkpt lat="29.4015" lon="-97.73962">
        <ele>110.7</ele>
      </trkpt>
      <trkpt lat="29.40141" lon="-97.73968">
        <ele>110.8</ele>
      </trkpt>
      <trkpt lat="29.40138" lon="-97.73974">
        <ele>110.9</ele>
      </trkpt>
      <trkpt lat="29.40132" lon="-97.73992">
        <ele>111.2</ele>
      </trkpt>
      <trkpt lat="29.40128" lon="-97.74012">
        <ele>111.7</ele>
      </trkpt>
      <trkpt lat="29.40123" lon="-97.74043">
        <ele>112.4</ele>
      </trkpt>
      <trkpt lat="29.40115" lon="-97.74084">
        <ele>113.0</ele>
      </trkpt>
      <trkpt lat="29.40104" lon="-97.7414">
        <ele>113.3</ele>
      </trkpt>
      <trkpt lat="29.40099" lon="-97.74169">
        <ele>113.4</ele>
      </trkpt>
      <trkpt lat="29.40097" lon="-97.74183">
        <ele>113.4</ele>
      </trkpt>
      <trkpt lat="29.40093" lon="-97.74209">
        <ele>113.5</ele>
      </trkpt>
      <trkpt lat="29.40091" lon="-97.74225">
        <ele>113.6</ele>
      </trkpt>
      <trkpt lat="29.4009" lon="-97.7423">
        <ele>113.6</ele>
      </trkpt>
      <trkpt lat="29.40089" lon="-97.74232">
        <ele>113.6</ele>
      </trkpt>
      <trkpt lat="29.40086" lon="-97.74238">
        <ele>113.7</ele>
      </trkpt>
      <trkpt lat="29.40083" lon="-97.74242">
        <ele>113.8</ele>
      </trkpt>
      <trkpt lat="29.40082" lon="-97.74244">
        <ele>113.8</ele>
      </trkpt>
      <trkpt lat="29.4008" lon="-97.74246">
        <ele>113.8</ele>
      </trkpt>
      <trkpt lat="29.40076" lon="-97.74249">
        <ele>113.9</ele>
      </trkpt>
      <trkpt lat="29.40072" lon="-97.74251">
        <ele>114.0</ele>
      </trkpt>
      <trkpt lat="29.40065" lon="-97.74254">
        <ele>114.2</ele>
      </trkpt>
      <trkpt lat="29.40063" lon="-97.74254">
        <ele>114.2</ele>
      </trkpt>
      <trkpt lat="29.40051" lon="-97.74256">
        <ele>114.4</ele>
      </trkpt>
      <trkpt lat="29.40027" lon="-97.74259">
        <ele>114.6</ele>
      </trkpt>
      <trkpt lat="29.40009" lon="-97.74261">
        <ele>114.6</ele>
      </trkpt>
      <trkpt lat="29.40006" lon="-97.74261">
        <ele>114.6</ele>
      </trkpt>
      <trkpt lat="29.39928" lon="-97.7427">
        <ele>114.8</ele>
      </trkpt>
      <trkpt lat="29.39854" lon="-97.74278">
        <ele>115.7</ele>
      </trkpt>
      <trkpt lat="29.39836" lon="-97.7428">
        <ele>116.0</ele>
      </trkpt>
      <trkpt lat="29.39813" lon="-97.74283">
        <ele>116.4</ele>
      </trkpt>
      <trkpt lat="29.39813" lon="-97.7428">
        <ele>116.4</ele>
      </trkpt>
      <trkpt lat="29.39813" lon="-97.7428">
        <ele>116.4</ele>
      </trkpt>
      <trkpt lat="29.39734" lon="-97.74289">
        <ele>117.9</ele>
      </trkpt>
      <trkpt lat="29.39656" lon="-97.74299">
        <ele>115.7</ele>
      </trkpt>
      <trkpt lat="29.39637" lon="-97.74303">
        <ele>115.3</ele>
      </trkpt>
      <trkpt lat="29.39618" lon="-97.74309">
        <ele>115.1</ele>
      </trkpt>
      <trkpt lat="29.3959" lon="-97.74323">
        <ele>114.8</ele>
      </trkpt>
      <trkpt lat="29.39523" lon="-97.74356">
        <ele>114.2</ele>
      </trkpt>
      <trkpt lat="29.39457" lon="-97.7439">
        <ele>114.9</ele>
      </trkpt>
      <trkpt lat="29.39449" lon="-97.74393">
        <ele>115.0</ele>
      </trkpt>
      <trkpt lat="29.39433" lon="-97.74396">
        <ele>115.1</ele>
      </trkpt>
      <trkpt lat="29.39417" lon="-97.74397">
        <ele>115.2</ele>
      </trkpt>
      <trkpt lat="29.39382" lon="-97.74396">
        <ele>115.1</ele>
      </trkpt>
      <trkpt lat="29.39295" lon="-97.7439">
        <ele>114.5</ele>
      </trkpt>
      <trkpt lat="29.39208" lon="-97.74384">
        <ele>114.7</ele>
      </trkpt>
      <trkpt lat="29.39165" lon="-97.74379">
        <ele>115.0</ele>
      </trkpt>
      <trkpt lat="29.39165" lon="-97.74418">
        <ele>116.0</ele>
      </trkpt>
      <trkpt lat="29.39164" lon="-97.7446">
        <ele>117.2</ele>
      </trkpt>
      <trkpt lat="29.39162" lon="-97.74523">
        <ele>119.1</ele>
      </trkpt>
      <trkpt lat="29.39162" lon="-97.74523">
        <ele>119.1</ele>
      </trkpt>
      <trkpt lat="29.39159" lon="-97.74646">
        <ele>115.2</ele>
      </trkpt>
      <trkpt lat="29.39158" lon="-97.74687">
        <ele>114.4</ele>
      </trkpt>
      <trkpt lat="29.39157" lon="-97.74728">
        <ele>114.5</ele>
      </trkpt>
      <trkpt lat="29.39157" lon="-97.74742">
        <ele>114.7</ele>
      </trkpt>
      <trkpt lat="29.39157" lon="-97.74784">
        <ele>115.2</ele>
      </trkpt>
      <trkpt lat="29.39157" lon="-97.74792">
        <ele>115.2</ele>
      </trkpt>
      <trkpt lat="29.39157" lon="-97.74797">
        <ele>115.2</ele>
      </trkpt>
      <trkpt lat="29.39158" lon="-97.74802">
        <ele>115.2</ele>
      </trkpt>
      <trkpt lat="29.39161" lon="-97.74813">
        <ele>115.2</ele>
      </trkpt>
      <trkpt lat="29.39162" lon="-97.74819">
        <ele>115.2</ele>
      </trkpt>
      <trkpt lat="29.39165" lon="-97.74829">
        <ele>115.2</ele>
      </trkpt>
      <trkpt lat="29.39167" lon="-97.74839">
        <ele>115.2</ele>
      </trkpt>
      <trkpt lat="29.39195" lon="-97.74948">
        <ele>112.3</ele>
      </trkpt>
      <trkpt lat="29.39195" lon="-97.74951">
        <ele>112.3</ele>
      </trkpt>
      <trkpt lat="29.39197" lon="-97.74956">
        <ele>112.2</ele>
      </trkpt>
      <trkpt lat="29.39197" lon="-97.74958">
        <ele>112.1</ele>
      </trkpt>
      <trkpt lat="29.39197" lon="-97.74959">
        <ele>112.1</ele>
      </trkpt>
      <trkpt lat="29.39205" lon="-97.74989">
        <ele>111.6</ele>
      </trkpt>
      <trkpt lat="29.3922" lon="-97.7505">
        <ele>110.8</ele>
      </trkpt>
      <trkpt lat="29.39223" lon="-97.75065">
        <ele>110.7</ele>
      </trkpt>
      <trkpt lat="29.39225" lon="-97.75074">
        <ele>110.6</ele>
      </trkpt>
      <trkpt lat="29.39226" lon="-97.75077">
        <ele>110.6</ele>
      </trkpt>
      <trkpt lat="29.39226" lon="-97.75083">
        <ele>110.5</ele>
      </trkpt>
      <trkpt lat="29.39227" lon="-97.7509">
        <ele>110.4</ele>
      </trkpt>
      <trkpt lat="29.39227" lon="-97.75098">
        <ele>110.3</ele>
      </trkpt>
      <trkpt lat="29.39226" lon="-97.75107">
        <ele>110.1</ele>
      </trkpt>
      <trkpt lat="29.39226" lon="-97.75108">
        <ele>110.1</ele>
      </trkpt>
      <trkpt lat="29.39225" lon="-97.75115">
        <ele>110.0</ele>
      </trkpt>
      <trkpt lat="29.39225" lon="-97.75118">
        <ele>110.0</ele>
      </trkpt>
      <trkpt lat="29.39224" lon="-97.75122">
        <ele>110.0</ele>
      </trkpt>
      <trkpt lat="29.39222" lon="-97.7513">
        <ele>109.8</ele>
      </trkpt>
      <trkpt lat="29.39219" lon="-97.7514">
        <ele>109.2</ele>
      </trkpt>
      <trkpt lat="29.39216" lon="-97.75148">
        <ele>108.9</ele>
      </trkpt>
      <trkpt lat="29.39215" lon="-97.75153">
        <ele>108.9</ele>
      </trkpt>
      <trkpt lat="29.39213" lon="-97.75157">
        <ele>108.9</ele>
      </trkpt>
      <trkpt lat="29.39201" lon="-97.75185">
        <ele>109.6</ele>
      </trkpt>
      <trkpt lat="29.39198" lon="-97.75194">
        <ele>109.8</ele>
      </trkpt>
      <trkpt lat="29.39183" lon="-97.7523">
        <ele>110.1</ele>
      </trkpt>
      <trkpt lat="29.39175" lon="-97.75251">
        <ele>110.2</ele>
      </trkpt>
      <trkpt lat="29.39172" lon="-97.7526">
        <ele>110.3</ele>
      </trkpt>
      <trkpt lat="29.39161" lon="-97.75289">
        <ele>110.4</ele>
      </trkpt>
      <trkpt lat="29.39158" lon="-97.75298">
        <ele>110.4</ele>
      </trkpt>
      <trkpt lat="29.39154" lon="-97.75308">
        <ele>110.4</ele>
      </trkpt>
      <trkpt lat="29.39152" lon="-97.75312">
        <ele>110.4</ele>
      </trkpt>
      <trkpt lat="29.3915" lon="-97.7532">
        <ele>110.4</ele>
      </trkpt>
      <trkpt lat="29.39148" lon="-97.75328">
        <ele>110.4</ele>
      </trkpt>
      <trkpt lat="29.39146" lon="-97.75337">
        <ele>110.4</ele>
      </trkpt>
      <trkpt lat="29.39145" lon="-97.75342">
        <ele>110.4</ele>
      </trkpt>
      <trkpt lat="29.39144" lon="-97.75351">
        <ele>110.4</ele>
      </trkpt>
      <trkpt lat="29.39143" lon="-97.75372">
        <ele>110.3</ele>
      </trkpt>
      <trkpt lat="29.3914" lon="-97.75418">
        <ele>110.3</ele>
      </trkpt>
      <trkpt lat="29.39139" lon="-97.75439">
        <ele>110.3</ele>
      </trkpt>
      <trkpt lat="29.39139" lon="-97.7544">
        <ele>110.3</ele>
      </trkpt>
      <trkpt lat="29.39139" lon="-97.75445">
        <ele>110.3</ele>
      </trkpt>
      <trkpt lat="29.39138" lon="-97.75451">
        <ele>110.3</ele>
      </trkpt>
      <trkpt lat="29.39136" lon="-97.75456">
        <ele>110.3</ele>
      </trkpt>
      <trkpt lat="29.39134" lon="-97.75461">
        <ele>110.2</ele>
      </trkpt>
      <trkpt lat="29.39132" lon="-97.75466">
        <ele>110.2</ele>
      </trkpt>
      <trkpt lat="29.39128" lon="-97.7547">
        <ele>110.3</ele>
      </trkpt>
      <trkpt lat="29.39126" lon="-97.75473">
        <ele>110.3</ele>
      </trkpt>
      <trkpt lat="29.39124" lon="-97.75474">
        <ele>110.3</ele>
      </trkpt>
      <trkpt lat="29.39124" lon="-97.75475">
        <ele>110.3</ele>
      </trkpt>
      <trkpt lat="29.39122" lon="-97.75476">
        <ele>110.3</ele>
      </trkpt>
      <trkpt lat="29.39119" lon="-97.75477">
        <ele>110.3</ele>
      </trkpt>
      <trkpt lat="29.39117" lon="-97.75477">
        <ele>110.3</ele>
      </trkpt>
      <trkpt lat="29.39113" lon="-97.75478">
        <ele>110.3</ele>
      </trkpt>
      <trkpt lat="29.39082" lon="-97.75478">
        <ele>110.4</ele>
      </trkpt>
      <trkpt lat="29.39053" lon="-97.75479">
        <ele>110.6</ele>
      </trkpt>
      <trkpt lat="29.39044" lon="-97.75479">
        <ele>110.6</ele>
      </trkpt>
      <trkpt lat="29.39034" lon="-97.75479">
        <ele>110.7</ele>
      </trkpt>
      <trkpt lat="29.3902" lon="-97.7548">
        <ele>110.8</ele>
      </trkpt>
      <trkpt lat="29.39012" lon="-97.75481">
        <ele>110.9</ele>
      </trkpt>
      <trkpt lat="29.39005" lon="-97.75482">
        <ele>110.9</ele>
      </trkpt>
      <trkpt lat="29.38993" lon="-97.75483">
        <ele>111.0</ele>
      </trkpt>
      <trkpt lat="29.38978" lon="-97.75486">
        <ele>111.0</ele>
      </trkpt>
      <trkpt lat="29.38967" lon="-97.75488">
        <ele>111.1</ele>
      </trkpt>
      <trkpt lat="29.38964" lon="-97.75489">
        <ele>111.1</ele>
      </trkpt>
      <trkpt lat="29.38958" lon="-97.75491">
        <ele>111.1</ele>
      </trkpt>
      <trkpt lat="29.38948" lon="-97.75494">
        <ele>111.2</ele>
      </trkpt>
      <trkpt lat="29.38938" lon="-97.75498">
        <ele>111.2</ele>
      </trkpt>
      <trkpt lat="29.3893" lon="-97.75502">
        <ele>111.3</ele>
      </trkpt>
      <trkpt lat="29.3893" lon="-97.75503">
        <ele>111.3</ele>
      </trkpt>
      <trkpt lat="29.38925" lon="-97.75507">
        <ele>111.5</ele>
      </trkpt>
      <trkpt lat="29.38918" lon="-97.75512">
        <ele>111.8</ele>
      </trkpt>
      <trkpt lat="29.38914" lon="-97.75515">
        <ele>112.0</ele>
      </trkpt>
      <trkpt lat="29.38909" lon="-97.75519">
        <ele>112.4</ele>
      </trkpt>
      <trkpt lat="29.38901" lon="-97.75527">
        <ele>112.9</ele>
      </trkpt>
      <trkpt lat="29.3885" lon="-97.75571">
        <ele>113.5</ele>
      </trkpt>
      <trkpt lat="29.38844" lon="-97.75577">
        <ele>113.5</ele>
      </trkpt>
      <trkpt lat="29.38843" lon="-97.75578">
        <ele>113.5</ele>
      </trkpt>
      <trkpt lat="29.38823" lon="-97.75596">
        <ele>113.9</ele>
      </trkpt>
      <trkpt lat="29.38802" lon="-97.75613">
        <ele>114.6</ele>
      </trkpt>
      <trkpt lat="29.38799" lon="-97.75616">
        <ele>114.7</ele>
      </trkpt>
      <trkpt lat="29.38781" lon="-97.75629">
        <ele>114.9</ele>
      </trkpt>
      <trkpt lat="29.38772" lon="-97.75634">
        <ele>115.0</ele>
      </trkpt>
      <trkpt lat="29.38765" lon="-97.75638">
        <ele>115.1</ele>
      </trkpt>
      <trkpt lat="29.38746" lon="-97.75648">
        <ele>115.2</ele>
      </trkpt>
      <trkpt lat="29.38735" lon="-97.75653">
        <ele>115.2</ele>
      </trkpt>
      <trkpt lat="29.38702" lon="-97.75669">
        <ele>115.4</ele>
      </trkpt>
      <trkpt lat="29.38669" lon="-97.75685">
        <ele>115.6</ele>
      </trkpt>
      <trkpt lat="29.38654" lon="-97.75692">
        <ele>115.8</ele>
      </trkpt>
      <trkpt lat="29.38636" lon="-97.75701">
        <ele>116.0</ele>
      </trkpt>
      <trkpt lat="29.38619" lon="-97.75709">
        <ele>116.8</ele>
      </trkpt>
      <trkpt lat="29.38597" lon="-97.7572">
        <ele>117.7</ele>
      </trkpt>
      <trkpt lat="29.38504" lon="-97.75766">
        <ele>119.4</ele>
      </trkpt>
      <trkpt lat="29.38488" lon="-97.75774">
        <ele>120.1</ele>
      </trkpt>
      <trkpt lat="29.38463" lon="-97.75786">
        <ele>120.8</ele>
      </trkpt>
      <trkpt lat="29.38421" lon="-97.75806">
        <ele>121.1</ele>
      </trkpt>
      <trkpt lat="29.38404" lon="-97.75814">
        <ele>121.2</ele>
      </trkpt>
      <trkpt lat="29.38398" lon="-97.75818">
        <ele>121.1</ele>
      </trkpt>
      <trkpt lat="29.38389" lon="-97.75822">
        <ele>121.2</ele>
      </trkpt>
      <trkpt lat="29.38388" lon="-97.75823">
        <ele>121.2</ele>
      </trkpt>
      <trkpt lat="29.38382" lon="-97.75826">
        <ele>121.2</ele>
      </trkpt>
      <trkpt lat="29.38378" lon="-97.75829">
        <ele>121.2</ele>
      </trkpt>
      <trkpt lat="29.38375" lon="-97.75832">
        <ele>121.1</ele>
      </trkpt>
      <trkpt lat="29.38373" lon="-97.75834">
        <ele>121.1</ele>
      </trkpt>
      <trkpt lat="29.38372" lon="-97.75836">
        <ele>121.1</ele>
      </trkpt>
      <trkpt lat="29.38369" lon="-97.7584">
        <ele>121.0</ele>
      </trkpt>
      <trkpt lat="29.38366" lon="-97.75845">
        <ele>120.8</ele>
      </trkpt>
      <trkpt lat="29.38364" lon="-97.7585">
        <ele>120.7</ele>
      </trkpt>
      <trkpt lat="29.38363" lon="-97.75853">
        <ele>120.6</ele>
      </trkpt>
      <trkpt lat="29.38362" lon="-97.75856">
        <ele>120.5</ele>
      </trkpt>
      <trkpt lat="29.3835" lon="-97.75893">
        <ele>119.2</ele>
      </trkpt>
      <trkpt lat="29.38347" lon="-97.759">
        <ele>119.0</ele>
      </trkpt>
      <trkpt lat="29.3834" lon="-97.75922">
        <ele>118.5</ele>
      </trkpt>
      <trkpt lat="29.38337" lon="-97.7593">
        <ele>118.5</ele>
      </trkpt>
      <trkpt lat="29.38336" lon="-97.75932">
        <ele>118.5</ele>
      </trkpt>
      <trkpt lat="29.38334" lon="-97.75936">
        <ele>118.6</ele>
      </trkpt>
      <trkpt lat="29.3833" lon="-97.75944">
        <ele>118.7</ele>
      </trkpt>
      <trkpt lat="29.38328" lon="-97.75948">
        <ele>118.8</ele>
      </trkpt>
      <trkpt lat="29.38327" lon="-97.75949">
        <ele>118.9</ele>
      </trkpt>
      <trkpt lat="29.38325" lon="-97.75952">
        <ele>119.0</ele>
      </trkpt>
      <trkpt lat="29.38319" lon="-97.75958">
        <ele>119.2</ele>
      </trkpt>
      <trkpt lat="29.38314" lon="-97.75963">
        <ele>119.4</ele>
      </trkpt>
      <trkpt lat="29.38313" lon="-97.75965">
        <ele>119.5</ele>
      </trkpt>
      <trkpt lat="29.38299" lon="-97.75975">
        <ele>119.8</ele>
      </trkpt>
      <trkpt lat="29.38297" lon="-97.75977">
        <ele>119.9</ele>
      </trkpt>
      <trkpt lat="29.38274" lon="-97.75995">
        <ele>120.6</ele>
      </trkpt>
      <trkpt lat="29.38269" lon="-97.75998">
        <ele>120.8</ele>
      </trkpt>
      <trkpt lat="29.38254" lon="-97.7601">
        <ele>121.2</ele>
      </trkpt>
      <trkpt lat="29.38234" lon="-97.76026">
        <ele>121.6</ele>
      </trkpt>
      <trkpt lat="29.38206" lon="-97.76048">
        <ele>123.4</ele>
      </trkpt>
      <trkpt lat="29.38195" lon="-97.76057">
        <ele>124.0</ele>
      </trkpt>
      <trkpt lat="29.38181" lon="-97.76069">
        <ele>124.3</ele>
      </trkpt>
      <trkpt lat="29.38168" lon="-97.7608">
        <ele>124.5</ele>
      </trkpt>
      <trkpt lat="29.38166" lon="-97.76082">
        <ele>124.5</ele>
      </trkpt>
      <trkpt lat="29.38109" lon="-97.76132">
        <ele>125.8</ele>
      </trkpt>
      <trkpt lat="29.38038" lon="-97.76194">
        <ele>127.6</ele>
      </trkpt>
      <trkpt lat="29.38029" lon="-97.76202">
        <ele>127.8</ele>
      </trkpt>
      <trkpt lat="29.38023" lon="-97.76207">
        <ele>127.9</ele>
      </trkpt>
      <trkpt lat="29.38009" lon="-97.7622">
        <ele>128.4</ele>
      </trkpt>
      <trkpt lat="29.37981" lon="-97.76245">
        <ele>130.0</ele>
      </trkpt>
      <trkpt lat="29.3798" lon="-97.76246">
        <ele>130.0</ele>
      </trkpt>
      <trkpt lat="29.37962" lon="-97.76264">
        <ele>130.9</ele>
      </trkpt>
      <trkpt lat="29.37956" lon="-97.7627">
        <ele>131.2</ele>
      </trkpt>
      <trkpt lat="29.37954" lon="-97.76273">
        <ele>131.3</ele>
      </trkpt>
      <trkpt lat="29.37952" lon="-97.76276">
        <ele>131.4</ele>
      </trkpt>
      <trkpt lat="29.37949" lon="-97.76283">
        <ele>131.5</ele>
      </trkpt>
      <trkpt lat="29.37947" lon="-97.76287">
        <ele>131.6</ele>
      </trkpt>
      <trkpt lat="29.37945" lon="-97.76291">
        <ele>131.7</ele>
      </trkpt>
      <trkpt lat="29.37944" lon="-97.76297">
        <ele>131.6</ele>
      </trkpt>
      <trkpt lat="29.37942" lon="-97.76303">
        <ele>131.5</ele>
      </trkpt>
      <trkpt lat="29.37941" lon="-97.76309">
        <ele>131.3</ele>
      </trkpt>
      <trkpt lat="29.37941" lon="-97.76311">
        <ele>131.3</ele>
      </trkpt>
      <trkpt lat="29.37941" lon="-97.76316">
        <ele>131.2</ele>
      </trkpt>
      <trkpt lat="29.37941" lon="-97.76331">
        <ele>130.9</ele>
      </trkpt>
      <trkpt lat="29.37941" lon="-97.76342">
        <ele>130.7</ele>
      </trkpt>
      <trkpt lat="29.37941" lon="-97.76364">
        <ele>130.0</ele>
      </trkpt>
      <trkpt lat="29.37941" lon="-97.76393">
        <ele>128.7</ele>
      </trkpt>
      <trkpt lat="29.37941" lon="-97.76414">
        <ele>128.0</ele>
      </trkpt>
      <trkpt lat="29.37942" lon="-97.76438">
        <ele>127.3</ele>
      </trkpt>
      <trkpt lat="29.37942" lon="-97.76455">
        <ele>126.5</ele>
      </trkpt>
      <trkpt lat="29.37942" lon="-97.76476">
        <ele>125.7</ele>
      </trkpt>
      <trkpt lat="29.37942" lon="-97.76517">
        <ele>125.2</ele>
      </trkpt>
      <trkpt lat="29.37942" lon="-97.76581">
        <ele>126.8</ele>
      </trkpt>
      <trkpt lat="29.37942" lon="-97.76618">
        <ele>127.7</ele>
      </trkpt>
      <trkpt lat="29.37941" lon="-97.76636">
        <ele>128.3</ele>
      </trkpt>
      <trkpt lat="29.3794" lon="-97.76675">
        <ele>129.6</ele>
      </trkpt>
      <trkpt lat="29.37939" lon="-97.76719">
        <ele>130.5</ele>
      </trkpt>
      <trkpt lat="29.37938" lon="-97.76745">
        <ele>130.5</ele>
      </trkpt>
      <trkpt lat="29.37937" lon="-97.76798">
        <ele>130.5</ele>
      </trkpt>
      <trkpt lat="29.37937" lon="-97.76822">
        <ele>130.5</ele>
      </trkpt>
      <trkpt lat="29.37935" lon="-97.76867">
        <ele>130.9</ele>
      </trkpt>
      <trkpt lat="29.37935" lon="-97.76893">
        <ele>131.4</ele>
      </trkpt>
      <trkpt lat="29.37933" lon="-97.76921">
        <ele>131.9</ele>
      </trkpt>
      <trkpt lat="29.37932" lon="-97.76946">
        <ele>132.0</ele>
      </trkpt>
      <trkpt lat="29.37932" lon="-97.76957">
        <ele>132.0</ele>
      </trkpt>
      <trkpt lat="29.3793" lon="-97.76989">
        <ele>131.9</ele>
      </trkpt>
      <trkpt lat="29.37928" lon="-97.77023">
        <ele>131.7</ele>
      </trkpt>
      <trkpt lat="29.37928" lon="-97.77028">
        <ele>131.7</ele>
      </trkpt>
      <trkpt lat="29.37926" lon="-97.77072">
        <ele>131.8</ele>
      </trkpt>
      <trkpt lat="29.37925" lon="-97.77078">
        <ele>131.8</ele>
      </trkpt>
      <trkpt lat="29.37924" lon="-97.77084">
        <ele>131.8</ele>
      </trkpt>
      <trkpt lat="29.37923" lon="-97.7709">
        <ele>131.8</ele>
      </trkpt>
      <trkpt lat="29.37923" lon="-97.77092">
        <ele>131.8</ele>
      </trkpt>
      <trkpt lat="29.37922" lon="-97.77097">
        <ele>131.8</ele>
      </trkpt>
      <trkpt lat="29.37918" lon="-97.77106">
        <ele>131.7</ele>
      </trkpt>
      <trkpt lat="29.37915" lon="-97.77112">
        <ele>131.7</ele>
      </trkpt>
      <trkpt lat="29.37911" lon="-97.77119">
        <ele>131.7</ele>
      </trkpt>
      <trkpt lat="29.37905" lon="-97.77127">
        <ele>131.6</ele>
      </trkpt>
      <trkpt lat="29.37892" lon="-97.7714">
        <ele>131.5</ele>
      </trkpt>
      <trkpt lat="29.37879" lon="-97.77153">
        <ele>131.2</ele>
      </trkpt>
      <trkpt lat="29.37866" lon="-97.77167">
        <ele>131.0</ele>
      </trkpt>
      <trkpt lat="29.37839" lon="-97.77194">
        <ele>130.6</ele>
      </trkpt>
      <trkpt lat="29.37825" lon="-97.77208">
        <ele>130.4</ele>
      </trkpt>
      <trkpt lat="29.37808" lon="-97.77225">
        <ele>130.5</ele>
      </trkpt>
      <trkpt lat="29.37799" lon="-97.77235">
        <ele>130.6</ele>
      </trkpt>
      <trkpt lat="29.37797" lon="-97.77237">
        <ele>130.6</ele>
      </trkpt>
      <trkpt lat="29.37788" lon="-97.77247">
        <ele>130.9</ele>
      </trkpt>
      <trkpt lat="29.37785" lon="-97.77249">
        <ele>131.0</ele>
      </trkpt>
      <trkpt lat="29.37775" lon="-97.77261">
        <ele>131.2</ele>
      </trkpt>
      <trkpt lat="29.37761" lon="-97.77278">
        <ele>131.4</ele>
      </trkpt>
      <trkpt lat="29.37761" lon="-97.77279">
        <ele>131.4</ele>
      </trkpt>
      <trkpt lat="29.37745" lon="-97.773">
        <ele>131.7</ele>
      </trkpt>
      <trkpt lat="29.37738" lon="-97.77311">
        <ele>131.8</ele>
      </trkpt>
      <trkpt lat="29.37705" lon="-97.7736">
        <ele>132.4</ele>
      </trkpt>
      <trkpt lat="29.37694" lon="-97.77376">
        <ele>132.5</ele>
      </trkpt>
      <trkpt lat="29.37686" lon="-97.77387">
        <ele>132.5</ele>
      </trkpt>
      <trkpt lat="29.37671" lon="-97.77409">
        <ele>132.5</ele>
      </trkpt>
      <trkpt lat="29.37639" lon="-97.77459">
        <ele>132.4</ele>
      </trkpt>
      <trkpt lat="29.37633" lon="-97.77469">
        <ele>132.4</ele>
      </trkpt>
      <trkpt lat="29.37629" lon="-97.77475">
        <ele>132.4</ele>
      </trkpt>
      <trkpt lat="29.37609" lon="-97.7751">
        <ele>132.5</ele>
      </trkpt>
      <trkpt lat="29.37601" lon="-97.77523">
        <ele>132.5</ele>
      </trkpt>
      <trkpt lat="29.3758" lon="-97.77562">
        <ele>132.3</ele>
      </trkpt>
      <trkpt lat="29.37564" lon="-97.77592">
        <ele>132.0</ele>
      </trkpt>
      <trkpt lat="29.37551" lon="-97.77614">
        <ele>131.5</ele>
      </trkpt>
      <trkpt lat="29.37528" lon="-97.77655">
        <ele>130.6</ele>
      </trkpt>
      <trkpt lat="29.37522" lon="-97.77666">
        <ele>130.6</ele>
      </trkpt>
      <trkpt lat="29.37502" lon="-97.77701">
        <ele>130.5</ele>
      </trkpt>
      <trkpt lat="29.37494" lon="-97.77715">
        <ele>130.3</ele>
      </trkpt>
      <trkpt lat="29.37484" lon="-97.77728">
        <ele>130.3</ele>
      </trkpt>
      <trkpt lat="29.37484" lon="-97.77729">
        <ele>130.3</ele>
      </trkpt>
      <trkpt lat="29.37475" lon="-97.7774">
        <ele>130.3</ele>
      </trkpt>
      <trkpt lat="29.37464" lon="-97.77752">
        <ele>130.3</ele>
      </trkpt>
      <trkpt lat="29.37452" lon="-97.77764">
        <ele>130.2</ele>
      </trkpt>
      <trkpt lat="29.3743" lon="-97.77783">
        <ele>129.9</ele>
      </trkpt>
      <trkpt lat="29.3739" lon="-97.77813">
        <ele>129.3</ele>
      </trkpt>
      <trkpt lat="29.37339" lon="-97.7785">
        <ele>129.8</ele>
      </trkpt>
      <trkpt lat="29.37336" lon="-97.77852">
        <ele>129.8</ele>
      </trkpt>
      <trkpt lat="29.37314" lon="-97.7787">
        <ele>130.1</ele>
      </trkpt>
      <trkpt lat="29.37297" lon="-97.77886">
        <ele>130.3</ele>
      </trkpt>
      <trkpt lat="29.3728" lon="-97.77902">
        <ele>130.5</ele>
      </trkpt>
      <trkpt lat="29.37265" lon="-97.77918">
        <ele>130.8</ele>
      </trkpt>
      <trkpt lat="29.37251" lon="-97.77934">
        <ele>131.0</ele>
      </trkpt>
      <trkpt lat="29.37229" lon="-97.77966">
        <ele>131.5</ele>
      </trkpt>
      <trkpt lat="29.37222" lon="-97.77977">
        <ele>131.6</ele>
      </trkpt>
      <trkpt lat="29.37207" lon="-97.77999">
        <ele>131.9</ele>
      </trkpt>
      <trkpt lat="29.37199" lon="-97.78009">
        <ele>132.1</ele>
      </trkpt>
      <trkpt lat="29.37185" lon="-97.78028">
        <ele>132.5</ele>
      </trkpt>
      <trkpt lat="29.37164" lon="-97.78056">
        <ele>132.9</ele>
      </trkpt>
      <trkpt lat="29.37154" lon="-97.78069">
        <ele>133.1</ele>
      </trkpt>
      <trkpt lat="29.37134" lon="-97.78096">
        <ele>133.3</ele>
      </trkpt>
      <trkpt lat="29.3712" lon="-97.78113">
        <ele>133.6</ele>
      </trkpt>
      <trkpt lat="29.37103" lon="-97.78131">
        <ele>133.9</ele>
      </trkpt>
      <trkpt lat="29.37097" lon="-97.78138">
        <ele>134.0</ele>
      </trkpt>
      <trkpt lat="29.3709" lon="-97.78145">
        <ele>134.0</ele>
      </trkpt>
      <trkpt lat="29.37076" lon="-97.78159">
        <ele>134.0</ele>
      </trkpt>
      <trkpt lat="29.37075" lon="-97.78159">
        <ele>134.0</ele>
      </trkpt>
      <trkpt lat="29.37062" lon="-97.78171">
        <ele>133.9</ele>
      </trkpt>
      <trkpt lat="29.37058" lon="-97.78174">
        <ele>133.8</ele>
      </trkpt>
      <trkpt lat="29.37047" lon="-97.78184">
        <ele>133.8</ele>
      </trkpt>
      <trkpt lat="29.37034" lon="-97.78194">
        <ele>133.7</ele>
      </trkpt>
      <trkpt lat="29.36989" lon="-97.78231">
        <ele>133.3</ele>
      </trkpt>
      <trkpt lat="29.36986" lon="-97.78233">
        <ele>133.3</ele>
      </trkpt>
      <trkpt lat="29.36974" lon="-97.78244">
        <ele>133.1</ele>
      </trkpt>
      <trkpt lat="29.3696" lon="-97.78256">
        <ele>133.0</ele>
      </trkpt>
      <trkpt lat="29.36953" lon="-97.78262">
        <ele>132.9</ele>
      </trkpt>
      <trkpt lat="29.3693" lon="-97.7828">
        <ele>132.7</ele>
      </trkpt>
      <trkpt lat="29.36928" lon="-97.78282">
        <ele>132.7</ele>
      </trkpt>
      <trkpt lat="29.36915" lon="-97.78291">
        <ele>132.6</ele>
      </trkpt>
      <trkpt lat="29.36911" lon="-97.78295">
        <ele>132.6</ele>
      </trkpt>
      <trkpt lat="29.369" lon="-97.78302">
        <ele>132.5</ele>
      </trkpt>
      <trkpt lat="29.36898" lon="-97.78303">
        <ele>132.4</ele>
      </trkpt>
      <trkpt lat="29.36886" lon="-97.7831">
        <ele>132.4</ele>
      </trkpt>
      <trkpt lat="29.36867" lon="-97.78319">
        <ele>132.2</ele>
      </trkpt>
      <trkpt lat="29.36858" lon="-97.78323">
        <ele>132.1</ele>
      </trkpt>
      <trkpt lat="29.36851" lon="-97.78327">
        <ele>132.1</ele>
      </trkpt>
      <trkpt lat="29.36825" lon="-97.78338">
        <ele>131.9</ele>
      </trkpt>
      <trkpt lat="29.36801" lon="-97.78349">
        <ele>131.8</ele>
      </trkpt>
      <trkpt lat="29.368" lon="-97.78349">
        <ele>131.8</ele>
      </trkpt>
      <trkpt lat="29.36776" lon="-97.78361">
        <ele>131.7</ele>
      </trkpt>
      <trkpt lat="29.36761" lon="-97.7837">
        <ele>131.7</ele>
      </trkpt>
      <trkpt lat="29.3675" lon="-97.78379">
        <ele>131.7</ele>
      </trkpt>
      <trkpt lat="29.36739" lon="-97.78392">
        <ele>131.8</ele>
      </trkpt>
      <trkpt lat="29.3673" lon="-97.78405">
        <ele>131.8</ele>
      </trkpt>
      <trkpt lat="29.36728" lon="-97.78408">
        <ele>131.9</ele>
      </trkpt>
      <trkpt lat="29.36714" lon="-97.78433">
        <ele>131.9</ele>
      </trkpt>
      <trkpt lat="29.36709" lon="-97.78442">
        <ele>131.9</ele>
      </trkpt>
      <trkpt lat="29.36705" lon="-97.78448">
        <ele>131.8</ele>
      </trkpt>
      <trkpt lat="29.36697" lon="-97.78463">
        <ele>131.8</ele>
      </trkpt>
      <trkpt lat="29.36685" lon="-97.78478">
        <ele>131.8</ele>
      </trkpt>
      <trkpt lat="29.36671" lon="-97.78493">
        <ele>131.6</ele>
      </trkpt>
      <trkpt lat="29.36653" lon="-97.7851">
        <ele>131.5</ele>
      </trkpt>
      <trkpt lat="29.36652" lon="-97.78511">
        <ele>131.5</ele>
      </trkpt>
      <trkpt lat="29.36612" lon="-97.78546">
        <ele>131.5</ele>
      </trkpt>
      <trkpt lat="29.36581" lon="-97.78572">
        <ele>131.4</ele>
      </trkpt>
      <trkpt lat="29.36567" lon="-97.78585">
        <ele>131.3</ele>
      </trkpt>
      <trkpt lat="29.36525" lon="-97.78621">
        <ele>131.2</ele>
      </trkpt>
      <trkpt lat="29.36511" lon="-97.78632">
        <ele>131.0</ele>
      </trkpt>
      <trkpt lat="29.3649" lon="-97.78649">
        <ele>130.7</ele>
      </trkpt>
      <trkpt lat="29.36448" lon="-97.78688">
        <ele>129.7</ele>
      </trkpt>
      <trkpt lat="29.36441" lon="-97.78694">
        <ele>129.6</ele>
      </trkpt>
      <trkpt lat="29.36421" lon="-97.78713">
        <ele>129.4</ele>
      </trkpt>
      <trkpt lat="29.3642" lon="-97.78714">
        <ele>129.4</ele>
      </trkpt>
      <trkpt lat="29.36409" lon="-97.78725">
        <ele>129.3</ele>
      </trkpt>
      <trkpt lat="29.36409" lon="-97.78725">
        <ele>129.3</ele>
      </trkpt>
      <trkpt lat="29.36406" lon="-97.78728">
        <ele>129.4</ele>
      </trkpt>
      <trkpt lat="29.36241" lon="-97.78887">
        <ele>129.1</ele>
      </trkpt>
      <trkpt lat="29.361" lon="-97.79024">
        <ele>129.2</ele>
      </trkpt>
      <trkpt lat="29.36084" lon="-97.79039">
        <ele>129.2</ele>
      </trkpt>
      <trkpt lat="29.36042" lon="-97.79079">
        <ele>129.7</ele>
      </trkpt>
      <trkpt lat="29.36017" lon="-97.79103">
        <ele>130.2</ele>
      </trkpt>
      <trkpt lat="29.35974" lon="-97.79144">
        <ele>131.0</ele>
      </trkpt>
      <trkpt lat="29.35948" lon="-97.79169">
        <ele>131.0</ele>
      </trkpt>
      <trkpt lat="29.35939" lon="-97.79177">
        <ele>131.1</ele>
      </trkpt>
      <trkpt lat="29.35896" lon="-97.79216">
        <ele>131.3</ele>
      </trkpt>
      <trkpt lat="29.35857" lon="-97.79251">
        <ele>132.0</ele>
      </trkpt>
      <trkpt lat="29.35838" lon="-97.79268">
        <ele>133.0</ele>
      </trkpt>
      <trkpt lat="29.35791" lon="-97.79308">
        <ele>133.9</ele>
      </trkpt>
      <trkpt lat="29.35777" lon="-97.7932">
        <ele>134.0</ele>
      </trkpt>
      <trkpt lat="29.3577" lon="-97.79326">
        <ele>134.0</ele>
      </trkpt>
      <trkpt lat="29.35661" lon="-97.79418">
        <ele>136.7</ele>
      </trkpt>
      <trkpt lat="29.35646" lon="-97.7943">
        <ele>136.8</ele>
      </trkpt>
      <trkpt lat="29.35631" lon="-97.79442">
        <ele>137.0</ele>
      </trkpt>
      <trkpt lat="29.356" lon="-97.7947">
        <ele>136.8</ele>
      </trkpt>
      <trkpt lat="29.35586" lon="-97.79482">
        <ele>136.7</ele>
      </trkpt>
      <trkpt lat="29.35584" lon="-97.79484">
        <ele>136.7</ele>
      </trkpt>
      <trkpt lat="29.35578" lon="-97.79491">
        <ele>136.7</ele>
      </trkpt>
      <trkpt lat="29.35572" lon="-97.79498">
        <ele>136.7</ele>
      </trkpt>
      <trkpt lat="29.35565" lon="-97.79512">
        <ele>136.7</ele>
      </trkpt>
      <trkpt lat="29.35562" lon="-97.79519">
        <ele>136.8</ele>
      </trkpt>
      <trkpt lat="29.35561" lon="-97.79525">
        <ele>136.9</ele>
      </trkpt>
      <trkpt lat="29.3556" lon="-97.7953">
        <ele>136.9</ele>
      </trkpt>
      <trkpt lat="29.35559" lon="-97.79533">
        <ele>137.0</ele>
      </trkpt>
      <trkpt lat="29.35559" lon="-97.79536">
        <ele>137.0</ele>
      </trkpt>
      <trkpt lat="29.35558" lon="-97.79545">
        <ele>137.0</ele>
      </trkpt>
      <trkpt lat="29.35557" lon="-97.7955">
        <ele>137.1</ele>
      </trkpt>
      <trkpt lat="29.35556" lon="-97.79559">
        <ele>137.1</ele>
      </trkpt>
      <trkpt lat="29.35555" lon="-97.7957">
        <ele>137.2</ele>
      </trkpt>
      <trkpt lat="29.35554" lon="-97.79576">
        <ele>137.3</ele>
      </trkpt>
      <trkpt lat="29.35551" lon="-97.79587">
        <ele>137.4</ele>
      </trkpt>
      <trkpt lat="29.35551" lon="-97.7959">
        <ele>137.5</ele>
      </trkpt>
      <trkpt lat="29.35548" lon="-97.79602">
        <ele>137.7</ele>
      </trkpt>
      <trkpt lat="29.35545" lon="-97.79615">
        <ele>137.9</ele>
      </trkpt>
      <trkpt lat="29.3554" lon="-97.7963">
        <ele>138.3</ele>
      </trkpt>
      <trkpt lat="29.3554" lon="-97.79631">
        <ele>138.3</ele>
      </trkpt>
      <trkpt lat="29.35538" lon="-97.79636">
        <ele>138.5</ele>
      </trkpt>
      <trkpt lat="29.35536" lon="-97.79643">
        <ele>138.7</ele>
      </trkpt>
      <trkpt lat="29.35534" lon="-97.79649">
        <ele>138.9</ele>
      </trkpt>
      <trkpt lat="29.35529" lon="-97.79665">
        <ele>139.4</ele>
      </trkpt>
      <trkpt lat="29.35518" lon="-97.79699">
        <ele>140.5</ele>
      </trkpt>
      <trkpt lat="29.3551" lon="-97.7972">
        <ele>141.4</ele>
      </trkpt>
      <trkpt lat="29.35506" lon="-97.79732">
        <ele>142.1</ele>
      </trkpt>
      <trkpt lat="29.35501" lon="-97.79745">
        <ele>142.7</ele>
      </trkpt>
      <trkpt lat="29.35501" lon="-97.79746">
        <ele>142.8</ele>
      </trkpt>
      <trkpt lat="29.35501" lon="-97.79747">
        <ele>142.8</ele>
      </trkpt>
      <trkpt lat="29.35494" lon="-97.79769">
        <ele>143.5</ele>
      </trkpt>
      <trkpt lat="29.35492" lon="-97.79776">
        <ele>143.7</ele>
      </trkpt>
      <trkpt lat="29.35491" lon="-97.79785">
        <ele>143.9</ele>
      </trkpt>
      <trkpt lat="29.35491" lon="-97.79786">
        <ele>143.9</ele>
      </trkpt>
      <trkpt lat="29.35489" lon="-97.79801">
        <ele>144.2</ele>
      </trkpt>
      <trkpt lat="29.35486" lon="-97.79838">
        <ele>144.6</ele>
      </trkpt>
      <trkpt lat="29.35485" lon="-97.79867">
        <ele>144.7</ele>
      </trkpt>
      <trkpt lat="29.35484" lon="-97.79873">
        <ele>144.7</ele>
      </trkpt>
      <trkpt lat="29.35483" lon="-97.79887">
        <ele>144.7</ele>
      </trkpt>
      <trkpt lat="29.35483" lon="-97.79888">
        <ele>144.7</ele>
      </trkpt>
      <trkpt lat="29.35483" lon="-97.79891">
        <ele>144.6</ele>
      </trkpt>
      <trkpt lat="29.35482" lon="-97.79913">
        <ele>144.4</ele>
      </trkpt>
      <trkpt lat="29.35482" lon="-97.79914">
        <ele>144.4</ele>
      </trkpt>
      <trkpt lat="29.35482" lon="-97.79929">
        <ele>144.1</ele>
      </trkpt>
      <trkpt lat="29.35482" lon="-97.7993">
        <ele>144.1</ele>
      </trkpt>
      <trkpt lat="29.35482" lon="-97.79934">
        <ele>144.0</ele>
      </trkpt>
      <trkpt lat="29.35483" lon="-97.79943">
        <ele>143.8</ele>
      </trkpt>
      <trkpt lat="29.35484" lon="-97.79952">
        <ele>143.5</ele>
      </trkpt>
      <trkpt lat="29.35487" lon="-97.79961">
        <ele>143.2</ele>
      </trkpt>
      <trkpt lat="29.35492" lon="-97.79979">
        <ele>142.5</ele>
      </trkpt>
      <trkpt lat="29.35503" lon="-97.80007">
        <ele>141.4</ele>
      </trkpt>
      <trkpt lat="29.35503" lon="-97.80008">
        <ele>141.4</ele>
      </trkpt>
      <trkpt lat="29.35505" lon="-97.80013">
        <ele>141.2</ele>
      </trkpt>
      <trkpt lat="29.3551" lon="-97.80026">
        <ele>140.8</ele>
      </trkpt>
      <trkpt lat="29.35515" lon="-97.80039">
        <ele>140.5</ele>
      </trkpt>
      <trkpt lat="29.35517" lon="-97.80045">
        <ele>140.4</ele>
      </trkpt>
      <trkpt lat="29.3552" lon="-97.80052">
        <ele>140.3</ele>
      </trkpt>
      <trkpt lat="29.35523" lon="-97.80061">
        <ele>140.4</ele>
      </trkpt>
      <trkpt lat="29.35524" lon="-97.80065">
        <ele>140.4</ele>
      </trkpt>
      <trkpt lat="29.35524" lon="-97.80066">
        <ele>140.5</ele>
      </trkpt>
      <trkpt lat="29.35525" lon="-97.8007">
        <ele>140.6</ele>
      </trkpt>
      <trkpt lat="29.35525" lon="-97.80071">
        <ele>140.6</ele>
      </trkpt>
      <trkpt lat="29.35525" lon="-97.80077">
        <ele>140.7</ele>
      </trkpt>
      <trkpt lat="29.35525" lon="-97.80084">
        <ele>140.9</ele>
      </trkpt>
      <trkpt lat="29.35525" lon="-97.80084">
        <ele>140.9</ele>
      </trkpt>
      <trkpt lat="29.35539" lon="-97.80092">
        <ele>141.1</ele>
      </trkpt>
      <trkpt lat="29.35539" lon="-97.80092">
        <ele>141.1</ele>
      </trkpt>
      <trkpt lat="29.35537" lon="-97.80105">
        <ele>141.4</ele>
      </trkpt>
      <trkpt lat="29.35537" lon="-97.80112">
        <ele>141.6</ele>
      </trkpt>
      <trkpt lat="29.35537" lon="-97.80116">
        <ele>141.7</ele>
      </trkpt>
      <trkpt lat="29.35537" lon="-97.80119">
        <ele>141.8</ele>
      </trkpt>
      <trkpt lat="29.35537" lon="-97.80121">
        <ele>141.9</ele>
      </trkpt>
      <trkpt lat="29.3554" lon="-97.80132">
        <ele>142.2</ele>
      </trkpt>
      <trkpt lat="29.35554" lon="-97.80193">
        <ele>144.0</ele>
      </trkpt>
      <trkpt lat="29.35556" lon="-97.80201">
        <ele>144.3</ele>
      </trkpt>
      <trkpt lat="29.35556" lon="-97.80203">
        <ele>144.4</ele>
      </trkpt>
      <trkpt lat="29.35562" lon="-97.80229">
        <ele>145.4</ele>
      </trkpt>
      <trkpt lat="29.35568" lon="-97.80254">
        <ele>146.3</ele>
      </trkpt>
      <trkpt lat="29.35574" lon="-97.80279">
        <ele>146.7</ele>
      </trkpt>
      <trkpt lat="29.35576" lon="-97.80293">
        <ele>146.9</ele>
      </trkpt>
      <trkpt lat="29.35578" lon="-97.80304">
        <ele>147.0</ele>
      </trkpt>
      <trkpt lat="29.35579" lon="-97.80316">
        <ele>147.1</ele>
      </trkpt>
      <trkpt lat="29.3558" lon="-97.80328">
        <ele>147.2</ele>
      </trkpt>
      <trkpt lat="29.3558" lon="-97.80339">
        <ele>147.3</ele>
      </trkpt>
      <trkpt lat="29.35579" lon="-97.8035">
        <ele>147.4</ele>
      </trkpt>
      <trkpt lat="29.35576" lon="-97.80369">
        <ele>147.7</ele>
      </trkpt>
      <trkpt lat="29.35576" lon="-97.80374">
        <ele>147.7</ele>
      </trkpt>
      <trkpt lat="29.35573" lon="-97.80386">
        <ele>148.0</ele>
      </trkpt>
      <trkpt lat="29.35566" lon="-97.80419">
        <ele>148.5</ele>
      </trkpt>
      <trkpt lat="29.35561" lon="-97.80436">
        <ele>148.7</ele>
      </trkpt>
      <trkpt lat="29.35558" lon="-97.80446">
        <ele>148.7</ele>
      </trkpt>
      <trkpt lat="29.35555" lon="-97.80451">
        <ele>148.7</ele>
      </trkpt>
      <trkpt lat="29.35553" lon="-97.80455">
        <ele>148.7</ele>
      </trkpt>
      <trkpt lat="29.35541" lon="-97.80477">
        <ele>148.3</ele>
      </trkpt>
      <trkpt lat="29.35536" lon="-97.80486">
        <ele>148.0</ele>
      </trkpt>
      <trkpt lat="29.35526" lon="-97.80503">
        <ele>147.5</ele>
      </trkpt>
      <trkpt lat="29.35506" lon="-97.80537">
        <ele>146.4</ele>
      </trkpt>
      <trkpt lat="29.35486" lon="-97.80571">
        <ele>146.1</ele>
      </trkpt>
      <trkpt lat="29.35484" lon="-97.80576">
        <ele>146.1</ele>
      </trkpt>
      <trkpt lat="29.35476" lon="-97.80588">
        <ele>146.0</ele>
      </trkpt>
      <trkpt lat="29.35475" lon="-97.8059">
        <ele>146.0</ele>
      </trkpt>
      <trkpt lat="29.35464" lon="-97.80604">
        <ele>145.9</ele>
      </trkpt>
      <trkpt lat="29.35456" lon="-97.80615">
        <ele>145.7</ele>
      </trkpt>
      <trkpt lat="29.35437" lon="-97.80638">
        <ele>145.3</ele>
      </trkpt>
      <trkpt lat="29.35427" lon="-97.8065">
        <ele>145.2</ele>
      </trkpt>
      <trkpt lat="29.35416" lon="-97.80661">
        <ele>145.2</ele>
      </trkpt>
      <trkpt lat="29.35405" lon="-97.80672">
        <ele>145.1</ele>
      </trkpt>
      <trkpt lat="29.354" lon="-97.80676">
        <ele>145.1</ele>
      </trkpt>
      <trkpt lat="29.35392" lon="-97.80682">
        <ele>145.1</ele>
      </trkpt>
      <trkpt lat="29.3538" lon="-97.80692">
        <ele>145.1</ele>
      </trkpt>
      <trkpt lat="29.3531" lon="-97.80744">
        <ele>145.6</ele>
      </trkpt>
      <trkpt lat="29.35277" lon="-97.80769">
        <ele>145.8</ele>
      </trkpt>
      <trkpt lat="29.35265" lon="-97.80779">
        <ele>145.9</ele>
      </trkpt>
      <trkpt lat="29.35236" lon="-97.80802">
        <ele>146.0</ele>
      </trkpt>
      <trkpt lat="29.35201" lon="-97.80829">
        <ele>146.0</ele>
      </trkpt>
      <trkpt lat="29.35191" lon="-97.80836">
        <ele>146.0</ele>
      </trkpt>
      <trkpt lat="29.35186" lon="-97.8084">
        <ele>146.0</ele>
      </trkpt>
      <trkpt lat="29.35175" lon="-97.80847">
        <ele>146.0</ele>
      </trkpt>
      <trkpt lat="29.35171" lon="-97.8085">
        <ele>146.0</ele>
      </trkpt>
      <trkpt lat="29.35156" lon="-97.80858">
        <ele>145.9</ele>
      </trkpt>
      <trkpt lat="29.35143" lon="-97.80865">
        <ele>145.9</ele>
      </trkpt>
      <trkpt lat="29.3514" lon="-97.80866">
        <ele>145.8</ele>
      </trkpt>
      <trkpt lat="29.35044" lon="-97.80913">
        <ele>144.3</ele>
      </trkpt>
      <trkpt lat="29.35023" lon="-97.80923">
        <ele>144.0</ele>
      </trkpt>
      <trkpt lat="29.34994" lon="-97.80938">
        <ele>143.6</ele>
      </trkpt>
      <trkpt lat="29.34961" lon="-97.80955">
        <ele>143.3</ele>
      </trkpt>
      <trkpt lat="29.34947" lon="-97.80962">
        <ele>143.1</ele>
      </trkpt>
      <trkpt lat="29.34933" lon="-97.8097">
        <ele>142.9</ele>
      </trkpt>
      <trkpt lat="29.34929" lon="-97.80973">
        <ele>142.9</ele>
      </trkpt>
      <trkpt lat="29.34919" lon="-97.80979">
        <ele>142.7</ele>
      </trkpt>
      <trkpt lat="29.34894" lon="-97.80998">
        <ele>141.8</ele>
      </trkpt>
      <trkpt lat="29.34869" lon="-97.81018">
        <ele>141.0</ele>
      </trkpt>
      <trkpt lat="29.34784" lon="-97.81093">
        <ele>139.8</ele>
      </trkpt>
      <trkpt lat="29.3474" lon="-97.8113">
        <ele>139.4</ele>
      </trkpt>
      <trkpt lat="29.34711" lon="-97.81154">
        <ele>139.6</ele>
      </trkpt>
      <trkpt lat="29.34702" lon="-97.81161">
        <ele>139.7</ele>
      </trkpt>
      <trkpt lat="29.34677" lon="-97.81184">
        <ele>140.1</ele>
      </trkpt>
      <trkpt lat="29.34655" lon="-97.81206">
        <ele>140.5</ele>
      </trkpt>
      <trkpt lat="29.34653" lon="-97.81208">
        <ele>140.5</ele>
      </trkpt>
      <trkpt lat="29.34631" lon="-97.81232">
        <ele>140.9</ele>
      </trkpt>
      <trkpt lat="29.34628" lon="-97.81234">
        <ele>140.9</ele>
      </trkpt>
      <trkpt lat="29.34615" lon="-97.81248">
        <ele>141.2</ele>
      </trkpt>
      <trkpt lat="29.34601" lon="-97.81261">
        <ele>141.4</ele>
      </trkpt>
      <trkpt lat="29.34596" lon="-97.81267">
        <ele>141.6</ele>
      </trkpt>
      <trkpt lat="29.34583" lon="-97.81278">
        <ele>142.1</ele>
      </trkpt>
      <trkpt lat="29.34533" lon="-97.81322">
        <ele>143.3</ele>
      </trkpt>
      <trkpt lat="29.34516" lon="-97.81337">
        <ele>143.5</ele>
      </trkpt>
      <trkpt lat="29.34488" lon="-97.81363">
        <ele>143.6</ele>
      </trkpt>
      <trkpt lat="29.34474" lon="-97.81376">
        <ele>143.5</ele>
      </trkpt>
      <trkpt lat="29.34393" lon="-97.81448">
        <ele>141.1</ele>
      </trkpt>
      <trkpt lat="29.34389" lon="-97.81452">
        <ele>141.0</ele>
      </trkpt>
      <trkpt lat="29.34375" lon="-97.81465">
        <ele>140.8</ele>
      </trkpt>
      <trkpt lat="29.34326" lon="-97.81509">
        <ele>140.0</ele>
      </trkpt>
      <trkpt lat="29.34269" lon="-97.81561">
        <ele>138.5</ele>
      </trkpt>
      <trkpt lat="29.34255" lon="-97.81573">
        <ele>138.4</ele>
      </trkpt>
      <trkpt lat="29.34247" lon="-97.8158">
        <ele>138.4</ele>
      </trkpt>
      <trkpt lat="29.34241" lon="-97.81586">
        <ele>138.4</ele>
      </trkpt>
      <trkpt lat="29.34213" lon="-97.81612">
        <ele>138.6</ele>
      </trkpt>
      <trkpt lat="29.34185" lon="-97.81639">
        <ele>138.9</ele>
      </trkpt>
      <trkpt lat="29.34158" lon="-97.81665">
        <ele>139.3</ele>
      </trkpt>
      <trkpt lat="29.34157" lon="-97.81665">
        <ele>139.3</ele>
      </trkpt>
      <trkpt lat="29.34116" lon="-97.81704">
        <ele>140.3</ele>
      </trkpt>
      <trkpt lat="29.34074" lon="-97.81743">
        <ele>141.5</ele>
      </trkpt>
      <trkpt lat="29.34003" lon="-97.81807">
        <ele>143.6</ele>
      </trkpt>
      <trkpt lat="29.33961" lon="-97.81845">
        <ele>143.8</ele>
      </trkpt>
      <trkpt lat="29.33946" lon="-97.81857">
        <ele>143.8</ele>
      </trkpt>
      <trkpt lat="29.33932" lon="-97.8187">
        <ele>143.9</ele>
      </trkpt>
      <trkpt lat="29.33876" lon="-97.81921">
        <ele>143.3</ele>
      </trkpt>
      <trkpt lat="29.33871" lon="-97.81925">
        <ele>143.2</ele>
      </trkpt>
      <trkpt lat="29.33862" lon="-97.81934">
        <ele>142.9</ele>
      </trkpt>
      <trkpt lat="29.33827" lon="-97.81966">
        <ele>142.3</ele>
      </trkpt>
      <trkpt lat="29.33827" lon="-97.81966">
        <ele>142.3</ele>
      </trkpt>
      <trkpt lat="29.3382" lon="-97.81973">
        <ele>142.2</ele>
      </trkpt>
      <trkpt lat="29.33779" lon="-97.8201">
        <ele>142.0</ele>
      </trkpt>
      <trkpt lat="29.33763" lon="-97.82024">
        <ele>142.0</ele>
      </trkpt>
      <trkpt lat="29.33723" lon="-97.82061">
        <ele>142.8</ele>
      </trkpt>
      <trkpt lat="29.33706" lon="-97.82075">
        <ele>143.5</ele>
      </trkpt>
      <trkpt lat="29.33692" lon="-97.82087">
        <ele>143.7</ele>
      </trkpt>
      <trkpt lat="29.33691" lon="-97.82088">
        <ele>143.7</ele>
      </trkpt>
      <trkpt lat="29.33678" lon="-97.821">
        <ele>143.7</ele>
      </trkpt>
      <trkpt lat="29.33671" lon="-97.82106">
        <ele>143.7</ele>
      </trkpt>
      <trkpt lat="29.33664" lon="-97.82113">
        <ele>143.7</ele>
      </trkpt>
      <trkpt lat="29.3366" lon="-97.82117">
        <ele>143.6</ele>
      </trkpt>
      <trkpt lat="29.33656" lon="-97.82122">
        <ele>143.5</ele>
      </trkpt>
      <trkpt lat="29.33652" lon="-97.82128">
        <ele>143.4</ele>
      </trkpt>
      <trkpt lat="29.33648" lon="-97.82136">
        <ele>143.2</ele>
      </trkpt>
      <trkpt lat="29.33644" lon="-97.82144">
        <ele>142.8</ele>
      </trkpt>
      <trkpt lat="29.33635" lon="-97.82165">
        <ele>141.4</ele>
      </trkpt>
      <trkpt lat="29.3362" lon="-97.82202">
        <ele>139.0</ele>
      </trkpt>
      <trkpt lat="29.33616" lon="-97.82213">
        <ele>138.1</ele>
      </trkpt>
      <trkpt lat="29.33613" lon="-97.82219">
        <ele>137.7</ele>
      </trkpt>
      <trkpt lat="29.33612" lon="-97.82221">
        <ele>137.6</ele>
      </trkpt>
      <trkpt lat="29.33603" lon="-97.82237">
        <ele>136.6</ele>
      </trkpt>
      <trkpt lat="29.33603" lon="-97.82237">
        <ele>136.6</ele>
      </trkpt>
      <trkpt lat="29.33592" lon="-97.82221">
        <ele>137.1</ele>
      </trkpt>
      <trkpt lat="29.3358" lon="-97.82205">
        <ele>137.2</ele>
      </trkpt>
      <trkpt lat="29.33534" lon="-97.82142">
        <ele>140.7</ele>
      </trkpt>
      <trkpt lat="29.33527" lon="-97.82133">
        <ele>140.8</ele>
      </trkpt>
      <trkpt lat="29.33523" lon="-97.82126">
        <ele>141.0</ele>
      </trkpt>
      <trkpt lat="29.33511" lon="-97.82108">
        <ele>141.6</ele>
      </trkpt>
      <trkpt lat="29.33503" lon="-97.82098">
        <ele>141.9</ele>
      </trkpt>
      <trkpt lat="29.33492" lon="-97.82082">
        <ele>142.5</ele>
      </trkpt>
      <trkpt lat="29.3347" lon="-97.82049">
        <ele>145.0</ele>
      </trkpt>
      <trkpt lat="29.33458" lon="-97.82033">
        <ele>147.3</ele>
      </trkpt>
      <trkpt lat="29.33447" lon="-97.82017">
        <ele>150.0</ele>
      </trkpt>
      <trkpt lat="29.3344" lon="-97.82007">
        <ele>151.9</ele>
      </trkpt>
      <trkpt lat="29.33431" lon="-97.81995">
        <ele>152.9</ele>
      </trkpt>
      <trkpt lat="29.33424" lon="-97.81985">
        <ele>152.4</ele>
      </trkpt>
      <trkpt lat="29.33413" lon="-97.81969">
        <ele>151.0</ele>
      </trkpt>
      <trkpt lat="29.33402" lon="-97.81953">
        <ele>149.6</ele>
      </trkpt>
      <trkpt lat="29.33401" lon="-97.81952">
        <ele>149.5</ele>
      </trkpt>
      <trkpt lat="29.33391" lon="-97.81937">
        <ele>149.0</ele>
      </trkpt>
      <trkpt lat="29.33368" lon="-97.81904">
        <ele>148.8</ele>
      </trkpt>
      <trkpt lat="29.33357" lon="-97.81888">
        <ele>149.3</ele>
      </trkpt>
      <trkpt lat="29.33335" lon="-97.81856">
        <ele>150.1</ele>
      </trkpt>
      <trkpt lat="29.33324" lon="-97.8184">
        <ele>149.5</ele>
      </trkpt>
      <trkpt lat="29.33313" lon="-97.81823">
        <ele>148.6</ele>
      </trkpt>
      <trkpt lat="29.33299" lon="-97.81804">
        <ele>147.5</ele>
      </trkpt>
      <trkpt lat="29.33277" lon="-97.8177">
        <ele>145.0</ele>
      </trkpt>
      <trkpt lat="29.33258" lon="-97.81742">
        <ele>143.0</ele>
      </trkpt>
      <trkpt lat="29.33247" lon="-97.81725">
        <ele>141.9</ele>
      </trkpt>
      <trkpt lat="29.33236" lon="-97.81709">
        <ele>140.9</ele>
      </trkpt>
      <trkpt lat="29.33227" lon="-97.81696">
        <ele>140.1</ele>
      </trkpt>
      <trkpt lat="29.33225" lon="-97.81693">
        <ele>140.0</ele>
      </trkpt>
      <trkpt lat="29.33206" lon="-97.81663">
        <ele>138.7</ele>
      </trkpt>
      <trkpt lat="29.33201" lon="-97.81658">
        <ele>138.5</ele>
      </trkpt>
      <trkpt lat="29.33197" lon="-97.81654">
        <ele>138.4</ele>
      </trkpt>
      <trkpt lat="29.33192" lon="-97.81653">
        <ele>138.3</ele>
      </trkpt>
      <trkpt lat="29.33191" lon="-97.81652">
        <ele>138.2</ele>
      </trkpt>
      <trkpt lat="29.33187" lon="-97.81653">
        <ele>138.1</ele>
      </trkpt>
      <trkpt lat="29.3318" lon="-97.81656">
        <ele>137.9</ele>
      </trkpt>
      <trkpt lat="29.33174" lon="-97.81661">
        <ele>137.7</ele>
      </trkpt>
      <trkpt lat="29.33147" lon="-97.81687">
        <ele>137.5</ele>
      </trkpt>
      <trkpt lat="29.33134" lon="-97.81701">
        <ele>137.5</ele>
      </trkpt>
      <trkpt lat="29.33133" lon="-97.81701">
        <ele>137.5</ele>
      </trkpt>
      <trkpt lat="29.33107" lon="-97.81726">
        <ele>137.4</ele>
      </trkpt>
      <trkpt lat="29.3306" lon="-97.81768">
        <ele>136.5</ele>
      </trkpt>
      <trkpt lat="29.33048" lon="-97.81779">
        <ele>136.5</ele>
      </trkpt>
      <trkpt lat="29.33043" lon="-97.81784">
        <ele>136.6</ele>
      </trkpt>
      <trkpt lat="29.33038" lon="-97.81788">
        <ele>136.6</ele>
      </trkpt>
      <trkpt lat="29.33033" lon="-97.81791">
        <ele>136.7</ele>
      </trkpt>
      <trkpt lat="29.33028" lon="-97.81792">
        <ele>136.7</ele>
      </trkpt>
      <trkpt lat="29.33024" lon="-97.81791">
        <ele>136.5</ele>
      </trkpt>
      <trkpt lat="29.33023" lon="-97.81791">
        <ele>136.5</ele>
      </trkpt>
      <trkpt lat="29.33018" lon="-97.81788">
        <ele>136.2</ele>
      </trkpt>
      <trkpt lat="29.33013" lon="-97.81783">
        <ele>135.8</ele>
      </trkpt>
      <trkpt lat="29.32999" lon="-97.81763">
        <ele>134.5</ele>
      </trkpt>
      <trkpt lat="29.32987" lon="-97.81747">
        <ele>133.7</ele>
      </trkpt>
      <trkpt lat="29.32982" lon="-97.8174">
        <ele>133.4</ele>
      </trkpt>
      <trkpt lat="29.32976" lon="-97.81731">
        <ele>133.2</ele>
      </trkpt>
      <trkpt lat="29.32975" lon="-97.81728">
        <ele>133.1</ele>
      </trkpt>
      <trkpt lat="29.32965" lon="-97.81715">
        <ele>133.1</ele>
      </trkpt>
      <trkpt lat="29.32954" lon="-97.81699">
        <ele>133.4</ele>
      </trkpt>
      <trkpt lat="29.32943" lon="-97.81682">
        <ele>134.0</ele>
      </trkpt>
      <trkpt lat="29.32932" lon="-97.81666">
        <ele>134.7</ele>
      </trkpt>
      <trkpt lat="29.32909" lon="-97.81634">
        <ele>136.9</ele>
      </trkpt>
      <trkpt lat="29.32898" lon="-97.81618">
        <ele>137.9</ele>
      </trkpt>
      <trkpt lat="29.32889" lon="-97.81604">
        <ele>139.4</ele>
      </trkpt>
      <trkpt lat="29.32887" lon="-97.81602">
        <ele>139.5</ele>
      </trkpt>
      <trkpt lat="29.32853" lon="-97.81553">
        <ele>140.0</ele>
      </trkpt>
      <trkpt lat="29.32842" lon="-97.81537">
        <ele>139.8</ele>
      </trkpt>
      <trkpt lat="29.32835" lon="-97.81527">
        <ele>139.7</ele>
      </trkpt>
      <trkpt lat="29.32831" lon="-97.81521">
        <ele>139.5</ele>
      </trkpt>
      <trkpt lat="29.3282" lon="-97.81505">
        <ele>139.2</ele>
      </trkpt>
      <trkpt lat="29.32818" lon="-97.81502">
        <ele>139.1</ele>
      </trkpt>
      <trkpt lat="29.32786" lon="-97.81457">
        <ele>137.9</ele>
      </trkpt>
      <trkpt lat="29.32775" lon="-97.8144">
        <ele>137.3</ele>
      </trkpt>
      <trkpt lat="29.32752" lon="-97.81408">
        <ele>135.0</ele>
      </trkpt>
      <trkpt lat="29.32741" lon="-97.81392">
        <ele>134.6</ele>
      </trkpt>
      <trkpt lat="29.32719" lon="-97.8136">
        <ele>135.0</ele>
      </trkpt>
      <trkpt lat="29.32708" lon="-97.81344">
        <ele>135.3</ele>
      </trkpt>
      <trkpt lat="29.32674" lon="-97.81295">
        <ele>136.0</ele>
      </trkpt>
      <trkpt lat="29.32654" lon="-97.81266">
        <ele>136.0</ele>
      </trkpt>
      <trkpt lat="29.3264" lon="-97.81247">
        <ele>136.1</ele>
      </trkpt>
      <trkpt lat="29.32618" lon="-97.81214">
        <ele>136.6</ele>
      </trkpt>
      <trkpt lat="29.32563" lon="-97.81133">
        <ele>139.1</ele>
      </trkpt>
      <trkpt lat="29.32541" lon="-97.811">
        <ele>139.5</ele>
      </trkpt>
      <trkpt lat="29.32536" lon="-97.81094">
        <ele>139.5</ele>
      </trkpt>
      <trkpt lat="29.32525" lon="-97.81078">
        <ele>139.4</ele>
      </trkpt>
      <trkpt lat="29.3252" lon="-97.81073">
        <ele>139.3</ele>
      </trkpt>
      <trkpt lat="29.32515" lon="-97.8107">
        <ele>139.3</ele>
      </trkpt>
      <trkpt lat="29.32509" lon="-97.81068">
        <ele>139.3</ele>
      </trkpt>
      <trkpt lat="29.32503" lon="-97.81068">
        <ele>139.3</ele>
      </trkpt>
      <trkpt lat="29.32496" lon="-97.81069">
        <ele>139.4</ele>
      </trkpt>
      <trkpt lat="29.3248" lon="-97.81074">
        <ele>139.7</ele>
      </trkpt>
      <trkpt lat="29.32446" lon="-97.81083">
        <ele>140.1</ele>
      </trkpt>
      <trkpt lat="29.32429" lon="-97.81088">
        <ele>140.3</ele>
      </trkpt>
      <trkpt lat="29.3241" lon="-97.81094">
        <ele>140.4</ele>
      </trkpt>
      <trkpt lat="29.32342" lon="-97.81113">
        <ele>140.0</ele>
      </trkpt>
      <trkpt lat="29.32336" lon="-97.81115">
        <ele>139.9</ele>
      </trkpt>
      <trkpt lat="29.32307" lon="-97.81125">
        <ele>139.1</ele>
      </trkpt>
      <trkpt lat="29.3229" lon="-97.81131">
        <ele>138.6</ele>
      </trkpt>
      <trkpt lat="29.32288" lon="-97.81131">
        <ele>138.5</ele>
      </trkpt>
      <trkpt lat="29.32185" lon="-97.81166">
        <ele>137.4</ele>
      </trkpt>
      <trkpt lat="29.32184" lon="-97.81166">
        <ele>137.4</ele>
      </trkpt>
      <trkpt lat="29.32169" lon="-97.81171">
        <ele>137.5</ele>
      </trkpt>
      <trkpt lat="29.32149" lon="-97.81177">
        <ele>137.6</ele>
      </trkpt>
      <trkpt lat="29.32134" lon="-97.81181">
        <ele>137.6</ele>
      </trkpt>
      <trkpt lat="29.32128" lon="-97.81182">
        <ele>137.6</ele>
      </trkpt>
      <trkpt lat="29.3212" lon="-97.81184">
        <ele>137.5</ele>
      </trkpt>
      <trkpt lat="29.32115" lon="-97.81185">
        <ele>137.5</ele>
      </trkpt>
      <trkpt lat="29.32099" lon="-97.81187">
        <ele>137.4</ele>
      </trkpt>
      <trkpt lat="29.3209" lon="-97.81189">
        <ele>137.3</ele>
      </trkpt>
      <trkpt lat="29.32081" lon="-97.81192">
        <ele>137.2</ele>
      </trkpt>
      <trkpt lat="29.32072" lon="-97.81196">
        <ele>136.9</ele>
      </trkpt>
      <trkpt lat="29.32063" lon="-97.81201">
        <ele>136.6</ele>
      </trkpt>
      <trkpt lat="29.32054" lon="-97.81207">
        <ele>136.2</ele>
      </trkpt>
      <trkpt lat="29.32037" lon="-97.81221">
        <ele>135.1</ele>
      </trkpt>
      <trkpt lat="29.32026" lon="-97.81229">
        <ele>134.8</ele>
      </trkpt>
      <trkpt lat="29.32008" lon="-97.81245">
        <ele>134.2</ele>
      </trkpt>
      <trkpt lat="29.31993" lon="-97.81257">
        <ele>133.6</ele>
      </trkpt>
      <trkpt lat="29.31975" lon="-97.81273">
        <ele>132.5</ele>
      </trkpt>
      <trkpt lat="29.31965" lon="-97.81282">
        <ele>132.1</ele>
      </trkpt>
      <trkpt lat="29.3195" lon="-97.81295">
        <ele>131.4</ele>
      </trkpt>
      <trkpt lat="29.31937" lon="-97.81306">
        <ele>130.8</ele>
      </trkpt>
      <trkpt lat="29.31936" lon="-97.81307">
        <ele>130.7</ele>
      </trkpt>
      <trkpt lat="29.31921" lon="-97.81319">
        <ele>130.1</ele>
      </trkpt>
      <trkpt lat="29.31907" lon="-97.81332">
        <ele>129.2</ele>
      </trkpt>
      <trkpt lat="29.31902" lon="-97.81336">
        <ele>128.9</ele>
      </trkpt>
      <trkpt lat="29.31902" lon="-97.81336">
        <ele>128.9</ele>
      </trkpt>
      <trkpt lat="29.31888" lon="-97.81348">
        <ele>128.3</ele>
      </trkpt>
      <trkpt lat="29.31864" lon="-97.81369">
        <ele>128.1</ele>
      </trkpt>
      <trkpt lat="29.31859" lon="-97.81372">
        <ele>128.2</ele>
      </trkpt>
      <trkpt lat="29.31856" lon="-97.81375">
        <ele>128.2</ele>
      </trkpt>
      <trkpt lat="29.31849" lon="-97.8138">
        <ele>128.2</ele>
      </trkpt>
      <trkpt lat="29.31842" lon="-97.81384">
        <ele>128.2</ele>
      </trkpt>
      <trkpt lat="29.31836" lon="-97.81385">
        <ele>128.4</ele>
      </trkpt>
      <trkpt lat="29.31829" lon="-97.81385">
        <ele>128.6</ele>
      </trkpt>
      <trkpt lat="29.31823" lon="-97.81381">
        <ele>128.8</ele>
      </trkpt>
      <trkpt lat="29.31817" lon="-97.81376">
        <ele>129.1</ele>
      </trkpt>
      <trkpt lat="29.31816" lon="-97.81375">
        <ele>129.1</ele>
      </trkpt>
      <trkpt lat="29.31811" lon="-97.81368">
        <ele>129.4</ele>
      </trkpt>
      <trkpt lat="29.31802" lon="-97.81354">
        <ele>130.0</ele>
      </trkpt>
      <trkpt lat="29.31789" lon="-97.81335">
        <ele>130.7</ele>
      </trkpt>
      <trkpt lat="29.31783" lon="-97.81326">
        <ele>131.0</ele>
      </trkpt>
      <trkpt lat="29.3178" lon="-97.81321">
        <ele>131.1</ele>
      </trkpt>
      <trkpt lat="29.31769" lon="-97.81306">
        <ele>131.5</ele>
      </trkpt>
      <trkpt lat="29.31758" lon="-97.81291">
        <ele>131.6</ele>
      </trkpt>
      <trkpt lat="29.31738" lon="-97.81262">
        <ele>130.8</ele>
      </trkpt>
      <trkpt lat="29.31711" lon="-97.81226">
        <ele>129.4</ele>
      </trkpt>
      <trkpt lat="29.31613" lon="-97.81086">
        <ele>125.4</ele>
      </trkpt>
      <trkpt lat="29.31601" lon="-97.81069">
        <ele>124.9</ele>
      </trkpt>
      <trkpt lat="29.31598" lon="-97.81065">
        <ele>124.8</ele>
      </trkpt>
      <trkpt lat="29.31564" lon="-97.81017">
        <ele>123.0</ele>
      </trkpt>
      <trkpt lat="29.31534" lon="-97.80974">
        <ele>122.0</ele>
      </trkpt>
      <trkpt lat="29.31515" lon="-97.80947">
        <ele>122.0</ele>
      </trkpt>
      <trkpt lat="29.31476" lon="-97.80891">
        <ele>122.3</ele>
      </trkpt>
      <trkpt lat="29.31474" lon="-97.80888">
        <ele>122.4</ele>
      </trkpt>
      <trkpt lat="29.31456" lon="-97.80861">
        <ele>122.7</ele>
      </trkpt>
      <trkpt lat="29.31445" lon="-97.80844">
        <ele>123.1</ele>
      </trkpt>
      <trkpt lat="29.31441" lon="-97.80839">
        <ele>123.3</ele>
      </trkpt>
      <trkpt lat="29.31401" lon="-97.80779">
        <ele>124.8</ele>
      </trkpt>
      <trkpt lat="29.31397" lon="-97.80774">
        <ele>124.9</ele>
      </trkpt>
      <trkpt lat="29.3139" lon="-97.80763">
        <ele>125.0</ele>
      </trkpt>
      <trkpt lat="29.31373" lon="-97.80738">
        <ele>126.9</ele>
      </trkpt>
      <trkpt lat="29.31368" lon="-97.8073">
        <ele>127.5</ele>
      </trkpt>
      <trkpt lat="29.3133" lon="-97.80677">
        <ele>129.1</ele>
      </trkpt>
      <trkpt lat="29.31323" lon="-97.80666">
        <ele>129.7</ele>
      </trkpt>
      <trkpt lat="29.31315" lon="-97.80655">
        <ele>130.3</ele>
      </trkpt>
      <trkpt lat="29.31297" lon="-97.80628">
        <ele>131.2</ele>
      </trkpt>
      <trkpt lat="29.31225" lon="-97.80525">
        <ele>131.1</ele>
      </trkpt>
      <trkpt lat="29.31104" lon="-97.8035">
        <ele>129.4</ele>
      </trkpt>
      <trkpt lat="29.31089" lon="-97.80328">
        <ele>129.2</ele>
      </trkpt>
      <trkpt lat="29.31024" lon="-97.80234">
        <ele>128.3</ele>
      </trkpt>
      <trkpt lat="29.31011" lon="-97.80215">
        <ele>128.2</ele>
      </trkpt>
      <trkpt lat="29.30986" lon="-97.8018">
        <ele>127.6</ele>
      </trkpt>
      <trkpt lat="29.30972" lon="-97.80159">
        <ele>127.2</ele>
      </trkpt>
      <trkpt lat="29.30967" lon="-97.8015">
        <ele>126.9</ele>
      </trkpt>
      <trkpt lat="29.30963" lon="-97.8014">
        <ele>126.7</ele>
      </trkpt>
      <trkpt lat="29.30962" lon="-97.8013">
        <ele>126.5</ele>
      </trkpt>
      <trkpt lat="29.30962" lon="-97.80129">
        <ele>126.5</ele>
      </trkpt>
      <trkpt lat="29.30964" lon="-97.80122">
        <ele>126.4</ele>
      </trkpt>
      <trkpt lat="29.30967" lon="-97.80114">
        <ele>126.3</ele>
      </trkpt>
      <trkpt lat="29.30971" lon="-97.80106">
        <ele>126.2</ele>
      </trkpt>
      <trkpt lat="29.30976" lon="-97.80099">
        <ele>126.2</ele>
      </trkpt>
      <trkpt lat="29.30977" lon="-97.80098">
        <ele>126.2</ele>
      </trkpt>
      <trkpt lat="29.30982" lon="-97.80092">
        <ele>126.2</ele>
      </trkpt>
      <trkpt lat="29.30995" lon="-97.80079">
        <ele>126.1</ele>
      </trkpt>
      <trkpt lat="29.31018" lon="-97.8006">
        <ele>126.2</ele>
      </trkpt>
      <trkpt lat="29.31025" lon="-97.80053">
        <ele>126.2</ele>
      </trkpt>
      <trkpt lat="29.31032" lon="-97.80044">
        <ele>126.2</ele>
      </trkpt>
      <trkpt lat="29.31036" lon="-97.80035">
        <ele>126.2</ele>
      </trkpt>
      <trkpt lat="29.31038" lon="-97.80025">
        <ele>126.1</ele>
      </trkpt>
      <trkpt lat="29.31037" lon="-97.80016">
        <ele>126.0</ele>
      </trkpt>
      <trkpt lat="29.31034" lon="-97.80007">
        <ele>125.9</ele>
      </trkpt>
      <trkpt lat="29.31029" lon="-97.79998">
        <ele>125.8</ele>
      </trkpt>
      <trkpt lat="29.31023" lon="-97.79988">
        <ele>125.7</ele>
      </trkpt>
      <trkpt lat="29.31007" lon="-97.79967">
        <ele>125.5</ele>
      </trkpt>
      <trkpt lat="29.30997" lon="-97.79953">
        <ele>125.4</ele>
      </trkpt>
      <trkpt lat="29.30989" lon="-97.79941">
        <ele>125.4</ele>
      </trkpt>
      <trkpt lat="29.30986" lon="-97.79937">
        <ele>125.4</ele>
      </trkpt>
      <trkpt lat="29.30966" lon="-97.79909">
        <ele>125.3</ele>
      </trkpt>
      <trkpt lat="29.30877" lon="-97.7978">
        <ele>122.1</ele>
      </trkpt>
      <trkpt lat="29.30874" lon="-97.79776">
        <ele>122.0</ele>
      </trkpt>
      <trkpt lat="29.30844" lon="-97.79732">
        <ele>121.2</ele>
      </trkpt>
      <trkpt lat="29.30829" lon="-97.79711">
        <ele>120.9</ele>
      </trkpt>
      <trkpt lat="29.30821" lon="-97.797">
        <ele>120.7</ele>
      </trkpt>
      <trkpt lat="29.30821" lon="-97.79699">
        <ele>120.7</ele>
      </trkpt>
      <trkpt lat="29.30773" lon="-97.79631">
        <ele>119.7</ele>
      </trkpt>
      <trkpt lat="29.30765" lon="-97.79618">
        <ele>119.3</ele>
      </trkpt>
      <trkpt lat="29.3074" lon="-97.79582">
        <ele>119.5</ele>
      </trkpt>
      <trkpt lat="29.30722" lon="-97.79556">
        <ele>119.9</ele>
      </trkpt>
      <trkpt lat="29.30709" lon="-97.79537">
        <ele>120.2</ele>
      </trkpt>
      <trkpt lat="29.30706" lon="-97.79533">
        <ele>120.2</ele>
      </trkpt>
      <trkpt lat="29.30695" lon="-97.79517">
        <ele>120.5</ele>
      </trkpt>
      <trkpt lat="29.30675" lon="-97.79489">
        <ele>120.8</ele>
      </trkpt>
      <trkpt lat="29.30672" lon="-97.79485">
        <ele>120.9</ele>
      </trkpt>
      <trkpt lat="29.30661" lon="-97.79469">
        <ele>120.9</ele>
      </trkpt>
      <trkpt lat="29.3063" lon="-97.79425">
        <ele>120.6</ele>
      </trkpt>
      <trkpt lat="29.30595" lon="-97.79374">
        <ele>119.9</ele>
      </trkpt>
      <trkpt lat="29.30553" lon="-97.79313">
        <ele>118.9</ele>
      </trkpt>
      <trkpt lat="29.30538" lon="-97.79291">
        <ele>118.6</ele>
      </trkpt>
      <trkpt lat="29.3053" lon="-97.79279">
        <ele>118.5</ele>
      </trkpt>
      <trkpt lat="29.30527" lon="-97.79275">
        <ele>118.4</ele>
      </trkpt>
      <trkpt lat="29.30473" lon="-97.79199">
        <ele>117.5</ele>
      </trkpt>
      <trkpt lat="29.3047" lon="-97.79195">
        <ele>117.5</ele>
      </trkpt>
      <trkpt lat="29.30437" lon="-97.79146">
        <ele>116.8</ele>
      </trkpt>
      <trkpt lat="29.30417" lon="-97.79118">
        <ele>116.5</ele>
      </trkpt>
      <trkpt lat="29.30396" lon="-97.79088">
        <ele>116.3</ele>
      </trkpt>
      <trkpt lat="29.30358" lon="-97.79033">
        <ele>116.2</ele>
      </trkpt>
      <trkpt lat="29.3035" lon="-97.79021">
        <ele>116.2</ele>
      </trkpt>
      <trkpt lat="29.30318" lon="-97.78975">
        <ele>116.1</ele>
      </trkpt>
      <trkpt lat="29.3029" lon="-97.78933">
        <ele>116.2</ele>
      </trkpt>
      <trkpt lat="29.30211" lon="-97.7882">
        <ele>115.6</ele>
      </trkpt>
      <trkpt lat="29.3016" lon="-97.78746">
        <ele>114.1</ele>
      </trkpt>
      <trkpt lat="29.30154" lon="-97.78737">
        <ele>114.0</ele>
      </trkpt>
      <trkpt lat="29.30151" lon="-97.78733">
        <ele>113.9</ele>
      </trkpt>
      <trkpt lat="29.30138" lon="-97.78715">
        <ele>113.9</ele>
      </trkpt>
      <trkpt lat="29.30138" lon="-97.78715">
        <ele>113.9</ele>
      </trkpt>
      <trkpt lat="29.30106" lon="-97.78743">
        <ele>114.4</ele>
      </trkpt>
      <trkpt lat="29.30078" lon="-97.78769">
        <ele>114.5</ele>
      </trkpt>
      <trkpt lat="29.30059" lon="-97.78787">
        <ele>114.5</ele>
      </trkpt>
      <trkpt lat="29.30039" lon="-97.78805">
        <ele>114.3</ele>
      </trkpt>
      <trkpt lat="29.30014" lon="-97.78827">
        <ele>114.1</ele>
      </trkpt>
      <trkpt lat="29.30002" lon="-97.78837">
        <ele>114.1</ele>
      </trkpt>
      <trkpt lat="29.29979" lon="-97.78858">
        <ele>114.0</ele>
      </trkpt>
      <trkpt lat="29.29942" lon="-97.7889">
        <ele>114.0</ele>
      </trkpt>
      <trkpt lat="29.29939" lon="-97.78892">
        <ele>114.0</ele>
      </trkpt>
      <trkpt lat="29.29879" lon="-97.78946">
        <ele>114.4</ele>
      </trkpt>
      <trkpt lat="29.29827" lon="-97.78993">
        <ele>115.1</ele>
      </trkpt>
      <trkpt lat="29.29812" lon="-97.79007">
        <ele>115.4</ele>
      </trkpt>
      <trkpt lat="29.29795" lon="-97.79021">
        <ele>115.6</ele>
      </trkpt>
      <trkpt lat="29.29762" lon="-97.7905">
        <ele>115.9</ele>
      </trkpt>
      <trkpt lat="29.29737" lon="-97.79073">
        <ele>116.1</ele>
      </trkpt>
      <trkpt lat="29.29732" lon="-97.79077">
        <ele>116.1</ele>
      </trkpt>
      <trkpt lat="29.29659" lon="-97.79143">
        <ele>116.5</ele>
      </trkpt>
      <trkpt lat="29.29655" lon="-97.79146">
        <ele>116.6</ele>
      </trkpt>
      <trkpt lat="29.29621" lon="-97.79176">
        <ele>116.6</ele>
      </trkpt>
      <trkpt lat="29.29568" lon="-97.79224">
        <ele>116.7</ele>
      </trkpt>
      <trkpt lat="29.29565" lon="-97.79227">
        <ele>116.7</ele>
      </trkpt>
      <trkpt lat="29.29544" lon="-97.79246">
        <ele>116.8</ele>
      </trkpt>
      <trkpt lat="29.29514" lon="-97.79273">
        <ele>116.8</ele>
      </trkpt>
      <trkpt lat="29.29509" lon="-97.79278">
        <ele>116.8</ele>
      </trkpt>
      <trkpt lat="29.29495" lon="-97.79291">
        <ele>116.7</ele>
      </trkpt>
      <trkpt lat="29.29437" lon="-97.79343">
        <ele>116.4</ele>
      </trkpt>
      <trkpt lat="29.29405" lon="-97.79373">
        <ele>116.1</ele>
      </trkpt>
      <trkpt lat="29.29382" lon="-97.79393">
        <ele>115.8</ele>
      </trkpt>
      <trkpt lat="29.29352" lon="-97.79421">
        <ele>115.1</ele>
      </trkpt>
      <trkpt lat="29.29345" lon="-97.79427">
        <ele>114.9</ele>
      </trkpt>
      <trkpt lat="29.29325" lon="-97.79446">
        <ele>114.3</ele>
      </trkpt>
      <trkpt lat="29.29295" lon="-97.79472">
        <ele>113.4</ele>
      </trkpt>
      <trkpt lat="29.29244" lon="-97.79519">
        <ele>112.7</ele>
      </trkpt>
      <trkpt lat="29.29204" lon="-97.79555">
        <ele>111.7</ele>
      </trkpt>
      <trkpt lat="29.29185" lon="-97.79573">
        <ele>111.1</ele>
      </trkpt>
      <trkpt lat="29.29162" lon="-97.79593">
        <ele>110.5</ele>
      </trkpt>
      <trkpt lat="29.29071" lon="-97.79674">
        <ele>109.5</ele>
      </trkpt>
      <trkpt lat="29.29071" lon="-97.79674">
        <ele>109.5</ele>
      </trkpt>
      <trkpt lat="29.29034" lon="-97.79707">
        <ele>109.0</ele>
      </trkpt>
      <trkpt lat="29.28985" lon="-97.7975">
        <ele>108.3</ele>
      </trkpt>
      <trkpt lat="29.28973" lon="-97.7976">
        <ele>108.0</ele>
      </trkpt>
      <trkpt lat="29.28973" lon="-97.7976">
        <ele>108.0</ele>
      </trkpt>
      <trkpt lat="29.28955" lon="-97.79738">
        <ele>108.2</ele>
      </trkpt>
      <trkpt lat="29.28932" lon="-97.7971">
        <ele>109.0</ele>
      </trkpt>
      <trkpt lat="29.28909" lon="-97.79684">
        <ele>109.8</ele>
      </trkpt>
      <trkpt lat="29.28893" lon="-97.79666">
        <ele>109.7</ele>
      </trkpt>
      <trkpt lat="29.28893" lon="-97.79666">
        <ele>109.7</ele>
      </trkpt>
      <trkpt lat="29.28867" lon="-97.79689">
        <ele>109.3</ele>
      </trkpt>
      <trkpt lat="29.2886" lon="-97.79695">
        <ele>109.0</ele>
      </trkpt>
      <trkpt lat="29.28854" lon="-97.797">
        <ele>108.8</ele>
      </trkpt>
      <trkpt lat="29.2885" lon="-97.79704">
        <ele>108.6</ele>
      </trkpt>
      <trkpt lat="29.28839" lon="-97.79714">
        <ele>108.0</ele>
      </trkpt>
      <trkpt lat="29.28825" lon="-97.79727">
        <ele>107.4</ele>
      </trkpt>
      <trkpt lat="29.28798" lon="-97.79751">
        <ele>106.9</ele>
      </trkpt>
      <trkpt lat="29.28782" lon="-97.79768">
        <ele>106.1</ele>
      </trkpt>
      <trkpt lat="29.28775" lon="-97.79774">
        <ele>105.5</ele>
      </trkpt>
      <trkpt lat="29.28773" lon="-97.79777">
        <ele>105.3</ele>
      </trkpt>
      <trkpt lat="29.2877" lon="-97.79781">
        <ele>105.1</ele>
      </trkpt>
      <trkpt lat="29.28762" lon="-97.79786">
        <ele>104.9</ele>
      </trkpt>
      <trkpt lat="29.28711" lon="-97.79838">
        <ele>107.3</ele>
      </trkpt>
      <trkpt lat="29.28688" lon="-97.7986">
        <ele>107.8</ele>
      </trkpt>
      <trkpt lat="29.28674" lon="-97.79872">
        <ele>108.2</ele>
      </trkpt>
      <trkpt lat="29.28645" lon="-97.79898">
        <ele>108.6</ele>
      </trkpt>
      <trkpt lat="29.28575" lon="-97.79962">
        <ele>109.4</ele>
      </trkpt>
      <trkpt lat="29.28546" lon="-97.79988">
        <ele>109.5</ele>
      </trkpt>
      <trkpt lat="29.28544" lon="-97.79989">
        <ele>109.5</ele>
      </trkpt>
      <trkpt lat="29.28544" lon="-97.79989">
        <ele>109.5</ele>
      </trkpt>
      <trkpt lat="29.28532" lon="-97.8">
        <ele>109.5</ele>
      </trkpt>
      <trkpt lat="29.28498" lon="-97.80031">
        <ele>109.4</ele>
      </trkpt>
      <trkpt lat="29.2849" lon="-97.80038">
        <ele>109.3</ele>
      </trkpt>
      <trkpt lat="29.28421" lon="-97.80099">
        <ele>109.0</ele>
      </trkpt>
      <trkpt lat="29.2839" lon="-97.80126">
        <ele>108.6</ele>
      </trkpt>
      <trkpt lat="29.28325" lon="-97.80184">
        <ele>106.8</ele>
      </trkpt>
      <trkpt lat="29.28324" lon="-97.80185">
        <ele>106.8</ele>
      </trkpt>
      <trkpt lat="29.28317" lon="-97.80189">
        <ele>106.8</ele>
      </trkpt>
      <trkpt lat="29.28308" lon="-97.80197">
        <ele>106.8</ele>
      </trkpt>
      <trkpt lat="29.28296" lon="-97.80209">
        <ele>106.8</ele>
      </trkpt>
      <trkpt lat="29.28282" lon="-97.80222">
        <ele>106.9</ele>
      </trkpt>
      <trkpt lat="29.28268" lon="-97.80234">
        <ele>107.1</ele>
      </trkpt>
      <trkpt lat="29.28254" lon="-97.80247">
        <ele>107.2</ele>
      </trkpt>
      <trkpt lat="29.28239" lon="-97.80259">
        <ele>107.2</ele>
      </trkpt>
      <trkpt lat="29.28154" lon="-97.80334">
        <ele>109.1</ele>
      </trkpt>
      <trkpt lat="29.28054" lon="-97.80422">
        <ele>109.9</ele>
      </trkpt>
      <trkpt lat="29.28011" lon="-97.8046">
        <ele>110.0</ele>
      </trkpt>
      <trkpt lat="29.27991" lon="-97.80477">
        <ele>110.0</ele>
      </trkpt>
      <trkpt lat="29.27982" lon="-97.80485">
        <ele>110.1</ele>
      </trkpt>
      <trkpt lat="29.27926" lon="-97.80536">
        <ele>110.9</ele>
      </trkpt>
      <trkpt lat="29.27908" lon="-97.80552">
        <ele>111.1</ele>
      </trkpt>
      <trkpt lat="29.27855" lon="-97.806">
        <ele>111.8</ele>
      </trkpt>
      <trkpt lat="29.27803" lon="-97.80647">
        <ele>112.5</ele>
      </trkpt>
      <trkpt lat="29.27758" lon="-97.80687">
        <ele>112.8</ele>
      </trkpt>
      <trkpt lat="29.27731" lon="-97.80711">
        <ele>112.8</ele>
      </trkpt>
      <trkpt lat="29.27657" lon="-97.80776">
        <ele>114.0</ele>
      </trkpt>
      <trkpt lat="29.27574" lon="-97.80848">
        <ele>115.7</ele>
      </trkpt>
      <trkpt lat="29.27557" lon="-97.80862">
        <ele>116.0</ele>
      </trkpt>
      <trkpt lat="29.27546" lon="-97.80872">
        <ele>116.2</ele>
      </trkpt>
      <trkpt lat="29.2746" lon="-97.80947">
        <ele>117.1</ele>
      </trkpt>
      <trkpt lat="29.27445" lon="-97.80959">
        <ele>117.5</ele>
      </trkpt>
      <trkpt lat="29.27417" lon="-97.80984">
        <ele>118.3</ele>
      </trkpt>
      <trkpt lat="29.27416" lon="-97.80985">
        <ele>118.3</ele>
      </trkpt>
      <trkpt lat="29.27372" lon="-97.81024">
        <ele>120.2</ele>
      </trkpt>
      <trkpt lat="29.2736" lon="-97.81035">
        <ele>121.4</ele>
      </trkpt>
      <trkpt lat="29.27359" lon="-97.81035">
        <ele>121.4</ele>
      </trkpt>
      <trkpt lat="29.27331" lon="-97.81059">
        <ele>122.9</ele>
      </trkpt>
      <trkpt lat="29.2731" lon="-97.81077">
        <ele>123.9</ele>
      </trkpt>
      <trkpt lat="29.27278" lon="-97.81105">
        <ele>125.6</ele>
      </trkpt>
      <trkpt lat="29.2723" lon="-97.81147">
        <ele>127.2</ele>
      </trkpt>
      <trkpt lat="29.27216" lon="-97.81159">
        <ele>127.5</ele>
      </trkpt>
      <trkpt lat="29.27187" lon="-97.81184">
        <ele>126.7</ele>
      </trkpt>
      <trkpt lat="29.27158" lon="-97.81209">
        <ele>125.3</ele>
      </trkpt>
      <trkpt lat="29.27101" lon="-97.81258">
        <ele>126.4</ele>
      </trkpt>
      <trkpt lat="29.27086" lon="-97.81271">
        <ele>127.5</ele>
      </trkpt>
      <trkpt lat="29.27061" lon="-97.81293">
        <ele>128.0</ele>
      </trkpt>
      <trkpt lat="29.27051" lon="-97.81301">
        <ele>128.1</ele>
      </trkpt>
      <trkpt lat="29.27042" lon="-97.81309">
        <ele>128.1</ele>
      </trkpt>
      <trkpt lat="29.27034" lon="-97.81316">
        <ele>128.1</ele>
      </trkpt>
      <trkpt lat="29.27025" lon="-97.8132">
        <ele>128.1</ele>
      </trkpt>
      <trkpt lat="29.27016" lon="-97.81324">
        <ele>128.2</ele>
      </trkpt>
      <trkpt lat="29.27007" lon="-97.81325">
        <ele>128.5</ele>
      </trkpt>
      <trkpt lat="29.26993" lon="-97.81326">
        <ele>129.2</ele>
      </trkpt>
      <trkpt lat="29.26974" lon="-97.81327">
        <ele>129.6</ele>
      </trkpt>
      <trkpt lat="29.26957" lon="-97.81328">
        <ele>130.0</ele>
      </trkpt>
      <trkpt lat="29.26939" lon="-97.81329">
        <ele>130.2</ele>
      </trkpt>
      <trkpt lat="29.26938" lon="-97.81329">
        <ele>130.2</ele>
      </trkpt>
      <trkpt lat="29.26932" lon="-97.81329">
        <ele>130.2</ele>
      </trkpt>
      <trkpt lat="29.26922" lon="-97.8133">
        <ele>130.3</ele>
      </trkpt>
      <trkpt lat="29.26917" lon="-97.81331">
        <ele>130.3</ele>
      </trkpt>
      <trkpt lat="29.26904" lon="-97.81333">
        <ele>130.5</ele>
      </trkpt>
      <trkpt lat="29.26902" lon="-97.81334">
        <ele>130.5</ele>
      </trkpt>
      <trkpt lat="29.2685" lon="-97.81345">
        <ele>131.0</ele>
      </trkpt>
      <trkpt lat="29.26815" lon="-97.81353">
        <ele>132.8</ele>
      </trkpt>
      <trkpt lat="29.26798" lon="-97.81357">
        <ele>133.8</ele>
      </trkpt>
      <trkpt lat="29.26762" lon="-97.81365">
        <ele>134.4</ele>
      </trkpt>
      <trkpt lat="29.26754" lon="-97.81367">
        <ele>134.4</ele>
      </trkpt>
      <trkpt lat="29.2674" lon="-97.8137">
        <ele>134.4</ele>
      </trkpt>
      <trkpt lat="29.26683" lon="-97.81381">
        <ele>133.7</ele>
      </trkpt>
      <trkpt lat="29.26585" lon="-97.81403">
        <ele>131.4</ele>
      </trkpt>
      <trkpt lat="29.26583" lon="-97.81403">
        <ele>131.3</ele>
      </trkpt>
      <trkpt lat="29.26574" lon="-97.81405">
        <ele>131.1</ele>
      </trkpt>
      <trkpt lat="29.26551" lon="-97.81411">
        <ele>130.7</ele>
      </trkpt>
      <trkpt lat="29.26542" lon="-97.81414">
        <ele>130.6</ele>
      </trkpt>
      <trkpt lat="29.26534" lon="-97.81419">
        <ele>130.4</ele>
      </trkpt>
      <trkpt lat="29.26533" lon="-97.8142">
        <ele>130.4</ele>
      </trkpt>
      <trkpt lat="29.26529" lon="-97.81424">
        <ele>130.4</ele>
      </trkpt>
      <trkpt lat="29.26528" lon="-97.81425">
        <ele>130.3</ele>
      </trkpt>
      <trkpt lat="29.26522" lon="-97.81432">
        <ele>130.5</ele>
      </trkpt>
      <trkpt lat="29.26517" lon="-97.81442">
        <ele>130.8</ele>
      </trkpt>
      <trkpt lat="29.26513" lon="-97.81453">
        <ele>131.1</ele>
      </trkpt>
      <trkpt lat="29.26506" lon="-97.81479">
        <ele>131.2</ele>
      </trkpt>
      <trkpt lat="29.26496" lon="-97.81512">
        <ele>131.6</ele>
      </trkpt>
      <trkpt lat="29.26495" lon="-97.81516">
        <ele>131.6</ele>
      </trkpt>
      <trkpt lat="29.26458" lon="-97.81639">
        <ele>134.8</ele>
      </trkpt>
      <trkpt lat="29.26443" lon="-97.81687">
        <ele>135.9</ele>
      </trkpt>
      <trkpt lat="29.26434" lon="-97.81716">
        <ele>136.6</ele>
      </trkpt>
      <trkpt lat="29.26429" lon="-97.81732">
        <ele>137.1</ele>
      </trkpt>
      <trkpt lat="29.26422" lon="-97.81751">
        <ele>137.4</ele>
      </trkpt>
      <trkpt lat="29.26417" lon="-97.81764">
        <ele>137.5</ele>
      </trkpt>
      <trkpt lat="29.26409" lon="-97.81783">
        <ele>137.6</ele>
      </trkpt>
      <trkpt lat="29.26392" lon="-97.81826">
        <ele>137.7</ele>
      </trkpt>
      <trkpt lat="29.26351" lon="-97.81933">
        <ele>137.8</ele>
      </trkpt>
      <trkpt lat="29.26338" lon="-97.81967">
        <ele>137.7</ele>
      </trkpt>
      <trkpt lat="29.2633" lon="-97.81986">
        <ele>137.5</ele>
      </trkpt>
      <trkpt lat="29.26322" lon="-97.82005">
        <ele>137.3</ele>
      </trkpt>
      <trkpt lat="29.26314" lon="-97.82022">
        <ele>136.9</ele>
      </trkpt>
      <trkpt lat="29.26314" lon="-97.82023">
        <ele>136.9</ele>
      </trkpt>
      <trkpt lat="29.26305" lon="-97.8204">
        <ele>136.5</ele>
      </trkpt>
      <trkpt lat="29.26303" lon="-97.82044">
        <ele>136.4</ele>
      </trkpt>
      <trkpt lat="29.2627" lon="-97.82112">
        <ele>134.9</ele>
      </trkpt>
      <trkpt lat="29.26264" lon="-97.82124">
        <ele>134.7</ele>
      </trkpt>
      <trkpt lat="29.26244" lon="-97.82166">
        <ele>133.7</ele>
      </trkpt>
      <trkpt lat="29.26233" lon="-97.82188">
        <ele>132.9</ele>
      </trkpt>
      <trkpt lat="29.2622" lon="-97.82217">
        <ele>131.8</ele>
      </trkpt>
      <trkpt lat="29.26212" lon="-97.82231">
        <ele>131.4</ele>
      </trkpt>
      <trkpt lat="29.26208" lon="-97.82238">
        <ele>131.2</ele>
      </trkpt>
      <trkpt lat="29.26204" lon="-97.82244">
        <ele>131.1</ele>
      </trkpt>
      <trkpt lat="29.26196" lon="-97.82257">
        <ele>131.1</ele>
      </trkpt>
      <trkpt lat="29.26195" lon="-97.82258">
        <ele>131.1</ele>
      </trkpt>
      <trkpt lat="29.26177" lon="-97.82283">
        <ele>132.0</ele>
      </trkpt>
      <trkpt lat="29.26149" lon="-97.8232">
        <ele>133.6</ele>
      </trkpt>
      <trkpt lat="29.2614" lon="-97.82334">
        <ele>134.2</ele>
      </trkpt>
      <trkpt lat="29.26132" lon="-97.82345">
        <ele>134.5</ele>
      </trkpt>
      <trkpt lat="29.2613" lon="-97.8235">
        <ele>134.6</ele>
      </trkpt>
      <trkpt lat="29.26129" lon="-97.8235">
        <ele>134.6</ele>
      </trkpt>
      <trkpt lat="29.26125" lon="-97.82358">
        <ele>134.8</ele>
      </trkpt>
      <trkpt lat="29.26119" lon="-97.82371">
        <ele>135.0</ele>
      </trkpt>
      <trkpt lat="29.26115" lon="-97.82384">
        <ele>135.4</ele>
      </trkpt>
      <trkpt lat="29.26114" lon="-97.82392">
        <ele>135.6</ele>
      </trkpt>
      <trkpt lat="29.26113" lon="-97.82398">
        <ele>135.8</ele>
      </trkpt>
      <trkpt lat="29.26109" lon="-97.82428">
        <ele>136.8</ele>
      </trkpt>
      <trkpt lat="29.26109" lon="-97.82429">
        <ele>136.8</ele>
      </trkpt>
      <trkpt lat="29.26103" lon="-97.825">
        <ele>137.8</ele>
      </trkpt>
      <trkpt lat="29.26099" lon="-97.82536">
        <ele>138.2</ele>
      </trkpt>
      <trkpt lat="29.26096" lon="-97.82554">
        <ele>138.6</ele>
      </trkpt>
      <trkpt lat="29.26091" lon="-97.82576">
        <ele>139.1</ele>
      </trkpt>
      <trkpt lat="29.26088" lon="-97.82591">
        <ele>139.5</ele>
      </trkpt>
      <trkpt lat="29.26085" lon="-97.82605">
        <ele>139.7</ele>
      </trkpt>
      <trkpt lat="29.26084" lon="-97.82609">
        <ele>139.8</ele>
      </trkpt>
      <trkpt lat="29.26079" lon="-97.82625">
        <ele>140.1</ele>
      </trkpt>
      <trkpt lat="29.26066" lon="-97.82671">
        <ele>140.5</ele>
      </trkpt>
      <trkpt lat="29.26063" lon="-97.82683">
        <ele>140.6</ele>
      </trkpt>
      <trkpt lat="29.26043" lon="-97.82753">
        <ele>141.2</ele>
      </trkpt>
      <trkpt lat="29.26043" lon="-97.82754">
        <ele>141.2</ele>
      </trkpt>
      <trkpt lat="29.2604" lon="-97.82762">
        <ele>141.2</ele>
      </trkpt>
      <trkpt lat="29.26037" lon="-97.8277">
        <ele>141.3</ele>
      </trkpt>
      <trkpt lat="29.26032" lon="-97.82785">
        <ele>141.3</ele>
      </trkpt>
      <trkpt lat="29.26025" lon="-97.82799">
        <ele>141.3</ele>
      </trkpt>
      <trkpt lat="29.26018" lon="-97.82812">
        <ele>141.2</ele>
      </trkpt>
      <trkpt lat="29.2601" lon="-97.82825">
        <ele>141.0</ele>
      </trkpt>
      <trkpt lat="29.26002" lon="-97.82837">
        <ele>140.9</ele>
      </trkpt>
      <trkpt lat="29.25993" lon="-97.8285">
        <ele>140.7</ele>
      </trkpt>
      <trkpt lat="29.25988" lon="-97.82855">
        <ele>140.6</ele>
      </trkpt>
      <trkpt lat="29.25983" lon="-97.82863">
        <ele>140.4</ele>
      </trkpt>
      <trkpt lat="29.25935" lon="-97.82919">
        <ele>138.1</ele>
      </trkpt>
      <trkpt lat="29.25927" lon="-97.82929">
        <ele>137.7</ele>
      </trkpt>
      <trkpt lat="29.25924" lon="-97.82931">
        <ele>137.7</ele>
      </trkpt>
      <trkpt lat="29.25885" lon="-97.82978">
        <ele>136.8</ele>
      </trkpt>
      <trkpt lat="29.2588" lon="-97.82984">
        <ele>136.8</ele>
      </trkpt>
      <trkpt lat="29.25872" lon="-97.82992">
        <ele>136.9</ele>
      </trkpt>
      <trkpt lat="29.25861" lon="-97.83005">
        <ele>137.1</ele>
      </trkpt>
      <trkpt lat="29.2586" lon="-97.83007">
        <ele>137.1</ele>
      </trkpt>
      <trkpt lat="29.25809" lon="-97.83065">
        <ele>138.2</ele>
      </trkpt>
      <trkpt lat="29.25785" lon="-97.83092">
        <ele>138.8</ele>
      </trkpt>
      <trkpt lat="29.25776" lon="-97.83103">
        <ele>139.1</ele>
      </trkpt>
      <trkpt lat="29.25765" lon="-97.83116">
        <ele>139.6</ele>
      </trkpt>
      <trkpt lat="29.25759" lon="-97.83125">
        <ele>139.8</ele>
      </trkpt>
      <trkpt lat="29.25756" lon="-97.8313">
        <ele>139.9</ele>
      </trkpt>
      <trkpt lat="29.25746" lon="-97.83145">
        <ele>140.2</ele>
      </trkpt>
      <trkpt lat="29.25738" lon="-97.83161">
        <ele>140.4</ele>
      </trkpt>
      <trkpt lat="29.25711" lon="-97.83209">
        <ele>140.7</ele>
      </trkpt>
      <trkpt lat="29.25702" lon="-97.83226">
        <ele>140.9</ele>
      </trkpt>
      <trkpt lat="29.257" lon="-97.83229">
        <ele>140.9</ele>
      </trkpt>
      <trkpt lat="29.25692" lon="-97.83243">
        <ele>141.0</ele>
      </trkpt>
      <trkpt lat="29.25662" lon="-97.83295">
        <ele>141.5</ele>
      </trkpt>
      <trkpt lat="29.25625" lon="-97.83359">
        <ele>141.9</ele>
      </trkpt>
      <trkpt lat="29.25616" lon="-97.83376">
        <ele>142.0</ele>
      </trkpt>
      <trkpt lat="29.25607" lon="-97.83391">
        <ele>142.0</ele>
      </trkpt>
      <trkpt lat="29.25604" lon="-97.83397">
        <ele>142.0</ele>
      </trkpt>
      <trkpt lat="29.25603" lon="-97.83398">
        <ele>142.0</ele>
      </trkpt>
      <trkpt lat="29.25576" lon="-97.83445">
        <ele>142.2</ele>
      </trkpt>
      <trkpt lat="29.25563" lon="-97.83467">
        <ele>142.3</ele>
      </trkpt>
      <trkpt lat="29.25549" lon="-97.83491">
        <ele>142.3</ele>
      </trkpt>
      <trkpt lat="29.25537" lon="-97.83514">
        <ele>142.1</ele>
      </trkpt>
      <trkpt lat="29.25518" lon="-97.83547">
        <ele>141.6</ele>
      </trkpt>
      <trkpt lat="29.25517" lon="-97.83549">
        <ele>141.6</ele>
      </trkpt>
      <trkpt lat="29.25509" lon="-97.83566">
        <ele>141.3</ele>
      </trkpt>
      <trkpt lat="29.25489" lon="-97.83608">
        <ele>140.6</ele>
      </trkpt>
      <trkpt lat="29.25483" lon="-97.8362">
        <ele>140.4</ele>
      </trkpt>
      <trkpt lat="29.25448" lon="-97.83693">
        <ele>139.5</ele>
      </trkpt>
      <trkpt lat="29.25414" lon="-97.83766">
        <ele>139.7</ele>
      </trkpt>
      <trkpt lat="29.25411" lon="-97.83771">
        <ele>139.7</ele>
      </trkpt>
      <trkpt lat="29.2541" lon="-97.83774">
        <ele>139.7</ele>
      </trkpt>
      <trkpt lat="29.25397" lon="-97.83802">
        <ele>139.7</ele>
      </trkpt>
      <trkpt lat="29.25395" lon="-97.83811">
        <ele>139.7</ele>
      </trkpt>
      <trkpt lat="29.25392" lon="-97.8382">
        <ele>139.8</ele>
      </trkpt>
      <trkpt lat="29.2539" lon="-97.83839">
        <ele>139.9</ele>
      </trkpt>
      <trkpt lat="29.25388" lon="-97.83862">
        <ele>140.1</ele>
      </trkpt>
      <trkpt lat="29.25387" lon="-97.83873">
        <ele>140.2</ele>
      </trkpt>
      <trkpt lat="29.25387" lon="-97.83878">
        <ele>140.3</ele>
      </trkpt>
      <trkpt lat="29.25386" lon="-97.83878">
        <ele>140.3</ele>
      </trkpt>
      <trkpt lat="29.25386" lon="-97.83883">
        <ele>140.4</ele>
      </trkpt>
      <trkpt lat="29.25383" lon="-97.83927">
        <ele>141.3</ele>
      </trkpt>
      <trkpt lat="29.2538" lon="-97.83944">
        <ele>141.6</ele>
      </trkpt>
      <trkpt lat="29.2538" lon="-97.83944">
        <ele>141.6</ele>
      </trkpt>
      <trkpt lat="29.25399" lon="-97.8395">
        <ele>141.9</ele>
      </trkpt>
      <trkpt lat="29.25468" lon="-97.83972">
        <ele>143.3</ele>
      </trkpt>
      <trkpt lat="29.25533" lon="-97.83993">
        <ele>143.9</ele>
      </trkpt>
      <trkpt lat="29.25566" lon="-97.84004">
        <ele>144.6</ele>
      </trkpt>
      <trkpt lat="29.25618" lon="-97.8402">
        <ele>145.6</ele>
      </trkpt>
      <trkpt lat="29.2562" lon="-97.84021">
        <ele>145.7</ele>
      </trkpt>
      <trkpt lat="29.25636" lon="-97.84026">
        <ele>145.8</ele>
      </trkpt>
      <trkpt lat="29.25665" lon="-97.84035">
        <ele>146.0</ele>
      </trkpt>
      <trkpt lat="29.25684" lon="-97.84042">
        <ele>146.2</ele>
      </trkpt>
      <trkpt lat="29.25697" lon="-97.84046">
        <ele>146.5</ele>
      </trkpt>
      <trkpt lat="29.25705" lon="-97.84048">
        <ele>146.8</ele>
      </trkpt>
      <trkpt lat="29.25712" lon="-97.84051">
        <ele>147.1</ele>
      </trkpt>
      <trkpt lat="29.25717" lon="-97.84053">
        <ele>147.3</ele>
      </trkpt>
      <trkpt lat="29.25739" lon="-97.84062">
        <ele>148.2</ele>
      </trkpt>
      <trkpt lat="29.25739" lon="-97.84062">
        <ele>148.2</ele>
      </trkpt>
      <trkpt lat="29.2575" lon="-97.84054">
        <ele>148.4</ele>
      </trkpt>
      <trkpt lat="29.25768" lon="-97.84041">
        <ele>148.6</ele>
      </trkpt>
      <trkpt lat="29.25797" lon="-97.84023">
        <ele>148.7</ele>
      </trkpt>
      <trkpt lat="29.25819" lon="-97.84009">
        <ele>148.4</ele>
      </trkpt>
      <trkpt lat="29.25868" lon="-97.83979">
        <ele>146.9</ele>
      </trkpt>
      <trkpt lat="29.25887" lon="-97.83968">
        <ele>146.5</ele>
      </trkpt>
      <trkpt lat="29.25891" lon="-97.83966">
        <ele>146.5</ele>
      </trkpt>
      <trkpt lat="29.259" lon="-97.8396">
        <ele>146.5</ele>
      </trkpt>
      <trkpt lat="29.2593" lon="-97.83941">
        <ele>147.2</ele>
      </trkpt>
      <trkpt lat="29.25974" lon="-97.83915">
        <ele>147.3</ele>
      </trkpt>
      <trkpt lat="29.25979" lon="-97.83911">
        <ele>147.1</ele>
      </trkpt>
      <trkpt lat="29.25986" lon="-97.83907">
        <ele>146.9</ele>
      </trkpt>
      <trkpt lat="29.25995" lon="-97.83902">
        <ele>146.6</ele>
      </trkpt>
      <trkpt lat="29.2601" lon="-97.83893">
        <ele>146.0</ele>
      </trkpt>
      <trkpt lat="29.2609" lon="-97.83843">
        <ele>142.3</ele>
      </trkpt>
      <trkpt lat="29.26097" lon="-97.83839">
        <ele>142.0</ele>
      </trkpt>
      <trkpt lat="29.26106" lon="-97.83833">
        <ele>141.5</ele>
      </trkpt>
      <trkpt lat="29.26168" lon="-97.83795">
        <ele>139.9</ele>
      </trkpt>
      <trkpt lat="29.26185" lon="-97.83784">
        <ele>139.6</ele>
      </trkpt>
      <trkpt lat="29.26231" lon="-97.83756">
        <ele>138.3</ele>
      </trkpt>
      <trkpt lat="29.26249" lon="-97.83745">
        <ele>137.9</ele>
      </trkpt>
      <trkpt lat="29.26295" lon="-97.83716">
        <ele>136.5</ele>
      </trkpt>
      <trkpt lat="29.26344" lon="-97.83686">
        <ele>134.7</ele>
      </trkpt>
      <trkpt lat="29.26375" lon="-97.83667">
        <ele>134.0</ele>
      </trkpt>
      <trkpt lat="29.2639" lon="-97.83658">
        <ele>133.6</ele>
      </trkpt>
      <trkpt lat="29.26391" lon="-97.83657">
        <ele>133.6</ele>
      </trkpt>
      <trkpt lat="29.26407" lon="-97.83647">
        <ele>133.2</ele>
      </trkpt>
      <trkpt lat="29.2647" lon="-97.83608">
        <ele>131.6</ele>
      </trkpt>
      <trkpt lat="29.26501" lon="-97.8359">
        <ele>131.2</ele>
      </trkpt>
      <trkpt lat="29.26534" lon="-97.83569">
        <ele>130.8</ele>
      </trkpt>
      <trkpt lat="29.2655" lon="-97.8356">
        <ele>130.5</ele>
      </trkpt>
      <trkpt lat="29.26565" lon="-97.8355">
        <ele>130.3</ele>
      </trkpt>
      <trkpt lat="29.26566" lon="-97.83549">
        <ele>130.3</ele>
      </trkpt>
      <trkpt lat="29.2658" lon="-97.83541">
        <ele>130.1</ele>
      </trkpt>
      <trkpt lat="29.26663" lon="-97.83489">
        <ele>128.8</ele>
      </trkpt>
      <trkpt lat="29.26728" lon="-97.8345">
        <ele>128.2</ele>
      </trkpt>
      <trkpt lat="29.26761" lon="-97.83431">
        <ele>127.9</ele>
      </trkpt>
      <trkpt lat="29.26812" lon="-97.83404">
        <ele>127.1</ele>
      </trkpt>
      <trkpt lat="29.2682" lon="-97.834">
        <ele>127.0</ele>
      </trkpt>
      <trkpt lat="29.2683" lon="-97.83394">
        <ele>126.9</ele>
      </trkpt>
      <trkpt lat="29.26902" lon="-97.83357">
        <ele>126.1</ele>
      </trkpt>
      <trkpt lat="29.26953" lon="-97.83331">
        <ele>125.6</ele>
      </trkpt>
      <trkpt lat="29.26968" lon="-97.83324">
        <ele>125.5</ele>
      </trkpt>
      <trkpt lat="29.27026" lon="-97.83294">
        <ele>124.9</ele>
      </trkpt>
      <trkpt lat="29.27033" lon="-97.8329">
        <ele>124.8</ele>
      </trkpt>
      <trkpt lat="29.27064" lon="-97.83274">
        <ele>124.6</ele>
      </trkpt>
      <trkpt lat="29.27129" lon="-97.83241">
        <ele>124.1</ele>
      </trkpt>
      <trkpt lat="29.27132" lon="-97.83239">
        <ele>124.1</ele>
      </trkpt>
      <trkpt lat="29.27144" lon="-97.83233">
        <ele>124.1</ele>
      </trkpt>
      <trkpt lat="29.27146" lon="-97.83232">
        <ele>124.2</ele>
      </trkpt>
      <trkpt lat="29.27149" lon="-97.8323">
        <ele>124.2</ele>
      </trkpt>
      <trkpt lat="29.27156" lon="-97.83227">
        <ele>124.4</ele>
      </trkpt>
      <trkpt lat="29.27168" lon="-97.83221">
        <ele>124.6</ele>
      </trkpt>
      <trkpt lat="29.27179" lon="-97.83216">
        <ele>124.8</ele>
      </trkpt>
      <trkpt lat="29.27214" lon="-97.83198">
        <ele>124.9</ele>
      </trkpt>
      <trkpt lat="29.27228" lon="-97.83191">
        <ele>124.9</ele>
      </trkpt>
      <trkpt lat="29.27301" lon="-97.83153">
        <ele>125.0</ele>
      </trkpt>
      <trkpt lat="29.2731" lon="-97.83149">
        <ele>125.1</ele>
      </trkpt>
      <trkpt lat="29.27362" lon="-97.83123">
        <ele>125.7</ele>
      </trkpt>
      <trkpt lat="29.27404" lon="-97.83102">
        <ele>125.8</ele>
      </trkpt>
      <trkpt lat="29.27409" lon="-97.831">
        <ele>125.8</ele>
      </trkpt>
      <trkpt lat="29.27423" lon="-97.83093">
        <ele>125.8</ele>
      </trkpt>
      <trkpt lat="29.27424" lon="-97.83092">
        <ele>125.8</ele>
      </trkpt>
      <trkpt lat="29.27426" lon="-97.83091">
        <ele>125.8</ele>
      </trkpt>
      <trkpt lat="29.27445" lon="-97.83082">
        <ele>125.7</ele>
      </trkpt>
      <trkpt lat="29.27498" lon="-97.83055">
        <ele>125.4</ele>
      </trkpt>
      <trkpt lat="29.27514" lon="-97.83046">
        <ele>125.3</ele>
      </trkpt>
      <trkpt lat="29.2753" lon="-97.83038">
        <ele>125.2</ele>
      </trkpt>
      <trkpt lat="29.2756" lon="-97.83023">
        <ele>124.9</ele>
      </trkpt>
      <trkpt lat="29.27625" lon="-97.8299">
        <ele>123.4</ele>
      </trkpt>
      <trkpt lat="29.27631" lon="-97.82987">
        <ele>123.2</ele>
      </trkpt>
      <trkpt lat="29.2773" lon="-97.82937">
        <ele>119.5</ele>
      </trkpt>
      <trkpt lat="29.27749" lon="-97.82927">
        <ele>118.9</ele>
      </trkpt>
      <trkpt lat="29.27756" lon="-97.82922">
        <ele>118.8</ele>
      </trkpt>
      <trkpt lat="29.27758" lon="-97.8292">
        <ele>118.8</ele>
      </trkpt>
      <trkpt lat="29.27762" lon="-97.82918">
        <ele>118.8</ele>
      </trkpt>
      <trkpt lat="29.27772" lon="-97.8291">
        <ele>118.9</ele>
      </trkpt>
      <trkpt lat="29.27774" lon="-97.82909">
        <ele>118.9</ele>
      </trkpt>
      <trkpt lat="29.27777" lon="-97.82907">
        <ele>119.0</ele>
      </trkpt>
      <trkpt lat="29.27788" lon="-97.82897">
        <ele>119.2</ele>
      </trkpt>
      <trkpt lat="29.27801" lon="-97.82886">
        <ele>119.3</ele>
      </trkpt>
      <trkpt lat="29.27802" lon="-97.82885">
        <ele>119.3</ele>
      </trkpt>
      <trkpt lat="29.27816" lon="-97.82871">
        <ele>119.5</ele>
      </trkpt>
      <trkpt lat="29.27826" lon="-97.82862">
        <ele>119.6</ele>
      </trkpt>
      <trkpt lat="29.27871" lon="-97.82821">
        <ele>120.1</ele>
      </trkpt>
      <trkpt lat="29.27889" lon="-97.82804">
        <ele>120.5</ele>
      </trkpt>
      <trkpt lat="29.27926" lon="-97.82769">
        <ele>121.3</ele>
      </trkpt>
      <trkpt lat="29.27927" lon="-97.82769">
        <ele>121.3</ele>
      </trkpt>
      <trkpt lat="29.28024" lon="-97.82678">
        <ele>122.5</ele>
      </trkpt>
      <trkpt lat="29.28032" lon="-97.8267">
        <ele>122.6</ele>
      </trkpt>
      <trkpt lat="29.28032" lon="-97.8267">
        <ele>122.6</ele>
      </trkpt>
      <trkpt lat="29.28039" lon="-97.82664">
        <ele>122.6</ele>
      </trkpt>
      <trkpt lat="29.28053" lon="-97.82651">
        <ele>122.7</ele>
      </trkpt>
      <trkpt lat="29.28055" lon="-97.82649">
        <ele>122.7</ele>
      </trkpt>
      <trkpt lat="29.28093" lon="-97.82613">
        <ele>122.7</ele>
      </trkpt>
      <trkpt lat="29.28094" lon="-97.82612">
        <ele>122.7</ele>
      </trkpt>
      <trkpt lat="29.28109" lon="-97.82598">
        <ele>122.7</ele>
      </trkpt>
      <trkpt lat="29.28152" lon="-97.8256">
        <ele>122.7</ele>
      </trkpt>
      <trkpt lat="29.28165" lon="-97.82549">
        <ele>122.8</ele>
      </trkpt>
      <trkpt lat="29.28167" lon="-97.82548">
        <ele>122.8</ele>
      </trkpt>
      <trkpt lat="29.2818" lon="-97.82537">
        <ele>122.8</ele>
      </trkpt>
      <trkpt lat="29.28194" lon="-97.82524">
        <ele>122.8</ele>
      </trkpt>
      <trkpt lat="29.28195" lon="-97.82522">
        <ele>122.8</ele>
      </trkpt>
      <trkpt lat="29.28207" lon="-97.82512">
        <ele>122.8</ele>
      </trkpt>
      <trkpt lat="29.28208" lon="-97.82511">
        <ele>122.8</ele>
      </trkpt>
      <trkpt lat="29.28334" lon="-97.82395">
        <ele>121.3</ele>
      </trkpt>
      <trkpt lat="29.28361" lon="-97.82371">
        <ele>121.4</ele>
      </trkpt>
      <trkpt lat="29.28362" lon="-97.82369">
        <ele>121.4</ele>
      </trkpt>
      <trkpt lat="29.28374" lon="-97.82358">
        <ele>121.6</ele>
      </trkpt>
      <trkpt lat="29.28375" lon="-97.82357">
        <ele>121.6</ele>
      </trkpt>
      <trkpt lat="29.28376" lon="-97.82356">
        <ele>121.6</ele>
      </trkpt>
      <trkpt lat="29.28397" lon="-97.82339">
        <ele>122.0</ele>
      </trkpt>
      <trkpt lat="29.28422" lon="-97.82316">
        <ele>122.3</ele>
      </trkpt>
      <trkpt lat="29.28478" lon="-97.82262">
        <ele>122.8</ele>
      </trkpt>
      <trkpt lat="29.28488" lon="-97.82257">
        <ele>122.8</ele>
      </trkpt>
      <trkpt lat="29.2849" lon="-97.82258">
        <ele>122.8</ele>
      </trkpt>
      <trkpt lat="29.28498" lon="-97.8226">
        <ele>122.9</ele>
      </trkpt>
      <trkpt lat="29.28507" lon="-97.8227">
        <ele>123.2</ele>
      </trkpt>
      <trkpt lat="29.28532" lon="-97.82306">
        <ele>124.3</ele>
      </trkpt>
      <trkpt lat="29.28559" lon="-97.82344">
        <ele>123.8</ele>
      </trkpt>
      <trkpt lat="29.28562" lon="-97.82348">
        <ele>123.7</ele>
      </trkpt>
      <trkpt lat="29.28567" lon="-97.82355">
        <ele>123.5</ele>
      </trkpt>
      <trkpt lat="29.2857" lon="-97.8236">
        <ele>123.4</ele>
      </trkpt>
      <trkpt lat="29.28615" lon="-97.82424">
        <ele>122.4</ele>
      </trkpt>
      <trkpt lat="29.28618" lon="-97.82428">
        <ele>122.5</ele>
      </trkpt>
      <trkpt lat="29.28641" lon="-97.8246">
        <ele>123.3</ele>
      </trkpt>
      <trkpt lat="29.28644" lon="-97.82464">
        <ele>123.4</ele>
      </trkpt>
      <trkpt lat="29.2865" lon="-97.82472">
        <ele>123.6</ele>
      </trkpt>
      <trkpt lat="29.28661" lon="-97.82488">
        <ele>124.0</ele>
      </trkpt>
      <trkpt lat="29.28684" lon="-97.8252">
        <ele>124.9</ele>
      </trkpt>
      <trkpt lat="29.28687" lon="-97.82524">
        <ele>125.0</ele>
      </trkpt>
      <trkpt lat="29.28696" lon="-97.82536">
        <ele>125.5</ele>
      </trkpt>
      <trkpt lat="29.28753" lon="-97.82615">
        <ele>127.0</ele>
      </trkpt>
      <trkpt lat="29.28767" lon="-97.82635">
        <ele>126.9</ele>
      </trkpt>
      <trkpt lat="29.28768" lon="-97.82637">
        <ele>126.9</ele>
      </trkpt>
      <trkpt lat="29.28775" lon="-97.82648">
        <ele>126.7</ele>
      </trkpt>
      <trkpt lat="29.28792" lon="-97.82672">
        <ele>126.3</ele>
      </trkpt>
      <trkpt lat="29.288" lon="-97.82684">
        <ele>126.2</ele>
      </trkpt>
      <trkpt lat="29.2881" lon="-97.82695">
        <ele>126.0</ele>
      </trkpt>
      <trkpt lat="29.28818" lon="-97.82693">
        <ele>125.6</ele>
      </trkpt>
      <trkpt lat="29.28829" lon="-97.82686">
        <ele>125.1</ele>
      </trkpt>
      <trkpt lat="29.28834" lon="-97.82682">
        <ele>124.8</ele>
      </trkpt>
      <trkpt lat="29.28877" lon="-97.82642">
        <ele>122.1</ele>
      </trkpt>
      <trkpt lat="29.2889" lon="-97.8263">
        <ele>121.9</ele>
      </trkpt>
      <trkpt lat="29.28898" lon="-97.82623">
        <ele>121.9</ele>
      </trkpt>
      <trkpt lat="29.28912" lon="-97.8261">
        <ele>122.2</ele>
      </trkpt>
      <trkpt lat="29.28919" lon="-97.82604">
        <ele>122.4</ele>
      </trkpt>
      <trkpt lat="29.28923" lon="-97.826">
        <ele>122.5</ele>
      </trkpt>
      <trkpt lat="29.28933" lon="-97.8259">
        <ele>122.8</ele>
      </trkpt>
      <trkpt lat="29.2894" lon="-97.82584">
        <ele>123.0</ele>
      </trkpt>
      <trkpt lat="29.28979" lon="-97.82551">
        <ele>123.8</ele>
      </trkpt>
      <trkpt lat="29.28997" lon="-97.82535">
        <ele>124.2</ele>
      </trkpt>
      <trkpt lat="29.29004" lon="-97.82528">
        <ele>124.3</ele>
      </trkpt>
      <trkpt lat="29.29029" lon="-97.82507">
        <ele>125.1</ele>
      </trkpt>
      <trkpt lat="29.29069" lon="-97.82473">
        <ele>127.1</ele>
      </trkpt>
      <trkpt lat="29.29083" lon="-97.8246">
        <ele>127.8</ele>
      </trkpt>
      <trkpt lat="29.29097" lon="-97.82448">
        <ele>128.2</ele>
      </trkpt>
      <trkpt lat="29.29112" lon="-97.82435">
        <ele>128.6</ele>
      </trkpt>
      <trkpt lat="29.29119" lon="-97.82429">
        <ele>128.8</ele>
      </trkpt>
      <trkpt lat="29.29126" lon="-97.82423">
        <ele>128.9</ele>
      </trkpt>
      <trkpt lat="29.2924" lon="-97.82323">
        <ele>129.4</ele>
      </trkpt>
      <trkpt lat="29.29251" lon="-97.82313">
        <ele>129.6</ele>
      </trkpt>
      <trkpt lat="29.29255" lon="-97.8231">
        <ele>129.6</ele>
      </trkpt>
      <trkpt lat="29.29262" lon="-97.82304">
        <ele>129.7</ele>
      </trkpt>
      <trkpt lat="29.29349" lon="-97.8223">
        <ele>131.4</ele>
      </trkpt>
      <trkpt lat="29.29384" lon="-97.82199">
        <ele>131.4</ele>
      </trkpt>
      <trkpt lat="29.29392" lon="-97.82193">
        <ele>131.4</ele>
      </trkpt>
      <trkpt lat="29.29396" lon="-97.82189">
        <ele>131.4</ele>
      </trkpt>
      <trkpt lat="29.29413" lon="-97.82174">
        <ele>130.9</ele>
      </trkpt>
      <trkpt lat="29.29434" lon="-97.82155">
        <ele>129.8</ele>
      </trkpt>
      <trkpt lat="29.29442" lon="-97.82148">
        <ele>129.4</ele>
      </trkpt>
      <trkpt lat="29.29456" lon="-97.82136">
        <ele>128.8</ele>
      </trkpt>
      <trkpt lat="29.2947" lon="-97.82124">
        <ele>128.3</ele>
      </trkpt>
      <trkpt lat="29.29542" lon="-97.82061">
        <ele>124.4</ele>
      </trkpt>
      <trkpt lat="29.29556" lon="-97.82049">
        <ele>123.4</ele>
      </trkpt>
      <trkpt lat="29.29585" lon="-97.82024">
        <ele>121.7</ele>
      </trkpt>
      <trkpt lat="29.29592" lon="-97.82018">
        <ele>121.3</ele>
      </trkpt>
      <trkpt lat="29.29599" lon="-97.82012">
        <ele>120.8</ele>
      </trkpt>
      <trkpt lat="29.29613" lon="-97.81999">
        <ele>120.2</ele>
      </trkpt>
      <trkpt lat="29.29642" lon="-97.81974">
        <ele>119.1</ele>
      </trkpt>
      <trkpt lat="29.29649" lon="-97.81968">
        <ele>118.3</ele>
      </trkpt>
      <trkpt lat="29.29671" lon="-97.81949">
        <ele>115.9</ele>
      </trkpt>
      <trkpt lat="29.29687" lon="-97.81936">
        <ele>115.9</ele>
      </trkpt>
      <trkpt lat="29.29699" lon="-97.81925">
        <ele>116.2</ele>
      </trkpt>
      <trkpt lat="29.29714" lon="-97.81912">
        <ele>116.7</ele>
      </trkpt>
      <trkpt lat="29.29716" lon="-97.8191">
        <ele>116.8</ele>
      </trkpt>
      <trkpt lat="29.29771" lon="-97.81863">
        <ele>118.7</ele>
      </trkpt>
      <trkpt lat="29.29779" lon="-97.81856">
        <ele>118.8</ele>
      </trkpt>
      <trkpt lat="29.29863" lon="-97.81783">
        <ele>118.6</ele>
      </trkpt>
      <trkpt lat="29.29872" lon="-97.81776">
        <ele>118.6</ele>
      </trkpt>
      <trkpt lat="29.29901" lon="-97.81751">
        <ele>119.3</ele>
      </trkpt>
      <trkpt lat="29.29912" lon="-97.81742">
        <ele>120.1</ele>
      </trkpt>
      <trkpt lat="29.29938" lon="-97.81721">
        <ele>122.1</ele>
      </trkpt>
      <trkpt lat="29.29941" lon="-97.81718">
        <ele>122.2</ele>
      </trkpt>
      <trkpt lat="29.29962" lon="-97.81701">
        <ele>122.9</ele>
      </trkpt>
      <trkpt lat="29.2997" lon="-97.81695">
        <ele>122.9</ele>
      </trkpt>
      <trkpt lat="29.29982" lon="-97.81684">
        <ele>122.7</ele>
      </trkpt>
      <trkpt lat="29.29989" lon="-97.81679">
        <ele>122.5</ele>
      </trkpt>
      <trkpt lat="29.29997" lon="-97.81672">
        <ele>122.3</ele>
      </trkpt>
      <trkpt lat="29.30011" lon="-97.8166">
        <ele>122.0</ele>
      </trkpt>
      <trkpt lat="29.30026" lon="-97.81649">
        <ele>121.2</ele>
      </trkpt>
      <trkpt lat="29.30041" lon="-97.81637">
        <ele>119.8</ele>
      </trkpt>
      <trkpt lat="29.30055" lon="-97.81625">
        <ele>118.9</ele>
      </trkpt>
      <trkpt lat="29.30079" lon="-97.81605">
        <ele>117.1</ele>
      </trkpt>
      <trkpt lat="29.30084" lon="-97.816">
        <ele>116.7</ele>
      </trkpt>
      <trkpt lat="29.30098" lon="-97.81588">
        <ele>115.9</ele>
      </trkpt>
      <trkpt lat="29.30112" lon="-97.81575">
        <ele>115.3</ele>
      </trkpt>
      <trkpt lat="29.30126" lon="-97.81561">
        <ele>114.6</ele>
      </trkpt>
      <trkpt lat="29.30127" lon="-97.8156">
        <ele>114.5</ele>
      </trkpt>
      <trkpt lat="29.30136" lon="-97.81552">
        <ele>114.1</ele>
      </trkpt>
      <trkpt lat="29.3014" lon="-97.81548">
        <ele>113.9</ele>
      </trkpt>
      <trkpt lat="29.30146" lon="-97.81542">
        <ele>113.7</ele>
      </trkpt>
      <trkpt lat="29.30154" lon="-97.81535">
        <ele>113.9</ele>
      </trkpt>
      <trkpt lat="29.30161" lon="-97.81528">
        <ele>114.0</ele>
      </trkpt>
      <trkpt lat="29.30166" lon="-97.81524">
        <ele>114.0</ele>
      </trkpt>
      <trkpt lat="29.30168" lon="-97.81522">
        <ele>114.0</ele>
      </trkpt>
      <trkpt lat="29.30179" lon="-97.81512">
        <ele>113.9</ele>
      </trkpt>
      <trkpt lat="29.30179" lon="-97.81512">
        <ele>113.9</ele>
      </trkpt>
      <trkpt lat="29.30201" lon="-97.81545">
        <ele>115.2</ele>
      </trkpt>
      <trkpt lat="29.30213" lon="-97.81562">
        <ele>115.9</ele>
      </trkpt>
      <trkpt lat="29.30224" lon="-97.81578">
        <ele>116.8</ele>
      </trkpt>
      <trkpt lat="29.30227" lon="-97.81583">
        <ele>117.2</ele>
      </trkpt>
      <trkpt lat="29.30232" lon="-97.8159">
        <ele>117.9</ele>
      </trkpt>
      <trkpt lat="29.30235" lon="-97.81594">
        <ele>118.3</ele>
      </trkpt>
      <trkpt lat="29.30271" lon="-97.81645">
        <ele>122.8</ele>
      </trkpt>
      <trkpt lat="29.30291" lon="-97.81675">
        <ele>124.8</ele>
      </trkpt>
      <trkpt lat="29.30302" lon="-97.8169">
        <ele>125.7</ele>
      </trkpt>
      <trkpt lat="29.3033" lon="-97.81731">
        <ele>128.1</ele>
      </trkpt>
      <trkpt lat="29.3034" lon="-97.81746">
        <ele>128.2</ele>
      </trkpt>
      <trkpt lat="29.30346" lon="-97.81755">
        <ele>128.2</ele>
      </trkpt>
      <trkpt lat="29.30362" lon="-97.81778">
        <ele>128.2</ele>
      </trkpt>
      <trkpt lat="29.30365" lon="-97.81782">
        <ele>128.1</ele>
      </trkpt>
      <trkpt lat="29.30368" lon="-97.81787">
        <ele>128.1</ele>
      </trkpt>
      <trkpt lat="29.3038" lon="-97.81803">
        <ele>127.0</ele>
      </trkpt>
      <trkpt lat="29.30384" lon="-97.81809">
        <ele>126.5</ele>
      </trkpt>
      <trkpt lat="29.3039" lon="-97.81818">
        <ele>126.0</ele>
      </trkpt>
      <trkpt lat="29.30402" lon="-97.81836">
        <ele>125.2</ele>
      </trkpt>
      <trkpt lat="29.30424" lon="-97.81869">
        <ele>124.1</ele>
      </trkpt>
      <trkpt lat="29.3043" lon="-97.81877">
        <ele>123.8</ele>
      </trkpt>
      <trkpt lat="29.30436" lon="-97.81885">
        <ele>123.5</ele>
      </trkpt>
      <trkpt lat="29.30449" lon="-97.81905">
        <ele>122.5</ele>
      </trkpt>
      <trkpt lat="29.30491" lon="-97.81966">
        <ele>118.8</ele>
      </trkpt>
      <trkpt lat="29.30499" lon="-97.81977">
        <ele>118.8</ele>
      </trkpt>
      <trkpt lat="29.30513" lon="-97.81998">
        <ele>118.8</ele>
      </trkpt>
      <trkpt lat="29.30515" lon="-97.82">
        <ele>118.8</ele>
      </trkpt>
      <trkpt lat="29.30517" lon="-97.82003">
        <ele>118.8</ele>
      </trkpt>
      <trkpt lat="29.30524" lon="-97.82014">
        <ele>118.8</ele>
      </trkpt>
      <trkpt lat="29.30535" lon="-97.82031">
        <ele>119.4</ele>
      </trkpt>
      <trkpt lat="29.30537" lon="-97.82033">
        <ele>119.4</ele>
      </trkpt>
      <trkpt lat="29.30539" lon="-97.82036">
        <ele>119.6</ele>
      </trkpt>
      <trkpt lat="29.30541" lon="-97.82039">
        <ele>119.7</ele>
      </trkpt>
      <trkpt lat="29.30546" lon="-97.82047">
        <ele>119.9</ele>
      </trkpt>
      <trkpt lat="29.30559" lon="-97.82066">
        <ele>120.2</ele>
      </trkpt>
      <trkpt lat="29.30576" lon="-97.82091">
        <ele>120.3</ele>
      </trkpt>
      <trkpt lat="29.3059" lon="-97.82112">
        <ele>120.3</ele>
      </trkpt>
      <trkpt lat="29.30592" lon="-97.82116">
        <ele>120.4</ele>
      </trkpt>
      <trkpt lat="29.30606" lon="-97.82137">
        <ele>120.5</ele>
      </trkpt>
      <trkpt lat="29.30619" lon="-97.82156">
        <ele>120.8</ele>
      </trkpt>
      <trkpt lat="29.30623" lon="-97.82163">
        <ele>120.9</ele>
      </trkpt>
      <trkpt lat="29.30655" lon="-97.82213">
        <ele>119.2</ele>
      </trkpt>
      <trkpt lat="29.30661" lon="-97.82223">
        <ele>118.9</ele>
      </trkpt>
      <trkpt lat="29.30665" lon="-97.8223">
        <ele>118.9</ele>
      </trkpt>
      <trkpt lat="29.30674" lon="-97.82243">
        <ele>118.6</ele>
      </trkpt>
      <trkpt lat="29.30703" lon="-97.8229">
        <ele>117.2</ele>
      </trkpt>
      <trkpt lat="29.30707" lon="-97.82297">
        <ele>117.0</ele>
      </trkpt>
      <trkpt lat="29.30713" lon="-97.82306">
        <ele>116.7</ele>
      </trkpt>
      <trkpt lat="29.30724" lon="-97.82323">
        <ele>116.5</ele>
      </trkpt>
      <trkpt lat="29.30729" lon="-97.82332">
        <ele>116.6</ele>
      </trkpt>
      <trkpt lat="29.30738" lon="-97.82347">
        <ele>116.7</ele>
      </trkpt>
      <trkpt lat="29.30744" lon="-97.82357">
        <ele>116.8</ele>
      </trkpt>
      <trkpt lat="29.30754" lon="-97.82372">
        <ele>117.1</ele>
      </trkpt>
      <trkpt lat="29.30754" lon="-97.82372">
        <ele>117.1</ele>
      </trkpt>
      <trkpt lat="29.30763" lon="-97.82386">
        <ele>117.5</ele>
      </trkpt>
      <trkpt lat="29.3077" lon="-97.82397">
        <ele>117.8</ele>
      </trkpt>
      <trkpt lat="29.30772" lon="-97.82399">
        <ele>117.8</ele>
      </trkpt>
      <trkpt lat="29.30788" lon="-97.82423">
        <ele>118.4</ele>
      </trkpt>
      <trkpt lat="29.30789" lon="-97.82426">
        <ele>118.5</ele>
      </trkpt>
      <trkpt lat="29.30799" lon="-97.82439">
        <ele>118.9</ele>
      </trkpt>
      <trkpt lat="29.30804" lon="-97.82446">
        <ele>119.0</ele>
      </trkpt>
      <trkpt lat="29.30812" lon="-97.82458">
        <ele>119.3</ele>
      </trkpt>
      <trkpt lat="29.30821" lon="-97.82471">
        <ele>119.9</ele>
      </trkpt>
      <trkpt lat="29.30842" lon="-97.825">
        <ele>121.0</ele>
      </trkpt>
      <trkpt lat="29.30871" lon="-97.8254">
        <ele>121.7</ele>
      </trkpt>
      <trkpt lat="29.30874" lon="-97.82544">
        <ele>121.7</ele>
      </trkpt>
      <trkpt lat="29.30879" lon="-97.82551">
        <ele>121.7</ele>
      </trkpt>
      <trkpt lat="29.30884" lon="-97.82557">
        <ele>121.7</ele>
      </trkpt>
      <trkpt lat="29.30901" lon="-97.82583">
        <ele>121.8</ele>
      </trkpt>
      <trkpt lat="29.30908" lon="-97.82592">
        <ele>121.8</ele>
      </trkpt>
      <trkpt lat="29.30914" lon="-97.826">
        <ele>121.8</ele>
      </trkpt>
      <trkpt lat="29.3093" lon="-97.82622">
        <ele>121.6</ele>
      </trkpt>
      <trkpt lat="29.30936" lon="-97.8263">
        <ele>121.7</ele>
      </trkpt>
      <trkpt lat="29.30947" lon="-97.82646">
        <ele>121.8</ele>
      </trkpt>
      <trkpt lat="29.30948" lon="-97.82648">
        <ele>121.8</ele>
      </trkpt>
      <trkpt lat="29.30949" lon="-97.8265">
        <ele>121.8</ele>
      </trkpt>
      <trkpt lat="29.30958" lon="-97.82662">
        <ele>121.8</ele>
      </trkpt>
      <trkpt lat="29.30961" lon="-97.82666">
        <ele>121.8</ele>
      </trkpt>
      <trkpt lat="29.30975" lon="-97.82686">
        <ele>122.0</ele>
      </trkpt>
      <trkpt lat="29.30992" lon="-97.8271">
        <ele>122.9</ele>
      </trkpt>
      <trkpt lat="29.30994" lon="-97.82712">
        <ele>123.0</ele>
      </trkpt>
      <trkpt lat="29.30995" lon="-97.82714">
        <ele>123.1</ele>
      </trkpt>
      <trkpt lat="29.30997" lon="-97.82716">
        <ele>123.2</ele>
      </trkpt>
      <trkpt lat="29.31004" lon="-97.82726">
        <ele>123.7</ele>
      </trkpt>
      <trkpt lat="29.31006" lon="-97.8273">
        <ele>123.8</ele>
      </trkpt>
      <trkpt lat="29.31015" lon="-97.82742">
        <ele>124.4</ele>
      </trkpt>
      <trkpt lat="29.31016" lon="-97.82744">
        <ele>124.4</ele>
      </trkpt>
      <trkpt lat="29.31018" lon="-97.82746">
        <ele>124.5</ele>
      </trkpt>
      <trkpt lat="29.3102" lon="-97.82749">
        <ele>124.6</ele>
      </trkpt>
      <trkpt lat="29.31027" lon="-97.82758">
        <ele>124.9</ele>
      </trkpt>
      <trkpt lat="29.31039" lon="-97.82775">
        <ele>125.6</ele>
      </trkpt>
      <trkpt lat="29.31062" lon="-97.82808">
        <ele>126.9</ele>
      </trkpt>
      <trkpt lat="29.31072" lon="-97.82822">
        <ele>127.3</ele>
      </trkpt>
      <trkpt lat="29.31074" lon="-97.82826">
        <ele>127.3</ele>
      </trkpt>
      <trkpt lat="29.31096" lon="-97.82856">
        <ele>127.6</ele>
      </trkpt>
      <trkpt lat="29.31108" lon="-97.82874">
        <ele>127.8</ele>
      </trkpt>
      <trkpt lat="29.31154" lon="-97.82938">
        <ele>129.4</ele>
      </trkpt>
      <trkpt lat="29.31158" lon="-97.82944">
        <ele>129.5</ele>
      </trkpt>
      <trkpt lat="29.31164" lon="-97.82952">
        <ele>129.7</ele>
      </trkpt>
      <trkpt lat="29.31165" lon="-97.82954">
        <ele>129.8</ele>
      </trkpt>
      <trkpt lat="29.31216" lon="-97.83026">
        <ele>131.5</ele>
      </trkpt>
      <trkpt lat="29.31232" lon="-97.83048">
        <ele>131.8</ele>
      </trkpt>
      <trkpt lat="29.31233" lon="-97.8305">
        <ele>131.8</ele>
      </trkpt>
      <trkpt lat="29.31256" lon="-97.83081">
        <ele>132.1</ele>
      </trkpt>
      <trkpt lat="29.31276" lon="-97.83109">
        <ele>132.8</ele>
      </trkpt>
      <trkpt lat="29.31286" lon="-97.83125">
        <ele>133.1</ele>
      </trkpt>
      <trkpt lat="29.31286" lon="-97.83125">
        <ele>133.1</ele>
      </trkpt>
      <trkpt lat="29.31256" lon="-97.8314">
        <ele>132.6</ele>
      </trkpt>
      <trkpt lat="29.31254" lon="-97.83141">
        <ele>132.5</ele>
      </trkpt>
      <trkpt lat="29.31238" lon="-97.83149">
        <ele>132.3</ele>
      </trkpt>
      <trkpt lat="29.31205" lon="-97.83166">
        <ele>132.1</ele>
      </trkpt>
      <trkpt lat="29.3119" lon="-97.83173">
        <ele>132.0</ele>
      </trkpt>
      <trkpt lat="29.31174" lon="-97.83181">
        <ele>131.9</ele>
      </trkpt>
      <trkpt lat="29.31141" lon="-97.83198">
        <ele>131.6</ele>
      </trkpt>
      <trkpt lat="29.31137" lon="-97.832">
        <ele>131.7</ele>
      </trkpt>
      <trkpt lat="29.31091" lon="-97.83223">
        <ele>133.2</ele>
      </trkpt>
      <trkpt lat="29.31073" lon="-97.83232">
        <ele>133.4</ele>
      </trkpt>
      <trkpt lat="29.31058" lon="-97.83239">
        <ele>133.1</ele>
      </trkpt>
      <trkpt lat="29.30981" lon="-97.83277">
        <ele>131.0</ele>
      </trkpt>
      <trkpt lat="29.30974" lon="-97.83281">
        <ele>130.9</ele>
      </trkpt>
      <trkpt lat="29.30965" lon="-97.83285">
        <ele>130.7</ele>
      </trkpt>
      <trkpt lat="29.30948" lon="-97.83293">
        <ele>130.5</ele>
      </trkpt>
      <trkpt lat="29.30938" lon="-97.83298">
        <ele>130.4</ele>
      </trkpt>
      <trkpt lat="29.3085" lon="-97.83343">
        <ele>128.7</ele>
      </trkpt>
      <trkpt lat="29.30817" lon="-97.8336">
        <ele>128.2</ele>
      </trkpt>
      <trkpt lat="29.30802" lon="-97.83367">
        <ele>128.0</ele>
      </trkpt>
      <trkpt lat="29.30793" lon="-97.83372">
        <ele>127.9</ele>
      </trkpt>
      <trkpt lat="29.30734" lon="-97.83401">
        <ele>127.0</ele>
      </trkpt>
      <trkpt lat="29.30718" lon="-97.8341">
        <ele>126.9</ele>
      </trkpt>
      <trkpt lat="29.30701" lon="-97.83418">
        <ele>126.9</ele>
      </trkpt>
      <trkpt lat="29.30694" lon="-97.83422">
        <ele>126.9</ele>
      </trkpt>
      <trkpt lat="29.30684" lon="-97.83426">
        <ele>126.9</ele>
      </trkpt>
      <trkpt lat="29.30652" lon="-97.83443">
        <ele>127.1</ele>
      </trkpt>
      <trkpt lat="29.30643" lon="-97.83448">
        <ele>127.2</ele>
      </trkpt>
      <trkpt lat="29.306" lon="-97.8347">
        <ele>128.1</ele>
      </trkpt>
      <trkpt lat="29.30595" lon="-97.83472">
        <ele>128.2</ele>
      </trkpt>
      <trkpt lat="29.3055" lon="-97.83495">
        <ele>129.8</ele>
      </trkpt>
      <trkpt lat="29.30544" lon="-97.83498">
        <ele>130.0</ele>
      </trkpt>
      <trkpt lat="29.30534" lon="-97.83503">
        <ele>130.3</ele>
      </trkpt>
      <trkpt lat="29.30511" lon="-97.83514">
        <ele>130.4</ele>
      </trkpt>
      <trkpt lat="29.30445" lon="-97.83546">
        <ele>129.0</ele>
      </trkpt>
      <trkpt lat="29.30434" lon="-97.83551">
        <ele>128.8</ele>
      </trkpt>
      <trkpt lat="29.30427" lon="-97.83554">
        <ele>128.7</ele>
      </trkpt>
      <trkpt lat="29.30418" lon="-97.83559">
        <ele>128.7</ele>
      </trkpt>
      <trkpt lat="29.30395" lon="-97.8357">
        <ele>128.7</ele>
      </trkpt>
      <trkpt lat="29.30384" lon="-97.83575">
        <ele>128.7</ele>
      </trkpt>
      <trkpt lat="29.30349" lon="-97.83591">
        <ele>128.2</ele>
      </trkpt>
      <trkpt lat="29.30337" lon="-97.83597">
        <ele>128.1</ele>
      </trkpt>
      <trkpt lat="29.30252" lon="-97.8364">
        <ele>127.8</ele>
      </trkpt>
      <trkpt lat="29.30236" lon="-97.83648">
        <ele>127.8</ele>
      </trkpt>
      <trkpt lat="29.30186" lon="-97.83672">
        <ele>128.1</ele>
      </trkpt>
      <trkpt lat="29.30182" lon="-97.83674">
        <ele>128.1</ele>
      </trkpt>
      <trkpt lat="29.30147" lon="-97.83692">
        <ele>128.6</ele>
      </trkpt>
      <trkpt lat="29.30136" lon="-97.83697">
        <ele>128.8</ele>
      </trkpt>
      <trkpt lat="29.30103" lon="-97.83713">
        <ele>129.3</ele>
      </trkpt>
      <trkpt lat="29.30097" lon="-97.83716">
        <ele>129.4</ele>
      </trkpt>
      <trkpt lat="29.30029" lon="-97.83749">
        <ele>130.9</ele>
      </trkpt>
      <trkpt lat="29.3002" lon="-97.83753">
        <ele>131.0</ele>
      </trkpt>
      <trkpt lat="29.30014" lon="-97.83754">
        <ele>131.2</ele>
      </trkpt>
      <trkpt lat="29.30011" lon="-97.83755">
        <ele>131.2</ele>
      </trkpt>
      <trkpt lat="29.30004" lon="-97.83755">
        <ele>131.4</ele>
      </trkpt>
      <trkpt lat="29.30003" lon="-97.83755">
        <ele>131.4</ele>
      </trkpt>
      <trkpt lat="29.29997" lon="-97.83753">
        <ele>131.6</ele>
      </trkpt>
      <trkpt lat="29.2999" lon="-97.83749">
        <ele>131.8</ele>
      </trkpt>
      <trkpt lat="29.29984" lon="-97.83742">
        <ele>132.0</ele>
      </trkpt>
      <trkpt lat="29.29983" lon="-97.83739">
        <ele>132.1</ele>
      </trkpt>
      <trkpt lat="29.29979" lon="-97.83733">
        <ele>132.2</ele>
      </trkpt>
      <trkpt lat="29.29963" lon="-97.83699">
        <ele>133.0</ele>
      </trkpt>
      <trkpt lat="29.29955" lon="-97.83681">
        <ele>133.3</ele>
      </trkpt>
      <trkpt lat="29.29952" lon="-97.83674">
        <ele>133.4</ele>
      </trkpt>
      <trkpt lat="29.29944" lon="-97.83655">
        <ele>133.5</ele>
      </trkpt>
      <trkpt lat="29.29913" lon="-97.8359">
        <ele>134.2</ele>
      </trkpt>
      <trkpt lat="29.29907" lon="-97.83576">
        <ele>134.5</ele>
      </trkpt>
      <trkpt lat="29.29905" lon="-97.83572">
        <ele>134.5</ele>
      </trkpt>
      <trkpt lat="29.29901" lon="-97.83564">
        <ele>134.7</ele>
      </trkpt>
      <trkpt lat="29.29895" lon="-97.8355">
        <ele>134.9</ele>
      </trkpt>
      <trkpt lat="29.29889" lon="-97.8354">
        <ele>135.1</ele>
      </trkpt>
      <trkpt lat="29.29885" lon="-97.83531">
        <ele>135.3</ele>
      </trkpt>
      <trkpt lat="29.29881" lon="-97.83524">
        <ele>135.6</ele>
      </trkpt>
      <trkpt lat="29.29871" lon="-97.83515">
        <ele>136.2</ele>
      </trkpt>
      <trkpt lat="29.29859" lon="-97.83515">
        <ele>136.5</ele>
      </trkpt>
      <trkpt lat="29.29852" lon="-97.83518">
        <ele>136.6</ele>
      </trkpt>
      <trkpt lat="29.29843" lon="-97.83524">
        <ele>136.8</ele>
      </trkpt>
      <trkpt lat="29.29831" lon="-97.83532">
        <ele>137.2</ele>
      </trkpt>
      <trkpt lat="29.29815" lon="-97.83542">
        <ele>137.8</ele>
      </trkpt>
      <trkpt lat="29.29736" lon="-97.83591">
        <ele>140.9</ele>
      </trkpt>
      <trkpt lat="29.29719" lon="-97.83601">
        <ele>141.0</ele>
      </trkpt>
      <trkpt lat="29.29704" lon="-97.83611">
        <ele>141.1</ele>
      </trkpt>
      <trkpt lat="29.29656" lon="-97.83641">
        <ele>141.3</ele>
      </trkpt>
      <trkpt lat="29.29641" lon="-97.8365">
        <ele>141.3</ele>
      </trkpt>
      <trkpt lat="29.29632" lon="-97.83656">
        <ele>141.4</ele>
      </trkpt>
      <trkpt lat="29.29595" lon="-97.83678">
        <ele>141.4</ele>
      </trkpt>
      <trkpt lat="29.29577" lon="-97.83689">
        <ele>141.5</ele>
      </trkpt>
      <trkpt lat="29.29561" lon="-97.83699">
        <ele>141.5</ele>
      </trkpt>
      <trkpt lat="29.29546" lon="-97.83709">
        <ele>141.5</ele>
      </trkpt>
      <trkpt lat="29.29467" lon="-97.83759">
        <ele>141.3</ele>
      </trkpt>
      <trkpt lat="29.29439" lon="-97.83777">
        <ele>141.0</ele>
      </trkpt>
      <trkpt lat="29.29411" lon="-97.83795">
        <ele>140.5</ele>
      </trkpt>
      <trkpt lat="29.29404" lon="-97.83799">
        <ele>140.4</ele>
      </trkpt>
      <trkpt lat="29.29374" lon="-97.83818">
        <ele>140.0</ele>
      </trkpt>
      <trkpt lat="29.29345" lon="-97.83835">
        <ele>139.0</ele>
      </trkpt>
      <trkpt lat="29.29309" lon="-97.83858">
        <ele>137.5</ele>
      </trkpt>
      <trkpt lat="29.29263" lon="-97.83886">
        <ele>137.3</ele>
      </trkpt>
      <trkpt lat="29.29262" lon="-97.83887">
        <ele>137.3</ele>
      </trkpt>
      <trkpt lat="29.29253" lon="-97.83892">
        <ele>137.6</ele>
      </trkpt>
      <trkpt lat="29.29174" lon="-97.83942">
        <ele>139.2</ele>
      </trkpt>
      <trkpt lat="29.2913" lon="-97.83969">
        <ele>138.5</ele>
      </trkpt>
      <trkpt lat="29.29104" lon="-97.83986">
        <ele>137.7</ele>
      </trkpt>
      <trkpt lat="29.29024" lon="-97.84039">
        <ele>137.8</ele>
      </trkpt>
      <trkpt lat="29.28977" lon="-97.84068">
        <ele>137.7</ele>
      </trkpt>
      <trkpt lat="29.28961" lon="-97.84078">
        <ele>137.8</ele>
      </trkpt>
      <trkpt lat="29.28949" lon="-97.84086">
        <ele>137.9</ele>
      </trkpt>
      <trkpt lat="29.28914" lon="-97.84109">
        <ele>137.9</ele>
      </trkpt>
      <trkpt lat="29.28861" lon="-97.84143">
        <ele>137.4</ele>
      </trkpt>
      <trkpt lat="29.28838" lon="-97.84156">
        <ele>137.1</ele>
      </trkpt>
      <trkpt lat="29.28819" lon="-97.84167">
        <ele>137.1</ele>
      </trkpt>
      <trkpt lat="29.28778" lon="-97.84193">
        <ele>139.5</ele>
      </trkpt>
      <trkpt lat="29.28766" lon="-97.84201">
        <ele>140.3</ele>
      </trkpt>
      <trkpt lat="29.28753" lon="-97.84209">
        <ele>140.6</ele>
      </trkpt>
      <trkpt lat="29.28716" lon="-97.84233">
        <ele>141.2</ele>
      </trkpt>
      <trkpt lat="29.28706" lon="-97.84239">
        <ele>141.2</ele>
      </trkpt>
      <trkpt lat="29.28684" lon="-97.84253">
        <ele>141.2</ele>
      </trkpt>
      <trkpt lat="29.28674" lon="-97.84259">
        <ele>141.2</ele>
      </trkpt>
      <trkpt lat="29.28645" lon="-97.84276">
        <ele>140.8</ele>
      </trkpt>
      <trkpt lat="29.28597" lon="-97.84305">
        <ele>139.8</ele>
      </trkpt>
      <trkpt lat="29.28581" lon="-97.84315">
        <ele>138.9</ele>
      </trkpt>
      <trkpt lat="29.2855" lon="-97.84334">
        <ele>137.2</ele>
      </trkpt>
      <trkpt lat="29.28499" lon="-97.84367">
        <ele>136.0</ele>
      </trkpt>
      <trkpt lat="29.28466" lon="-97.84389">
        <ele>135.4</ele>
      </trkpt>
      <trkpt lat="29.28453" lon="-97.84398">
        <ele>135.2</ele>
      </trkpt>
      <trkpt lat="29.28442" lon="-97.84404">
        <ele>135.2</ele>
      </trkpt>
      <trkpt lat="29.28405" lon="-97.84427">
        <ele>136.4</ele>
      </trkpt>
      <trkpt lat="29.28342" lon="-97.84466">
        <ele>140.5</ele>
      </trkpt>
      <trkpt lat="29.28312" lon="-97.84484">
        <ele>140.9</ele>
      </trkpt>
      <trkpt lat="29.28281" lon="-97.84505">
        <ele>141.4</ele>
      </trkpt>
      <trkpt lat="29.28256" lon="-97.84522">
        <ele>141.8</ele>
      </trkpt>
      <trkpt lat="29.28222" lon="-97.84543">
        <ele>142.1</ele>
      </trkpt>
      <trkpt lat="29.28206" lon="-97.84553">
        <ele>142.2</ele>
      </trkpt>
      <trkpt lat="29.28161" lon="-97.8458">
        <ele>142.1</ele>
      </trkpt>
      <trkpt lat="29.28099" lon="-97.84618">
        <ele>141.8</ele>
      </trkpt>
      <trkpt lat="29.27968" lon="-97.84699">
        <ele>140.3</ele>
      </trkpt>
      <trkpt lat="29.27954" lon="-97.84707">
        <ele>140.2</ele>
      </trkpt>
      <trkpt lat="29.27859" lon="-97.84766">
        <ele>139.4</ele>
      </trkpt>
      <trkpt lat="29.27834" lon="-97.84781">
        <ele>139.5</ele>
      </trkpt>
      <trkpt lat="29.27803" lon="-97.848">
        <ele>139.6</ele>
      </trkpt>
      <trkpt lat="29.2778" lon="-97.84815">
        <ele>139.9</ele>
      </trkpt>
      <trkpt lat="29.27701" lon="-97.84865">
        <ele>141.2</ele>
      </trkpt>
      <trkpt lat="29.27685" lon="-97.84875">
        <ele>141.4</ele>
      </trkpt>
      <trkpt lat="29.27657" lon="-97.84893">
        <ele>141.5</ele>
      </trkpt>
      <trkpt lat="29.27654" lon="-97.84895">
        <ele>141.5</ele>
      </trkpt>
      <trkpt lat="29.27645" lon="-97.849">
        <ele>141.5</ele>
      </trkpt>
      <trkpt lat="29.27575" lon="-97.84944">
        <ele>141.3</ele>
      </trkpt>
      <trkpt lat="29.27471" lon="-97.85008">
        <ele>141.0</ele>
      </trkpt>
      <trkpt lat="29.27392" lon="-97.85057">
        <ele>140.9</ele>
      </trkpt>
      <trkpt lat="29.27385" lon="-97.85062">
        <ele>140.9</ele>
      </trkpt>
      <trkpt lat="29.2736" lon="-97.85077">
        <ele>140.8</ele>
      </trkpt>
      <trkpt lat="29.27353" lon="-97.85081">
        <ele>140.8</ele>
      </trkpt>
      <trkpt lat="29.27176" lon="-97.85192">
        <ele>138.6</ele>
      </trkpt>
      <trkpt lat="29.27132" lon="-97.8522">
        <ele>137.6</ele>
      </trkpt>
      <trkpt lat="29.27113" lon="-97.85232">
        <ele>137.5</ele>
      </trkpt>
      <trkpt lat="29.27092" lon="-97.85245">
        <ele>137.2</ele>
      </trkpt>
      <trkpt lat="29.2699" lon="-97.85309">
        <ele>137.5</ele>
      </trkpt>
      <trkpt lat="29.26981" lon="-97.85314">
        <ele>137.5</ele>
      </trkpt>
      <trkpt lat="29.26974" lon="-97.85319">
        <ele>137.5</ele>
      </trkpt>
      <trkpt lat="29.26959" lon="-97.85328">
        <ele>137.4</ele>
      </trkpt>
      <trkpt lat="29.26936" lon="-97.85342">
        <ele>137.2</ele>
      </trkpt>
      <trkpt lat="29.26934" lon="-97.85344">
        <ele>137.1</ele>
      </trkpt>
      <trkpt lat="29.26863" lon="-97.85389">
        <ele>135.5</ele>
      </trkpt>
      <trkpt lat="29.26801" lon="-97.85428">
        <ele>134.5</ele>
      </trkpt>
      <trkpt lat="29.26764" lon="-97.85451">
        <ele>134.0</ele>
      </trkpt>
      <trkpt lat="29.26718" lon="-97.85478">
        <ele>132.7</ele>
      </trkpt>
      <trkpt lat="29.26713" lon="-97.85482">
        <ele>132.5</ele>
      </trkpt>
      <trkpt lat="29.26685" lon="-97.85497">
        <ele>131.9</ele>
      </trkpt>
      <trkpt lat="29.26669" lon="-97.85507">
        <ele>131.5</ele>
      </trkpt>
      <trkpt lat="29.26669" lon="-97.85507">
        <ele>131.5</ele>
      </trkpt>
      <trkpt lat="29.26647" lon="-97.85497">
        <ele>131.6</ele>
      </trkpt>
      <trkpt lat="29.26592" lon="-97.85472">
        <ele>131.6</ele>
      </trkpt>
      <trkpt lat="29.26581" lon="-97.85467">
        <ele>131.7</ele>
      </trkpt>
      <trkpt lat="29.26569" lon="-97.85462">
        <ele>131.7</ele>
      </trkpt>
      <trkpt lat="29.26564" lon="-97.8546">
        <ele>131.8</ele>
      </trkpt>
      <trkpt lat="29.2655" lon="-97.85453">
        <ele>131.9</ele>
      </trkpt>
      <trkpt lat="29.26542" lon="-97.85449">
        <ele>132.1</ele>
      </trkpt>
      <trkpt lat="29.26542" lon="-97.85449">
        <ele>132.1</ele>
      </trkpt>
      <trkpt lat="29.26533" lon="-97.85444">
        <ele>132.2</ele>
      </trkpt>
      <trkpt lat="29.26531" lon="-97.85443">
        <ele>132.3</ele>
      </trkpt>
      <trkpt lat="29.2652" lon="-97.85436">
        <ele>132.6</ele>
      </trkpt>
      <trkpt lat="29.26515" lon="-97.85433">
        <ele>132.7</ele>
      </trkpt>
      <trkpt lat="29.2651" lon="-97.85429">
        <ele>132.9</ele>
      </trkpt>
      <trkpt lat="29.265" lon="-97.85422">
        <ele>133.2</ele>
      </trkpt>
      <trkpt lat="29.26499" lon="-97.85422">
        <ele>133.2</ele>
      </trkpt>
      <trkpt lat="29.26485" lon="-97.8541">
        <ele>133.7</ele>
      </trkpt>
      <trkpt lat="29.26479" lon="-97.85405">
        <ele>133.9</ele>
      </trkpt>
      <trkpt lat="29.26471" lon="-97.85398">
        <ele>134.1</ele>
      </trkpt>
      <trkpt lat="29.26465" lon="-97.85392">
        <ele>134.3</ele>
      </trkpt>
      <trkpt lat="29.26459" lon="-97.85385">
        <ele>134.5</ele>
      </trkpt>
      <trkpt lat="29.26448" lon="-97.85374">
        <ele>134.8</ele>
      </trkpt>
      <trkpt lat="29.26439" lon="-97.85363">
        <ele>135.0</ele>
      </trkpt>
      <trkpt lat="29.26437" lon="-97.8536">
        <ele>135.1</ele>
      </trkpt>
      <trkpt lat="29.26434" lon="-97.85357">
        <ele>135.2</ele>
      </trkpt>
      <trkpt lat="29.26427" lon="-97.85347">
        <ele>135.4</ele>
      </trkpt>
      <trkpt lat="29.26421" lon="-97.85338">
        <ele>135.6</ele>
      </trkpt>
      <trkpt lat="29.26414" lon="-97.85326">
        <ele>135.8</ele>
      </trkpt>
      <trkpt lat="29.26407" lon="-97.85313">
        <ele>136.1</ele>
      </trkpt>
      <trkpt lat="29.26397" lon="-97.85295">
        <ele>136.5</ele>
      </trkpt>
      <trkpt lat="29.26396" lon="-97.85292">
        <ele>136.5</ele>
      </trkpt>
      <trkpt lat="29.26391" lon="-97.85282">
        <ele>136.6</ele>
      </trkpt>
      <trkpt lat="29.26389" lon="-97.85277">
        <ele>136.7</ele>
      </trkpt>
      <trkpt lat="29.26382" lon="-97.85262">
        <ele>136.9</ele>
      </trkpt>
      <trkpt lat="29.2632" lon="-97.85133">
        <ele>135.9</ele>
      </trkpt>
      <trkpt lat="29.26304" lon="-97.851">
        <ele>135.2</ele>
      </trkpt>
      <trkpt lat="29.26303" lon="-97.85096">
        <ele>135.2</ele>
      </trkpt>
      <trkpt lat="29.26276" lon="-97.85039">
        <ele>134.2</ele>
      </trkpt>
      <trkpt lat="29.2626" lon="-97.85006">
        <ele>134.2</ele>
      </trkpt>
      <trkpt lat="29.2625" lon="-97.84984">
        <ele>134.2</ele>
      </trkpt>
      <trkpt lat="29.26211" lon="-97.84902">
        <ele>134.2</ele>
      </trkpt>
      <trkpt lat="29.26207" lon="-97.84893">
        <ele>134.2</ele>
      </trkpt>
      <trkpt lat="29.26202" lon="-97.84884">
        <ele>134.2</ele>
      </trkpt>
      <trkpt lat="29.26197" lon="-97.84871">
        <ele>134.2</ele>
      </trkpt>
      <trkpt lat="29.26172" lon="-97.84819">
        <ele>134.2</ele>
      </trkpt>
      <trkpt lat="29.2616" lon="-97.84793">
        <ele>134.2</ele>
      </trkpt>
      <trkpt lat="29.26155" lon="-97.84782">
        <ele>134.2</ele>
      </trkpt>
      <trkpt lat="29.26151" lon="-97.84775">
        <ele>134.3</ele>
      </trkpt>
      <trkpt lat="29.26147" lon="-97.84767">
        <ele>134.4</ele>
      </trkpt>
      <trkpt lat="29.26073" lon="-97.84611">
        <ele>137.2</ele>
      </trkpt>
      <trkpt lat="29.26052" lon="-97.84566">
        <ele>137.8</ele>
      </trkpt>
      <trkpt lat="29.26013" lon="-97.84485">
        <ele>138.7</ele>
      </trkpt>
      <trkpt lat="29.25996" lon="-97.84449">
        <ele>139.1</ele>
      </trkpt>
      <trkpt lat="29.25979" lon="-97.84413">
        <ele>139.5</ele>
      </trkpt>
      <trkpt lat="29.2597" lon="-97.84395">
        <ele>139.7</ele>
      </trkpt>
      <trkpt lat="29.25949" lon="-97.8435">
        <ele>140.4</ele>
      </trkpt>
      <trkpt lat="29.25945" lon="-97.8434">
        <ele>140.6</ele>
      </trkpt>
      <trkpt lat="29.25941" lon="-97.84332">
        <ele>140.7</ele>
      </trkpt>
      <trkpt lat="29.25936" lon="-97.84322">
        <ele>140.9</ele>
      </trkpt>
      <trkpt lat="29.25927" lon="-97.84304">
        <ele>141.2</ele>
      </trkpt>
      <trkpt lat="29.25915" lon="-97.84278">
        <ele>141.7</ele>
      </trkpt>
      <trkpt lat="29.2589" lon="-97.84224">
        <ele>142.8</ele>
      </trkpt>
      <trkpt lat="29.25877" lon="-97.842">
        <ele>143.5</ele>
      </trkpt>
      <trkpt lat="29.25872" lon="-97.8419">
        <ele>144.0</ele>
      </trkpt>
      <trkpt lat="29.25867" lon="-97.84183">
        <ele>144.5</ele>
      </trkpt>
      <trkpt lat="29.25865" lon="-97.84179">
        <ele>144.8</ele>
      </trkpt>
      <trkpt lat="29.2586" lon="-97.84172">
        <ele>145.2</ele>
      </trkpt>
      <trkpt lat="29.25856" lon="-97.84167">
        <ele>145.6</ele>
      </trkpt>
      <trkpt lat="29.25854" lon="-97.84163">
        <ele>145.8</ele>
      </trkpt>
      <trkpt lat="29.25849" lon="-97.84157">
        <ele>146.2</ele>
      </trkpt>
      <trkpt lat="29.25848" lon="-97.84156">
        <ele>146.2</ele>
      </trkpt>
      <trkpt lat="29.25842" lon="-97.84147">
        <ele>146.7</ele>
      </trkpt>
      <trkpt lat="29.25833" lon="-97.84137">
        <ele>147.3</ele>
      </trkpt>
      <trkpt lat="29.2583" lon="-97.84133">
        <ele>147.6</ele>
      </trkpt>
      <trkpt lat="29.25828" lon="-97.84132">
        <ele>147.7</ele>
      </trkpt>
      <trkpt lat="29.25823" lon="-97.84127">
        <ele>148.0</ele>
      </trkpt>
      <trkpt lat="29.25806" lon="-97.8411">
        <ele>149.2</ele>
      </trkpt>
      <trkpt lat="29.25794" lon="-97.84099">
        <ele>149.5</ele>
      </trkpt>
      <trkpt lat="29.25784" lon="-97.84091">
        <ele>149.5</ele>
      </trkpt>
      <trkpt lat="29.25781" lon="-97.84089">
        <ele>149.5</ele>
      </trkpt>
      <trkpt lat="29.25772" lon="-97.84083">
        <ele>149.4</ele>
      </trkpt>
      <trkpt lat="29.2577" lon="-97.84082">
        <ele>149.4</ele>
      </trkpt>
      <trkpt lat="29.25761" lon="-97.84076">
        <ele>149.1</ele>
      </trkpt>
      <trkpt lat="29.2575" lon="-97.84069">
        <ele>148.7</ele>
      </trkpt>
      <trkpt lat="29.25739" lon="-97.84062">
        <ele>148.2</ele>
      </trkpt>
      <trkpt lat="29.25717" lon="-97.84053">
        <ele>147.3</ele>
      </trkpt>
      <trkpt lat="29.25712" lon="-97.84051">
        <ele>147.1</ele>
      </trkpt>
      <trkpt lat="29.25705" lon="-97.84048">
        <ele>146.8</ele>
      </trkpt>
      <trkpt lat="29.25697" lon="-97.84046">
        <ele>146.5</ele>
      </trkpt>
      <trkpt lat="29.25684" lon="-97.84042">
        <ele>146.2</ele>
      </trkpt>
      <trkpt lat="29.25665" lon="-97.84035">
        <ele>146.0</ele>
      </trkpt>
      <trkpt lat="29.25636" lon="-97.84026">
        <ele>145.8</ele>
      </trkpt>
      <trkpt lat="29.2562" lon="-97.84021">
        <ele>145.7</ele>
      </trkpt>
      <trkpt lat="29.25618" lon="-97.8402">
        <ele>145.6</ele>
      </trkpt>
      <trkpt lat="29.25566" lon="-97.84004">
        <ele>144.6</ele>
      </trkpt>
      <trkpt lat="29.25533" lon="-97.83993">
        <ele>143.9</ele>
      </trkpt>
      <trkpt lat="29.25468" lon="-97.83972">
        <ele>143.3</ele>
      </trkpt>
      <trkpt lat="29.25399" lon="-97.8395">
        <ele>141.9</ele>
      </trkpt>
      <trkpt lat="29.2538" lon="-97.83944">
        <ele>141.6</ele>
      </trkpt>
      <trkpt lat="29.25354" lon="-97.83935">
        <ele>141.3</ele>
      </trkpt>
      <trkpt lat="29.25313" lon="-97.83923">
        <ele>140.8</ele>
      </trkpt>
      <trkpt lat="29.25245" lon="-97.83902">
        <ele>140.1</ele>
      </trkpt>
      <trkpt lat="29.25245" lon="-97.83902">
        <ele>140.1</ele>
      </trkpt>
      <trkpt lat="29.25225" lon="-97.83896">
        <ele>139.9</ele>
      </trkpt>
      <trkpt lat="29.252" lon="-97.83888">
        <ele>139.5</ele>
      </trkpt>
      <trkpt lat="29.252" lon="-97.83888">
        <ele>139.5</ele>
      </trkpt>
      <trkpt lat="29.25193" lon="-97.83913">
        <ele>139.6</ele>
      </trkpt>
      <trkpt lat="29.25189" lon="-97.8393">
        <ele>139.7</ele>
      </trkpt>
      <trkpt lat="29.25186" lon="-97.83941">
        <ele>139.6</ele>
      </trkpt>
      <trkpt lat="29.2517" lon="-97.84002">
        <ele>139.9</ele>
      </trkpt>
      <trkpt lat="29.25166" lon="-97.8402">
        <ele>140.0</ele>
      </trkpt>
      <trkpt lat="29.25157" lon="-97.84066">
        <ele>140.3</ele>
      </trkpt>
      <trkpt lat="29.25156" lon="-97.84071">
        <ele>140.3</ele>
      </trkpt>
      <trkpt lat="29.25146" lon="-97.84114">
        <ele>140.4</ele>
      </trkpt>
      <trkpt lat="29.25122" lon="-97.84224">
        <ele>140.2</ele>
      </trkpt>
      <trkpt lat="29.2512" lon="-97.84231">
        <ele>140.2</ele>
      </trkpt>
      <trkpt lat="29.25116" lon="-97.84241">
        <ele>140.2</ele>
      </trkpt>
      <trkpt lat="29.25116" lon="-97.84242">
        <ele>140.2</ele>
      </trkpt>
      <trkpt lat="29.25113" lon="-97.84258">
        <ele>140.2</ele>
      </trkpt>
      <trkpt lat="29.25113" lon="-97.84259">
        <ele>140.2</ele>
      </trkpt>
      <trkpt lat="29.25112" lon="-97.84266">
        <ele>140.2</ele>
      </trkpt>
      <trkpt lat="29.2511" lon="-97.84276">
        <ele>140.3</ele>
      </trkpt>
      <trkpt lat="29.25108" lon="-97.84288">
        <ele>140.3</ele>
      </trkpt>
      <trkpt lat="29.25105" lon="-97.84301">
        <ele>140.2</ele>
      </trkpt>
      <trkpt lat="29.25105" lon="-97.84301">
        <ele>140.2</ele>
      </trkpt>
      <trkpt lat="29.25104" lon="-97.84305">
        <ele>140.2</ele>
      </trkpt>
      <trkpt lat="29.251" lon="-97.84319">
        <ele>140.2</ele>
      </trkpt>
      <trkpt lat="29.25095" lon="-97.84326">
        <ele>140.1</ele>
      </trkpt>
      <trkpt lat="29.25087" lon="-97.8433">
        <ele>140.0</ele>
      </trkpt>
      <trkpt lat="29.25074" lon="-97.84331">
        <ele>139.7</ele>
      </trkpt>
      <trkpt lat="29.2505" lon="-97.84329">
        <ele>139.3</ele>
      </trkpt>
      <trkpt lat="29.25035" lon="-97.84327">
        <ele>139.1</ele>
      </trkpt>
      <trkpt lat="29.25014" lon="-97.84324">
        <ele>139.1</ele>
      </trkpt>
      <trkpt lat="29.24999" lon="-97.84321">
        <ele>139.2</ele>
      </trkpt>
      <trkpt lat="29.24999" lon="-97.84321">
        <ele>139.2</ele>
      </trkpt>
      <trkpt lat="29.24969" lon="-97.84437">
        <ele>138.4</ele>
      </trkpt>
      <trkpt lat="29.2497" lon="-97.84446">
        <ele>138.3</ele>
      </trkpt>
      <trkpt lat="29.24972" lon="-97.84453">
        <ele>138.2</ele>
      </trkpt>
      <trkpt lat="29.24976" lon="-97.84459">
        <ele>138.2</ele>
      </trkpt>
      <trkpt lat="29.24979" lon="-97.84467">
        <ele>138.2</ele>
      </trkpt>
      <trkpt lat="29.24979" lon="-97.84467">
        <ele>138.2</ele>
      </trkpt>
      <trkpt lat="29.2498" lon="-97.84467">
        <ele>138.2</ele>
      </trkpt>
      <trkpt lat="29.24989" lon="-97.84475">
        <ele>138.3</ele>
      </trkpt>
      <trkpt lat="29.2502" lon="-97.84517">
        <ele>138.9</ele>
      </trkpt>
      <trkpt lat="29.25028" lon="-97.84527">
        <ele>139.1</ele>
      </trkpt>
      <trkpt lat="29.25057" lon="-97.84568">
        <ele>139.7</ele>
      </trkpt>
      <trkpt lat="29.25086" lon="-97.84606">
        <ele>139.8</ele>
      </trkpt>
      <trkpt lat="29.2509" lon="-97.84611">
        <ele>139.8</ele>
      </trkpt>
      <trkpt lat="29.25113" lon="-97.84643">
        <ele>139.8</ele>
      </trkpt>
      <trkpt lat="29.25143" lon="-97.84683">
        <ele>139.4</ele>
      </trkpt>
      <trkpt lat="29.25144" lon="-97.84684">
        <ele>139.4</ele>
      </trkpt>
      <trkpt lat="29.25148" lon="-97.8469">
        <ele>139.3</ele>
      </trkpt>
      <trkpt lat="29.25158" lon="-97.84702">
        <ele>139.1</ele>
      </trkpt>
      <trkpt lat="29.25158" lon="-97.84702">
        <ele>139.1</ele>
      </trkpt>
      <trkpt lat="29.2516" lon="-97.84706">
        <ele>139.0</ele>
      </trkpt>
      <trkpt lat="29.25179" lon="-97.84731">
        <ele>138.5</ele>
      </trkpt>
      <trkpt lat="29.25183" lon="-97.84737">
        <ele>138.4</ele>
      </trkpt>
      <trkpt lat="29.25205" lon="-97.84766">
        <ele>137.8</ele>
      </trkpt>
      <trkpt lat="29.25214" lon="-97.84779">
        <ele>137.4</ele>
      </trkpt>
      <trkpt lat="29.25223" lon="-97.84792">
        <ele>137.1</ele>
      </trkpt>
      <trkpt lat="29.25251" lon="-97.84829">
        <ele>136.5</ele>
      </trkpt>
      <trkpt lat="29.2526" lon="-97.84842">
        <ele>136.3</ele>
      </trkpt>
      <trkpt lat="29.25264" lon="-97.84848">
        <ele>136.2</ele>
      </trkpt>
      <trkpt lat="29.25292" lon="-97.84886">
        <ele>135.6</ele>
      </trkpt>
      <trkpt lat="29.25299" lon="-97.84895">
        <ele>135.5</ele>
      </trkpt>
      <trkpt lat="29.25385" lon="-97.8501">
        <ele>134.1</ele>
      </trkpt>
      <trkpt lat="29.25392" lon="-97.85019">
        <ele>134.0</ele>
      </trkpt>
      <trkpt lat="29.25403" lon="-97.85037">
        <ele>133.9</ele>
      </trkpt>
      <trkpt lat="29.2541" lon="-97.8505">
        <ele>133.8</ele>
      </trkpt>
      <trkpt lat="29.25449" lon="-97.85125">
        <ele>133.4</ele>
      </trkpt>
      <trkpt lat="29.25461" lon="-97.85147">
        <ele>133.3</ele>
      </trkpt>
      <trkpt lat="29.25467" lon="-97.85159">
        <ele>133.2</ele>
      </trkpt>
      <trkpt lat="29.25483" lon="-97.8519">
        <ele>133.0</ele>
      </trkpt>
      <trkpt lat="29.25504" lon="-97.85231">
        <ele>132.8</ele>
      </trkpt>
      <trkpt lat="29.2552" lon="-97.85261">
        <ele>132.6</ele>
      </trkpt>
      <trkpt lat="29.25526" lon="-97.85274">
        <ele>132.6</ele>
      </trkpt>
      <trkpt lat="29.25551" lon="-97.8532">
        <ele>132.4</ele>
      </trkpt>
      <trkpt lat="29.25554" lon="-97.85326">
        <ele>132.4</ele>
      </trkpt>
      <trkpt lat="29.25573" lon="-97.85364">
        <ele>132.4</ele>
      </trkpt>
      <trkpt lat="29.256" lon="-97.85415">
        <ele>132.4</ele>
      </trkpt>
      <trkpt lat="29.25621" lon="-97.85455">
        <ele>132.4</ele>
      </trkpt>
      <trkpt lat="29.2563" lon="-97.85473">
        <ele>132.4</ele>
      </trkpt>
      <trkpt lat="29.25634" lon="-97.85479">
        <ele>132.4</ele>
      </trkpt>
      <trkpt lat="29.25645" lon="-97.85501">
        <ele>132.4</ele>
      </trkpt>
      <trkpt lat="29.25652" lon="-97.85514">
        <ele>132.3</ele>
      </trkpt>
      <trkpt lat="29.25682" lon="-97.85572">
        <ele>132.2</ele>
      </trkpt>
      <trkpt lat="29.25707" lon="-97.85621">
        <ele>132.0</ele>
      </trkpt>
      <trkpt lat="29.25716" lon="-97.85639">
        <ele>131.9</ele>
      </trkpt>
      <trkpt lat="29.25721" lon="-97.85647">
        <ele>131.8</ele>
      </trkpt>
      <trkpt lat="29.25722" lon="-97.8565">
        <ele>131.8</ele>
      </trkpt>
      <trkpt lat="29.25725" lon="-97.85657">
        <ele>131.8</ele>
      </trkpt>
      <trkpt lat="29.25736" lon="-97.85679">
        <ele>131.6</ele>
      </trkpt>
      <trkpt lat="29.2574" lon="-97.85686">
        <ele>131.6</ele>
      </trkpt>
      <trkpt lat="29.25744" lon="-97.85692">
        <ele>131.5</ele>
      </trkpt>
      <trkpt lat="29.25796" lon="-97.85791">
        <ele>130.2</ele>
      </trkpt>
      <trkpt lat="29.25827" lon="-97.85851">
        <ele>128.0</ele>
      </trkpt>
      <trkpt lat="29.25832" lon="-97.8586">
        <ele>127.8</ele>
      </trkpt>
      <trkpt lat="29.25837" lon="-97.85869">
        <ele>127.6</ele>
      </trkpt>
      <trkpt lat="29.2584" lon="-97.85879">
        <ele>127.4</ele>
      </trkpt>
      <trkpt lat="29.25847" lon="-97.85898">
        <ele>127.1</ele>
      </trkpt>
      <trkpt lat="29.25863" lon="-97.85975">
        <ele>125.0</ele>
      </trkpt>
      <trkpt lat="29.25863" lon="-97.8598">
        <ele>125.0</ele>
      </trkpt>
      <trkpt lat="29.25865" lon="-97.85988">
        <ele>124.9</ele>
      </trkpt>
      <trkpt lat="29.25867" lon="-97.86003">
        <ele>124.9</ele>
      </trkpt>
      <trkpt lat="29.25868" lon="-97.86016">
        <ele>124.9</ele>
      </trkpt>
      <trkpt lat="29.25868" lon="-97.86021">
        <ele>124.9</ele>
      </trkpt>
      <trkpt lat="29.25868" lon="-97.86029">
        <ele>124.9</ele>
      </trkpt>
      <trkpt lat="29.25869" lon="-97.86081">
        <ele>125.0</ele>
      </trkpt>
      <trkpt lat="29.25868" lon="-97.86102">
        <ele>125.0</ele>
      </trkpt>
      <trkpt lat="29.25868" lon="-97.86111">
        <ele>125.0</ele>
      </trkpt>
      <trkpt lat="29.25867" lon="-97.86124">
        <ele>125.0</ele>
      </trkpt>
      <trkpt lat="29.25867" lon="-97.86125">
        <ele>125.0</ele>
      </trkpt>
      <trkpt lat="29.25867" lon="-97.86132">
        <ele>125.0</ele>
      </trkpt>
      <trkpt lat="29.25866" lon="-97.86152">
        <ele>125.0</ele>
      </trkpt>
      <trkpt lat="29.25865" lon="-97.8617">
        <ele>125.0</ele>
      </trkpt>
      <trkpt lat="29.25866" lon="-97.86193">
        <ele>125.0</ele>
      </trkpt>
      <trkpt lat="29.25868" lon="-97.86217">
        <ele>125.0</ele>
      </trkpt>
      <trkpt lat="29.25875" lon="-97.8626">
        <ele>125.3</ele>
      </trkpt>
      <trkpt lat="29.25878" lon="-97.86275">
        <ele>125.5</ele>
      </trkpt>
      <trkpt lat="29.2588" lon="-97.86287">
        <ele>125.7</ele>
      </trkpt>
      <trkpt lat="29.25881" lon="-97.86295">
        <ele>125.8</ele>
      </trkpt>
      <trkpt lat="29.25884" lon="-97.86308">
        <ele>126.0</ele>
      </trkpt>
      <trkpt lat="29.25885" lon="-97.86315">
        <ele>126.2</ele>
      </trkpt>
      <trkpt lat="29.25889" lon="-97.86339">
        <ele>126.6</ele>
      </trkpt>
      <trkpt lat="29.25899" lon="-97.86396">
        <ele>127.9</ele>
      </trkpt>
      <trkpt lat="29.25903" lon="-97.86416">
        <ele>128.3</ele>
      </trkpt>
      <trkpt lat="29.25912" lon="-97.86469">
        <ele>129.4</ele>
      </trkpt>
      <trkpt lat="29.25914" lon="-97.86476">
        <ele>129.5</ele>
      </trkpt>
      <trkpt lat="29.25914" lon="-97.86477">
        <ele>129.5</ele>
      </trkpt>
      <trkpt lat="29.25915" lon="-97.86482">
        <ele>129.7</ele>
      </trkpt>
      <trkpt lat="29.25918" lon="-97.86495">
        <ele>130.0</ele>
      </trkpt>
      <trkpt lat="29.25918" lon="-97.86514">
        <ele>130.5</ele>
      </trkpt>
      <trkpt lat="29.25915" lon="-97.8653">
        <ele>131.0</ele>
      </trkpt>
      <trkpt lat="29.25914" lon="-97.86533">
        <ele>131.1</ele>
      </trkpt>
      <trkpt lat="29.25913" lon="-97.86537">
        <ele>131.2</ele>
      </trkpt>
      <trkpt lat="29.25904" lon="-97.86577">
        <ele>131.5</ele>
      </trkpt>
      <trkpt lat="29.25896" lon="-97.86613">
        <ele>131.2</ele>
      </trkpt>
      <trkpt lat="29.25891" lon="-97.86634">
        <ele>130.9</ele>
      </trkpt>
      <trkpt lat="29.2589" lon="-97.86637">
        <ele>130.9</ele>
      </trkpt>
      <trkpt lat="29.25881" lon="-97.86674">
        <ele>130.4</ele>
      </trkpt>
      <trkpt lat="29.2588" lon="-97.86676">
        <ele>130.3</ele>
      </trkpt>
      <trkpt lat="29.25876" lon="-97.86694">
        <ele>130.0</ele>
      </trkpt>
      <trkpt lat="29.25861" lon="-97.86754">
        <ele>129.3</ele>
      </trkpt>
      <trkpt lat="29.25859" lon="-97.86763">
        <ele>129.3</ele>
      </trkpt>
      <trkpt lat="29.25859" lon="-97.8677">
        <ele>129.2</ele>
      </trkpt>
      <trkpt lat="29.25859" lon="-97.86774">
        <ele>129.2</ele>
      </trkpt>
      <trkpt lat="29.25859" lon="-97.86778">
        <ele>129.1</ele>
      </trkpt>
      <trkpt lat="29.2586" lon="-97.86787">
        <ele>129.0</ele>
      </trkpt>
      <trkpt lat="29.25867" lon="-97.86835">
        <ele>128.5</ele>
      </trkpt>
      <trkpt lat="29.25868" lon="-97.86837">
        <ele>128.4</ele>
      </trkpt>
      <trkpt lat="29.25871" lon="-97.86855">
        <ele>128.4</ele>
      </trkpt>
      <trkpt lat="29.25876" lon="-97.86886">
        <ele>128.3</ele>
      </trkpt>
      <trkpt lat="29.25877" lon="-97.86898">
        <ele>128.3</ele>
      </trkpt>
      <trkpt lat="29.25877" lon="-97.86899">
        <ele>128.3</ele>
      </trkpt>
      <trkpt lat="29.2588" lon="-97.86916">
        <ele>128.3</ele>
      </trkpt>
      <trkpt lat="29.25892" lon="-97.86997">
        <ele>128.9</ele>
      </trkpt>
      <trkpt lat="29.259" lon="-97.87052">
        <ele>129.6</ele>
      </trkpt>
      <trkpt lat="29.25901" lon="-97.87058">
        <ele>129.7</ele>
      </trkpt>
      <trkpt lat="29.25908" lon="-97.87104">
        <ele>130.5</ele>
      </trkpt>
      <trkpt lat="29.25914" lon="-97.87139">
        <ele>131.3</ele>
      </trkpt>
      <trkpt lat="29.25917" lon="-97.8716">
        <ele>131.9</ele>
      </trkpt>
      <trkpt lat="29.25917" lon="-97.87162">
        <ele>132.0</ele>
      </trkpt>
      <trkpt lat="29.2592" lon="-97.8718">
        <ele>132.5</ele>
      </trkpt>
      <trkpt lat="29.25921" lon="-97.8719">
        <ele>132.9</ele>
      </trkpt>
      <trkpt lat="29.25923" lon="-97.872">
        <ele>133.3</ele>
      </trkpt>
      <trkpt lat="29.25923" lon="-97.87202">
        <ele>133.4</ele>
      </trkpt>
      <trkpt lat="29.25934" lon="-97.87282">
        <ele>137.1</ele>
      </trkpt>
      <trkpt lat="29.2594" lon="-97.87318">
        <ele>137.3</ele>
      </trkpt>
      <trkpt lat="29.2594" lon="-97.87322">
        <ele>137.2</ele>
      </trkpt>
      <trkpt lat="29.2594" lon="-97.87325">
        <ele>137.2</ele>
      </trkpt>
      <trkpt lat="29.25946" lon="-97.87363">
        <ele>136.5</ele>
      </trkpt>
      <trkpt lat="29.25947" lon="-97.87365">
        <ele>136.5</ele>
      </trkpt>
      <trkpt lat="29.25962" lon="-97.87464">
        <ele>135.9</ele>
      </trkpt>
      <trkpt lat="29.25964" lon="-97.87478">
        <ele>136.0</ele>
      </trkpt>
      <trkpt lat="29.25965" lon="-97.87487">
        <ele>136.1</ele>
      </trkpt>
      <trkpt lat="29.25965" lon="-97.875">
        <ele>136.3</ele>
      </trkpt>
      <trkpt lat="29.25963" lon="-97.87508">
        <ele>136.5</ele>
      </trkpt>
      <trkpt lat="29.25963" lon="-97.87508">
        <ele>136.5</ele>
      </trkpt>
      <trkpt lat="29.25981" lon="-97.87519">
        <ele>136.0</ele>
      </trkpt>
      <trkpt lat="29.26061" lon="-97.8756">
        <ele>134.4</ele>
      </trkpt>
      <trkpt lat="29.26074" lon="-97.87568">
        <ele>134.4</ele>
      </trkpt>
      <trkpt lat="29.26128" lon="-97.87597">
        <ele>133.7</ele>
      </trkpt>
      <trkpt lat="29.26161" lon="-97.87614">
        <ele>134.1</ele>
      </trkpt>
      <trkpt lat="29.2617" lon="-97.8762">
        <ele>134.2</ele>
      </trkpt>
      <trkpt lat="29.26177" lon="-97.87623">
        <ele>134.3</ele>
      </trkpt>
      <trkpt lat="29.26192" lon="-97.87631">
        <ele>134.6</ele>
      </trkpt>
      <trkpt lat="29.26205" lon="-97.87637">
        <ele>134.7</ele>
      </trkpt>
      <trkpt lat="29.26206" lon="-97.87638">
        <ele>134.7</ele>
      </trkpt>
      <trkpt lat="29.2622" lon="-97.87644">
        <ele>134.6</ele>
      </trkpt>
      <trkpt lat="29.26227" lon="-97.87648">
        <ele>134.5</ele>
      </trkpt>
      <trkpt lat="29.26237" lon="-97.87652">
        <ele>134.3</ele>
      </trkpt>
      <trkpt lat="29.26238" lon="-97.87653">
        <ele>134.3</ele>
      </trkpt>
      <trkpt lat="29.26253" lon="-97.87659">
        <ele>133.9</ele>
      </trkpt>
      <trkpt lat="29.26269" lon="-97.87665">
        <ele>133.2</ele>
      </trkpt>
      <trkpt lat="29.26304" lon="-97.87676">
        <ele>132.0</ele>
      </trkpt>
      <trkpt lat="29.2634" lon="-97.87687">
        <ele>130.9</ele>
      </trkpt>
      <trkpt lat="29.26347" lon="-97.87689">
        <ele>130.7</ele>
      </trkpt>
      <trkpt lat="29.26376" lon="-97.87698">
        <ele>130.1</ele>
      </trkpt>
      <trkpt lat="29.26378" lon="-97.87698">
        <ele>130.0</ele>
      </trkpt>
      <trkpt lat="29.26409" lon="-97.87709">
        <ele>129.2</ele>
      </trkpt>
      <trkpt lat="29.26417" lon="-97.87711">
        <ele>129.0</ele>
      </trkpt>
      <trkpt lat="29.26434" lon="-97.87717">
        <ele>128.5</ele>
      </trkpt>
      <trkpt lat="29.26487" lon="-97.87735">
        <ele>128.2</ele>
      </trkpt>
      <trkpt lat="29.26497" lon="-97.87738">
        <ele>128.2</ele>
      </trkpt>
      <trkpt lat="29.26548" lon="-97.87754">
        <ele>128.2</ele>
      </trkpt>
      <trkpt lat="29.26587" lon="-97.87768">
        <ele>128.2</ele>
      </trkpt>
      <trkpt lat="29.26599" lon="-97.87772">
        <ele>128.2</ele>
      </trkpt>
      <trkpt lat="29.26602" lon="-97.87772">
        <ele>128.2</ele>
      </trkpt>
      <trkpt lat="29.26607" lon="-97.87774">
        <ele>128.2</ele>
      </trkpt>
      <trkpt lat="29.26611" lon="-97.87775">
        <ele>128.2</ele>
      </trkpt>
      <trkpt lat="29.26618" lon="-97.87778">
        <ele>128.2</ele>
      </trkpt>
      <trkpt lat="29.26669" lon="-97.87795">
        <ele>128.6</ele>
      </trkpt>
      <trkpt lat="29.26676" lon="-97.87797">
        <ele>128.6</ele>
      </trkpt>
      <trkpt lat="29.26677" lon="-97.87798">
        <ele>128.6</ele>
      </trkpt>
      <trkpt lat="29.26738" lon="-97.87817">
        <ele>129.3</ele>
      </trkpt>
      <trkpt lat="29.26745" lon="-97.87819">
        <ele>129.4</ele>
      </trkpt>
      <trkpt lat="29.26762" lon="-97.87825">
        <ele>129.6</ele>
      </trkpt>
      <trkpt lat="29.26807" lon="-97.87839">
        <ele>129.8</ele>
      </trkpt>
      <trkpt lat="29.26809" lon="-97.8784">
        <ele>129.8</ele>
      </trkpt>
      <trkpt lat="29.26814" lon="-97.87842">
        <ele>129.8</ele>
      </trkpt>
      <trkpt lat="29.26895" lon="-97.87868">
        <ele>129.9</ele>
      </trkpt>
      <trkpt lat="29.26936" lon="-97.8788">
        <ele>129.6</ele>
      </trkpt>
      <trkpt lat="29.26946" lon="-97.87884">
        <ele>129.4</ele>
      </trkpt>
      <trkpt lat="29.27053" lon="-97.87918">
        <ele>128.2</ele>
      </trkpt>
      <trkpt lat="29.27067" lon="-97.87923">
        <ele>128.1</ele>
      </trkpt>
      <trkpt lat="29.27068" lon="-97.87923">
        <ele>128.1</ele>
      </trkpt>
      <trkpt lat="29.27074" lon="-97.87925">
        <ele>128.2</ele>
      </trkpt>
      <trkpt lat="29.27079" lon="-97.87927">
        <ele>128.2</ele>
      </trkpt>
      <trkpt lat="29.27121" lon="-97.8794">
        <ele>129.3</ele>
      </trkpt>
      <trkpt lat="29.27184" lon="-97.87959">
        <ele>130.7</ele>
      </trkpt>
      <trkpt lat="29.27225" lon="-97.87972">
        <ele>131.5</ele>
      </trkpt>
      <trkpt lat="29.27248" lon="-97.87979">
        <ele>132.1</ele>
      </trkpt>
      <trkpt lat="29.27259" lon="-97.87983">
        <ele>132.4</ele>
      </trkpt>
      <trkpt lat="29.27271" lon="-97.87987">
        <ele>132.8</ele>
      </trkpt>
      <trkpt lat="29.27275" lon="-97.87988">
        <ele>132.9</ele>
      </trkpt>
      <trkpt lat="29.273" lon="-97.87996">
        <ele>133.4</ele>
      </trkpt>
      <trkpt lat="29.27307" lon="-97.87999">
        <ele>133.6</ele>
      </trkpt>
      <trkpt lat="29.27312" lon="-97.88002">
        <ele>133.7</ele>
      </trkpt>
      <trkpt lat="29.27314" lon="-97.88002">
        <ele>133.7</ele>
      </trkpt>
      <trkpt lat="29.27327" lon="-97.88012">
        <ele>134.0</ele>
      </trkpt>
      <trkpt lat="29.27327" lon="-97.88012">
        <ele>134.0</ele>
      </trkpt>
      <trkpt lat="29.27344" lon="-97.8798">
        <ele>133.6</ele>
      </trkpt>
      <trkpt lat="29.27354" lon="-97.87962">
        <ele>133.4</ele>
      </trkpt>
      <trkpt lat="29.27357" lon="-97.87955">
        <ele>133.3</ele>
      </trkpt>
      <trkpt lat="29.27362" lon="-97.87944">
        <ele>133.2</ele>
      </trkpt>
      <trkpt lat="29.27365" lon="-97.87939">
        <ele>133.2</ele>
      </trkpt>
      <trkpt lat="29.27371" lon="-97.87929">
        <ele>133.1</ele>
      </trkpt>
      <trkpt lat="29.2738" lon="-97.87911">
        <ele>133.2</ele>
      </trkpt>
      <trkpt lat="29.2738" lon="-97.87911">
        <ele>133.2</ele>
      </trkpt>
      <trkpt lat="29.27385" lon="-97.87901">
        <ele>133.2</ele>
      </trkpt>
      <trkpt lat="29.27408" lon="-97.87856">
        <ele>133.4</ele>
      </trkpt>
      <trkpt lat="29.27412" lon="-97.87849">
        <ele>133.4</ele>
      </trkpt>
      <trkpt lat="29.27418" lon="-97.87837">
        <ele>133.4</ele>
      </trkpt>
      <trkpt lat="29.2742" lon="-97.87833">
        <ele>133.3</ele>
      </trkpt>
      <trkpt lat="29.27438" lon="-97.87798">
        <ele>133.0</ele>
      </trkpt>
      <trkpt lat="29.27438" lon="-97.87797">
        <ele>132.9</ele>
      </trkpt>
      <trkpt lat="29.27454" lon="-97.87766">
        <ele>132.5</ele>
      </trkpt>
      <trkpt lat="29.2746" lon="-97.87755">
        <ele>132.4</ele>
      </trkpt>
      <trkpt lat="29.275" lon="-97.87678">
        <ele>131.3</ele>
      </trkpt>
      <trkpt lat="29.275" lon="-97.87678">
        <ele>131.3</ele>
      </trkpt>
      <trkpt lat="29.27475" lon="-97.87628">
        <ele>130.5</ele>
      </trkpt>
      <trkpt lat="29.27473" lon="-97.87624">
        <ele>130.5</ele>
      </trkpt>
      <trkpt lat="29.27473" lon="-97.87623">
        <ele>130.4</ele>
      </trkpt>
      <trkpt lat="29.27447" lon="-97.8757">
        <ele>129.6</ele>
      </trkpt>
      <trkpt lat="29.27443" lon="-97.87562">
        <ele>129.6</ele>
      </trkpt>
      <trkpt lat="29.2742" lon="-97.87516">
        <ele>129.1</ele>
      </trkpt>
      <trkpt lat="29.27416" lon="-97.87508">
        <ele>129.1</ele>
      </trkpt>
      <trkpt lat="29.27415" lon="-97.87505">
        <ele>129.2</ele>
      </trkpt>
      <trkpt lat="29.2739" lon="-97.87454">
        <ele>129.0</ele>
      </trkpt>
      <trkpt lat="29.27388" lon="-97.87451">
        <ele>129.1</ele>
      </trkpt>
      <trkpt lat="29.27385" lon="-97.87444">
        <ele>129.2</ele>
      </trkpt>
      <trkpt lat="29.27338" lon="-97.87346">
        <ele>130.6</ele>
      </trkpt>
      <trkpt lat="29.27333" lon="-97.87336">
        <ele>130.7</ele>
      </trkpt>
      <trkpt lat="29.27309" lon="-97.87286">
        <ele>131.0</ele>
      </trkpt>
      <trkpt lat="29.27303" lon="-97.87274">
        <ele>131.1</ele>
      </trkpt>
      <trkpt lat="29.27277" lon="-97.87219">
        <ele>132.0</ele>
      </trkpt>
      <trkpt lat="29.27257" lon="-97.87175">
        <ele>132.9</ele>
      </trkpt>
      <trkpt lat="29.27243" lon="-97.87146">
        <ele>133.4</ele>
      </trkpt>
      <trkpt lat="29.27227" lon="-97.8711">
        <ele>133.9</ele>
      </trkpt>
      <trkpt lat="29.27201" lon="-97.87054">
        <ele>134.2</ele>
      </trkpt>
      <trkpt lat="29.27193" lon="-97.87037">
        <ele>133.9</ele>
      </trkpt>
      <trkpt lat="29.27141" lon="-97.86928">
        <ele>131.2</ele>
      </trkpt>
      <trkpt lat="29.2714" lon="-97.86925">
        <ele>131.2</ele>
      </trkpt>
      <trkpt lat="29.27132" lon="-97.86908">
        <ele>130.9</ele>
      </trkpt>
      <trkpt lat="29.27126" lon="-97.86895">
        <ele>130.9</ele>
      </trkpt>
      <trkpt lat="29.27125" lon="-97.86892">
        <ele>130.9</ele>
      </trkpt>
      <trkpt lat="29.2712" lon="-97.8688">
        <ele>130.8</ele>
      </trkpt>
      <trkpt lat="29.27108" lon="-97.86855">
        <ele>130.8</ele>
      </trkpt>
      <trkpt lat="29.27105" lon="-97.86849">
        <ele>130.8</ele>
      </trkpt>
      <trkpt lat="29.27099" lon="-97.86834">
        <ele>130.8</ele>
      </trkpt>
      <trkpt lat="29.27091" lon="-97.86815">
        <ele>130.9</ele>
      </trkpt>
      <trkpt lat="29.27084" lon="-97.868">
        <ele>131.2</ele>
      </trkpt>
      <trkpt lat="29.27048" lon="-97.86719">
        <ele>134.1</ele>
      </trkpt>
      <trkpt lat="29.27043" lon="-97.86708">
        <ele>134.5</ele>
      </trkpt>
      <trkpt lat="29.27035" lon="-97.86692">
        <ele>135.0</ele>
      </trkpt>
      <trkpt lat="29.27027" lon="-97.86679">
        <ele>135.4</ele>
      </trkpt>
      <trkpt lat="29.27023" lon="-97.86674">
        <ele>135.5</ele>
      </trkpt>
      <trkpt lat="29.27021" lon="-97.86671">
        <ele>135.6</ele>
      </trkpt>
      <trkpt lat="29.27019" lon="-97.86668">
        <ele>135.7</ele>
      </trkpt>
      <trkpt lat="29.27011" lon="-97.86659">
        <ele>135.9</ele>
      </trkpt>
      <trkpt lat="29.27001" lon="-97.86647">
        <ele>136.0</ele>
      </trkpt>
      <trkpt lat="29.26993" lon="-97.86636">
        <ele>136.1</ele>
      </trkpt>
      <trkpt lat="29.26986" lon="-97.86625">
        <ele>136.1</ele>
      </trkpt>
      <trkpt lat="29.2698" lon="-97.86614">
        <ele>136.3</ele>
      </trkpt>
      <trkpt lat="29.2695" lon="-97.86557">
        <ele>136.3</ele>
      </trkpt>
      <trkpt lat="29.26938" lon="-97.86533">
        <ele>136.1</ele>
      </trkpt>
      <trkpt lat="29.26899" lon="-97.86455">
        <ele>134.4</ele>
      </trkpt>
      <trkpt lat="29.26883" lon="-97.86422">
        <ele>133.5</ele>
      </trkpt>
      <trkpt lat="29.2688" lon="-97.86413">
        <ele>133.3</ele>
      </trkpt>
      <trkpt lat="29.26878" lon="-97.86404">
        <ele>133.1</ele>
      </trkpt>
      <trkpt lat="29.26877" lon="-97.86399">
        <ele>133.0</ele>
      </trkpt>
      <trkpt lat="29.26877" lon="-97.86396">
        <ele>133.0</ele>
      </trkpt>
      <trkpt lat="29.26881" lon="-97.86381">
        <ele>132.9</ele>
      </trkpt>
      <trkpt lat="29.26886" lon="-97.86375">
        <ele>132.9</ele>
      </trkpt>
      <trkpt lat="29.26891" lon="-97.86369">
        <ele>133.0</ele>
      </trkpt>
      <trkpt lat="29.26898" lon="-97.86364">
        <ele>133.1</ele>
      </trkpt>
      <trkpt lat="29.26907" lon="-97.86359">
        <ele>133.3</ele>
      </trkpt>
      <trkpt lat="29.26944" lon="-97.86337">
        <ele>133.7</ele>
      </trkpt>
      <trkpt lat="29.26954" lon="-97.8633">
        <ele>133.9</ele>
      </trkpt>
      <trkpt lat="29.2696" lon="-97.86327">
        <ele>134.1</ele>
      </trkpt>
      <trkpt lat="29.26996" lon="-97.86307">
        <ele>135.2</ele>
      </trkpt>
      <trkpt lat="29.27003" lon="-97.86303">
        <ele>135.4</ele>
      </trkpt>
      <trkpt lat="29.27003" lon="-97.86303">
        <ele>135.4</ele>
      </trkpt>
      <trkpt lat="29.27008" lon="-97.863">
        <ele>135.6</ele>
      </trkpt>
      <trkpt lat="29.27024" lon="-97.86291">
        <ele>136.1</ele>
      </trkpt>
      <trkpt lat="29.271" lon="-97.86247">
        <ele>138.0</ele>
      </trkpt>
      <trkpt lat="29.27142" lon="-97.86223">
        <ele>139.5</ele>
      </trkpt>
      <trkpt lat="29.2717" lon="-97.86207">
        <ele>140.3</ele>
      </trkpt>
      <trkpt lat="29.27218" lon="-97.86181">
        <ele>141.7</ele>
      </trkpt>
      <trkpt lat="29.27218" lon="-97.86181">
        <ele>141.7</ele>
      </trkpt>
      <trkpt lat="29.2726" lon="-97.86187">
        <ele>142.6</ele>
      </trkpt>
      <trkpt lat="29.27343" lon="-97.862">
        <ele>143.8</ele>
      </trkpt>
      <trkpt lat="29.27411" lon="-97.8621">
        <ele>143.8</ele>
      </trkpt>
      <trkpt lat="29.27414" lon="-97.8621">
        <ele>143.7</ele>
      </trkpt>
      <trkpt lat="29.27423" lon="-97.86212">
        <ele>143.6</ele>
      </trkpt>
      <trkpt lat="29.27431" lon="-97.86214">
        <ele>143.6</ele>
      </trkpt>
      <trkpt lat="29.27445" lon="-97.86217">
        <ele>143.6</ele>
      </trkpt>
      <trkpt lat="29.27452" lon="-97.86219">
        <ele>143.5</ele>
      </trkpt>
      <trkpt lat="29.27459" lon="-97.86222">
        <ele>143.5</ele>
      </trkpt>
      <trkpt lat="29.27477" lon="-97.86229">
        <ele>143.6</ele>
      </trkpt>
      <trkpt lat="29.27492" lon="-97.86236">
        <ele>143.7</ele>
      </trkpt>
      <trkpt lat="29.27506" lon="-97.86244">
        <ele>143.8</ele>
      </trkpt>
      <trkpt lat="29.27519" lon="-97.86252">
        <ele>143.9</ele>
      </trkpt>
      <trkpt lat="29.27531" lon="-97.8626">
        <ele>143.6</ele>
      </trkpt>
      <trkpt lat="29.27534" lon="-97.86261">
        <ele>143.4</ele>
      </trkpt>
      <trkpt lat="29.27543" lon="-97.86268">
        <ele>143.2</ele>
      </trkpt>
      <trkpt lat="29.27546" lon="-97.86271">
        <ele>143.1</ele>
      </trkpt>
      <trkpt lat="29.27551" lon="-97.86275">
        <ele>143.0</ele>
      </trkpt>
      <trkpt lat="29.2756" lon="-97.86282">
        <ele>142.8</ele>
      </trkpt>
      <trkpt lat="29.27561" lon="-97.86283">
        <ele>142.8</ele>
      </trkpt>
      <trkpt lat="29.27563" lon="-97.86285">
        <ele>142.8</ele>
      </trkpt>
      <trkpt lat="29.2757" lon="-97.86291">
        <ele>142.7</ele>
      </trkpt>
      <trkpt lat="29.27577" lon="-97.86298">
        <ele>142.5</ele>
      </trkpt>
      <trkpt lat="29.27586" lon="-97.86307">
        <ele>142.2</ele>
      </trkpt>
      <trkpt lat="29.27592" lon="-97.86314">
        <ele>142.0</ele>
      </trkpt>
      <trkpt lat="29.27598" lon="-97.86321">
        <ele>141.6</ele>
      </trkpt>
      <trkpt lat="29.27601" lon="-97.86325">
        <ele>141.5</ele>
      </trkpt>
      <trkpt lat="29.27609" lon="-97.86335">
        <ele>141.0</ele>
      </trkpt>
      <trkpt lat="29.27615" lon="-97.86344">
        <ele>140.6</ele>
      </trkpt>
      <trkpt lat="29.2762" lon="-97.86352">
        <ele>140.2</ele>
      </trkpt>
      <trkpt lat="29.27624" lon="-97.86359">
        <ele>140.1</ele>
      </trkpt>
      <trkpt lat="29.27628" lon="-97.86366">
        <ele>140.0</ele>
      </trkpt>
      <trkpt lat="29.27633" lon="-97.86374">
        <ele>139.8</ele>
      </trkpt>
      <trkpt lat="29.27637" lon="-97.86383">
        <ele>139.6</ele>
      </trkpt>
      <trkpt lat="29.27645" lon="-97.86398">
        <ele>139.2</ele>
      </trkpt>
      <trkpt lat="29.27654" lon="-97.86418">
        <ele>138.5</ele>
      </trkpt>
      <trkpt lat="29.27655" lon="-97.86419">
        <ele>138.5</ele>
      </trkpt>
      <trkpt lat="29.27665" lon="-97.86441">
        <ele>137.9</ele>
      </trkpt>
      <trkpt lat="29.27673" lon="-97.86458">
        <ele>137.4</ele>
      </trkpt>
      <trkpt lat="29.27675" lon="-97.86463">
        <ele>137.3</ele>
      </trkpt>
      <trkpt lat="29.27679" lon="-97.86473">
        <ele>137.1</ele>
      </trkpt>
      <trkpt lat="29.27681" lon="-97.86478">
        <ele>137.0</ele>
      </trkpt>
      <trkpt lat="29.27691" lon="-97.86499">
        <ele>136.7</ele>
      </trkpt>
      <trkpt lat="29.27695" lon="-97.8651">
        <ele>136.6</ele>
      </trkpt>
      <trkpt lat="29.27697" lon="-97.86515">
        <ele>136.5</ele>
      </trkpt>
      <trkpt lat="29.27702" lon="-97.86528">
        <ele>136.4</ele>
      </trkpt>
      <trkpt lat="29.27704" lon="-97.86533">
        <ele>136.4</ele>
      </trkpt>
      <trkpt lat="29.27707" lon="-97.86541">
        <ele>136.5</ele>
      </trkpt>
      <trkpt lat="29.2771" lon="-97.8655">
        <ele>136.8</ele>
      </trkpt>
      <trkpt lat="29.27711" lon="-97.86553">
        <ele>136.9</ele>
      </trkpt>
      <trkpt lat="29.27713" lon="-97.86558">
        <ele>137.0</ele>
      </trkpt>
      <trkpt lat="29.27717" lon="-97.86573">
        <ele>137.1</ele>
      </trkpt>
      <trkpt lat="29.27717" lon="-97.86573">
        <ele>137.1</ele>
      </trkpt>
      <trkpt lat="29.27753" lon="-97.86565">
        <ele>137.9</ele>
      </trkpt>
      <trkpt lat="29.27762" lon="-97.86564">
        <ele>138.0</ele>
      </trkpt>
      <trkpt lat="29.27771" lon="-97.86564">
        <ele>138.2</ele>
      </trkpt>
      <trkpt lat="29.27784" lon="-97.86565">
        <ele>138.4</ele>
      </trkpt>
      <trkpt lat="29.2779" lon="-97.86566">
        <ele>138.5</ele>
      </trkpt>
      <trkpt lat="29.278" lon="-97.86571">
        <ele>138.8</ele>
      </trkpt>
      <trkpt lat="29.27807" lon="-97.86575">
        <ele>139.0</ele>
      </trkpt>
      <trkpt lat="29.27816" lon="-97.86582">
        <ele>139.3</ele>
      </trkpt>
      <trkpt lat="29.27823" lon="-97.86589">
        <ele>139.5</ele>
      </trkpt>
      <trkpt lat="29.27827" lon="-97.86595">
        <ele>139.7</ele>
      </trkpt>
      <trkpt lat="29.27833" lon="-97.86603">
        <ele>139.9</ele>
      </trkpt>
      <trkpt lat="29.27857" lon="-97.86653">
        <ele>141.9</ele>
      </trkpt>
      <trkpt lat="29.27865" lon="-97.86671">
        <ele>142.7</ele>
      </trkpt>
      <trkpt lat="29.27872" lon="-97.86686">
        <ele>143.4</ele>
      </trkpt>
      <trkpt lat="29.27882" lon="-97.86708">
        <ele>143.6</ele>
      </trkpt>
      <trkpt lat="29.27898" lon="-97.86744">
        <ele>142.5</ele>
      </trkpt>
      <trkpt lat="29.27907" lon="-97.86762">
        <ele>141.7</ele>
      </trkpt>
      <trkpt lat="29.27932" lon="-97.86817">
        <ele>140.1</ele>
      </trkpt>
      <trkpt lat="29.27932" lon="-97.86817">
        <ele>140.1</ele>
      </trkpt>
      <trkpt lat="29.27983" lon="-97.86796">
        <ele>140.0</ele>
      </trkpt>
      <trkpt lat="29.28" lon="-97.86789">
        <ele>139.8</ele>
      </trkpt>
      <trkpt lat="29.28004" lon="-97.86788">
        <ele>139.8</ele>
      </trkpt>
      <trkpt lat="29.28011" lon="-97.86785">
        <ele>139.8</ele>
      </trkpt>
      <trkpt lat="29.28031" lon="-97.86777">
        <ele>140.2</ele>
      </trkpt>
      <trkpt lat="29.28032" lon="-97.86777">
        <ele>140.2</ele>
      </trkpt>
      <trkpt lat="29.28077" lon="-97.86759">
        <ele>140.1</ele>
      </trkpt>
      <trkpt lat="29.28086" lon="-97.86756">
        <ele>140.3</ele>
      </trkpt>
      <trkpt lat="29.28174" lon="-97.8672">
        <ele>140.6</ele>
      </trkpt>
      <trkpt lat="29.28174" lon="-97.8672">
        <ele>140.6</ele>
      </trkpt>
      <trkpt lat="29.28174" lon="-97.8672">
        <ele>140.6</ele>
      </trkpt>
      <trkpt lat="29.2819" lon="-97.86714">
        <ele>140.7</ele>
      </trkpt>
      <trkpt lat="29.28222" lon="-97.86702">
        <ele>140.8</ele>
      </trkpt>
      <trkpt lat="29.28239" lon="-97.86695">
        <ele>140.7</ele>
      </trkpt>
      <trkpt lat="29.28242" lon="-97.86694">
        <ele>140.7</ele>
      </trkpt>
      <trkpt lat="29.28256" lon="-97.86688">
        <ele>140.5</ele>
      </trkpt>
      <trkpt lat="29.28275" lon="-97.8668">
        <ele>140.1</ele>
      </trkpt>
      <trkpt lat="29.28324" lon="-97.8666">
        <ele>138.6</ele>
      </trkpt>
      <trkpt lat="29.28343" lon="-97.86653">
        <ele>138.1</ele>
      </trkpt>
      <trkpt lat="29.28358" lon="-97.86647">
        <ele>138.0</ele>
      </trkpt>
      <trkpt lat="29.28366" lon="-97.86644">
        <ele>137.9</ele>
      </trkpt>
      <trkpt lat="29.28375" lon="-97.86641">
        <ele>137.8</ele>
      </trkpt>
      <trkpt lat="29.28386" lon="-97.86636">
        <ele>138.0</ele>
      </trkpt>
      <trkpt lat="29.28394" lon="-97.86633">
        <ele>138.3</ele>
      </trkpt>
      <trkpt lat="29.28398" lon="-97.86631">
        <ele>138.4</ele>
      </trkpt>
      <trkpt lat="29.28428" lon="-97.86619">
        <ele>139.8</ele>
      </trkpt>
      <trkpt lat="29.28455" lon="-97.86608">
        <ele>140.7</ele>
      </trkpt>
      <trkpt lat="29.28479" lon="-97.86599">
        <ele>141.3</ele>
      </trkpt>
      <trkpt lat="29.28491" lon="-97.86595">
        <ele>141.4</ele>
      </trkpt>
      <trkpt lat="29.28564" lon="-97.86571">
        <ele>143.4</ele>
      </trkpt>
      <trkpt lat="29.28603" lon="-97.8656">
        <ele>143.3</ele>
      </trkpt>
      <trkpt lat="29.2862" lon="-97.86555">
        <ele>143.4</ele>
      </trkpt>
      <trkpt lat="29.28635" lon="-97.8655">
        <ele>143.6</ele>
      </trkpt>
      <trkpt lat="29.2869" lon="-97.86534">
        <ele>144.0</ele>
      </trkpt>
      <trkpt lat="29.28706" lon="-97.86529">
        <ele>144.4</ele>
      </trkpt>
      <trkpt lat="29.28719" lon="-97.86527">
        <ele>144.7</ele>
      </trkpt>
      <trkpt lat="29.28723" lon="-97.86526">
        <ele>144.9</ele>
      </trkpt>
      <trkpt lat="29.28733" lon="-97.86525">
        <ele>145.1</ele>
      </trkpt>
      <trkpt lat="29.28748" lon="-97.86524">
        <ele>145.5</ele>
      </trkpt>
      <trkpt lat="29.28756" lon="-97.86524">
        <ele>145.6</ele>
      </trkpt>
      <trkpt lat="29.28763" lon="-97.86524">
        <ele>145.8</ele>
      </trkpt>
      <trkpt lat="29.2881" lon="-97.86527">
        <ele>146.7</ele>
      </trkpt>
      <trkpt lat="29.28839" lon="-97.86529">
        <ele>147.1</ele>
      </trkpt>
      <trkpt lat="29.28871" lon="-97.86529">
        <ele>147.3</ele>
      </trkpt>
      <trkpt lat="29.28879" lon="-97.86528">
        <ele>147.4</ele>
      </trkpt>
      <trkpt lat="29.28884" lon="-97.86527">
        <ele>147.4</ele>
      </trkpt>
      <trkpt lat="29.28885" lon="-97.86527">
        <ele>147.4</ele>
      </trkpt>
      <trkpt lat="29.28887" lon="-97.86527">
        <ele>147.4</ele>
      </trkpt>
      <trkpt lat="29.28894" lon="-97.86524">
        <ele>147.3</ele>
      </trkpt>
      <trkpt lat="29.28899" lon="-97.86522">
        <ele>147.3</ele>
      </trkpt>
      <trkpt lat="29.2891" lon="-97.86516">
        <ele>147.3</ele>
      </trkpt>
      <trkpt lat="29.28931" lon="-97.86503">
        <ele>147.4</ele>
      </trkpt>
      <trkpt lat="29.29077" lon="-97.86415">
        <ele>149.5</ele>
      </trkpt>
      <trkpt lat="29.29126" lon="-97.86385">
        <ele>149.5</ele>
      </trkpt>
      <trkpt lat="29.2914" lon="-97.86376">
        <ele>149.4</ele>
      </trkpt>
      <trkpt lat="29.29141" lon="-97.86376">
        <ele>149.3</ele>
      </trkpt>
      <trkpt lat="29.2915" lon="-97.86366">
        <ele>149.3</ele>
      </trkpt>
      <trkpt lat="29.29151" lon="-97.86361">
        <ele>149.4</ele>
      </trkpt>
      <trkpt lat="29.29152" lon="-97.86355">
        <ele>149.5</ele>
      </trkpt>
      <trkpt lat="29.29148" lon="-97.86345">
        <ele>149.8</ele>
      </trkpt>
      <trkpt lat="29.29147" lon="-97.86341">
        <ele>149.9</ele>
      </trkpt>
      <trkpt lat="29.29129" lon="-97.8631">
        <ele>150.9</ele>
      </trkpt>
      <trkpt lat="29.29125" lon="-97.86301">
        <ele>151.2</ele>
      </trkpt>
      <trkpt lat="29.29111" lon="-97.86274">
        <ele>152.2</ele>
      </trkpt>
      <trkpt lat="29.29104" lon="-97.86259">
        <ele>152.5</ele>
      </trkpt>
      <trkpt lat="29.29098" lon="-97.86245">
        <ele>152.7</ele>
      </trkpt>
      <trkpt lat="29.29095" lon="-97.86237">
        <ele>152.9</ele>
      </trkpt>
      <trkpt lat="29.29089" lon="-97.86218">
        <ele>153.2</ele>
      </trkpt>
      <trkpt lat="29.29088" lon="-97.86216">
        <ele>153.2</ele>
      </trkpt>
      <trkpt lat="29.29077" lon="-97.86189">
        <ele>153.5</ele>
      </trkpt>
      <trkpt lat="29.29057" lon="-97.86146">
        <ele>153.5</ele>
      </trkpt>
      <trkpt lat="29.29054" lon="-97.86138">
        <ele>153.5</ele>
      </trkpt>
      <trkpt lat="29.29055" lon="-97.86124">
        <ele>153.5</ele>
      </trkpt>
      <trkpt lat="29.29063" lon="-97.8611">
        <ele>153.5</ele>
      </trkpt>
      <trkpt lat="29.2907" lon="-97.86104">
        <ele>153.5</ele>
      </trkpt>
      <trkpt lat="29.29192" lon="-97.8603">
        <ele>153.4</ele>
      </trkpt>
      <trkpt lat="29.29198" lon="-97.86027">
        <ele>153.3</ele>
      </trkpt>
      <trkpt lat="29.29208" lon="-97.86021">
        <ele>153.3</ele>
      </trkpt>
      <trkpt lat="29.2924" lon="-97.86001">
        <ele>153.2</ele>
      </trkpt>
      <trkpt lat="29.29427" lon="-97.85886">
        <ele>151.3</ele>
      </trkpt>
      <trkpt lat="29.29451" lon="-97.85871">
        <ele>151.2</ele>
      </trkpt>
      <trkpt lat="29.2949" lon="-97.85847">
        <ele>152.1</ele>
      </trkpt>
      <trkpt lat="29.29494" lon="-97.85845">
        <ele>152.2</ele>
      </trkpt>
      <trkpt lat="29.29522" lon="-97.85828">
        <ele>151.8</ele>
      </trkpt>
      <trkpt lat="29.29593" lon="-97.85784">
        <ele>149.5</ele>
      </trkpt>
      <trkpt lat="29.29611" lon="-97.85772">
        <ele>149.4</ele>
      </trkpt>
      <trkpt lat="29.29633" lon="-97.85759">
        <ele>150.0</ele>
      </trkpt>
      <trkpt lat="29.29652" lon="-97.85747">
        <ele>150.7</ele>
      </trkpt>
      <trkpt lat="29.29728" lon="-97.857">
        <ele>152.6</ele>
      </trkpt>
      <trkpt lat="29.29767" lon="-97.85676">
        <ele>153.2</ele>
      </trkpt>
      <trkpt lat="29.29774" lon="-97.85672">
        <ele>153.4</ele>
      </trkpt>
      <trkpt lat="29.2978" lon="-97.85671">
        <ele>153.5</ele>
      </trkpt>
      <trkpt lat="29.29786" lon="-97.85669">
        <ele>153.7</ele>
      </trkpt>
      <trkpt lat="29.29797" lon="-97.85674">
        <ele>154.1</ele>
      </trkpt>
      <trkpt lat="29.29802" lon="-97.85679">
        <ele>154.3</ele>
      </trkpt>
      <trkpt lat="29.29808" lon="-97.85684">
        <ele>154.5</ele>
      </trkpt>
      <trkpt lat="29.29811" lon="-97.85688">
        <ele>154.7</ele>
      </trkpt>
      <trkpt lat="29.29828" lon="-97.85708">
        <ele>155.4</ele>
      </trkpt>
      <trkpt lat="29.29835" lon="-97.85717">
        <ele>155.6</ele>
      </trkpt>
      <trkpt lat="29.29835" lon="-97.85718">
        <ele>155.6</ele>
      </trkpt>
      <trkpt lat="29.29841" lon="-97.85726">
        <ele>155.9</ele>
      </trkpt>
      <trkpt lat="29.29843" lon="-97.85729">
        <ele>155.9</ele>
      </trkpt>
      <trkpt lat="29.2985" lon="-97.85741">
        <ele>155.9</ele>
      </trkpt>
      <trkpt lat="29.29856" lon="-97.85752">
        <ele>155.6</ele>
      </trkpt>
      <trkpt lat="29.29856" lon="-97.85753">
        <ele>155.5</ele>
      </trkpt>
      <trkpt lat="29.2986" lon="-97.85761">
        <ele>155.2</ele>
      </trkpt>
      <trkpt lat="29.29864" lon="-97.8577">
        <ele>154.7</ele>
      </trkpt>
      <trkpt lat="29.29865" lon="-97.85771">
        <ele>154.7</ele>
      </trkpt>
      <trkpt lat="29.29868" lon="-97.85779">
        <ele>154.3</ele>
      </trkpt>
      <trkpt lat="29.29873" lon="-97.85788">
        <ele>153.8</ele>
      </trkpt>
      <trkpt lat="29.29877" lon="-97.85797">
        <ele>153.4</ele>
      </trkpt>
      <trkpt lat="29.29881" lon="-97.85808">
        <ele>152.9</ele>
      </trkpt>
      <trkpt lat="29.29885" lon="-97.85815">
        <ele>152.6</ele>
      </trkpt>
      <trkpt lat="29.29892" lon="-97.8583">
        <ele>151.9</ele>
      </trkpt>
      <trkpt lat="29.29914" lon="-97.8588">
        <ele>149.9</ele>
      </trkpt>
      <trkpt lat="29.29918" lon="-97.85889">
        <ele>149.6</ele>
      </trkpt>
      <trkpt lat="29.29923" lon="-97.85899">
        <ele>149.2</ele>
      </trkpt>
      <trkpt lat="29.29935" lon="-97.85925">
        <ele>148.4</ele>
      </trkpt>
      <trkpt lat="29.29939" lon="-97.85935">
        <ele>148.2</ele>
      </trkpt>
      <trkpt lat="29.29939" lon="-97.85936">
        <ele>148.2</ele>
      </trkpt>
      <trkpt lat="29.2994" lon="-97.85937">
        <ele>148.2</ele>
      </trkpt>
      <trkpt lat="29.29943" lon="-97.85944">
        <ele>148.1</ele>
      </trkpt>
      <trkpt lat="29.29947" lon="-97.85953">
        <ele>148.0</ele>
      </trkpt>
      <trkpt lat="29.29968" lon="-97.85998">
        <ele>149.0</ele>
      </trkpt>
      <trkpt lat="29.29972" lon="-97.86008">
        <ele>149.3</ele>
      </trkpt>
      <trkpt lat="29.29981" lon="-97.86026">
        <ele>149.6</ele>
      </trkpt>
      <trkpt lat="29.29981" lon="-97.86027">
        <ele>149.6</ele>
      </trkpt>
      <trkpt lat="29.29989" lon="-97.86045">
        <ele>150.7</ele>
      </trkpt>
      <trkpt lat="29.29994" lon="-97.86053">
        <ele>151.2</ele>
      </trkpt>
      <trkpt lat="29.29998" lon="-97.86059">
        <ele>151.6</ele>
      </trkpt>
      <trkpt lat="29.30004" lon="-97.86064">
        <ele>151.8</ele>
      </trkpt>
      <trkpt lat="29.30007" lon="-97.86067">
        <ele>152.0</ele>
      </trkpt>
      <trkpt lat="29.30016" lon="-97.86066">
        <ele>152.0</ele>
      </trkpt>
      <trkpt lat="29.30017" lon="-97.86066">
        <ele>152.0</ele>
      </trkpt>
      <trkpt lat="29.30033" lon="-97.86056">
        <ele>151.8</ele>
      </trkpt>
      <trkpt lat="29.30039" lon="-97.86053">
        <ele>151.7</ele>
      </trkpt>
      <trkpt lat="29.30072" lon="-97.86033">
        <ele>151.6</ele>
      </trkpt>
      <trkpt lat="29.3008" lon="-97.86028">
        <ele>151.6</ele>
      </trkpt>
      <trkpt lat="29.30129" lon="-97.85999">
        <ele>150.6</ele>
      </trkpt>
      <trkpt lat="29.30144" lon="-97.8599">
        <ele>150.3</ele>
      </trkpt>
      <trkpt lat="29.30208" lon="-97.85952">
        <ele>148.4</ele>
      </trkpt>
      <trkpt lat="29.30256" lon="-97.85923">
        <ele>147.4</ele>
      </trkpt>
      <trkpt lat="29.30257" lon="-97.85923">
        <ele>147.4</ele>
      </trkpt>
      <trkpt lat="29.30271" lon="-97.85914">
        <ele>147.1</ele>
      </trkpt>
      <trkpt lat="29.30287" lon="-97.85904">
        <ele>146.7</ele>
      </trkpt>
      <trkpt lat="29.30294" lon="-97.859">
        <ele>146.5</ele>
      </trkpt>
      <trkpt lat="29.30304" lon="-97.85894">
        <ele>145.9</ele>
      </trkpt>
      <trkpt lat="29.30347" lon="-97.8587">
        <ele>143.4</ele>
      </trkpt>
      <trkpt lat="29.30352" lon="-97.85867">
        <ele>143.2</ele>
      </trkpt>
      <trkpt lat="29.30369" lon="-97.85857">
        <ele>142.6</ele>
      </trkpt>
      <trkpt lat="29.30401" lon="-97.85838">
        <ele>141.1</ele>
      </trkpt>
      <trkpt lat="29.30416" lon="-97.8583">
        <ele>140.7</ele>
      </trkpt>
      <trkpt lat="29.30417" lon="-97.85829">
        <ele>140.6</ele>
      </trkpt>
      <trkpt lat="29.30433" lon="-97.85819">
        <ele>140.8</ele>
      </trkpt>
      <trkpt lat="29.30449" lon="-97.8581">
        <ele>141.0</ele>
      </trkpt>
      <trkpt lat="29.30477" lon="-97.85793">
        <ele>141.6</ele>
      </trkpt>
      <trkpt lat="29.30496" lon="-97.8578">
        <ele>142.1</ele>
      </trkpt>
      <trkpt lat="29.30524" lon="-97.85763">
        <ele>142.3</ele>
      </trkpt>
      <trkpt lat="29.30528" lon="-97.85761">
        <ele>142.3</ele>
      </trkpt>
      <trkpt lat="29.30607" lon="-97.85713">
        <ele>142.2</ele>
      </trkpt>
      <trkpt lat="29.30623" lon="-97.85703">
        <ele>142.3</ele>
      </trkpt>
      <trkpt lat="29.30671" lon="-97.85674">
        <ele>142.3</ele>
      </trkpt>
      <trkpt lat="29.30673" lon="-97.85673">
        <ele>142.3</ele>
      </trkpt>
      <trkpt lat="29.30687" lon="-97.85664">
        <ele>142.3</ele>
      </trkpt>
      <trkpt lat="29.30718" lon="-97.85645">
        <ele>142.2</ele>
      </trkpt>
      <trkpt lat="29.3075" lon="-97.85625">
        <ele>142.1</ele>
      </trkpt>
      <trkpt lat="29.30755" lon="-97.85623">
        <ele>142.1</ele>
      </trkpt>
      <trkpt lat="29.30766" lon="-97.85616">
        <ele>142.0</ele>
      </trkpt>
      <trkpt lat="29.30811" lon="-97.8559">
        <ele>142.1</ele>
      </trkpt>
      <trkpt lat="29.30814" lon="-97.85587">
        <ele>142.2</ele>
      </trkpt>
      <trkpt lat="29.3083" lon="-97.85577">
        <ele>142.4</ele>
      </trkpt>
      <trkpt lat="29.30839" lon="-97.85572">
        <ele>142.5</ele>
      </trkpt>
      <trkpt lat="29.30845" lon="-97.85567">
        <ele>142.6</ele>
      </trkpt>
      <trkpt lat="29.30854" lon="-97.85557">
        <ele>142.7</ele>
      </trkpt>
      <trkpt lat="29.30855" lon="-97.85544">
        <ele>143.2</ele>
      </trkpt>
      <trkpt lat="29.30847" lon="-97.85521">
        <ele>145.2</ele>
      </trkpt>
      <trkpt lat="29.30843" lon="-97.85513">
        <ele>146.0</ele>
      </trkpt>
      <trkpt lat="29.30837" lon="-97.85502">
        <ele>146.5</ele>
      </trkpt>
      <trkpt lat="29.30834" lon="-97.85494">
        <ele>146.7</ele>
      </trkpt>
      <trkpt lat="29.30811" lon="-97.85442">
        <ele>147.6</ele>
      </trkpt>
      <trkpt lat="29.30792" lon="-97.85403">
        <ele>147.7</ele>
      </trkpt>
      <trkpt lat="29.30779" lon="-97.85376">
        <ele>147.8</ele>
      </trkpt>
      <trkpt lat="29.30764" lon="-97.85344">
        <ele>148.0</ele>
      </trkpt>
      <trkpt lat="29.30761" lon="-97.85336">
        <ele>148.1</ele>
      </trkpt>
      <trkpt lat="29.30761" lon="-97.85323">
        <ele>148.5</ele>
      </trkpt>
      <trkpt lat="29.30766" lon="-97.8531">
        <ele>149.0</ele>
      </trkpt>
      <trkpt lat="29.30771" lon="-97.85304">
        <ele>149.3</ele>
      </trkpt>
      <trkpt lat="29.30777" lon="-97.85297">
        <ele>149.5</ele>
      </trkpt>
      <trkpt lat="29.30792" lon="-97.85283">
        <ele>149.6</ele>
      </trkpt>
      <trkpt lat="29.30811" lon="-97.85269">
        <ele>149.3</ele>
      </trkpt>
      <trkpt lat="29.30812" lon="-97.85269">
        <ele>149.3</ele>
      </trkpt>
      <trkpt lat="29.30827" lon="-97.8526">
        <ele>149.0</ele>
      </trkpt>
      <trkpt lat="29.30843" lon="-97.8525">
        <ele>148.3</ele>
      </trkpt>
      <trkpt lat="29.30859" lon="-97.85241">
        <ele>147.7</ele>
      </trkpt>
      <trkpt lat="29.3097" lon="-97.85172">
        <ele>143.3</ele>
      </trkpt>
      <trkpt lat="29.30986" lon="-97.85162">
        <ele>142.6</ele>
      </trkpt>
      <trkpt lat="29.30988" lon="-97.8516">
        <ele>142.4</ele>
      </trkpt>
      <trkpt lat="29.31008" lon="-97.85148">
        <ele>141.7</ele>
      </trkpt>
      <trkpt lat="29.31033" lon="-97.85132">
        <ele>141.1</ele>
      </trkpt>
      <trkpt lat="29.31049" lon="-97.85122">
        <ele>140.5</ele>
      </trkpt>
      <trkpt lat="29.31064" lon="-97.85112">
        <ele>140.0</ele>
      </trkpt>
      <trkpt lat="29.31067" lon="-97.85111">
        <ele>140.0</ele>
      </trkpt>
      <trkpt lat="29.31072" lon="-97.85108">
        <ele>139.9</ele>
      </trkpt>
      <trkpt lat="29.3113" lon="-97.85071">
        <ele>137.6</ele>
      </trkpt>
      <trkpt lat="29.31143" lon="-97.85063">
        <ele>137.0</ele>
      </trkpt>
      <trkpt lat="29.31194" lon="-97.85032">
        <ele>136.2</ele>
      </trkpt>
      <trkpt lat="29.312" lon="-97.85028">
        <ele>136.1</ele>
      </trkpt>
      <trkpt lat="29.31241" lon="-97.85002">
        <ele>134.8</ele>
      </trkpt>
      <trkpt lat="29.31284" lon="-97.84975">
        <ele>135.0</ele>
      </trkpt>
      <trkpt lat="29.313" lon="-97.84964">
        <ele>135.1</ele>
      </trkpt>
      <trkpt lat="29.31348" lon="-97.84933">
        <ele>135.3</ele>
      </trkpt>
      <trkpt lat="29.31349" lon="-97.84933">
        <ele>135.2</ele>
      </trkpt>
      <trkpt lat="29.31364" lon="-97.84923">
        <ele>135.3</ele>
      </trkpt>
      <trkpt lat="29.31436" lon="-97.84875">
        <ele>135.1</ele>
      </trkpt>
      <trkpt lat="29.31457" lon="-97.84861">
        <ele>135.1</ele>
      </trkpt>
      <trkpt lat="29.31467" lon="-97.84856">
        <ele>135.1</ele>
      </trkpt>
      <trkpt lat="29.31492" lon="-97.8484">
        <ele>134.8</ele>
      </trkpt>
      <trkpt lat="29.31515" lon="-97.84826">
        <ele>134.7</ele>
      </trkpt>
      <trkpt lat="29.31521" lon="-97.84822">
        <ele>134.7</ele>
      </trkpt>
      <trkpt lat="29.31523" lon="-97.8482">
        <ele>134.7</ele>
      </trkpt>
      <trkpt lat="29.31566" lon="-97.84792">
        <ele>133.9</ele>
      </trkpt>
      <trkpt lat="29.3157" lon="-97.8479">
        <ele>133.9</ele>
      </trkpt>
      <trkpt lat="29.31602" lon="-97.8477">
        <ele>133.1</ele>
      </trkpt>
      <trkpt lat="29.31609" lon="-97.84765">
        <ele>132.7</ele>
      </trkpt>
      <trkpt lat="29.31617" lon="-97.8476">
        <ele>132.3</ele>
      </trkpt>
      <trkpt lat="29.31696" lon="-97.8471">
        <ele>130.7</ele>
      </trkpt>
      <trkpt lat="29.31728" lon="-97.8469">
        <ele>129.9</ele>
      </trkpt>
      <trkpt lat="29.3173" lon="-97.84688">
        <ele>129.9</ele>
      </trkpt>
      <trkpt lat="29.31735" lon="-97.84685">
        <ele>129.8</ele>
      </trkpt>
      <trkpt lat="29.31743" lon="-97.8468">
        <ele>129.6</ele>
      </trkpt>
      <trkpt lat="29.31759" lon="-97.8467">
        <ele>129.3</ele>
      </trkpt>
      <trkpt lat="29.3183" lon="-97.84624">
        <ele>128.5</ele>
      </trkpt>
      <trkpt lat="29.3183" lon="-97.84624">
        <ele>128.5</ele>
      </trkpt>
      <trkpt lat="29.31831" lon="-97.84623">
        <ele>128.4</ele>
      </trkpt>
      <trkpt lat="29.31837" lon="-97.84619">
        <ele>128.4</ele>
      </trkpt>
      <trkpt lat="29.31899" lon="-97.84577">
        <ele>128.0</ele>
      </trkpt>
      <trkpt lat="29.31961" lon="-97.84536">
        <ele>127.9</ele>
      </trkpt>
      <trkpt lat="29.31965" lon="-97.84534">
        <ele>127.9</ele>
      </trkpt>
      <trkpt lat="29.31965" lon="-97.84533">
        <ele>127.9</ele>
      </trkpt>
      <trkpt lat="29.31977" lon="-97.84526">
        <ele>127.8</ele>
      </trkpt>
      <trkpt lat="29.31992" lon="-97.84515">
        <ele>127.8</ele>
      </trkpt>
      <trkpt lat="29.32029" lon="-97.84489">
        <ele>127.1</ele>
      </trkpt>
      <trkpt lat="29.32038" lon="-97.84483">
        <ele>126.7</ele>
      </trkpt>
      <trkpt lat="29.32038" lon="-97.84483">
        <ele>126.7</ele>
      </trkpt>
      <trkpt lat="29.32054" lon="-97.84514">
        <ele>125.4</ele>
      </trkpt>
      <trkpt lat="29.32072" lon="-97.8455">
        <ele>125.0</ele>
      </trkpt>
      <trkpt lat="29.32081" lon="-97.84568">
        <ele>125.4</ele>
      </trkpt>
      <trkpt lat="29.32087" lon="-97.8458">
        <ele>125.5</ele>
      </trkpt>
      <trkpt lat="29.32117" lon="-97.8464">
        <ele>126.5</ele>
      </trkpt>
      <trkpt lat="29.32146" lon="-97.84696">
        <ele>126.7</ele>
      </trkpt>
      <trkpt lat="29.32146" lon="-97.84696">
        <ele>126.7</ele>
      </trkpt>
      <trkpt lat="29.32167" lon="-97.84684">
        <ele>126.6</ele>
      </trkpt>
      <trkpt lat="29.3218" lon="-97.84674">
        <ele>126.5</ele>
      </trkpt>
      <trkpt lat="29.32186" lon="-97.8467">
        <ele>126.4</ele>
      </trkpt>
      <trkpt lat="29.32193" lon="-97.84665">
        <ele>126.4</ele>
      </trkpt>
      <trkpt lat="29.32196" lon="-97.84664">
        <ele>126.3</ele>
      </trkpt>
      <trkpt lat="29.32224" lon="-97.84644">
        <ele>126.0</ele>
      </trkpt>
      <trkpt lat="29.32267" lon="-97.84616">
        <ele>125.4</ele>
      </trkpt>
      <trkpt lat="29.32297" lon="-97.84597">
        <ele>125.0</ele>
      </trkpt>
      <trkpt lat="29.32302" lon="-97.84593">
        <ele>125.0</ele>
      </trkpt>
      <trkpt lat="29.32316" lon="-97.84584">
        <ele>125.0</ele>
      </trkpt>
      <trkpt lat="29.32398" lon="-97.84532">
        <ele>125.9</ele>
      </trkpt>
      <trkpt lat="29.32413" lon="-97.84522">
        <ele>126.2</ele>
      </trkpt>
      <trkpt lat="29.32445" lon="-97.84502">
        <ele>126.7</ele>
      </trkpt>
      <trkpt lat="29.32451" lon="-97.84499">
        <ele>126.8</ele>
      </trkpt>
      <trkpt lat="29.32461" lon="-97.84493">
        <ele>127.0</ele>
      </trkpt>
      <trkpt lat="29.32464" lon="-97.84492">
        <ele>127.1</ele>
      </trkpt>
      <trkpt lat="29.32469" lon="-97.8449">
        <ele>127.2</ele>
      </trkpt>
      <trkpt lat="29.32475" lon="-97.84489">
        <ele>127.2</ele>
      </trkpt>
      <trkpt lat="29.32478" lon="-97.8449">
        <ele>127.2</ele>
      </trkpt>
      <trkpt lat="29.32481" lon="-97.8449">
        <ele>127.3</ele>
      </trkpt>
      <trkpt lat="29.32486" lon="-97.84493">
        <ele>127.2</ele>
      </trkpt>
      <trkpt lat="29.32492" lon="-97.84496">
        <ele>127.2</ele>
      </trkpt>
      <trkpt lat="29.32512" lon="-97.84511">
        <ele>127.1</ele>
      </trkpt>
      <trkpt lat="29.3253" lon="-97.84525">
        <ele>127.5</ele>
      </trkpt>
      <trkpt lat="29.32555" lon="-97.84544">
        <ele>128.4</ele>
      </trkpt>
      <trkpt lat="29.3257" lon="-97.84555">
        <ele>128.6</ele>
      </trkpt>
      <trkpt lat="29.32585" lon="-97.84566">
        <ele>128.7</ele>
      </trkpt>
      <trkpt lat="29.32609" lon="-97.84585">
        <ele>128.8</ele>
      </trkpt>
      <trkpt lat="29.3262" lon="-97.84594">
        <ele>128.9</ele>
      </trkpt>
      <trkpt lat="29.32629" lon="-97.84602">
        <ele>128.9</ele>
      </trkpt>
      <trkpt lat="29.32639" lon="-97.84612">
        <ele>129.0</ele>
      </trkpt>
      <trkpt lat="29.32642" lon="-97.84616">
        <ele>129.0</ele>
      </trkpt>
      <trkpt lat="29.32647" lon="-97.84621">
        <ele>129.0</ele>
      </trkpt>
      <trkpt lat="29.32656" lon="-97.84632">
        <ele>129.1</ele>
      </trkpt>
      <trkpt lat="29.32689" lon="-97.84678">
        <ele>129.3</ele>
      </trkpt>
      <trkpt lat="29.32712" lon="-97.84709">
        <ele>129.4</ele>
      </trkpt>
      <trkpt lat="29.32739" lon="-97.84746">
        <ele>129.1</ele>
      </trkpt>
      <trkpt lat="29.32752" lon="-97.84765">
        <ele>129.0</ele>
      </trkpt>
      <trkpt lat="29.32758" lon="-97.84775">
        <ele>129.0</ele>
      </trkpt>
      <trkpt lat="29.32763" lon="-97.84786">
        <ele>129.0</ele>
      </trkpt>
      <trkpt lat="29.32767" lon="-97.84797">
        <ele>128.9</ele>
      </trkpt>
      <trkpt lat="29.32771" lon="-97.84809">
        <ele>128.9</ele>
      </trkpt>
      <trkpt lat="29.32783" lon="-97.84851">
        <ele>129.0</ele>
      </trkpt>
      <trkpt lat="29.32788" lon="-97.84871">
        <ele>129.2</ele>
      </trkpt>
      <trkpt lat="29.32799" lon="-97.8491">
        <ele>130.0</ele>
      </trkpt>
      <trkpt lat="29.32804" lon="-97.84929">
        <ele>130.4</ele>
      </trkpt>
      <trkpt lat="29.32804" lon="-97.8493">
        <ele>130.4</ele>
      </trkpt>
      <trkpt lat="29.32809" lon="-97.84944">
        <ele>130.7</ele>
      </trkpt>
      <trkpt lat="29.32814" lon="-97.84957">
        <ele>131.1</ele>
      </trkpt>
      <trkpt lat="29.32825" lon="-97.84984">
        <ele>131.7</ele>
      </trkpt>
      <trkpt lat="29.32832" lon="-97.84997">
        <ele>132.0</ele>
      </trkpt>
      <trkpt lat="29.32845" lon="-97.85022">
        <ele>132.4</ele>
      </trkpt>
      <trkpt lat="29.32854" lon="-97.85039">
        <ele>132.5</ele>
      </trkpt>
      <trkpt lat="29.32873" lon="-97.85076">
        <ele>132.5</ele>
      </trkpt>
      <trkpt lat="29.32881" lon="-97.85093">
        <ele>132.6</ele>
      </trkpt>
      <trkpt lat="29.32908" lon="-97.85146">
        <ele>133.9</ele>
      </trkpt>
      <trkpt lat="29.32909" lon="-97.85147">
        <ele>133.9</ele>
      </trkpt>
      <trkpt lat="29.32916" lon="-97.85162">
        <ele>134.5</ele>
      </trkpt>
      <trkpt lat="29.32926" lon="-97.85182">
        <ele>135.2</ele>
      </trkpt>
      <trkpt lat="29.32935" lon="-97.852">
        <ele>135.9</ele>
      </trkpt>
      <trkpt lat="29.32962" lon="-97.85255">
        <ele>136.9</ele>
      </trkpt>
      <trkpt lat="29.3297" lon="-97.85272">
        <ele>136.8</ele>
      </trkpt>
      <trkpt lat="29.32974" lon="-97.8528">
        <ele>136.8</ele>
      </trkpt>
      <trkpt lat="29.32988" lon="-97.85308">
        <ele>136.5</ele>
      </trkpt>
      <trkpt lat="29.33006" lon="-97.85344">
        <ele>135.9</ele>
      </trkpt>
      <trkpt lat="29.33015" lon="-97.85361">
        <ele>135.4</ele>
      </trkpt>
      <trkpt lat="29.33042" lon="-97.85415">
        <ele>133.6</ele>
      </trkpt>
      <trkpt lat="29.33056" lon="-97.85443">
        <ele>132.8</ele>
      </trkpt>
      <trkpt lat="29.3306" lon="-97.85451">
        <ele>132.7</ele>
      </trkpt>
      <trkpt lat="29.3306" lon="-97.85452">
        <ele>132.6</ele>
      </trkpt>
      <trkpt lat="29.33083" lon="-97.85496">
        <ele>132.6</ele>
      </trkpt>
      <trkpt lat="29.33083" lon="-97.85496">
        <ele>132.6</ele>
      </trkpt>
      <trkpt lat="29.33087" lon="-97.85504">
        <ele>132.7</ele>
      </trkpt>
      <trkpt lat="29.33087" lon="-97.85505">
        <ele>132.7</ele>
      </trkpt>
      <trkpt lat="29.33096" lon="-97.85522">
        <ele>133.2</ele>
      </trkpt>
      <trkpt lat="29.33101" lon="-97.85531">
        <ele>133.5</ele>
      </trkpt>
      <trkpt lat="29.33114" lon="-97.85559">
        <ele>134.4</ele>
      </trkpt>
      <trkpt lat="29.33118" lon="-97.85567">
        <ele>134.7</ele>
      </trkpt>
      <trkpt lat="29.33123" lon="-97.85576">
        <ele>135.1</ele>
      </trkpt>
      <trkpt lat="29.33132" lon="-97.85594">
        <ele>136.0</ele>
      </trkpt>
      <trkpt lat="29.33159" lon="-97.85648">
        <ele>137.5</ele>
      </trkpt>
      <trkpt lat="29.33168" lon="-97.85665">
        <ele>137.6</ele>
      </trkpt>
      <trkpt lat="29.33176" lon="-97.85683">
        <ele>137.3</ele>
      </trkpt>
      <trkpt lat="29.33177" lon="-97.85684">
        <ele>137.3</ele>
      </trkpt>
      <trkpt lat="29.33186" lon="-97.85702">
        <ele>137.2</ele>
      </trkpt>
      <trkpt lat="29.33195" lon="-97.85719">
        <ele>137.1</ele>
      </trkpt>
      <trkpt lat="29.33219" lon="-97.85766">
        <ele>136.7</ele>
      </trkpt>
      <trkpt lat="29.33222" lon="-97.85772">
        <ele>136.6</ele>
      </trkpt>
      <trkpt lat="29.33231" lon="-97.8579">
        <ele>136.7</ele>
      </trkpt>
      <trkpt lat="29.3324" lon="-97.85808">
        <ele>136.9</ele>
      </trkpt>
      <trkpt lat="29.33245" lon="-97.85817">
        <ele>136.9</ele>
      </trkpt>
      <trkpt lat="29.33249" lon="-97.85826">
        <ele>136.9</ele>
      </trkpt>
      <trkpt lat="29.33253" lon="-97.85834">
        <ele>136.9</ele>
      </trkpt>
      <trkpt lat="29.33258" lon="-97.85843">
        <ele>137.0</ele>
      </trkpt>
      <trkpt lat="29.33259" lon="-97.85844">
        <ele>137.1</ele>
      </trkpt>
      <trkpt lat="29.33286" lon="-97.85897">
        <ele>139.6</ele>
      </trkpt>
      <trkpt lat="29.33331" lon="-97.85986">
        <ele>143.6</ele>
      </trkpt>
      <trkpt lat="29.33333" lon="-97.85989">
        <ele>143.7</ele>
      </trkpt>
      <trkpt lat="29.3334" lon="-97.86004">
        <ele>143.9</ele>
      </trkpt>
      <trkpt lat="29.3334" lon="-97.86005">
        <ele>143.9</ele>
      </trkpt>
      <trkpt lat="29.33349" lon="-97.86022">
        <ele>143.9</ele>
      </trkpt>
      <trkpt lat="29.33362" lon="-97.8605">
        <ele>143.3</ele>
      </trkpt>
      <trkpt lat="29.33366" lon="-97.86059">
        <ele>143.1</ele>
      </trkpt>
      <trkpt lat="29.33377" lon="-97.86082">
        <ele>142.4</ele>
      </trkpt>
      <trkpt lat="29.33383" lon="-97.86095">
        <ele>141.8</ele>
      </trkpt>
      <trkpt lat="29.33412" lon="-97.86156">
        <ele>139.7</ele>
      </trkpt>
      <trkpt lat="29.33433" lon="-97.86199">
        <ele>138.5</ele>
      </trkpt>
      <trkpt lat="29.33435" lon="-97.86203">
        <ele>138.4</ele>
      </trkpt>
      <trkpt lat="29.33435" lon="-97.86204">
        <ele>138.3</ele>
      </trkpt>
      <trkpt lat="29.33455" lon="-97.86244">
        <ele>137.3</ele>
      </trkpt>
      <trkpt lat="29.33461" lon="-97.86258">
        <ele>137.2</ele>
      </trkpt>
      <trkpt lat="29.3347" lon="-97.86276">
        <ele>137.0</ele>
      </trkpt>
      <trkpt lat="29.33487" lon="-97.86312">
        <ele>136.7</ele>
      </trkpt>
      <trkpt lat="29.33487" lon="-97.86313">
        <ele>136.7</ele>
      </trkpt>
      <trkpt lat="29.33518" lon="-97.86375">
        <ele>136.4</ele>
      </trkpt>
      <trkpt lat="29.33547" lon="-97.86427">
        <ele>136.9</ele>
      </trkpt>
      <trkpt lat="29.33547" lon="-97.86427">
        <ele>136.9</ele>
      </trkpt>
      <trkpt lat="29.33504" lon="-97.86454">
        <ele>136.5</ele>
      </trkpt>
      <trkpt lat="29.33494" lon="-97.86461">
        <ele>136.4</ele>
      </trkpt>
      <trkpt lat="29.33429" lon="-97.86502">
        <ele>135.5</ele>
      </trkpt>
      <trkpt lat="29.33399" lon="-97.86521">
        <ele>135.1</ele>
      </trkpt>
      <trkpt lat="29.33368" lon="-97.86541">
        <ele>134.6</ele>
      </trkpt>
      <trkpt lat="29.33367" lon="-97.86541">
        <ele>134.6</ele>
      </trkpt>
      <trkpt lat="29.3336" lon="-97.86546">
        <ele>134.5</ele>
      </trkpt>
      <trkpt lat="29.33339" lon="-97.8656">
        <ele>134.2</ele>
      </trkpt>
      <trkpt lat="29.33331" lon="-97.86565">
        <ele>134.2</ele>
      </trkpt>
      <trkpt lat="29.33268" lon="-97.86608">
        <ele>135.0</ele>
      </trkpt>
      <trkpt lat="29.33244" lon="-97.86624">
        <ele>135.1</ele>
      </trkpt>
      <trkpt lat="29.33217" lon="-97.86642">
        <ele>135.2</ele>
      </trkpt>
      <trkpt lat="29.33197" lon="-97.86655">
        <ele>135.3</ele>
      </trkpt>
      <trkpt lat="29.33128" lon="-97.86701">
        <ele>136.0</ele>
      </trkpt>
      <trkpt lat="29.33119" lon="-97.86707">
        <ele>136.2</ele>
      </trkpt>
      <trkpt lat="29.33118" lon="-97.86707">
        <ele>136.2</ele>
      </trkpt>
      <trkpt lat="29.33088" lon="-97.86727">
        <ele>136.7</ele>
      </trkpt>
      <trkpt lat="29.33087" lon="-97.86727">
        <ele>136.7</ele>
      </trkpt>
      <trkpt lat="29.33057" lon="-97.86748">
        <ele>136.6</ele>
      </trkpt>
      <trkpt lat="29.33053" lon="-97.8675">
        <ele>136.5</ele>
      </trkpt>
      <trkpt lat="29.33024" lon="-97.86768">
        <ele>135.2</ele>
      </trkpt>
      <trkpt lat="29.33021" lon="-97.8677">
        <ele>135.1</ele>
      </trkpt>
      <trkpt lat="29.32995" lon="-97.86785">
        <ele>134.3</ele>
      </trkpt>
      <trkpt lat="29.32993" lon="-97.86786">
        <ele>134.2</ele>
      </trkpt>
      <trkpt lat="29.32987" lon="-97.8679">
        <ele>134.1</ele>
      </trkpt>
      <trkpt lat="29.32984" lon="-97.86793">
        <ele>134.0</ele>
      </trkpt>
      <trkpt lat="29.32978" lon="-97.86796">
        <ele>133.9</ele>
      </trkpt>
      <trkpt lat="29.32977" lon="-97.86796">
        <ele>133.9</ele>
      </trkpt>
      <trkpt lat="29.32971" lon="-97.868">
        <ele>133.7</ele>
      </trkpt>
      <trkpt lat="29.32963" lon="-97.86805">
        <ele>133.4</ele>
      </trkpt>
      <trkpt lat="29.32961" lon="-97.86806">
        <ele>133.4</ele>
      </trkpt>
      <trkpt lat="29.3296" lon="-97.86806">
        <ele>133.3</ele>
      </trkpt>
      <trkpt lat="29.32954" lon="-97.8681">
        <ele>133.2</ele>
      </trkpt>
      <trkpt lat="29.32947" lon="-97.86815">
        <ele>133.2</ele>
      </trkpt>
      <trkpt lat="29.32938" lon="-97.86819">
        <ele>133.3</ele>
      </trkpt>
      <trkpt lat="29.32929" lon="-97.86825">
        <ele>133.4</ele>
      </trkpt>
      <trkpt lat="29.32904" lon="-97.86841">
        <ele>133.6</ele>
      </trkpt>
      <trkpt lat="29.32893" lon="-97.86848">
        <ele>133.7</ele>
      </trkpt>
      <trkpt lat="29.32867" lon="-97.86865">
        <ele>134.0</ele>
      </trkpt>
      <trkpt lat="29.32866" lon="-97.86865">
        <ele>134.0</ele>
      </trkpt>
      <trkpt lat="29.32835" lon="-97.86885">
        <ele>134.5</ele>
      </trkpt>
      <trkpt lat="29.32826" lon="-97.86891">
        <ele>134.7</ele>
      </trkpt>
      <trkpt lat="29.32818" lon="-97.86896">
        <ele>135.0</ele>
      </trkpt>
      <trkpt lat="29.32812" lon="-97.869">
        <ele>135.2</ele>
      </trkpt>
      <trkpt lat="29.32759" lon="-97.86933">
        <ele>137.1</ele>
      </trkpt>
      <trkpt lat="29.32756" lon="-97.86935">
        <ele>137.1</ele>
      </trkpt>
      <trkpt lat="29.32741" lon="-97.86945">
        <ele>137.4</ele>
      </trkpt>
      <trkpt lat="29.32731" lon="-97.86952">
        <ele>137.4</ele>
      </trkpt>
      <trkpt lat="29.32703" lon="-97.86972">
        <ele>137.4</ele>
      </trkpt>
      <trkpt lat="29.32683" lon="-97.86986">
        <ele>137.9</ele>
      </trkpt>
      <trkpt lat="29.32679" lon="-97.86988">
        <ele>138.0</ele>
      </trkpt>
      <trkpt lat="29.3264" lon="-97.87012">
        <ele>139.0</ele>
      </trkpt>
      <trkpt lat="29.32638" lon="-97.87014">
        <ele>139.1</ele>
      </trkpt>
      <trkpt lat="29.32625" lon="-97.87022">
        <ele>139.6</ele>
      </trkpt>
      <trkpt lat="29.32609" lon="-97.87032">
        <ele>140.2</ele>
      </trkpt>
      <trkpt lat="29.32595" lon="-97.87041">
        <ele>140.5</ele>
      </trkpt>
      <trkpt lat="29.32591" lon="-97.87043">
        <ele>140.6</ele>
      </trkpt>
      <trkpt lat="29.32559" lon="-97.87062">
        <ele>141.4</ele>
      </trkpt>
      <trkpt lat="29.32545" lon="-97.8707">
        <ele>142.2</ele>
      </trkpt>
      <trkpt lat="29.32541" lon="-97.87073">
        <ele>142.3</ele>
      </trkpt>
      <trkpt lat="29.32514" lon="-97.8709">
        <ele>143.6</ele>
      </trkpt>
      <trkpt lat="29.32504" lon="-97.87096">
        <ele>144.0</ele>
      </trkpt>
      <trkpt lat="29.32498" lon="-97.871">
        <ele>144.2</ele>
      </trkpt>
      <trkpt lat="29.32439" lon="-97.87138">
        <ele>146.1</ele>
      </trkpt>
      <trkpt lat="29.32435" lon="-97.8714">
        <ele>146.2</ele>
      </trkpt>
      <trkpt lat="29.32394" lon="-97.87166">
        <ele>146.7</ele>
      </trkpt>
      <trkpt lat="29.32378" lon="-97.87175">
        <ele>146.9</ele>
      </trkpt>
      <trkpt lat="29.32372" lon="-97.87179">
        <ele>147.0</ele>
      </trkpt>
      <trkpt lat="29.3234" lon="-97.87198">
        <ele>147.2</ele>
      </trkpt>
      <trkpt lat="29.32324" lon="-97.87208">
        <ele>147.1</ele>
      </trkpt>
      <trkpt lat="29.32299" lon="-97.87224">
        <ele>147.1</ele>
      </trkpt>
      <trkpt lat="29.32287" lon="-97.87231">
        <ele>147.1</ele>
      </trkpt>
      <trkpt lat="29.32259" lon="-97.87248">
        <ele>147.0</ele>
      </trkpt>
      <trkpt lat="29.32245" lon="-97.87254">
        <ele>147.1</ele>
      </trkpt>
      <trkpt lat="29.32244" lon="-97.87255">
        <ele>147.1</ele>
      </trkpt>
      <trkpt lat="29.32234" lon="-97.87259">
        <ele>147.4</ele>
      </trkpt>
      <trkpt lat="29.32232" lon="-97.8726">
        <ele>147.4</ele>
      </trkpt>
      <trkpt lat="29.3222" lon="-97.87265">
        <ele>147.6</ele>
      </trkpt>
      <trkpt lat="29.32193" lon="-97.87273">
        <ele>147.9</ele>
      </trkpt>
      <trkpt lat="29.32175" lon="-97.87279">
        <ele>148.2</ele>
      </trkpt>
      <trkpt lat="29.32151" lon="-97.87286">
        <ele>148.7</ele>
      </trkpt>
      <trkpt lat="29.3213" lon="-97.87292">
        <ele>149.3</ele>
      </trkpt>
      <trkpt lat="29.32125" lon="-97.87293">
        <ele>149.4</ele>
      </trkpt>
      <trkpt lat="29.3209" lon="-97.87303">
        <ele>150.7</ele>
      </trkpt>
      <trkpt lat="29.32042" lon="-97.87317">
        <ele>152.8</ele>
      </trkpt>
      <trkpt lat="29.3204" lon="-97.87317">
        <ele>152.9</ele>
      </trkpt>
      <trkpt lat="29.31986" lon="-97.87334">
        <ele>154.4</ele>
      </trkpt>
      <trkpt lat="29.31968" lon="-97.87339">
        <ele>154.9</ele>
      </trkpt>
      <trkpt lat="29.31903" lon="-97.87359">
        <ele>155.3</ele>
      </trkpt>
      <trkpt lat="29.31898" lon="-97.8736">
        <ele>155.3</ele>
      </trkpt>
      <trkpt lat="29.31881" lon="-97.87366">
        <ele>155.3</ele>
      </trkpt>
      <trkpt lat="29.31865" lon="-97.87372">
        <ele>155.3</ele>
      </trkpt>
      <trkpt lat="29.3185" lon="-97.87379">
        <ele>155.6</ele>
      </trkpt>
      <trkpt lat="29.31836" lon="-97.87387">
        <ele>155.9</ele>
      </trkpt>
      <trkpt lat="29.31789" lon="-97.87416">
        <ele>156.3</ele>
      </trkpt>
      <trkpt lat="29.3178" lon="-97.87422">
        <ele>156.3</ele>
      </trkpt>
      <trkpt lat="29.3171" lon="-97.87468">
        <ele>155.6</ele>
      </trkpt>
      <trkpt lat="29.31695" lon="-97.87478">
        <ele>155.2</ele>
      </trkpt>
      <trkpt lat="29.31679" lon="-97.87488">
        <ele>154.9</ele>
      </trkpt>
      <trkpt lat="29.31648" lon="-97.87508">
        <ele>154.2</ele>
      </trkpt>
      <trkpt lat="29.31632" lon="-97.87519">
        <ele>153.8</ele>
      </trkpt>
      <trkpt lat="29.31617" lon="-97.87529">
        <ele>153.5</ele>
      </trkpt>
      <trkpt lat="29.31585" lon="-97.87549">
        <ele>154.9</ele>
      </trkpt>
      <trkpt lat="29.31569" lon="-97.87559">
        <ele>155.6</ele>
      </trkpt>
      <trkpt lat="29.31538" lon="-97.87579">
        <ele>156.3</ele>
      </trkpt>
      <trkpt lat="29.31522" lon="-97.87589">
        <ele>156.1</ele>
      </trkpt>
      <trkpt lat="29.31497" lon="-97.87605">
        <ele>155.0</ele>
      </trkpt>
      <trkpt lat="29.31466" lon="-97.87625">
        <ele>154.5</ele>
      </trkpt>
      <trkpt lat="29.31434" lon="-97.87645">
        <ele>154.7</ele>
      </trkpt>
      <trkpt lat="29.31423" lon="-97.87651">
        <ele>155.0</ele>
      </trkpt>
      <trkpt lat="29.31418" lon="-97.87654">
        <ele>155.2</ele>
      </trkpt>
      <trkpt lat="29.31386" lon="-97.87674">
        <ele>156.2</ele>
      </trkpt>
      <trkpt lat="29.31375" lon="-97.8768">
        <ele>156.5</ele>
      </trkpt>
      <trkpt lat="29.31354" lon="-97.87693">
        <ele>157.3</ele>
      </trkpt>
      <trkpt lat="29.31328" lon="-97.8771">
        <ele>158.0</ele>
      </trkpt>
      <trkpt lat="29.31314" lon="-97.87718">
        <ele>158.3</ele>
      </trkpt>
      <trkpt lat="29.31291" lon="-97.87732">
        <ele>159.0</ele>
      </trkpt>
      <trkpt lat="29.31275" lon="-97.87741">
        <ele>159.3</ele>
      </trkpt>
      <trkpt lat="29.31263" lon="-97.87748">
        <ele>159.4</ele>
      </trkpt>
      <trkpt lat="29.31167" lon="-97.87804">
        <ele>158.5</ele>
      </trkpt>
      <trkpt lat="29.3112" lon="-97.87832">
        <ele>157.7</ele>
      </trkpt>
      <trkpt lat="29.31103" lon="-97.87842">
        <ele>157.3</ele>
      </trkpt>
      <trkpt lat="29.3106" lon="-97.87868">
        <ele>156.2</ele>
      </trkpt>
      <trkpt lat="29.31046" lon="-97.87876">
        <ele>156.0</ele>
      </trkpt>
      <trkpt lat="29.30889" lon="-97.8797">
        <ele>152.8</ele>
      </trkpt>
      <trkpt lat="29.30879" lon="-97.87976">
        <ele>152.6</ele>
      </trkpt>
      <trkpt lat="29.3078" lon="-97.88036">
        <ele>149.7</ele>
      </trkpt>
      <trkpt lat="29.30768" lon="-97.88043">
        <ele>149.4</ele>
      </trkpt>
      <trkpt lat="29.30748" lon="-97.88055">
        <ele>149.0</ele>
      </trkpt>
      <trkpt lat="29.30668" lon="-97.88103">
        <ele>147.4</ele>
      </trkpt>
      <trkpt lat="29.30652" lon="-97.88113">
        <ele>147.1</ele>
      </trkpt>
      <trkpt lat="29.30641" lon="-97.8812">
        <ele>147.0</ele>
      </trkpt>
      <trkpt lat="29.30636" lon="-97.88123">
        <ele>146.9</ele>
      </trkpt>
      <trkpt lat="29.30591" lon="-97.88152">
        <ele>146.3</ele>
      </trkpt>
      <trkpt lat="29.3058" lon="-97.88158">
        <ele>146.5</ele>
      </trkpt>
      <trkpt lat="29.3058" lon="-97.88158">
        <ele>146.5</ele>
      </trkpt>
      <trkpt lat="29.30614" lon="-97.88222">
        <ele>148.6</ele>
      </trkpt>
      <trkpt lat="29.30622" lon="-97.88238">
        <ele>149.1</ele>
      </trkpt>
      <trkpt lat="29.30644" lon="-97.8828">
        <ele>150.3</ele>
      </trkpt>
      <trkpt lat="29.30731" lon="-97.88452">
        <ele>155.0</ele>
      </trkpt>
      <trkpt lat="29.3074" lon="-97.88469">
        <ele>155.2</ele>
      </trkpt>
      <trkpt lat="29.30741" lon="-97.88471">
        <ele>155.2</ele>
      </trkpt>
      <trkpt lat="29.30758" lon="-97.88506">
        <ele>154.9</ele>
      </trkpt>
      <trkpt lat="29.30777" lon="-97.88543">
        <ele>154.1</ele>
      </trkpt>
      <trkpt lat="29.30796" lon="-97.88582">
        <ele>153.3</ele>
      </trkpt>
      <trkpt lat="29.30803" lon="-97.88596">
        <ele>153.1</ele>
      </trkpt>
      <trkpt lat="29.30823" lon="-97.88635">
        <ele>152.4</ele>
      </trkpt>
      <trkpt lat="29.30824" lon="-97.88637">
        <ele>152.4</ele>
      </trkpt>
      <trkpt lat="29.30848" lon="-97.88686">
        <ele>151.3</ele>
      </trkpt>
      <trkpt lat="29.3085" lon="-97.88689">
        <ele>151.2</ele>
      </trkpt>
      <trkpt lat="29.30858" lon="-97.88707">
        <ele>150.8</ele>
      </trkpt>
      <trkpt lat="29.30885" lon="-97.88761">
        <ele>149.8</ele>
      </trkpt>
      <trkpt lat="29.30892" lon="-97.88776">
        <ele>149.6</ele>
      </trkpt>
      <trkpt lat="29.30894" lon="-97.88779">
        <ele>149.6</ele>
      </trkpt>
      <trkpt lat="29.30907" lon="-97.88806">
        <ele>149.8</ele>
      </trkpt>
      <trkpt lat="29.30921" lon="-97.88833">
        <ele>150.0</ele>
      </trkpt>
      <trkpt lat="29.30939" lon="-97.88868">
        <ele>150.5</ele>
      </trkpt>
      <trkpt lat="29.30975" lon="-97.8894">
        <ele>152.0</ele>
      </trkpt>
      <trkpt lat="29.30982" lon="-97.88954">
        <ele>152.3</ele>
      </trkpt>
      <trkpt lat="29.30991" lon="-97.88971">
        <ele>152.8</ele>
      </trkpt>
      <trkpt lat="29.31027" lon="-97.89044">
        <ele>155.4</ele>
      </trkpt>
      <trkpt lat="29.31046" lon="-97.89083">
        <ele>155.5</ele>
      </trkpt>
      <trkpt lat="29.31054" lon="-97.89098">
        <ele>155.5</ele>
      </trkpt>
      <trkpt lat="29.31055" lon="-97.89101">
        <ele>155.5</ele>
      </trkpt>
      <trkpt lat="29.31073" lon="-97.89136">
        <ele>155.1</ele>
      </trkpt>
      <trkpt lat="29.31099" lon="-97.89191">
        <ele>154.1</ele>
      </trkpt>
      <trkpt lat="29.31106" lon="-97.89205">
        <ele>153.8</ele>
      </trkpt>
      <trkpt lat="29.31126" lon="-97.89245">
        <ele>152.8</ele>
      </trkpt>
      <trkpt lat="29.31129" lon="-97.89252">
        <ele>152.7</ele>
      </trkpt>
      <trkpt lat="29.31182" lon="-97.8936">
        <ele>149.8</ele>
      </trkpt>
      <trkpt lat="29.31196" lon="-97.89388">
        <ele>149.0</ele>
      </trkpt>
      <trkpt lat="29.31205" lon="-97.89406">
        <ele>148.4</ele>
      </trkpt>
      <trkpt lat="29.31239" lon="-97.89475">
        <ele>146.3</ele>
      </trkpt>
      <trkpt lat="29.31256" lon="-97.89509">
        <ele>146.2</ele>
      </trkpt>
      <trkpt lat="29.31261" lon="-97.89519">
        <ele>146.2</ele>
      </trkpt>
      <trkpt lat="29.31293" lon="-97.89588">
        <ele>145.6</ele>
      </trkpt>
      <trkpt lat="29.31303" lon="-97.89608">
        <ele>145.3</ele>
      </trkpt>
      <trkpt lat="29.31311" lon="-97.89625">
        <ele>145.0</ele>
      </trkpt>
      <trkpt lat="29.31336" lon="-97.89673">
        <ele>144.4</ele>
      </trkpt>
      <trkpt lat="29.31347" lon="-97.89696">
        <ele>144.1</ele>
      </trkpt>
      <trkpt lat="29.31348" lon="-97.89697">
        <ele>144.1</ele>
      </trkpt>
      <trkpt lat="29.31382" lon="-97.89769">
        <ele>143.4</ele>
      </trkpt>
      <trkpt lat="29.31435" lon="-97.89878">
        <ele>142.0</ele>
      </trkpt>
      <trkpt lat="29.31439" lon="-97.89888">
        <ele>141.9</ele>
      </trkpt>
      <trkpt lat="29.31467" lon="-97.89946">
        <ele>141.5</ele>
      </trkpt>
      <trkpt lat="29.31484" lon="-97.8998">
        <ele>141.4</ele>
      </trkpt>
      <trkpt lat="29.31488" lon="-97.89988">
        <ele>141.3</ele>
      </trkpt>
      <trkpt lat="29.31501" lon="-97.90015">
        <ele>141.2</ele>
      </trkpt>
      <trkpt lat="29.31508" lon="-97.90028">
        <ele>141.3</ele>
      </trkpt>
      <trkpt lat="29.31514" lon="-97.9004">
        <ele>141.9</ele>
      </trkpt>
      <trkpt lat="29.31531" lon="-97.90076">
        <ele>142.7</ele>
      </trkpt>
      <trkpt lat="29.31577" lon="-97.90169">
        <ele>142.9</ele>
      </trkpt>
      <trkpt lat="29.31592" lon="-97.90202">
        <ele>142.9</ele>
      </trkpt>
      <trkpt lat="29.31616" lon="-97.90256">
        <ele>142.8</ele>
      </trkpt>
      <trkpt lat="29.31617" lon="-97.90257">
        <ele>142.8</ele>
      </trkpt>
      <trkpt lat="29.31637" lon="-97.903">
        <ele>142.7</ele>
      </trkpt>
      <trkpt lat="29.3165" lon="-97.90326">
        <ele>142.6</ele>
      </trkpt>
      <trkpt lat="29.31661" lon="-97.90348">
        <ele>142.6</ele>
      </trkpt>
      <trkpt lat="29.31664" lon="-97.90354">
        <ele>142.6</ele>
      </trkpt>
      <trkpt lat="29.31672" lon="-97.9037">
        <ele>142.6</ele>
      </trkpt>
      <trkpt lat="29.3168" lon="-97.90388">
        <ele>142.5</ele>
      </trkpt>
      <trkpt lat="29.31682" lon="-97.90396">
        <ele>142.5</ele>
      </trkpt>
      <trkpt lat="29.31682" lon="-97.90401">
        <ele>142.4</ele>
      </trkpt>
      <trkpt lat="29.31681" lon="-97.90407">
        <ele>142.4</ele>
      </trkpt>
      <trkpt lat="29.31679" lon="-97.90413">
        <ele>142.3</ele>
      </trkpt>
      <trkpt lat="29.31676" lon="-97.90425">
        <ele>142.2</ele>
      </trkpt>
      <trkpt lat="29.31676" lon="-97.9044">
        <ele>142.1</ele>
      </trkpt>
      <trkpt lat="29.3168" lon="-97.90451">
        <ele>142.0</ele>
      </trkpt>
      <trkpt lat="29.31681" lon="-97.90454">
        <ele>142.0</ele>
      </trkpt>
      <trkpt lat="29.31689" lon="-97.90469">
        <ele>141.8</ele>
      </trkpt>
      <trkpt lat="29.31695" lon="-97.9048">
        <ele>141.7</ele>
      </trkpt>
      <trkpt lat="29.3172" lon="-97.90535">
        <ele>141.1</ele>
      </trkpt>
      <trkpt lat="29.3174" lon="-97.90578">
        <ele>140.4</ele>
      </trkpt>
      <trkpt lat="29.31744" lon="-97.90587">
        <ele>140.3</ele>
      </trkpt>
      <trkpt lat="29.31759" lon="-97.90617">
        <ele>140.4</ele>
      </trkpt>
      <trkpt lat="29.31786" lon="-97.90671">
        <ele>140.8</ele>
      </trkpt>
      <trkpt lat="29.31821" lon="-97.90743">
        <ele>141.3</ele>
      </trkpt>
      <trkpt lat="29.31839" lon="-97.90779">
        <ele>141.8</ele>
      </trkpt>
      <trkpt lat="29.31857" lon="-97.90814">
        <ele>143.0</ele>
      </trkpt>
      <trkpt lat="29.31865" lon="-97.9083">
        <ele>143.8</ele>
      </trkpt>
      <trkpt lat="29.31875" lon="-97.9085">
        <ele>144.6</ele>
      </trkpt>
      <trkpt lat="29.31884" lon="-97.90868">
        <ele>145.3</ele>
      </trkpt>
      <trkpt lat="29.31892" lon="-97.90884">
        <ele>145.9</ele>
      </trkpt>
      <trkpt lat="29.31901" lon="-97.90901">
        <ele>146.8</ele>
      </trkpt>
      <trkpt lat="29.31911" lon="-97.90921">
        <ele>147.5</ele>
      </trkpt>
      <trkpt lat="29.31911" lon="-97.90921">
        <ele>147.5</ele>
      </trkpt>
      <trkpt lat="29.31915" lon="-97.90929">
        <ele>147.7</ele>
      </trkpt>
      <trkpt lat="29.31915" lon="-97.9093">
        <ele>147.8</ele>
      </trkpt>
      <trkpt lat="29.3192" lon="-97.90939">
        <ele>148.0</ele>
      </trkpt>
      <trkpt lat="29.31929" lon="-97.90957">
        <ele>148.4</ele>
      </trkpt>
      <trkpt lat="29.31938" lon="-97.90975">
        <ele>148.4</ele>
      </trkpt>
      <trkpt lat="29.31946" lon="-97.90993">
        <ele>148.2</ele>
      </trkpt>
      <trkpt lat="29.31947" lon="-97.90994">
        <ele>148.1</ele>
      </trkpt>
      <trkpt lat="29.31956" lon="-97.91013">
        <ele>147.8</ele>
      </trkpt>
      <trkpt lat="29.31998" lon="-97.91101">
        <ele>148.1</ele>
      </trkpt>
      <trkpt lat="29.32007" lon="-97.91119">
        <ele>148.3</ele>
      </trkpt>
      <trkpt lat="29.32042" lon="-97.91192">
        <ele>148.9</ele>
      </trkpt>
      <trkpt lat="29.32086" lon="-97.91281">
        <ele>147.2</ele>
      </trkpt>
      <trkpt lat="29.32095" lon="-97.91299">
        <ele>146.1</ele>
      </trkpt>
      <trkpt lat="29.32107" lon="-97.91323">
        <ele>145.6</ele>
      </trkpt>
      <trkpt lat="29.32107" lon="-97.91323">
        <ele>145.6</ele>
      </trkpt>
      <trkpt lat="29.32097" lon="-97.91329">
        <ele>145.6</ele>
      </trkpt>
      <trkpt lat="29.32063" lon="-97.91351">
        <ele>146.2</ele>
      </trkpt>
      <trkpt lat="29.32044" lon="-97.91364">
        <ele>147.0</ele>
      </trkpt>
      <trkpt lat="29.32028" lon="-97.91374">
        <ele>147.7</ele>
      </trkpt>
      <trkpt lat="29.32003" lon="-97.9139">
        <ele>149.2</ele>
      </trkpt>
      <trkpt lat="29.31953" lon="-97.91421">
        <ele>149.9</ele>
      </trkpt>
      <trkpt lat="29.31874" lon="-97.91471">
        <ele>151.0</ele>
      </trkpt>
      <trkpt lat="29.31824" lon="-97.91502">
        <ele>152.2</ele>
      </trkpt>
      <trkpt lat="29.31811" lon="-97.9151">
        <ele>152.5</ele>
      </trkpt>
      <trkpt lat="29.31779" lon="-97.9153">
        <ele>152.9</ele>
      </trkpt>
      <trkpt lat="29.31761" lon="-97.91542">
        <ele>153.0</ele>
      </trkpt>
      <trkpt lat="29.31745" lon="-97.91551">
        <ele>153.1</ele>
      </trkpt>
      <trkpt lat="29.31735" lon="-97.91558">
        <ele>153.2</ele>
      </trkpt>
      <trkpt lat="29.31732" lon="-97.9156">
        <ele>153.2</ele>
      </trkpt>
      <trkpt lat="29.31698" lon="-97.91582">
        <ele>153.1</ele>
      </trkpt>
      <trkpt lat="29.31686" lon="-97.9159">
        <ele>152.9</ele>
      </trkpt>
      <trkpt lat="29.31677" lon="-97.91596">
        <ele>152.8</ele>
      </trkpt>
      <trkpt lat="29.31656" lon="-97.91609">
        <ele>152.4</ele>
      </trkpt>
      <trkpt lat="29.31622" lon="-97.9163">
        <ele>151.4</ele>
      </trkpt>
      <trkpt lat="29.31614" lon="-97.91635">
        <ele>151.1</ele>
      </trkpt>
      <trkpt lat="29.31587" lon="-97.91655">
        <ele>150.2</ele>
      </trkpt>
      <trkpt lat="29.31577" lon="-97.91662">
        <ele>149.8</ele>
      </trkpt>
      <trkpt lat="29.31577" lon="-97.91662">
        <ele>149.8</ele>
      </trkpt>
      <trkpt lat="29.31605" lon="-97.91718">
        <ele>150.7</ele>
      </trkpt>
      <trkpt lat="29.31613" lon="-97.91734">
        <ele>150.9</ele>
      </trkpt>
      <trkpt lat="29.31621" lon="-97.91752">
        <ele>151.1</ele>
      </trkpt>
      <trkpt lat="29.31639" lon="-97.91789">
        <ele>151.8</ele>
      </trkpt>
      <trkpt lat="29.31664" lon="-97.91839">
        <ele>152.8</ele>
      </trkpt>
      <trkpt lat="29.31674" lon="-97.9186">
        <ele>153.0</ele>
      </trkpt>
      <trkpt lat="29.31683" lon="-97.91878">
        <ele>153.1</ele>
      </trkpt>
      <trkpt lat="29.31688" lon="-97.9189">
        <ele>153.1</ele>
      </trkpt>
      <trkpt lat="29.31753" lon="-97.92022">
        <ele>153.0</ele>
      </trkpt>
      <trkpt lat="29.31778" lon="-97.92073">
        <ele>154.4</ele>
      </trkpt>
      <trkpt lat="29.31787" lon="-97.9209">
        <ele>154.9</ele>
      </trkpt>
      <trkpt lat="29.31823" lon="-97.92163">
        <ele>155.9</ele>
      </trkpt>
      <trkpt lat="29.31823" lon="-97.92163">
        <ele>155.9</ele>
      </trkpt>
      <trkpt lat="29.31824" lon="-97.92165">
        <ele>156.0</ele>
      </trkpt>
      <trkpt lat="29.31836" lon="-97.92189">
        <ele>156.1</ele>
      </trkpt>
      <trkpt lat="29.31842" lon="-97.92201">
        <ele>156.2</ele>
      </trkpt>
      <trkpt lat="29.31849" lon="-97.92215">
        <ele>156.2</ele>
      </trkpt>
      <trkpt lat="29.31868" lon="-97.92252">
        <ele>156.3</ele>
      </trkpt>
      <trkpt lat="29.31869" lon="-97.92255">
        <ele>156.3</ele>
      </trkpt>
      <trkpt lat="29.31899" lon="-97.92314">
        <ele>157.3</ele>
      </trkpt>
      <trkpt lat="29.31922" lon="-97.92357">
        <ele>158.0</ele>
      </trkpt>
      <trkpt lat="29.31931" lon="-97.92375">
        <ele>158.2</ele>
      </trkpt>
      <trkpt lat="29.31933" lon="-97.92379">
        <ele>158.2</ele>
      </trkpt>
      <trkpt lat="29.3195" lon="-97.92411">
        <ele>158.1</ele>
      </trkpt>
      <trkpt lat="29.31957" lon="-97.92425">
        <ele>158.2</ele>
      </trkpt>
      <trkpt lat="29.31959" lon="-97.92428">
        <ele>158.2</ele>
      </trkpt>
      <trkpt lat="29.31968" lon="-97.92446">
        <ele>158.1</ele>
      </trkpt>
      <trkpt lat="29.3197" lon="-97.9245">
        <ele>158.1</ele>
      </trkpt>
      <trkpt lat="29.31977" lon="-97.92464">
        <ele>157.9</ele>
      </trkpt>
      <trkpt lat="29.31986" lon="-97.92482">
        <ele>157.7</ele>
      </trkpt>
      <trkpt lat="29.32014" lon="-97.9254">
        <ele>156.1</ele>
      </trkpt>
      <trkpt lat="29.32016" lon="-97.92542">
        <ele>156.0</ele>
      </trkpt>
      <trkpt lat="29.32021" lon="-97.92554">
        <ele>155.7</ele>
      </trkpt>
      <trkpt lat="29.32038" lon="-97.92591">
        <ele>154.9</ele>
      </trkpt>
      <trkpt lat="29.32038" lon="-97.92591">
        <ele>154.9</ele>
      </trkpt>
      <trkpt lat="29.32064" lon="-97.92574">
        <ele>154.7</ele>
      </trkpt>
      <trkpt lat="29.32107" lon="-97.92547">
        <ele>154.7</ele>
      </trkpt>
      <trkpt lat="29.32115" lon="-97.92543">
        <ele>154.7</ele>
      </trkpt>
      <trkpt lat="29.32155" lon="-97.92518">
        <ele>154.6</ele>
      </trkpt>
      <trkpt lat="29.3216" lon="-97.92516">
        <ele>154.6</ele>
      </trkpt>
      <trkpt lat="29.32169" lon="-97.9251">
        <ele>154.5</ele>
      </trkpt>
      <trkpt lat="29.322" lon="-97.9249">
        <ele>154.0</ele>
      </trkpt>
      <trkpt lat="29.32236" lon="-97.92466">
        <ele>152.7</ele>
      </trkpt>
      <trkpt lat="29.32263" lon="-97.92449">
        <ele>152.1</ele>
      </trkpt>
      <trkpt lat="29.32293" lon="-97.92429">
        <ele>151.0</ele>
      </trkpt>
      <trkpt lat="29.32324" lon="-97.92409">
        <ele>149.3</ele>
      </trkpt>
      <trkpt lat="29.3234" lon="-97.92399">
        <ele>148.9</ele>
      </trkpt>
      <trkpt lat="29.32357" lon="-97.92388">
        <ele>147.8</ele>
      </trkpt>
      <trkpt lat="29.3236" lon="-97.92387">
        <ele>147.6</ele>
      </trkpt>
      <trkpt lat="29.32393" lon="-97.92365">
        <ele>146.3</ele>
      </trkpt>
      <trkpt lat="29.32403" lon="-97.92359">
        <ele>146.4</ele>
      </trkpt>
      <trkpt lat="29.32404" lon="-97.92358">
        <ele>146.4</ele>
      </trkpt>
      <trkpt lat="29.32446" lon="-97.92331">
        <ele>147.1</ele>
      </trkpt>
      <trkpt lat="29.32461" lon="-97.92323">
        <ele>147.5</ele>
      </trkpt>
      <trkpt lat="29.32466" lon="-97.9232">
        <ele>147.6</ele>
      </trkpt>
      <trkpt lat="29.32475" lon="-97.92313">
        <ele>147.7</ele>
      </trkpt>
      <trkpt lat="29.32483" lon="-97.92308">
        <ele>147.8</ele>
      </trkpt>
      <trkpt lat="29.32513" lon="-97.92289">
        <ele>148.3</ele>
      </trkpt>
      <trkpt lat="29.32527" lon="-97.92281">
        <ele>148.4</ele>
      </trkpt>
      <trkpt lat="29.32554" lon="-97.92265">
        <ele>148.6</ele>
      </trkpt>
      <trkpt lat="29.32573" lon="-97.92256">
        <ele>148.8</ele>
      </trkpt>
      <trkpt lat="29.32573" lon="-97.92256">
        <ele>148.8</ele>
      </trkpt>
      <trkpt lat="29.3259" lon="-97.92295">
        <ele>149.3</ele>
      </trkpt>
      <trkpt lat="29.32603" lon="-97.9232">
        <ele>149.9</ele>
      </trkpt>
      <trkpt lat="29.32614" lon="-97.92345">
        <ele>150.6</ele>
      </trkpt>
      <trkpt lat="29.32629" lon="-97.92374">
        <ele>151.4</ele>
      </trkpt>
      <trkpt lat="29.32637" lon="-97.92392">
        <ele>151.7</ele>
      </trkpt>
      <trkpt lat="29.32659" lon="-97.92437">
        <ele>152.2</ele>
      </trkpt>
      <trkpt lat="29.32667" lon="-97.92453">
        <ele>152.5</ele>
      </trkpt>
      <trkpt lat="29.32668" lon="-97.92455">
        <ele>152.6</ele>
      </trkpt>
      <trkpt lat="29.32703" lon="-97.92524">
        <ele>153.1</ele>
      </trkpt>
      <trkpt lat="29.32708" lon="-97.92534">
        <ele>153.0</ele>
      </trkpt>
      <trkpt lat="29.32731" lon="-97.92579">
        <ele>152.2</ele>
      </trkpt>
      <trkpt lat="29.32797" lon="-97.92713">
        <ele>152.6</ele>
      </trkpt>
      <trkpt lat="29.32797" lon="-97.92713">
        <ele>152.6</ele>
      </trkpt>
      <trkpt lat="29.32808" lon="-97.92711">
        <ele>152.5</ele>
      </trkpt>
      <trkpt lat="29.32818" lon="-97.92709">
        <ele>152.5</ele>
      </trkpt>
      <trkpt lat="29.32833" lon="-97.92706">
        <ele>152.6</ele>
      </trkpt>
      <trkpt lat="29.32841" lon="-97.92703">
        <ele>152.7</ele>
      </trkpt>
      <trkpt lat="29.3285" lon="-97.92699">
        <ele>152.8</ele>
      </trkpt>
      <trkpt lat="29.32859" lon="-97.92694">
        <ele>152.9</ele>
      </trkpt>
      <trkpt lat="29.32866" lon="-97.9269">
        <ele>153.0</ele>
      </trkpt>
      <trkpt lat="29.32881" lon="-97.92681">
        <ele>153.2</ele>
      </trkpt>
      <trkpt lat="29.32882" lon="-97.9268">
        <ele>153.2</ele>
      </trkpt>
      <trkpt lat="29.32892" lon="-97.92674">
        <ele>153.4</ele>
      </trkpt>
      <trkpt lat="29.32927" lon="-97.92651">
        <ele>153.9</ele>
      </trkpt>
      <trkpt lat="29.32944" lon="-97.9264">
        <ele>154.1</ele>
      </trkpt>
      <trkpt lat="29.32951" lon="-97.92636">
        <ele>154.2</ele>
      </trkpt>
      <trkpt lat="29.32971" lon="-97.92623">
        <ele>154.4</ele>
      </trkpt>
      <trkpt lat="29.32996" lon="-97.92608">
        <ele>154.7</ele>
      </trkpt>
      <trkpt lat="29.33054" lon="-97.9257">
        <ele>156.0</ele>
      </trkpt>
      <trkpt lat="29.33066" lon="-97.92563">
        <ele>156.4</ele>
      </trkpt>
      <trkpt lat="29.33085" lon="-97.92551">
        <ele>157.1</ele>
      </trkpt>
      <trkpt lat="29.33097" lon="-97.92543">
        <ele>157.6</ele>
      </trkpt>
      <trkpt lat="29.33144" lon="-97.92512">
        <ele>159.7</ele>
      </trkpt>
      <trkpt lat="29.33195" lon="-97.92478">
        <ele>162.0</ele>
      </trkpt>
      <trkpt lat="29.33206" lon="-97.92471">
        <ele>162.2</ele>
      </trkpt>
      <trkpt lat="29.33207" lon="-97.9247">
        <ele>162.2</ele>
      </trkpt>
      <trkpt lat="29.33226" lon="-97.92458">
        <ele>162.3</ele>
      </trkpt>
      <trkpt lat="29.33237" lon="-97.9245">
        <ele>162.3</ele>
      </trkpt>
      <trkpt lat="29.33253" lon="-97.9244">
        <ele>162.3</ele>
      </trkpt>
      <trkpt lat="29.33289" lon="-97.92417">
        <ele>161.7</ele>
      </trkpt>
      <trkpt lat="29.33297" lon="-97.92411">
        <ele>161.4</ele>
      </trkpt>
      <trkpt lat="29.33331" lon="-97.92389">
        <ele>161.1</ele>
      </trkpt>
      <trkpt lat="29.33367" lon="-97.92366">
        <ele>161.4</ele>
      </trkpt>
      <trkpt lat="29.33413" lon="-97.92336">
        <ele>162.3</ele>
      </trkpt>
      <trkpt lat="29.33425" lon="-97.92328">
        <ele>162.0</ele>
      </trkpt>
      <trkpt lat="29.33445" lon="-97.92315">
        <ele>161.5</ele>
      </trkpt>
      <trkpt lat="29.33467" lon="-97.92301">
        <ele>161.2</ele>
      </trkpt>
      <trkpt lat="29.33467" lon="-97.92301">
        <ele>161.2</ele>
      </trkpt>
      <trkpt lat="29.33487" lon="-97.92287">
        <ele>161.0</ele>
      </trkpt>
      <trkpt lat="29.33503" lon="-97.92277">
        <ele>161.0</ele>
      </trkpt>
      <trkpt lat="29.33508" lon="-97.92274">
        <ele>161.0</ele>
      </trkpt>
      <trkpt lat="29.33572" lon="-97.92232">
        <ele>161.2</ele>
      </trkpt>
      <trkpt lat="29.33601" lon="-97.92213">
        <ele>161.2</ele>
      </trkpt>
      <trkpt lat="29.33633" lon="-97.92192">
        <ele>161.1</ele>
      </trkpt>
      <trkpt lat="29.33648" lon="-97.92182">
        <ele>161.0</ele>
      </trkpt>
      <trkpt lat="29.33664" lon="-97.92172">
        <ele>160.7</ele>
      </trkpt>
      <trkpt lat="29.33695" lon="-97.92151">
        <ele>159.7</ele>
      </trkpt>
      <trkpt lat="29.33711" lon="-97.92141">
        <ele>159.1</ele>
      </trkpt>
      <trkpt lat="29.33726" lon="-97.92131">
        <ele>158.8</ele>
      </trkpt>
      <trkpt lat="29.33773" lon="-97.921">
        <ele>156.9</ele>
      </trkpt>
      <trkpt lat="29.33804" lon="-97.92079">
        <ele>155.3</ele>
      </trkpt>
      <trkpt lat="29.33818" lon="-97.9207">
        <ele>154.8</ele>
      </trkpt>
      <trkpt lat="29.3382" lon="-97.92069">
        <ele>154.7</ele>
      </trkpt>
      <trkpt lat="29.33835" lon="-97.92058">
        <ele>153.5</ele>
      </trkpt>
      <trkpt lat="29.33879" lon="-97.92029">
        <ele>151.7</ele>
      </trkpt>
      <trkpt lat="29.3389" lon="-97.92021">
        <ele>151.4</ele>
      </trkpt>
      <trkpt lat="29.33912" lon="-97.92005">
        <ele>150.0</ele>
      </trkpt>
      <trkpt lat="29.33921" lon="-97.91999">
        <ele>149.5</ele>
      </trkpt>
      <trkpt lat="29.33923" lon="-97.91997">
        <ele>149.4</ele>
      </trkpt>
      <trkpt lat="29.33935" lon="-97.91987">
        <ele>148.9</ele>
      </trkpt>
      <trkpt lat="29.33943" lon="-97.91979">
        <ele>148.2</ele>
      </trkpt>
      <trkpt lat="29.33948" lon="-97.91972">
        <ele>148.2</ele>
      </trkpt>
      <trkpt lat="29.33965" lon="-97.91952">
        <ele>149.2</ele>
      </trkpt>
      <trkpt lat="29.3398" lon="-97.91934">
        <ele>150.5</ele>
      </trkpt>
      <trkpt lat="29.33991" lon="-97.91923">
        <ele>151.1</ele>
      </trkpt>
      <trkpt lat="29.33994" lon="-97.9192">
        <ele>151.2</ele>
      </trkpt>
      <trkpt lat="29.34013" lon="-97.91903">
        <ele>151.6</ele>
      </trkpt>
      <trkpt lat="29.3402" lon="-97.91898">
        <ele>151.7</ele>
      </trkpt>
      <trkpt lat="29.34025" lon="-97.91894">
        <ele>151.8</ele>
      </trkpt>
      <trkpt lat="29.34035" lon="-97.91887">
        <ele>151.9</ele>
      </trkpt>
      <trkpt lat="29.3405" lon="-97.91876">
        <ele>152.1</ele>
      </trkpt>
      <trkpt lat="29.34065" lon="-97.91866">
        <ele>152.3</ele>
      </trkpt>
      <trkpt lat="29.34097" lon="-97.91845">
        <ele>152.5</ele>
      </trkpt>
      <trkpt lat="29.34112" lon="-97.91834">
        <ele>152.6</ele>
      </trkpt>
      <trkpt lat="29.34299" lon="-97.91711">
        <ele>152.9</ele>
      </trkpt>
      <trkpt lat="29.34322" lon="-97.91696">
        <ele>153.1</ele>
      </trkpt>
      <trkpt lat="29.3433" lon="-97.9169">
        <ele>153.1</ele>
      </trkpt>
      <trkpt lat="29.34346" lon="-97.9168">
        <ele>153.3</ele>
      </trkpt>
      <trkpt lat="29.34361" lon="-97.91669">
        <ele>153.4</ele>
      </trkpt>
      <trkpt lat="29.34408" lon="-97.91638">
        <ele>153.6</ele>
      </trkpt>
      <trkpt lat="29.34456" lon="-97.91606">
        <ele>153.8</ele>
      </trkpt>
      <trkpt lat="29.3447" lon="-97.91596">
        <ele>153.8</ele>
      </trkpt>
      <trkpt lat="29.34532" lon="-97.91554">
        <ele>153.9</ele>
      </trkpt>
      <trkpt lat="29.34544" lon="-97.91545">
        <ele>153.8</ele>
      </trkpt>
      <trkpt lat="29.34547" lon="-97.91543">
        <ele>153.8</ele>
      </trkpt>
      <trkpt lat="29.3461" lon="-97.91502">
        <ele>153.6</ele>
      </trkpt>
      <trkpt lat="29.34613" lon="-97.915">
        <ele>153.6</ele>
      </trkpt>
      <trkpt lat="29.34664" lon="-97.91465">
        <ele>153.6</ele>
      </trkpt>
      <trkpt lat="29.34672" lon="-97.9146">
        <ele>153.6</ele>
      </trkpt>
      <trkpt lat="29.34687" lon="-97.91449">
        <ele>153.7</ele>
      </trkpt>
      <trkpt lat="29.3472" lon="-97.91426">
        <ele>153.9</ele>
      </trkpt>
      <trkpt lat="29.34724" lon="-97.91423">
        <ele>154.0</ele>
      </trkpt>
      <trkpt lat="29.34726" lon="-97.91421">
        <ele>154.0</ele>
      </trkpt>
      <trkpt lat="29.34748" lon="-97.91406">
        <ele>154.1</ele>
      </trkpt>
      <trkpt lat="29.34748" lon="-97.91406">
        <ele>154.1</ele>
      </trkpt>
      <trkpt lat="29.34707" lon="-97.91325">
        <ele>153.2</ele>
      </trkpt>
      <trkpt lat="29.34696" lon="-97.91304">
        <ele>153.0</ele>
      </trkpt>
      <trkpt lat="29.34636" lon="-97.91184">
        <ele>151.7</ele>
      </trkpt>
      <trkpt lat="29.34636" lon="-97.91184">
        <ele>151.7</ele>
      </trkpt>
      <trkpt lat="29.34683" lon="-97.91152">
        <ele>151.8</ele>
      </trkpt>
      <trkpt lat="29.3471" lon="-97.91134">
        <ele>151.8</ele>
      </trkpt>
      <trkpt lat="29.34725" lon="-97.91124">
        <ele>151.8</ele>
      </trkpt>
      <trkpt lat="29.34778" lon="-97.91089">
        <ele>152.0</ele>
      </trkpt>
      <trkpt lat="29.34881" lon="-97.9102">
        <ele>152.8</ele>
      </trkpt>
      <trkpt lat="29.3491" lon="-97.91">
        <ele>153.2</ele>
      </trkpt>
      <trkpt lat="29.34963" lon="-97.90965">
        <ele>153.0</ele>
      </trkpt>
      <trkpt lat="29.34989" lon="-97.90947">
        <ele>153.0</ele>
      </trkpt>
      <trkpt lat="29.34993" lon="-97.90945">
        <ele>153.0</ele>
      </trkpt>
      <trkpt lat="29.35013" lon="-97.90931">
        <ele>153.4</ele>
      </trkpt>
      <trkpt lat="29.35062" lon="-97.90899">
        <ele>154.5</ele>
      </trkpt>
      <trkpt lat="29.351" lon="-97.90873">
        <ele>155.3</ele>
      </trkpt>
      <trkpt lat="29.35189" lon="-97.90815">
        <ele>156.9</ele>
      </trkpt>
      <trkpt lat="29.35223" lon="-97.90792">
        <ele>157.9</ele>
      </trkpt>
      <trkpt lat="29.35224" lon="-97.90791">
        <ele>157.9</ele>
      </trkpt>
      <trkpt lat="29.35249" lon="-97.90774">
        <ele>158.5</ele>
      </trkpt>
      <trkpt lat="29.35301" lon="-97.90741">
        <ele>159.4</ele>
      </trkpt>
      <trkpt lat="29.35377" lon="-97.90694">
        <ele>160.2</ele>
      </trkpt>
      <trkpt lat="29.35379" lon="-97.90692">
        <ele>160.2</ele>
      </trkpt>
      <trkpt lat="29.35397" lon="-97.9068">
        <ele>160.8</ele>
      </trkpt>
      <trkpt lat="29.35428" lon="-97.9066">
        <ele>161.5</ele>
      </trkpt>
      <trkpt lat="29.35444" lon="-97.90649">
        <ele>161.8</ele>
      </trkpt>
      <trkpt lat="29.3547" lon="-97.90632">
        <ele>162.7</ele>
      </trkpt>
      <trkpt lat="29.35475" lon="-97.90629">
        <ele>162.7</ele>
      </trkpt>
      <trkpt lat="29.35486" lon="-97.90621">
        <ele>162.6</ele>
      </trkpt>
      <trkpt lat="29.35499" lon="-97.90613">
        <ele>162.3</ele>
      </trkpt>
      <trkpt lat="29.35515" lon="-97.90602">
        <ele>161.7</ele>
      </trkpt>
      <trkpt lat="29.35533" lon="-97.9059">
        <ele>161.3</ele>
      </trkpt>
      <trkpt lat="29.35541" lon="-97.90585">
        <ele>161.0</ele>
      </trkpt>
      <trkpt lat="29.35561" lon="-97.90571">
        <ele>159.6</ele>
      </trkpt>
      <trkpt lat="29.35587" lon="-97.90554">
        <ele>158.3</ele>
      </trkpt>
      <trkpt lat="29.35599" lon="-97.90546">
        <ele>157.8</ele>
      </trkpt>
      <trkpt lat="29.35626" lon="-97.90528">
        <ele>156.9</ele>
      </trkpt>
      <trkpt lat="29.35661" lon="-97.90505">
        <ele>157.0</ele>
      </trkpt>
      <trkpt lat="29.35673" lon="-97.90497">
        <ele>157.3</ele>
      </trkpt>
      <trkpt lat="29.35719" lon="-97.90467">
        <ele>157.8</ele>
      </trkpt>
      <trkpt lat="29.35739" lon="-97.90454">
        <ele>158.3</ele>
      </trkpt>
      <trkpt lat="29.3577" lon="-97.90433">
        <ele>160.8</ele>
      </trkpt>
      <trkpt lat="29.35813" lon="-97.90405">
        <ele>163.9</ele>
      </trkpt>
      <trkpt lat="29.35833" lon="-97.90392">
        <ele>164.1</ele>
      </trkpt>
      <trkpt lat="29.35844" lon="-97.90384">
        <ele>163.9</ele>
      </trkpt>
      <trkpt lat="29.35848" lon="-97.90382">
        <ele>163.7</ele>
      </trkpt>
      <trkpt lat="29.35891" lon="-97.90354">
        <ele>161.5</ele>
      </trkpt>
      <trkpt lat="29.35958" lon="-97.90311">
        <ele>159.2</ele>
      </trkpt>
      <trkpt lat="29.3596" lon="-97.90309">
        <ele>159.1</ele>
      </trkpt>
      <trkpt lat="29.36005" lon="-97.9028">
        <ele>157.8</ele>
      </trkpt>
      <trkpt lat="29.36031" lon="-97.90263">
        <ele>157.2</ele>
      </trkpt>
      <trkpt lat="29.36084" lon="-97.9023">
        <ele>156.0</ele>
      </trkpt>
      <trkpt lat="29.36174" lon="-97.90174">
        <ele>155.6</ele>
      </trkpt>
      <trkpt lat="29.36188" lon="-97.90165">
        <ele>155.7</ele>
      </trkpt>
      <trkpt lat="29.36197" lon="-97.90159">
        <ele>155.8</ele>
      </trkpt>
      <trkpt lat="29.36204" lon="-97.90155">
        <ele>155.8</ele>
      </trkpt>
      <trkpt lat="29.36215" lon="-97.90148">
        <ele>155.7</ele>
      </trkpt>
      <trkpt lat="29.36329" lon="-97.90073">
        <ele>154.0</ele>
      </trkpt>
      <trkpt lat="29.3636" lon="-97.90052">
        <ele>153.1</ele>
      </trkpt>
      <trkpt lat="29.36376" lon="-97.90042">
        <ele>152.8</ele>
      </trkpt>
      <trkpt lat="29.36425" lon="-97.9001">
        <ele>153.2</ele>
      </trkpt>
      <trkpt lat="29.36469" lon="-97.8998">
        <ele>153.6</ele>
      </trkpt>
      <trkpt lat="29.36485" lon="-97.8997">
        <ele>153.7</ele>
      </trkpt>
      <trkpt lat="29.36487" lon="-97.89969">
        <ele>153.7</ele>
      </trkpt>
      <trkpt lat="29.36494" lon="-97.89963">
        <ele>153.8</ele>
      </trkpt>
      <trkpt lat="29.36497" lon="-97.89958">
        <ele>153.9</ele>
      </trkpt>
      <trkpt lat="29.36499" lon="-97.89954">
        <ele>153.9</ele>
      </trkpt>
      <trkpt lat="29.36501" lon="-97.89949">
        <ele>154.0</ele>
      </trkpt>
      <trkpt lat="29.36501" lon="-97.89944">
        <ele>154.0</ele>
      </trkpt>
      <trkpt lat="29.36501" lon="-97.8994">
        <ele>154.1</ele>
      </trkpt>
      <trkpt lat="29.36501" lon="-97.89934">
        <ele>154.1</ele>
      </trkpt>
      <trkpt lat="29.365" lon="-97.89928">
        <ele>154.2</ele>
      </trkpt>
      <trkpt lat="29.36497" lon="-97.89916">
        <ele>154.3</ele>
      </trkpt>
      <trkpt lat="29.36493" lon="-97.89898">
        <ele>154.5</ele>
      </trkpt>
      <trkpt lat="29.36487" lon="-97.89884">
        <ele>154.6</ele>
      </trkpt>
      <trkpt lat="29.36481" lon="-97.89868">
        <ele>154.8</ele>
      </trkpt>
      <trkpt lat="29.36476" lon="-97.89859">
        <ele>154.9</ele>
      </trkpt>
      <trkpt lat="29.36467" lon="-97.89842">
        <ele>155.2</ele>
      </trkpt>
      <trkpt lat="29.36459" lon="-97.89826">
        <ele>155.4</ele>
      </trkpt>
      <trkpt lat="29.3644" lon="-97.89788">
        <ele>155.6</ele>
      </trkpt>
      <trkpt lat="29.36424" lon="-97.89756">
        <ele>157.1</ele>
      </trkpt>
      <trkpt lat="29.36395" lon="-97.89701">
        <ele>158.5</ele>
      </trkpt>
      <trkpt lat="29.36388" lon="-97.89688">
        <ele>158.5</ele>
      </trkpt>
      <trkpt lat="29.36376" lon="-97.89664">
        <ele>158.7</ele>
      </trkpt>
      <trkpt lat="29.36373" lon="-97.89658">
        <ele>158.7</ele>
      </trkpt>
      <trkpt lat="29.36364" lon="-97.8964">
        <ele>158.9</ele>
      </trkpt>
      <trkpt lat="29.36359" lon="-97.89631">
        <ele>158.9</ele>
      </trkpt>
      <trkpt lat="29.36357" lon="-97.89625">
        <ele>158.9</ele>
      </trkpt>
      <trkpt lat="29.36355" lon="-97.89618">
        <ele>158.9</ele>
      </trkpt>
      <trkpt lat="29.36354" lon="-97.89614">
        <ele>158.9</ele>
      </trkpt>
      <trkpt lat="29.36354" lon="-97.8961">
        <ele>158.9</ele>
      </trkpt>
      <trkpt lat="29.36354" lon="-97.89607">
        <ele>158.9</ele>
      </trkpt>
      <trkpt lat="29.36354" lon="-97.89604">
        <ele>158.9</ele>
      </trkpt>
      <trkpt lat="29.36355" lon="-97.896">
        <ele>158.9</ele>
      </trkpt>
      <trkpt lat="29.36357" lon="-97.89596">
        <ele>158.9</ele>
      </trkpt>
      <trkpt lat="29.36358" lon="-97.89592">
        <ele>158.9</ele>
      </trkpt>
      <trkpt lat="29.3636" lon="-97.89589">
        <ele>159.0</ele>
      </trkpt>
      <trkpt lat="29.36362" lon="-97.89587">
        <ele>159.0</ele>
      </trkpt>
      <trkpt lat="29.36368" lon="-97.89581">
        <ele>159.0</ele>
      </trkpt>
      <trkpt lat="29.36373" lon="-97.89576">
        <ele>159.0</ele>
      </trkpt>
      <trkpt lat="29.36402" lon="-97.89558">
        <ele>159.3</ele>
      </trkpt>
      <trkpt lat="29.36448" lon="-97.8953">
        <ele>159.1</ele>
      </trkpt>
      <trkpt lat="29.36448" lon="-97.8953">
        <ele>159.1</ele>
      </trkpt>
      <trkpt lat="29.36444" lon="-97.89521">
        <ele>159.2</ele>
      </trkpt>
      <trkpt lat="29.36429" lon="-97.89489">
        <ele>159.4</ele>
      </trkpt>
      <trkpt lat="29.36413" lon="-97.89456">
        <ele>159.8</ele>
      </trkpt>
      <trkpt lat="29.36399" lon="-97.89427">
        <ele>160.3</ele>
      </trkpt>
      <trkpt lat="29.36383" lon="-97.89396">
        <ele>161.0</ele>
      </trkpt>
      <trkpt lat="29.36357" lon="-97.89345">
        <ele>161.9</ele>
      </trkpt>
      <trkpt lat="29.36357" lon="-97.89345">
        <ele>161.9</ele>
      </trkpt>
      <trkpt lat="29.36355" lon="-97.8934">
        <ele>162.0</ele>
      </trkpt>
      <trkpt lat="29.36301" lon="-97.8923">
        <ele>164.4</ele>
      </trkpt>
      <trkpt lat="29.36293" lon="-97.89214">
        <ele>164.6</ele>
      </trkpt>
      <trkpt lat="29.36289" lon="-97.89205">
        <ele>164.7</ele>
      </trkpt>
      <trkpt lat="29.36282" lon="-97.89191">
        <ele>164.7</ele>
      </trkpt>
      <trkpt lat="29.36264" lon="-97.89155">
        <ele>165.6</ele>
      </trkpt>
      <trkpt lat="29.36262" lon="-97.89151">
        <ele>165.5</ele>
      </trkpt>
      <trkpt lat="29.36249" lon="-97.89123">
        <ele>165.2</ele>
      </trkpt>
      <trkpt lat="29.36235" lon="-97.89096">
        <ele>164.4</ele>
      </trkpt>
      <trkpt lat="29.36218" lon="-97.89061">
        <ele>163.5</ele>
      </trkpt>
      <trkpt lat="29.36208" lon="-97.89043">
        <ele>162.9</ele>
      </trkpt>
      <trkpt lat="29.36208" lon="-97.89041">
        <ele>162.9</ele>
      </trkpt>
      <trkpt lat="29.36205" lon="-97.89035">
        <ele>162.7</ele>
      </trkpt>
      <trkpt lat="29.36181" lon="-97.88987">
        <ele>161.4</ele>
      </trkpt>
      <trkpt lat="29.36173" lon="-97.88971">
        <ele>160.7</ele>
      </trkpt>
      <trkpt lat="29.36147" lon="-97.88918">
        <ele>158.2</ele>
      </trkpt>
      <trkpt lat="29.36137" lon="-97.88897">
        <ele>157.4</ele>
      </trkpt>
      <trkpt lat="29.36136" lon="-97.88895">
        <ele>157.3</ele>
      </trkpt>
      <trkpt lat="29.3612" lon="-97.88863">
        <ele>155.9</ele>
      </trkpt>
      <trkpt lat="29.36101" lon="-97.88826">
        <ele>154.9</ele>
      </trkpt>
      <trkpt lat="29.36094" lon="-97.88812">
        <ele>154.7</ele>
      </trkpt>
      <trkpt lat="29.36092" lon="-97.88809">
        <ele>154.7</ele>
      </trkpt>
      <trkpt lat="29.36083" lon="-97.88792">
        <ele>154.4</ele>
      </trkpt>
      <trkpt lat="29.36074" lon="-97.88772">
        <ele>153.7</ele>
      </trkpt>
      <trkpt lat="29.36035" lon="-97.88695">
        <ele>152.4</ele>
      </trkpt>
      <trkpt lat="29.36027" lon="-97.88679">
        <ele>152.4</ele>
      </trkpt>
      <trkpt lat="29.36025" lon="-97.88675">
        <ele>152.4</ele>
      </trkpt>
      <trkpt lat="29.35989" lon="-97.88603">
        <ele>152.0</ele>
      </trkpt>
      <trkpt lat="29.35979" lon="-97.88583">
        <ele>151.6</ele>
      </trkpt>
      <trkpt lat="29.35971" lon="-97.88567">
        <ele>151.4</ele>
      </trkpt>
      <trkpt lat="29.35894" lon="-97.88414">
        <ele>149.3</ele>
      </trkpt>
      <trkpt lat="29.35845" lon="-97.88315">
        <ele>147.4</ele>
      </trkpt>
      <trkpt lat="29.35838" lon="-97.88302">
        <ele>147.2</ele>
      </trkpt>
      <trkpt lat="29.35837" lon="-97.88301">
        <ele>147.2</ele>
      </trkpt>
      <trkpt lat="29.35782" lon="-97.88189">
        <ele>146.5</ele>
      </trkpt>
      <trkpt lat="29.35747" lon="-97.88118">
        <ele>145.7</ele>
      </trkpt>
      <trkpt lat="29.3572" lon="-97.88064">
        <ele>145.9</ele>
      </trkpt>
      <trkpt lat="29.3571" lon="-97.88046">
        <ele>146.2</ele>
      </trkpt>
      <trkpt lat="29.35702" lon="-97.88028">
        <ele>146.4</ele>
      </trkpt>
      <trkpt lat="29.35685" lon="-97.87992">
        <ele>147.4</ele>
      </trkpt>
      <trkpt lat="29.3567" lon="-97.87959">
        <ele>148.2</ele>
      </trkpt>
      <trkpt lat="29.35641" lon="-97.87899">
        <ele>149.9</ele>
      </trkpt>
      <trkpt lat="29.35632" lon="-97.87887">
        <ele>150.0</ele>
      </trkpt>
      <trkpt lat="29.35622" lon="-97.87881">
        <ele>150.1</ele>
      </trkpt>
      <trkpt lat="29.3561" lon="-97.87883">
        <ele>150.0</ele>
      </trkpt>
      <trkpt lat="29.35603" lon="-97.87887">
        <ele>149.8</ele>
      </trkpt>
      <trkpt lat="29.35568" lon="-97.8791">
        <ele>148.7</ele>
      </trkpt>
      <trkpt lat="29.35536" lon="-97.8793">
        <ele>147.7</ele>
      </trkpt>
      <trkpt lat="29.35489" lon="-97.87961">
        <ele>146.2</ele>
      </trkpt>
      <trkpt lat="29.3545" lon="-97.87986">
        <ele>145.0</ele>
      </trkpt>
      <trkpt lat="29.35411" lon="-97.88011">
        <ele>144.0</ele>
      </trkpt>
      <trkpt lat="29.35379" lon="-97.88031">
        <ele>143.6</ele>
      </trkpt>
      <trkpt lat="29.35348" lon="-97.8805">
        <ele>143.8</ele>
      </trkpt>
      <trkpt lat="29.3534" lon="-97.88056">
        <ele>143.9</ele>
      </trkpt>
      <trkpt lat="29.3534" lon="-97.88056">
        <ele>143.9</ele>
      </trkpt>
      <trkpt lat="29.35333" lon="-97.88042">
        <ele>143.5</ele>
      </trkpt>
      <trkpt lat="29.35313" lon="-97.88002">
        <ele>142.9</ele>
      </trkpt>
      <trkpt lat="29.35282" lon="-97.87939">
        <ele>142.7</ele>
      </trkpt>
      <trkpt lat="29.35238" lon="-97.87851">
        <ele>142.0</ele>
      </trkpt>
      <trkpt lat="29.35221" lon="-97.87815">
        <ele>141.5</ele>
      </trkpt>
      <trkpt lat="29.3522" lon="-97.87813">
        <ele>141.5</ele>
      </trkpt>
      <trkpt lat="29.352" lon="-97.87774">
        <ele>140.9</ele>
      </trkpt>
      <trkpt lat="29.35149" lon="-97.87671">
        <ele>138.8</ele>
      </trkpt>
      <trkpt lat="29.35124" lon="-97.87619">
        <ele>137.3</ele>
      </trkpt>
      <trkpt lat="29.35114" lon="-97.87598">
        <ele>137.3</ele>
      </trkpt>
      <trkpt lat="29.35038" lon="-97.87438">
        <ele>137.0</ele>
      </trkpt>
      <trkpt lat="29.35014" lon="-97.87391">
        <ele>137.0</ele>
      </trkpt>
      <trkpt lat="29.35008" lon="-97.8738">
        <ele>137.0</ele>
      </trkpt>
      <trkpt lat="29.3499" lon="-97.87346">
        <ele>137.0</ele>
      </trkpt>
      <trkpt lat="29.34966" lon="-97.873">
        <ele>137.2</ele>
      </trkpt>
      <trkpt lat="29.34963" lon="-97.87293">
        <ele>137.3</ele>
      </trkpt>
      <trkpt lat="29.34962" lon="-97.87291">
        <ele>137.4</ele>
      </trkpt>
      <trkpt lat="29.34959" lon="-97.87284">
        <ele>137.6</ele>
      </trkpt>
      <trkpt lat="29.34926" lon="-97.87222">
        <ele>140.4</ele>
      </trkpt>
      <trkpt lat="29.34907" lon="-97.87185">
        <ele>141.6</ele>
      </trkpt>
      <trkpt lat="29.34888" lon="-97.87149">
        <ele>142.1</ele>
      </trkpt>
      <trkpt lat="29.34879" lon="-97.87132">
        <ele>142.2</ele>
      </trkpt>
      <trkpt lat="29.34875" lon="-97.87124">
        <ele>142.2</ele>
      </trkpt>
      <trkpt lat="29.34866" lon="-97.87106">
        <ele>142.1</ele>
      </trkpt>
      <trkpt lat="29.34847" lon="-97.87069">
        <ele>141.7</ele>
      </trkpt>
      <trkpt lat="29.34839" lon="-97.87053">
        <ele>141.3</ele>
      </trkpt>
      <trkpt lat="29.34831" lon="-97.87036">
        <ele>140.9</ele>
      </trkpt>
      <trkpt lat="29.34821" lon="-97.87017">
        <ele>140.4</ele>
      </trkpt>
      <trkpt lat="29.34812" lon="-97.86999">
        <ele>139.8</ele>
      </trkpt>
      <trkpt lat="29.34794" lon="-97.86964">
        <ele>138.2</ele>
      </trkpt>
      <trkpt lat="29.34773" lon="-97.86924">
        <ele>137.3</ele>
      </trkpt>
      <trkpt lat="29.34766" lon="-97.8691">
        <ele>137.3</ele>
      </trkpt>
      <trkpt lat="29.34757" lon="-97.86892">
        <ele>137.6</ele>
      </trkpt>
      <trkpt lat="29.3474" lon="-97.86858">
        <ele>138.2</ele>
      </trkpt>
      <trkpt lat="29.34721" lon="-97.86821">
        <ele>139.8</ele>
      </trkpt>
      <trkpt lat="29.34721" lon="-97.86821">
        <ele>139.8</ele>
      </trkpt>
      <trkpt lat="29.34762" lon="-97.86795">
        <ele>137.9</ele>
      </trkpt>
      <trkpt lat="29.34783" lon="-97.8678">
        <ele>137.8</ele>
      </trkpt>
      <trkpt lat="29.34789" lon="-97.86776">
        <ele>137.7</ele>
      </trkpt>
      <trkpt lat="29.34835" lon="-97.86745">
        <ele>137.7</ele>
      </trkpt>
      <trkpt lat="29.34849" lon="-97.86737">
        <ele>137.5</ele>
      </trkpt>
      <trkpt lat="29.34851" lon="-97.86735">
        <ele>137.5</ele>
      </trkpt>
      <trkpt lat="29.34861" lon="-97.86728">
        <ele>137.3</ele>
      </trkpt>
      <trkpt lat="29.34913" lon="-97.86693">
        <ele>137.5</ele>
      </trkpt>
      <trkpt lat="29.34921" lon="-97.86687">
        <ele>137.7</ele>
      </trkpt>
      <trkpt lat="29.34923" lon="-97.86686">
        <ele>137.8</ele>
      </trkpt>
      <trkpt lat="29.34929" lon="-97.86682">
        <ele>137.9</ele>
      </trkpt>
      <trkpt lat="29.34976" lon="-97.8665">
        <ele>138.6</ele>
      </trkpt>
      <trkpt lat="29.34991" lon="-97.86641">
        <ele>138.6</ele>
      </trkpt>
      <trkpt lat="29.35001" lon="-97.86635">
        <ele>138.6</ele>
      </trkpt>
      <trkpt lat="29.35023" lon="-97.86621">
        <ele>138.4</ele>
      </trkpt>
      <trkpt lat="29.35037" lon="-97.8661">
        <ele>138.2</ele>
      </trkpt>
      <trkpt lat="29.35075" lon="-97.86585">
        <ele>137.3</ele>
      </trkpt>
      <trkpt lat="29.35097" lon="-97.86571">
        <ele>136.4</ele>
      </trkpt>
      <trkpt lat="29.35175" lon="-97.86519">
        <ele>134.1</ele>
      </trkpt>
      <trkpt lat="29.35222" lon="-97.86488">
        <ele>133.7</ele>
      </trkpt>
      <trkpt lat="29.35235" lon="-97.8648">
        <ele>133.7</ele>
      </trkpt>
      <trkpt lat="29.35253" lon="-97.86467">
        <ele>133.7</ele>
      </trkpt>
      <trkpt lat="29.35286" lon="-97.86445">
        <ele>133.6</ele>
      </trkpt>
      <trkpt lat="29.3529" lon="-97.86442">
        <ele>133.6</ele>
      </trkpt>
      <trkpt lat="29.35306" lon="-97.86431">
        <ele>133.7</ele>
      </trkpt>
      <trkpt lat="29.35334" lon="-97.86413">
        <ele>133.9</ele>
      </trkpt>
      <trkpt lat="29.35377" lon="-97.86383">
        <ele>134.1</ele>
      </trkpt>
      <trkpt lat="29.35394" lon="-97.86372">
        <ele>134.2</ele>
      </trkpt>
      <trkpt lat="29.35452" lon="-97.86335">
        <ele>134.0</ele>
      </trkpt>
      <trkpt lat="29.35474" lon="-97.86322">
        <ele>133.6</ele>
      </trkpt>
      <trkpt lat="29.35568" lon="-97.86262">
        <ele>133.6</ele>
      </trkpt>
      <trkpt lat="29.35573" lon="-97.86259">
        <ele>133.7</ele>
      </trkpt>
      <trkpt lat="29.35614" lon="-97.86233">
        <ele>134.8</ele>
      </trkpt>
      <trkpt lat="29.35724" lon="-97.86163">
        <ele>137.4</ele>
      </trkpt>
      <trkpt lat="29.3574" lon="-97.86153">
        <ele>138.0</ele>
      </trkpt>
      <trkpt lat="29.35851" lon="-97.86082">
        <ele>141.7</ele>
      </trkpt>
      <trkpt lat="29.35883" lon="-97.86063">
        <ele>142.5</ele>
      </trkpt>
      <trkpt lat="29.35892" lon="-97.86057">
        <ele>142.5</ele>
      </trkpt>
      <trkpt lat="29.35909" lon="-97.86047">
        <ele>142.7</ele>
      </trkpt>
      <trkpt lat="29.35915" lon="-97.86043">
        <ele>142.7</ele>
      </trkpt>
      <trkpt lat="29.35941" lon="-97.86027">
        <ele>142.9</ele>
      </trkpt>
      <trkpt lat="29.35962" lon="-97.86014">
        <ele>142.8</ele>
      </trkpt>
      <trkpt lat="29.35978" lon="-97.86004">
        <ele>142.6</ele>
      </trkpt>
      <trkpt lat="29.35988" lon="-97.85997">
        <ele>142.5</ele>
      </trkpt>
      <trkpt lat="29.35994" lon="-97.85994">
        <ele>142.4</ele>
      </trkpt>
      <trkpt lat="29.36017" lon="-97.85979">
        <ele>142.0</ele>
      </trkpt>
      <trkpt lat="29.36038" lon="-97.85966">
        <ele>141.4</ele>
      </trkpt>
      <trkpt lat="29.36041" lon="-97.85964">
        <ele>141.3</ele>
      </trkpt>
      <trkpt lat="29.36052" lon="-97.85957">
        <ele>141.0</ele>
      </trkpt>
      <trkpt lat="29.36072" lon="-97.85944">
        <ele>140.3</ele>
      </trkpt>
      <trkpt lat="29.3612" lon="-97.85915">
        <ele>139.3</ele>
      </trkpt>
      <trkpt lat="29.36133" lon="-97.85907">
        <ele>139.2</ele>
      </trkpt>
      <trkpt lat="29.36137" lon="-97.85905">
        <ele>139.2</ele>
      </trkpt>
      <trkpt lat="29.36142" lon="-97.85901">
        <ele>139.1</ele>
      </trkpt>
      <trkpt lat="29.36147" lon="-97.85896">
        <ele>139.1</ele>
      </trkpt>
      <trkpt lat="29.36143" lon="-97.85886">
        <ele>138.9</ele>
      </trkpt>
      <trkpt lat="29.36093" lon="-97.85817">
        <ele>137.6</ele>
      </trkpt>
      <trkpt lat="29.36069" lon="-97.85785">
        <ele>137.9</ele>
      </trkpt>
      <trkpt lat="29.36058" lon="-97.8577">
        <ele>138.1</ele>
      </trkpt>
      <trkpt lat="29.36012" lon="-97.85705">
        <ele>139.5</ele>
      </trkpt>
      <trkpt lat="29.36001" lon="-97.8569">
        <ele>139.9</ele>
      </trkpt>
      <trkpt lat="29.3599" lon="-97.85673">
        <ele>140.6</ele>
      </trkpt>
      <trkpt lat="29.35979" lon="-97.85657">
        <ele>141.8</ele>
      </trkpt>
      <trkpt lat="29.35969" lon="-97.85642">
        <ele>142.5</ele>
      </trkpt>
      <trkpt lat="29.35968" lon="-97.85641">
        <ele>142.5</ele>
      </trkpt>
      <trkpt lat="29.35956" lon="-97.85625">
        <ele>142.6</ele>
      </trkpt>
      <trkpt lat="29.3594" lon="-97.85603">
        <ele>142.4</ele>
      </trkpt>
      <trkpt lat="29.3593" lon="-97.85588">
        <ele>141.9</ele>
      </trkpt>
      <trkpt lat="29.35918" lon="-97.85571">
        <ele>141.3</ele>
      </trkpt>
      <trkpt lat="29.35884" lon="-97.85522">
        <ele>140.2</ele>
      </trkpt>
      <trkpt lat="29.3588" lon="-97.85517">
        <ele>140.1</ele>
      </trkpt>
      <trkpt lat="29.35859" lon="-97.85488">
        <ele>140.1</ele>
      </trkpt>
      <trkpt lat="29.35823" lon="-97.85436">
        <ele>140.3</ele>
      </trkpt>
      <trkpt lat="29.35821" lon="-97.85432">
        <ele>140.3</ele>
      </trkpt>
      <trkpt lat="29.35801" lon="-97.85404">
        <ele>140.7</ele>
      </trkpt>
      <trkpt lat="29.3579" lon="-97.85388">
        <ele>140.8</ele>
      </trkpt>
      <trkpt lat="29.35778" lon="-97.85372">
        <ele>140.8</ele>
      </trkpt>
      <trkpt lat="29.35733" lon="-97.85307">
        <ele>139.1</ele>
      </trkpt>
      <trkpt lat="29.35733" lon="-97.85307">
        <ele>139.1</ele>
      </trkpt>
      <trkpt lat="29.35722" lon="-97.85292">
        <ele>138.5</ele>
      </trkpt>
      <trkpt lat="29.35684" lon="-97.85239">
        <ele>136.3</ele>
      </trkpt>
      <trkpt lat="29.35671" lon="-97.8522">
        <ele>135.3</ele>
      </trkpt>
      <trkpt lat="29.35649" lon="-97.85188">
        <ele>133.9</ele>
      </trkpt>
      <trkpt lat="29.35615" lon="-97.8514">
        <ele>133.6</ele>
      </trkpt>
      <trkpt lat="29.35576" lon="-97.85084">
        <ele>134.1</ele>
      </trkpt>
      <trkpt lat="29.35535" lon="-97.85025">
        <ele>135.3</ele>
      </trkpt>
      <trkpt lat="29.35529" lon="-97.85016">
        <ele>135.3</ele>
      </trkpt>
      <trkpt lat="29.35512" lon="-97.84992">
        <ele>135.4</ele>
      </trkpt>
      <trkpt lat="29.35439" lon="-97.84884">
        <ele>132.7</ele>
      </trkpt>
      <trkpt lat="29.35435" lon="-97.84878">
        <ele>132.4</ele>
      </trkpt>
      <trkpt lat="29.35424" lon="-97.84862">
        <ele>131.6</ele>
      </trkpt>
      <trkpt lat="29.35386" lon="-97.84806">
        <ele>130.2</ele>
      </trkpt>
      <trkpt lat="29.35371" lon="-97.84784">
        <ele>129.7</ele>
      </trkpt>
      <trkpt lat="29.35347" lon="-97.84756">
        <ele>129.3</ele>
      </trkpt>
      <trkpt lat="29.35343" lon="-97.84751">
        <ele>129.3</ele>
      </trkpt>
      <trkpt lat="29.35326" lon="-97.84733">
        <ele>129.1</ele>
      </trkpt>
      <trkpt lat="29.35317" lon="-97.84722">
        <ele>129.0</ele>
      </trkpt>
      <trkpt lat="29.35315" lon="-97.84719">
        <ele>129.1</ele>
      </trkpt>
      <trkpt lat="29.3531" lon="-97.84712">
        <ele>129.1</ele>
      </trkpt>
      <trkpt lat="29.35307" lon="-97.84706">
        <ele>129.1</ele>
      </trkpt>
      <trkpt lat="29.35302" lon="-97.84697">
        <ele>129.1</ele>
      </trkpt>
      <trkpt lat="29.35298" lon="-97.84688">
        <ele>129.1</ele>
      </trkpt>
      <trkpt lat="29.35295" lon="-97.8468">
        <ele>129.0</ele>
      </trkpt>
      <trkpt lat="29.3529" lon="-97.8467">
        <ele>129.0</ele>
      </trkpt>
      <trkpt lat="29.3529" lon="-97.84669">
        <ele>129.0</ele>
      </trkpt>
      <trkpt lat="29.35278" lon="-97.8465">
        <ele>129.2</ele>
      </trkpt>
      <trkpt lat="29.35258" lon="-97.84619">
        <ele>129.8</ele>
      </trkpt>
      <trkpt lat="29.3525" lon="-97.84607">
        <ele>130.0</ele>
      </trkpt>
      <trkpt lat="29.35247" lon="-97.84603">
        <ele>130.1</ele>
      </trkpt>
      <trkpt lat="29.35236" lon="-97.84587">
        <ele>130.3</ele>
      </trkpt>
      <trkpt lat="29.35202" lon="-97.84538">
        <ele>131.1</ele>
      </trkpt>
      <trkpt lat="29.35191" lon="-97.84522">
        <ele>131.3</ele>
      </trkpt>
      <trkpt lat="29.3518" lon="-97.84506">
        <ele>131.6</ele>
      </trkpt>
      <trkpt lat="29.35124" lon="-97.84426">
        <ele>131.7</ele>
      </trkpt>
      <trkpt lat="29.3509" lon="-97.84378">
        <ele>131.4</ele>
      </trkpt>
      <trkpt lat="29.35045" lon="-97.84313">
        <ele>131.5</ele>
      </trkpt>
      <trkpt lat="29.35023" lon="-97.8428">
        <ele>131.5</ele>
      </trkpt>
      <trkpt lat="29.35011" lon="-97.84264">
        <ele>131.6</ele>
      </trkpt>
      <trkpt lat="29.34978" lon="-97.84216">
        <ele>131.3</ele>
      </trkpt>
      <trkpt lat="29.34941" lon="-97.84162">
        <ele>130.1</ele>
      </trkpt>
      <trkpt lat="29.34934" lon="-97.84151">
        <ele>129.9</ele>
      </trkpt>
      <trkpt lat="29.34919" lon="-97.8413">
        <ele>129.9</ele>
      </trkpt>
      <trkpt lat="29.349" lon="-97.84102">
        <ele>130.2</ele>
      </trkpt>
      <trkpt lat="29.34875" lon="-97.84065">
        <ele>130.6</ele>
      </trkpt>
      <trkpt lat="29.34855" lon="-97.84037">
        <ele>130.9</ele>
      </trkpt>
      <trkpt lat="29.34822" lon="-97.83989">
        <ele>131.5</ele>
      </trkpt>
      <trkpt lat="29.34802" lon="-97.83959">
        <ele>131.9</ele>
      </trkpt>
      <trkpt lat="29.34735" lon="-97.83862">
        <ele>131.5</ele>
      </trkpt>
      <trkpt lat="29.34724" lon="-97.83846">
        <ele>131.6</ele>
      </trkpt>
      <trkpt lat="29.34699" lon="-97.83811">
        <ele>131.9</ele>
      </trkpt>
      <trkpt lat="29.34668" lon="-97.83765">
        <ele>132.4</ele>
      </trkpt>
      <trkpt lat="29.34657" lon="-97.83749">
        <ele>132.8</ele>
      </trkpt>
      <trkpt lat="29.34644" lon="-97.8373">
        <ele>133.4</ele>
      </trkpt>
      <trkpt lat="29.34623" lon="-97.837">
        <ele>134.2</ele>
      </trkpt>
      <trkpt lat="29.34601" lon="-97.83668">
        <ele>135.2</ele>
      </trkpt>
      <trkpt lat="29.34579" lon="-97.83635">
        <ele>136.7</ele>
      </trkpt>
      <trkpt lat="29.34566" lon="-97.83617">
        <ele>137.3</ele>
      </trkpt>
      <trkpt lat="29.34554" lon="-97.836">
        <ele>138.1</ele>
      </trkpt>
      <trkpt lat="29.34544" lon="-97.83585">
        <ele>139.3</ele>
      </trkpt>
      <trkpt lat="29.34533" lon="-97.83569">
        <ele>140.3</ele>
      </trkpt>
      <trkpt lat="29.34532" lon="-97.83568">
        <ele>140.4</ele>
      </trkpt>
      <trkpt lat="29.34522" lon="-97.83552">
        <ele>141.5</ele>
      </trkpt>
      <trkpt lat="29.3451" lon="-97.83535">
        <ele>142.9</ele>
      </trkpt>
      <trkpt lat="29.34488" lon="-97.83504">
        <ele>141.4</ele>
      </trkpt>
      <trkpt lat="29.34466" lon="-97.83471">
        <ele>138.8</ele>
      </trkpt>
      <trkpt lat="29.34454" lon="-97.83454">
        <ele>137.6</ele>
      </trkpt>
      <trkpt lat="29.34443" lon="-97.83439">
        <ele>137.0</ele>
      </trkpt>
      <trkpt lat="29.34439" lon="-97.83433">
        <ele>136.8</ele>
      </trkpt>
      <trkpt lat="29.34432" lon="-97.83423">
        <ele>136.6</ele>
      </trkpt>
      <trkpt lat="29.34421" lon="-97.83406">
        <ele>136.2</ele>
      </trkpt>
      <trkpt lat="29.34399" lon="-97.83373">
        <ele>135.7</ele>
      </trkpt>
      <trkpt lat="29.34389" lon="-97.83357">
        <ele>135.7</ele>
      </trkpt>
      <trkpt lat="29.34323" lon="-97.83259">
        <ele>135.5</ele>
      </trkpt>
      <trkpt lat="29.34311" lon="-97.83242">
        <ele>135.5</ele>
      </trkpt>
      <trkpt lat="29.34257" lon="-97.83161">
        <ele>134.4</ele>
      </trkpt>
      <trkpt lat="29.34246" lon="-97.83144">
        <ele>134.1</ele>
      </trkpt>
      <trkpt lat="29.34224" lon="-97.83112">
        <ele>131.9</ele>
      </trkpt>
      <trkpt lat="29.34224" lon="-97.83111">
        <ele>131.9</ele>
      </trkpt>
      <trkpt lat="29.34202" lon="-97.83079">
        <ele>130.8</ele>
      </trkpt>
      <trkpt lat="29.34202" lon="-97.83078">
        <ele>130.8</ele>
      </trkpt>
      <trkpt lat="29.34162" lon="-97.83019">
        <ele>132.4</ele>
      </trkpt>
      <trkpt lat="29.34156" lon="-97.8301">
        <ele>132.8</ele>
      </trkpt>
      <trkpt lat="29.34151" lon="-97.83002">
        <ele>133.2</ele>
      </trkpt>
      <trkpt lat="29.34139" lon="-97.82986">
        <ele>133.7</ele>
      </trkpt>
      <trkpt lat="29.34105" lon="-97.82938">
        <ele>132.8</ele>
      </trkpt>
      <trkpt lat="29.34083" lon="-97.82906">
        <ele>130.9</ele>
      </trkpt>
      <trkpt lat="29.34072" lon="-97.8289">
        <ele>130.5</ele>
      </trkpt>
      <trkpt lat="29.3406" lon="-97.82874">
        <ele>130.0</ele>
      </trkpt>
      <trkpt lat="29.34053" lon="-97.82863">
        <ele>129.7</ele>
      </trkpt>
      <trkpt lat="29.34049" lon="-97.82858">
        <ele>129.5</ele>
      </trkpt>
      <trkpt lat="29.34038" lon="-97.82841">
        <ele>129.1</ele>
      </trkpt>
      <trkpt lat="29.34005" lon="-97.82793">
        <ele>129.5</ele>
      </trkpt>
      <trkpt lat="29.33994" lon="-97.82777">
        <ele>129.7</ele>
      </trkpt>
      <trkpt lat="29.33982" lon="-97.8276">
        <ele>130.2</ele>
      </trkpt>
      <trkpt lat="29.33979" lon="-97.82755">
        <ele>130.3</ele>
      </trkpt>
      <trkpt lat="29.33971" lon="-97.82744">
        <ele>130.6</ele>
      </trkpt>
      <trkpt lat="29.3396" lon="-97.82728">
        <ele>131.1</ele>
      </trkpt>
      <trkpt lat="29.33938" lon="-97.82694">
        <ele>133.3</ele>
      </trkpt>
      <trkpt lat="29.33927" lon="-97.82679">
        <ele>134.2</ele>
      </trkpt>
      <trkpt lat="29.33916" lon="-97.82663">
        <ele>134.7</ele>
      </trkpt>
      <trkpt lat="29.33905" lon="-97.82647">
        <ele>135.4</ele>
      </trkpt>
      <trkpt lat="29.33888" lon="-97.82623">
        <ele>136.4</ele>
      </trkpt>
      <trkpt lat="29.33882" lon="-97.82612">
        <ele>136.7</ele>
      </trkpt>
      <trkpt lat="29.33872" lon="-97.82595">
        <ele>137.0</ele>
      </trkpt>
      <trkpt lat="29.33866" lon="-97.82585">
        <ele>137.1</ele>
      </trkpt>
      <trkpt lat="29.33861" lon="-97.82578">
        <ele>137.1</ele>
      </trkpt>
      <trkpt lat="29.33846" lon="-97.82557">
        <ele>137.0</ele>
      </trkpt>
      <trkpt lat="29.33827" lon="-97.82531">
        <ele>136.4</ele>
      </trkpt>
      <trkpt lat="29.33803" lon="-97.82499">
        <ele>135.1</ele>
      </trkpt>
      <trkpt lat="29.33797" lon="-97.82492">
        <ele>134.7</ele>
      </trkpt>
      <trkpt lat="29.33791" lon="-97.82484">
        <ele>134.4</ele>
      </trkpt>
      <trkpt lat="29.33788" lon="-97.8248">
        <ele>134.3</ele>
      </trkpt>
      <trkpt lat="29.33788" lon="-97.8248">
        <ele>134.3</ele>
      </trkpt>
      <trkpt lat="29.33744" lon="-97.82425">
        <ele>131.4</ele>
      </trkpt>
      <trkpt lat="29.33743" lon="-97.82423">
        <ele>131.3</ele>
      </trkpt>
      <trkpt lat="29.33731" lon="-97.82407">
        <ele>131.2</ele>
      </trkpt>
      <trkpt lat="29.33672" lon="-97.8233">
        <ele>132.3</ele>
      </trkpt>
      <trkpt lat="29.3366" lon="-97.82314">
        <ele>132.8</ele>
      </trkpt>
      <trkpt lat="29.33653" lon="-97.82306">
        <ele>133.1</ele>
      </trkpt>
      <trkpt lat="29.33636" lon="-97.82283">
        <ele>133.8</ele>
      </trkpt>
      <trkpt lat="29.33624" lon="-97.82267">
        <ele>134.5</ele>
      </trkpt>
      <trkpt lat="29.33621" lon="-97.82263">
        <ele>134.8</ele>
      </trkpt>
      <trkpt lat="29.33603" lon="-97.82237">
        <ele>136.6</ele>
      </trkpt>
      <trkpt lat="29.33603" lon="-97.82237">
        <ele>136.6</ele>
      </trkpt>
      <trkpt lat="29.33612" lon="-97.82221">
        <ele>137.6</ele>
      </trkpt>
      <trkpt lat="29.33613" lon="-97.82219">
        <ele>137.7</ele>
      </trkpt>
      <trkpt lat="29.33616" lon="-97.82213">
        <ele>138.1</ele>
      </trkpt>
      <trkpt lat="29.3362" lon="-97.82202">
        <ele>139.0</ele>
      </trkpt>
      <trkpt lat="29.33635" lon="-97.82165">
        <ele>141.4</ele>
      </trkpt>
      <trkpt lat="29.33644" lon="-97.82144">
        <ele>142.8</ele>
      </trkpt>
      <trkpt lat="29.33648" lon="-97.82136">
        <ele>143.2</ele>
      </trkpt>
      <trkpt lat="29.33652" lon="-97.82128">
        <ele>143.4</ele>
      </trkpt>
      <trkpt lat="29.33656" lon="-97.82122">
        <ele>143.5</ele>
      </trkpt>
      <trkpt lat="29.3366" lon="-97.82117">
        <ele>143.6</ele>
      </trkpt>
      <trkpt lat="29.33664" lon="-97.82113">
        <ele>143.7</ele>
      </trkpt>
      <trkpt lat="29.33671" lon="-97.82106">
        <ele>143.7</ele>
      </trkpt>
      <trkpt lat="29.33678" lon="-97.821">
        <ele>143.7</ele>
      </trkpt>
      <trkpt lat="29.33691" lon="-97.82088">
        <ele>143.7</ele>
      </trkpt>
      <trkpt lat="29.33692" lon="-97.82087">
        <ele>143.7</ele>
      </trkpt>
      <trkpt lat="29.33706" lon="-97.82075">
        <ele>143.5</ele>
      </trkpt>
      <trkpt lat="29.33723" lon="-97.82061">
        <ele>142.8</ele>
      </trkpt>
      <trkpt lat="29.33763" lon="-97.82024">
        <ele>142.0</ele>
      </trkpt>
      <trkpt lat="29.33779" lon="-97.8201">
        <ele>142.0</ele>
      </trkpt>
      <trkpt lat="29.3382" lon="-97.81973">
        <ele>142.2</ele>
      </trkpt>
      <trkpt lat="29.33862" lon="-97.81934">
        <ele>142.9</ele>
      </trkpt>
      <trkpt lat="29.33871" lon="-97.81925">
        <ele>143.2</ele>
      </trkpt>
      <trkpt lat="29.33876" lon="-97.81921">
        <ele>143.3</ele>
      </trkpt>
      <trkpt lat="29.33932" lon="-97.8187">
        <ele>143.9</ele>
      </trkpt>
      <trkpt lat="29.33946" lon="-97.81857">
        <ele>143.8</ele>
      </trkpt>
      <trkpt lat="29.33961" lon="-97.81845">
        <ele>143.8</ele>
      </trkpt>
      <trkpt lat="29.34003" lon="-97.81807">
        <ele>143.6</ele>
      </trkpt>
      <trkpt lat="29.34074" lon="-97.81743">
        <ele>141.5</ele>
      </trkpt>
      <trkpt lat="29.34116" lon="-97.81704">
        <ele>140.3</ele>
      </trkpt>
      <trkpt lat="29.34157" lon="-97.81665">
        <ele>139.3</ele>
      </trkpt>
      <trkpt lat="29.34158" lon="-97.81665">
        <ele>139.3</ele>
      </trkpt>
      <trkpt lat="29.34185" lon="-97.81639">
        <ele>138.9</ele>
      </trkpt>
      <trkpt lat="29.34213" lon="-97.81612">
        <ele>138.6</ele>
      </trkpt>
      <trkpt lat="29.34241" lon="-97.81586">
        <ele>138.4</ele>
      </trkpt>
      <trkpt lat="29.34247" lon="-97.8158">
        <ele>138.4</ele>
      </trkpt>
      <trkpt lat="29.34255" lon="-97.81573">
        <ele>138.4</ele>
      </trkpt>
      <trkpt lat="29.34269" lon="-97.81561">
        <ele>138.5</ele>
      </trkpt>
      <trkpt lat="29.34326" lon="-97.81509">
        <ele>140.0</ele>
      </trkpt>
      <trkpt lat="29.34375" lon="-97.81465">
        <ele>140.8</ele>
      </trkpt>
      <trkpt lat="29.34389" lon="-97.81452">
        <ele>141.0</ele>
      </trkpt>
      <trkpt lat="29.34393" lon="-97.81448">
        <ele>141.1</ele>
      </trkpt>
      <trkpt lat="29.34474" lon="-97.81376">
        <ele>143.5</ele>
      </trkpt>
      <trkpt lat="29.34488" lon="-97.81363">
        <ele>143.6</ele>
      </trkpt>
      <trkpt lat="29.34516" lon="-97.81337">
        <ele>143.5</ele>
      </trkpt>
      <trkpt lat="29.34533" lon="-97.81322">
        <ele>143.3</ele>
      </trkpt>
      <trkpt lat="29.34583" lon="-97.81278">
        <ele>142.1</ele>
      </trkpt>
      <trkpt lat="29.34596" lon="-97.81267">
        <ele>141.6</ele>
      </trkpt>
      <trkpt lat="29.34601" lon="-97.81261">
        <ele>141.4</ele>
      </trkpt>
      <trkpt lat="29.34615" lon="-97.81248">
        <ele>141.2</ele>
      </trkpt>
      <trkpt lat="29.34628" lon="-97.81234">
        <ele>140.9</ele>
      </trkpt>
      <trkpt lat="29.34631" lon="-97.81232">
        <ele>140.9</ele>
      </trkpt>
      <trkpt lat="29.34653" lon="-97.81208">
        <ele>140.5</ele>
      </trkpt>
      <trkpt lat="29.34655" lon="-97.81206">
        <ele>140.5</ele>
      </trkpt>
      <trkpt lat="29.34677" lon="-97.81184">
        <ele>140.1</ele>
      </trkpt>
      <trkpt lat="29.34702" lon="-97.81161">
        <ele>139.7</ele>
      </trkpt>
      <trkpt lat="29.34711" lon="-97.81154">
        <ele>139.6</ele>
      </trkpt>
      <trkpt lat="29.3474" lon="-97.8113">
        <ele>139.4</ele>
      </trkpt>
      <trkpt lat="29.34784" lon="-97.81093">
        <ele>139.8</ele>
      </trkpt>
      <trkpt lat="29.34869" lon="-97.81018">
        <ele>141.0</ele>
      </trkpt>
      <trkpt lat="29.34894" lon="-97.80998">
        <ele>141.8</ele>
      </trkpt>
      <trkpt lat="29.34919" lon="-97.80979">
        <ele>142.7</ele>
      </trkpt>
      <trkpt lat="29.34929" lon="-97.80973">
        <ele>142.9</ele>
      </trkpt>
      <trkpt lat="29.34933" lon="-97.8097">
        <ele>142.9</ele>
      </trkpt>
      <trkpt lat="29.34947" lon="-97.80962">
        <ele>143.1</ele>
      </trkpt>
      <trkpt lat="29.34961" lon="-97.80955">
        <ele>143.3</ele>
      </trkpt>
      <trkpt lat="29.34994" lon="-97.80938">
        <ele>143.6</ele>
      </trkpt>
      <trkpt lat="29.35023" lon="-97.80923">
        <ele>144.0</ele>
      </trkpt>
      <trkpt lat="29.35044" lon="-97.80913">
        <ele>144.3</ele>
      </trkpt>
      <trkpt lat="29.3514" lon="-97.80866">
        <ele>145.8</ele>
      </trkpt>
      <trkpt lat="29.35143" lon="-97.80865">
        <ele>145.9</ele>
      </trkpt>
      <trkpt lat="29.35156" lon="-97.80858">
        <ele>145.9</ele>
      </trkpt>
      <trkpt lat="29.35171" lon="-97.8085">
        <ele>146.0</ele>
      </trkpt>
      <trkpt lat="29.35175" lon="-97.80847">
        <ele>146.0</ele>
      </trkpt>
      <trkpt lat="29.35186" lon="-97.8084">
        <ele>146.0</ele>
      </trkpt>
      <trkpt lat="29.35191" lon="-97.80836">
        <ele>146.0</ele>
      </trkpt>
      <trkpt lat="29.35201" lon="-97.80829">
        <ele>146.0</ele>
      </trkpt>
      <trkpt lat="29.35236" lon="-97.80802">
        <ele>146.0</ele>
      </trkpt>
      <trkpt lat="29.35265" lon="-97.80779">
        <ele>145.9</ele>
      </trkpt>
      <trkpt lat="29.35277" lon="-97.80769">
        <ele>145.8</ele>
      </trkpt>
      <trkpt lat="29.3531" lon="-97.80744">
        <ele>145.6</ele>
      </trkpt>
      <trkpt lat="29.3538" lon="-97.80692">
        <ele>145.1</ele>
      </trkpt>
      <trkpt lat="29.35392" lon="-97.80682">
        <ele>145.1</ele>
      </trkpt>
      <trkpt lat="29.354" lon="-97.80676">
        <ele>145.1</ele>
      </trkpt>
      <trkpt lat="29.35405" lon="-97.80672">
        <ele>145.1</ele>
      </trkpt>
      <trkpt lat="29.35416" lon="-97.80661">
        <ele>145.2</ele>
      </trkpt>
      <trkpt lat="29.35427" lon="-97.8065">
        <ele>145.2</ele>
      </trkpt>
      <trkpt lat="29.35437" lon="-97.80638">
        <ele>145.3</ele>
      </trkpt>
      <trkpt lat="29.35456" lon="-97.80615">
        <ele>145.7</ele>
      </trkpt>
      <trkpt lat="29.35464" lon="-97.80604">
        <ele>145.9</ele>
      </trkpt>
      <trkpt lat="29.35475" lon="-97.8059">
        <ele>146.0</ele>
      </trkpt>
      <trkpt lat="29.35476" lon="-97.80588">
        <ele>146.0</ele>
      </trkpt>
      <trkpt lat="29.35484" lon="-97.80576">
        <ele>146.1</ele>
      </trkpt>
      <trkpt lat="29.35486" lon="-97.80571">
        <ele>146.1</ele>
      </trkpt>
      <trkpt lat="29.35506" lon="-97.80537">
        <ele>146.4</ele>
      </trkpt>
      <trkpt lat="29.35526" lon="-97.80503">
        <ele>147.5</ele>
      </trkpt>
      <trkpt lat="29.35536" lon="-97.80486">
        <ele>148.0</ele>
      </trkpt>
      <trkpt lat="29.35541" lon="-97.80477">
        <ele>148.3</ele>
      </trkpt>
      <trkpt lat="29.35553" lon="-97.80455">
        <ele>148.7</ele>
      </trkpt>
      <trkpt lat="29.35555" lon="-97.80451">
        <ele>148.7</ele>
      </trkpt>
      <trkpt lat="29.35558" lon="-97.80446">
        <ele>148.7</ele>
      </trkpt>
      <trkpt lat="29.35561" lon="-97.80436">
        <ele>148.7</ele>
      </trkpt>
      <trkpt lat="29.35566" lon="-97.80419">
        <ele>148.5</ele>
      </trkpt>
      <trkpt lat="29.35573" lon="-97.80386">
        <ele>148.0</ele>
      </trkpt>
      <trkpt lat="29.35576" lon="-97.80374">
        <ele>147.7</ele>
      </trkpt>
      <trkpt lat="29.35576" lon="-97.80369">
        <ele>147.7</ele>
      </trkpt>
      <trkpt lat="29.35579" lon="-97.8035">
        <ele>147.4</ele>
      </trkpt>
      <trkpt lat="29.3558" lon="-97.80339">
        <ele>147.3</ele>
      </trkpt>
      <trkpt lat="29.3558" lon="-97.80328">
        <ele>147.2</ele>
      </trkpt>
      <trkpt lat="29.35579" lon="-97.80316">
        <ele>147.1</ele>
      </trkpt>
      <trkpt lat="29.35578" lon="-97.80304">
        <ele>147.0</ele>
      </trkpt>
      <trkpt lat="29.35576" lon="-97.80293">
        <ele>146.9</ele>
      </trkpt>
      <trkpt lat="29.35574" lon="-97.80279">
        <ele>146.7</ele>
      </trkpt>
      <trkpt lat="29.35568" lon="-97.80254">
        <ele>146.3</ele>
      </trkpt>
      <trkpt lat="29.35562" lon="-97.80229">
        <ele>145.4</ele>
      </trkpt>
      <trkpt lat="29.35556" lon="-97.80203">
        <ele>144.4</ele>
      </trkpt>
      <trkpt lat="29.35556" lon="-97.80201">
        <ele>144.3</ele>
      </trkpt>
      <trkpt lat="29.35554" lon="-97.80193">
        <ele>144.0</ele>
      </trkpt>
      <trkpt lat="29.3554" lon="-97.80132">
        <ele>142.2</ele>
      </trkpt>
      <trkpt lat="29.35537" lon="-97.80121">
        <ele>141.9</ele>
      </trkpt>
      <trkpt lat="29.35537" lon="-97.80119">
        <ele>141.8</ele>
      </trkpt>
      <trkpt lat="29.35537" lon="-97.80116">
        <ele>141.7</ele>
      </trkpt>
      <trkpt lat="29.35537" lon="-97.80112">
        <ele>141.6</ele>
      </trkpt>
      <trkpt lat="29.35537" lon="-97.80105">
        <ele>141.4</ele>
      </trkpt>
      <trkpt lat="29.35539" lon="-97.80092">
        <ele>141.1</ele>
      </trkpt>
      <trkpt lat="29.35539" lon="-97.80092">
        <ele>141.1</ele>
      </trkpt>
      <trkpt lat="29.35525" lon="-97.80084">
        <ele>140.9</ele>
      </trkpt>
      <trkpt lat="29.35525" lon="-97.80084">
        <ele>140.9</ele>
      </trkpt>
      <trkpt lat="29.35525" lon="-97.80077">
        <ele>140.7</ele>
      </trkpt>
      <trkpt lat="29.35525" lon="-97.80071">
        <ele>140.6</ele>
      </trkpt>
      <trkpt lat="29.35525" lon="-97.8007">
        <ele>140.6</ele>
      </trkpt>
      <trkpt lat="29.35524" lon="-97.80066">
        <ele>140.5</ele>
      </trkpt>
      <trkpt lat="29.35524" lon="-97.80065">
        <ele>140.4</ele>
      </trkpt>
      <trkpt lat="29.35523" lon="-97.80061">
        <ele>140.4</ele>
      </trkpt>
      <trkpt lat="29.3552" lon="-97.80052">
        <ele>140.3</ele>
      </trkpt>
      <trkpt lat="29.35517" lon="-97.80045">
        <ele>140.4</ele>
      </trkpt>
      <trkpt lat="29.35515" lon="-97.80039">
        <ele>140.5</ele>
      </trkpt>
      <trkpt lat="29.3551" lon="-97.80026">
        <ele>140.8</ele>
      </trkpt>
      <trkpt lat="29.35505" lon="-97.80013">
        <ele>141.2</ele>
      </trkpt>
      <trkpt lat="29.35503" lon="-97.80008">
        <ele>141.4</ele>
      </trkpt>
      <trkpt lat="29.35503" lon="-97.80007">
        <ele>141.4</ele>
      </trkpt>
      <trkpt lat="29.35492" lon="-97.79979">
        <ele>142.5</ele>
      </trkpt>
      <trkpt lat="29.35487" lon="-97.79961">
        <ele>143.2</ele>
      </trkpt>
      <trkpt lat="29.35484" lon="-97.79952">
        <ele>143.5</ele>
      </trkpt>
      <trkpt lat="29.35483" lon="-97.79943">
        <ele>143.8</ele>
      </trkpt>
      <trkpt lat="29.35482" lon="-97.79934">
        <ele>144.0</ele>
      </trkpt>
      <trkpt lat="29.35482" lon="-97.7993">
        <ele>144.1</ele>
      </trkpt>
      <trkpt lat="29.35482" lon="-97.79929">
        <ele>144.1</ele>
      </trkpt>
      <trkpt lat="29.35482" lon="-97.79914">
        <ele>144.4</ele>
      </trkpt>
      <trkpt lat="29.35482" lon="-97.79913">
        <ele>144.4</ele>
      </trkpt>
      <trkpt lat="29.35483" lon="-97.79891">
        <ele>144.6</ele>
      </trkpt>
      <trkpt lat="29.35483" lon="-97.79888">
        <ele>144.7</ele>
      </trkpt>
      <trkpt lat="29.35483" lon="-97.79887">
        <ele>144.7</ele>
      </trkpt>
      <trkpt lat="29.35484" lon="-97.79873">
        <ele>144.7</ele>
      </trkpt>
      <trkpt lat="29.35485" lon="-97.79867">
        <ele>144.7</ele>
      </trkpt>
      <trkpt lat="29.35486" lon="-97.79838">
        <ele>144.6</ele>
      </trkpt>
      <trkpt lat="29.35489" lon="-97.79801">
        <ele>144.2</ele>
      </trkpt>
      <trkpt lat="29.35491" lon="-97.79786">
        <ele>143.9</ele>
      </trkpt>
      <trkpt lat="29.35491" lon="-97.79785">
        <ele>143.9</ele>
      </trkpt>
      <trkpt lat="29.35492" lon="-97.79776">
        <ele>143.7</ele>
      </trkpt>
      <trkpt lat="29.35494" lon="-97.79769">
        <ele>143.5</ele>
      </trkpt>
      <trkpt lat="29.35501" lon="-97.79747">
        <ele>142.8</ele>
      </trkpt>
      <trkpt lat="29.35501" lon="-97.79746">
        <ele>142.8</ele>
      </trkpt>
      <trkpt lat="29.35501" lon="-97.79745">
        <ele>142.7</ele>
      </trkpt>
      <trkpt lat="29.35506" lon="-97.79732">
        <ele>142.1</ele>
      </trkpt>
      <trkpt lat="29.3551" lon="-97.7972">
        <ele>141.4</ele>
      </trkpt>
      <trkpt lat="29.35518" lon="-97.79699">
        <ele>140.5</ele>
      </trkpt>
      <trkpt lat="29.35529" lon="-97.79665">
        <ele>139.4</ele>
      </trkpt>
      <trkpt lat="29.35534" lon="-97.79649">
        <ele>138.9</ele>
      </trkpt>
      <trkpt lat="29.35536" lon="-97.79643">
        <ele>138.7</ele>
      </trkpt>
      <trkpt lat="29.35538" lon="-97.79636">
        <ele>138.5</ele>
      </trkpt>
      <trkpt lat="29.3554" lon="-97.79631">
        <ele>138.3</ele>
      </trkpt>
      <trkpt lat="29.3554" lon="-97.7963">
        <ele>138.3</ele>
      </trkpt>
      <trkpt lat="29.35545" lon="-97.79615">
        <ele>137.9</ele>
      </trkpt>
      <trkpt lat="29.35548" lon="-97.79602">
        <ele>137.7</ele>
      </trkpt>
      <trkpt lat="29.35551" lon="-97.7959">
        <ele>137.5</ele>
      </trkpt>
      <trkpt lat="29.35551" lon="-97.79587">
        <ele>137.4</ele>
      </trkpt>
      <trkpt lat="29.35554" lon="-97.79576">
        <ele>137.3</ele>
      </trkpt>
      <trkpt lat="29.35555" lon="-97.7957">
        <ele>137.2</ele>
      </trkpt>
      <trkpt lat="29.35556" lon="-97.79559">
        <ele>137.1</ele>
      </trkpt>
      <trkpt lat="29.35557" lon="-97.7955">
        <ele>137.1</ele>
      </trkpt>
      <trkpt lat="29.35558" lon="-97.79545">
        <ele>137.0</ele>
      </trkpt>
      <trkpt lat="29.35559" lon="-97.79536">
        <ele>137.0</ele>
      </trkpt>
      <trkpt lat="29.35559" lon="-97.79533">
        <ele>137.0</ele>
      </trkpt>
      <trkpt lat="29.3556" lon="-97.7953">
        <ele>136.9</ele>
      </trkpt>
      <trkpt lat="29.35561" lon="-97.79525">
        <ele>136.9</ele>
      </trkpt>
      <trkpt lat="29.35562" lon="-97.79519">
        <ele>136.8</ele>
      </trkpt>
      <trkpt lat="29.35565" lon="-97.79512">
        <ele>136.7</ele>
      </trkpt>
      <trkpt lat="29.35572" lon="-97.79498">
        <ele>136.7</ele>
      </trkpt>
      <trkpt lat="29.35578" lon="-97.79491">
        <ele>136.7</ele>
      </trkpt>
      <trkpt lat="29.35584" lon="-97.79484">
        <ele>136.7</ele>
      </trkpt>
      <trkpt lat="29.35586" lon="-97.79482">
        <ele>136.7</ele>
      </trkpt>
      <trkpt lat="29.356" lon="-97.7947">
        <ele>136.8</ele>
      </trkpt>
      <trkpt lat="29.35631" lon="-97.79442">
        <ele>137.0</ele>
      </trkpt>
      <trkpt lat="29.35646" lon="-97.7943">
        <ele>136.8</ele>
      </trkpt>
      <trkpt lat="29.35661" lon="-97.79418">
        <ele>136.7</ele>
      </trkpt>
      <trkpt lat="29.3577" lon="-97.79326">
        <ele>134.0</ele>
      </trkpt>
      <trkpt lat="29.35777" lon="-97.7932">
        <ele>134.0</ele>
      </trkpt>
      <trkpt lat="29.35791" lon="-97.79308">
        <ele>133.9</ele>
      </trkpt>
      <trkpt lat="29.35838" lon="-97.79268">
        <ele>133.0</ele>
      </trkpt>
      <trkpt lat="29.35857" lon="-97.79251">
        <ele>132.0</ele>
      </trkpt>
      <trkpt lat="29.35896" lon="-97.79216">
        <ele>131.3</ele>
      </trkpt>
      <trkpt lat="29.35939" lon="-97.79177">
        <ele>131.1</ele>
      </trkpt>
      <trkpt lat="29.35948" lon="-97.79169">
        <ele>131.0</ele>
      </trkpt>
      <trkpt lat="29.35974" lon="-97.79144">
        <ele>131.0</ele>
      </trkpt>
      <trkpt lat="29.36017" lon="-97.79103">
        <ele>130.2</ele>
      </trkpt>
      <trkpt lat="29.36042" lon="-97.79079">
        <ele>129.7</ele>
      </trkpt>
      <trkpt lat="29.36084" lon="-97.79039">
        <ele>129.2</ele>
      </trkpt>
      <trkpt lat="29.361" lon="-97.79024">
        <ele>129.2</ele>
      </trkpt>
      <trkpt lat="29.36241" lon="-97.78887">
        <ele>129.1</ele>
      </trkpt>
      <trkpt lat="29.36406" lon="-97.78728">
        <ele>129.4</ele>
      </trkpt>
      <trkpt lat="29.3642" lon="-97.78714">
        <ele>129.4</ele>
      </trkpt>
      <trkpt lat="29.36421" lon="-97.78713">
        <ele>129.4</ele>
      </trkpt>
      <trkpt lat="29.36441" lon="-97.78694">
        <ele>129.6</ele>
      </trkpt>
      <trkpt lat="29.36448" lon="-97.78688">
        <ele>129.7</ele>
      </trkpt>
      <trkpt lat="29.3649" lon="-97.78649">
        <ele>130.7</ele>
      </trkpt>
      <trkpt lat="29.36511" lon="-97.78632">
        <ele>131.0</ele>
      </trkpt>
      <trkpt lat="29.36525" lon="-97.78621">
        <ele>131.2</ele>
      </trkpt>
      <trkpt lat="29.36567" lon="-97.78585">
        <ele>131.3</ele>
      </trkpt>
      <trkpt lat="29.36581" lon="-97.78572">
        <ele>131.4</ele>
      </trkpt>
      <trkpt lat="29.36612" lon="-97.78546">
        <ele>131.5</ele>
      </trkpt>
      <trkpt lat="29.36652" lon="-97.78511">
        <ele>131.5</ele>
      </trkpt>
      <trkpt lat="29.36653" lon="-97.7851">
        <ele>131.5</ele>
      </trkpt>
      <trkpt lat="29.36671" lon="-97.78493">
        <ele>131.6</ele>
      </trkpt>
      <trkpt lat="29.36685" lon="-97.78478">
        <ele>131.8</ele>
      </trkpt>
      <trkpt lat="29.36697" lon="-97.78463">
        <ele>131.8</ele>
      </trkpt>
      <trkpt lat="29.36705" lon="-97.78448">
        <ele>131.8</ele>
      </trkpt>
      <trkpt lat="29.36709" lon="-97.78442">
        <ele>131.9</ele>
      </trkpt>
      <trkpt lat="29.36714" lon="-97.78433">
        <ele>131.9</ele>
      </trkpt>
      <trkpt lat="29.36728" lon="-97.78408">
        <ele>131.9</ele>
      </trkpt>
      <trkpt lat="29.3673" lon="-97.78405">
        <ele>131.8</ele>
      </trkpt>
      <trkpt lat="29.36739" lon="-97.78392">
        <ele>131.8</ele>
      </trkpt>
      <trkpt lat="29.3675" lon="-97.78379">
        <ele>131.7</ele>
      </trkpt>
      <trkpt lat="29.36761" lon="-97.7837">
        <ele>131.7</ele>
      </trkpt>
      <trkpt lat="29.36776" lon="-97.78361">
        <ele>131.7</ele>
      </trkpt>
      <trkpt lat="29.368" lon="-97.78349">
        <ele>131.8</ele>
      </trkpt>
      <trkpt lat="29.36801" lon="-97.78349">
        <ele>131.8</ele>
      </trkpt>
      <trkpt lat="29.36825" lon="-97.78338">
        <ele>131.9</ele>
      </trkpt>
      <trkpt lat="29.36851" lon="-97.78327">
        <ele>132.1</ele>
      </trkpt>
      <trkpt lat="29.36858" lon="-97.78323">
        <ele>132.1</ele>
      </trkpt>
      <trkpt lat="29.36867" lon="-97.78319">
        <ele>132.2</ele>
      </trkpt>
      <trkpt lat="29.36886" lon="-97.7831">
        <ele>132.4</ele>
      </trkpt>
      <trkpt lat="29.36898" lon="-97.78303">
        <ele>132.4</ele>
      </trkpt>
      <trkpt lat="29.369" lon="-97.78302">
        <ele>132.5</ele>
      </trkpt>
      <trkpt lat="29.36911" lon="-97.78295">
        <ele>132.6</ele>
      </trkpt>
      <trkpt lat="29.36915" lon="-97.78291">
        <ele>132.6</ele>
      </trkpt>
      <trkpt lat="29.36928" lon="-97.78282">
        <ele>132.7</ele>
      </trkpt>
      <trkpt lat="29.3693" lon="-97.7828">
        <ele>132.7</ele>
      </trkpt>
      <trkpt lat="29.36953" lon="-97.78262">
        <ele>132.9</ele>
      </trkpt>
      <trkpt lat="29.3696" lon="-97.78256">
        <ele>133.0</ele>
      </trkpt>
      <trkpt lat="29.36974" lon="-97.78244">
        <ele>133.1</ele>
      </trkpt>
      <trkpt lat="29.36986" lon="-97.78233">
        <ele>133.3</ele>
      </trkpt>
      <trkpt lat="29.36989" lon="-97.78231">
        <ele>133.3</ele>
      </trkpt>
      <trkpt lat="29.37034" lon="-97.78194">
        <ele>133.7</ele>
      </trkpt>
      <trkpt lat="29.37047" lon="-97.78184">
        <ele>133.8</ele>
      </trkpt>
      <trkpt lat="29.37058" lon="-97.78174">
        <ele>133.8</ele>
      </trkpt>
      <trkpt lat="29.37062" lon="-97.78171">
        <ele>133.9</ele>
      </trkpt>
      <trkpt lat="29.37075" lon="-97.78159">
        <ele>134.0</ele>
      </trkpt>
      <trkpt lat="29.37076" lon="-97.78159">
        <ele>134.0</ele>
      </trkpt>
      <trkpt lat="29.3709" lon="-97.78145">
        <ele>134.0</ele>
      </trkpt>
      <trkpt lat="29.37097" lon="-97.78138">
        <ele>134.0</ele>
      </trkpt>
      <trkpt lat="29.37103" lon="-97.78131">
        <ele>133.9</ele>
      </trkpt>
      <trkpt lat="29.3712" lon="-97.78113">
        <ele>133.6</ele>
      </trkpt>
      <trkpt lat="29.37134" lon="-97.78096">
        <ele>133.3</ele>
      </trkpt>
      <trkpt lat="29.37154" lon="-97.78069">
        <ele>133.1</ele>
      </trkpt>
      <trkpt lat="29.37164" lon="-97.78056">
        <ele>132.9</ele>
      </trkpt>
      <trkpt lat="29.37185" lon="-97.78028">
        <ele>132.5</ele>
      </trkpt>
      <trkpt lat="29.37199" lon="-97.78009">
        <ele>132.1</ele>
      </trkpt>
      <trkpt lat="29.37207" lon="-97.77999">
        <ele>131.9</ele>
      </trkpt>
      <trkpt lat="29.37222" lon="-97.77977">
        <ele>131.6</ele>
      </trkpt>
      <trkpt lat="29.37229" lon="-97.77966">
        <ele>131.5</ele>
      </trkpt>
      <trkpt lat="29.37251" lon="-97.77934">
        <ele>131.0</ele>
      </trkpt>
      <trkpt lat="29.37265" lon="-97.77918">
        <ele>130.8</ele>
      </trkpt>
      <trkpt lat="29.3728" lon="-97.77902">
        <ele>130.5</ele>
      </trkpt>
      <trkpt lat="29.37297" lon="-97.77886">
        <ele>130.3</ele>
      </trkpt>
      <trkpt lat="29.37314" lon="-97.7787">
        <ele>130.1</ele>
      </trkpt>
      <trkpt lat="29.37336" lon="-97.77852">
        <ele>129.8</ele>
      </trkpt>
      <trkpt lat="29.37339" lon="-97.7785">
        <ele>129.8</ele>
      </trkpt>
      <trkpt lat="29.3739" lon="-97.77813">
        <ele>129.3</ele>
      </trkpt>
      <trkpt lat="29.3743" lon="-97.77783">
        <ele>129.9</ele>
      </trkpt>
      <trkpt lat="29.37452" lon="-97.77764">
        <ele>130.2</ele>
      </trkpt>
      <trkpt lat="29.37464" lon="-97.77752">
        <ele>130.3</ele>
      </trkpt>
      <trkpt lat="29.37475" lon="-97.7774">
        <ele>130.3</ele>
      </trkpt>
      <trkpt lat="29.37484" lon="-97.77729">
        <ele>130.3</ele>
      </trkpt>
      <trkpt lat="29.37484" lon="-97.77728">
        <ele>130.3</ele>
      </trkpt>
      <trkpt lat="29.37494" lon="-97.77715">
        <ele>130.3</ele>
      </trkpt>
      <trkpt lat="29.37502" lon="-97.77701">
        <ele>130.5</ele>
      </trkpt>
      <trkpt lat="29.37522" lon="-97.77666">
        <ele>130.6</ele>
      </trkpt>
      <trkpt lat="29.37528" lon="-97.77655">
        <ele>130.6</ele>
      </trkpt>
      <trkpt lat="29.37551" lon="-97.77614">
        <ele>131.5</ele>
      </trkpt>
      <trkpt lat="29.37564" lon="-97.77592">
        <ele>132.0</ele>
      </trkpt>
      <trkpt lat="29.3758" lon="-97.77562">
        <ele>132.3</ele>
      </trkpt>
      <trkpt lat="29.37601" lon="-97.77523">
        <ele>132.5</ele>
      </trkpt>
      <trkpt lat="29.37609" lon="-97.7751">
        <ele>132.5</ele>
      </trkpt>
      <trkpt lat="29.37629" lon="-97.77475">
        <ele>132.4</ele>
      </trkpt>
      <trkpt lat="29.37633" lon="-97.77469">
        <ele>132.4</ele>
      </trkpt>
      <trkpt lat="29.37639" lon="-97.77459">
        <ele>132.4</ele>
      </trkpt>
      <trkpt lat="29.37671" lon="-97.77409">
        <ele>132.5</ele>
      </trkpt>
      <trkpt lat="29.37686" lon="-97.77387">
        <ele>132.5</ele>
      </trkpt>
      <trkpt lat="29.37694" lon="-97.77376">
        <ele>132.5</ele>
      </trkpt>
      <trkpt lat="29.37705" lon="-97.7736">
        <ele>132.4</ele>
      </trkpt>
      <trkpt lat="29.37738" lon="-97.77311">
        <ele>131.8</ele>
      </trkpt>
      <trkpt lat="29.37745" lon="-97.773">
        <ele>131.7</ele>
      </trkpt>
      <trkpt lat="29.37761" lon="-97.77279">
        <ele>131.4</ele>
      </trkpt>
      <trkpt lat="29.37761" lon="-97.77278">
        <ele>131.4</ele>
      </trkpt>
      <trkpt lat="29.37775" lon="-97.77261">
        <ele>131.2</ele>
      </trkpt>
      <trkpt lat="29.37785" lon="-97.77249">
        <ele>131.0</ele>
      </trkpt>
      <trkpt lat="29.37788" lon="-97.77247">
        <ele>130.9</ele>
      </trkpt>
      <trkpt lat="29.37797" lon="-97.77237">
        <ele>130.6</ele>
      </trkpt>
      <trkpt lat="29.37799" lon="-97.77235">
        <ele>130.6</ele>
      </trkpt>
      <trkpt lat="29.37808" lon="-97.77225">
        <ele>130.5</ele>
      </trkpt>
      <trkpt lat="29.37825" lon="-97.77208">
        <ele>130.4</ele>
      </trkpt>
      <trkpt lat="29.37839" lon="-97.77194">
        <ele>130.6</ele>
      </trkpt>
      <trkpt lat="29.37866" lon="-97.77167">
        <ele>131.0</ele>
      </trkpt>
      <trkpt lat="29.37879" lon="-97.77153">
        <ele>131.2</ele>
      </trkpt>
      <trkpt lat="29.37892" lon="-97.7714">
        <ele>131.5</ele>
      </trkpt>
      <trkpt lat="29.37905" lon="-97.77127">
        <ele>131.6</ele>
      </trkpt>
      <trkpt lat="29.37911" lon="-97.77119">
        <ele>131.7</ele>
      </trkpt>
      <trkpt lat="29.37915" lon="-97.77112">
        <ele>131.7</ele>
      </trkpt>
      <trkpt lat="29.37918" lon="-97.77106">
        <ele>131.7</ele>
      </trkpt>
      <trkpt lat="29.37922" lon="-97.77097">
        <ele>131.8</ele>
      </trkpt>
      <trkpt lat="29.37923" lon="-97.77092">
        <ele>131.8</ele>
      </trkpt>
      <trkpt lat="29.37923" lon="-97.7709">
        <ele>131.8</ele>
      </trkpt>
      <trkpt lat="29.37924" lon="-97.77084">
        <ele>131.8</ele>
      </trkpt>
      <trkpt lat="29.37925" lon="-97.77078">
        <ele>131.8</ele>
      </trkpt>
      <trkpt lat="29.37926" lon="-97.77072">
        <ele>131.8</ele>
      </trkpt>
      <trkpt lat="29.37928" lon="-97.77028">
        <ele>131.7</ele>
      </trkpt>
      <trkpt lat="29.37928" lon="-97.77023">
        <ele>131.7</ele>
      </trkpt>
      <trkpt lat="29.3793" lon="-97.76989">
        <ele>131.9</ele>
      </trkpt>
      <trkpt lat="29.37932" lon="-97.76957">
        <ele>132.0</ele>
      </trkpt>
      <trkpt lat="29.37932" lon="-97.76946">
        <ele>132.0</ele>
      </trkpt>
      <trkpt lat="29.37933" lon="-97.76921">
        <ele>131.9</ele>
      </trkpt>
      <trkpt lat="29.37935" lon="-97.76893">
        <ele>131.4</ele>
      </trkpt>
      <trkpt lat="29.37935" lon="-97.76867">
        <ele>130.9</ele>
      </trkpt>
      <trkpt lat="29.37937" lon="-97.76822">
        <ele>130.5</ele>
      </trkpt>
      <trkpt lat="29.37937" lon="-97.76798">
        <ele>130.5</ele>
      </trkpt>
      <trkpt lat="29.37938" lon="-97.76745">
        <ele>130.5</ele>
      </trkpt>
      <trkpt lat="29.37939" lon="-97.76719">
        <ele>130.5</ele>
      </trkpt>
      <trkpt lat="29.3794" lon="-97.76675">
        <ele>129.6</ele>
      </trkpt>
      <trkpt lat="29.37941" lon="-97.76636">
        <ele>128.3</ele>
      </trkpt>
      <trkpt lat="29.37942" lon="-97.76618">
        <ele>127.7</ele>
      </trkpt>
      <trkpt lat="29.37942" lon="-97.76581">
        <ele>126.8</ele>
      </trkpt>
      <trkpt lat="29.37942" lon="-97.76517">
        <ele>125.2</ele>
      </trkpt>
      <trkpt lat="29.37942" lon="-97.76476">
        <ele>125.7</ele>
      </trkpt>
      <trkpt lat="29.37942" lon="-97.76455">
        <ele>126.5</ele>
      </trkpt>
      <trkpt lat="29.37942" lon="-97.76438">
        <ele>127.3</ele>
      </trkpt>
      <trkpt lat="29.37941" lon="-97.76414">
        <ele>128.0</ele>
      </trkpt>
      <trkpt lat="29.37941" lon="-97.76393">
        <ele>128.7</ele>
      </trkpt>
      <trkpt lat="29.37941" lon="-97.76364">
        <ele>130.0</ele>
      </trkpt>
      <trkpt lat="29.37941" lon="-97.76363">
        <ele>130.0</ele>
      </trkpt>
      <trkpt lat="29.37941" lon="-97.76363">
        <ele>130.0</ele>
      </trkpt>
      <trkpt lat="29.37941" lon="-97.76342">
        <ele>130.7</ele>
      </trkpt>
      <trkpt lat="29.37941" lon="-97.76331">
        <ele>130.9</ele>
      </trkpt>
      <trkpt lat="29.37941" lon="-97.76316">
        <ele>131.2</ele>
      </trkpt>
      <trkpt lat="29.37941" lon="-97.76311">
        <ele>131.3</ele>
      </trkpt>
      <trkpt lat="29.37941" lon="-97.76309">
        <ele>131.3</ele>
      </trkpt>
      <trkpt lat="29.37942" lon="-97.76303">
        <ele>131.5</ele>
      </trkpt>
      <trkpt lat="29.37944" lon="-97.76297">
        <ele>131.6</ele>
      </trkpt>
      <trkpt lat="29.37945" lon="-97.76291">
        <ele>131.7</ele>
      </trkpt>
      <trkpt lat="29.37947" lon="-97.76287">
        <ele>131.6</ele>
      </trkpt>
      <trkpt lat="29.37949" lon="-97.76283">
        <ele>131.5</ele>
      </trkpt>
      <trkpt lat="29.37952" lon="-97.76276">
        <ele>131.4</ele>
      </trkpt>
      <trkpt lat="29.37954" lon="-97.76273">
        <ele>131.3</ele>
      </trkpt>
      <trkpt lat="29.37956" lon="-97.7627">
        <ele>131.2</ele>
      </trkpt>
      <trkpt lat="29.37962" lon="-97.76264">
        <ele>130.9</ele>
      </trkpt>
      <trkpt lat="29.3798" lon="-97.76246">
        <ele>130.0</ele>
      </trkpt>
      <trkpt lat="29.37981" lon="-97.76245">
        <ele>130.0</ele>
      </trkpt>
      <trkpt lat="29.38009" lon="-97.7622">
        <ele>128.4</ele>
      </trkpt>
      <trkpt lat="29.38023" lon="-97.76207">
        <ele>127.9</ele>
      </trkpt>
      <trkpt lat="29.38029" lon="-97.76202">
        <ele>127.8</ele>
      </trkpt>
      <trkpt lat="29.38038" lon="-97.76194">
        <ele>127.6</ele>
      </trkpt>
      <trkpt lat="29.38109" lon="-97.76132">
        <ele>125.8</ele>
      </trkpt>
      <trkpt lat="29.38166" lon="-97.76082">
        <ele>124.5</ele>
      </trkpt>
      <trkpt lat="29.38168" lon="-97.7608">
        <ele>124.5</ele>
      </trkpt>
      <trkpt lat="29.38181" lon="-97.76069">
        <ele>124.3</ele>
      </trkpt>
      <trkpt lat="29.38195" lon="-97.76057">
        <ele>124.0</ele>
      </trkpt>
      <trkpt lat="29.38206" lon="-97.76048">
        <ele>123.4</ele>
      </trkpt>
      <trkpt lat="29.38234" lon="-97.76026">
        <ele>121.6</ele>
      </trkpt>
      <trkpt lat="29.38254" lon="-97.7601">
        <ele>121.2</ele>
      </trkpt>
      <trkpt lat="29.38269" lon="-97.75998">
        <ele>120.8</ele>
      </trkpt>
      <trkpt lat="29.38274" lon="-97.75995">
        <ele>120.6</ele>
      </trkpt>
      <trkpt lat="29.38297" lon="-97.75977">
        <ele>119.9</ele>
      </trkpt>
      <trkpt lat="29.38299" lon="-97.75975">
        <ele>119.8</ele>
      </trkpt>
      <trkpt lat="29.38313" lon="-97.75965">
        <ele>119.5</ele>
      </trkpt>
      <trkpt lat="29.38314" lon="-97.75963">
        <ele>119.4</ele>
      </trkpt>
      <trkpt lat="29.38319" lon="-97.75958">
        <ele>119.2</ele>
      </trkpt>
      <trkpt lat="29.38325" lon="-97.75952">
        <ele>119.0</ele>
      </trkpt>
      <trkpt lat="29.38327" lon="-97.75949">
        <ele>118.9</ele>
      </trkpt>
      <trkpt lat="29.38328" lon="-97.75948">
        <ele>118.8</ele>
      </trkpt>
      <trkpt lat="29.3833" lon="-97.75944">
        <ele>118.7</ele>
      </trkpt>
      <trkpt lat="29.38334" lon="-97.75936">
        <ele>118.6</ele>
      </trkpt>
      <trkpt lat="29.38336" lon="-97.75932">
        <ele>118.5</ele>
      </trkpt>
      <trkpt lat="29.38337" lon="-97.7593">
        <ele>118.5</ele>
      </trkpt>
      <trkpt lat="29.3834" lon="-97.75922">
        <ele>118.5</ele>
      </trkpt>
      <trkpt lat="29.38347" lon="-97.759">
        <ele>119.0</ele>
      </trkpt>
      <trkpt lat="29.3835" lon="-97.75893">
        <ele>119.2</ele>
      </trkpt>
      <trkpt lat="29.38362" lon="-97.75856">
        <ele>120.5</ele>
      </trkpt>
      <trkpt lat="29.38363" lon="-97.75853">
        <ele>120.6</ele>
      </trkpt>
      <trkpt lat="29.38364" lon="-97.7585">
        <ele>120.7</ele>
      </trkpt>
      <trkpt lat="29.38366" lon="-97.75845">
        <ele>120.8</ele>
      </trkpt>
      <trkpt lat="29.38369" lon="-97.7584">
        <ele>121.0</ele>
      </trkpt>
      <trkpt lat="29.38372" lon="-97.75836">
        <ele>121.1</ele>
      </trkpt>
      <trkpt lat="29.38373" lon="-97.75834">
        <ele>121.1</ele>
      </trkpt>
      <trkpt lat="29.38375" lon="-97.75832">
        <ele>121.1</ele>
      </trkpt>
      <trkpt lat="29.38378" lon="-97.75829">
        <ele>121.2</ele>
      </trkpt>
      <trkpt lat="29.38382" lon="-97.75826">
        <ele>121.2</ele>
      </trkpt>
      <trkpt lat="29.38388" lon="-97.75823">
        <ele>121.2</ele>
      </trkpt>
      <trkpt lat="29.38389" lon="-97.75822">
        <ele>121.2</ele>
      </trkpt>
      <trkpt lat="29.38398" lon="-97.75818">
        <ele>121.1</ele>
      </trkpt>
      <trkpt lat="29.38404" lon="-97.75814">
        <ele>121.2</ele>
      </trkpt>
      <trkpt lat="29.38421" lon="-97.75806">
        <ele>121.1</ele>
      </trkpt>
      <trkpt lat="29.38463" lon="-97.75786">
        <ele>120.8</ele>
      </trkpt>
      <trkpt lat="29.38488" lon="-97.75774">
        <ele>120.1</ele>
      </trkpt>
      <trkpt lat="29.38504" lon="-97.75766">
        <ele>119.4</ele>
      </trkpt>
      <trkpt lat="29.38597" lon="-97.7572">
        <ele>117.7</ele>
      </trkpt>
      <trkpt lat="29.38619" lon="-97.75709">
        <ele>116.8</ele>
      </trkpt>
      <trkpt lat="29.38636" lon="-97.75701">
        <ele>116.0</ele>
      </trkpt>
      <trkpt lat="29.38654" lon="-97.75692">
        <ele>115.8</ele>
      </trkpt>
      <trkpt lat="29.38669" lon="-97.75685">
        <ele>115.6</ele>
      </trkpt>
      <trkpt lat="29.38702" lon="-97.75669">
        <ele>115.4</ele>
      </trkpt>
      <trkpt lat="29.38735" lon="-97.75653">
        <ele>115.2</ele>
      </trkpt>
      <trkpt lat="29.38746" lon="-97.75648">
        <ele>115.2</ele>
      </trkpt>
      <trkpt lat="29.38765" lon="-97.75638">
        <ele>115.1</ele>
      </trkpt>
      <trkpt lat="29.38772" lon="-97.75634">
        <ele>115.0</ele>
      </trkpt>
      <trkpt lat="29.38781" lon="-97.75629">
        <ele>114.9</ele>
      </trkpt>
      <trkpt lat="29.38799" lon="-97.75616">
        <ele>114.7</ele>
      </trkpt>
      <trkpt lat="29.38802" lon="-97.75613">
        <ele>114.6</ele>
      </trkpt>
      <trkpt lat="29.38823" lon="-97.75596">
        <ele>113.9</ele>
      </trkpt>
      <trkpt lat="29.38843" lon="-97.75578">
        <ele>113.5</ele>
      </trkpt>
      <trkpt lat="29.38844" lon="-97.75577">
        <ele>113.5</ele>
      </trkpt>
      <trkpt lat="29.3885" lon="-97.75571">
        <ele>113.5</ele>
      </trkpt>
      <trkpt lat="29.38901" lon="-97.75527">
        <ele>112.9</ele>
      </trkpt>
      <trkpt lat="29.38909" lon="-97.75519">
        <ele>112.4</ele>
      </trkpt>
      <trkpt lat="29.38914" lon="-97.75515">
        <ele>112.0</ele>
      </trkpt>
      <trkpt lat="29.38918" lon="-97.75512">
        <ele>111.8</ele>
      </trkpt>
      <trkpt lat="29.38925" lon="-97.75507">
        <ele>111.5</ele>
      </trkpt>
      <trkpt lat="29.3893" lon="-97.75503">
        <ele>111.3</ele>
      </trkpt>
      <trkpt lat="29.3893" lon="-97.75502">
        <ele>111.3</ele>
      </trkpt>
      <trkpt lat="29.38938" lon="-97.75498">
        <ele>111.2</ele>
      </trkpt>
      <trkpt lat="29.38948" lon="-97.75494">
        <ele>111.2</ele>
      </trkpt>
      <trkpt lat="29.38958" lon="-97.75491">
        <ele>111.1</ele>
      </trkpt>
      <trkpt lat="29.38964" lon="-97.75489">
        <ele>111.1</ele>
      </trkpt>
      <trkpt lat="29.38967" lon="-97.75488">
        <ele>111.1</ele>
      </trkpt>
      <trkpt lat="29.38978" lon="-97.75486">
        <ele>111.0</ele>
      </trkpt>
      <trkpt lat="29.38993" lon="-97.75483">
        <ele>111.0</ele>
      </trkpt>
      <trkpt lat="29.39005" lon="-97.75482">
        <ele>110.9</ele>
      </trkpt>
      <trkpt lat="29.39012" lon="-97.75481">
        <ele>110.9</ele>
      </trkpt>
      <trkpt lat="29.3902" lon="-97.7548">
        <ele>110.8</ele>
      </trkpt>
      <trkpt lat="29.39034" lon="-97.75479">
        <ele>110.7</ele>
      </trkpt>
      <trkpt lat="29.39044" lon="-97.75479">
        <ele>110.6</ele>
      </trkpt>
      <trkpt lat="29.39053" lon="-97.75479">
        <ele>110.6</ele>
      </trkpt>
      <trkpt lat="29.39082" lon="-97.75478">
        <ele>110.4</ele>
      </trkpt>
      <trkpt lat="29.39113" lon="-97.75478">
        <ele>110.3</ele>
      </trkpt>
      <trkpt lat="29.39117" lon="-97.75477">
        <ele>110.3</ele>
      </trkpt>
      <trkpt lat="29.39119" lon="-97.75477">
        <ele>110.3</ele>
      </trkpt>
      <trkpt lat="29.39122" lon="-97.75476">
        <ele>110.3</ele>
      </trkpt>
      <trkpt lat="29.39124" lon="-97.75475">
        <ele>110.3</ele>
      </trkpt>
      <trkpt lat="29.39124" lon="-97.75474">
        <ele>110.3</ele>
      </trkpt>
      <trkpt lat="29.39126" lon="-97.75473">
        <ele>110.3</ele>
      </trkpt>
      <trkpt lat="29.39128" lon="-97.7547">
        <ele>110.3</ele>
      </trkpt>
      <trkpt lat="29.39132" lon="-97.75466">
        <ele>110.2</ele>
      </trkpt>
      <trkpt lat="29.39134" lon="-97.75461">
        <ele>110.2</ele>
      </trkpt>
      <trkpt lat="29.39136" lon="-97.75456">
        <ele>110.3</ele>
      </trkpt>
      <trkpt lat="29.39138" lon="-97.75451">
        <ele>110.3</ele>
      </trkpt>
      <trkpt lat="29.39139" lon="-97.75445">
        <ele>110.3</ele>
      </trkpt>
      <trkpt lat="29.39139" lon="-97.7544">
        <ele>110.3</ele>
      </trkpt>
      <trkpt lat="29.39139" lon="-97.75439">
        <ele>110.3</ele>
      </trkpt>
      <trkpt lat="29.3914" lon="-97.75418">
        <ele>110.3</ele>
      </trkpt>
      <trkpt lat="29.39143" lon="-97.75372">
        <ele>110.3</ele>
      </trkpt>
      <trkpt lat="29.39144" lon="-97.75351">
        <ele>110.4</ele>
      </trkpt>
      <trkpt lat="29.39145" lon="-97.75342">
        <ele>110.4</ele>
      </trkpt>
      <trkpt lat="29.39146" lon="-97.75337">
        <ele>110.4</ele>
      </trkpt>
      <trkpt lat="29.39148" lon="-97.75328">
        <ele>110.4</ele>
      </trkpt>
      <trkpt lat="29.3915" lon="-97.7532">
        <ele>110.4</ele>
      </trkpt>
      <trkpt lat="29.39152" lon="-97.75312">
        <ele>110.4</ele>
      </trkpt>
      <trkpt lat="29.39154" lon="-97.75308">
        <ele>110.4</ele>
      </trkpt>
      <trkpt lat="29.39158" lon="-97.75298">
        <ele>110.4</ele>
      </trkpt>
      <trkpt lat="29.39161" lon="-97.75289">
        <ele>110.4</ele>
      </trkpt>
      <trkpt lat="29.39172" lon="-97.7526">
        <ele>110.3</ele>
      </trkpt>
      <trkpt lat="29.39175" lon="-97.75251">
        <ele>110.2</ele>
      </trkpt>
      <trkpt lat="29.39183" lon="-97.7523">
        <ele>110.1</ele>
      </trkpt>
      <trkpt lat="29.39198" lon="-97.75194">
        <ele>109.8</ele>
      </trkpt>
      <trkpt lat="29.39201" lon="-97.75185">
        <ele>109.6</ele>
      </trkpt>
      <trkpt lat="29.39213" lon="-97.75157">
        <ele>108.9</ele>
      </trkpt>
      <trkpt lat="29.39215" lon="-97.75153">
        <ele>108.9</ele>
      </trkpt>
      <trkpt lat="29.39216" lon="-97.75148">
        <ele>108.9</ele>
      </trkpt>
      <trkpt lat="29.39219" lon="-97.7514">
        <ele>109.2</ele>
      </trkpt>
      <trkpt lat="29.39222" lon="-97.7513">
        <ele>109.8</ele>
      </trkpt>
      <trkpt lat="29.39224" lon="-97.75122">
        <ele>110.0</ele>
      </trkpt>
      <trkpt lat="29.39225" lon="-97.75118">
        <ele>110.0</ele>
      </trkpt>
      <trkpt lat="29.39225" lon="-97.75115">
        <ele>110.0</ele>
      </trkpt>
      <trkpt lat="29.39226" lon="-97.75108">
        <ele>110.1</ele>
      </trkpt>
      <trkpt lat="29.39226" lon="-97.75107">
        <ele>110.1</ele>
      </trkpt>
      <trkpt lat="29.39227" lon="-97.75098">
        <ele>110.3</ele>
      </trkpt>
      <trkpt lat="29.39227" lon="-97.7509">
        <ele>110.4</ele>
      </trkpt>
      <trkpt lat="29.39226" lon="-97.75083">
        <ele>110.5</ele>
      </trkpt>
      <trkpt lat="29.39226" lon="-97.75077">
        <ele>110.6</ele>
      </trkpt>
      <trkpt lat="29.39225" lon="-97.75074">
        <ele>110.6</ele>
      </trkpt>
      <trkpt lat="29.39223" lon="-97.75065">
        <ele>110.7</ele>
      </trkpt>
      <trkpt lat="29.3922" lon="-97.7505">
        <ele>110.8</ele>
      </trkpt>
      <trkpt lat="29.39205" lon="-97.74989">
        <ele>111.6</ele>
      </trkpt>
      <trkpt lat="29.39197" lon="-97.74959">
        <ele>112.1</ele>
      </trkpt>
      <trkpt lat="29.39197" lon="-97.74958">
        <ele>112.1</ele>
      </trkpt>
      <trkpt lat="29.39197" lon="-97.74956">
        <ele>112.2</ele>
      </trkpt>
      <trkpt lat="29.39195" lon="-97.74951">
        <ele>112.3</ele>
      </trkpt>
      <trkpt lat="29.39195" lon="-97.74948">
        <ele>112.3</ele>
      </trkpt>
      <trkpt lat="29.39167" lon="-97.74839">
        <ele>115.2</ele>
      </trkpt>
      <trkpt lat="29.39165" lon="-97.74829">
        <ele>115.2</ele>
      </trkpt>
      <trkpt lat="29.39162" lon="-97.74819">
        <ele>115.2</ele>
      </trkpt>
      <trkpt lat="29.39161" lon="-97.74813">
        <ele>115.2</ele>
      </trkpt>
      <trkpt lat="29.39158" lon="-97.74802">
        <ele>115.2</ele>
      </trkpt>
      <trkpt lat="29.39157" lon="-97.74797">
        <ele>115.2</ele>
      </trkpt>
      <trkpt lat="29.39157" lon="-97.74792">
        <ele>115.2</ele>
      </trkpt>
      <trkpt lat="29.39157" lon="-97.74784">
        <ele>115.2</ele>
      </trkpt>
      <trkpt lat="29.39157" lon="-97.74742">
        <ele>114.7</ele>
      </trkpt>
      <trkpt lat="29.39157" lon="-97.74728">
        <ele>114.5</ele>
      </trkpt>
      <trkpt lat="29.39158" lon="-97.74687">
        <ele>114.4</ele>
      </trkpt>
      <trkpt lat="29.39159" lon="-97.74646">
        <ele>115.2</ele>
      </trkpt>
      <trkpt lat="29.39162" lon="-97.74522">
        <ele>119.1</ele>
      </trkpt>
      <trkpt lat="29.39162" lon="-97.74513">
        <ele>119.1</ele>
      </trkpt>
      <trkpt lat="29.39162" lon="-97.74501">
        <ele>118.8</ele>
      </trkpt>
      <trkpt lat="29.39164" lon="-97.7446">
        <ele>117.2</ele>
      </trkpt>
      <trkpt lat="29.39165" lon="-97.74449">
        <ele>116.9</ele>
      </trkpt>
      <trkpt lat="29.39165" lon="-97.74418">
        <ele>116.0</ele>
      </trkpt>
      <trkpt lat="29.39167" lon="-97.74405">
        <ele>115.7</ele>
      </trkpt>
      <trkpt lat="29.3917" lon="-97.74382">
        <ele>115.0</ele>
      </trkpt>
      <trkpt lat="29.3917" lon="-97.74382">
        <ele>115.0</ele>
      </trkpt>
      <trkpt lat="29.39183" lon="-97.74384">
        <ele>115.0</ele>
      </trkpt>
      <trkpt lat="29.39213" lon="-97.74387">
        <ele>114.7</ele>
      </trkpt>
      <trkpt lat="29.39242" lon="-97.74389">
        <ele>114.6</ele>
      </trkpt>
      <trkpt lat="29.39256" lon="-97.7439">
        <ele>114.6</ele>
      </trkpt>
      <trkpt lat="29.3926" lon="-97.7439">
        <ele>114.6</ele>
      </trkpt>
      <trkpt lat="29.39296" lon="-97.74392">
        <ele>114.5</ele>
      </trkpt>
      <trkpt lat="29.39386" lon="-97.74399">
        <ele>115.3</ele>
      </trkpt>
      <trkpt lat="29.3942" lon="-97.744">
        <ele>115.3</ele>
      </trkpt>
      <trkpt lat="29.39422" lon="-97.744">
        <ele>115.3</ele>
      </trkpt>
      <trkpt lat="29.39436" lon="-97.74399">
        <ele>115.2</ele>
      </trkpt>
      <trkpt lat="29.39439" lon="-97.74398">
        <ele>115.2</ele>
      </trkpt>
      <trkpt lat="29.39444" lon="-97.74397">
        <ele>115.2</ele>
      </trkpt>
      <trkpt lat="29.39452" lon="-97.74396">
        <ele>115.1</ele>
      </trkpt>
      <trkpt lat="29.39457" lon="-97.74394">
        <ele>115.1</ele>
      </trkpt>
      <trkpt lat="29.3946" lon="-97.74393">
        <ele>115.0</ele>
      </trkpt>
      <trkpt lat="29.39468" lon="-97.74389">
        <ele>114.9</ele>
      </trkpt>
      <trkpt lat="29.39539" lon="-97.74352">
        <ele>114.2</ele>
      </trkpt>
      <trkpt lat="29.39572" lon="-97.74336">
        <ele>114.6</ele>
      </trkpt>
      <trkpt lat="29.39589" lon="-97.74327">
        <ele>114.8</ele>
      </trkpt>
      <trkpt lat="29.39592" lon="-97.74326">
        <ele>114.9</ele>
      </trkpt>
      <trkpt lat="29.3962" lon="-97.74312">
        <ele>115.1</ele>
      </trkpt>
      <trkpt lat="29.39622" lon="-97.74311">
        <ele>115.1</ele>
      </trkpt>
      <trkpt lat="29.39629" lon="-97.74309">
        <ele>115.2</ele>
      </trkpt>
      <trkpt lat="29.39638" lon="-97.74306">
        <ele>115.3</ele>
      </trkpt>
      <trkpt lat="29.39639" lon="-97.74306">
        <ele>115.3</ele>
      </trkpt>
      <trkpt lat="29.39657" lon="-97.74302">
        <ele>115.7</ele>
      </trkpt>
      <trkpt lat="29.3971" lon="-97.74295">
        <ele>117.8</ele>
      </trkpt>
      <trkpt lat="29.39727" lon="-97.74293">
        <ele>118.0</ele>
      </trkpt>
      <trkpt lat="29.39746" lon="-97.74291">
        <ele>117.9</ele>
      </trkpt>
      <trkpt lat="29.39755" lon="-97.7429">
        <ele>117.8</ele>
      </trkpt>
      <trkpt lat="29.39836" lon="-97.7428">
        <ele>116.0</ele>
      </trkpt>
      <trkpt lat="29.39854" lon="-97.74278">
        <ele>115.7</ele>
      </trkpt>
      <trkpt lat="29.39928" lon="-97.7427">
        <ele>114.8</ele>
      </trkpt>
      <trkpt lat="29.40006" lon="-97.74261">
        <ele>114.6</ele>
      </trkpt>
      <trkpt lat="29.40009" lon="-97.74261">
        <ele>114.6</ele>
      </trkpt>
      <trkpt lat="29.40027" lon="-97.74259">
        <ele>114.6</ele>
      </trkpt>
      <trkpt lat="29.40051" lon="-97.74256">
        <ele>114.4</ele>
      </trkpt>
      <trkpt lat="29.40063" lon="-97.74254">
        <ele>114.2</ele>
      </trkpt>
      <trkpt lat="29.40065" lon="-97.74254">
        <ele>114.2</ele>
      </trkpt>
      <trkpt lat="29.40072" lon="-97.74251">
        <ele>114.0</ele>
      </trkpt>
      <trkpt lat="29.40076" lon="-97.74249">
        <ele>113.9</ele>
      </trkpt>
      <trkpt lat="29.4008" lon="-97.74246">
        <ele>113.8</ele>
      </trkpt>
      <trkpt lat="29.40082" lon="-97.74244">
        <ele>113.8</ele>
      </trkpt>
      <trkpt lat="29.40083" lon="-97.74242">
        <ele>113.8</ele>
      </trkpt>
      <trkpt lat="29.40086" lon="-97.74238">
        <ele>113.7</ele>
      </trkpt>
      <trkpt lat="29.40089" lon="-97.74232">
        <ele>113.6</ele>
      </trkpt>
      <trkpt lat="29.4009" lon="-97.7423">
        <ele>113.6</ele>
      </trkpt>
      <trkpt lat="29.40091" lon="-97.74225">
        <ele>113.6</ele>
      </trkpt>
      <trkpt lat="29.40093" lon="-97.74209">
        <ele>113.5</ele>
      </trkpt>
      <trkpt lat="29.40097" lon="-97.74183">
        <ele>113.4</ele>
      </trkpt>
      <trkpt lat="29.40099" lon="-97.74169">
        <ele>113.4</ele>
      </trkpt>
      <trkpt lat="29.40104" lon="-97.7414">
        <ele>113.3</ele>
      </trkpt>
      <trkpt lat="29.40115" lon="-97.74084">
        <ele>113.0</ele>
      </trkpt>
      <trkpt lat="29.40123" lon="-97.74043">
        <ele>112.4</ele>
      </trkpt>
      <trkpt lat="29.40128" lon="-97.74012">
        <ele>111.7</ele>
      </trkpt>
      <trkpt lat="29.40132" lon="-97.73992">
        <ele>111.2</ele>
      </trkpt>
      <trkpt lat="29.40138" lon="-97.73974">
        <ele>110.9</ele>
      </trkpt>
      <trkpt lat="29.40141" lon="-97.73968">
        <ele>110.8</ele>
      </trkpt>
      <trkpt lat="29.4015" lon="-97.73962">
        <ele>110.7</ele>
      </trkpt>
      <trkpt lat="29.40161" lon="-97.73957">
        <ele>110.6</ele>
      </trkpt>
      <trkpt lat="29.40173" lon="-97.73957">
        <ele>110.6</ele>
      </trkpt>
      <trkpt lat="29.40183" lon="-97.73956">
        <ele>110.6</ele>
      </trkpt>
      <trkpt lat="29.40196" lon="-97.73957">
        <ele>110.6</ele>
      </trkpt>
      <trkpt lat="29.4023" lon="-97.7396">
        <ele>110.3</ele>
      </trkpt>
      <trkpt lat="29.40266" lon="-97.73963">
        <ele>109.7</ele>
      </trkpt>
      <trkpt lat="29.40322" lon="-97.73968">
        <ele>109.2</ele>
      </trkpt>
      <trkpt lat="29.4039" lon="-97.73971">
        <ele>108.2</ele>
      </trkpt>
      <trkpt lat="29.40392" lon="-97.73971">
        <ele>108.2</ele>
      </trkpt>
      <trkpt lat="29.4041" lon="-97.73971">
        <ele>108.0</ele>
      </trkpt>
      <trkpt lat="29.40426" lon="-97.73971">
        <ele>107.9</ele>
      </trkpt>
      <trkpt lat="29.40428" lon="-97.73971">
        <ele>107.9</ele>
      </trkpt>
      <trkpt lat="29.40482" lon="-97.73969">
        <ele>107.6</ele>
      </trkpt>
      <trkpt lat="29.40482" lon="-97.73969">
        <ele>107.6</ele>
      </trkpt>
      <trkpt lat="29.40428" lon="-97.73971">
        <ele>107.9</ele>
      </trkpt>
      <trkpt lat="29.40426" lon="-97.73971">
        <ele>107.9</ele>
      </trkpt>
      <trkpt lat="29.4041" lon="-97.73971">
        <ele>108.0</ele>
      </trkpt>
      <trkpt lat="29.40392" lon="-97.73971">
        <ele>108.2</ele>
      </trkpt>
      <trkpt lat="29.4039" lon="-97.73971">
        <ele>108.2</ele>
      </trkpt>
      <trkpt lat="29.40322" lon="-97.73968">
        <ele>109.2</ele>
      </trkpt>
      <trkpt lat="29.40266" lon="-97.73963">
        <ele>109.7</ele>
      </trkpt>
      <trkpt lat="29.4023" lon="-97.7396">
        <ele>110.3</ele>
      </trkpt>
      <trkpt lat="29.40196" lon="-97.73957">
        <ele>110.6</ele>
      </trkpt>
      <trkpt lat="29.40183" lon="-97.73956">
        <ele>110.6</ele>
      </trkpt>
      <trkpt lat="29.40173" lon="-97.73957">
        <ele>110.6</ele>
      </trkpt>
      <trkpt lat="29.40161" lon="-97.73957">
        <ele>110.6</ele>
      </trkpt>
      <trkpt lat="29.4015" lon="-97.73962">
        <ele>110.7</ele>
      </trkpt>
      <trkpt lat="29.40141" lon="-97.73968">
        <ele>110.8</ele>
      </trkpt>
      <trkpt lat="29.40138" lon="-97.73974">
        <ele>110.9</ele>
      </trkpt>
      <trkpt lat="29.40132" lon="-97.73992">
        <ele>111.2</ele>
      </trkpt>
      <trkpt lat="29.40128" lon="-97.74012">
        <ele>111.7</ele>
      </trkpt>
      <trkpt lat="29.40123" lon="-97.74043">
        <ele>112.4</ele>
      </trkpt>
      <trkpt lat="29.40115" lon="-97.74084">
        <ele>113.0</ele>
      </trkpt>
      <trkpt lat="29.40104" lon="-97.7414">
        <ele>113.3</ele>
      </trkpt>
      <trkpt lat="29.40104" lon="-97.74141">
        <ele>113.3</ele>
      </trkpt>
      <trkpt lat="29.40104" lon="-97.74141">
        <ele>113.3</ele>
      </trkpt>
      <trkpt lat="29.40104" lon="-97.7414">
        <ele>113.3</ele>
      </trkpt>
      <trkpt lat="29.40115" lon="-97.74084">
        <ele>113.0</ele>
      </trkpt>
      <trkpt lat="29.40123" lon="-97.74043">
        <ele>112.4</ele>
      </trkpt>
      <trkpt lat="29.40128" lon="-97.74012">
        <ele>111.7</ele>
      </trkpt>
      <trkpt lat="29.40132" lon="-97.73992">
        <ele>111.2</ele>
      </trkpt>
      <trkpt lat="29.40138" lon="-97.73974">
        <ele>110.9</ele>
      </trkpt>
      <trkpt lat="29.40141" lon="-97.73968">
        <ele>110.8</ele>
      </trkpt>
      <trkpt lat="29.4015" lon="-97.73962">
        <ele>110.7</ele>
      </trkpt>
      <trkpt lat="29.40161" lon="-97.73957">
        <ele>110.6</ele>
      </trkpt>
      <trkpt lat="29.40173" lon="-97.73957">
        <ele>110.6</ele>
      </trkpt>
      <trkpt lat="29.40183" lon="-97.73956">
        <ele>110.6</ele>
      </trkpt>
      <trkpt lat="29.40196" lon="-97.73957">
        <ele>110.6</ele>
      </trkpt>
      <trkpt lat="29.4023" lon="-97.7396">
        <ele>110.3</ele>
      </trkpt>
      <trkpt lat="29.40266" lon="-97.73963">
        <ele>109.7</ele>
      </trkpt>
      <trkpt lat="29.40322" lon="-97.73968">
        <ele>109.2</ele>
      </trkpt>
      <trkpt lat="29.4039" lon="-97.73971">
        <ele>108.2</ele>
      </trkpt>
      <trkpt lat="29.40392" lon="-97.73971">
        <ele>108.2</ele>
      </trkpt>
      <trkpt lat="29.4041" lon="-97.73971">
        <ele>108.0</ele>
      </trkpt>
      <trkpt lat="29.40426" lon="-97.73971">
        <ele>107.9</ele>
      </trkpt>
      <trkpt lat="29.40428" lon="-97.73971">
        <ele>107.9</ele>
      </trkpt>
      <trkpt lat="29.40502" lon="-97.73969">
        <ele>107.4</ele>
      </trkpt>
      <trkpt lat="29.40533" lon="-97.73967">
        <ele>107.0</ele>
      </trkpt>
      <trkpt lat="29.40546" lon="-97.73964">
        <ele>106.8</ele>
      </trkpt>
      <trkpt lat="29.40553" lon="-97.73962">
        <ele>106.2</ele>
      </trkpt>
      <trkpt lat="29.40555" lon="-97.73962">
        <ele>106.0</ele>
      </trkpt>
      <trkpt lat="29.40562" lon="-97.73959">
        <ele>105.1</ele>
      </trkpt>
      <trkpt lat="29.40568" lon="-97.73955">
        <ele>104.8</ele>
      </trkpt>
      <trkpt lat="29.40574" lon="-97.73951">
        <ele>105.0</ele>
      </trkpt>
      <trkpt lat="29.4058" lon="-97.73946">
        <ele>105.5</ele>
      </trkpt>
      <trkpt lat="29.40586" lon="-97.73938">
        <ele>106.0</ele>
      </trkpt>
      <trkpt lat="29.40594" lon="-97.73926">
        <ele>106.7</ele>
      </trkpt>
      <trkpt lat="29.40604" lon="-97.7391">
        <ele>106.9</ele>
      </trkpt>
      <trkpt lat="29.40605" lon="-97.73908">
        <ele>106.9</ele>
      </trkpt>
      <trkpt lat="29.40605" lon="-97.73908">
        <ele>106.9</ele>
      </trkpt>
      <trkpt lat="29.40614" lon="-97.73893">
        <ele>106.9</ele>
      </trkpt>
      <trkpt lat="29.40623" lon="-97.73876">
        <ele>106.9</ele>
      </trkpt>
      <trkpt lat="29.40632" lon="-97.73863">
        <ele>106.9</ele>
      </trkpt>
      <trkpt lat="29.4065" lon="-97.73836">
        <ele>106.3</ele>
      </trkpt>
      <trkpt lat="29.40655" lon="-97.7383">
        <ele>105.9</ele>
      </trkpt>
      <trkpt lat="29.40658" lon="-97.73826">
        <ele>105.7</ele>
      </trkpt>
      <trkpt lat="29.40659" lon="-97.73825">
        <ele>105.6</ele>
      </trkpt>
      <trkpt lat="29.40659" lon="-97.73825">
        <ele>105.6</ele>
      </trkpt>
      <trkpt lat="29.40664" lon="-97.73819">
        <ele>105.5</ele>
      </trkpt>
      <trkpt lat="29.40671" lon="-97.73811">
        <ele>105.4</ele>
      </trkpt>
      <trkpt lat="29.40677" lon="-97.73804">
        <ele>105.4</ele>
      </trkpt>
      <trkpt lat="29.40689" lon="-97.73794">
        <ele>105.6</ele>
      </trkpt>
      <trkpt lat="29.40702" lon="-97.73786">
        <ele>105.8</ele>
      </trkpt>
      <trkpt lat="29.40714" lon="-97.7378">
        <ele>105.9</ele>
      </trkpt>
      <trkpt lat="29.40716" lon="-97.73779">
        <ele>105.9</ele>
      </trkpt>
      <trkpt lat="29.40719" lon="-97.73778">
        <ele>105.9</ele>
      </trkpt>
      <trkpt lat="29.40719" lon="-97.73778">
        <ele>105.9</ele>
      </trkpt>
      <trkpt lat="29.407327" lon="-97.737103">
        <ele>105.1</ele>
      </trkpt>
      <trkpt lat="29.407327" lon="-97.737103">
        <ele>105.1</ele>
      </trkpt>
      <trkpt lat="29.406966" lon="-97.736362">
        <ele>107.0</ele>
      </trkpt>
    </trkseg>
  </trk>
</gpx>
