<?xml version="1.0" encoding="UTF-8"?>
<gpx xmlns:gpxdata="http://www.cluetrust.com/XML/GPXDATA/1/0" xmlns:xsi="http://www.w3.org/2001/XMLSchema-instance" xmlns="http://www.topografix.com/GPX/1/1" version="1.1" creator="http://ridewithgps.com/" xsi:schemaLocation="http://www.topografix.com/GPX/1/1 http://www.topografix.com/GPX/1/1/gpx.xsd http://www.cluetrust.com/XML/GPXDATA/1/0 http://www.cluetrust.com/Schemas/gpxdata10.xsd">
  <metadata>
    <name>Lit Whizzy 62</name>
    <link href="https://ridewithgps.com/routes/50728238">
      <text>Lit Whizzy 62</text>
    </link>
    <time>2025-05-12T09:30:37Z</time>
  </metadata>
  <trk>
    <name>Lit Whizzy 62</name>
    <trkseg>
      <trkpt lat="29.66845" lon="-97.50395">
        <ele>141.0</ele>
      </trkpt>
      <trkpt lat="29.66835" lon="-97.50437">
        <ele>141.1</ele>
      </trkpt>
      <trkpt lat="29.66829" lon="-97.50461">
        <ele>141.3</ele>
      </trkpt>
      <trkpt lat="29.66827" lon="-97.50477">
        <ele>141.3</ele>
      </trkpt>
      <trkpt lat="29.66816" lon="-97.50531">
        <ele>141.3</ele>
      </trkpt>
      <trkpt lat="29.66804" lon="-97.50585">
        <ele>141.2</ele>
      </trkpt>
      <trkpt lat="29.66752" lon="-97.50569">
        <ele>141.2</ele>
      </trkpt>
      <trkpt lat="29.66752" lon="-97.50569">
        <ele>141.2</ele>
      </trkpt>
      <trkpt lat="29.66733" lon="-97.50564">
        <ele>141.2</ele>
      </trkpt>
      <trkpt lat="29.66707" lon="-97.5056">
        <ele>141.1</ele>
      </trkpt>
      <trkpt lat="29.66631" lon="-97.50537">
        <ele>141.0</ele>
      </trkpt>
      <trkpt lat="29.66606" lon="-97.50532">
        <ele>141.0</ele>
      </trkpt>
      <trkpt lat="29.66538" lon="-97.50511">
        <ele>141.1</ele>
      </trkpt>
      <trkpt lat="29.6646" lon="-97.50489">
        <ele>139.1</ele>
      </trkpt>
      <trkpt lat="29.66382" lon="-97.50467">
        <ele>138.2</ele>
      </trkpt>
      <trkpt lat="29.66303" lon="-97.50444">
        <ele>138.0</ele>
      </trkpt>
      <trkpt lat="29.66225" lon="-97.50422">
        <ele>137.3</ele>
      </trkpt>
      <trkpt lat="29.66146" lon="-97.504">
        <ele>136.3</ele>
      </trkpt>
      <trkpt lat="29.66068" lon="-97.50378">
        <ele>134.6</ele>
      </trkpt>
      <trkpt lat="29.66039" lon="-97.50374">
        <ele>134.2</ele>
      </trkpt>
      <trkpt lat="29.65982" lon="-97.5037">
        <ele>133.4</ele>
      </trkpt>
      <trkpt lat="29.65953" lon="-97.50371">
        <ele>132.9</ele>
      </trkpt>
      <trkpt lat="29.65925" lon="-97.50375">
        <ele>132.5</ele>
      </trkpt>
      <trkpt lat="29.65899" lon="-97.50381">
        <ele>132.4</ele>
      </trkpt>
      <trkpt lat="29.65899" lon="-97.50381">
        <ele>132.4</ele>
      </trkpt>
      <trkpt lat="29.65824" lon="-97.50402">
        <ele>132.3</ele>
      </trkpt>
      <trkpt lat="29.65744" lon="-97.50422">
        <ele>131.9</ele>
      </trkpt>
      <trkpt lat="29.65696" lon="-97.50431">
        <ele>130.8</ele>
      </trkpt>
      <trkpt lat="29.65629" lon="-97.5044">
        <ele>129.5</ele>
      </trkpt>
      <trkpt lat="29.65554" lon="-97.50449">
        <ele>128.4</ele>
      </trkpt>
      <trkpt lat="29.6548" lon="-97.50458">
        <ele>128.4</ele>
      </trkpt>
      <trkpt lat="29.65405" lon="-97.50467">
        <ele>128.4</ele>
      </trkpt>
      <trkpt lat="29.6533" lon="-97.50477">
        <ele>126.9</ele>
      </trkpt>
      <trkpt lat="29.65295" lon="-97.50479">
        <ele>126.3</ele>
      </trkpt>
      <trkpt lat="29.6526" lon="-97.5048">
        <ele>126.2</ele>
      </trkpt>
      <trkpt lat="29.65225" lon="-97.50478">
        <ele>126.4</ele>
      </trkpt>
      <trkpt lat="29.65209" lon="-97.50476">
        <ele>126.3</ele>
      </trkpt>
      <trkpt lat="29.65127" lon="-97.50464">
        <ele>124.8</ele>
      </trkpt>
      <trkpt lat="29.65045" lon="-97.50452">
        <ele>123.0</ele>
      </trkpt>
      <trkpt lat="29.64963" lon="-97.5044">
        <ele>122.4</ele>
      </trkpt>
      <trkpt lat="29.6488" lon="-97.50428">
        <ele>120.6</ele>
      </trkpt>
      <trkpt lat="29.64798" lon="-97.50416">
        <ele>119.8</ele>
      </trkpt>
      <trkpt lat="29.64716" lon="-97.50404">
        <ele>119.3</ele>
      </trkpt>
      <trkpt lat="29.64704" lon="-97.50401">
        <ele>119.2</ele>
      </trkpt>
      <trkpt lat="29.64687" lon="-97.50395">
        <ele>119.1</ele>
      </trkpt>
      <trkpt lat="29.64672" lon="-97.50387">
        <ele>118.8</ele>
      </trkpt>
      <trkpt lat="29.64658" lon="-97.50376">
        <ele>118.6</ele>
      </trkpt>
      <trkpt lat="29.64603" lon="-97.50323">
        <ele>117.8</ele>
      </trkpt>
      <trkpt lat="29.64549" lon="-97.5027">
        <ele>116.8</ele>
      </trkpt>
      <trkpt lat="29.64494" lon="-97.50217">
        <ele>117.2</ele>
      </trkpt>
      <trkpt lat="29.6444" lon="-97.50165">
        <ele>118.4</ele>
      </trkpt>
      <trkpt lat="29.64406" lon="-97.5021">
        <ele>118.2</ele>
      </trkpt>
      <trkpt lat="29.64372" lon="-97.50255">
        <ele>117.8</ele>
      </trkpt>
      <trkpt lat="29.64372" lon="-97.50255">
        <ele>117.8</ele>
      </trkpt>
      <trkpt lat="29.64326" lon="-97.50315">
        <ele>117.6</ele>
      </trkpt>
      <trkpt lat="29.6428" lon="-97.50375">
        <ele>117.4</ele>
      </trkpt>
      <trkpt lat="29.64235" lon="-97.50435">
        <ele>116.7</ele>
      </trkpt>
      <trkpt lat="29.64189" lon="-97.50495">
        <ele>115.4</ele>
      </trkpt>
      <trkpt lat="29.64135" lon="-97.50564">
        <ele>114.6</ele>
      </trkpt>
      <trkpt lat="29.64095" lon="-97.50622">
        <ele>115.2</ele>
      </trkpt>
      <trkpt lat="29.64083" lon="-97.50638">
        <ele>115.4</ele>
      </trkpt>
      <trkpt lat="29.64063" lon="-97.50619">
        <ele>114.6</ele>
      </trkpt>
      <trkpt lat="29.64028" lon="-97.50582">
        <ele>113.5</ele>
      </trkpt>
      <trkpt lat="29.63989" lon="-97.50544">
        <ele>114.6</ele>
      </trkpt>
      <trkpt lat="29.6394" lon="-97.50495">
        <ele>117.1</ele>
      </trkpt>
      <trkpt lat="29.63892" lon="-97.50446">
        <ele>120.3</ele>
      </trkpt>
      <trkpt lat="29.63848" lon="-97.50398">
        <ele>123.3</ele>
      </trkpt>
      <trkpt lat="29.63803" lon="-97.50346">
        <ele>124.4</ele>
      </trkpt>
      <trkpt lat="29.63762" lon="-97.50303">
        <ele>122.6</ele>
      </trkpt>
      <trkpt lat="29.63722" lon="-97.50259">
        <ele>121.3</ele>
      </trkpt>
      <trkpt lat="29.63673" lon="-97.50208">
        <ele>119.7</ele>
      </trkpt>
      <trkpt lat="29.63624" lon="-97.50157">
        <ele>118.4</ele>
      </trkpt>
      <trkpt lat="29.63575" lon="-97.50106">
        <ele>117.0</ele>
      </trkpt>
      <trkpt lat="29.6352" lon="-97.5005">
        <ele>115.7</ele>
      </trkpt>
      <trkpt lat="29.63505" lon="-97.50037">
        <ele>115.4</ele>
      </trkpt>
      <trkpt lat="29.63491" lon="-97.50028">
        <ele>115.4</ele>
      </trkpt>
      <trkpt lat="29.63477" lon="-97.50022">
        <ele>115.4</ele>
      </trkpt>
      <trkpt lat="29.63463" lon="-97.50019">
        <ele>115.4</ele>
      </trkpt>
      <trkpt lat="29.63457" lon="-97.50019">
        <ele>115.4</ele>
      </trkpt>
      <trkpt lat="29.6345" lon="-97.50022">
        <ele>115.4</ele>
      </trkpt>
      <trkpt lat="29.63444" lon="-97.50028">
        <ele>115.4</ele>
      </trkpt>
      <trkpt lat="29.63431" lon="-97.50044">
        <ele>115.4</ele>
      </trkpt>
      <trkpt lat="29.63404" lon="-97.50082">
        <ele>115.5</ele>
      </trkpt>
      <trkpt lat="29.63345" lon="-97.50159">
        <ele>116.8</ele>
      </trkpt>
      <trkpt lat="29.63286" lon="-97.50236">
        <ele>117.5</ele>
      </trkpt>
      <trkpt lat="29.63231" lon="-97.50307">
        <ele>118.0</ele>
      </trkpt>
      <trkpt lat="29.63176" lon="-97.50378">
        <ele>118.5</ele>
      </trkpt>
      <trkpt lat="29.63121" lon="-97.50449">
        <ele>117.9</ele>
      </trkpt>
      <trkpt lat="29.63117" lon="-97.50452">
        <ele>117.9</ele>
      </trkpt>
      <trkpt lat="29.63113" lon="-97.50453">
        <ele>117.9</ele>
      </trkpt>
      <trkpt lat="29.63105" lon="-97.50452">
        <ele>118.0</ele>
      </trkpt>
      <trkpt lat="29.631" lon="-97.50451">
        <ele>118.1</ele>
      </trkpt>
      <trkpt lat="29.63091" lon="-97.50444">
        <ele>118.2</ele>
      </trkpt>
      <trkpt lat="29.63075" lon="-97.50432">
        <ele>118.4</ele>
      </trkpt>
      <trkpt lat="29.63031" lon="-97.50392">
        <ele>119.3</ele>
      </trkpt>
      <trkpt lat="29.63028" lon="-97.50396">
        <ele>119.2</ele>
      </trkpt>
      <trkpt lat="29.6302" lon="-97.50403">
        <ele>119.3</ele>
      </trkpt>
      <trkpt lat="29.62976" lon="-97.50458">
        <ele>120.8</ele>
      </trkpt>
      <trkpt lat="29.62976" lon="-97.50458">
        <ele>120.8</ele>
      </trkpt>
      <trkpt lat="29.62926" lon="-97.50523">
        <ele>120.3</ele>
      </trkpt>
      <trkpt lat="29.62877" lon="-97.50588">
        <ele>119.3</ele>
      </trkpt>
      <trkpt lat="29.62827" lon="-97.50653">
        <ele>120.7</ele>
      </trkpt>
      <trkpt lat="29.62777" lon="-97.50717">
        <ele>122.6</ele>
      </trkpt>
      <trkpt lat="29.6275" lon="-97.50751">
        <ele>123.2</ele>
      </trkpt>
      <trkpt lat="29.62729" lon="-97.50774">
        <ele>123.2</ele>
      </trkpt>
      <trkpt lat="29.62714" lon="-97.50786">
        <ele>123.2</ele>
      </trkpt>
      <trkpt lat="29.62654" lon="-97.50812">
        <ele>123.1</ele>
      </trkpt>
      <trkpt lat="29.62618" lon="-97.50822">
        <ele>123.0</ele>
      </trkpt>
      <trkpt lat="29.62572" lon="-97.50836">
        <ele>121.6</ele>
      </trkpt>
      <trkpt lat="29.62527" lon="-97.5085">
        <ele>120.7</ele>
      </trkpt>
      <trkpt lat="29.62517" lon="-97.50854">
        <ele>120.6</ele>
      </trkpt>
      <trkpt lat="29.62501" lon="-97.50861">
        <ele>120.6</ele>
      </trkpt>
      <trkpt lat="29.62443" lon="-97.50892">
        <ele>121.2</ele>
      </trkpt>
      <trkpt lat="29.62422" lon="-97.50903">
        <ele>121.5</ele>
      </trkpt>
      <trkpt lat="29.62346" lon="-97.50934">
        <ele>124.0</ele>
      </trkpt>
      <trkpt lat="29.62271" lon="-97.50966">
        <ele>125.8</ele>
      </trkpt>
      <trkpt lat="29.62226" lon="-97.50982">
        <ele>125.8</ele>
      </trkpt>
      <trkpt lat="29.62175" lon="-97.50996">
        <ele>125.6</ele>
      </trkpt>
      <trkpt lat="29.62117" lon="-97.5101">
        <ele>125.3</ele>
      </trkpt>
      <trkpt lat="29.62059" lon="-97.51024">
        <ele>124.4</ele>
      </trkpt>
      <trkpt lat="29.62034" lon="-97.51032">
        <ele>123.5</ele>
      </trkpt>
      <trkpt lat="29.62009" lon="-97.51042">
        <ele>122.4</ele>
      </trkpt>
      <trkpt lat="29.61965" lon="-97.51064">
        <ele>121.1</ele>
      </trkpt>
      <trkpt lat="29.61921" lon="-97.51086">
        <ele>119.7</ele>
      </trkpt>
      <trkpt lat="29.61845" lon="-97.51124">
        <ele>118.5</ele>
      </trkpt>
      <trkpt lat="29.6177" lon="-97.51163">
        <ele>120.0</ele>
      </trkpt>
      <trkpt lat="29.61695" lon="-97.51202">
        <ele>121.2</ele>
      </trkpt>
      <trkpt lat="29.61619" lon="-97.5124">
        <ele>122.2</ele>
      </trkpt>
      <trkpt lat="29.61544" lon="-97.51279">
        <ele>121.6</ele>
      </trkpt>
      <trkpt lat="29.61533" lon="-97.51283">
        <ele>121.3</ele>
      </trkpt>
      <trkpt lat="29.61529" lon="-97.51284">
        <ele>121.2</ele>
      </trkpt>
      <trkpt lat="29.61524" lon="-97.51283">
        <ele>121.1</ele>
      </trkpt>
      <trkpt lat="29.6152" lon="-97.51282">
        <ele>121.1</ele>
      </trkpt>
      <trkpt lat="29.61512" lon="-97.51275">
        <ele>121.0</ele>
      </trkpt>
      <trkpt lat="29.61462" lon="-97.51224">
        <ele>119.7</ele>
      </trkpt>
      <trkpt lat="29.61411" lon="-97.51174">
        <ele>118.5</ele>
      </trkpt>
      <trkpt lat="29.61384" lon="-97.51145">
        <ele>117.6</ele>
      </trkpt>
      <trkpt lat="29.61372" lon="-97.51137">
        <ele>117.2</ele>
      </trkpt>
      <trkpt lat="29.61367" lon="-97.51134">
        <ele>117.0</ele>
      </trkpt>
      <trkpt lat="29.61362" lon="-97.51133">
        <ele>116.9</ele>
      </trkpt>
      <trkpt lat="29.61356" lon="-97.51134">
        <ele>116.8</ele>
      </trkpt>
      <trkpt lat="29.61351" lon="-97.51137">
        <ele>116.8</ele>
      </trkpt>
      <trkpt lat="29.61346" lon="-97.51141">
        <ele>116.8</ele>
      </trkpt>
      <trkpt lat="29.61336" lon="-97.51153">
        <ele>116.7</ele>
      </trkpt>
      <trkpt lat="29.6128" lon="-97.51231">
        <ele>116.6</ele>
      </trkpt>
      <trkpt lat="29.61231" lon="-97.51295">
        <ele>116.3</ele>
      </trkpt>
      <trkpt lat="29.61182" lon="-97.51359">
        <ele>114.4</ele>
      </trkpt>
      <trkpt lat="29.61143" lon="-97.51412">
        <ele>112.9</ele>
      </trkpt>
      <trkpt lat="29.61103" lon="-97.51466">
        <ele>111.6</ele>
      </trkpt>
      <trkpt lat="29.61062" lon="-97.51522">
        <ele>112.5</ele>
      </trkpt>
      <trkpt lat="29.61016" lon="-97.51584">
        <ele>113.7</ele>
      </trkpt>
      <trkpt lat="29.60969" lon="-97.51646">
        <ele>114.0</ele>
      </trkpt>
      <trkpt lat="29.60922" lon="-97.51708">
        <ele>113.6</ele>
      </trkpt>
      <trkpt lat="29.60917" lon="-97.5171">
        <ele>113.5</ele>
      </trkpt>
      <trkpt lat="29.60911" lon="-97.51711">
        <ele>113.4</ele>
      </trkpt>
      <trkpt lat="29.60906" lon="-97.5171">
        <ele>113.3</ele>
      </trkpt>
      <trkpt lat="29.60901" lon="-97.51707">
        <ele>113.1</ele>
      </trkpt>
      <trkpt lat="29.60883" lon="-97.5169">
        <ele>112.6</ele>
      </trkpt>
      <trkpt lat="29.60873" lon="-97.51682">
        <ele>112.4</ele>
      </trkpt>
      <trkpt lat="29.60864" lon="-97.51678">
        <ele>112.2</ele>
      </trkpt>
      <trkpt lat="29.6086" lon="-97.51677">
        <ele>112.1</ele>
      </trkpt>
      <trkpt lat="29.6085" lon="-97.51678">
        <ele>111.9</ele>
      </trkpt>
      <trkpt lat="29.60841" lon="-97.51682">
        <ele>111.8</ele>
      </trkpt>
      <trkpt lat="29.6083" lon="-97.51689">
        <ele>111.7</ele>
      </trkpt>
      <trkpt lat="29.60817" lon="-97.51699">
        <ele>111.6</ele>
      </trkpt>
      <trkpt lat="29.60807" lon="-97.51709">
        <ele>111.6</ele>
      </trkpt>
      <trkpt lat="29.60804" lon="-97.51713">
        <ele>111.6</ele>
      </trkpt>
      <trkpt lat="29.60799" lon="-97.51723">
        <ele>111.6</ele>
      </trkpt>
      <trkpt lat="29.60794" lon="-97.51735">
        <ele>111.7</ele>
      </trkpt>
      <trkpt lat="29.60774" lon="-97.51796">
        <ele>112.1</ele>
      </trkpt>
      <trkpt lat="29.60766" lon="-97.51816">
        <ele>112.1</ele>
      </trkpt>
      <trkpt lat="29.60754" lon="-97.51837">
        <ele>112.1</ele>
      </trkpt>
      <trkpt lat="29.60744" lon="-97.51849">
        <ele>112.0</ele>
      </trkpt>
      <trkpt lat="29.60734" lon="-97.5186">
        <ele>111.9</ele>
      </trkpt>
      <trkpt lat="29.60719" lon="-97.51874">
        <ele>111.8</ele>
      </trkpt>
      <trkpt lat="29.60703" lon="-97.51885">
        <ele>111.5</ele>
      </trkpt>
      <trkpt lat="29.60686" lon="-97.51894">
        <ele>111.3</ele>
      </trkpt>
      <trkpt lat="29.60668" lon="-97.51901">
        <ele>111.0</ele>
      </trkpt>
      <trkpt lat="29.60648" lon="-97.51906">
        <ele>110.8</ele>
      </trkpt>
      <trkpt lat="29.60613" lon="-97.51912">
        <ele>110.5</ele>
      </trkpt>
      <trkpt lat="29.6055" lon="-97.51918">
        <ele>109.8</ele>
      </trkpt>
      <trkpt lat="29.60487" lon="-97.51923">
        <ele>108.3</ele>
      </trkpt>
      <trkpt lat="29.60465" lon="-97.51927">
        <ele>107.7</ele>
      </trkpt>
      <trkpt lat="29.60408" lon="-97.51945">
        <ele>106.8</ele>
      </trkpt>
      <trkpt lat="29.60351" lon="-97.51963">
        <ele>105.4</ele>
      </trkpt>
      <trkpt lat="29.60266" lon="-97.51986">
        <ele>104.1</ele>
      </trkpt>
      <trkpt lat="29.60218" lon="-97.51999">
        <ele>103.6</ele>
      </trkpt>
      <trkpt lat="29.6017" lon="-97.52013">
        <ele>102.8</ele>
      </trkpt>
      <trkpt lat="29.60138" lon="-97.52024">
        <ele>102.6</ele>
      </trkpt>
      <trkpt lat="29.6009" lon="-97.52043">
        <ele>102.7</ele>
      </trkpt>
      <trkpt lat="29.60081" lon="-97.52048">
        <ele>102.8</ele>
      </trkpt>
      <trkpt lat="29.60075" lon="-97.52053">
        <ele>102.8</ele>
      </trkpt>
      <trkpt lat="29.60068" lon="-97.52059">
        <ele>102.9</ele>
      </trkpt>
      <trkpt lat="29.60058" lon="-97.52072">
        <ele>103.1</ele>
      </trkpt>
      <trkpt lat="29.60049" lon="-97.52086">
        <ele>103.3</ele>
      </trkpt>
      <trkpt lat="29.60032" lon="-97.52121">
        <ele>103.9</ele>
      </trkpt>
      <trkpt lat="29.60024" lon="-97.52135">
        <ele>104.0</ele>
      </trkpt>
      <trkpt lat="29.60014" lon="-97.52149">
        <ele>104.2</ele>
      </trkpt>
      <trkpt lat="29.60008" lon="-97.52155">
        <ele>104.3</ele>
      </trkpt>
      <trkpt lat="29.59996" lon="-97.52166">
        <ele>104.7</ele>
      </trkpt>
      <trkpt lat="29.59954" lon="-97.52195">
        <ele>106.5</ele>
      </trkpt>
      <trkpt lat="29.59912" lon="-97.52224">
        <ele>108.4</ele>
      </trkpt>
      <trkpt lat="29.59877" lon="-97.52247">
        <ele>110.0</ele>
      </trkpt>
      <trkpt lat="29.59856" lon="-97.52259">
        <ele>110.5</ele>
      </trkpt>
      <trkpt lat="29.59856" lon="-97.52259">
        <ele>110.5</ele>
      </trkpt>
      <trkpt lat="29.59811" lon="-97.52285">
        <ele>110.4</ele>
      </trkpt>
      <trkpt lat="29.59765" lon="-97.52312">
        <ele>109.8</ele>
      </trkpt>
      <trkpt lat="29.59746" lon="-97.52322">
        <ele>110.5</ele>
      </trkpt>
      <trkpt lat="29.59737" lon="-97.52325">
        <ele>110.8</ele>
      </trkpt>
      <trkpt lat="29.59728" lon="-97.52328">
        <ele>111.1</ele>
      </trkpt>
      <trkpt lat="29.59719" lon="-97.52329">
        <ele>111.5</ele>
      </trkpt>
      <trkpt lat="29.5971" lon="-97.52329">
        <ele>111.9</ele>
      </trkpt>
      <trkpt lat="29.59642" lon="-97.52317">
        <ele>112.7</ele>
      </trkpt>
      <trkpt lat="29.59574" lon="-97.52306">
        <ele>113.5</ele>
      </trkpt>
      <trkpt lat="29.59516" lon="-97.52301">
        <ele>114.1</ele>
      </trkpt>
      <trkpt lat="29.59493" lon="-97.52297">
        <ele>114.0</ele>
      </trkpt>
      <trkpt lat="29.59481" lon="-97.52294">
        <ele>114.0</ele>
      </trkpt>
      <trkpt lat="29.59456" lon="-97.52284">
        <ele>113.6</ele>
      </trkpt>
      <trkpt lat="29.59433" lon="-97.5227">
        <ele>113.7</ele>
      </trkpt>
      <trkpt lat="29.59391" lon="-97.52244">
        <ele>114.4</ele>
      </trkpt>
      <trkpt lat="29.59373" lon="-97.52236">
        <ele>114.3</ele>
      </trkpt>
      <trkpt lat="29.59354" lon="-97.5223">
        <ele>113.9</ele>
      </trkpt>
      <trkpt lat="29.59279" lon="-97.52222">
        <ele>111.2</ele>
      </trkpt>
      <trkpt lat="29.59253" lon="-97.52218">
        <ele>109.9</ele>
      </trkpt>
      <trkpt lat="29.59227" lon="-97.52212">
        <ele>109.4</ele>
      </trkpt>
      <trkpt lat="29.592" lon="-97.52204">
        <ele>109.2</ele>
      </trkpt>
      <trkpt lat="29.59145" lon="-97.52185">
        <ele>108.2</ele>
      </trkpt>
      <trkpt lat="29.59064" lon="-97.52154">
        <ele>108.2</ele>
      </trkpt>
      <trkpt lat="29.59037" lon="-97.52146">
        <ele>108.8</ele>
      </trkpt>
      <trkpt lat="29.59029" lon="-97.52145">
        <ele>109.1</ele>
      </trkpt>
      <trkpt lat="29.59021" lon="-97.52146">
        <ele>109.5</ele>
      </trkpt>
      <trkpt lat="29.59014" lon="-97.52148">
        <ele>109.8</ele>
      </trkpt>
      <trkpt lat="29.59007" lon="-97.52152">
        <ele>110.1</ele>
      </trkpt>
      <trkpt lat="29.58938" lon="-97.52205">
        <ele>110.0</ele>
      </trkpt>
      <trkpt lat="29.58896" lon="-97.52148">
        <ele>108.9</ele>
      </trkpt>
      <trkpt lat="29.58854" lon="-97.52092">
        <ele>106.8</ele>
      </trkpt>
      <trkpt lat="29.58812" lon="-97.52035">
        <ele>104.4</ele>
      </trkpt>
      <trkpt lat="29.58777" lon="-97.51988">
        <ele>100.7</ele>
      </trkpt>
      <trkpt lat="29.58748" lon="-97.51948">
        <ele>97.5</ele>
      </trkpt>
      <trkpt lat="29.58719" lon="-97.51908">
        <ele>96.1</ele>
      </trkpt>
      <trkpt lat="29.58687" lon="-97.51866">
        <ele>95.4</ele>
      </trkpt>
      <trkpt lat="29.58655" lon="-97.51824">
        <ele>95.0</ele>
      </trkpt>
      <trkpt lat="29.58648" lon="-97.51811">
        <ele>94.8</ele>
      </trkpt>
      <trkpt lat="29.58645" lon="-97.51802">
        <ele>94.9</ele>
      </trkpt>
      <trkpt lat="29.58644" lon="-97.51794">
        <ele>95.1</ele>
      </trkpt>
      <trkpt lat="29.58644" lon="-97.51785">
        <ele>95.2</ele>
      </trkpt>
      <trkpt lat="29.58648" lon="-97.51756">
        <ele>97.1</ele>
      </trkpt>
      <trkpt lat="29.58651" lon="-97.5174">
        <ele>97.7</ele>
      </trkpt>
      <trkpt lat="29.58658" lon="-97.51723">
        <ele>97.9</ele>
      </trkpt>
      <trkpt lat="29.58663" lon="-97.51714">
        <ele>98.0</ele>
      </trkpt>
      <trkpt lat="29.58669" lon="-97.51706">
        <ele>98.0</ele>
      </trkpt>
      <trkpt lat="29.58684" lon="-97.5169">
        <ele>98.1</ele>
      </trkpt>
      <trkpt lat="29.58742" lon="-97.51637">
        <ele>100.7</ele>
      </trkpt>
      <trkpt lat="29.58777" lon="-97.51603">
        <ele>104.0</ele>
      </trkpt>
      <trkpt lat="29.58812" lon="-97.5157">
        <ele>104.3</ele>
      </trkpt>
      <trkpt lat="29.58871" lon="-97.51514">
        <ele>104.3</ele>
      </trkpt>
      <trkpt lat="29.58929" lon="-97.51458">
        <ele>102.1</ele>
      </trkpt>
      <trkpt lat="29.58988" lon="-97.51401">
        <ele>98.6</ele>
      </trkpt>
      <trkpt lat="29.5904" lon="-97.51352">
        <ele>98.9</ele>
      </trkpt>
      <trkpt lat="29.59093" lon="-97.51303">
        <ele>103.0</ele>
      </trkpt>
      <trkpt lat="29.59145" lon="-97.51254">
        <ele>108.9</ele>
      </trkpt>
      <trkpt lat="29.59212" lon="-97.51189">
        <ele>110.4</ele>
      </trkpt>
      <trkpt lat="29.59279" lon="-97.51125">
        <ele>111.6</ele>
      </trkpt>
      <trkpt lat="29.59346" lon="-97.5106">
        <ele>112.5</ele>
      </trkpt>
      <trkpt lat="29.59394" lon="-97.51015">
        <ele>112.4</ele>
      </trkpt>
      <trkpt lat="29.59442" lon="-97.50969">
        <ele>112.4</ele>
      </trkpt>
      <trkpt lat="29.5949" lon="-97.50924">
        <ele>112.4</ele>
      </trkpt>
      <trkpt lat="29.59539" lon="-97.50876">
        <ele>112.4</ele>
      </trkpt>
      <trkpt lat="29.59589" lon="-97.50828">
        <ele>112.5</ele>
      </trkpt>
      <trkpt lat="29.59639" lon="-97.5078">
        <ele>112.4</ele>
      </trkpt>
      <trkpt lat="29.59688" lon="-97.50733">
        <ele>112.3</ele>
      </trkpt>
      <trkpt lat="29.59738" lon="-97.50687">
        <ele>112.6</ele>
      </trkpt>
      <trkpt lat="29.59796" lon="-97.50633">
        <ele>111.9</ele>
      </trkpt>
      <trkpt lat="29.59854" lon="-97.5058">
        <ele>112.5</ele>
      </trkpt>
      <trkpt lat="29.59917" lon="-97.50518">
        <ele>116.1</ele>
      </trkpt>
      <trkpt lat="29.59933" lon="-97.505">
        <ele>115.9</ele>
      </trkpt>
      <trkpt lat="29.59956" lon="-97.5051">
        <ele>115.2</ele>
      </trkpt>
      <trkpt lat="29.59985" lon="-97.50526">
        <ele>113.1</ele>
      </trkpt>
      <trkpt lat="29.60031" lon="-97.5055">
        <ele>112.3</ele>
      </trkpt>
      <trkpt lat="29.60076" lon="-97.50575">
        <ele>111.1</ele>
      </trkpt>
      <trkpt lat="29.60153" lon="-97.50615">
        <ele>109.4</ele>
      </trkpt>
      <trkpt lat="29.60203" lon="-97.50643">
        <ele>108.9</ele>
      </trkpt>
      <trkpt lat="29.60203" lon="-97.50643">
        <ele>108.9</ele>
      </trkpt>
      <trkpt lat="29.60249" lon="-97.50668">
        <ele>110.5</ele>
      </trkpt>
      <trkpt lat="29.60295" lon="-97.50693">
        <ele>110.4</ele>
      </trkpt>
      <trkpt lat="29.60317" lon="-97.50703">
        <ele>110.0</ele>
      </trkpt>
      <trkpt lat="29.60395" lon="-97.50726">
        <ele>108.5</ele>
      </trkpt>
      <trkpt lat="29.60475" lon="-97.50752">
        <ele>107.3</ele>
      </trkpt>
      <trkpt lat="29.60491" lon="-97.50756">
        <ele>106.9</ele>
      </trkpt>
      <trkpt lat="29.60498" lon="-97.50756">
        <ele>106.7</ele>
      </trkpt>
      <trkpt lat="29.60505" lon="-97.50754">
        <ele>106.6</ele>
      </trkpt>
      <trkpt lat="29.60511" lon="-97.50751">
        <ele>106.4</ele>
      </trkpt>
      <trkpt lat="29.60516" lon="-97.50747">
        <ele>106.3</ele>
      </trkpt>
      <trkpt lat="29.60521" lon="-97.50741">
        <ele>106.2</ele>
      </trkpt>
      <trkpt lat="29.60526" lon="-97.50734">
        <ele>106.1</ele>
      </trkpt>
      <trkpt lat="29.60556" lon="-97.50681">
        <ele>105.8</ele>
      </trkpt>
      <trkpt lat="29.60585" lon="-97.50629">
        <ele>105.9</ele>
      </trkpt>
      <trkpt lat="29.60615" lon="-97.50573">
        <ele>106.5</ele>
      </trkpt>
      <trkpt lat="29.60646" lon="-97.50518">
        <ele>107.0</ele>
      </trkpt>
      <trkpt lat="29.60661" lon="-97.50493">
        <ele>107.1</ele>
      </trkpt>
      <trkpt lat="29.60666" lon="-97.50486">
        <ele>107.1</ele>
      </trkpt>
      <trkpt lat="29.60679" lon="-97.50474">
        <ele>107.1</ele>
      </trkpt>
      <trkpt lat="29.60708" lon="-97.50454">
        <ele>107.6</ele>
      </trkpt>
      <trkpt lat="29.60722" lon="-97.50442">
        <ele>107.8</ele>
      </trkpt>
      <trkpt lat="29.60728" lon="-97.50435">
        <ele>107.9</ele>
      </trkpt>
      <trkpt lat="29.60749" lon="-97.50397">
        <ele>108.0</ele>
      </trkpt>
      <trkpt lat="29.60755" lon="-97.50385">
        <ele>108.1</ele>
      </trkpt>
      <trkpt lat="29.60767" lon="-97.50357">
        <ele>108.3</ele>
      </trkpt>
      <trkpt lat="29.60772" lon="-97.5034">
        <ele>108.4</ele>
      </trkpt>
      <trkpt lat="29.608" lon="-97.50251">
        <ele>109.5</ele>
      </trkpt>
      <trkpt lat="29.60806" lon="-97.50233">
        <ele>109.6</ele>
      </trkpt>
      <trkpt lat="29.60815" lon="-97.50214">
        <ele>109.7</ele>
      </trkpt>
      <trkpt lat="29.60843" lon="-97.50158">
        <ele>109.7</ele>
      </trkpt>
      <trkpt lat="29.60854" lon="-97.50132">
        <ele>110.3</ele>
      </trkpt>
      <trkpt lat="29.60863" lon="-97.501">
        <ele>110.6</ele>
      </trkpt>
      <trkpt lat="29.60871" lon="-97.50059">
        <ele>111.5</ele>
      </trkpt>
      <trkpt lat="29.60876" lon="-97.5003">
        <ele>112.2</ele>
      </trkpt>
      <trkpt lat="29.60882" lon="-97.50006">
        <ele>112.5</ele>
      </trkpt>
      <trkpt lat="29.60895" lon="-97.49963">
        <ele>112.9</ele>
      </trkpt>
      <trkpt lat="29.60918" lon="-97.49887">
        <ele>114.3</ele>
      </trkpt>
      <trkpt lat="29.60939" lon="-97.49825">
        <ele>115.6</ele>
      </trkpt>
      <trkpt lat="29.60959" lon="-97.4976">
        <ele>117.5</ele>
      </trkpt>
      <trkpt lat="29.60969" lon="-97.49733">
        <ele>118.1</ele>
      </trkpt>
      <trkpt lat="29.60993" lon="-97.49662">
        <ele>119.2</ele>
      </trkpt>
      <trkpt lat="29.61017" lon="-97.49591">
        <ele>119.1</ele>
      </trkpt>
      <trkpt lat="29.61041" lon="-97.4952">
        <ele>118.8</ele>
      </trkpt>
      <trkpt lat="29.61071" lon="-97.49434">
        <ele>119.6</ele>
      </trkpt>
      <trkpt lat="29.61101" lon="-97.49347">
        <ele>120.5</ele>
      </trkpt>
      <trkpt lat="29.61129" lon="-97.49273">
        <ele>121.6</ele>
      </trkpt>
      <trkpt lat="29.61157" lon="-97.49197">
        <ele>123.7</ele>
      </trkpt>
      <trkpt lat="29.61181" lon="-97.49129">
        <ele>126.3</ele>
      </trkpt>
      <trkpt lat="29.61211" lon="-97.49042">
        <ele>129.8</ele>
      </trkpt>
      <trkpt lat="29.6124" lon="-97.48954">
        <ele>131.7</ele>
      </trkpt>
      <trkpt lat="29.61263" lon="-97.4889">
        <ele>129.8</ele>
      </trkpt>
      <trkpt lat="29.6127" lon="-97.48866">
        <ele>128.7</ele>
      </trkpt>
      <trkpt lat="29.61274" lon="-97.48842">
        <ele>127.9</ele>
      </trkpt>
      <trkpt lat="29.61274" lon="-97.48819">
        <ele>127.4</ele>
      </trkpt>
      <trkpt lat="29.61273" lon="-97.48803">
        <ele>127.4</ele>
      </trkpt>
      <trkpt lat="29.61269" lon="-97.48785">
        <ele>127.5</ele>
      </trkpt>
      <trkpt lat="29.61266" lon="-97.48774">
        <ele>127.7</ele>
      </trkpt>
      <trkpt lat="29.6126" lon="-97.48761">
        <ele>128.0</ele>
      </trkpt>
      <trkpt lat="29.61247" lon="-97.4874">
        <ele>129.0</ele>
      </trkpt>
      <trkpt lat="29.61227" lon="-97.48711">
        <ele>129.8</ele>
      </trkpt>
      <trkpt lat="29.6118" lon="-97.48645">
        <ele>130.6</ele>
      </trkpt>
      <trkpt lat="29.61133" lon="-97.4858">
        <ele>130.7</ele>
      </trkpt>
      <trkpt lat="29.61088" lon="-97.48517">
        <ele>129.9</ele>
      </trkpt>
      <trkpt lat="29.61042" lon="-97.48453">
        <ele>128.9</ele>
      </trkpt>
      <trkpt lat="29.60997" lon="-97.4839">
        <ele>128.0</ele>
      </trkpt>
      <trkpt lat="29.60957" lon="-97.48335">
        <ele>127.4</ele>
      </trkpt>
      <trkpt lat="29.60916" lon="-97.48279">
        <ele>127.1</ele>
      </trkpt>
      <trkpt lat="29.60908" lon="-97.48265">
        <ele>127.3</ele>
      </trkpt>
      <trkpt lat="29.60906" lon="-97.48258">
        <ele>127.4</ele>
      </trkpt>
      <trkpt lat="29.60905" lon="-97.48251">
        <ele>127.6</ele>
      </trkpt>
      <trkpt lat="29.60905" lon="-97.48244">
        <ele>127.8</ele>
      </trkpt>
      <trkpt lat="29.60906" lon="-97.48238">
        <ele>128.0</ele>
      </trkpt>
      <trkpt lat="29.6091" lon="-97.48231">
        <ele>128.1</ele>
      </trkpt>
      <trkpt lat="29.60915" lon="-97.48225">
        <ele>128.1</ele>
      </trkpt>
      <trkpt lat="29.60977" lon="-97.48167">
        <ele>130.0</ele>
      </trkpt>
      <trkpt lat="29.6104" lon="-97.48109">
        <ele>131.5</ele>
      </trkpt>
      <trkpt lat="29.61103" lon="-97.48051">
        <ele>131.9</ele>
      </trkpt>
      <trkpt lat="29.61166" lon="-97.47992">
        <ele>133.1</ele>
      </trkpt>
      <trkpt lat="29.61229" lon="-97.47934">
        <ele>134.4</ele>
      </trkpt>
      <trkpt lat="29.61291" lon="-97.47876">
        <ele>135.0</ele>
      </trkpt>
      <trkpt lat="29.6133" lon="-97.47839">
        <ele>135.1</ele>
      </trkpt>
      <trkpt lat="29.61369" lon="-97.47803">
        <ele>135.3</ele>
      </trkpt>
      <trkpt lat="29.61375" lon="-97.47797">
        <ele>135.3</ele>
      </trkpt>
      <trkpt lat="29.61361" lon="-97.47785">
        <ele>134.8</ele>
      </trkpt>
      <trkpt lat="29.6134" lon="-97.4777">
        <ele>134.5</ele>
      </trkpt>
      <trkpt lat="29.61317" lon="-97.47757">
        <ele>134.0</ele>
      </trkpt>
      <trkpt lat="29.6126" lon="-97.4773">
        <ele>132.9</ele>
      </trkpt>
      <trkpt lat="29.61203" lon="-97.47702">
        <ele>131.9</ele>
      </trkpt>
      <trkpt lat="29.61146" lon="-97.47675">
        <ele>131.1</ele>
      </trkpt>
      <trkpt lat="29.61146" lon="-97.47675">
        <ele>131.1</ele>
      </trkpt>
      <trkpt lat="29.61097" lon="-97.47651">
        <ele>132.5</ele>
      </trkpt>
      <trkpt lat="29.61048" lon="-97.47628">
        <ele>134.4</ele>
      </trkpt>
      <trkpt lat="29.60966" lon="-97.47601">
        <ele>134.8</ele>
      </trkpt>
      <trkpt lat="29.60939" lon="-97.47593">
        <ele>134.4</ele>
      </trkpt>
      <trkpt lat="29.60898" lon="-97.47583">
        <ele>134.2</ele>
      </trkpt>
      <trkpt lat="29.60898" lon="-97.47574">
        <ele>134.2</ele>
      </trkpt>
      <trkpt lat="29.60897" lon="-97.47568">
        <ele>134.1</ele>
      </trkpt>
      <trkpt lat="29.60895" lon="-97.47563">
        <ele>134.1</ele>
      </trkpt>
      <trkpt lat="29.60889" lon="-97.47552">
        <ele>134.1</ele>
      </trkpt>
      <trkpt lat="29.60832" lon="-97.47472">
        <ele>135.9</ele>
      </trkpt>
      <trkpt lat="29.60775" lon="-97.47393">
        <ele>136.2</ele>
      </trkpt>
      <trkpt lat="29.60742" lon="-97.47347">
        <ele>135.7</ele>
      </trkpt>
      <trkpt lat="29.6073" lon="-97.47335">
        <ele>135.5</ele>
      </trkpt>
      <trkpt lat="29.60731" lon="-97.47329">
        <ele>135.5</ele>
      </trkpt>
      <trkpt lat="29.6073" lon="-97.47322">
        <ele>135.4</ele>
      </trkpt>
      <trkpt lat="29.60731" lon="-97.47314">
        <ele>135.4</ele>
      </trkpt>
      <trkpt lat="29.60734" lon="-97.47307">
        <ele>135.3</ele>
      </trkpt>
      <trkpt lat="29.60738" lon="-97.473">
        <ele>135.3</ele>
      </trkpt>
      <trkpt lat="29.6075" lon="-97.47287">
        <ele>135.3</ele>
      </trkpt>
      <trkpt lat="29.60807" lon="-97.47236">
        <ele>135.2</ele>
      </trkpt>
      <trkpt lat="29.60863" lon="-97.47185">
        <ele>133.9</ele>
      </trkpt>
      <trkpt lat="29.6092" lon="-97.47134">
        <ele>132.7</ele>
      </trkpt>
      <trkpt lat="29.60977" lon="-97.47083">
        <ele>131.8</ele>
      </trkpt>
      <trkpt lat="29.61034" lon="-97.47031">
        <ele>131.9</ele>
      </trkpt>
      <trkpt lat="29.61087" lon="-97.46982">
        <ele>131.0</ele>
      </trkpt>
      <trkpt lat="29.6114" lon="-97.46933">
        <ele>130.5</ele>
      </trkpt>
      <trkpt lat="29.61196" lon="-97.46881">
        <ele>131.6</ele>
      </trkpt>
      <trkpt lat="29.61251" lon="-97.4683">
        <ele>131.6</ele>
      </trkpt>
      <trkpt lat="29.61276" lon="-97.46805">
        <ele>131.4</ele>
      </trkpt>
      <trkpt lat="29.61317" lon="-97.4677">
        <ele>130.4</ele>
      </trkpt>
      <trkpt lat="29.61366" lon="-97.46724">
        <ele>130.8</ele>
      </trkpt>
      <trkpt lat="29.61406" lon="-97.46688">
        <ele>132.1</ele>
      </trkpt>
      <trkpt lat="29.61446" lon="-97.46652">
        <ele>133.4</ele>
      </trkpt>
      <trkpt lat="29.61483" lon="-97.46617">
        <ele>133.7</ele>
      </trkpt>
      <trkpt lat="29.61521" lon="-97.46583">
        <ele>133.6</ele>
      </trkpt>
      <trkpt lat="29.61558" lon="-97.4655">
        <ele>132.8</ele>
      </trkpt>
      <trkpt lat="29.61594" lon="-97.46518">
        <ele>130.7</ele>
      </trkpt>
      <trkpt lat="29.61634" lon="-97.46481">
        <ele>131.3</ele>
      </trkpt>
      <trkpt lat="29.61673" lon="-97.46444">
        <ele>133.3</ele>
      </trkpt>
      <trkpt lat="29.61724" lon="-97.464">
        <ele>134.4</ele>
      </trkpt>
      <trkpt lat="29.6177" lon="-97.46353">
        <ele>135.8</ele>
      </trkpt>
      <trkpt lat="29.61834" lon="-97.46292">
        <ele>136.5</ele>
      </trkpt>
      <trkpt lat="29.61898" lon="-97.46232">
        <ele>137.7</ele>
      </trkpt>
      <trkpt lat="29.61962" lon="-97.46172">
        <ele>139.0</ele>
      </trkpt>
      <trkpt lat="29.62024" lon="-97.46114">
        <ele>138.8</ele>
      </trkpt>
      <trkpt lat="29.62087" lon="-97.46057">
        <ele>137.0</ele>
      </trkpt>
      <trkpt lat="29.62149" lon="-97.46">
        <ele>135.7</ele>
      </trkpt>
      <trkpt lat="29.62156" lon="-97.4599">
        <ele>135.4</ele>
      </trkpt>
      <trkpt lat="29.62158" lon="-97.45984">
        <ele>135.2</ele>
      </trkpt>
      <trkpt lat="29.62158" lon="-97.45978">
        <ele>135.0</ele>
      </trkpt>
      <trkpt lat="29.62157" lon="-97.4597">
        <ele>134.8</ele>
      </trkpt>
      <trkpt lat="29.62154" lon="-97.45963">
        <ele>134.6</ele>
      </trkpt>
      <trkpt lat="29.6215" lon="-97.45956">
        <ele>134.5</ele>
      </trkpt>
      <trkpt lat="29.62101" lon="-97.45886">
        <ele>131.9</ele>
      </trkpt>
      <trkpt lat="29.62051" lon="-97.45815">
        <ele>131.0</ele>
      </trkpt>
      <trkpt lat="29.62014" lon="-97.45761">
        <ele>131.5</ele>
      </trkpt>
      <trkpt lat="29.61976" lon="-97.45706">
        <ele>131.7</ele>
      </trkpt>
      <trkpt lat="29.61939" lon="-97.45651">
        <ele>130.4</ele>
      </trkpt>
      <trkpt lat="29.61932" lon="-97.45639">
        <ele>130.3</ele>
      </trkpt>
      <trkpt lat="29.61926" lon="-97.45623">
        <ele>130.3</ele>
      </trkpt>
      <trkpt lat="29.61924" lon="-97.45613">
        <ele>130.4</ele>
      </trkpt>
      <trkpt lat="29.61922" lon="-97.45604">
        <ele>130.5</ele>
      </trkpt>
      <trkpt lat="29.61922" lon="-97.45584">
        <ele>130.8</ele>
      </trkpt>
      <trkpt lat="29.61923" lon="-97.45506">
        <ele>131.8</ele>
      </trkpt>
      <trkpt lat="29.61923" lon="-97.45415">
        <ele>131.0</ele>
      </trkpt>
      <trkpt lat="29.61923" lon="-97.45323">
        <ele>130.1</ele>
      </trkpt>
      <trkpt lat="29.61923" lon="-97.45232">
        <ele>128.7</ele>
      </trkpt>
      <trkpt lat="29.61923" lon="-97.4518">
        <ele>127.7</ele>
      </trkpt>
      <trkpt lat="29.61924" lon="-97.45129">
        <ele>126.9</ele>
      </trkpt>
      <trkpt lat="29.61924" lon="-97.4505">
        <ele>130.5</ele>
      </trkpt>
      <trkpt lat="29.61924" lon="-97.44971">
        <ele>130.3</ele>
      </trkpt>
      <trkpt lat="29.61924" lon="-97.44892">
        <ele>128.1</ele>
      </trkpt>
      <trkpt lat="29.61923" lon="-97.44813">
        <ele>127.8</ele>
      </trkpt>
      <trkpt lat="29.61923" lon="-97.44813">
        <ele>127.8</ele>
      </trkpt>
      <trkpt lat="29.61924" lon="-97.4474">
        <ele>130.4</ele>
      </trkpt>
      <trkpt lat="29.61923" lon="-97.44659">
        <ele>132.5</ele>
      </trkpt>
      <trkpt lat="29.61923" lon="-97.44577">
        <ele>133.5</ele>
      </trkpt>
      <trkpt lat="29.61922" lon="-97.44494">
        <ele>132.1</ele>
      </trkpt>
      <trkpt lat="29.61922" lon="-97.44412">
        <ele>131.1</ele>
      </trkpt>
      <trkpt lat="29.61923" lon="-97.44319">
        <ele>133.8</ele>
      </trkpt>
      <trkpt lat="29.61924" lon="-97.44226">
        <ele>137.3</ele>
      </trkpt>
      <trkpt lat="29.61924" lon="-97.44144">
        <ele>137.7</ele>
      </trkpt>
      <trkpt lat="29.61924" lon="-97.44061">
        <ele>135.1</ele>
      </trkpt>
      <trkpt lat="29.61925" lon="-97.43979">
        <ele>133.0</ele>
      </trkpt>
      <trkpt lat="29.61924" lon="-97.43898">
        <ele>131.2</ele>
      </trkpt>
      <trkpt lat="29.61924" lon="-97.43816">
        <ele>130.4</ele>
      </trkpt>
      <trkpt lat="29.61923" lon="-97.43735">
        <ele>129.2</ele>
      </trkpt>
      <trkpt lat="29.61923" lon="-97.43636">
        <ele>128.0</ele>
      </trkpt>
      <trkpt lat="29.61923" lon="-97.43608">
        <ele>127.8</ele>
      </trkpt>
      <trkpt lat="29.61924" lon="-97.43593">
        <ele>127.7</ele>
      </trkpt>
      <trkpt lat="29.61917" lon="-97.43597">
        <ele>127.8</ele>
      </trkpt>
      <trkpt lat="29.61905" lon="-97.43601">
        <ele>127.8</ele>
      </trkpt>
      <trkpt lat="29.61883" lon="-97.43603">
        <ele>127.9</ele>
      </trkpt>
      <trkpt lat="29.61842" lon="-97.43604">
        <ele>128.0</ele>
      </trkpt>
      <trkpt lat="29.61783" lon="-97.43604">
        <ele>128.2</ele>
      </trkpt>
      <trkpt lat="29.61725" lon="-97.43604">
        <ele>128.2</ele>
      </trkpt>
      <trkpt lat="29.61664" lon="-97.43602">
        <ele>128.2</ele>
      </trkpt>
      <trkpt lat="29.61604" lon="-97.43601">
        <ele>128.0</ele>
      </trkpt>
      <trkpt lat="29.61522" lon="-97.43601">
        <ele>127.8</ele>
      </trkpt>
      <trkpt lat="29.61441" lon="-97.43601">
        <ele>127.7</ele>
      </trkpt>
      <trkpt lat="29.6136" lon="-97.43602">
        <ele>127.5</ele>
      </trkpt>
      <trkpt lat="29.61279" lon="-97.43602">
        <ele>127.5</ele>
      </trkpt>
      <trkpt lat="29.61197" lon="-97.43602">
        <ele>127.4</ele>
      </trkpt>
      <trkpt lat="29.61129" lon="-97.43602">
        <ele>127.3</ele>
      </trkpt>
      <trkpt lat="29.6106" lon="-97.43601">
        <ele>127.2</ele>
      </trkpt>
      <trkpt lat="29.60991" lon="-97.43601">
        <ele>127.0</ele>
      </trkpt>
      <trkpt lat="29.6091" lon="-97.43601">
        <ele>126.7</ele>
      </trkpt>
      <trkpt lat="29.60829" lon="-97.43601">
        <ele>126.2</ele>
      </trkpt>
      <trkpt lat="29.60748" lon="-97.43601">
        <ele>125.5</ele>
      </trkpt>
      <trkpt lat="29.60666" lon="-97.43602">
        <ele>124.9</ele>
      </trkpt>
      <trkpt lat="29.60585" lon="-97.43602">
        <ele>124.9</ele>
      </trkpt>
      <trkpt lat="29.6053" lon="-97.43601">
        <ele>125.9</ele>
      </trkpt>
      <trkpt lat="29.60475" lon="-97.43601">
        <ele>127.0</ele>
      </trkpt>
      <trkpt lat="29.60467" lon="-97.43601">
        <ele>127.2</ele>
      </trkpt>
      <trkpt lat="29.6046" lon="-97.43603">
        <ele>127.3</ele>
      </trkpt>
      <trkpt lat="29.60454" lon="-97.43607">
        <ele>127.5</ele>
      </trkpt>
      <trkpt lat="29.60449" lon="-97.43612">
        <ele>127.7</ele>
      </trkpt>
      <trkpt lat="29.60446" lon="-97.43618">
        <ele>127.9</ele>
      </trkpt>
      <trkpt lat="29.60444" lon="-97.43626">
        <ele>128.0</ele>
      </trkpt>
      <trkpt lat="29.60442" lon="-97.43642">
        <ele>128.2</ele>
      </trkpt>
      <trkpt lat="29.60442" lon="-97.43696">
        <ele>128.3</ele>
      </trkpt>
      <trkpt lat="29.60442" lon="-97.4375">
        <ele>128.4</ele>
      </trkpt>
      <trkpt lat="29.60442" lon="-97.43759">
        <ele>128.4</ele>
      </trkpt>
      <trkpt lat="29.60442" lon="-97.4381">
        <ele>128.3</ele>
      </trkpt>
      <trkpt lat="29.60442" lon="-97.4384">
        <ele>128.2</ele>
      </trkpt>
      <trkpt lat="29.60441" lon="-97.43849">
        <ele>128.2</ele>
      </trkpt>
      <trkpt lat="29.60439" lon="-97.43858">
        <ele>128.2</ele>
      </trkpt>
      <trkpt lat="29.60437" lon="-97.43865">
        <ele>128.2</ele>
      </trkpt>
      <trkpt lat="29.60433" lon="-97.43871">
        <ele>128.2</ele>
      </trkpt>
      <trkpt lat="29.60428" lon="-97.43876">
        <ele>128.2</ele>
      </trkpt>
      <trkpt lat="29.60422" lon="-97.43878">
        <ele>128.3</ele>
      </trkpt>
      <trkpt lat="29.60415" lon="-97.43879">
        <ele>128.4</ele>
      </trkpt>
      <trkpt lat="29.60347" lon="-97.43879">
        <ele>129.1</ele>
      </trkpt>
      <trkpt lat="29.60278" lon="-97.4388">
        <ele>130.3</ele>
      </trkpt>
      <trkpt lat="29.60216" lon="-97.43881">
        <ele>131.2</ele>
      </trkpt>
      <trkpt lat="29.60154" lon="-97.43882">
        <ele>131.6</ele>
      </trkpt>
      <trkpt lat="29.60092" lon="-97.43883">
        <ele>131.1</ele>
      </trkpt>
      <trkpt lat="29.60045" lon="-97.43883">
        <ele>130.8</ele>
      </trkpt>
      <trkpt lat="29.59999" lon="-97.43883">
        <ele>130.6</ele>
      </trkpt>
      <trkpt lat="29.59936" lon="-97.43883">
        <ele>130.3</ele>
      </trkpt>
      <trkpt lat="29.59873" lon="-97.43882">
        <ele>130.0</ele>
      </trkpt>
      <trkpt lat="29.59806" lon="-97.43881">
        <ele>129.5</ele>
      </trkpt>
      <trkpt lat="29.59731" lon="-97.4388">
        <ele>129.0</ele>
      </trkpt>
      <trkpt lat="29.59657" lon="-97.43879">
        <ele>128.9</ele>
      </trkpt>
      <trkpt lat="29.59597" lon="-97.43877">
        <ele>128.6</ele>
      </trkpt>
      <trkpt lat="29.59579" lon="-97.43875">
        <ele>128.4</ele>
      </trkpt>
      <trkpt lat="29.59563" lon="-97.43871">
        <ele>128.2</ele>
      </trkpt>
      <trkpt lat="29.59538" lon="-97.43861">
        <ele>128.0</ele>
      </trkpt>
      <trkpt lat="29.5953" lon="-97.43856">
        <ele>127.9</ele>
      </trkpt>
      <trkpt lat="29.59508" lon="-97.4384">
        <ele>127.7</ele>
      </trkpt>
      <trkpt lat="29.59489" lon="-97.4382">
        <ele>127.6</ele>
      </trkpt>
      <trkpt lat="29.59459" lon="-97.43785">
        <ele>127.4</ele>
      </trkpt>
      <trkpt lat="29.59453" lon="-97.43778">
        <ele>127.3</ele>
      </trkpt>
      <trkpt lat="29.59446" lon="-97.43772">
        <ele>127.3</ele>
      </trkpt>
      <trkpt lat="29.59431" lon="-97.43762">
        <ele>127.1</ele>
      </trkpt>
      <trkpt lat="29.59416" lon="-97.43754">
        <ele>127.0</ele>
      </trkpt>
      <trkpt lat="29.59371" lon="-97.43734">
        <ele>126.5</ele>
      </trkpt>
      <trkpt lat="29.59326" lon="-97.43714">
        <ele>125.8</ele>
      </trkpt>
      <trkpt lat="29.59275" lon="-97.43691">
        <ele>125.6</ele>
      </trkpt>
      <trkpt lat="29.59225" lon="-97.43668">
        <ele>126.0</ele>
      </trkpt>
      <trkpt lat="29.59215" lon="-97.43665">
        <ele>126.1</ele>
      </trkpt>
      <trkpt lat="29.59145" lon="-97.43633">
        <ele>127.0</ele>
      </trkpt>
      <trkpt lat="29.59076" lon="-97.43601">
        <ele>127.5</ele>
      </trkpt>
      <trkpt lat="29.59063" lon="-97.43597">
        <ele>127.5</ele>
      </trkpt>
      <trkpt lat="29.58991" lon="-97.43564">
        <ele>127.3</ele>
      </trkpt>
      <trkpt lat="29.58919" lon="-97.43532">
        <ele>126.3</ele>
      </trkpt>
      <trkpt lat="29.58847" lon="-97.43499">
        <ele>125.4</ele>
      </trkpt>
      <trkpt lat="29.58777" lon="-97.43469">
        <ele>128.0</ele>
      </trkpt>
      <trkpt lat="29.58766" lon="-97.43465">
        <ele>128.3</ele>
      </trkpt>
      <trkpt lat="29.58683" lon="-97.43429">
        <ele>130.8</ele>
      </trkpt>
      <trkpt lat="29.58683" lon="-97.43429">
        <ele>130.8</ele>
      </trkpt>
      <trkpt lat="29.5861" lon="-97.43397">
        <ele>131.9</ele>
      </trkpt>
      <trkpt lat="29.58538" lon="-97.43365">
        <ele>131.0</ele>
      </trkpt>
      <trkpt lat="29.58457" lon="-97.4333">
        <ele>129.3</ele>
      </trkpt>
      <trkpt lat="29.58376" lon="-97.43296">
        <ele>126.6</ele>
      </trkpt>
      <trkpt lat="29.58358" lon="-97.43288">
        <ele>125.7</ele>
      </trkpt>
      <trkpt lat="29.58323" lon="-97.43269">
        <ele>124.4</ele>
      </trkpt>
      <trkpt lat="29.58338" lon="-97.43254">
        <ele>124.8</ele>
      </trkpt>
      <trkpt lat="29.58348" lon="-97.43245">
        <ele>125.2</ele>
      </trkpt>
      <trkpt lat="29.58359" lon="-97.43234">
        <ele>125.9</ele>
      </trkpt>
      <trkpt lat="29.58408" lon="-97.43171">
        <ele>128.0</ele>
      </trkpt>
      <trkpt lat="29.58457" lon="-97.43107">
        <ele>128.1</ele>
      </trkpt>
      <trkpt lat="29.58506" lon="-97.43043">
        <ele>128.8</ele>
      </trkpt>
      <trkpt lat="29.58556" lon="-97.42979">
        <ele>129.3</ele>
      </trkpt>
      <trkpt lat="29.58597" lon="-97.42925">
        <ele>128.9</ele>
      </trkpt>
      <trkpt lat="29.58638" lon="-97.42871">
        <ele>128.5</ele>
      </trkpt>
      <trkpt lat="29.58693" lon="-97.42797">
        <ele>128.4</ele>
      </trkpt>
      <trkpt lat="29.58749" lon="-97.42722">
        <ele>128.4</ele>
      </trkpt>
      <trkpt lat="29.58792" lon="-97.42667">
        <ele>127.7</ele>
      </trkpt>
      <trkpt lat="29.58846" lon="-97.42594">
        <ele>126.5</ele>
      </trkpt>
      <trkpt lat="29.589" lon="-97.42522">
        <ele>125.5</ele>
      </trkpt>
      <trkpt lat="29.58929" lon="-97.42486">
        <ele>124.0</ele>
      </trkpt>
      <trkpt lat="29.58974" lon="-97.42436">
        <ele>121.4</ele>
      </trkpt>
      <trkpt lat="29.59018" lon="-97.42386">
        <ele>118.7</ele>
      </trkpt>
      <trkpt lat="29.59062" lon="-97.42336">
        <ele>116.0</ele>
      </trkpt>
      <trkpt lat="29.59103" lon="-97.42292">
        <ele>114.7</ele>
      </trkpt>
      <trkpt lat="29.59144" lon="-97.42248">
        <ele>113.4</ele>
      </trkpt>
      <trkpt lat="29.59188" lon="-97.42199">
        <ele>112.8</ele>
      </trkpt>
      <trkpt lat="29.59232" lon="-97.42149">
        <ele>112.8</ele>
      </trkpt>
      <trkpt lat="29.59242" lon="-97.42136">
        <ele>112.8</ele>
      </trkpt>
      <trkpt lat="29.59274" lon="-97.42101">
        <ele>112.8</ele>
      </trkpt>
      <trkpt lat="29.59281" lon="-97.42094">
        <ele>112.8</ele>
      </trkpt>
      <trkpt lat="29.59324" lon="-97.42046">
        <ele>114.2</ele>
      </trkpt>
      <trkpt lat="29.59367" lon="-97.41999">
        <ele>115.5</ele>
      </trkpt>
      <trkpt lat="29.59413" lon="-97.41949">
        <ele>117.1</ele>
      </trkpt>
      <trkpt lat="29.59459" lon="-97.41899">
        <ele>118.6</ele>
      </trkpt>
      <trkpt lat="29.59518" lon="-97.41835">
        <ele>119.2</ele>
      </trkpt>
      <trkpt lat="29.59577" lon="-97.41772">
        <ele>117.1</ele>
      </trkpt>
      <trkpt lat="29.59625" lon="-97.41721">
        <ele>115.5</ele>
      </trkpt>
      <trkpt lat="29.59673" lon="-97.41671">
        <ele>114.2</ele>
      </trkpt>
      <trkpt lat="29.59721" lon="-97.4162">
        <ele>113.2</ele>
      </trkpt>
      <trkpt lat="29.59737" lon="-97.41601">
        <ele>112.9</ele>
      </trkpt>
      <trkpt lat="29.59743" lon="-97.41591">
        <ele>112.9</ele>
      </trkpt>
      <trkpt lat="29.59749" lon="-97.41576">
        <ele>112.9</ele>
      </trkpt>
      <trkpt lat="29.59833" lon="-97.41571">
        <ele>112.7</ele>
      </trkpt>
      <trkpt lat="29.59917" lon="-97.41566">
        <ele>113.0</ele>
      </trkpt>
      <trkpt lat="29.60001" lon="-97.41561">
        <ele>115.5</ele>
      </trkpt>
      <trkpt lat="29.60085" lon="-97.41556">
        <ele>116.8</ele>
      </trkpt>
      <trkpt lat="29.6017" lon="-97.4155">
        <ele>118.4</ele>
      </trkpt>
      <trkpt lat="29.60175" lon="-97.41528">
        <ele>118.5</ele>
      </trkpt>
      <trkpt lat="29.60201" lon="-97.4151">
        <ele>118.9</ele>
      </trkpt>
      <trkpt lat="29.60268" lon="-97.41467">
        <ele>120.9</ele>
      </trkpt>
      <trkpt lat="29.60291" lon="-97.41454">
        <ele>121.3</ele>
      </trkpt>
      <trkpt lat="29.60357" lon="-97.41412">
        <ele>123.5</ele>
      </trkpt>
      <trkpt lat="29.60423" lon="-97.4137">
        <ele>125.4</ele>
      </trkpt>
      <trkpt lat="29.60489" lon="-97.41328">
        <ele>126.0</ele>
      </trkpt>
      <trkpt lat="29.60554" lon="-97.41286">
        <ele>124.3</ele>
      </trkpt>
      <trkpt lat="29.6062" lon="-97.41244">
        <ele>122.9</ele>
      </trkpt>
      <trkpt lat="29.60686" lon="-97.41202">
        <ele>121.4</ele>
      </trkpt>
      <trkpt lat="29.60752" lon="-97.4116">
        <ele>120.0</ele>
      </trkpt>
      <trkpt lat="29.60817" lon="-97.41117">
        <ele>118.3</ele>
      </trkpt>
      <trkpt lat="29.60883" lon="-97.41075">
        <ele>116.5</ele>
      </trkpt>
      <trkpt lat="29.60905" lon="-97.41058">
        <ele>116.1</ele>
      </trkpt>
      <trkpt lat="29.60912" lon="-97.41052">
        <ele>116.0</ele>
      </trkpt>
      <trkpt lat="29.60923" lon="-97.41039">
        <ele>115.9</ele>
      </trkpt>
      <trkpt lat="29.60941" lon="-97.41011">
        <ele>115.9</ele>
      </trkpt>
      <trkpt lat="29.6095" lon="-97.40992">
        <ele>115.8</ele>
      </trkpt>
      <trkpt lat="29.60952" lon="-97.40985">
        <ele>115.8</ele>
      </trkpt>
      <trkpt lat="29.60954" lon="-97.40975">
        <ele>115.8</ele>
      </trkpt>
      <trkpt lat="29.60954" lon="-97.40927">
        <ele>115.8</ele>
      </trkpt>
      <trkpt lat="29.60956" lon="-97.40914">
        <ele>115.5</ele>
      </trkpt>
      <trkpt lat="29.60961" lon="-97.40902">
        <ele>114.9</ele>
      </trkpt>
      <trkpt lat="29.60969" lon="-97.40893">
        <ele>114.2</ele>
      </trkpt>
      <trkpt lat="29.60985" lon="-97.40885">
        <ele>113.4</ele>
      </trkpt>
      <trkpt lat="29.61032" lon="-97.40864">
        <ele>111.1</ele>
      </trkpt>
      <trkpt lat="29.61079" lon="-97.40843">
        <ele>111.1</ele>
      </trkpt>
      <trkpt lat="29.61155" lon="-97.40808">
        <ele>113.5</ele>
      </trkpt>
      <trkpt lat="29.61232" lon="-97.40773">
        <ele>116.9</ele>
      </trkpt>
      <trkpt lat="29.61309" lon="-97.40738">
        <ele>120.3</ele>
      </trkpt>
      <trkpt lat="29.61385" lon="-97.40703">
        <ele>122.4</ele>
      </trkpt>
      <trkpt lat="29.61462" lon="-97.40667">
        <ele>123.2</ele>
      </trkpt>
      <trkpt lat="29.61539" lon="-97.40632">
        <ele>123.8</ele>
      </trkpt>
      <trkpt lat="29.61584" lon="-97.40612">
        <ele>124.3</ele>
      </trkpt>
      <trkpt lat="29.61629" lon="-97.40592">
        <ele>124.8</ele>
      </trkpt>
      <trkpt lat="29.61629" lon="-97.40592">
        <ele>124.8</ele>
      </trkpt>
      <trkpt lat="29.61712" lon="-97.40554">
        <ele>125.7</ele>
      </trkpt>
      <trkpt lat="29.61796" lon="-97.40517">
        <ele>126.1</ele>
      </trkpt>
      <trkpt lat="29.61798" lon="-97.40423">
        <ele>125.4</ele>
      </trkpt>
      <trkpt lat="29.61799" lon="-97.40341">
        <ele>123.1</ele>
      </trkpt>
      <trkpt lat="29.618" lon="-97.40259">
        <ele>120.8</ele>
      </trkpt>
      <trkpt lat="29.61802" lon="-97.40177">
        <ele>118.7</ele>
      </trkpt>
      <trkpt lat="29.61803" lon="-97.40095">
        <ele>116.7</ele>
      </trkpt>
      <trkpt lat="29.61806" lon="-97.40033">
        <ele>115.0</ele>
      </trkpt>
      <trkpt lat="29.61806" lon="-97.40009">
        <ele>114.4</ele>
      </trkpt>
      <trkpt lat="29.61764" lon="-97.4001">
        <ele>114.6</ele>
      </trkpt>
      <trkpt lat="29.61716" lon="-97.40014">
        <ele>114.5</ele>
      </trkpt>
      <trkpt lat="29.61668" lon="-97.40019">
        <ele>114.4</ele>
      </trkpt>
      <trkpt lat="29.61627" lon="-97.40019">
        <ele>114.1</ele>
      </trkpt>
      <trkpt lat="29.61587" lon="-97.40018">
        <ele>113.7</ele>
      </trkpt>
      <trkpt lat="29.61548" lon="-97.40015">
        <ele>113.2</ele>
      </trkpt>
      <trkpt lat="29.61513" lon="-97.40011">
        <ele>113.0</ele>
      </trkpt>
      <trkpt lat="29.61496" lon="-97.40007">
        <ele>112.9</ele>
      </trkpt>
      <trkpt lat="29.61491" lon="-97.40005">
        <ele>112.8</ele>
      </trkpt>
      <trkpt lat="29.61481" lon="-97.39997">
        <ele>112.3</ele>
      </trkpt>
      <trkpt lat="29.61467" lon="-97.3998">
        <ele>111.9</ele>
      </trkpt>
      <trkpt lat="29.61459" lon="-97.3997">
        <ele>112.6</ele>
      </trkpt>
      <trkpt lat="29.61455" lon="-97.39962">
        <ele>112.9</ele>
      </trkpt>
      <trkpt lat="29.61452" lon="-97.39949">
        <ele>113.2</ele>
      </trkpt>
      <trkpt lat="29.6145" lon="-97.39937">
        <ele>113.5</ele>
      </trkpt>
      <trkpt lat="29.6145" lon="-97.39922">
        <ele>113.8</ele>
      </trkpt>
      <trkpt lat="29.61451" lon="-97.39884">
        <ele>114.6</ele>
      </trkpt>
      <trkpt lat="29.61451" lon="-97.39866">
        <ele>114.9</ele>
      </trkpt>
      <trkpt lat="29.6145" lon="-97.39859">
        <ele>115.0</ele>
      </trkpt>
      <trkpt lat="29.61448" lon="-97.39853">
        <ele>115.1</ele>
      </trkpt>
      <trkpt lat="29.61446" lon="-97.39848">
        <ele>115.1</ele>
      </trkpt>
      <trkpt lat="29.61442" lon="-97.39844">
        <ele>115.2</ele>
      </trkpt>
      <trkpt lat="29.61437" lon="-97.39842">
        <ele>115.3</ele>
      </trkpt>
      <trkpt lat="29.61431" lon="-97.3984">
        <ele>115.4</ele>
      </trkpt>
      <trkpt lat="29.61362" lon="-97.3984">
        <ele>117.1</ele>
      </trkpt>
      <trkpt lat="29.61293" lon="-97.3984">
        <ele>117.6</ele>
      </trkpt>
      <trkpt lat="29.6123" lon="-97.39839">
        <ele>117.7</ele>
      </trkpt>
      <trkpt lat="29.61168" lon="-97.39838">
        <ele>119.0</ele>
      </trkpt>
      <trkpt lat="29.61098" lon="-97.39838">
        <ele>119.8</ele>
      </trkpt>
      <trkpt lat="29.61028" lon="-97.39837">
        <ele>119.4</ele>
      </trkpt>
      <trkpt lat="29.60957" lon="-97.39837">
        <ele>118.7</ele>
      </trkpt>
      <trkpt lat="29.60887" lon="-97.39837">
        <ele>117.8</ele>
      </trkpt>
      <trkpt lat="29.60813" lon="-97.39837">
        <ele>116.4</ele>
      </trkpt>
      <trkpt lat="29.6074" lon="-97.39838">
        <ele>115.3</ele>
      </trkpt>
      <trkpt lat="29.6069" lon="-97.39839">
        <ele>114.5</ele>
      </trkpt>
      <trkpt lat="29.6064" lon="-97.3984">
        <ele>113.7</ele>
      </trkpt>
      <trkpt lat="29.60625" lon="-97.39839">
        <ele>113.6</ele>
      </trkpt>
      <trkpt lat="29.6062" lon="-97.39836">
        <ele>113.5</ele>
      </trkpt>
      <trkpt lat="29.60615" lon="-97.39832">
        <ele>113.5</ele>
      </trkpt>
      <trkpt lat="29.60612" lon="-97.39827">
        <ele>113.5</ele>
      </trkpt>
      <trkpt lat="29.6061" lon="-97.39821">
        <ele>113.5</ele>
      </trkpt>
      <trkpt lat="29.6061" lon="-97.39813">
        <ele>113.5</ele>
      </trkpt>
      <trkpt lat="29.60609" lon="-97.39741">
        <ele>112.9</ele>
      </trkpt>
      <trkpt lat="29.60609" lon="-97.39668">
        <ele>112.0</ele>
      </trkpt>
      <trkpt lat="29.6061" lon="-97.39573">
        <ele>110.1</ele>
      </trkpt>
      <trkpt lat="29.6061" lon="-97.39479">
        <ele>111.1</ele>
      </trkpt>
      <trkpt lat="29.60611" lon="-97.39384">
        <ele>114.2</ele>
      </trkpt>
      <trkpt lat="29.60609" lon="-97.39366">
        <ele>114.7</ele>
      </trkpt>
      <trkpt lat="29.60608" lon="-97.39358">
        <ele>114.9</ele>
      </trkpt>
      <trkpt lat="29.60605" lon="-97.39351">
        <ele>115.2</ele>
      </trkpt>
      <trkpt lat="29.60601" lon="-97.39345">
        <ele>115.4</ele>
      </trkpt>
      <trkpt lat="29.60596" lon="-97.39341">
        <ele>115.5</ele>
      </trkpt>
      <trkpt lat="29.60591" lon="-97.39338">
        <ele>115.7</ele>
      </trkpt>
      <trkpt lat="29.60584" lon="-97.39337">
        <ele>115.8</ele>
      </trkpt>
      <trkpt lat="29.60576" lon="-97.39337">
        <ele>115.8</ele>
      </trkpt>
      <trkpt lat="29.60501" lon="-97.39339">
        <ele>117.3</ele>
      </trkpt>
      <trkpt lat="29.60426" lon="-97.3934">
        <ele>117.8</ele>
      </trkpt>
      <trkpt lat="29.60384" lon="-97.39339">
        <ele>117.7</ele>
      </trkpt>
      <trkpt lat="29.60371" lon="-97.39338">
        <ele>117.7</ele>
      </trkpt>
      <trkpt lat="29.60343" lon="-97.39334">
        <ele>117.6</ele>
      </trkpt>
      <trkpt lat="29.60302" lon="-97.39326">
        <ele>117.5</ele>
      </trkpt>
      <trkpt lat="29.60277" lon="-97.3932">
        <ele>117.5</ele>
      </trkpt>
      <trkpt lat="29.60255" lon="-97.39312">
        <ele>117.4</ele>
      </trkpt>
      <trkpt lat="29.60224" lon="-97.39299">
        <ele>117.1</ele>
      </trkpt>
      <trkpt lat="29.60177" lon="-97.39275">
        <ele>116.0</ele>
      </trkpt>
      <trkpt lat="29.60152" lon="-97.39265">
        <ele>115.6</ele>
      </trkpt>
      <trkpt lat="29.60095" lon="-97.39239">
        <ele>115.0</ele>
      </trkpt>
      <trkpt lat="29.60037" lon="-97.39212">
        <ele>114.3</ele>
      </trkpt>
      <trkpt lat="29.5998" lon="-97.39186">
        <ele>114.1</ele>
      </trkpt>
      <trkpt lat="29.59898" lon="-97.39147">
        <ele>114.3</ele>
      </trkpt>
      <trkpt lat="29.59815" lon="-97.39107">
        <ele>114.0</ele>
      </trkpt>
      <trkpt lat="29.59732" lon="-97.39068">
        <ele>113.5</ele>
      </trkpt>
      <trkpt lat="29.59678" lon="-97.39043">
        <ele>113.7</ele>
      </trkpt>
      <trkpt lat="29.59611" lon="-97.39013">
        <ele>114.8</ele>
      </trkpt>
      <trkpt lat="29.59547" lon="-97.38986">
        <ele>116.4</ele>
      </trkpt>
      <trkpt lat="29.59483" lon="-97.38959">
        <ele>115.5</ele>
      </trkpt>
      <trkpt lat="29.5942" lon="-97.38933">
        <ele>114.5</ele>
      </trkpt>
      <trkpt lat="29.59356" lon="-97.38904">
        <ele>114.0</ele>
      </trkpt>
      <trkpt lat="29.59292" lon="-97.38875">
        <ele>113.5</ele>
      </trkpt>
      <trkpt lat="29.59228" lon="-97.38846">
        <ele>112.5</ele>
      </trkpt>
      <trkpt lat="29.59164" lon="-97.38818">
        <ele>111.3</ele>
      </trkpt>
      <trkpt lat="29.59133" lon="-97.38805">
        <ele>112.1</ele>
      </trkpt>
      <trkpt lat="29.59125" lon="-97.38803">
        <ele>112.4</ele>
      </trkpt>
      <trkpt lat="29.59116" lon="-97.38801">
        <ele>112.7</ele>
      </trkpt>
      <trkpt lat="29.59108" lon="-97.38801">
        <ele>112.9</ele>
      </trkpt>
      <trkpt lat="29.591" lon="-97.38803">
        <ele>113.0</ele>
      </trkpt>
      <trkpt lat="29.59093" lon="-97.38807">
        <ele>113.1</ele>
      </trkpt>
      <trkpt lat="29.59079" lon="-97.38816">
        <ele>113.1</ele>
      </trkpt>
      <trkpt lat="29.59045" lon="-97.38841">
        <ele>112.8</ele>
      </trkpt>
      <trkpt lat="29.59023" lon="-97.38856">
        <ele>112.5</ele>
      </trkpt>
      <trkpt lat="29.59015" lon="-97.3886">
        <ele>112.4</ele>
      </trkpt>
      <trkpt lat="29.59007" lon="-97.38863">
        <ele>112.3</ele>
      </trkpt>
      <trkpt lat="29.58998" lon="-97.38863">
        <ele>112.3</ele>
      </trkpt>
      <trkpt lat="29.5899" lon="-97.38863">
        <ele>112.3</ele>
      </trkpt>
      <trkpt lat="29.58971" lon="-97.38859">
        <ele>112.3</ele>
      </trkpt>
      <trkpt lat="29.58889" lon="-97.38835">
        <ele>112.1</ele>
      </trkpt>
      <trkpt lat="29.5885" lon="-97.38825">
        <ele>111.9</ele>
      </trkpt>
      <trkpt lat="29.58842" lon="-97.38821">
        <ele>111.9</ele>
      </trkpt>
      <trkpt lat="29.58835" lon="-97.38815">
        <ele>111.9</ele>
      </trkpt>
      <trkpt lat="29.58829" lon="-97.38809">
        <ele>111.9</ele>
      </trkpt>
      <trkpt lat="29.58823" lon="-97.38801">
        <ele>111.9</ele>
      </trkpt>
      <trkpt lat="29.58814" lon="-97.3878">
        <ele>112.0</ele>
      </trkpt>
      <trkpt lat="29.58776" lon="-97.38691">
        <ele>111.4</ele>
      </trkpt>
      <trkpt lat="29.58765" lon="-97.38668">
        <ele>111.3</ele>
      </trkpt>
      <trkpt lat="29.58759" lon="-97.38658">
        <ele>111.3</ele>
      </trkpt>
      <trkpt lat="29.58752" lon="-97.38649">
        <ele>111.4</ele>
      </trkpt>
      <trkpt lat="29.58744" lon="-97.3864">
        <ele>111.6</ele>
      </trkpt>
      <trkpt lat="29.58726" lon="-97.38626">
        <ele>112.1</ele>
      </trkpt>
      <trkpt lat="29.58716" lon="-97.3862">
        <ele>112.3</ele>
      </trkpt>
      <trkpt lat="29.58706" lon="-97.38615">
        <ele>112.6</ele>
      </trkpt>
      <trkpt lat="29.58654" lon="-97.38593">
        <ele>113.2</ele>
      </trkpt>
      <trkpt lat="29.58603" lon="-97.38571">
        <ele>113.2</ele>
      </trkpt>
      <trkpt lat="29.58543" lon="-97.38544">
        <ele>111.4</ele>
      </trkpt>
      <trkpt lat="29.58483" lon="-97.38518">
        <ele>110.1</ele>
      </trkpt>
      <trkpt lat="29.58424" lon="-97.38491">
        <ele>108.5</ele>
      </trkpt>
      <trkpt lat="29.58406" lon="-97.38482">
        <ele>108.0</ele>
      </trkpt>
      <trkpt lat="29.58397" lon="-97.38474">
        <ele>107.7</ele>
      </trkpt>
      <trkpt lat="29.58393" lon="-97.38468">
        <ele>107.7</ele>
      </trkpt>
      <trkpt lat="29.58389" lon="-97.38461">
        <ele>107.7</ele>
      </trkpt>
      <trkpt lat="29.58386" lon="-97.38453">
        <ele>107.6</ele>
      </trkpt>
      <trkpt lat="29.58385" lon="-97.38445">
        <ele>107.6</ele>
      </trkpt>
      <trkpt lat="29.58385" lon="-97.38407">
        <ele>107.4</ele>
      </trkpt>
      <trkpt lat="29.58386" lon="-97.38357">
        <ele>106.6</ele>
      </trkpt>
      <trkpt lat="29.58385" lon="-97.38318">
        <ele>105.3</ele>
      </trkpt>
      <trkpt lat="29.58384" lon="-97.38309">
        <ele>105.1</ele>
      </trkpt>
      <trkpt lat="29.58382" lon="-97.38302">
        <ele>105.0</ele>
      </trkpt>
      <trkpt lat="29.58378" lon="-97.38296">
        <ele>105.0</ele>
      </trkpt>
      <trkpt lat="29.58374" lon="-97.3829">
        <ele>105.0</ele>
      </trkpt>
      <trkpt lat="29.58361" lon="-97.38282">
        <ele>105.3</ele>
      </trkpt>
      <trkpt lat="29.5831" lon="-97.38259">
        <ele>105.9</ele>
      </trkpt>
      <trkpt lat="29.58245" lon="-97.38231">
        <ele>104.9</ele>
      </trkpt>
      <trkpt lat="29.582" lon="-97.38211">
        <ele>107.7</ele>
      </trkpt>
      <trkpt lat="29.58155" lon="-97.3819">
        <ele>109.5</ele>
      </trkpt>
      <trkpt lat="29.58118" lon="-97.38175">
        <ele>110.0</ele>
      </trkpt>
      <trkpt lat="29.58106" lon="-97.38169">
        <ele>110.1</ele>
      </trkpt>
      <trkpt lat="29.58032" lon="-97.38136">
        <ele>110.3</ele>
      </trkpt>
      <trkpt lat="29.57996" lon="-97.38121">
        <ele>109.8</ele>
      </trkpt>
      <trkpt lat="29.57996" lon="-97.38121">
        <ele>109.8</ele>
      </trkpt>
      <trkpt lat="29.57961" lon="-97.38106">
        <ele>109.1</ele>
      </trkpt>
      <trkpt lat="29.57953" lon="-97.38103">
        <ele>108.9</ele>
      </trkpt>
      <trkpt lat="29.57945" lon="-97.38098">
        <ele>108.7</ele>
      </trkpt>
      <trkpt lat="29.57939" lon="-97.38092">
        <ele>108.5</ele>
      </trkpt>
      <trkpt lat="29.57934" lon="-97.38085">
        <ele>108.4</ele>
      </trkpt>
      <trkpt lat="29.57931" lon="-97.38078">
        <ele>108.3</ele>
      </trkpt>
      <trkpt lat="29.57929" lon="-97.38069">
        <ele>108.3</ele>
      </trkpt>
      <trkpt lat="29.57928" lon="-97.3806">
        <ele>108.2</ele>
      </trkpt>
      <trkpt lat="29.57927" lon="-97.38">
        <ele>107.2</ele>
      </trkpt>
      <trkpt lat="29.57927" lon="-97.37905">
        <ele>106.0</ele>
      </trkpt>
      <trkpt lat="29.57927" lon="-97.37819">
        <ele>104.9</ele>
      </trkpt>
      <trkpt lat="29.57927" lon="-97.37734">
        <ele>103.4</ele>
      </trkpt>
      <trkpt lat="29.57926" lon="-97.37648">
        <ele>100.2</ele>
      </trkpt>
      <trkpt lat="29.57926" lon="-97.37563">
        <ele>97.3</ele>
      </trkpt>
      <trkpt lat="29.57926" lon="-97.37478">
        <ele>96.0</ele>
      </trkpt>
      <trkpt lat="29.57925" lon="-97.37451">
        <ele>95.5</ele>
      </trkpt>
      <trkpt lat="29.57923" lon="-97.37436">
        <ele>95.2</ele>
      </trkpt>
      <trkpt lat="29.57921" lon="-97.37428">
        <ele>95.0</ele>
      </trkpt>
      <trkpt lat="29.57918" lon="-97.37421">
        <ele>94.8</ele>
      </trkpt>
      <trkpt lat="29.5791" lon="-97.37406">
        <ele>94.3</ele>
      </trkpt>
      <trkpt lat="29.57894" lon="-97.37384">
        <ele>93.6</ele>
      </trkpt>
      <trkpt lat="29.5786" lon="-97.37347">
        <ele>92.6</ele>
      </trkpt>
      <trkpt lat="29.57836" lon="-97.37322">
        <ele>93.0</ele>
      </trkpt>
      <trkpt lat="29.57827" lon="-97.37315">
        <ele>92.9</ele>
      </trkpt>
      <trkpt lat="29.57816" lon="-97.3731">
        <ele>92.9</ele>
      </trkpt>
      <trkpt lat="29.57772" lon="-97.37296">
        <ele>92.3</ele>
      </trkpt>
      <trkpt lat="29.57746" lon="-97.37289">
        <ele>91.8</ele>
      </trkpt>
      <trkpt lat="29.57733" lon="-97.37283">
        <ele>91.6</ele>
      </trkpt>
      <trkpt lat="29.57729" lon="-97.37283">
        <ele>91.5</ele>
      </trkpt>
      <trkpt lat="29.57722" lon="-97.37281">
        <ele>91.4</ele>
      </trkpt>
      <trkpt lat="29.57715" lon="-97.37277">
        <ele>91.4</ele>
      </trkpt>
      <trkpt lat="29.57668" lon="-97.37261">
        <ele>91.8</ele>
      </trkpt>
      <trkpt lat="29.57652" lon="-97.37254">
        <ele>91.9</ele>
      </trkpt>
      <trkpt lat="29.57645" lon="-97.3725">
        <ele>91.9</ele>
      </trkpt>
      <trkpt lat="29.57609" lon="-97.37239">
        <ele>92.0</ele>
      </trkpt>
      <trkpt lat="29.57605" lon="-97.37238">
        <ele>92.0</ele>
      </trkpt>
      <trkpt lat="29.5757" lon="-97.37225">
        <ele>92.6</ele>
      </trkpt>
      <trkpt lat="29.57612" lon="-97.37191">
        <ele>91.6</ele>
      </trkpt>
      <trkpt lat="29.57654" lon="-97.37157">
        <ele>91.8</ele>
      </trkpt>
      <trkpt lat="29.577" lon="-97.37116">
        <ele>93.2</ele>
      </trkpt>
      <trkpt lat="29.57747" lon="-97.37076">
        <ele>94.4</ele>
      </trkpt>
      <trkpt lat="29.57798" lon="-97.37036">
        <ele>95.9</ele>
      </trkpt>
      <trkpt lat="29.5785" lon="-97.36996">
        <ele>97.6</ele>
      </trkpt>
      <trkpt lat="29.57901" lon="-97.36958">
        <ele>99.8</ele>
      </trkpt>
      <trkpt lat="29.57952" lon="-97.36921">
        <ele>100.8</ele>
      </trkpt>
      <trkpt lat="29.58004" lon="-97.36884">
        <ele>102.4</ele>
      </trkpt>
      <trkpt lat="29.58078" lon="-97.3683">
        <ele>104.4</ele>
      </trkpt>
      <trkpt lat="29.58152" lon="-97.36775">
        <ele>106.1</ele>
      </trkpt>
      <trkpt lat="29.58225" lon="-97.36723">
        <ele>107.3</ele>
      </trkpt>
      <trkpt lat="29.58298" lon="-97.36671">
        <ele>107.0</ele>
      </trkpt>
      <trkpt lat="29.58321" lon="-97.36681">
        <ele>107.6</ele>
      </trkpt>
      <trkpt lat="29.5834" lon="-97.36687">
        <ele>108.1</ele>
      </trkpt>
      <trkpt lat="29.58359" lon="-97.3669">
        <ele>108.4</ele>
      </trkpt>
      <trkpt lat="29.5838" lon="-97.3669">
        <ele>108.7</ele>
      </trkpt>
      <trkpt lat="29.58468" lon="-97.36691">
        <ele>109.2</ele>
      </trkpt>
      <trkpt lat="29.58557" lon="-97.36691">
        <ele>109.5</ele>
      </trkpt>
      <trkpt lat="29.58645" lon="-97.36692">
        <ele>110.2</ele>
      </trkpt>
      <trkpt lat="29.58734" lon="-97.36693">
        <ele>110.6</ele>
      </trkpt>
      <trkpt lat="29.58822" lon="-97.36693">
        <ele>110.5</ele>
      </trkpt>
      <trkpt lat="29.58822" lon="-97.36696">
        <ele>110.4</ele>
      </trkpt>
      <trkpt lat="29.58837" lon="-97.36696">
        <ele>110.3</ele>
      </trkpt>
      <trkpt lat="29.58847" lon="-97.36696">
        <ele>110.3</ele>
      </trkpt>
      <trkpt lat="29.58848" lon="-97.36696">
        <ele>110.3</ele>
      </trkpt>
      <trkpt lat="29.58855" lon="-97.36696">
        <ele>110.4</ele>
      </trkpt>
      <trkpt lat="29.58891" lon="-97.36696">
        <ele>110.9</ele>
      </trkpt>
      <trkpt lat="29.58901" lon="-97.36695">
        <ele>111.2</ele>
      </trkpt>
      <trkpt lat="29.58981" lon="-97.36695">
        <ele>112.7</ele>
      </trkpt>
      <trkpt lat="29.58991" lon="-97.36695">
        <ele>113.0</ele>
      </trkpt>
      <trkpt lat="29.59003" lon="-97.36695">
        <ele>113.3</ele>
      </trkpt>
      <trkpt lat="29.59022" lon="-97.36696">
        <ele>113.4</ele>
      </trkpt>
      <trkpt lat="29.59039" lon="-97.367">
        <ele>112.9</ele>
      </trkpt>
      <trkpt lat="29.59053" lon="-97.36704">
        <ele>112.4</ele>
      </trkpt>
      <trkpt lat="29.59085" lon="-97.36716">
        <ele>111.7</ele>
      </trkpt>
      <trkpt lat="29.59091" lon="-97.36718">
        <ele>111.6</ele>
      </trkpt>
      <trkpt lat="29.59125" lon="-97.36732">
        <ele>111.2</ele>
      </trkpt>
      <trkpt lat="29.59193" lon="-97.3676">
        <ele>110.4</ele>
      </trkpt>
      <trkpt lat="29.59243" lon="-97.3678">
        <ele>110.2</ele>
      </trkpt>
      <trkpt lat="29.5926" lon="-97.36787">
        <ele>110.5</ele>
      </trkpt>
      <trkpt lat="29.59334" lon="-97.36817">
        <ele>111.2</ele>
      </trkpt>
      <trkpt lat="29.59411" lon="-97.36849">
        <ele>112.5</ele>
      </trkpt>
      <trkpt lat="29.59486" lon="-97.3688">
        <ele>114.1</ele>
      </trkpt>
      <trkpt lat="29.59503" lon="-97.36887">
        <ele>114.2</ele>
      </trkpt>
      <trkpt lat="29.59537" lon="-97.36901">
        <ele>113.9</ele>
      </trkpt>
      <trkpt lat="29.59543" lon="-97.36903">
        <ele>113.8</ele>
      </trkpt>
      <trkpt lat="29.59575" lon="-97.36914">
        <ele>112.6</ele>
      </trkpt>
      <trkpt lat="29.59581" lon="-97.36916">
        <ele>112.5</ele>
      </trkpt>
      <trkpt lat="29.59585" lon="-97.36916">
        <ele>112.5</ele>
      </trkpt>
      <trkpt lat="29.59629" lon="-97.36917">
        <ele>112.0</ele>
      </trkpt>
      <trkpt lat="29.59647" lon="-97.36917">
        <ele>111.8</ele>
      </trkpt>
      <trkpt lat="29.59715" lon="-97.36917">
        <ele>110.6</ele>
      </trkpt>
      <trkpt lat="29.59719" lon="-97.36917">
        <ele>110.5</ele>
      </trkpt>
      <trkpt lat="29.59737" lon="-97.36918">
        <ele>110.0</ele>
      </trkpt>
      <trkpt lat="29.59755" lon="-97.36918">
        <ele>109.6</ele>
      </trkpt>
      <trkpt lat="29.59773" lon="-97.36918">
        <ele>109.3</ele>
      </trkpt>
      <trkpt lat="29.59823" lon="-97.36918">
        <ele>108.5</ele>
      </trkpt>
      <trkpt lat="29.59827" lon="-97.36918">
        <ele>108.6</ele>
      </trkpt>
      <trkpt lat="29.59845" lon="-97.36919">
        <ele>109.1</ele>
      </trkpt>
      <trkpt lat="29.59877" lon="-97.36919">
        <ele>110.0</ele>
      </trkpt>
      <trkpt lat="29.5988" lon="-97.36919">
        <ele>110.0</ele>
      </trkpt>
      <trkpt lat="29.59898" lon="-97.36919">
        <ele>110.3</ele>
      </trkpt>
      <trkpt lat="29.59916" lon="-97.36919">
        <ele>110.8</ele>
      </trkpt>
      <trkpt lat="29.60024" lon="-97.3692">
        <ele>113.3</ele>
      </trkpt>
      <trkpt lat="29.60042" lon="-97.3692">
        <ele>113.9</ele>
      </trkpt>
      <trkpt lat="29.60078" lon="-97.36921">
        <ele>114.9</ele>
      </trkpt>
      <trkpt lat="29.60078" lon="-97.36921">
        <ele>114.9</ele>
      </trkpt>
      <trkpt lat="29.60079" lon="-97.36809">
        <ele>115.0</ele>
      </trkpt>
      <trkpt lat="29.6008" lon="-97.36685">
        <ele>114.0</ele>
      </trkpt>
      <trkpt lat="29.60081" lon="-97.36664">
        <ele>114.0</ele>
      </trkpt>
      <trkpt lat="29.60081" lon="-97.36634">
        <ele>113.8</ele>
      </trkpt>
      <trkpt lat="29.60095" lon="-97.36625">
        <ele>113.9</ele>
      </trkpt>
      <trkpt lat="29.60179" lon="-97.36628">
        <ele>115.1</ele>
      </trkpt>
      <trkpt lat="29.60197" lon="-97.36629">
        <ele>115.2</ele>
      </trkpt>
      <trkpt lat="29.60204" lon="-97.36629">
        <ele>115.2</ele>
      </trkpt>
      <trkpt lat="29.60412" lon="-97.36633">
        <ele>116.7</ele>
      </trkpt>
      <trkpt lat="29.6043" lon="-97.36633">
        <ele>116.8</ele>
      </trkpt>
      <trkpt lat="29.60598" lon="-97.36637">
        <ele>115.7</ele>
      </trkpt>
      <trkpt lat="29.60677" lon="-97.36638">
        <ele>115.8</ele>
      </trkpt>
      <trkpt lat="29.60684" lon="-97.36598">
        <ele>116.2</ele>
      </trkpt>
      <trkpt lat="29.60684" lon="-97.36591">
        <ele>116.3</ele>
      </trkpt>
      <trkpt lat="29.60682" lon="-97.36467">
        <ele>117.2</ele>
      </trkpt>
      <trkpt lat="29.60682" lon="-97.36464">
        <ele>117.1</ele>
      </trkpt>
      <trkpt lat="29.60762" lon="-97.36425">
        <ele>118.0</ele>
      </trkpt>
      <trkpt lat="29.60878" lon="-97.36368">
        <ele>119.4</ele>
      </trkpt>
      <trkpt lat="29.60928" lon="-97.36344">
        <ele>119.7</ele>
      </trkpt>
      <trkpt lat="29.6093" lon="-97.36343">
        <ele>119.7</ele>
      </trkpt>
      <trkpt lat="29.61063" lon="-97.36288">
        <ele>120.1</ele>
      </trkpt>
      <trkpt lat="29.61131" lon="-97.36259">
        <ele>120.3</ele>
      </trkpt>
      <trkpt lat="29.61215" lon="-97.36224">
        <ele>120.8</ele>
      </trkpt>
      <trkpt lat="29.61266" lon="-97.36203">
        <ele>121.4</ele>
      </trkpt>
      <trkpt lat="29.61317" lon="-97.36182">
        <ele>121.9</ele>
      </trkpt>
      <trkpt lat="29.61317" lon="-97.36182">
        <ele>121.9</ele>
      </trkpt>
      <trkpt lat="29.61321" lon="-97.36177">
        <ele>122.0</ele>
      </trkpt>
      <trkpt lat="29.61324" lon="-97.3617">
        <ele>122.1</ele>
      </trkpt>
      <trkpt lat="29.61327" lon="-97.36155">
        <ele>122.1</ele>
      </trkpt>
      <trkpt lat="29.61327" lon="-97.3615">
        <ele>122.0</ele>
      </trkpt>
      <trkpt lat="29.61327" lon="-97.36129">
        <ele>121.4</ele>
      </trkpt>
      <trkpt lat="29.61329" lon="-97.36005">
        <ele>117.1</ele>
      </trkpt>
      <trkpt lat="29.61329" lon="-97.35977">
        <ele>116.0</ele>
      </trkpt>
      <trkpt lat="29.61332" lon="-97.35881">
        <ele>115.1</ele>
      </trkpt>
      <trkpt lat="29.61333" lon="-97.3586">
        <ele>115.1</ele>
      </trkpt>
      <trkpt lat="29.61334" lon="-97.35819">
        <ele>115.0</ele>
      </trkpt>
      <trkpt lat="29.61336" lon="-97.3578">
        <ele>115.1</ele>
      </trkpt>
      <trkpt lat="29.61337" lon="-97.3575">
        <ele>115.3</ele>
      </trkpt>
      <trkpt lat="29.61342" lon="-97.35728">
        <ele>115.1</ele>
      </trkpt>
      <trkpt lat="29.61351" lon="-97.35706">
        <ele>115.0</ele>
      </trkpt>
      <trkpt lat="29.61364" lon="-97.35681">
        <ele>115.1</ele>
      </trkpt>
      <trkpt lat="29.61374" lon="-97.35664">
        <ele>115.0</ele>
      </trkpt>
      <trkpt lat="29.61432" lon="-97.35559">
        <ele>113.9</ele>
      </trkpt>
      <trkpt lat="29.61451" lon="-97.35524">
        <ele>113.6</ele>
      </trkpt>
      <trkpt lat="29.6148" lon="-97.35472">
        <ele>113.4</ele>
      </trkpt>
      <trkpt lat="29.61489" lon="-97.35455">
        <ele>113.4</ele>
      </trkpt>
      <trkpt lat="29.61495" lon="-97.35441">
        <ele>113.5</ele>
      </trkpt>
      <trkpt lat="29.61498" lon="-97.35434">
        <ele>113.5</ele>
      </trkpt>
      <trkpt lat="29.61502" lon="-97.35412">
        <ele>113.4</ele>
      </trkpt>
      <trkpt lat="29.61503" lon="-97.35408">
        <ele>113.4</ele>
      </trkpt>
      <trkpt lat="29.61508" lon="-97.35312">
        <ele>110.0</ele>
      </trkpt>
      <trkpt lat="29.61511" lon="-97.35271">
        <ele>109.3</ele>
      </trkpt>
      <trkpt lat="29.61511" lon="-97.35268">
        <ele>109.2</ele>
      </trkpt>
      <trkpt lat="29.61512" lon="-97.35251">
        <ele>109.0</ele>
      </trkpt>
      <trkpt lat="29.61516" lon="-97.35147">
        <ele>107.3</ele>
      </trkpt>
      <trkpt lat="29.61517" lon="-97.35128">
        <ele>106.9</ele>
      </trkpt>
      <trkpt lat="29.61518" lon="-97.35085">
        <ele>106.2</ele>
      </trkpt>
      <trkpt lat="29.61521" lon="-97.35002">
        <ele>106.0</ele>
      </trkpt>
      <trkpt lat="29.61521" lon="-97.34982">
        <ele>105.9</ele>
      </trkpt>
      <trkpt lat="29.61523" lon="-97.34933">
        <ele>105.3</ele>
      </trkpt>
      <trkpt lat="29.61524" lon="-97.34858">
        <ele>104.0</ele>
      </trkpt>
      <trkpt lat="29.61524" lon="-97.34837">
        <ele>103.6</ele>
      </trkpt>
      <trkpt lat="29.61525" lon="-97.34813">
        <ele>103.4</ele>
      </trkpt>
      <trkpt lat="29.61526" lon="-97.34754">
        <ele>103.4</ele>
      </trkpt>
      <trkpt lat="29.6153" lon="-97.3463">
        <ele>105.9</ele>
      </trkpt>
      <trkpt lat="29.61531" lon="-97.34589">
        <ele>106.8</ele>
      </trkpt>
      <trkpt lat="29.61533" lon="-97.34548">
        <ele>106.9</ele>
      </trkpt>
      <trkpt lat="29.61536" lon="-97.34462">
        <ele>106.2</ele>
      </trkpt>
      <trkpt lat="29.61537" lon="-97.34362">
        <ele>103.2</ele>
      </trkpt>
      <trkpt lat="29.61537" lon="-97.34341">
        <ele>102.8</ele>
      </trkpt>
      <trkpt lat="29.61539" lon="-97.34176">
        <ele>101.0</ele>
      </trkpt>
      <trkpt lat="29.6154" lon="-97.3412">
        <ele>100.3</ele>
      </trkpt>
      <trkpt lat="29.61542" lon="-97.34111">
        <ele>100.3</ele>
      </trkpt>
      <trkpt lat="29.61547" lon="-97.34102">
        <ele>100.3</ele>
      </trkpt>
      <trkpt lat="29.61551" lon="-97.34096">
        <ele>100.3</ele>
      </trkpt>
      <trkpt lat="29.61557" lon="-97.34093">
        <ele>100.3</ele>
      </trkpt>
      <trkpt lat="29.61622" lon="-97.34094">
        <ele>100.9</ele>
      </trkpt>
      <trkpt lat="29.61732" lon="-97.34095">
        <ele>103.1</ele>
      </trkpt>
      <trkpt lat="29.61732" lon="-97.34095">
        <ele>103.1</ele>
      </trkpt>
      <trkpt lat="29.61816" lon="-97.34096">
        <ele>105.2</ele>
      </trkpt>
      <trkpt lat="29.61924" lon="-97.34098">
        <ele>107.6</ele>
      </trkpt>
      <trkpt lat="29.6196" lon="-97.34098">
        <ele>107.9</ele>
      </trkpt>
      <trkpt lat="29.61996" lon="-97.34099">
        <ele>108.3</ele>
      </trkpt>
      <trkpt lat="29.62058" lon="-97.341">
        <ele>108.5</ele>
      </trkpt>
      <trkpt lat="29.62086" lon="-97.341">
        <ele>108.4</ele>
      </trkpt>
      <trkpt lat="29.62122" lon="-97.341">
        <ele>106.7</ele>
      </trkpt>
      <trkpt lat="29.6214" lon="-97.341">
        <ele>106.3</ele>
      </trkpt>
      <trkpt lat="29.62158" lon="-97.341">
        <ele>106.1</ele>
      </trkpt>
      <trkpt lat="29.6223" lon="-97.341">
        <ele>103.2</ele>
      </trkpt>
      <trkpt lat="29.62284" lon="-97.34101">
        <ele>101.1</ele>
      </trkpt>
      <trkpt lat="29.62302" lon="-97.34101">
        <ele>100.9</ele>
      </trkpt>
      <trkpt lat="29.62392" lon="-97.34101">
        <ele>98.9</ele>
      </trkpt>
      <trkpt lat="29.62427" lon="-97.34101">
        <ele>99.4</ele>
      </trkpt>
      <trkpt lat="29.62517" lon="-97.34102">
        <ele>99.8</ele>
      </trkpt>
      <trkpt lat="29.62571" lon="-97.34102">
        <ele>98.8</ele>
      </trkpt>
      <trkpt lat="29.6266" lon="-97.34103">
        <ele>95.6</ele>
      </trkpt>
      <trkpt lat="29.62679" lon="-97.34103">
        <ele>94.9</ele>
      </trkpt>
      <trkpt lat="29.62769" lon="-97.34104">
        <ele>93.7</ele>
      </trkpt>
      <trkpt lat="29.62877" lon="-97.34106">
        <ele>92.5</ele>
      </trkpt>
      <trkpt lat="29.62931" lon="-97.34107">
        <ele>91.8</ele>
      </trkpt>
      <trkpt lat="29.63021" lon="-97.34108">
        <ele>92.3</ele>
      </trkpt>
      <trkpt lat="29.63078" lon="-97.34109">
        <ele>92.5</ele>
      </trkpt>
      <trkpt lat="29.63146" lon="-97.34111">
        <ele>92.5</ele>
      </trkpt>
      <trkpt lat="29.63244" lon="-97.34113">
        <ele>92.1</ele>
      </trkpt>
      <trkpt lat="29.63254" lon="-97.34113">
        <ele>92.0</ele>
      </trkpt>
      <trkpt lat="29.63272" lon="-97.34114">
        <ele>92.0</ele>
      </trkpt>
      <trkpt lat="29.63344" lon="-97.34114">
        <ele>91.6</ele>
      </trkpt>
      <trkpt lat="29.63394" lon="-97.34115">
        <ele>91.4</ele>
      </trkpt>
      <trkpt lat="29.63416" lon="-97.34116">
        <ele>91.3</ele>
      </trkpt>
      <trkpt lat="29.63417" lon="-97.34116">
        <ele>91.3</ele>
      </trkpt>
      <trkpt lat="29.63434" lon="-97.34116">
        <ele>91.3</ele>
      </trkpt>
      <trkpt lat="29.63506" lon="-97.34115">
        <ele>91.8</ele>
      </trkpt>
      <trkpt lat="29.63524" lon="-97.34114">
        <ele>91.9</ele>
      </trkpt>
      <trkpt lat="29.63535" lon="-97.34114">
        <ele>91.9</ele>
      </trkpt>
      <trkpt lat="29.63542" lon="-97.34114">
        <ele>91.9</ele>
      </trkpt>
      <trkpt lat="29.63631" lon="-97.34117">
        <ele>92.2</ele>
      </trkpt>
      <trkpt lat="29.63667" lon="-97.34118">
        <ele>92.2</ele>
      </trkpt>
      <trkpt lat="29.63739" lon="-97.34121">
        <ele>91.9</ele>
      </trkpt>
      <trkpt lat="29.63773" lon="-97.34122">
        <ele>91.9</ele>
      </trkpt>
      <trkpt lat="29.63775" lon="-97.34122">
        <ele>91.9</ele>
      </trkpt>
      <trkpt lat="29.6384" lon="-97.34135">
        <ele>90.5</ele>
      </trkpt>
      <trkpt lat="29.63846" lon="-97.34137">
        <ele>90.3</ele>
      </trkpt>
      <trkpt lat="29.63861" lon="-97.34141">
        <ele>89.5</ele>
      </trkpt>
      <trkpt lat="29.63881" lon="-97.34136">
        <ele>89.8</ele>
      </trkpt>
      <trkpt lat="29.63916" lon="-97.34127">
        <ele>90.5</ele>
      </trkpt>
      <trkpt lat="29.63947" lon="-97.34121">
        <ele>91.1</ele>
      </trkpt>
      <trkpt lat="29.64006" lon="-97.34121">
        <ele>92.2</ele>
      </trkpt>
      <trkpt lat="29.64132" lon="-97.34123">
        <ele>93.5</ele>
      </trkpt>
      <trkpt lat="29.64146" lon="-97.34123">
        <ele>93.6</ele>
      </trkpt>
      <trkpt lat="29.6422" lon="-97.34127">
        <ele>94.4</ele>
      </trkpt>
      <trkpt lat="29.64331" lon="-97.34127">
        <ele>96.7</ele>
      </trkpt>
      <trkpt lat="29.64364" lon="-97.34127">
        <ele>97.2</ele>
      </trkpt>
      <trkpt lat="29.64408" lon="-97.34127">
        <ele>98.4</ele>
      </trkpt>
      <trkpt lat="29.64444" lon="-97.34127">
        <ele>98.8</ele>
      </trkpt>
      <trkpt lat="29.6445" lon="-97.34127">
        <ele>98.9</ele>
      </trkpt>
      <trkpt lat="29.64552" lon="-97.34126">
        <ele>100.3</ele>
      </trkpt>
      <trkpt lat="29.6456" lon="-97.34126">
        <ele>100.5</ele>
      </trkpt>
      <trkpt lat="29.64631" lon="-97.34125">
        <ele>102.5</ele>
      </trkpt>
      <trkpt lat="29.64642" lon="-97.34125">
        <ele>102.6</ele>
      </trkpt>
      <trkpt lat="29.6466" lon="-97.34125">
        <ele>102.7</ele>
      </trkpt>
      <trkpt lat="29.64667" lon="-97.34125">
        <ele>102.7</ele>
      </trkpt>
      <trkpt lat="29.64677" lon="-97.34124">
        <ele>102.8</ele>
      </trkpt>
      <trkpt lat="29.64695" lon="-97.34124">
        <ele>102.9</ele>
      </trkpt>
      <trkpt lat="29.64713" lon="-97.34124">
        <ele>103.0</ele>
      </trkpt>
      <trkpt lat="29.64732" lon="-97.34124">
        <ele>102.9</ele>
      </trkpt>
      <trkpt lat="29.64749" lon="-97.34123">
        <ele>102.9</ele>
      </trkpt>
      <trkpt lat="29.64767" lon="-97.34122">
        <ele>102.8</ele>
      </trkpt>
      <trkpt lat="29.64774" lon="-97.34121">
        <ele>102.7</ele>
      </trkpt>
      <trkpt lat="29.64839" lon="-97.34118">
        <ele>102.3</ele>
      </trkpt>
      <trkpt lat="29.64857" lon="-97.34116">
        <ele>102.6</ele>
      </trkpt>
      <trkpt lat="29.64877" lon="-97.34115">
        <ele>102.8</ele>
      </trkpt>
      <trkpt lat="29.64911" lon="-97.34114">
        <ele>102.8</ele>
      </trkpt>
      <trkpt lat="29.65002" lon="-97.34111">
        <ele>101.4</ele>
      </trkpt>
      <trkpt lat="29.65009" lon="-97.3411">
        <ele>101.4</ele>
      </trkpt>
      <trkpt lat="29.65015" lon="-97.3411">
        <ele>101.4</ele>
      </trkpt>
      <trkpt lat="29.65019" lon="-97.34109">
        <ele>101.4</ele>
      </trkpt>
      <trkpt lat="29.65025" lon="-97.34108">
        <ele>101.4</ele>
      </trkpt>
      <trkpt lat="29.65032" lon="-97.34102">
        <ele>101.7</ele>
      </trkpt>
      <trkpt lat="29.65034" lon="-97.341">
        <ele>101.8</ele>
      </trkpt>
      <trkpt lat="29.65037" lon="-97.34096">
        <ele>102.0</ele>
      </trkpt>
      <trkpt lat="29.65045" lon="-97.34083">
        <ele>102.6</ele>
      </trkpt>
      <trkpt lat="29.65057" lon="-97.34067">
        <ele>103.4</ele>
      </trkpt>
      <trkpt lat="29.65059" lon="-97.34064">
        <ele>103.5</ele>
      </trkpt>
      <trkpt lat="29.65059" lon="-97.34063">
        <ele>103.6</ele>
      </trkpt>
      <trkpt lat="29.65071" lon="-97.34046">
        <ele>104.9</ele>
      </trkpt>
      <trkpt lat="29.65111" lon="-97.33985">
        <ele>107.7</ele>
      </trkpt>
      <trkpt lat="29.65113" lon="-97.33982">
        <ele>107.8</ele>
      </trkpt>
      <trkpt lat="29.65114" lon="-97.33981">
        <ele>107.8</ele>
      </trkpt>
      <trkpt lat="29.65133" lon="-97.33952">
        <ele>108.0</ele>
      </trkpt>
      <trkpt lat="29.65167" lon="-97.339">
        <ele>106.6</ele>
      </trkpt>
      <trkpt lat="29.65167" lon="-97.33899">
        <ele>106.6</ele>
      </trkpt>
      <trkpt lat="29.65176" lon="-97.33886">
        <ele>106.1</ele>
      </trkpt>
      <trkpt lat="29.65189" lon="-97.33867">
        <ele>106.0</ele>
      </trkpt>
      <trkpt lat="29.65189" lon="-97.33866">
        <ele>106.1</ele>
      </trkpt>
      <trkpt lat="29.65198" lon="-97.33853">
        <ele>106.6</ele>
      </trkpt>
      <trkpt lat="29.6521" lon="-97.33834">
        <ele>108.6</ele>
      </trkpt>
      <trkpt lat="29.6521" lon="-97.33833">
        <ele>108.7</ele>
      </trkpt>
      <trkpt lat="29.65252" lon="-97.3377">
        <ele>114.2</ele>
      </trkpt>
      <trkpt lat="29.65253" lon="-97.33768">
        <ele>114.3</ele>
      </trkpt>
      <trkpt lat="29.65263" lon="-97.33753">
        <ele>115.2</ele>
      </trkpt>
      <trkpt lat="29.65284" lon="-97.3372">
        <ele>116.7</ele>
      </trkpt>
      <trkpt lat="29.65285" lon="-97.33719">
        <ele>116.7</ele>
      </trkpt>
      <trkpt lat="29.65286" lon="-97.33718">
        <ele>116.7</ele>
      </trkpt>
      <trkpt lat="29.65295" lon="-97.33704">
        <ele>116.7</ele>
      </trkpt>
      <trkpt lat="29.65308" lon="-97.33684">
        <ele>116.6</ele>
      </trkpt>
      <trkpt lat="29.65308" lon="-97.33684">
        <ele>116.6</ele>
      </trkpt>
      <trkpt lat="29.65317" lon="-97.33671">
        <ele>116.5</ele>
      </trkpt>
      <trkpt lat="29.65326" lon="-97.33657">
        <ele>116.4</ele>
      </trkpt>
      <trkpt lat="29.65328" lon="-97.33654">
        <ele>116.3</ele>
      </trkpt>
      <trkpt lat="29.65348" lon="-97.33625">
        <ele>115.9</ele>
      </trkpt>
      <trkpt lat="29.65352" lon="-97.3362">
        <ele>115.8</ele>
      </trkpt>
      <trkpt lat="29.65356" lon="-97.33618">
        <ele>115.8</ele>
      </trkpt>
      <trkpt lat="29.65364" lon="-97.33614">
        <ele>115.7</ele>
      </trkpt>
      <trkpt lat="29.6538" lon="-97.33611">
        <ele>115.5</ele>
      </trkpt>
      <trkpt lat="29.65403" lon="-97.33609">
        <ele>115.0</ele>
      </trkpt>
      <trkpt lat="29.65501" lon="-97.33601">
        <ele>113.9</ele>
      </trkpt>
      <trkpt lat="29.65509" lon="-97.336">
        <ele>113.9</ele>
      </trkpt>
      <trkpt lat="29.6551" lon="-97.336">
        <ele>113.9</ele>
      </trkpt>
      <trkpt lat="29.65523" lon="-97.336">
        <ele>113.8</ele>
      </trkpt>
      <trkpt lat="29.65528" lon="-97.336">
        <ele>113.7</ele>
      </trkpt>
      <trkpt lat="29.65534" lon="-97.33601">
        <ele>113.7</ele>
      </trkpt>
      <trkpt lat="29.65545" lon="-97.33604">
        <ele>113.5</ele>
      </trkpt>
      <trkpt lat="29.65597" lon="-97.33619">
        <ele>114.9</ele>
      </trkpt>
      <trkpt lat="29.65605" lon="-97.33622">
        <ele>115.2</ele>
      </trkpt>
      <trkpt lat="29.65619" lon="-97.33625">
        <ele>115.6</ele>
      </trkpt>
      <trkpt lat="29.65628" lon="-97.33625">
        <ele>115.9</ele>
      </trkpt>
      <trkpt lat="29.65635" lon="-97.33625">
        <ele>116.0</ele>
      </trkpt>
      <trkpt lat="29.65643" lon="-97.33624">
        <ele>116.2</ele>
      </trkpt>
      <trkpt lat="29.65665" lon="-97.33616">
        <ele>116.6</ele>
      </trkpt>
      <trkpt lat="29.65666" lon="-97.33615">
        <ele>116.6</ele>
      </trkpt>
      <trkpt lat="29.65667" lon="-97.33615">
        <ele>116.7</ele>
      </trkpt>
      <trkpt lat="29.65685" lon="-97.3361">
        <ele>117.0</ele>
      </trkpt>
      <trkpt lat="29.65701" lon="-97.33605">
        <ele>117.2</ele>
      </trkpt>
      <trkpt lat="29.65702" lon="-97.33605">
        <ele>117.2</ele>
      </trkpt>
      <trkpt lat="29.65715" lon="-97.33601">
        <ele>117.5</ele>
      </trkpt>
      <trkpt lat="29.6572" lon="-97.336">
        <ele>117.5</ele>
      </trkpt>
      <trkpt lat="29.65755" lon="-97.33589">
        <ele>118.0</ele>
      </trkpt>
      <trkpt lat="29.65804" lon="-97.33574">
        <ele>118.3</ele>
      </trkpt>
      <trkpt lat="29.65805" lon="-97.33574">
        <ele>118.3</ele>
      </trkpt>
      <trkpt lat="29.65824" lon="-97.33568">
        <ele>118.4</ele>
      </trkpt>
      <trkpt lat="29.65853" lon="-97.33559">
        <ele>118.4</ele>
      </trkpt>
      <trkpt lat="29.65859" lon="-97.33557">
        <ele>118.4</ele>
      </trkpt>
      <trkpt lat="29.65909" lon="-97.3354">
        <ele>118.9</ele>
      </trkpt>
      <trkpt lat="29.65942" lon="-97.3353">
        <ele>118.9</ele>
      </trkpt>
      <trkpt lat="29.65945" lon="-97.33529">
        <ele>118.9</ele>
      </trkpt>
      <trkpt lat="29.65968" lon="-97.33522">
        <ele>118.9</ele>
      </trkpt>
      <trkpt lat="29.6598" lon="-97.33517">
        <ele>118.9</ele>
      </trkpt>
      <trkpt lat="29.66043" lon="-97.33491">
        <ele>119.2</ele>
      </trkpt>
      <trkpt lat="29.66044" lon="-97.33491">
        <ele>119.2</ele>
      </trkpt>
      <trkpt lat="29.66065" lon="-97.33482">
        <ele>119.2</ele>
      </trkpt>
      <trkpt lat="29.66098" lon="-97.33469">
        <ele>119.3</ele>
      </trkpt>
      <trkpt lat="29.66121" lon="-97.33459">
        <ele>119.2</ele>
      </trkpt>
      <trkpt lat="29.66127" lon="-97.33457">
        <ele>119.1</ele>
      </trkpt>
      <trkpt lat="29.66132" lon="-97.33455">
        <ele>119.1</ele>
      </trkpt>
      <trkpt lat="29.66145" lon="-97.33449">
        <ele>118.9</ele>
      </trkpt>
      <trkpt lat="29.66244" lon="-97.33407">
        <ele>117.1</ele>
      </trkpt>
      <trkpt lat="29.66245" lon="-97.33407">
        <ele>117.1</ele>
      </trkpt>
      <trkpt lat="29.6625" lon="-97.33404">
        <ele>116.9</ele>
      </trkpt>
      <trkpt lat="29.66267" lon="-97.33397">
        <ele>116.6</ele>
      </trkpt>
      <trkpt lat="29.66301" lon="-97.33383">
        <ele>116.0</ele>
      </trkpt>
      <trkpt lat="29.66307" lon="-97.3338">
        <ele>115.9</ele>
      </trkpt>
      <trkpt lat="29.66318" lon="-97.33377">
        <ele>116.0</ele>
      </trkpt>
      <trkpt lat="29.66328" lon="-97.33374">
        <ele>116.2</ele>
      </trkpt>
      <trkpt lat="29.66329" lon="-97.33374">
        <ele>116.2</ele>
      </trkpt>
      <trkpt lat="29.6633" lon="-97.33374">
        <ele>116.2</ele>
      </trkpt>
      <trkpt lat="29.66336" lon="-97.33372">
        <ele>116.4</ele>
      </trkpt>
      <trkpt lat="29.66339" lon="-97.33371">
        <ele>116.5</ele>
      </trkpt>
      <trkpt lat="29.66354" lon="-97.33371">
        <ele>117.2</ele>
      </trkpt>
      <trkpt lat="29.66368" lon="-97.3337">
        <ele>117.6</ele>
      </trkpt>
      <trkpt lat="29.664" lon="-97.3337">
        <ele>118.2</ele>
      </trkpt>
      <trkpt lat="29.66401" lon="-97.3337">
        <ele>118.2</ele>
      </trkpt>
      <trkpt lat="29.66408" lon="-97.3337">
        <ele>118.3</ele>
      </trkpt>
      <trkpt lat="29.66426" lon="-97.3337">
        <ele>118.8</ele>
      </trkpt>
      <trkpt lat="29.66444" lon="-97.3337">
        <ele>119.1</ele>
      </trkpt>
      <trkpt lat="29.6648" lon="-97.3337">
        <ele>119.3</ele>
      </trkpt>
      <trkpt lat="29.66498" lon="-97.3337">
        <ele>119.1</ele>
      </trkpt>
      <trkpt lat="29.66508" lon="-97.3337">
        <ele>119.0</ele>
      </trkpt>
      <trkpt lat="29.66525" lon="-97.3337">
        <ele>119.0</ele>
      </trkpt>
      <trkpt lat="29.66534" lon="-97.3337">
        <ele>119.0</ele>
      </trkpt>
      <trkpt lat="29.66569" lon="-97.3337">
        <ele>118.4</ele>
      </trkpt>
      <trkpt lat="29.66578" lon="-97.3337">
        <ele>118.4</ele>
      </trkpt>
      <trkpt lat="29.66579" lon="-97.3337">
        <ele>118.4</ele>
      </trkpt>
      <trkpt lat="29.66587" lon="-97.3337">
        <ele>118.5</ele>
      </trkpt>
      <trkpt lat="29.66596" lon="-97.3337">
        <ele>118.4</ele>
      </trkpt>
      <trkpt lat="29.66597" lon="-97.3337">
        <ele>118.4</ele>
      </trkpt>
      <trkpt lat="29.66605" lon="-97.3337">
        <ele>118.4</ele>
      </trkpt>
      <trkpt lat="29.66623" lon="-97.3337">
        <ele>118.9</ele>
      </trkpt>
      <trkpt lat="29.66639" lon="-97.3337">
        <ele>119.4</ele>
      </trkpt>
      <trkpt lat="29.66641" lon="-97.3337">
        <ele>119.4</ele>
      </trkpt>
      <trkpt lat="29.66645" lon="-97.3337">
        <ele>119.5</ele>
      </trkpt>
      <trkpt lat="29.66647" lon="-97.3337">
        <ele>119.6</ele>
      </trkpt>
      <trkpt lat="29.66659" lon="-97.3337">
        <ele>120.0</ele>
      </trkpt>
      <trkpt lat="29.66668" lon="-97.3337">
        <ele>120.2</ele>
      </trkpt>
      <trkpt lat="29.66674" lon="-97.3337">
        <ele>120.4</ele>
      </trkpt>
      <trkpt lat="29.66677" lon="-97.3337">
        <ele>120.5</ele>
      </trkpt>
      <trkpt lat="29.66678" lon="-97.3337">
        <ele>120.5</ele>
      </trkpt>
      <trkpt lat="29.6668" lon="-97.3337">
        <ele>120.6</ele>
      </trkpt>
      <trkpt lat="29.6669" lon="-97.3337">
        <ele>120.9</ele>
      </trkpt>
      <trkpt lat="29.66694" lon="-97.33369">
        <ele>121.0</ele>
      </trkpt>
      <trkpt lat="29.66712" lon="-97.33369">
        <ele>121.4</ele>
      </trkpt>
      <trkpt lat="29.66727" lon="-97.33369">
        <ele>121.7</ele>
      </trkpt>
      <trkpt lat="29.66735" lon="-97.33369">
        <ele>121.8</ele>
      </trkpt>
      <trkpt lat="29.66746" lon="-97.33369">
        <ele>122.1</ele>
      </trkpt>
      <trkpt lat="29.66752" lon="-97.33369">
        <ele>122.2</ele>
      </trkpt>
      <trkpt lat="29.66764" lon="-97.33369">
        <ele>122.3</ele>
      </trkpt>
      <trkpt lat="29.6677" lon="-97.33369">
        <ele>122.4</ele>
      </trkpt>
      <trkpt lat="29.66788" lon="-97.33369">
        <ele>122.7</ele>
      </trkpt>
      <trkpt lat="29.66806" lon="-97.33369">
        <ele>122.9</ele>
      </trkpt>
      <trkpt lat="29.66826" lon="-97.33369">
        <ele>123.0</ele>
      </trkpt>
      <trkpt lat="29.66878" lon="-97.33369">
        <ele>122.9</ele>
      </trkpt>
      <trkpt lat="29.66893" lon="-97.33369">
        <ele>122.9</ele>
      </trkpt>
      <trkpt lat="29.66896" lon="-97.33369">
        <ele>122.9</ele>
      </trkpt>
      <trkpt lat="29.6691" lon="-97.33369">
        <ele>122.9</ele>
      </trkpt>
      <trkpt lat="29.66914" lon="-97.33369">
        <ele>122.8</ele>
      </trkpt>
      <trkpt lat="29.6695" lon="-97.33369">
        <ele>122.7</ele>
      </trkpt>
      <trkpt lat="29.66968" lon="-97.33369">
        <ele>122.8</ele>
      </trkpt>
      <trkpt lat="29.66986" lon="-97.33368">
        <ele>122.9</ele>
      </trkpt>
      <trkpt lat="29.66998" lon="-97.33368">
        <ele>123.1</ele>
      </trkpt>
      <trkpt lat="29.67004" lon="-97.33368">
        <ele>123.1</ele>
      </trkpt>
      <trkpt lat="29.67016" lon="-97.33368">
        <ele>123.3</ele>
      </trkpt>
      <trkpt lat="29.6704" lon="-97.33368">
        <ele>123.8</ele>
      </trkpt>
      <trkpt lat="29.67051" lon="-97.33368">
        <ele>124.1</ele>
      </trkpt>
      <trkpt lat="29.67165" lon="-97.33368">
        <ele>125.2</ele>
      </trkpt>
      <trkpt lat="29.67174" lon="-97.33368">
        <ele>125.0</ele>
      </trkpt>
      <trkpt lat="29.67183" lon="-97.33368">
        <ele>124.8</ele>
      </trkpt>
      <trkpt lat="29.67201" lon="-97.33368">
        <ele>124.5</ele>
      </trkpt>
      <trkpt lat="29.67231" lon="-97.33367">
        <ele>124.3</ele>
      </trkpt>
      <trkpt lat="29.67255" lon="-97.33367">
        <ele>124.2</ele>
      </trkpt>
      <trkpt lat="29.67273" lon="-97.33367">
        <ele>124.1</ele>
      </trkpt>
      <trkpt lat="29.67297" lon="-97.33367">
        <ele>124.1</ele>
      </trkpt>
      <trkpt lat="29.67399" lon="-97.33366">
        <ele>124.2</ele>
      </trkpt>
      <trkpt lat="29.67417" lon="-97.33366">
        <ele>124.1</ele>
      </trkpt>
      <trkpt lat="29.67419" lon="-97.33366">
        <ele>124.1</ele>
      </trkpt>
      <trkpt lat="29.67437" lon="-97.33366">
        <ele>124.0</ele>
      </trkpt>
      <trkpt lat="29.67507" lon="-97.33365">
        <ele>122.6</ele>
      </trkpt>
      <trkpt lat="29.67507" lon="-97.33365">
        <ele>122.6</ele>
      </trkpt>
      <trkpt lat="29.67506" lon="-97.33348">
        <ele>123.4</ele>
      </trkpt>
      <trkpt lat="29.67504" lon="-97.3334">
        <ele>123.9</ele>
      </trkpt>
      <trkpt lat="29.675" lon="-97.33325">
        <ele>124.4</ele>
      </trkpt>
      <trkpt lat="29.67494" lon="-97.33306">
        <ele>124.6</ele>
      </trkpt>
      <trkpt lat="29.67488" lon="-97.33287">
        <ele>124.4</ele>
      </trkpt>
      <trkpt lat="29.67485" lon="-97.3328">
        <ele>124.3</ele>
      </trkpt>
      <trkpt lat="29.6748" lon="-97.33268">
        <ele>124.1</ele>
      </trkpt>
      <trkpt lat="29.67471" lon="-97.3325">
        <ele>123.6</ele>
      </trkpt>
      <trkpt lat="29.67464" lon="-97.33233">
        <ele>123.1</ele>
      </trkpt>
      <trkpt lat="29.67463" lon="-97.33231">
        <ele>123.1</ele>
      </trkpt>
      <trkpt lat="29.67454" lon="-97.33213">
        <ele>122.6</ele>
      </trkpt>
      <trkpt lat="29.67442" lon="-97.3319">
        <ele>121.9</ele>
      </trkpt>
      <trkpt lat="29.67429" lon="-97.33158">
        <ele>121.2</ele>
      </trkpt>
      <trkpt lat="29.67424" lon="-97.33145">
        <ele>121.0</ele>
      </trkpt>
      <trkpt lat="29.67422" lon="-97.33139">
        <ele>120.9</ele>
      </trkpt>
      <trkpt lat="29.67417" lon="-97.33119">
        <ele>120.5</ele>
      </trkpt>
      <trkpt lat="29.67414" lon="-97.3311">
        <ele>120.3</ele>
      </trkpt>
      <trkpt lat="29.67407" lon="-97.33076">
        <ele>119.3</ele>
      </trkpt>
      <trkpt lat="29.67403" lon="-97.3304">
        <ele>118.1</ele>
      </trkpt>
      <trkpt lat="29.67404" lon="-97.32997">
        <ele>116.4</ele>
      </trkpt>
      <trkpt lat="29.67404" lon="-97.32985">
        <ele>116.0</ele>
      </trkpt>
      <trkpt lat="29.67406" lon="-97.32976">
        <ele>115.8</ele>
      </trkpt>
      <trkpt lat="29.6741" lon="-97.32956">
        <ele>115.1</ele>
      </trkpt>
      <trkpt lat="29.67418" lon="-97.32922">
        <ele>113.8</ele>
      </trkpt>
      <trkpt lat="29.6742" lon="-97.32916">
        <ele>113.9</ele>
      </trkpt>
      <trkpt lat="29.67435" lon="-97.32879">
        <ele>115.9</ele>
      </trkpt>
      <trkpt lat="29.67443" lon="-97.3286">
        <ele>116.6</ele>
      </trkpt>
      <trkpt lat="29.6745" lon="-97.32841">
        <ele>117.2</ele>
      </trkpt>
      <trkpt lat="29.67451" lon="-97.3284">
        <ele>117.3</ele>
      </trkpt>
      <trkpt lat="29.67471" lon="-97.32794">
        <ele>118.8</ele>
      </trkpt>
      <trkpt lat="29.6751" lon="-97.32707">
        <ele>121.7</ele>
      </trkpt>
      <trkpt lat="29.67514" lon="-97.32698">
        <ele>121.9</ele>
      </trkpt>
      <trkpt lat="29.67519" lon="-97.32683">
        <ele>122.0</ele>
      </trkpt>
      <trkpt lat="29.67525" lon="-97.32669">
        <ele>122.0</ele>
      </trkpt>
      <trkpt lat="29.67533" lon="-97.32645">
        <ele>122.0</ele>
      </trkpt>
      <trkpt lat="29.67541" lon="-97.32626">
        <ele>121.5</ele>
      </trkpt>
      <trkpt lat="29.67553" lon="-97.32593">
        <ele>120.2</ele>
      </trkpt>
      <trkpt lat="29.67555" lon="-97.32588">
        <ele>119.9</ele>
      </trkpt>
      <trkpt lat="29.67558" lon="-97.3258">
        <ele>119.5</ele>
      </trkpt>
      <trkpt lat="29.67567" lon="-97.32555">
        <ele>118.3</ele>
      </trkpt>
      <trkpt lat="29.67569" lon="-97.3255">
        <ele>117.9</ele>
      </trkpt>
      <trkpt lat="29.67585" lon="-97.32507">
        <ele>115.3</ele>
      </trkpt>
      <trkpt lat="29.67606" lon="-97.32461">
        <ele>113.6</ele>
      </trkpt>
      <trkpt lat="29.67606" lon="-97.3246">
        <ele>113.5</ele>
      </trkpt>
      <trkpt lat="29.67608" lon="-97.32457">
        <ele>113.4</ele>
      </trkpt>
      <trkpt lat="29.67638" lon="-97.32405">
        <ele>111.0</ele>
      </trkpt>
      <trkpt lat="29.67639" lon="-97.32402">
        <ele>110.9</ele>
      </trkpt>
      <trkpt lat="29.67641" lon="-97.324">
        <ele>110.9</ele>
      </trkpt>
      <trkpt lat="29.67646" lon="-97.32393">
        <ele>110.8</ele>
      </trkpt>
      <trkpt lat="29.67661" lon="-97.32373">
        <ele>111.9</ele>
      </trkpt>
      <trkpt lat="29.67673" lon="-97.32357">
        <ele>113.0</ele>
      </trkpt>
      <trkpt lat="29.67696" lon="-97.32326">
        <ele>114.3</ele>
      </trkpt>
      <trkpt lat="29.67705" lon="-97.32314">
        <ele>114.8</ele>
      </trkpt>
      <trkpt lat="29.67708" lon="-97.3231">
        <ele>115.0</ele>
      </trkpt>
      <trkpt lat="29.67724" lon="-97.32288">
        <ele>116.0</ele>
      </trkpt>
      <trkpt lat="29.67775" lon="-97.32225">
        <ele>119.2</ele>
      </trkpt>
      <trkpt lat="29.67783" lon="-97.32218">
        <ele>119.7</ele>
      </trkpt>
      <trkpt lat="29.6786" lon="-97.32137">
        <ele>123.4</ele>
      </trkpt>
      <trkpt lat="29.67874" lon="-97.32123">
        <ele>123.8</ele>
      </trkpt>
      <trkpt lat="29.67887" lon="-97.32109">
        <ele>124.0</ele>
      </trkpt>
      <trkpt lat="29.67928" lon="-97.32068">
        <ele>124.6</ele>
      </trkpt>
      <trkpt lat="29.67955" lon="-97.32041">
        <ele>124.8</ele>
      </trkpt>
      <trkpt lat="29.67969" lon="-97.32028">
        <ele>124.9</ele>
      </trkpt>
      <trkpt lat="29.67996" lon="-97.32001">
        <ele>124.8</ele>
      </trkpt>
      <trkpt lat="29.68005" lon="-97.31992">
        <ele>124.8</ele>
      </trkpt>
      <trkpt lat="29.68009" lon="-97.31987">
        <ele>124.7</ele>
      </trkpt>
      <trkpt lat="29.6801" lon="-97.31987">
        <ele>124.7</ele>
      </trkpt>
      <trkpt lat="29.68023" lon="-97.31974">
        <ele>124.5</ele>
      </trkpt>
      <trkpt lat="29.68027" lon="-97.31971">
        <ele>124.4</ele>
      </trkpt>
      <trkpt lat="29.68037" lon="-97.31961">
        <ele>124.1</ele>
      </trkpt>
      <trkpt lat="29.68065" lon="-97.31934">
        <ele>123.7</ele>
      </trkpt>
      <trkpt lat="29.68073" lon="-97.31926">
        <ele>123.7</ele>
      </trkpt>
      <trkpt lat="29.68078" lon="-97.31921">
        <ele>123.7</ele>
      </trkpt>
      <trkpt lat="29.68123" lon="-97.31878">
        <ele>123.8</ele>
      </trkpt>
      <trkpt lat="29.68139" lon="-97.31863">
        <ele>123.6</ele>
      </trkpt>
      <trkpt lat="29.68148" lon="-97.31855">
        <ele>123.4</ele>
      </trkpt>
      <trkpt lat="29.68162" lon="-97.31842">
        <ele>123.2</ele>
      </trkpt>
      <trkpt lat="29.68194" lon="-97.31815">
        <ele>122.4</ele>
      </trkpt>
      <trkpt lat="29.68205" lon="-97.31805">
        <ele>122.0</ele>
      </trkpt>
      <trkpt lat="29.68219" lon="-97.31792">
        <ele>121.7</ele>
      </trkpt>
      <trkpt lat="29.68233" lon="-97.3178">
        <ele>121.8</ele>
      </trkpt>
      <trkpt lat="29.68234" lon="-97.31779">
        <ele>121.8</ele>
      </trkpt>
      <trkpt lat="29.68248" lon="-97.31767">
        <ele>121.8</ele>
      </trkpt>
      <trkpt lat="29.68258" lon="-97.31759">
        <ele>121.8</ele>
      </trkpt>
      <trkpt lat="29.68263" lon="-97.31755">
        <ele>121.9</ele>
      </trkpt>
      <trkpt lat="29.68267" lon="-97.31751">
        <ele>121.9</ele>
      </trkpt>
      <trkpt lat="29.68277" lon="-97.31743">
        <ele>122.0</ele>
      </trkpt>
      <trkpt lat="29.68291" lon="-97.31731">
        <ele>122.4</ele>
      </trkpt>
      <trkpt lat="29.68292" lon="-97.31731">
        <ele>122.4</ele>
      </trkpt>
      <trkpt lat="29.68306" lon="-97.31718">
        <ele>122.8</ele>
      </trkpt>
      <trkpt lat="29.68348" lon="-97.31682">
        <ele>124.3</ele>
      </trkpt>
      <trkpt lat="29.68373" lon="-97.3165">
        <ele>124.9</ele>
      </trkpt>
      <trkpt lat="29.68383" lon="-97.31638">
        <ele>125.1</ele>
      </trkpt>
      <trkpt lat="29.68385" lon="-97.31635">
        <ele>125.1</ele>
      </trkpt>
      <trkpt lat="29.68397" lon="-97.31619">
        <ele>125.5</ele>
      </trkpt>
      <trkpt lat="29.68421" lon="-97.31588">
        <ele>125.0</ele>
      </trkpt>
      <trkpt lat="29.68433" lon="-97.31573">
        <ele>124.8</ele>
      </trkpt>
      <trkpt lat="29.68505" lon="-97.31481">
        <ele>124.2</ele>
      </trkpt>
      <trkpt lat="29.68555" lon="-97.31415">
        <ele>124.0</ele>
      </trkpt>
      <trkpt lat="29.68564" lon="-97.31403">
        <ele>123.9</ele>
      </trkpt>
      <trkpt lat="29.68576" lon="-97.31387">
        <ele>123.6</ele>
      </trkpt>
      <trkpt lat="29.68593" lon="-97.31365">
        <ele>123.0</ele>
      </trkpt>
      <trkpt lat="29.68604" lon="-97.31342">
        <ele>122.3</ele>
      </trkpt>
      <trkpt lat="29.6862" lon="-97.31303">
        <ele>121.3</ele>
      </trkpt>
      <trkpt lat="29.68642" lon="-97.31237">
        <ele>119.3</ele>
      </trkpt>
      <trkpt lat="29.6865" lon="-97.31215">
        <ele>118.7</ele>
      </trkpt>
      <trkpt lat="29.68665" lon="-97.31181">
        <ele>117.9</ele>
      </trkpt>
      <trkpt lat="29.68668" lon="-97.31173">
        <ele>117.8</ele>
      </trkpt>
      <trkpt lat="29.68674" lon="-97.31163">
        <ele>118.0</ele>
      </trkpt>
      <trkpt lat="29.68675" lon="-97.3116">
        <ele>118.0</ele>
      </trkpt>
      <trkpt lat="29.68675" lon="-97.3116">
        <ele>118.0</ele>
      </trkpt>
      <trkpt lat="29.68677" lon="-97.31157">
        <ele>118.1</ele>
      </trkpt>
      <trkpt lat="29.68688" lon="-97.31134">
        <ele>118.5</ele>
      </trkpt>
      <trkpt lat="29.68704" lon="-97.31109">
        <ele>119.0</ele>
      </trkpt>
      <trkpt lat="29.6872" lon="-97.31092">
        <ele>119.4</ele>
      </trkpt>
      <trkpt lat="29.6873" lon="-97.31084">
        <ele>119.6</ele>
      </trkpt>
      <trkpt lat="29.68742" lon="-97.31074">
        <ele>119.8</ele>
      </trkpt>
      <trkpt lat="29.6882" lon="-97.31026">
        <ele>121.1</ele>
      </trkpt>
      <trkpt lat="29.6882" lon="-97.31026">
        <ele>121.1</ele>
      </trkpt>
      <trkpt lat="29.68882" lon="-97.30985">
        <ele>121.3</ele>
      </trkpt>
      <trkpt lat="29.68886" lon="-97.30982">
        <ele>121.3</ele>
      </trkpt>
      <trkpt lat="29.68898" lon="-97.30975">
        <ele>121.1</ele>
      </trkpt>
      <trkpt lat="29.68936" lon="-97.3095">
        <ele>119.9</ele>
      </trkpt>
      <trkpt lat="29.68959" lon="-97.30934">
        <ele>119.4</ele>
      </trkpt>
      <trkpt lat="29.69061" lon="-97.30866">
        <ele>116.5</ele>
      </trkpt>
      <trkpt lat="29.69089" lon="-97.30847">
        <ele>116.1</ele>
      </trkpt>
      <trkpt lat="29.6918" lon="-97.30788">
        <ele>113.0</ele>
      </trkpt>
      <trkpt lat="29.69203" lon="-97.30773">
        <ele>112.6</ele>
      </trkpt>
      <trkpt lat="29.6922" lon="-97.30759">
        <ele>112.2</ele>
      </trkpt>
      <trkpt lat="29.69235" lon="-97.30738">
        <ele>111.8</ele>
      </trkpt>
      <trkpt lat="29.69239" lon="-97.30721">
        <ele>111.4</ele>
      </trkpt>
      <trkpt lat="29.69241" lon="-97.30675">
        <ele>111.0</ele>
      </trkpt>
      <trkpt lat="29.69241" lon="-97.30658">
        <ele>110.9</ele>
      </trkpt>
      <trkpt lat="29.69246" lon="-97.30612">
        <ele>110.0</ele>
      </trkpt>
      <trkpt lat="29.69261" lon="-97.30576">
        <ele>108.7</ele>
      </trkpt>
      <trkpt lat="29.69275" lon="-97.30555">
        <ele>109.7</ele>
      </trkpt>
      <trkpt lat="29.69284" lon="-97.30545">
        <ele>109.9</ele>
      </trkpt>
      <trkpt lat="29.69295" lon="-97.30532">
        <ele>110.1</ele>
      </trkpt>
      <trkpt lat="29.69316" lon="-97.30515">
        <ele>110.3</ele>
      </trkpt>
      <trkpt lat="29.69331" lon="-97.30506">
        <ele>110.4</ele>
      </trkpt>
      <trkpt lat="29.69356" lon="-97.30496">
        <ele>110.6</ele>
      </trkpt>
      <trkpt lat="29.6938" lon="-97.30486">
        <ele>110.8</ele>
      </trkpt>
      <trkpt lat="29.69402" lon="-97.30476">
        <ele>111.0</ele>
      </trkpt>
      <trkpt lat="29.69411" lon="-97.30469">
        <ele>111.1</ele>
      </trkpt>
      <trkpt lat="29.69416" lon="-97.30461">
        <ele>111.2</ele>
      </trkpt>
      <trkpt lat="29.69418" lon="-97.30457">
        <ele>111.3</ele>
      </trkpt>
      <trkpt lat="29.69418" lon="-97.30457">
        <ele>111.3</ele>
      </trkpt>
      <trkpt lat="29.69419" lon="-97.30449">
        <ele>111.4</ele>
      </trkpt>
      <trkpt lat="29.69418" lon="-97.3044">
        <ele>111.4</ele>
      </trkpt>
      <trkpt lat="29.69415" lon="-97.30429">
        <ele>111.5</ele>
      </trkpt>
      <trkpt lat="29.694" lon="-97.30381">
        <ele>111.8</ele>
      </trkpt>
      <trkpt lat="29.69382" lon="-97.3033">
        <ele>112.0</ele>
      </trkpt>
      <trkpt lat="29.69372" lon="-97.30302">
        <ele>112.1</ele>
      </trkpt>
      <trkpt lat="29.69339" lon="-97.30205">
        <ele>112.3</ele>
      </trkpt>
      <trkpt lat="29.6932" lon="-97.30147">
        <ele>112.4</ele>
      </trkpt>
      <trkpt lat="29.69319" lon="-97.30146">
        <ele>112.4</ele>
      </trkpt>
      <trkpt lat="29.69319" lon="-97.30146">
        <ele>112.4</ele>
      </trkpt>
      <trkpt lat="29.69316" lon="-97.30135">
        <ele>112.4</ele>
      </trkpt>
      <trkpt lat="29.69313" lon="-97.30128">
        <ele>112.4</ele>
      </trkpt>
      <trkpt lat="29.69295" lon="-97.30074">
        <ele>112.4</ele>
      </trkpt>
      <trkpt lat="29.69295" lon="-97.30074">
        <ele>112.4</ele>
      </trkpt>
      <trkpt lat="29.69327" lon="-97.3006">
        <ele>112.9</ele>
      </trkpt>
      <trkpt lat="29.6933" lon="-97.30059">
        <ele>112.9</ele>
      </trkpt>
      <trkpt lat="29.69374" lon="-97.3004">
        <ele>113.4</ele>
      </trkpt>
      <trkpt lat="29.69415" lon="-97.30022">
        <ele>113.9</ele>
      </trkpt>
      <trkpt lat="29.69449" lon="-97.30007">
        <ele>114.3</ele>
      </trkpt>
      <trkpt lat="29.69463" lon="-97.3">
        <ele>114.5</ele>
      </trkpt>
      <trkpt lat="29.69475" lon="-97.29995">
        <ele>114.6</ele>
      </trkpt>
      <trkpt lat="29.69497" lon="-97.29986">
        <ele>115.0</ele>
      </trkpt>
      <trkpt lat="29.69508" lon="-97.29981">
        <ele>115.1</ele>
      </trkpt>
      <trkpt lat="29.69557" lon="-97.2996">
        <ele>115.8</ele>
      </trkpt>
      <trkpt lat="29.69601" lon="-97.29941">
        <ele>117.9</ele>
      </trkpt>
      <trkpt lat="29.69647" lon="-97.29923">
        <ele>119.2</ele>
      </trkpt>
      <trkpt lat="29.69708" lon="-97.29899">
        <ele>119.5</ele>
      </trkpt>
      <trkpt lat="29.69742" lon="-97.29886">
        <ele>119.7</ele>
      </trkpt>
      <trkpt lat="29.69785" lon="-97.29868">
        <ele>120.0</ele>
      </trkpt>
      <trkpt lat="29.69835" lon="-97.29848">
        <ele>120.5</ele>
      </trkpt>
      <trkpt lat="29.69848" lon="-97.29846">
        <ele>120.6</ele>
      </trkpt>
      <trkpt lat="29.69885" lon="-97.2984">
        <ele>120.9</ele>
      </trkpt>
      <trkpt lat="29.69911" lon="-97.29835">
        <ele>121.3</ele>
      </trkpt>
      <trkpt lat="29.69923" lon="-97.29833">
        <ele>121.5</ele>
      </trkpt>
      <trkpt lat="29.69939" lon="-97.29829">
        <ele>121.7</ele>
      </trkpt>
      <trkpt lat="29.69946" lon="-97.29826">
        <ele>121.7</ele>
      </trkpt>
      <trkpt lat="29.69954" lon="-97.29823">
        <ele>121.8</ele>
      </trkpt>
      <trkpt lat="29.6997" lon="-97.29815">
        <ele>122.1</ele>
      </trkpt>
      <trkpt lat="29.69971" lon="-97.29815">
        <ele>122.1</ele>
      </trkpt>
      <trkpt lat="29.69974" lon="-97.29813">
        <ele>122.2</ele>
      </trkpt>
      <trkpt lat="29.69993" lon="-97.29802">
        <ele>122.3</ele>
      </trkpt>
      <trkpt lat="29.70102" lon="-97.29736">
        <ele>122.5</ele>
      </trkpt>
      <trkpt lat="29.70106" lon="-97.29733">
        <ele>122.5</ele>
      </trkpt>
      <trkpt lat="29.7011" lon="-97.29731">
        <ele>122.6</ele>
      </trkpt>
      <trkpt lat="29.70116" lon="-97.29728">
        <ele>122.6</ele>
      </trkpt>
      <trkpt lat="29.70121" lon="-97.29725">
        <ele>122.6</ele>
      </trkpt>
      <trkpt lat="29.70131" lon="-97.29721">
        <ele>122.7</ele>
      </trkpt>
      <trkpt lat="29.70137" lon="-97.29719">
        <ele>122.7</ele>
      </trkpt>
      <trkpt lat="29.70138" lon="-97.29719">
        <ele>122.7</ele>
      </trkpt>
      <trkpt lat="29.70143" lon="-97.29717">
        <ele>122.8</ele>
      </trkpt>
      <trkpt lat="29.70152" lon="-97.29716">
        <ele>122.9</ele>
      </trkpt>
      <trkpt lat="29.70164" lon="-97.29717">
        <ele>123.2</ele>
      </trkpt>
      <trkpt lat="29.70177" lon="-97.29721">
        <ele>123.6</ele>
      </trkpt>
      <trkpt lat="29.70183" lon="-97.29725">
        <ele>123.9</ele>
      </trkpt>
      <trkpt lat="29.70184" lon="-97.29725">
        <ele>123.9</ele>
      </trkpt>
      <trkpt lat="29.70189" lon="-97.29729">
        <ele>124.2</ele>
      </trkpt>
      <trkpt lat="29.70196" lon="-97.29734">
        <ele>124.4</ele>
      </trkpt>
      <trkpt lat="29.70202" lon="-97.29741">
        <ele>124.5</ele>
      </trkpt>
      <trkpt lat="29.70207" lon="-97.29748">
        <ele>124.5</ele>
      </trkpt>
      <trkpt lat="29.7022" lon="-97.29771">
        <ele>124.5</ele>
      </trkpt>
      <trkpt lat="29.7023" lon="-97.29791">
        <ele>124.3</ele>
      </trkpt>
      <trkpt lat="29.70241" lon="-97.29813">
        <ele>124.1</ele>
      </trkpt>
      <trkpt lat="29.70248" lon="-97.29827">
        <ele>123.9</ele>
      </trkpt>
      <trkpt lat="29.70251" lon="-97.29835">
        <ele>123.9</ele>
      </trkpt>
      <trkpt lat="29.70275" lon="-97.29881">
        <ele>124.0</ele>
      </trkpt>
      <trkpt lat="29.70282" lon="-97.29894">
        <ele>124.1</ele>
      </trkpt>
      <trkpt lat="29.70292" lon="-97.29908">
        <ele>124.3</ele>
      </trkpt>
      <trkpt lat="29.70301" lon="-97.29917">
        <ele>124.5</ele>
      </trkpt>
      <trkpt lat="29.7031" lon="-97.29926">
        <ele>124.7</ele>
      </trkpt>
      <trkpt lat="29.70317" lon="-97.29933">
        <ele>124.8</ele>
      </trkpt>
      <trkpt lat="29.70331" lon="-97.29942">
        <ele>124.9</ele>
      </trkpt>
      <trkpt lat="29.70339" lon="-97.29947">
        <ele>124.9</ele>
      </trkpt>
      <trkpt lat="29.70347" lon="-97.29952">
        <ele>124.9</ele>
      </trkpt>
      <trkpt lat="29.70355" lon="-97.29955">
        <ele>124.9</ele>
      </trkpt>
      <trkpt lat="29.7038" lon="-97.29964">
        <ele>124.7</ele>
      </trkpt>
      <trkpt lat="29.70391" lon="-97.29966">
        <ele>124.6</ele>
      </trkpt>
      <trkpt lat="29.70391" lon="-97.29967">
        <ele>124.6</ele>
      </trkpt>
      <trkpt lat="29.70405" lon="-97.2997">
        <ele>124.5</ele>
      </trkpt>
      <trkpt lat="29.70463" lon="-97.29983">
        <ele>123.8</ele>
      </trkpt>
      <trkpt lat="29.70547" lon="-97.30001">
        <ele>124.4</ele>
      </trkpt>
      <trkpt lat="29.70558" lon="-97.30004">
        <ele>124.6</ele>
      </trkpt>
      <trkpt lat="29.70575" lon="-97.30008">
        <ele>124.8</ele>
      </trkpt>
      <trkpt lat="29.70662" lon="-97.30027">
        <ele>126.4</ele>
      </trkpt>
      <trkpt lat="29.70667" lon="-97.30028">
        <ele>126.5</ele>
      </trkpt>
      <trkpt lat="29.70671" lon="-97.30029">
        <ele>126.6</ele>
      </trkpt>
      <trkpt lat="29.70675" lon="-97.3003">
        <ele>126.6</ele>
      </trkpt>
      <trkpt lat="29.70699" lon="-97.30035">
        <ele>127.1</ele>
      </trkpt>
      <trkpt lat="29.70734" lon="-97.30043">
        <ele>127.6</ele>
      </trkpt>
      <trkpt lat="29.70752" lon="-97.30047">
        <ele>127.7</ele>
      </trkpt>
      <trkpt lat="29.7077" lon="-97.30051">
        <ele>127.8</ele>
      </trkpt>
      <trkpt lat="29.70787" lon="-97.30055">
        <ele>128.1</ele>
      </trkpt>
      <trkpt lat="29.70805" lon="-97.30059">
        <ele>128.3</ele>
      </trkpt>
      <trkpt lat="29.70812" lon="-97.30061">
        <ele>128.3</ele>
      </trkpt>
      <trkpt lat="29.70819" lon="-97.30063">
        <ele>128.3</ele>
      </trkpt>
      <trkpt lat="29.70823" lon="-97.30064">
        <ele>128.3</ele>
      </trkpt>
      <trkpt lat="29.70858" lon="-97.30072">
        <ele>128.3</ele>
      </trkpt>
      <trkpt lat="29.70875" lon="-97.30076">
        <ele>128.4</ele>
      </trkpt>
      <trkpt lat="29.70889" lon="-97.30078">
        <ele>128.4</ele>
      </trkpt>
      <trkpt lat="29.70893" lon="-97.30079">
        <ele>128.3</ele>
      </trkpt>
      <trkpt lat="29.70929" lon="-97.30087">
        <ele>128.1</ele>
      </trkpt>
      <trkpt lat="29.70936" lon="-97.30089">
        <ele>128.0</ele>
      </trkpt>
      <trkpt lat="29.70943" lon="-97.30091">
        <ele>127.9</ele>
      </trkpt>
      <trkpt lat="29.70946" lon="-97.30091">
        <ele>127.9</ele>
      </trkpt>
      <trkpt lat="29.70964" lon="-97.30095">
        <ele>127.8</ele>
      </trkpt>
      <trkpt lat="29.71017" lon="-97.30107">
        <ele>127.2</ele>
      </trkpt>
      <trkpt lat="29.71067" lon="-97.30119">
        <ele>126.6</ele>
      </trkpt>
      <trkpt lat="29.71104" lon="-97.30127">
        <ele>126.2</ele>
      </trkpt>
      <trkpt lat="29.71123" lon="-97.30131">
        <ele>126.0</ele>
      </trkpt>
      <trkpt lat="29.7113" lon="-97.30133">
        <ele>125.9</ele>
      </trkpt>
      <trkpt lat="29.7114" lon="-97.30135">
        <ele>125.7</ele>
      </trkpt>
      <trkpt lat="29.71164" lon="-97.30141">
        <ele>125.1</ele>
      </trkpt>
      <trkpt lat="29.71195" lon="-97.30148">
        <ele>124.4</ele>
      </trkpt>
      <trkpt lat="29.71215" lon="-97.30154">
        <ele>123.8</ele>
      </trkpt>
      <trkpt lat="29.71237" lon="-97.30162">
        <ele>123.1</ele>
      </trkpt>
      <trkpt lat="29.71253" lon="-97.30169">
        <ele>122.5</ele>
      </trkpt>
      <trkpt lat="29.71261" lon="-97.30173">
        <ele>122.2</ele>
      </trkpt>
      <trkpt lat="29.71268" lon="-97.30177">
        <ele>122.0</ele>
      </trkpt>
      <trkpt lat="29.71278" lon="-97.30183">
        <ele>121.7</ele>
      </trkpt>
      <trkpt lat="29.71282" lon="-97.30186">
        <ele>121.7</ele>
      </trkpt>
      <trkpt lat="29.71293" lon="-97.30193">
        <ele>121.4</ele>
      </trkpt>
      <trkpt lat="29.71299" lon="-97.30196">
        <ele>121.3</ele>
      </trkpt>
      <trkpt lat="29.7131" lon="-97.30205">
        <ele>121.1</ele>
      </trkpt>
      <trkpt lat="29.71323" lon="-97.30216">
        <ele>120.8</ele>
      </trkpt>
      <trkpt lat="29.71333" lon="-97.30226">
        <ele>120.6</ele>
      </trkpt>
      <trkpt lat="29.7135" lon="-97.30243">
        <ele>120.4</ele>
      </trkpt>
      <trkpt lat="29.71351" lon="-97.30245">
        <ele>120.3</ele>
      </trkpt>
      <trkpt lat="29.71355" lon="-97.30249">
        <ele>120.3</ele>
      </trkpt>
      <trkpt lat="29.7136" lon="-97.30255">
        <ele>120.3</ele>
      </trkpt>
      <trkpt lat="29.71363" lon="-97.30258">
        <ele>120.3</ele>
      </trkpt>
      <trkpt lat="29.71363" lon="-97.30259">
        <ele>120.3</ele>
      </trkpt>
      <trkpt lat="29.71378" lon="-97.30278">
        <ele>120.5</ele>
      </trkpt>
      <trkpt lat="29.71392" lon="-97.30301">
        <ele>120.9</ele>
      </trkpt>
      <trkpt lat="29.71406" lon="-97.30329">
        <ele>121.5</ele>
      </trkpt>
      <trkpt lat="29.71414" lon="-97.30343">
        <ele>121.7</ele>
      </trkpt>
      <trkpt lat="29.71422" lon="-97.30361">
        <ele>121.8</ele>
      </trkpt>
      <trkpt lat="29.71426" lon="-97.30369">
        <ele>121.9</ele>
      </trkpt>
      <trkpt lat="29.71431" lon="-97.3038">
        <ele>122.0</ele>
      </trkpt>
      <trkpt lat="29.71437" lon="-97.30393">
        <ele>122.3</ele>
      </trkpt>
      <trkpt lat="29.71471" lon="-97.30463">
        <ele>124.2</ele>
      </trkpt>
      <trkpt lat="29.71474" lon="-97.3047">
        <ele>124.3</ele>
      </trkpt>
      <trkpt lat="29.71518" lon="-97.30561">
        <ele>125.7</ele>
      </trkpt>
      <trkpt lat="29.71535" lon="-97.30597">
        <ele>125.7</ele>
      </trkpt>
      <trkpt lat="29.71539" lon="-97.30605">
        <ele>125.6</ele>
      </trkpt>
      <trkpt lat="29.71544" lon="-97.30615">
        <ele>125.5</ele>
      </trkpt>
      <trkpt lat="29.71552" lon="-97.30634">
        <ele>125.2</ele>
      </trkpt>
      <trkpt lat="29.71554" lon="-97.30636">
        <ele>125.1</ele>
      </trkpt>
      <trkpt lat="29.71561" lon="-97.30652">
        <ele>125.0</ele>
      </trkpt>
      <trkpt lat="29.71565" lon="-97.30659">
        <ele>124.9</ele>
      </trkpt>
      <trkpt lat="29.71604" lon="-97.30743">
        <ele>123.0</ele>
      </trkpt>
      <trkpt lat="29.71613" lon="-97.30761">
        <ele>122.5</ele>
      </trkpt>
      <trkpt lat="29.71616" lon="-97.30768">
        <ele>122.3</ele>
      </trkpt>
      <trkpt lat="29.71639" lon="-97.30815">
        <ele>122.1</ele>
      </trkpt>
      <trkpt lat="29.71639" lon="-97.30815">
        <ele>122.1</ele>
      </trkpt>
      <trkpt lat="29.71655" lon="-97.30809">
        <ele>122.3</ele>
      </trkpt>
      <trkpt lat="29.71673" lon="-97.30801">
        <ele>122.7</ele>
      </trkpt>
      <trkpt lat="29.7169" lon="-97.30793">
        <ele>122.9</ele>
      </trkpt>
      <trkpt lat="29.71723" lon="-97.30777">
        <ele>123.2</ele>
      </trkpt>
      <trkpt lat="29.71756" lon="-97.30761">
        <ele>123.5</ele>
      </trkpt>
      <trkpt lat="29.71773" lon="-97.30754">
        <ele>123.8</ele>
      </trkpt>
      <trkpt lat="29.71806" lon="-97.30738">
        <ele>124.6</ele>
      </trkpt>
      <trkpt lat="29.71813" lon="-97.30735">
        <ele>124.9</ele>
      </trkpt>
      <trkpt lat="29.71829" lon="-97.30727">
        <ele>125.2</ele>
      </trkpt>
      <trkpt lat="29.7189" lon="-97.30699">
        <ele>125.4</ele>
      </trkpt>
      <trkpt lat="29.71956" lon="-97.30667">
        <ele>126.0</ele>
      </trkpt>
      <trkpt lat="29.71962" lon="-97.30664">
        <ele>126.2</ele>
      </trkpt>
      <trkpt lat="29.71978" lon="-97.30657">
        <ele>126.7</ele>
      </trkpt>
      <trkpt lat="29.71979" lon="-97.30656">
        <ele>126.7</ele>
      </trkpt>
      <trkpt lat="29.71989" lon="-97.30651">
        <ele>126.8</ele>
      </trkpt>
      <trkpt lat="29.72028" lon="-97.30633">
        <ele>127.1</ele>
      </trkpt>
      <trkpt lat="29.72089" lon="-97.30605">
        <ele>127.8</ele>
      </trkpt>
      <trkpt lat="29.72096" lon="-97.30602">
        <ele>128.0</ele>
      </trkpt>
      <trkpt lat="29.72106" lon="-97.30597">
        <ele>128.2</ele>
      </trkpt>
      <trkpt lat="29.72112" lon="-97.30594">
        <ele>128.3</ele>
      </trkpt>
      <trkpt lat="29.72123" lon="-97.30589">
        <ele>128.4</ele>
      </trkpt>
      <trkpt lat="29.7213" lon="-97.30586">
        <ele>128.4</ele>
      </trkpt>
      <trkpt lat="29.72156" lon="-97.30573">
        <ele>128.5</ele>
      </trkpt>
      <trkpt lat="29.72181" lon="-97.30558">
        <ele>127.6</ele>
      </trkpt>
      <trkpt lat="29.72188" lon="-97.30554">
        <ele>126.8</ele>
      </trkpt>
      <trkpt lat="29.72235" lon="-97.30524">
        <ele>127.8</ele>
      </trkpt>
      <trkpt lat="29.72241" lon="-97.3052">
        <ele>127.9</ele>
      </trkpt>
      <trkpt lat="29.72251" lon="-97.30514">
        <ele>128.2</ele>
      </trkpt>
      <trkpt lat="29.72278" lon="-97.30497">
        <ele>129.2</ele>
      </trkpt>
      <trkpt lat="29.72282" lon="-97.30494">
        <ele>129.3</ele>
      </trkpt>
      <trkpt lat="29.72328" lon="-97.30464">
        <ele>130.6</ele>
      </trkpt>
      <trkpt lat="29.72351" lon="-97.30449">
        <ele>130.8</ele>
      </trkpt>
      <trkpt lat="29.72361" lon="-97.30443">
        <ele>130.9</ele>
      </trkpt>
      <trkpt lat="29.72398" lon="-97.30419">
        <ele>131.5</ele>
      </trkpt>
      <trkpt lat="29.72424" lon="-97.30403">
        <ele>131.1</ele>
      </trkpt>
      <trkpt lat="29.72426" lon="-97.30402">
        <ele>131.1</ele>
      </trkpt>
      <trkpt lat="29.72445" lon="-97.30389">
        <ele>130.5</ele>
      </trkpt>
      <trkpt lat="29.72489" lon="-97.30361">
        <ele>128.9</ele>
      </trkpt>
      <trkpt lat="29.72508" lon="-97.30349">
        <ele>128.6</ele>
      </trkpt>
      <trkpt lat="29.72549" lon="-97.30323">
        <ele>129.7</ele>
      </trkpt>
      <trkpt lat="29.72564" lon="-97.30314">
        <ele>129.5</ele>
      </trkpt>
      <trkpt lat="29.72575" lon="-97.30306">
        <ele>129.3</ele>
      </trkpt>
      <trkpt lat="29.7258" lon="-97.30303">
        <ele>129.2</ele>
      </trkpt>
      <trkpt lat="29.72581" lon="-97.30302">
        <ele>129.2</ele>
      </trkpt>
      <trkpt lat="29.72611" lon="-97.30283">
        <ele>128.5</ele>
      </trkpt>
      <trkpt lat="29.72631" lon="-97.30269">
        <ele>127.4</ele>
      </trkpt>
      <trkpt lat="29.72638" lon="-97.30265">
        <ele>127.2</ele>
      </trkpt>
      <trkpt lat="29.72645" lon="-97.30262">
        <ele>126.9</ele>
      </trkpt>
      <trkpt lat="29.72651" lon="-97.3026">
        <ele>126.7</ele>
      </trkpt>
      <trkpt lat="29.72657" lon="-97.3026">
        <ele>126.6</ele>
      </trkpt>
      <trkpt lat="29.72659" lon="-97.3026">
        <ele>126.6</ele>
      </trkpt>
      <trkpt lat="29.7266" lon="-97.3026">
        <ele>126.5</ele>
      </trkpt>
      <trkpt lat="29.72661" lon="-97.3026">
        <ele>126.5</ele>
      </trkpt>
      <trkpt lat="29.72663" lon="-97.3026">
        <ele>126.5</ele>
      </trkpt>
      <trkpt lat="29.72668" lon="-97.30261">
        <ele>126.4</ele>
      </trkpt>
      <trkpt lat="29.72673" lon="-97.30264">
        <ele>126.4</ele>
      </trkpt>
      <trkpt lat="29.72677" lon="-97.30267">
        <ele>126.5</ele>
      </trkpt>
      <trkpt lat="29.72681" lon="-97.3027">
        <ele>126.4</ele>
      </trkpt>
      <trkpt lat="29.72684" lon="-97.30273">
        <ele>126.4</ele>
      </trkpt>
      <trkpt lat="29.72688" lon="-97.30279">
        <ele>126.5</ele>
      </trkpt>
      <trkpt lat="29.72689" lon="-97.30281">
        <ele>126.6</ele>
      </trkpt>
      <trkpt lat="29.7269" lon="-97.30283">
        <ele>126.6</ele>
      </trkpt>
      <trkpt lat="29.72696" lon="-97.30294">
        <ele>126.7</ele>
      </trkpt>
      <trkpt lat="29.72699" lon="-97.30299">
        <ele>126.7</ele>
      </trkpt>
      <trkpt lat="29.72727" lon="-97.3036">
        <ele>128.1</ele>
      </trkpt>
      <trkpt lat="29.7274" lon="-97.30387">
        <ele>128.5</ele>
      </trkpt>
      <trkpt lat="29.7275" lon="-97.3041">
        <ele>128.8</ele>
      </trkpt>
      <trkpt lat="29.72767" lon="-97.30446">
        <ele>129.9</ele>
      </trkpt>
      <trkpt lat="29.72775" lon="-97.30463">
        <ele>131.3</ele>
      </trkpt>
      <trkpt lat="29.72776" lon="-97.30464">
        <ele>131.3</ele>
      </trkpt>
      <trkpt lat="29.72787" lon="-97.30488">
        <ele>131.3</ele>
      </trkpt>
      <trkpt lat="29.72792" lon="-97.305">
        <ele>131.4</ele>
      </trkpt>
      <trkpt lat="29.72793" lon="-97.30501">
        <ele>131.4</ele>
      </trkpt>
      <trkpt lat="29.72797" lon="-97.3051">
        <ele>131.4</ele>
      </trkpt>
      <trkpt lat="29.72801" lon="-97.30516">
        <ele>131.4</ele>
      </trkpt>
      <trkpt lat="29.72802" lon="-97.3052">
        <ele>131.5</ele>
      </trkpt>
      <trkpt lat="29.72808" lon="-97.30528">
        <ele>131.6</ele>
      </trkpt>
      <trkpt lat="29.72813" lon="-97.30536">
        <ele>131.9</ele>
      </trkpt>
      <trkpt lat="29.72819" lon="-97.30542">
        <ele>132.5</ele>
      </trkpt>
      <trkpt lat="29.72826" lon="-97.30546">
        <ele>133.1</ele>
      </trkpt>
      <trkpt lat="29.72832" lon="-97.30549">
        <ele>133.5</ele>
      </trkpt>
      <trkpt lat="29.72839" lon="-97.30551">
        <ele>133.8</ele>
      </trkpt>
      <trkpt lat="29.72844" lon="-97.30551">
        <ele>133.9</ele>
      </trkpt>
      <trkpt lat="29.72846" lon="-97.30552">
        <ele>134.0</ele>
      </trkpt>
      <trkpt lat="29.72853" lon="-97.30552">
        <ele>134.2</ele>
      </trkpt>
      <trkpt lat="29.72861" lon="-97.30551">
        <ele>134.4</ele>
      </trkpt>
      <trkpt lat="29.72863" lon="-97.3055">
        <ele>134.4</ele>
      </trkpt>
      <trkpt lat="29.72868" lon="-97.30549">
        <ele>134.6</ele>
      </trkpt>
      <trkpt lat="29.72876" lon="-97.30546">
        <ele>134.8</ele>
      </trkpt>
      <trkpt lat="29.72884" lon="-97.30542">
        <ele>135.0</ele>
      </trkpt>
      <trkpt lat="29.72892" lon="-97.30538">
        <ele>135.2</ele>
      </trkpt>
      <trkpt lat="29.72896" lon="-97.30535">
        <ele>135.2</ele>
      </trkpt>
      <trkpt lat="29.72897" lon="-97.30535">
        <ele>135.2</ele>
      </trkpt>
      <trkpt lat="29.72912" lon="-97.30524">
        <ele>135.4</ele>
      </trkpt>
      <trkpt lat="29.72928" lon="-97.30514">
        <ele>135.6</ele>
      </trkpt>
      <trkpt lat="29.72944" lon="-97.30504">
        <ele>135.7</ele>
      </trkpt>
      <trkpt lat="29.72959" lon="-97.30494">
        <ele>135.7</ele>
      </trkpt>
      <trkpt lat="29.72969" lon="-97.30487">
        <ele>135.6</ele>
      </trkpt>
      <trkpt lat="29.72975" lon="-97.30483">
        <ele>135.5</ele>
      </trkpt>
      <trkpt lat="29.7299" lon="-97.30474">
        <ele>135.1</ele>
      </trkpt>
      <trkpt lat="29.72991" lon="-97.30473">
        <ele>135.1</ele>
      </trkpt>
      <trkpt lat="29.73022" lon="-97.30454">
        <ele>134.0</ele>
      </trkpt>
      <trkpt lat="29.73062" lon="-97.3043">
        <ele>131.4</ele>
      </trkpt>
      <trkpt lat="29.73117" lon="-97.30395">
        <ele>127.2</ele>
      </trkpt>
      <trkpt lat="29.7318" lon="-97.30355">
        <ele>123.0</ele>
      </trkpt>
      <trkpt lat="29.73196" lon="-97.30345">
        <ele>121.9</ele>
      </trkpt>
      <trkpt lat="29.73228" lon="-97.30325">
        <ele>120.0</ele>
      </trkpt>
      <trkpt lat="29.73234" lon="-97.30321">
        <ele>119.7</ele>
      </trkpt>
      <trkpt lat="29.73244" lon="-97.30315">
        <ele>119.2</ele>
      </trkpt>
      <trkpt lat="29.73259" lon="-97.30305">
        <ele>118.5</ele>
      </trkpt>
      <trkpt lat="29.73275" lon="-97.30295">
        <ele>118.0</ele>
      </trkpt>
      <trkpt lat="29.73291" lon="-97.30285">
        <ele>117.4</ele>
      </trkpt>
      <trkpt lat="29.73295" lon="-97.30282">
        <ele>117.3</ele>
      </trkpt>
      <trkpt lat="29.73306" lon="-97.30275">
        <ele>117.0</ele>
      </trkpt>
      <trkpt lat="29.73337" lon="-97.30255">
        <ele>116.4</ele>
      </trkpt>
      <trkpt lat="29.73385" lon="-97.30224">
        <ele>116.4</ele>
      </trkpt>
      <trkpt lat="29.73401" lon="-97.30214">
        <ele>117.0</ele>
      </trkpt>
      <trkpt lat="29.73414" lon="-97.30206">
        <ele>117.4</ele>
      </trkpt>
      <trkpt lat="29.73416" lon="-97.30204">
        <ele>117.5</ele>
      </trkpt>
      <trkpt lat="29.73432" lon="-97.30194">
        <ele>118.0</ele>
      </trkpt>
      <trkpt lat="29.73438" lon="-97.30191">
        <ele>118.2</ele>
      </trkpt>
      <trkpt lat="29.73445" lon="-97.30187">
        <ele>118.4</ele>
      </trkpt>
      <trkpt lat="29.73456" lon="-97.30183">
        <ele>118.8</ele>
      </trkpt>
      <trkpt lat="29.73466" lon="-97.3018">
        <ele>119.3</ele>
      </trkpt>
      <trkpt lat="29.73479" lon="-97.30184">
        <ele>120.0</ele>
      </trkpt>
      <trkpt lat="29.73479" lon="-97.30184">
        <ele>120.0</ele>
      </trkpt>
      <trkpt lat="29.73538" lon="-97.30302">
        <ele>121.8</ele>
      </trkpt>
      <trkpt lat="29.73582" lon="-97.30392">
        <ele>123.2</ele>
      </trkpt>
      <trkpt lat="29.73582" lon="-97.30392">
        <ele>123.2</ele>
      </trkpt>
      <trkpt lat="29.73594" lon="-97.30416">
        <ele>123.7</ele>
      </trkpt>
      <trkpt lat="29.73623" lon="-97.30471">
        <ele>124.2</ele>
      </trkpt>
      <trkpt lat="29.73626" lon="-97.30477">
        <ele>124.3</ele>
      </trkpt>
      <trkpt lat="29.73641" lon="-97.30507">
        <ele>124.5</ele>
      </trkpt>
      <trkpt lat="29.7365" lon="-97.30525">
        <ele>124.7</ele>
      </trkpt>
      <trkpt lat="29.7367" lon="-97.30565">
        <ele>125.8</ele>
      </trkpt>
      <trkpt lat="29.73677" lon="-97.30579">
        <ele>126.4</ele>
      </trkpt>
      <trkpt lat="29.73686" lon="-97.30597">
        <ele>127.0</ele>
      </trkpt>
      <trkpt lat="29.73695" lon="-97.30615">
        <ele>127.6</ele>
      </trkpt>
      <trkpt lat="29.73712" lon="-97.30651">
        <ele>128.6</ele>
      </trkpt>
      <trkpt lat="29.73713" lon="-97.30654">
        <ele>128.7</ele>
      </trkpt>
      <trkpt lat="29.73721" lon="-97.30669">
        <ele>129.2</ele>
      </trkpt>
      <trkpt lat="29.73757" lon="-97.30741">
        <ele>131.6</ele>
      </trkpt>
      <trkpt lat="29.73766" lon="-97.30759">
        <ele>132.6</ele>
      </trkpt>
      <trkpt lat="29.73784" lon="-97.30795">
        <ele>133.6</ele>
      </trkpt>
      <trkpt lat="29.73801" lon="-97.30831">
        <ele>133.7</ele>
      </trkpt>
      <trkpt lat="29.73828" lon="-97.30885">
        <ele>133.0</ele>
      </trkpt>
      <trkpt lat="29.73831" lon="-97.30891">
        <ele>132.9</ele>
      </trkpt>
      <trkpt lat="29.73854" lon="-97.30939">
        <ele>133.7</ele>
      </trkpt>
      <trkpt lat="29.73861" lon="-97.30956">
        <ele>134.1</ele>
      </trkpt>
      <trkpt lat="29.73862" lon="-97.30958">
        <ele>134.1</ele>
      </trkpt>
      <trkpt lat="29.73866" lon="-97.30964">
        <ele>134.1</ele>
      </trkpt>
      <trkpt lat="29.73871" lon="-97.30972">
        <ele>134.2</ele>
      </trkpt>
      <trkpt lat="29.73875" lon="-97.30978">
        <ele>134.3</ele>
      </trkpt>
      <trkpt lat="29.73881" lon="-97.30983">
        <ele>134.4</ele>
      </trkpt>
      <trkpt lat="29.73886" lon="-97.30986">
        <ele>134.5</ele>
      </trkpt>
      <trkpt lat="29.73892" lon="-97.30989">
        <ele>134.6</ele>
      </trkpt>
      <trkpt lat="29.73896" lon="-97.3099">
        <ele>134.7</ele>
      </trkpt>
      <trkpt lat="29.73925" lon="-97.30992">
        <ele>134.8</ele>
      </trkpt>
      <trkpt lat="29.73934" lon="-97.30994">
        <ele>134.7</ele>
      </trkpt>
      <trkpt lat="29.73939" lon="-97.30995">
        <ele>134.7</ele>
      </trkpt>
      <trkpt lat="29.7394" lon="-97.30996">
        <ele>134.7</ele>
      </trkpt>
      <trkpt lat="29.73944" lon="-97.30998">
        <ele>134.7</ele>
      </trkpt>
      <trkpt lat="29.73949" lon="-97.31001">
        <ele>134.7</ele>
      </trkpt>
      <trkpt lat="29.73953" lon="-97.31005">
        <ele>134.8</ele>
      </trkpt>
      <trkpt lat="29.73955" lon="-97.31008">
        <ele>134.8</ele>
      </trkpt>
      <trkpt lat="29.73957" lon="-97.3101">
        <ele>134.9</ele>
      </trkpt>
      <trkpt lat="29.73964" lon="-97.3102">
        <ele>135.0</ele>
      </trkpt>
      <trkpt lat="29.73967" lon="-97.31026">
        <ele>135.1</ele>
      </trkpt>
      <trkpt lat="29.7397" lon="-97.31032">
        <ele>135.2</ele>
      </trkpt>
      <trkpt lat="29.73983" lon="-97.3106">
        <ele>135.7</ele>
      </trkpt>
      <trkpt lat="29.73985" lon="-97.31063">
        <ele>135.7</ele>
      </trkpt>
      <trkpt lat="29.74001" lon="-97.31096">
        <ele>136.0</ele>
      </trkpt>
      <trkpt lat="29.7401" lon="-97.31115">
        <ele>136.1</ele>
      </trkpt>
      <trkpt lat="29.74025" lon="-97.31148">
        <ele>136.1</ele>
      </trkpt>
      <trkpt lat="29.74035" lon="-97.31169">
        <ele>136.1</ele>
      </trkpt>
      <trkpt lat="29.74061" lon="-97.31224">
        <ele>136.0</ele>
      </trkpt>
      <trkpt lat="29.74064" lon="-97.31229">
        <ele>135.9</ele>
      </trkpt>
      <trkpt lat="29.74087" lon="-97.31276">
        <ele>135.2</ele>
      </trkpt>
      <trkpt lat="29.7409" lon="-97.31281">
        <ele>135.1</ele>
      </trkpt>
      <trkpt lat="29.74106" lon="-97.31311">
        <ele>134.3</ele>
      </trkpt>
      <trkpt lat="29.74124" lon="-97.31347">
        <ele>133.3</ele>
      </trkpt>
      <trkpt lat="29.74131" lon="-97.3136">
        <ele>132.9</ele>
      </trkpt>
      <trkpt lat="29.74134" lon="-97.31364">
        <ele>132.8</ele>
      </trkpt>
      <trkpt lat="29.74154" lon="-97.31399">
        <ele>131.7</ele>
      </trkpt>
      <trkpt lat="29.74154" lon="-97.31399">
        <ele>131.7</ele>
      </trkpt>
      <trkpt lat="29.74134" lon="-97.31412">
        <ele>131.7</ele>
      </trkpt>
      <trkpt lat="29.74108" lon="-97.31431">
        <ele>132.0</ele>
      </trkpt>
      <trkpt lat="29.74092" lon="-97.31441">
        <ele>132.3</ele>
      </trkpt>
      <trkpt lat="29.7409" lon="-97.31443">
        <ele>132.4</ele>
      </trkpt>
      <trkpt lat="29.74067" lon="-97.3146">
        <ele>132.9</ele>
      </trkpt>
      <trkpt lat="29.74037" lon="-97.31485">
        <ele>133.7</ele>
      </trkpt>
      <trkpt lat="29.74013" lon="-97.31506">
        <ele>134.4</ele>
      </trkpt>
      <trkpt lat="29.74005" lon="-97.31514">
        <ele>134.6</ele>
      </trkpt>
      <trkpt lat="29.73992" lon="-97.31526">
        <ele>134.7</ele>
      </trkpt>
      <trkpt lat="29.73951" lon="-97.31569">
        <ele>135.1</ele>
      </trkpt>
      <trkpt lat="29.73938" lon="-97.31583">
        <ele>135.2</ele>
      </trkpt>
      <trkpt lat="29.73927" lon="-97.31594">
        <ele>135.3</ele>
      </trkpt>
      <trkpt lat="29.73887" lon="-97.31634">
        <ele>135.3</ele>
      </trkpt>
      <trkpt lat="29.73884" lon="-97.31638">
        <ele>135.3</ele>
      </trkpt>
      <trkpt lat="29.73873" lon="-97.3165">
        <ele>135.3</ele>
      </trkpt>
      <trkpt lat="29.73855" lon="-97.31668">
        <ele>135.1</ele>
      </trkpt>
      <trkpt lat="29.7384" lon="-97.31683">
        <ele>134.8</ele>
      </trkpt>
      <trkpt lat="29.73825" lon="-97.31696">
        <ele>134.4</ele>
      </trkpt>
      <trkpt lat="29.73811" lon="-97.31709">
        <ele>133.6</ele>
      </trkpt>
      <trkpt lat="29.73793" lon="-97.31723">
        <ele>132.7</ele>
      </trkpt>
      <trkpt lat="29.73786" lon="-97.31728">
        <ele>132.3</ele>
      </trkpt>
      <trkpt lat="29.73778" lon="-97.31734">
        <ele>132.0</ele>
      </trkpt>
      <trkpt lat="29.73764" lon="-97.31744">
        <ele>132.1</ele>
      </trkpt>
      <trkpt lat="29.73749" lon="-97.31754">
        <ele>132.8</ele>
      </trkpt>
      <trkpt lat="29.73739" lon="-97.3176">
        <ele>133.3</ele>
      </trkpt>
      <trkpt lat="29.73734" lon="-97.31763">
        <ele>133.6</ele>
      </trkpt>
      <trkpt lat="29.73721" lon="-97.31771">
        <ele>134.4</ele>
      </trkpt>
      <trkpt lat="29.73708" lon="-97.31778">
        <ele>135.1</ele>
      </trkpt>
      <trkpt lat="29.73703" lon="-97.3178">
        <ele>135.3</ele>
      </trkpt>
      <trkpt lat="29.73695" lon="-97.31784">
        <ele>135.7</ele>
      </trkpt>
      <trkpt lat="29.7369" lon="-97.31786">
        <ele>135.9</ele>
      </trkpt>
      <trkpt lat="29.7368" lon="-97.3179">
        <ele>136.3</ele>
      </trkpt>
      <trkpt lat="29.73655" lon="-97.318">
        <ele>137.2</ele>
      </trkpt>
      <trkpt lat="29.73625" lon="-97.31811">
        <ele>138.2</ele>
      </trkpt>
      <trkpt lat="29.73578" lon="-97.31827">
        <ele>139.7</ele>
      </trkpt>
      <trkpt lat="29.7357" lon="-97.3183">
        <ele>139.9</ele>
      </trkpt>
      <trkpt lat="29.73553" lon="-97.31835">
        <ele>140.3</ele>
      </trkpt>
      <trkpt lat="29.73506" lon="-97.3185">
        <ele>141.0</ele>
      </trkpt>
      <trkpt lat="29.73501" lon="-97.31852">
        <ele>141.1</ele>
      </trkpt>
      <trkpt lat="29.73484" lon="-97.31858">
        <ele>141.2</ele>
      </trkpt>
      <trkpt lat="29.73478" lon="-97.31859">
        <ele>141.2</ele>
      </trkpt>
      <trkpt lat="29.73409" lon="-97.31882">
        <ele>141.3</ele>
      </trkpt>
      <trkpt lat="29.73374" lon="-97.31892">
        <ele>141.3</ele>
      </trkpt>
      <trkpt lat="29.73346" lon="-97.31899">
        <ele>141.2</ele>
      </trkpt>
      <trkpt lat="29.73324" lon="-97.31904">
        <ele>141.1</ele>
      </trkpt>
      <trkpt lat="29.73308" lon="-97.31906">
        <ele>141.0</ele>
      </trkpt>
      <trkpt lat="29.73291" lon="-97.31909">
        <ele>140.9</ele>
      </trkpt>
      <trkpt lat="29.73289" lon="-97.31909">
        <ele>140.9</ele>
      </trkpt>
      <trkpt lat="29.73268" lon="-97.3191">
        <ele>140.7</ele>
      </trkpt>
      <trkpt lat="29.73242" lon="-97.3191">
        <ele>140.2</ele>
      </trkpt>
      <trkpt lat="29.73219" lon="-97.31909">
        <ele>139.7</ele>
      </trkpt>
      <trkpt lat="29.73201" lon="-97.31908">
        <ele>139.6</ele>
      </trkpt>
      <trkpt lat="29.73195" lon="-97.31907">
        <ele>139.6</ele>
      </trkpt>
      <trkpt lat="29.73183" lon="-97.31905">
        <ele>139.5</ele>
      </trkpt>
      <trkpt lat="29.73173" lon="-97.31903">
        <ele>139.5</ele>
      </trkpt>
      <trkpt lat="29.73152" lon="-97.319">
        <ele>139.4</ele>
      </trkpt>
      <trkpt lat="29.73148" lon="-97.31899">
        <ele>139.3</ele>
      </trkpt>
      <trkpt lat="29.7313" lon="-97.31895">
        <ele>139.3</ele>
      </trkpt>
      <trkpt lat="29.73128" lon="-97.31894">
        <ele>139.3</ele>
      </trkpt>
      <trkpt lat="29.73113" lon="-97.3189">
        <ele>139.3</ele>
      </trkpt>
      <trkpt lat="29.73086" lon="-97.31881">
        <ele>139.3</ele>
      </trkpt>
      <trkpt lat="29.73062" lon="-97.31872">
        <ele>139.2</ele>
      </trkpt>
      <trkpt lat="29.7294" lon="-97.31817">
        <ele>138.1</ele>
      </trkpt>
      <trkpt lat="29.7294" lon="-97.31817">
        <ele>138.1</ele>
      </trkpt>
      <trkpt lat="29.72937" lon="-97.31828">
        <ele>138.2</ele>
      </trkpt>
      <trkpt lat="29.72937" lon="-97.31833">
        <ele>138.3</ele>
      </trkpt>
      <trkpt lat="29.72937" lon="-97.31839">
        <ele>138.3</ele>
      </trkpt>
      <trkpt lat="29.72938" lon="-97.31842">
        <ele>138.3</ele>
      </trkpt>
      <trkpt lat="29.72938" lon="-97.31847">
        <ele>138.4</ele>
      </trkpt>
      <trkpt lat="29.72939" lon="-97.31852">
        <ele>138.4</ele>
      </trkpt>
      <trkpt lat="29.72939" lon="-97.31854">
        <ele>138.4</ele>
      </trkpt>
      <trkpt lat="29.72942" lon="-97.31865">
        <ele>138.5</ele>
      </trkpt>
      <trkpt lat="29.72958" lon="-97.31901">
        <ele>138.7</ele>
      </trkpt>
      <trkpt lat="29.72964" lon="-97.31913">
        <ele>138.7</ele>
      </trkpt>
      <trkpt lat="29.7297" lon="-97.31924">
        <ele>138.8</ele>
      </trkpt>
      <trkpt lat="29.72989" lon="-97.31964">
        <ele>138.8</ele>
      </trkpt>
      <trkpt lat="29.72991" lon="-97.31967">
        <ele>138.8</ele>
      </trkpt>
      <trkpt lat="29.72995" lon="-97.31976">
        <ele>138.7</ele>
      </trkpt>
      <trkpt lat="29.72998" lon="-97.31982">
        <ele>138.7</ele>
      </trkpt>
      <trkpt lat="29.73" lon="-97.31985">
        <ele>138.6</ele>
      </trkpt>
      <trkpt lat="29.73002" lon="-97.31989">
        <ele>138.6</ele>
      </trkpt>
      <trkpt lat="29.73006" lon="-97.31998">
        <ele>138.5</ele>
      </trkpt>
      <trkpt lat="29.73009" lon="-97.32003">
        <ele>138.4</ele>
      </trkpt>
      <trkpt lat="29.73013" lon="-97.32011">
        <ele>138.3</ele>
      </trkpt>
      <trkpt lat="29.73015" lon="-97.32014">
        <ele>138.2</ele>
      </trkpt>
      <trkpt lat="29.73018" lon="-97.32021">
        <ele>138.1</ele>
      </trkpt>
      <trkpt lat="29.7302" lon="-97.32025">
        <ele>138.0</ele>
      </trkpt>
      <trkpt lat="29.73027" lon="-97.32039">
        <ele>137.6</ele>
      </trkpt>
      <trkpt lat="29.73039" lon="-97.32063">
        <ele>136.9</ele>
      </trkpt>
      <trkpt lat="29.73054" lon="-97.32093">
        <ele>135.7</ele>
      </trkpt>
      <trkpt lat="29.73072" lon="-97.32129">
        <ele>134.2</ele>
      </trkpt>
      <trkpt lat="29.73074" lon="-97.32133">
        <ele>134.0</ele>
      </trkpt>
      <trkpt lat="29.73076" lon="-97.32137">
        <ele>133.8</ele>
      </trkpt>
      <trkpt lat="29.73079" lon="-97.32145">
        <ele>133.5</ele>
      </trkpt>
      <trkpt lat="29.73081" lon="-97.32147">
        <ele>133.5</ele>
      </trkpt>
      <trkpt lat="29.73091" lon="-97.32167">
        <ele>132.8</ele>
      </trkpt>
      <trkpt lat="29.73092" lon="-97.32169">
        <ele>132.8</ele>
      </trkpt>
      <trkpt lat="29.73096" lon="-97.32176">
        <ele>132.6</ele>
      </trkpt>
      <trkpt lat="29.73096" lon="-97.32176">
        <ele>132.6</ele>
      </trkpt>
      <trkpt lat="29.73109" lon="-97.32199">
        <ele>132.0</ele>
      </trkpt>
      <trkpt lat="29.73114" lon="-97.32208">
        <ele>131.8</ele>
      </trkpt>
      <trkpt lat="29.73133" lon="-97.32251">
        <ele>132.5</ele>
      </trkpt>
      <trkpt lat="29.73134" lon="-97.32254">
        <ele>132.6</ele>
      </trkpt>
      <trkpt lat="29.73139" lon="-97.32263">
        <ele>133.0</ele>
      </trkpt>
      <trkpt lat="29.73143" lon="-97.32272">
        <ele>133.3</ele>
      </trkpt>
      <trkpt lat="29.73145" lon="-97.32276">
        <ele>133.4</ele>
      </trkpt>
      <trkpt lat="29.7315" lon="-97.32286">
        <ele>133.6</ele>
      </trkpt>
      <trkpt lat="29.73152" lon="-97.3229">
        <ele>133.7</ele>
      </trkpt>
      <trkpt lat="29.73174" lon="-97.32334">
        <ele>134.5</ele>
      </trkpt>
      <trkpt lat="29.73185" lon="-97.32356">
        <ele>135.0</ele>
      </trkpt>
      <trkpt lat="29.73187" lon="-97.3236">
        <ele>135.0</ele>
      </trkpt>
      <trkpt lat="29.73189" lon="-97.32363">
        <ele>135.0</ele>
      </trkpt>
      <trkpt lat="29.73197" lon="-97.32374">
        <ele>135.0</ele>
      </trkpt>
      <trkpt lat="29.73205" lon="-97.32381">
        <ele>135.1</ele>
      </trkpt>
      <trkpt lat="29.73207" lon="-97.32383">
        <ele>135.1</ele>
      </trkpt>
      <trkpt lat="29.73209" lon="-97.32383">
        <ele>135.1</ele>
      </trkpt>
      <trkpt lat="29.73214" lon="-97.32385">
        <ele>135.1</ele>
      </trkpt>
      <trkpt lat="29.73216" lon="-97.32384">
        <ele>135.1</ele>
      </trkpt>
      <trkpt lat="29.7322" lon="-97.32384">
        <ele>135.2</ele>
      </trkpt>
      <trkpt lat="29.73222" lon="-97.32384">
        <ele>135.2</ele>
      </trkpt>
      <trkpt lat="29.73231" lon="-97.3238">
        <ele>135.3</ele>
      </trkpt>
      <trkpt lat="29.73238" lon="-97.32377">
        <ele>135.4</ele>
      </trkpt>
      <trkpt lat="29.73243" lon="-97.32374">
        <ele>135.5</ele>
      </trkpt>
      <trkpt lat="29.7325" lon="-97.3237">
        <ele>135.6</ele>
      </trkpt>
      <trkpt lat="29.73254" lon="-97.32367">
        <ele>135.6</ele>
      </trkpt>
      <trkpt lat="29.73262" lon="-97.32362">
        <ele>135.8</ele>
      </trkpt>
      <trkpt lat="29.73265" lon="-97.3236">
        <ele>135.8</ele>
      </trkpt>
      <trkpt lat="29.73281" lon="-97.3235">
        <ele>136.0</ele>
      </trkpt>
      <trkpt lat="29.73297" lon="-97.3234">
        <ele>136.3</ele>
      </trkpt>
      <trkpt lat="29.73325" lon="-97.32322">
        <ele>136.5</ele>
      </trkpt>
      <trkpt lat="29.73393" lon="-97.32278">
        <ele>137.0</ele>
      </trkpt>
      <trkpt lat="29.73407" lon="-97.32269">
        <ele>137.2</ele>
      </trkpt>
      <trkpt lat="29.7343" lon="-97.32255">
        <ele>137.2</ele>
      </trkpt>
      <trkpt lat="29.73458" lon="-97.32237">
        <ele>137.2</ele>
      </trkpt>
      <trkpt lat="29.73462" lon="-97.32235">
        <ele>137.3</ele>
      </trkpt>
      <trkpt lat="29.7347" lon="-97.32229">
        <ele>137.3</ele>
      </trkpt>
      <trkpt lat="29.73472" lon="-97.32228">
        <ele>137.3</ele>
      </trkpt>
      <trkpt lat="29.73487" lon="-97.32219">
        <ele>137.4</ele>
      </trkpt>
      <trkpt lat="29.73502" lon="-97.32209">
        <ele>137.4</ele>
      </trkpt>
      <trkpt lat="29.73509" lon="-97.32204">
        <ele>137.5</ele>
      </trkpt>
      <trkpt lat="29.7351" lon="-97.32204">
        <ele>137.5</ele>
      </trkpt>
      <trkpt lat="29.73517" lon="-97.32199">
        <ele>137.5</ele>
      </trkpt>
      <trkpt lat="29.73521" lon="-97.32197">
        <ele>137.6</ele>
      </trkpt>
      <trkpt lat="29.73525" lon="-97.32194">
        <ele>137.6</ele>
      </trkpt>
      <trkpt lat="29.73533" lon="-97.32189">
        <ele>137.7</ele>
      </trkpt>
      <trkpt lat="29.73545" lon="-97.32181">
        <ele>137.8</ele>
      </trkpt>
      <trkpt lat="29.73551" lon="-97.32178">
        <ele>137.8</ele>
      </trkpt>
      <trkpt lat="29.7356" lon="-97.32175">
        <ele>137.9</ele>
      </trkpt>
      <trkpt lat="29.73566" lon="-97.32173">
        <ele>137.9</ele>
      </trkpt>
      <trkpt lat="29.7357" lon="-97.32173">
        <ele>137.9</ele>
      </trkpt>
      <trkpt lat="29.73574" lon="-97.32173">
        <ele>137.9</ele>
      </trkpt>
      <trkpt lat="29.73579" lon="-97.32174">
        <ele>137.9</ele>
      </trkpt>
      <trkpt lat="29.73584" lon="-97.32177">
        <ele>137.9</ele>
      </trkpt>
      <trkpt lat="29.73589" lon="-97.32181">
        <ele>137.9</ele>
      </trkpt>
      <trkpt lat="29.73594" lon="-97.32188">
        <ele>137.8</ele>
      </trkpt>
      <trkpt lat="29.736" lon="-97.32197">
        <ele>137.7</ele>
      </trkpt>
      <trkpt lat="29.736" lon="-97.32199">
        <ele>137.7</ele>
      </trkpt>
      <trkpt lat="29.73606" lon="-97.32212">
        <ele>137.5</ele>
      </trkpt>
      <trkpt lat="29.7361" lon="-97.32217">
        <ele>137.4</ele>
      </trkpt>
      <trkpt lat="29.73613" lon="-97.32223">
        <ele>137.4</ele>
      </trkpt>
      <trkpt lat="29.73619" lon="-97.32235">
        <ele>137.2</ele>
      </trkpt>
      <trkpt lat="29.73627" lon="-97.32254">
        <ele>137.1</ele>
      </trkpt>
      <trkpt lat="29.73635" lon="-97.32272">
        <ele>137.0</ele>
      </trkpt>
      <trkpt lat="29.73638" lon="-97.32278">
        <ele>137.0</ele>
      </trkpt>
      <trkpt lat="29.73644" lon="-97.3229">
        <ele>137.0</ele>
      </trkpt>
      <trkpt lat="29.73662" lon="-97.32326">
        <ele>136.8</ele>
      </trkpt>
      <trkpt lat="29.73671" lon="-97.32346">
        <ele>136.9</ele>
      </trkpt>
      <trkpt lat="29.73679" lon="-97.32362">
        <ele>137.0</ele>
      </trkpt>
      <trkpt lat="29.73689" lon="-97.32382">
        <ele>137.2</ele>
      </trkpt>
      <trkpt lat="29.73707" lon="-97.32415">
        <ele>138.1</ele>
      </trkpt>
      <trkpt lat="29.73717" lon="-97.32433">
        <ele>138.6</ele>
      </trkpt>
      <trkpt lat="29.73721" lon="-97.32442">
        <ele>138.9</ele>
      </trkpt>
      <trkpt lat="29.73728" lon="-97.32454">
        <ele>139.2</ele>
      </trkpt>
      <trkpt lat="29.73771" lon="-97.3254">
        <ele>140.7</ele>
      </trkpt>
      <trkpt lat="29.73774" lon="-97.32545">
        <ele>140.8</ele>
      </trkpt>
      <trkpt lat="29.73776" lon="-97.3255">
        <ele>140.9</ele>
      </trkpt>
      <trkpt lat="29.73833" lon="-97.32666">
        <ele>142.1</ele>
      </trkpt>
      <trkpt lat="29.73835" lon="-97.32671">
        <ele>142.1</ele>
      </trkpt>
      <trkpt lat="29.73845" lon="-97.3269">
        <ele>142.4</ele>
      </trkpt>
      <trkpt lat="29.7386" lon="-97.32718">
        <ele>142.8</ele>
      </trkpt>
      <trkpt lat="29.7386" lon="-97.3272">
        <ele>142.9</ele>
      </trkpt>
      <trkpt lat="29.73869" lon="-97.32738">
        <ele>143.1</ele>
      </trkpt>
      <trkpt lat="29.73891" lon="-97.32785">
        <ele>143.9</ele>
      </trkpt>
      <trkpt lat="29.73897" lon="-97.32797">
        <ele>144.1</ele>
      </trkpt>
      <trkpt lat="29.73907" lon="-97.32817">
        <ele>144.5</ele>
      </trkpt>
      <trkpt lat="29.73953" lon="-97.32912">
        <ele>145.6</ele>
      </trkpt>
      <trkpt lat="29.73959" lon="-97.32923">
        <ele>145.7</ele>
      </trkpt>
      <trkpt lat="29.73967" lon="-97.32941">
        <ele>145.7</ele>
      </trkpt>
      <trkpt lat="29.73978" lon="-97.32964">
        <ele>145.7</ele>
      </trkpt>
      <trkpt lat="29.74002" lon="-97.33014">
        <ele>145.6</ele>
      </trkpt>
      <trkpt lat="29.7401" lon="-97.3303">
        <ele>145.6</ele>
      </trkpt>
      <trkpt lat="29.7403" lon="-97.33067">
        <ele>145.7</ele>
      </trkpt>
      <trkpt lat="29.74036" lon="-97.3308">
        <ele>145.8</ele>
      </trkpt>
      <trkpt lat="29.74042" lon="-97.33093">
        <ele>145.9</ele>
      </trkpt>
      <trkpt lat="29.74047" lon="-97.33103">
        <ele>146.1</ele>
      </trkpt>
      <trkpt lat="29.74076" lon="-97.3316">
        <ele>146.7</ele>
      </trkpt>
      <trkpt lat="29.74083" lon="-97.33175">
        <ele>147.5</ele>
      </trkpt>
      <trkpt lat="29.74101" lon="-97.33211">
        <ele>147.7</ele>
      </trkpt>
      <trkpt lat="29.7411" lon="-97.3323">
        <ele>146.9</ele>
      </trkpt>
      <trkpt lat="29.74116" lon="-97.33242">
        <ele>146.4</ele>
      </trkpt>
      <trkpt lat="29.74119" lon="-97.33248">
        <ele>146.3</ele>
      </trkpt>
      <trkpt lat="29.74128" lon="-97.33266">
        <ele>146.1</ele>
      </trkpt>
      <trkpt lat="29.74188" lon="-97.33394">
        <ele>139.3</ele>
      </trkpt>
      <trkpt lat="29.74191" lon="-97.33399">
        <ele>139.0</ele>
      </trkpt>
      <trkpt lat="29.74196" lon="-97.33412">
        <ele>138.1</ele>
      </trkpt>
      <trkpt lat="29.74205" lon="-97.3343">
        <ele>137.0</ele>
      </trkpt>
      <trkpt lat="29.74214" lon="-97.33448">
        <ele>136.8</ele>
      </trkpt>
      <trkpt lat="29.7422" lon="-97.33462">
        <ele>135.4</ele>
      </trkpt>
      <trkpt lat="29.74222" lon="-97.33467">
        <ele>135.0</ele>
      </trkpt>
      <trkpt lat="29.74231" lon="-97.33485">
        <ele>134.5</ele>
      </trkpt>
      <trkpt lat="29.74235" lon="-97.33493">
        <ele>134.7</ele>
      </trkpt>
      <trkpt lat="29.74256" lon="-97.33539">
        <ele>137.1</ele>
      </trkpt>
      <trkpt lat="29.74265" lon="-97.33558">
        <ele>137.8</ele>
      </trkpt>
      <trkpt lat="29.74309" lon="-97.33653">
        <ele>140.3</ele>
      </trkpt>
      <trkpt lat="29.74315" lon="-97.33665">
        <ele>140.5</ele>
      </trkpt>
      <trkpt lat="29.74316" lon="-97.33667">
        <ele>140.5</ele>
      </trkpt>
      <trkpt lat="29.74322" lon="-97.33677">
        <ele>140.6</ele>
      </trkpt>
      <trkpt lat="29.74327" lon="-97.33683">
        <ele>140.6</ele>
      </trkpt>
      <trkpt lat="29.74338" lon="-97.33697">
        <ele>140.4</ele>
      </trkpt>
      <trkpt lat="29.74347" lon="-97.33706">
        <ele>140.3</ele>
      </trkpt>
      <trkpt lat="29.74356" lon="-97.33716">
        <ele>140.2</ele>
      </trkpt>
      <trkpt lat="29.74365" lon="-97.33724">
        <ele>140.1</ele>
      </trkpt>
      <trkpt lat="29.74374" lon="-97.33733">
        <ele>140.0</ele>
      </trkpt>
      <trkpt lat="29.7438" lon="-97.3374">
        <ele>139.9</ele>
      </trkpt>
      <trkpt lat="29.74383" lon="-97.33742">
        <ele>139.8</ele>
      </trkpt>
      <trkpt lat="29.74404" lon="-97.33763">
        <ele>139.5</ele>
      </trkpt>
      <trkpt lat="29.74432" lon="-97.33784">
        <ele>139.3</ele>
      </trkpt>
      <trkpt lat="29.74438" lon="-97.33788">
        <ele>139.3</ele>
      </trkpt>
      <trkpt lat="29.7444" lon="-97.33789">
        <ele>139.3</ele>
      </trkpt>
      <trkpt lat="29.74483" lon="-97.3381">
        <ele>139.5</ele>
      </trkpt>
      <trkpt lat="29.74504" lon="-97.33821">
        <ele>139.5</ele>
      </trkpt>
      <trkpt lat="29.74515" lon="-97.33827">
        <ele>139.6</ele>
      </trkpt>
      <trkpt lat="29.74526" lon="-97.33834">
        <ele>139.7</ele>
      </trkpt>
      <trkpt lat="29.74537" lon="-97.33842">
        <ele>139.7</ele>
      </trkpt>
      <trkpt lat="29.74546" lon="-97.33851">
        <ele>139.8</ele>
      </trkpt>
      <trkpt lat="29.74556" lon="-97.33861">
        <ele>139.9</ele>
      </trkpt>
      <trkpt lat="29.74565" lon="-97.33871">
        <ele>139.9</ele>
      </trkpt>
      <trkpt lat="29.74584" lon="-97.33895">
        <ele>140.1</ele>
      </trkpt>
      <trkpt lat="29.74657" lon="-97.33993">
        <ele>141.4</ele>
      </trkpt>
      <trkpt lat="29.7466" lon="-97.33997">
        <ele>141.5</ele>
      </trkpt>
      <trkpt lat="29.74694" lon="-97.34043">
        <ele>142.8</ele>
      </trkpt>
      <trkpt lat="29.74726" lon="-97.34089">
        <ele>143.3</ele>
      </trkpt>
      <trkpt lat="29.74727" lon="-97.3409">
        <ele>143.3</ele>
      </trkpt>
      <trkpt lat="29.74784" lon="-97.34169">
        <ele>143.5</ele>
      </trkpt>
      <trkpt lat="29.74813" lon="-97.3421">
        <ele>143.6</ele>
      </trkpt>
      <trkpt lat="29.74851" lon="-97.34265">
        <ele>143.7</ele>
      </trkpt>
      <trkpt lat="29.74874" lon="-97.34298">
        <ele>143.7</ele>
      </trkpt>
      <trkpt lat="29.7489" lon="-97.34322">
        <ele>143.7</ele>
      </trkpt>
      <trkpt lat="29.74896" lon="-97.3433">
        <ele>143.7</ele>
      </trkpt>
      <trkpt lat="29.74972" lon="-97.34433">
        <ele>142.7</ele>
      </trkpt>
      <trkpt lat="29.75002" lon="-97.34472">
        <ele>142.9</ele>
      </trkpt>
      <trkpt lat="29.75005" lon="-97.34476">
        <ele>142.9</ele>
      </trkpt>
      <trkpt lat="29.75018" lon="-97.34494">
        <ele>143.0</ele>
      </trkpt>
      <trkpt lat="29.75023" lon="-97.34504">
        <ele>143.1</ele>
      </trkpt>
      <trkpt lat="29.75025" lon="-97.34507">
        <ele>143.1</ele>
      </trkpt>
      <trkpt lat="29.75027" lon="-97.34514">
        <ele>143.1</ele>
      </trkpt>
      <trkpt lat="29.7503" lon="-97.34523">
        <ele>143.2</ele>
      </trkpt>
      <trkpt lat="29.75031" lon="-97.34528">
        <ele>143.2</ele>
      </trkpt>
      <trkpt lat="29.75033" lon="-97.34536">
        <ele>143.3</ele>
      </trkpt>
      <trkpt lat="29.75035" lon="-97.3455">
        <ele>143.6</ele>
      </trkpt>
      <trkpt lat="29.75037" lon="-97.34564">
        <ele>143.8</ele>
      </trkpt>
      <trkpt lat="29.75038" lon="-97.34585">
        <ele>144.1</ele>
      </trkpt>
      <trkpt lat="29.75039" lon="-97.34611">
        <ele>144.6</ele>
      </trkpt>
      <trkpt lat="29.7504" lon="-97.34643">
        <ele>145.1</ele>
      </trkpt>
      <trkpt lat="29.75041" lon="-97.34731">
        <ele>146.6</ele>
      </trkpt>
      <trkpt lat="29.75041" lon="-97.34736">
        <ele>146.7</ele>
      </trkpt>
      <trkpt lat="29.75048" lon="-97.3482">
        <ele>146.6</ele>
      </trkpt>
      <trkpt lat="29.7506" lon="-97.34902">
        <ele>144.7</ele>
      </trkpt>
      <trkpt lat="29.75063" lon="-97.34922">
        <ele>145.5</ele>
      </trkpt>
      <trkpt lat="29.75066" lon="-97.34943">
        <ele>146.5</ele>
      </trkpt>
      <trkpt lat="29.75072" lon="-97.3501">
        <ele>147.8</ele>
      </trkpt>
      <trkpt lat="29.75073" lon="-97.35016">
        <ele>147.9</ele>
      </trkpt>
      <trkpt lat="29.75077" lon="-97.35046">
        <ele>147.8</ele>
      </trkpt>
      <trkpt lat="29.75078" lon="-97.3506">
        <ele>147.5</ele>
      </trkpt>
      <trkpt lat="29.75079" lon="-97.35064">
        <ele>147.3</ele>
      </trkpt>
      <trkpt lat="29.75079" lon="-97.35066">
        <ele>147.2</ele>
      </trkpt>
      <trkpt lat="29.75079" lon="-97.35067">
        <ele>147.1</ele>
      </trkpt>
      <trkpt lat="29.75082" lon="-97.35087">
        <ele>146.0</ele>
      </trkpt>
      <trkpt lat="29.75085" lon="-97.35107">
        <ele>144.4</ele>
      </trkpt>
      <trkpt lat="29.75089" lon="-97.3514">
        <ele>142.2</ele>
      </trkpt>
      <trkpt lat="29.75091" lon="-97.35159">
        <ele>140.5</ele>
      </trkpt>
      <trkpt lat="29.75092" lon="-97.35166">
        <ele>140.1</ele>
      </trkpt>
      <trkpt lat="29.75092" lon="-97.35169">
        <ele>140.0</ele>
      </trkpt>
      <trkpt lat="29.75093" lon="-97.35183">
        <ele>139.4</ele>
      </trkpt>
      <trkpt lat="29.75094" lon="-97.35191">
        <ele>138.9</ele>
      </trkpt>
      <trkpt lat="29.75095" lon="-97.35198">
        <ele>138.4</ele>
      </trkpt>
      <trkpt lat="29.75098" lon="-97.35205">
        <ele>137.9</ele>
      </trkpt>
      <trkpt lat="29.751" lon="-97.35209">
        <ele>137.8</ele>
      </trkpt>
      <trkpt lat="29.751" lon="-97.35209">
        <ele>137.8</ele>
      </trkpt>
      <trkpt lat="29.75101" lon="-97.35211">
        <ele>137.7</ele>
      </trkpt>
      <trkpt lat="29.75106" lon="-97.35216">
        <ele>137.4</ele>
      </trkpt>
      <trkpt lat="29.75112" lon="-97.35218">
        <ele>137.2</ele>
      </trkpt>
      <trkpt lat="29.7512" lon="-97.35218">
        <ele>137.0</ele>
      </trkpt>
      <trkpt lat="29.75128" lon="-97.35218">
        <ele>136.9</ele>
      </trkpt>
      <trkpt lat="29.75138" lon="-97.35216">
        <ele>136.9</ele>
      </trkpt>
      <trkpt lat="29.75159" lon="-97.35214">
        <ele>136.8</ele>
      </trkpt>
      <trkpt lat="29.75171" lon="-97.35213">
        <ele>136.7</ele>
      </trkpt>
      <trkpt lat="29.75189" lon="-97.35211">
        <ele>136.6</ele>
      </trkpt>
      <trkpt lat="29.75219" lon="-97.35208">
        <ele>136.9</ele>
      </trkpt>
      <trkpt lat="29.75225" lon="-97.35207">
        <ele>137.0</ele>
      </trkpt>
      <trkpt lat="29.75226" lon="-97.35207">
        <ele>137.0</ele>
      </trkpt>
      <trkpt lat="29.75303" lon="-97.35198">
        <ele>137.6</ele>
      </trkpt>
      <trkpt lat="29.7535" lon="-97.35193">
        <ele>137.9</ele>
      </trkpt>
      <trkpt lat="29.75366" lon="-97.35191">
        <ele>138.1</ele>
      </trkpt>
      <trkpt lat="29.75369" lon="-97.3519">
        <ele>138.1</ele>
      </trkpt>
      <trkpt lat="29.75401" lon="-97.35186">
        <ele>138.3</ele>
      </trkpt>
      <trkpt lat="29.75416" lon="-97.35184">
        <ele>138.4</ele>
      </trkpt>
      <trkpt lat="29.75422" lon="-97.35184">
        <ele>138.5</ele>
      </trkpt>
      <trkpt lat="29.75428" lon="-97.35184">
        <ele>138.5</ele>
      </trkpt>
      <trkpt lat="29.75434" lon="-97.35186">
        <ele>138.6</ele>
      </trkpt>
      <trkpt lat="29.75438" lon="-97.35189">
        <ele>138.6</ele>
      </trkpt>
      <trkpt lat="29.75441" lon="-97.35193">
        <ele>138.7</ele>
      </trkpt>
      <trkpt lat="29.75444" lon="-97.35196">
        <ele>138.7</ele>
      </trkpt>
      <trkpt lat="29.75446" lon="-97.35201">
        <ele>138.8</ele>
      </trkpt>
      <trkpt lat="29.75447" lon="-97.35205">
        <ele>138.8</ele>
      </trkpt>
      <trkpt lat="29.75448" lon="-97.35208">
        <ele>138.9</ele>
      </trkpt>
      <trkpt lat="29.75448" lon="-97.35211">
        <ele>138.9</ele>
      </trkpt>
      <trkpt lat="29.75451" lon="-97.35227">
        <ele>139.1</ele>
      </trkpt>
      <trkpt lat="29.75452" lon="-97.35234">
        <ele>139.1</ele>
      </trkpt>
      <trkpt lat="29.75454" lon="-97.35252">
        <ele>139.3</ele>
      </trkpt>
      <trkpt lat="29.75455" lon="-97.35259">
        <ele>139.3</ele>
      </trkpt>
      <trkpt lat="29.75457" lon="-97.35266">
        <ele>139.4</ele>
      </trkpt>
      <trkpt lat="29.75461" lon="-97.35272">
        <ele>139.5</ele>
      </trkpt>
      <trkpt lat="29.75465" lon="-97.35276">
        <ele>139.5</ele>
      </trkpt>
      <trkpt lat="29.75471" lon="-97.35278">
        <ele>139.6</ele>
      </trkpt>
      <trkpt lat="29.75478" lon="-97.35277">
        <ele>139.7</ele>
      </trkpt>
      <trkpt lat="29.75495" lon="-97.35269">
        <ele>139.8</ele>
      </trkpt>
      <trkpt lat="29.75556" lon="-97.35236">
        <ele>139.8</ele>
      </trkpt>
      <trkpt lat="29.75573" lon="-97.35228">
        <ele>139.9</ele>
      </trkpt>
      <trkpt lat="29.75687" lon="-97.35168">
        <ele>140.0</ele>
      </trkpt>
      <trkpt lat="29.75769" lon="-97.35125">
        <ele>140.0</ele>
      </trkpt>
      <trkpt lat="29.75847" lon="-97.35083">
        <ele>139.5</ele>
      </trkpt>
      <trkpt lat="29.75851" lon="-97.35084">
        <ele>139.5</ele>
      </trkpt>
      <trkpt lat="29.75851" lon="-97.35084">
        <ele>139.5</ele>
      </trkpt>
      <trkpt lat="29.75856" lon="-97.35087">
        <ele>139.4</ele>
      </trkpt>
      <trkpt lat="29.7586" lon="-97.35091">
        <ele>139.5</ele>
      </trkpt>
      <trkpt lat="29.75863" lon="-97.35097">
        <ele>139.5</ele>
      </trkpt>
      <trkpt lat="29.75866" lon="-97.35105">
        <ele>139.6</ele>
      </trkpt>
      <trkpt lat="29.75879" lon="-97.35158">
        <ele>140.0</ele>
      </trkpt>
      <trkpt lat="29.75881" lon="-97.35168">
        <ele>140.1</ele>
      </trkpt>
      <trkpt lat="29.75897" lon="-97.35232">
        <ele>140.9</ele>
      </trkpt>
      <trkpt lat="29.75917" lon="-97.35317">
        <ele>141.4</ele>
      </trkpt>
      <trkpt lat="29.75942" lon="-97.35422">
        <ele>142.8</ele>
      </trkpt>
      <trkpt lat="29.75951" lon="-97.3546">
        <ele>143.3</ele>
      </trkpt>
      <trkpt lat="29.75971" lon="-97.35544">
        <ele>144.8</ele>
      </trkpt>
      <trkpt lat="29.75976" lon="-97.35564">
        <ele>145.4</ele>
      </trkpt>
      <trkpt lat="29.75991" lon="-97.35624">
        <ele>146.2</ele>
      </trkpt>
      <trkpt lat="29.75994" lon="-97.35644">
        <ele>146.2</ele>
      </trkpt>
      <trkpt lat="29.75995" lon="-97.35653">
        <ele>146.2</ele>
      </trkpt>
      <trkpt lat="29.75995" lon="-97.35661">
        <ele>146.2</ele>
      </trkpt>
      <trkpt lat="29.75994" lon="-97.35665">
        <ele>146.1</ele>
      </trkpt>
      <trkpt lat="29.75993" lon="-97.3567">
        <ele>146.1</ele>
      </trkpt>
      <trkpt lat="29.7599" lon="-97.35677">
        <ele>146.1</ele>
      </trkpt>
      <trkpt lat="29.75985" lon="-97.35684">
        <ele>146.1</ele>
      </trkpt>
      <trkpt lat="29.7598" lon="-97.3569">
        <ele>146.0</ele>
      </trkpt>
      <trkpt lat="29.75929" lon="-97.35735">
        <ele>146.4</ele>
      </trkpt>
      <trkpt lat="29.75916" lon="-97.35748">
        <ele>146.8</ele>
      </trkpt>
      <trkpt lat="29.75873" lon="-97.35786">
        <ele>147.7</ele>
      </trkpt>
      <trkpt lat="29.75845" lon="-97.35812">
        <ele>148.7</ele>
      </trkpt>
      <trkpt lat="29.75803" lon="-97.3585">
        <ele>149.4</ele>
      </trkpt>
      <trkpt lat="29.75797" lon="-97.35855">
        <ele>149.5</ele>
      </trkpt>
      <trkpt lat="29.75791" lon="-97.35861">
        <ele>149.7</ele>
      </trkpt>
      <trkpt lat="29.75789" lon="-97.35864">
        <ele>149.7</ele>
      </trkpt>
      <trkpt lat="29.75786" lon="-97.35868">
        <ele>149.8</ele>
      </trkpt>
      <trkpt lat="29.75781" lon="-97.35876">
        <ele>149.9</ele>
      </trkpt>
      <trkpt lat="29.75779" lon="-97.35881">
        <ele>149.9</ele>
      </trkpt>
      <trkpt lat="29.75778" lon="-97.35884">
        <ele>149.9</ele>
      </trkpt>
      <trkpt lat="29.75775" lon="-97.35893">
        <ele>149.9</ele>
      </trkpt>
      <trkpt lat="29.75773" lon="-97.359">
        <ele>149.9</ele>
      </trkpt>
      <trkpt lat="29.75772" lon="-97.35904">
        <ele>149.9</ele>
      </trkpt>
      <trkpt lat="29.75769" lon="-97.35921">
        <ele>149.6</ele>
      </trkpt>
      <trkpt lat="29.75758" lon="-97.35978">
        <ele>148.8</ele>
      </trkpt>
      <trkpt lat="29.75754" lon="-97.36001">
        <ele>148.1</ele>
      </trkpt>
      <trkpt lat="29.7575" lon="-97.36022">
        <ele>147.3</ele>
      </trkpt>
      <trkpt lat="29.75746" lon="-97.36042">
        <ele>146.8</ele>
      </trkpt>
      <trkpt lat="29.75742" lon="-97.36062">
        <ele>146.6</ele>
      </trkpt>
      <trkpt lat="29.75738" lon="-97.36082">
        <ele>147.0</ele>
      </trkpt>
      <trkpt lat="29.75737" lon="-97.36088">
        <ele>147.2</ele>
      </trkpt>
      <trkpt lat="29.75735" lon="-97.36103">
        <ele>147.6</ele>
      </trkpt>
      <trkpt lat="29.75724" lon="-97.36164">
        <ele>149.6</ele>
      </trkpt>
      <trkpt lat="29.7572" lon="-97.36189">
        <ele>150.1</ele>
      </trkpt>
      <trkpt lat="29.75712" lon="-97.36227">
        <ele>150.4</ele>
      </trkpt>
      <trkpt lat="29.75706" lon="-97.3626">
        <ele>150.6</ele>
      </trkpt>
      <trkpt lat="29.757" lon="-97.36295">
        <ele>150.8</ele>
      </trkpt>
      <trkpt lat="29.7569" lon="-97.36356">
        <ele>150.7</ele>
      </trkpt>
      <trkpt lat="29.75687" lon="-97.36376">
        <ele>150.6</ele>
      </trkpt>
      <trkpt lat="29.75683" lon="-97.36404">
        <ele>150.3</ele>
      </trkpt>
      <trkpt lat="29.7568" lon="-97.36417">
        <ele>150.0</ele>
      </trkpt>
      <trkpt lat="29.7568" lon="-97.36419">
        <ele>149.9</ele>
      </trkpt>
      <trkpt lat="29.75674" lon="-97.36453">
        <ele>149.1</ele>
      </trkpt>
      <trkpt lat="29.75662" lon="-97.36537">
        <ele>145.4</ele>
      </trkpt>
      <trkpt lat="29.75662" lon="-97.36541">
        <ele>145.3</ele>
      </trkpt>
      <trkpt lat="29.75659" lon="-97.36562">
        <ele>144.4</ele>
      </trkpt>
      <trkpt lat="29.75657" lon="-97.36582">
        <ele>143.5</ele>
      </trkpt>
      <trkpt lat="29.75654" lon="-97.36603">
        <ele>143.0</ele>
      </trkpt>
      <trkpt lat="29.75654" lon="-97.36605">
        <ele>143.0</ele>
      </trkpt>
      <trkpt lat="29.75652" lon="-97.36623">
        <ele>142.6</ele>
      </trkpt>
      <trkpt lat="29.7565" lon="-97.36644">
        <ele>142.2</ele>
      </trkpt>
      <trkpt lat="29.75646" lon="-97.36685">
        <ele>141.3</ele>
      </trkpt>
      <trkpt lat="29.75644" lon="-97.36706">
        <ele>141.1</ele>
      </trkpt>
      <trkpt lat="29.75643" lon="-97.36721">
        <ele>140.9</ele>
      </trkpt>
      <trkpt lat="29.75642" lon="-97.36726">
        <ele>140.8</ele>
      </trkpt>
      <trkpt lat="29.75641" lon="-97.36739">
        <ele>140.7</ele>
      </trkpt>
      <trkpt lat="29.75642" lon="-97.36758">
        <ele>140.6</ele>
      </trkpt>
      <trkpt lat="29.75643" lon="-97.36768">
        <ele>140.5</ele>
      </trkpt>
      <trkpt lat="29.75644" lon="-97.36776">
        <ele>140.7</ele>
      </trkpt>
      <trkpt lat="29.75646" lon="-97.36793">
        <ele>141.1</ele>
      </trkpt>
      <trkpt lat="29.75653" lon="-97.36828">
        <ele>142.7</ele>
      </trkpt>
      <trkpt lat="29.75656" lon="-97.36843">
        <ele>143.0</ele>
      </trkpt>
      <trkpt lat="29.7566" lon="-97.36869">
        <ele>144.3</ele>
      </trkpt>
      <trkpt lat="29.75662" lon="-97.3689">
        <ele>145.4</ele>
      </trkpt>
      <trkpt lat="29.7567" lon="-97.36937">
        <ele>146.7</ele>
      </trkpt>
      <trkpt lat="29.7568" lon="-97.36999">
        <ele>148.4</ele>
      </trkpt>
      <trkpt lat="29.75685" lon="-97.37029">
        <ele>149.2</ele>
      </trkpt>
      <trkpt lat="29.75685" lon="-97.37035">
        <ele>149.4</ele>
      </trkpt>
      <trkpt lat="29.75685" lon="-97.37039">
        <ele>149.6</ele>
      </trkpt>
      <trkpt lat="29.75685" lon="-97.37041">
        <ele>149.7</ele>
      </trkpt>
      <trkpt lat="29.75682" lon="-97.37047">
        <ele>149.9</ele>
      </trkpt>
      <trkpt lat="29.75678" lon="-97.37051">
        <ele>150.0</ele>
      </trkpt>
      <trkpt lat="29.75674" lon="-97.37054">
        <ele>150.0</ele>
      </trkpt>
      <trkpt lat="29.75671" lon="-97.37055">
        <ele>150.0</ele>
      </trkpt>
      <trkpt lat="29.75656" lon="-97.37057">
        <ele>149.8</ele>
      </trkpt>
      <trkpt lat="29.75638" lon="-97.37058">
        <ele>149.2</ele>
      </trkpt>
      <trkpt lat="29.75566" lon="-97.37066">
        <ele>146.9</ele>
      </trkpt>
      <trkpt lat="29.75473" lon="-97.37076">
        <ele>149.0</ele>
      </trkpt>
      <trkpt lat="29.75452" lon="-97.37079">
        <ele>149.5</ele>
      </trkpt>
      <trkpt lat="29.75437" lon="-97.3708">
        <ele>150.1</ele>
      </trkpt>
      <trkpt lat="29.75416" lon="-97.37083">
        <ele>150.0</ele>
      </trkpt>
      <trkpt lat="29.75344" lon="-97.37091">
        <ele>148.9</ele>
      </trkpt>
      <trkpt lat="29.7533" lon="-97.37092">
        <ele>148.8</ele>
      </trkpt>
      <trkpt lat="29.75326" lon="-97.37093">
        <ele>148.8</ele>
      </trkpt>
      <trkpt lat="29.75309" lon="-97.37095">
        <ele>148.7</ele>
      </trkpt>
      <trkpt lat="29.75291" lon="-97.37097">
        <ele>148.5</ele>
      </trkpt>
      <trkpt lat="29.75273" lon="-97.37099">
        <ele>148.3</ele>
      </trkpt>
      <trkpt lat="29.75222" lon="-97.37105">
        <ele>149.1</ele>
      </trkpt>
      <trkpt lat="29.75201" lon="-97.37107">
        <ele>149.7</ele>
      </trkpt>
      <trkpt lat="29.75147" lon="-97.37113">
        <ele>150.4</ele>
      </trkpt>
      <trkpt lat="29.75133" lon="-97.37115">
        <ele>150.4</ele>
      </trkpt>
      <trkpt lat="29.7513" lon="-97.37115">
        <ele>150.4</ele>
      </trkpt>
      <trkpt lat="29.75058" lon="-97.37123">
        <ele>150.4</ele>
      </trkpt>
      <trkpt lat="29.75058" lon="-97.37123">
        <ele>150.4</ele>
      </trkpt>
      <trkpt lat="29.75042" lon="-97.37125">
        <ele>150.4</ele>
      </trkpt>
      <trkpt lat="29.7504" lon="-97.37125">
        <ele>150.4</ele>
      </trkpt>
      <trkpt lat="29.75022" lon="-97.37127">
        <ele>150.4</ele>
      </trkpt>
      <trkpt lat="29.74961" lon="-97.37132">
        <ele>150.6</ele>
      </trkpt>
      <trkpt lat="29.74901" lon="-97.37138">
        <ele>150.4</ele>
      </trkpt>
      <trkpt lat="29.74883" lon="-97.3714">
        <ele>150.5</ele>
      </trkpt>
      <trkpt lat="29.74775" lon="-97.37149">
        <ele>150.6</ele>
      </trkpt>
      <trkpt lat="29.74705" lon="-97.37156">
        <ele>150.4</ele>
      </trkpt>
      <trkpt lat="29.74686" lon="-97.37157">
        <ele>150.3</ele>
      </trkpt>
      <trkpt lat="29.74679" lon="-97.37158">
        <ele>150.3</ele>
      </trkpt>
      <trkpt lat="29.74668" lon="-97.37159">
        <ele>150.2</ele>
      </trkpt>
      <trkpt lat="29.74524" lon="-97.37169">
        <ele>149.6</ele>
      </trkpt>
      <trkpt lat="29.74513" lon="-97.3717">
        <ele>149.4</ele>
      </trkpt>
      <trkpt lat="29.74492" lon="-97.37172">
        <ele>149.1</ele>
      </trkpt>
      <trkpt lat="29.74434" lon="-97.37177">
        <ele>148.7</ele>
      </trkpt>
      <trkpt lat="29.74416" lon="-97.37178">
        <ele>148.5</ele>
      </trkpt>
      <trkpt lat="29.74398" lon="-97.3718">
        <ele>148.5</ele>
      </trkpt>
      <trkpt lat="29.74374" lon="-97.37182">
        <ele>148.4</ele>
      </trkpt>
      <trkpt lat="29.74361" lon="-97.37183">
        <ele>148.4</ele>
      </trkpt>
      <trkpt lat="29.7435" lon="-97.37186">
        <ele>148.4</ele>
      </trkpt>
      <trkpt lat="29.74346" lon="-97.37188">
        <ele>148.5</ele>
      </trkpt>
      <trkpt lat="29.74341" lon="-97.37191">
        <ele>148.5</ele>
      </trkpt>
      <trkpt lat="29.74338" lon="-97.37196">
        <ele>148.6</ele>
      </trkpt>
      <trkpt lat="29.74336" lon="-97.37202">
        <ele>148.7</ele>
      </trkpt>
      <trkpt lat="29.74335" lon="-97.37205">
        <ele>148.7</ele>
      </trkpt>
      <trkpt lat="29.74335" lon="-97.37208">
        <ele>148.8</ele>
      </trkpt>
      <trkpt lat="29.74336" lon="-97.37216">
        <ele>148.9</ele>
      </trkpt>
      <trkpt lat="29.74342" lon="-97.37242">
        <ele>149.3</ele>
      </trkpt>
      <trkpt lat="29.74345" lon="-97.37255">
        <ele>149.5</ele>
      </trkpt>
      <trkpt lat="29.74347" lon="-97.37262">
        <ele>149.6</ele>
      </trkpt>
      <trkpt lat="29.7436" lon="-97.37319">
        <ele>150.0</ele>
      </trkpt>
      <trkpt lat="29.7437" lon="-97.37362">
        <ele>150.0</ele>
      </trkpt>
      <trkpt lat="29.74371" lon="-97.37366">
        <ele>150.0</ele>
      </trkpt>
      <trkpt lat="29.74379" lon="-97.37401">
        <ele>149.7</ele>
      </trkpt>
      <trkpt lat="29.7438" lon="-97.37406">
        <ele>149.6</ele>
      </trkpt>
      <trkpt lat="29.74386" lon="-97.37431">
        <ele>149.1</ele>
      </trkpt>
      <trkpt lat="29.74397" lon="-97.37481">
        <ele>147.3</ele>
      </trkpt>
      <trkpt lat="29.74398" lon="-97.37486">
        <ele>147.1</ele>
      </trkpt>
      <trkpt lat="29.74406" lon="-97.37521">
        <ele>146.1</ele>
      </trkpt>
      <trkpt lat="29.74407" lon="-97.37526">
        <ele>146.0</ele>
      </trkpt>
      <trkpt lat="29.74413" lon="-97.37555">
        <ele>145.5</ele>
      </trkpt>
      <trkpt lat="29.74415" lon="-97.37561">
        <ele>145.5</ele>
      </trkpt>
      <trkpt lat="29.74419" lon="-97.37581">
        <ele>145.2</ele>
      </trkpt>
      <trkpt lat="29.7442" lon="-97.37587">
        <ele>145.1</ele>
      </trkpt>
      <trkpt lat="29.74425" lon="-97.37609">
        <ele>145.0</ele>
      </trkpt>
      <trkpt lat="29.74434" lon="-97.37649">
        <ele>144.9</ele>
      </trkpt>
      <trkpt lat="29.74437" lon="-97.37662">
        <ele>144.8</ele>
      </trkpt>
      <trkpt lat="29.74441" lon="-97.37682">
        <ele>144.7</ele>
      </trkpt>
      <trkpt lat="29.74442" lon="-97.37687">
        <ele>144.7</ele>
      </trkpt>
      <trkpt lat="29.74449" lon="-97.37716">
        <ele>144.5</ele>
      </trkpt>
      <trkpt lat="29.74459" lon="-97.37762">
        <ele>143.7</ele>
      </trkpt>
      <trkpt lat="29.74463" lon="-97.37781">
        <ele>143.2</ele>
      </trkpt>
      <trkpt lat="29.74467" lon="-97.37801">
        <ele>142.1</ele>
      </trkpt>
      <trkpt lat="29.74467" lon="-97.37804">
        <ele>142.0</ele>
      </trkpt>
      <trkpt lat="29.7447" lon="-97.37816">
        <ele>141.2</ele>
      </trkpt>
      <trkpt lat="29.74471" lon="-97.37821">
        <ele>141.0</ele>
      </trkpt>
      <trkpt lat="29.74484" lon="-97.37881">
        <ele>138.5</ele>
      </trkpt>
      <trkpt lat="29.74486" lon="-97.37892">
        <ele>138.1</ele>
      </trkpt>
      <trkpt lat="29.74489" lon="-97.37907">
        <ele>137.4</ele>
      </trkpt>
      <trkpt lat="29.7449" lon="-97.37913">
        <ele>137.1</ele>
      </trkpt>
      <trkpt lat="29.74489" lon="-97.37921">
        <ele>136.8</ele>
      </trkpt>
      <trkpt lat="29.74488" lon="-97.37922">
        <ele>136.8</ele>
      </trkpt>
      <trkpt lat="29.74485" lon="-97.37928">
        <ele>136.6</ele>
      </trkpt>
      <trkpt lat="29.74481" lon="-97.37931">
        <ele>136.5</ele>
      </trkpt>
      <trkpt lat="29.74475" lon="-97.37934">
        <ele>136.5</ele>
      </trkpt>
      <trkpt lat="29.74472" lon="-97.37935">
        <ele>136.5</ele>
      </trkpt>
      <trkpt lat="29.74468" lon="-97.37936">
        <ele>136.4</ele>
      </trkpt>
      <trkpt lat="29.7445" lon="-97.37939">
        <ele>136.4</ele>
      </trkpt>
      <trkpt lat="29.74427" lon="-97.37943">
        <ele>136.3</ele>
      </trkpt>
      <trkpt lat="29.74373" lon="-97.37952">
        <ele>135.6</ele>
      </trkpt>
      <trkpt lat="29.74355" lon="-97.37955">
        <ele>135.2</ele>
      </trkpt>
      <trkpt lat="29.74331" lon="-97.37959">
        <ele>134.7</ele>
      </trkpt>
      <trkpt lat="29.7432" lon="-97.3796">
        <ele>134.5</ele>
      </trkpt>
      <trkpt lat="29.74302" lon="-97.37963">
        <ele>134.7</ele>
      </trkpt>
      <trkpt lat="29.74278" lon="-97.37967">
        <ele>135.1</ele>
      </trkpt>
      <trkpt lat="29.74266" lon="-97.37969">
        <ele>135.3</ele>
      </trkpt>
      <trkpt lat="29.74249" lon="-97.37972">
        <ele>135.7</ele>
      </trkpt>
      <trkpt lat="29.74213" lon="-97.37978">
        <ele>136.5</ele>
      </trkpt>
      <trkpt lat="29.74159" lon="-97.37987">
        <ele>138.1</ele>
      </trkpt>
      <trkpt lat="29.74142" lon="-97.3799">
        <ele>138.4</ele>
      </trkpt>
      <trkpt lat="29.74121" lon="-97.37993">
        <ele>138.7</ele>
      </trkpt>
      <trkpt lat="29.74071" lon="-97.38002">
        <ele>140.3</ele>
      </trkpt>
      <trkpt lat="29.74053" lon="-97.38005">
        <ele>141.0</ele>
      </trkpt>
      <trkpt lat="29.74035" lon="-97.38008">
        <ele>141.5</ele>
      </trkpt>
      <trkpt lat="29.74018" lon="-97.38012">
        <ele>142.0</ele>
      </trkpt>
      <trkpt lat="29.74017" lon="-97.38012">
        <ele>142.0</ele>
      </trkpt>
      <trkpt lat="29.73982" lon="-97.38018">
        <ele>142.6</ele>
      </trkpt>
      <trkpt lat="29.73964" lon="-97.38021">
        <ele>142.7</ele>
      </trkpt>
      <trkpt lat="29.73928" lon="-97.38027">
        <ele>142.3</ele>
      </trkpt>
      <trkpt lat="29.73914" lon="-97.38029">
        <ele>142.0</ele>
      </trkpt>
      <trkpt lat="29.73902" lon="-97.38032">
        <ele>141.5</ele>
      </trkpt>
      <trkpt lat="29.73857" lon="-97.3804">
        <ele>138.9</ele>
      </trkpt>
      <trkpt lat="29.73839" lon="-97.38043">
        <ele>137.3</ele>
      </trkpt>
      <trkpt lat="29.73822" lon="-97.38046">
        <ele>136.2</ele>
      </trkpt>
      <trkpt lat="29.73814" lon="-97.38048">
        <ele>135.9</ele>
      </trkpt>
      <trkpt lat="29.73804" lon="-97.3805">
        <ele>136.1</ele>
      </trkpt>
      <trkpt lat="29.73733" lon="-97.38065">
        <ele>141.1</ele>
      </trkpt>
      <trkpt lat="29.73716" lon="-97.38069">
        <ele>141.5</ele>
      </trkpt>
      <trkpt lat="29.73698" lon="-97.38073">
        <ele>141.4</ele>
      </trkpt>
      <trkpt lat="29.7368" lon="-97.38076">
        <ele>141.2</ele>
      </trkpt>
      <trkpt lat="29.73663" lon="-97.3808">
        <ele>141.2</ele>
      </trkpt>
      <trkpt lat="29.73645" lon="-97.38084">
        <ele>141.1</ele>
      </trkpt>
      <trkpt lat="29.73592" lon="-97.38095">
        <ele>138.8</ele>
      </trkpt>
      <trkpt lat="29.73581" lon="-97.38097">
        <ele>137.4</ele>
      </trkpt>
      <trkpt lat="29.73563" lon="-97.38101">
        <ele>136.5</ele>
      </trkpt>
      <trkpt lat="29.73563" lon="-97.38101">
        <ele>136.5</ele>
      </trkpt>
      <trkpt lat="29.7355" lon="-97.38086">
        <ele>136.5</ele>
      </trkpt>
      <trkpt lat="29.73525" lon="-97.38056">
        <ele>136.0</ele>
      </trkpt>
      <trkpt lat="29.73513" lon="-97.38041">
        <ele>135.7</ele>
      </trkpt>
      <trkpt lat="29.7351" lon="-97.38037">
        <ele>135.7</ele>
      </trkpt>
      <trkpt lat="29.735" lon="-97.38026">
        <ele>135.4</ele>
      </trkpt>
      <trkpt lat="29.73477" lon="-97.38009">
        <ele>135.0</ele>
      </trkpt>
      <trkpt lat="29.73452" lon="-97.37975">
        <ele>135.1</ele>
      </trkpt>
      <trkpt lat="29.73452" lon="-97.37975">
        <ele>135.1</ele>
      </trkpt>
      <trkpt lat="29.73435" lon="-97.37981">
        <ele>135.0</ele>
      </trkpt>
      <trkpt lat="29.73417" lon="-97.37983">
        <ele>135.1</ele>
      </trkpt>
      <trkpt lat="29.73412" lon="-97.37983">
        <ele>135.1</ele>
      </trkpt>
      <trkpt lat="29.73399" lon="-97.37983">
        <ele>135.3</ele>
      </trkpt>
      <trkpt lat="29.73381" lon="-97.37983">
        <ele>135.7</ele>
      </trkpt>
      <trkpt lat="29.73363" lon="-97.37982">
        <ele>136.2</ele>
      </trkpt>
      <trkpt lat="29.73345" lon="-97.37982">
        <ele>136.9</ele>
      </trkpt>
      <trkpt lat="29.73327" lon="-97.37982">
        <ele>138.0</ele>
      </trkpt>
      <trkpt lat="29.73309" lon="-97.37981">
        <ele>139.5</ele>
      </trkpt>
      <trkpt lat="29.73283" lon="-97.37981">
        <ele>141.2</ele>
      </trkpt>
      <trkpt lat="29.73273" lon="-97.37981">
        <ele>141.5</ele>
      </trkpt>
      <trkpt lat="29.73255" lon="-97.37981">
        <ele>141.7</ele>
      </trkpt>
      <trkpt lat="29.73237" lon="-97.37981">
        <ele>141.6</ele>
      </trkpt>
      <trkpt lat="29.73219" lon="-97.37981">
        <ele>141.3</ele>
      </trkpt>
      <trkpt lat="29.73201" lon="-97.37981">
        <ele>140.8</ele>
      </trkpt>
      <trkpt lat="29.73183" lon="-97.37981">
        <ele>140.1</ele>
      </trkpt>
      <trkpt lat="29.73129" lon="-97.37982">
        <ele>137.3</ele>
      </trkpt>
      <trkpt lat="29.73111" lon="-97.37982">
        <ele>136.5</ele>
      </trkpt>
      <trkpt lat="29.73093" lon="-97.37982">
        <ele>135.7</ele>
      </trkpt>
      <trkpt lat="29.73075" lon="-97.37983">
        <ele>134.9</ele>
      </trkpt>
      <trkpt lat="29.73068" lon="-97.37983">
        <ele>134.6</ele>
      </trkpt>
      <trkpt lat="29.73021" lon="-97.37982">
        <ele>132.0</ele>
      </trkpt>
      <trkpt lat="29.72999" lon="-97.37982">
        <ele>130.9</ele>
      </trkpt>
      <trkpt lat="29.72985" lon="-97.37982">
        <ele>130.6</ele>
      </trkpt>
      <trkpt lat="29.72967" lon="-97.37983">
        <ele>130.2</ele>
      </trkpt>
      <trkpt lat="29.72931" lon="-97.37983">
        <ele>130.0</ele>
      </trkpt>
      <trkpt lat="29.72895" lon="-97.37983">
        <ele>129.7</ele>
      </trkpt>
      <trkpt lat="29.72877" lon="-97.37983">
        <ele>129.5</ele>
      </trkpt>
      <trkpt lat="29.72859" lon="-97.37983">
        <ele>129.3</ele>
      </trkpt>
      <trkpt lat="29.72853" lon="-97.37983">
        <ele>129.2</ele>
      </trkpt>
      <trkpt lat="29.72841" lon="-97.37984">
        <ele>129.0</ele>
      </trkpt>
      <trkpt lat="29.72806" lon="-97.37984">
        <ele>128.2</ele>
      </trkpt>
      <trkpt lat="29.72788" lon="-97.37984">
        <ele>127.8</ele>
      </trkpt>
      <trkpt lat="29.7277" lon="-97.37985">
        <ele>127.4</ele>
      </trkpt>
      <trkpt lat="29.72752" lon="-97.37985">
        <ele>127.1</ele>
      </trkpt>
      <trkpt lat="29.7274" lon="-97.37985">
        <ele>126.9</ele>
      </trkpt>
      <trkpt lat="29.72727" lon="-97.37988">
        <ele>126.8</ele>
      </trkpt>
      <trkpt lat="29.72716" lon="-97.37991">
        <ele>126.7</ele>
      </trkpt>
      <trkpt lat="29.72711" lon="-97.37992">
        <ele>126.7</ele>
      </trkpt>
      <trkpt lat="29.72683" lon="-97.38002">
        <ele>126.6</ele>
      </trkpt>
      <trkpt lat="29.72682" lon="-97.38003">
        <ele>126.6</ele>
      </trkpt>
      <trkpt lat="29.72675" lon="-97.38005">
        <ele>126.6</ele>
      </trkpt>
      <trkpt lat="29.72665" lon="-97.38009">
        <ele>126.6</ele>
      </trkpt>
      <trkpt lat="29.7263" lon="-97.38022">
        <ele>126.7</ele>
      </trkpt>
      <trkpt lat="29.72592" lon="-97.38037">
        <ele>127.0</ele>
      </trkpt>
      <trkpt lat="29.72573" lon="-97.38042">
        <ele>127.1</ele>
      </trkpt>
      <trkpt lat="29.72564" lon="-97.38044">
        <ele>127.2</ele>
      </trkpt>
      <trkpt lat="29.72561" lon="-97.38044">
        <ele>127.2</ele>
      </trkpt>
      <trkpt lat="29.72555" lon="-97.38045">
        <ele>127.2</ele>
      </trkpt>
      <trkpt lat="29.72546" lon="-97.38044">
        <ele>127.1</ele>
      </trkpt>
      <trkpt lat="29.72537" lon="-97.38043">
        <ele>127.1</ele>
      </trkpt>
      <trkpt lat="29.72529" lon="-97.3804">
        <ele>127.0</ele>
      </trkpt>
      <trkpt lat="29.72526" lon="-97.38038">
        <ele>126.9</ele>
      </trkpt>
      <trkpt lat="29.72522" lon="-97.38036">
        <ele>126.9</ele>
      </trkpt>
      <trkpt lat="29.72516" lon="-97.38032">
        <ele>126.8</ele>
      </trkpt>
      <trkpt lat="29.72511" lon="-97.38028">
        <ele>126.7</ele>
      </trkpt>
      <trkpt lat="29.72501" lon="-97.38018">
        <ele>126.5</ele>
      </trkpt>
      <trkpt lat="29.72497" lon="-97.38014">
        <ele>126.4</ele>
      </trkpt>
      <trkpt lat="29.72493" lon="-97.38009">
        <ele>126.3</ele>
      </trkpt>
      <trkpt lat="29.72482" lon="-97.37998">
        <ele>126.0</ele>
      </trkpt>
      <trkpt lat="29.72476" lon="-97.37993">
        <ele>125.9</ele>
      </trkpt>
      <trkpt lat="29.7247" lon="-97.37989">
        <ele>125.8</ele>
      </trkpt>
      <trkpt lat="29.72463" lon="-97.37985">
        <ele>125.8</ele>
      </trkpt>
      <trkpt lat="29.72457" lon="-97.37983">
        <ele>125.7</ele>
      </trkpt>
      <trkpt lat="29.72448" lon="-97.37981">
        <ele>125.6</ele>
      </trkpt>
      <trkpt lat="29.72441" lon="-97.3798">
        <ele>125.6</ele>
      </trkpt>
      <trkpt lat="29.72434" lon="-97.3798">
        <ele>125.6</ele>
      </trkpt>
      <trkpt lat="29.72422" lon="-97.37979">
        <ele>125.5</ele>
      </trkpt>
      <trkpt lat="29.72421" lon="-97.37979">
        <ele>125.5</ele>
      </trkpt>
      <trkpt lat="29.72403" lon="-97.37979">
        <ele>125.5</ele>
      </trkpt>
      <trkpt lat="29.72388" lon="-97.37979">
        <ele>125.6</ele>
      </trkpt>
      <trkpt lat="29.72386" lon="-97.37979">
        <ele>125.6</ele>
      </trkpt>
      <trkpt lat="29.72267" lon="-97.37981">
        <ele>126.4</ele>
      </trkpt>
      <trkpt lat="29.72206" lon="-97.37981">
        <ele>126.5</ele>
      </trkpt>
      <trkpt lat="29.72188" lon="-97.37981">
        <ele>126.7</ele>
      </trkpt>
      <trkpt lat="29.7217" lon="-97.37982">
        <ele>127.0</ele>
      </trkpt>
      <trkpt lat="29.72162" lon="-97.37982">
        <ele>127.1</ele>
      </trkpt>
      <trkpt lat="29.72098" lon="-97.37982">
        <ele>128.7</ele>
      </trkpt>
      <trkpt lat="29.72094" lon="-97.37982">
        <ele>128.8</ele>
      </trkpt>
      <trkpt lat="29.7208" lon="-97.37982">
        <ele>129.2</ele>
      </trkpt>
      <trkpt lat="29.72012" lon="-97.37983">
        <ele>130.8</ele>
      </trkpt>
      <trkpt lat="29.71972" lon="-97.37983">
        <ele>131.6</ele>
      </trkpt>
      <trkpt lat="29.71954" lon="-97.37983">
        <ele>131.9</ele>
      </trkpt>
      <trkpt lat="29.71904" lon="-97.37983">
        <ele>132.4</ele>
      </trkpt>
      <trkpt lat="29.71875" lon="-97.37983">
        <ele>132.4</ele>
      </trkpt>
      <trkpt lat="29.71821" lon="-97.37982">
        <ele>132.0</ele>
      </trkpt>
      <trkpt lat="29.71785" lon="-97.37982">
        <ele>131.8</ele>
      </trkpt>
      <trkpt lat="29.71767" lon="-97.37981">
        <ele>131.7</ele>
      </trkpt>
      <trkpt lat="29.71749" lon="-97.37981">
        <ele>131.5</ele>
      </trkpt>
      <trkpt lat="29.71734" lon="-97.37981">
        <ele>131.2</ele>
      </trkpt>
      <trkpt lat="29.71713" lon="-97.37981">
        <ele>130.8</ele>
      </trkpt>
      <trkpt lat="29.71686" lon="-97.3798">
        <ele>129.8</ele>
      </trkpt>
      <trkpt lat="29.71677" lon="-97.3798">
        <ele>129.4</ele>
      </trkpt>
      <trkpt lat="29.71659" lon="-97.3798">
        <ele>128.9</ele>
      </trkpt>
      <trkpt lat="29.7164" lon="-97.37979">
        <ele>128.7</ele>
      </trkpt>
      <trkpt lat="29.71633" lon="-97.37979">
        <ele>128.6</ele>
      </trkpt>
      <trkpt lat="29.71626" lon="-97.37977">
        <ele>128.6</ele>
      </trkpt>
      <trkpt lat="29.71624" lon="-97.37975">
        <ele>128.6</ele>
      </trkpt>
      <trkpt lat="29.71621" lon="-97.37973">
        <ele>128.6</ele>
      </trkpt>
      <trkpt lat="29.71617" lon="-97.37967">
        <ele>128.4</ele>
      </trkpt>
      <trkpt lat="29.71614" lon="-97.37959">
        <ele>128.3</ele>
      </trkpt>
      <trkpt lat="29.71614" lon="-97.37956">
        <ele>128.2</ele>
      </trkpt>
      <trkpt lat="29.71613" lon="-97.37951">
        <ele>128.1</ele>
      </trkpt>
      <trkpt lat="29.71612" lon="-97.37941">
        <ele>128.0</ele>
      </trkpt>
      <trkpt lat="29.71612" lon="-97.37938">
        <ele>127.9</ele>
      </trkpt>
      <trkpt lat="29.71613" lon="-97.37917">
        <ele>127.6</ele>
      </trkpt>
      <trkpt lat="29.71613" lon="-97.37897">
        <ele>127.6</ele>
      </trkpt>
      <trkpt lat="29.71613" lon="-97.37876">
        <ele>127.8</ele>
      </trkpt>
      <trkpt lat="29.71613" lon="-97.37834">
        <ele>128.3</ele>
      </trkpt>
      <trkpt lat="29.71613" lon="-97.37793">
        <ele>128.9</ele>
      </trkpt>
      <trkpt lat="29.71613" lon="-97.37779">
        <ele>129.1</ele>
      </trkpt>
      <trkpt lat="29.71612" lon="-97.37762">
        <ele>129.4</ele>
      </trkpt>
      <trkpt lat="29.71612" lon="-97.37754">
        <ele>129.6</ele>
      </trkpt>
      <trkpt lat="29.7161" lon="-97.37748">
        <ele>129.7</ele>
      </trkpt>
      <trkpt lat="29.71608" lon="-97.37743">
        <ele>129.8</ele>
      </trkpt>
      <trkpt lat="29.71605" lon="-97.37738">
        <ele>129.8</ele>
      </trkpt>
      <trkpt lat="29.71601" lon="-97.37735">
        <ele>129.9</ele>
      </trkpt>
      <trkpt lat="29.71597" lon="-97.37733">
        <ele>129.9</ele>
      </trkpt>
      <trkpt lat="29.71592" lon="-97.37732">
        <ele>129.8</ele>
      </trkpt>
      <trkpt lat="29.71586" lon="-97.37731">
        <ele>129.8</ele>
      </trkpt>
      <trkpt lat="29.71556" lon="-97.37732">
        <ele>129.4</ele>
      </trkpt>
      <trkpt lat="29.71539" lon="-97.37732">
        <ele>129.2</ele>
      </trkpt>
      <trkpt lat="29.71521" lon="-97.37732">
        <ele>128.9</ele>
      </trkpt>
      <trkpt lat="29.71413" lon="-97.37733">
        <ele>126.2</ele>
      </trkpt>
      <trkpt lat="29.71395" lon="-97.37733">
        <ele>125.3</ele>
      </trkpt>
      <trkpt lat="29.71318" lon="-97.37733">
        <ele>123.4</ele>
      </trkpt>
      <trkpt lat="29.71318" lon="-97.37733">
        <ele>123.4</ele>
      </trkpt>
      <trkpt lat="29.71305" lon="-97.37733">
        <ele>123.0</ele>
      </trkpt>
      <trkpt lat="29.71269" lon="-97.37734">
        <ele>121.9</ele>
      </trkpt>
      <trkpt lat="29.71233" lon="-97.37734">
        <ele>121.6</ele>
      </trkpt>
      <trkpt lat="29.71215" lon="-97.37734">
        <ele>121.5</ele>
      </trkpt>
      <trkpt lat="29.71197" lon="-97.37734">
        <ele>121.4</ele>
      </trkpt>
      <trkpt lat="29.71172" lon="-97.37734">
        <ele>121.2</ele>
      </trkpt>
      <trkpt lat="29.71161" lon="-97.37734">
        <ele>121.1</ele>
      </trkpt>
      <trkpt lat="29.7116" lon="-97.37734">
        <ele>121.1</ele>
      </trkpt>
      <trkpt lat="29.71149" lon="-97.37734">
        <ele>121.0</ele>
      </trkpt>
      <trkpt lat="29.71125" lon="-97.37735">
        <ele>120.7</ele>
      </trkpt>
      <trkpt lat="29.71107" lon="-97.37735">
        <ele>120.6</ele>
      </trkpt>
      <trkpt lat="29.71089" lon="-97.37736">
        <ele>120.3</ele>
      </trkpt>
      <trkpt lat="29.71053" lon="-97.37736">
        <ele>119.6</ele>
      </trkpt>
      <trkpt lat="29.71035" lon="-97.37737">
        <ele>119.8</ele>
      </trkpt>
      <trkpt lat="29.71032" lon="-97.37737">
        <ele>119.8</ele>
      </trkpt>
      <trkpt lat="29.70981" lon="-97.37736">
        <ele>121.0</ele>
      </trkpt>
      <trkpt lat="29.70951" lon="-97.37736">
        <ele>122.2</ele>
      </trkpt>
      <trkpt lat="29.70945" lon="-97.37736">
        <ele>122.3</ele>
      </trkpt>
      <trkpt lat="29.70916" lon="-97.3774">
        <ele>122.3</ele>
      </trkpt>
      <trkpt lat="29.70911" lon="-97.37744">
        <ele>122.4</ele>
      </trkpt>
      <trkpt lat="29.70897" lon="-97.37753">
        <ele>122.6</ele>
      </trkpt>
      <trkpt lat="29.70882" lon="-97.37784">
        <ele>123.3</ele>
      </trkpt>
      <trkpt lat="29.70881" lon="-97.37792">
        <ele>123.5</ele>
      </trkpt>
      <trkpt lat="29.7088" lon="-97.37813">
        <ele>124.2</ele>
      </trkpt>
      <trkpt lat="29.7088" lon="-97.37814">
        <ele>124.2</ele>
      </trkpt>
      <trkpt lat="29.70879" lon="-97.37854">
        <ele>125.6</ele>
      </trkpt>
      <trkpt lat="29.70879" lon="-97.37863">
        <ele>126.1</ele>
      </trkpt>
      <trkpt lat="29.70878" lon="-97.37875">
        <ele>126.7</ele>
      </trkpt>
      <trkpt lat="29.70877" lon="-97.37885">
        <ele>127.1</ele>
      </trkpt>
      <trkpt lat="29.70876" lon="-97.37895">
        <ele>127.5</ele>
      </trkpt>
      <trkpt lat="29.70873" lon="-97.37904">
        <ele>127.9</ele>
      </trkpt>
      <trkpt lat="29.7087" lon="-97.3791">
        <ele>128.1</ele>
      </trkpt>
      <trkpt lat="29.70868" lon="-97.37914">
        <ele>128.2</ele>
      </trkpt>
      <trkpt lat="29.70864" lon="-97.3792">
        <ele>128.5</ele>
      </trkpt>
      <trkpt lat="29.70859" lon="-97.37925">
        <ele>128.7</ele>
      </trkpt>
      <trkpt lat="29.70855" lon="-97.37928">
        <ele>128.8</ele>
      </trkpt>
      <trkpt lat="29.70846" lon="-97.37934">
        <ele>129.0</ele>
      </trkpt>
      <trkpt lat="29.7084" lon="-97.37936">
        <ele>129.1</ele>
      </trkpt>
      <trkpt lat="29.7083" lon="-97.37938">
        <ele>129.0</ele>
      </trkpt>
      <trkpt lat="29.70809" lon="-97.3794">
        <ele>128.9</ele>
      </trkpt>
      <trkpt lat="29.70793" lon="-97.37943">
        <ele>129.0</ele>
      </trkpt>
      <trkpt lat="29.70788" lon="-97.37944">
        <ele>128.9</ele>
      </trkpt>
      <trkpt lat="29.7078" lon="-97.37948">
        <ele>128.8</ele>
      </trkpt>
      <trkpt lat="29.70773" lon="-97.37951">
        <ele>128.7</ele>
      </trkpt>
      <trkpt lat="29.70769" lon="-97.37952">
        <ele>128.6</ele>
      </trkpt>
      <trkpt lat="29.70766" lon="-97.37954">
        <ele>128.5</ele>
      </trkpt>
      <trkpt lat="29.7076" lon="-97.37957">
        <ele>128.3</ele>
      </trkpt>
      <trkpt lat="29.70753" lon="-97.37961">
        <ele>128.0</ele>
      </trkpt>
      <trkpt lat="29.70752" lon="-97.37962">
        <ele>128.0</ele>
      </trkpt>
      <trkpt lat="29.70746" lon="-97.37966">
        <ele>127.7</ele>
      </trkpt>
      <trkpt lat="29.7072" lon="-97.37982">
        <ele>126.8</ele>
      </trkpt>
      <trkpt lat="29.70705" lon="-97.3799">
        <ele>126.2</ele>
      </trkpt>
      <trkpt lat="29.70695" lon="-97.37995">
        <ele>125.8</ele>
      </trkpt>
      <trkpt lat="29.70687" lon="-97.37998">
        <ele>125.5</ele>
      </trkpt>
      <trkpt lat="29.70684" lon="-97.37999">
        <ele>125.4</ele>
      </trkpt>
      <trkpt lat="29.70676" lon="-97.38002">
        <ele>125.1</ele>
      </trkpt>
      <trkpt lat="29.70671" lon="-97.38004">
        <ele>124.9</ele>
      </trkpt>
      <trkpt lat="29.70654" lon="-97.38009">
        <ele>124.3</ele>
      </trkpt>
      <trkpt lat="29.70653" lon="-97.38009">
        <ele>124.3</ele>
      </trkpt>
      <trkpt lat="29.70618" lon="-97.38014">
        <ele>124.5</ele>
      </trkpt>
      <trkpt lat="29.70617" lon="-97.38015">
        <ele>124.5</ele>
      </trkpt>
      <trkpt lat="29.70614" lon="-97.38015">
        <ele>124.6</ele>
      </trkpt>
      <trkpt lat="29.7051" lon="-97.38018">
        <ele>128.1</ele>
      </trkpt>
      <trkpt lat="29.70509" lon="-97.38018">
        <ele>128.1</ele>
      </trkpt>
      <trkpt lat="29.70474" lon="-97.38019">
        <ele>128.6</ele>
      </trkpt>
      <trkpt lat="29.70438" lon="-97.3802">
        <ele>127.5</ele>
      </trkpt>
      <trkpt lat="29.70437" lon="-97.3802">
        <ele>127.5</ele>
      </trkpt>
      <trkpt lat="29.7042" lon="-97.3802">
        <ele>127.0</ele>
      </trkpt>
      <trkpt lat="29.70383" lon="-97.38021">
        <ele>126.7</ele>
      </trkpt>
      <trkpt lat="29.70376" lon="-97.38021">
        <ele>126.7</ele>
      </trkpt>
      <trkpt lat="29.70367" lon="-97.38024">
        <ele>126.7</ele>
      </trkpt>
      <trkpt lat="29.70356" lon="-97.38027">
        <ele>126.7</ele>
      </trkpt>
      <trkpt lat="29.70351" lon="-97.38032">
        <ele>126.8</ele>
      </trkpt>
      <trkpt lat="29.70339" lon="-97.38046">
        <ele>126.9</ele>
      </trkpt>
      <trkpt lat="29.70336" lon="-97.38067">
        <ele>127.3</ele>
      </trkpt>
      <trkpt lat="29.70335" lon="-97.38073">
        <ele>127.4</ele>
      </trkpt>
      <trkpt lat="29.7033" lon="-97.38114">
        <ele>128.6</ele>
      </trkpt>
      <trkpt lat="29.70324" lon="-97.38154">
        <ele>130.1</ele>
      </trkpt>
      <trkpt lat="29.70322" lon="-97.38171">
        <ele>130.4</ele>
      </trkpt>
      <trkpt lat="29.70317" lon="-97.38204">
        <ele>130.7</ele>
      </trkpt>
      <trkpt lat="29.70316" lon="-97.38213">
        <ele>130.7</ele>
      </trkpt>
      <trkpt lat="29.70316" lon="-97.38223">
        <ele>130.7</ele>
      </trkpt>
      <trkpt lat="29.70316" lon="-97.38224">
        <ele>130.7</ele>
      </trkpt>
      <trkpt lat="29.70316" lon="-97.38225">
        <ele>130.7</ele>
      </trkpt>
      <trkpt lat="29.70317" lon="-97.38229">
        <ele>130.7</ele>
      </trkpt>
      <trkpt lat="29.70317" lon="-97.38234">
        <ele>130.7</ele>
      </trkpt>
      <trkpt lat="29.70319" lon="-97.38256">
        <ele>130.6</ele>
      </trkpt>
      <trkpt lat="29.70321" lon="-97.38268">
        <ele>130.5</ele>
      </trkpt>
      <trkpt lat="29.70324" lon="-97.38279">
        <ele>130.4</ele>
      </trkpt>
      <trkpt lat="29.70329" lon="-97.38292">
        <ele>130.2</ele>
      </trkpt>
      <trkpt lat="29.70338" lon="-97.38316">
        <ele>130.0</ele>
      </trkpt>
      <trkpt lat="29.70338" lon="-97.38317">
        <ele>129.9</ele>
      </trkpt>
      <trkpt lat="29.7034" lon="-97.38321">
        <ele>129.9</ele>
      </trkpt>
      <trkpt lat="29.7034" lon="-97.38323">
        <ele>129.9</ele>
      </trkpt>
      <trkpt lat="29.70361" lon="-97.3838">
        <ele>130.0</ele>
      </trkpt>
      <trkpt lat="29.7037" lon="-97.38399">
        <ele>129.9</ele>
      </trkpt>
      <trkpt lat="29.70378" lon="-97.38418">
        <ele>129.8</ele>
      </trkpt>
      <trkpt lat="29.70383" lon="-97.3843">
        <ele>129.7</ele>
      </trkpt>
      <trkpt lat="29.70385" lon="-97.38434">
        <ele>129.6</ele>
      </trkpt>
      <trkpt lat="29.70386" lon="-97.38436">
        <ele>129.6</ele>
      </trkpt>
      <trkpt lat="29.70391" lon="-97.38448">
        <ele>129.5</ele>
      </trkpt>
      <trkpt lat="29.70402" lon="-97.38475">
        <ele>129.3</ele>
      </trkpt>
      <trkpt lat="29.70406" lon="-97.38487">
        <ele>129.1</ele>
      </trkpt>
      <trkpt lat="29.70406" lon="-97.38488">
        <ele>129.1</ele>
      </trkpt>
      <trkpt lat="29.70408" lon="-97.38493">
        <ele>129.1</ele>
      </trkpt>
      <trkpt lat="29.7041" lon="-97.38502">
        <ele>129.0</ele>
      </trkpt>
      <trkpt lat="29.70412" lon="-97.38513">
        <ele>128.8</ele>
      </trkpt>
      <trkpt lat="29.70413" lon="-97.38516">
        <ele>128.8</ele>
      </trkpt>
      <trkpt lat="29.70415" lon="-97.3853">
        <ele>128.6</ele>
      </trkpt>
      <trkpt lat="29.70415" lon="-97.38534">
        <ele>128.6</ele>
      </trkpt>
      <trkpt lat="29.70417" lon="-97.38544">
        <ele>128.4</ele>
      </trkpt>
      <trkpt lat="29.70417" lon="-97.38554">
        <ele>128.3</ele>
      </trkpt>
      <trkpt lat="29.70419" lon="-97.38575">
        <ele>127.9</ele>
      </trkpt>
      <trkpt lat="29.70421" lon="-97.38609">
        <ele>126.9</ele>
      </trkpt>
      <trkpt lat="29.70424" lon="-97.38632">
        <ele>126.2</ele>
      </trkpt>
      <trkpt lat="29.70425" lon="-97.38644">
        <ele>125.8</ele>
      </trkpt>
      <trkpt lat="29.70431" lon="-97.38665">
        <ele>125.1</ele>
      </trkpt>
      <trkpt lat="29.70435" lon="-97.38675">
        <ele>124.7</ele>
      </trkpt>
      <trkpt lat="29.7044" lon="-97.38688">
        <ele>124.2</ele>
      </trkpt>
      <trkpt lat="29.7045" lon="-97.38713">
        <ele>123.2</ele>
      </trkpt>
      <trkpt lat="29.70454" lon="-97.38723">
        <ele>122.8</ele>
      </trkpt>
      <trkpt lat="29.70458" lon="-97.38732">
        <ele>122.5</ele>
      </trkpt>
      <trkpt lat="29.70466" lon="-97.38751">
        <ele>121.7</ele>
      </trkpt>
      <trkpt lat="29.70472" lon="-97.38764">
        <ele>121.3</ele>
      </trkpt>
      <trkpt lat="29.70482" lon="-97.38784">
        <ele>120.6</ele>
      </trkpt>
      <trkpt lat="29.70487" lon="-97.38792">
        <ele>120.3</ele>
      </trkpt>
      <trkpt lat="29.70493" lon="-97.38802">
        <ele>120.0</ele>
      </trkpt>
      <trkpt lat="29.70494" lon="-97.38804">
        <ele>119.9</ele>
      </trkpt>
      <trkpt lat="29.70499" lon="-97.3881">
        <ele>119.7</ele>
      </trkpt>
      <trkpt lat="29.70505" lon="-97.38818">
        <ele>119.4</ele>
      </trkpt>
      <trkpt lat="29.70506" lon="-97.38819">
        <ele>119.4</ele>
      </trkpt>
      <trkpt lat="29.70512" lon="-97.38825">
        <ele>119.1</ele>
      </trkpt>
      <trkpt lat="29.70518" lon="-97.38831">
        <ele>118.9</ele>
      </trkpt>
      <trkpt lat="29.7052" lon="-97.38832">
        <ele>118.8</ele>
      </trkpt>
      <trkpt lat="29.70525" lon="-97.38836">
        <ele>118.7</ele>
      </trkpt>
      <trkpt lat="29.70533" lon="-97.38841">
        <ele>118.5</ele>
      </trkpt>
      <trkpt lat="29.70536" lon="-97.38842">
        <ele>118.4</ele>
      </trkpt>
      <trkpt lat="29.70552" lon="-97.3885">
        <ele>118.3</ele>
      </trkpt>
      <trkpt lat="29.70552" lon="-97.38851">
        <ele>118.3</ele>
      </trkpt>
      <trkpt lat="29.70569" lon="-97.38857">
        <ele>118.7</ele>
      </trkpt>
      <trkpt lat="29.70575" lon="-97.3886">
        <ele>119.0</ele>
      </trkpt>
      <trkpt lat="29.70586" lon="-97.38864">
        <ele>119.6</ele>
      </trkpt>
      <trkpt lat="29.70587" lon="-97.38864">
        <ele>119.6</ele>
      </trkpt>
      <trkpt lat="29.70604" lon="-97.38869">
        <ele>120.5</ele>
      </trkpt>
      <trkpt lat="29.70621" lon="-97.38874">
        <ele>121.6</ele>
      </trkpt>
      <trkpt lat="29.70669" lon="-97.38887">
        <ele>123.5</ele>
      </trkpt>
      <trkpt lat="29.70698" lon="-97.38896">
        <ele>125.4</ele>
      </trkpt>
      <trkpt lat="29.70708" lon="-97.389">
        <ele>126.2</ele>
      </trkpt>
      <trkpt lat="29.70712" lon="-97.38902">
        <ele>126.5</ele>
      </trkpt>
      <trkpt lat="29.70725" lon="-97.38908">
        <ele>127.7</ele>
      </trkpt>
      <trkpt lat="29.70738" lon="-97.38913">
        <ele>128.2</ele>
      </trkpt>
      <trkpt lat="29.70777" lon="-97.38934">
        <ele>128.8</ele>
      </trkpt>
      <trkpt lat="29.70791" lon="-97.38941">
        <ele>128.9</ele>
      </trkpt>
      <trkpt lat="29.70804" lon="-97.38947">
        <ele>129.1</ele>
      </trkpt>
      <trkpt lat="29.70807" lon="-97.38949">
        <ele>129.1</ele>
      </trkpt>
      <trkpt lat="29.70841" lon="-97.38964">
        <ele>130.0</ele>
      </trkpt>
      <trkpt lat="29.70858" lon="-97.38971">
        <ele>130.3</ele>
      </trkpt>
      <trkpt lat="29.70868" lon="-97.38976">
        <ele>130.4</ele>
      </trkpt>
      <trkpt lat="29.70891" lon="-97.38988">
        <ele>130.4</ele>
      </trkpt>
      <trkpt lat="29.70902" lon="-97.38995">
        <ele>130.3</ele>
      </trkpt>
      <trkpt lat="29.70906" lon="-97.38998">
        <ele>130.3</ele>
      </trkpt>
      <trkpt lat="29.70908" lon="-97.39">
        <ele>130.2</ele>
      </trkpt>
      <trkpt lat="29.70912" lon="-97.39003">
        <ele>130.1</ele>
      </trkpt>
      <trkpt lat="29.70921" lon="-97.39009">
        <ele>130.0</ele>
      </trkpt>
      <trkpt lat="29.70922" lon="-97.3901">
        <ele>130.0</ele>
      </trkpt>
      <trkpt lat="29.70932" lon="-97.39018">
        <ele>130.1</ele>
      </trkpt>
      <trkpt lat="29.70936" lon="-97.39022">
        <ele>130.2</ele>
      </trkpt>
      <trkpt lat="29.70941" lon="-97.39028">
        <ele>130.4</ele>
      </trkpt>
      <trkpt lat="29.70949" lon="-97.39036">
        <ele>130.7</ele>
      </trkpt>
      <trkpt lat="29.70952" lon="-97.39041">
        <ele>130.8</ele>
      </trkpt>
      <trkpt lat="29.70958" lon="-97.39048">
        <ele>130.9</ele>
      </trkpt>
      <trkpt lat="29.70961" lon="-97.39052">
        <ele>131.0</ele>
      </trkpt>
      <trkpt lat="29.70963" lon="-97.39054">
        <ele>131.0</ele>
      </trkpt>
      <trkpt lat="29.70966" lon="-97.39059">
        <ele>131.1</ele>
      </trkpt>
      <trkpt lat="29.70994" lon="-97.391">
        <ele>132.6</ele>
      </trkpt>
      <trkpt lat="29.70998" lon="-97.39106">
        <ele>132.6</ele>
      </trkpt>
      <trkpt lat="29.71006" lon="-97.39116">
        <ele>132.1</ele>
      </trkpt>
      <trkpt lat="29.71012" lon="-97.39125">
        <ele>131.5</ele>
      </trkpt>
      <trkpt lat="29.71023" lon="-97.39142">
        <ele>130.6</ele>
      </trkpt>
      <trkpt lat="29.7104" lon="-97.39165">
        <ele>129.1</ele>
      </trkpt>
      <trkpt lat="29.71057" lon="-97.39189">
        <ele>127.7</ele>
      </trkpt>
      <trkpt lat="29.71062" lon="-97.39197">
        <ele>127.5</ele>
      </trkpt>
      <trkpt lat="29.71095" lon="-97.39241">
        <ele>126.6</ele>
      </trkpt>
      <trkpt lat="29.71105" lon="-97.39256">
        <ele>126.5</ele>
      </trkpt>
      <trkpt lat="29.7112" lon="-97.39276">
        <ele>126.1</ele>
      </trkpt>
      <trkpt lat="29.71128" lon="-97.3929">
        <ele>125.8</ele>
      </trkpt>
      <trkpt lat="29.71131" lon="-97.39295">
        <ele>125.6</ele>
      </trkpt>
      <trkpt lat="29.71142" lon="-97.39313">
        <ele>124.4</ele>
      </trkpt>
      <trkpt lat="29.71148" lon="-97.39325">
        <ele>123.4</ele>
      </trkpt>
      <trkpt lat="29.71151" lon="-97.39332">
        <ele>122.9</ele>
      </trkpt>
      <trkpt lat="29.71156" lon="-97.39343">
        <ele>122.2</ele>
      </trkpt>
      <trkpt lat="29.71158" lon="-97.3935">
        <ele>121.8</ele>
      </trkpt>
      <trkpt lat="29.71163" lon="-97.39362">
        <ele>121.1</ele>
      </trkpt>
      <trkpt lat="29.7118" lon="-97.39407">
        <ele>119.8</ele>
      </trkpt>
      <trkpt lat="29.71186" lon="-97.39419">
        <ele>119.6</ele>
      </trkpt>
      <trkpt lat="29.7119" lon="-97.39429">
        <ele>119.4</ele>
      </trkpt>
      <trkpt lat="29.71195" lon="-97.39437">
        <ele>119.4</ele>
      </trkpt>
      <trkpt lat="29.71217" lon="-97.3948">
        <ele>120.8</ele>
      </trkpt>
      <trkpt lat="29.71223" lon="-97.3949">
        <ele>121.1</ele>
      </trkpt>
      <trkpt lat="29.7123" lon="-97.39503">
        <ele>121.6</ele>
      </trkpt>
      <trkpt lat="29.71232" lon="-97.39507">
        <ele>121.7</ele>
      </trkpt>
      <trkpt lat="29.71242" lon="-97.39525">
        <ele>122.4</ele>
      </trkpt>
      <trkpt lat="29.71258" lon="-97.39556">
        <ele>123.8</ele>
      </trkpt>
      <trkpt lat="29.71268" lon="-97.39574">
        <ele>124.6</ele>
      </trkpt>
      <trkpt lat="29.71273" lon="-97.39582">
        <ele>124.9</ele>
      </trkpt>
      <trkpt lat="29.71288" lon="-97.39607">
        <ele>126.0</ele>
      </trkpt>
      <trkpt lat="29.71295" lon="-97.39618">
        <ele>126.5</ele>
      </trkpt>
      <trkpt lat="29.71298" lon="-97.39623">
        <ele>126.7</ele>
      </trkpt>
      <trkpt lat="29.7131" lon="-97.39639">
        <ele>127.3</ele>
      </trkpt>
      <trkpt lat="29.71315" lon="-97.39646">
        <ele>127.5</ele>
      </trkpt>
      <trkpt lat="29.71322" lon="-97.39654">
        <ele>127.2</ele>
      </trkpt>
      <trkpt lat="29.71326" lon="-97.39659">
        <ele>127.0</ele>
      </trkpt>
      <trkpt lat="29.71334" lon="-97.3967">
        <ele>126.2</ele>
      </trkpt>
      <trkpt lat="29.71337" lon="-97.39674">
        <ele>125.9</ele>
      </trkpt>
      <trkpt lat="29.71343" lon="-97.39682">
        <ele>125.3</ele>
      </trkpt>
      <trkpt lat="29.71345" lon="-97.39686">
        <ele>125.1</ele>
      </trkpt>
      <trkpt lat="29.7135" lon="-97.39693">
        <ele>124.6</ele>
      </trkpt>
      <trkpt lat="29.71356" lon="-97.39705">
        <ele>123.9</ele>
      </trkpt>
      <trkpt lat="29.71367" lon="-97.39728">
        <ele>122.7</ele>
      </trkpt>
      <trkpt lat="29.71387" lon="-97.39773">
        <ele>120.9</ele>
      </trkpt>
      <trkpt lat="29.71397" lon="-97.39795">
        <ele>120.1</ele>
      </trkpt>
      <trkpt lat="29.71401" lon="-97.39805">
        <ele>119.8</ele>
      </trkpt>
      <trkpt lat="29.71405" lon="-97.39814">
        <ele>119.6</ele>
      </trkpt>
      <trkpt lat="29.71435" lon="-97.39873">
        <ele>117.4</ele>
      </trkpt>
      <trkpt lat="29.71441" lon="-97.39886">
        <ele>117.0</ele>
      </trkpt>
      <trkpt lat="29.71447" lon="-97.39899">
        <ele>116.7</ele>
      </trkpt>
      <trkpt lat="29.71453" lon="-97.39915">
        <ele>116.4</ele>
      </trkpt>
      <trkpt lat="29.71455" lon="-97.39924">
        <ele>116.2</ele>
      </trkpt>
      <trkpt lat="29.71459" lon="-97.39941">
        <ele>115.8</ele>
      </trkpt>
      <trkpt lat="29.7146" lon="-97.39943">
        <ele>115.7</ele>
      </trkpt>
      <trkpt lat="29.71463" lon="-97.39964">
        <ele>114.8</ele>
      </trkpt>
      <trkpt lat="29.71464" lon="-97.39972">
        <ele>114.3</ele>
      </trkpt>
      <trkpt lat="29.71465" lon="-97.39982">
        <ele>113.8</ele>
      </trkpt>
      <trkpt lat="29.71465" lon="-97.39982">
        <ele>113.8</ele>
      </trkpt>
      <trkpt lat="29.71468" lon="-97.40004">
        <ele>113.2</ele>
      </trkpt>
      <trkpt lat="29.71468" lon="-97.4001">
        <ele>113.1</ele>
      </trkpt>
      <trkpt lat="29.71473" lon="-97.40031">
        <ele>113.4</ele>
      </trkpt>
      <trkpt lat="29.71477" lon="-97.40042">
        <ele>113.7</ele>
      </trkpt>
      <trkpt lat="29.71479" lon="-97.40048">
        <ele>113.9</ele>
      </trkpt>
      <trkpt lat="29.71484" lon="-97.4006">
        <ele>114.3</ele>
      </trkpt>
      <trkpt lat="29.71486" lon="-97.40067">
        <ele>114.7</ele>
      </trkpt>
      <trkpt lat="29.71496" lon="-97.40089">
        <ele>115.8</ele>
      </trkpt>
      <trkpt lat="29.71511" lon="-97.40121">
        <ele>117.0</ele>
      </trkpt>
      <trkpt lat="29.71511" lon="-97.40122">
        <ele>117.0</ele>
      </trkpt>
      <trkpt lat="29.71519" lon="-97.4014">
        <ele>117.9</ele>
      </trkpt>
      <trkpt lat="29.71525" lon="-97.40153">
        <ele>118.6</ele>
      </trkpt>
      <trkpt lat="29.71527" lon="-97.40158">
        <ele>118.8</ele>
      </trkpt>
      <trkpt lat="29.71536" lon="-97.40176">
        <ele>119.7</ele>
      </trkpt>
      <trkpt lat="29.71536" lon="-97.40177">
        <ele>119.7</ele>
      </trkpt>
      <trkpt lat="29.71563" lon="-97.40235">
        <ele>122.4</ele>
      </trkpt>
      <trkpt lat="29.7157" lon="-97.4025">
        <ele>122.9</ele>
      </trkpt>
      <trkpt lat="29.71578" lon="-97.40268">
        <ele>123.5</ele>
      </trkpt>
      <trkpt lat="29.71582" lon="-97.40277">
        <ele>123.7</ele>
      </trkpt>
      <trkpt lat="29.71593" lon="-97.40306">
        <ele>124.1</ele>
      </trkpt>
      <trkpt lat="29.71598" lon="-97.40319">
        <ele>124.0</ele>
      </trkpt>
      <trkpt lat="29.71607" lon="-97.40344">
        <ele>123.5</ele>
      </trkpt>
      <trkpt lat="29.71618" lon="-97.40377">
        <ele>122.9</ele>
      </trkpt>
      <trkpt lat="29.71645" lon="-97.4046">
        <ele>121.5</ele>
      </trkpt>
      <trkpt lat="29.71651" lon="-97.4048">
        <ele>121.3</ele>
      </trkpt>
      <trkpt lat="29.71662" lon="-97.40512">
        <ele>121.3</ele>
      </trkpt>
      <trkpt lat="29.71673" lon="-97.40546">
        <ele>121.4</ele>
      </trkpt>
      <trkpt lat="29.71685" lon="-97.40575">
        <ele>121.3</ele>
      </trkpt>
      <trkpt lat="29.71686" lon="-97.40575">
        <ele>121.3</ele>
      </trkpt>
      <trkpt lat="29.71686" lon="-97.40577">
        <ele>121.3</ele>
      </trkpt>
      <trkpt lat="29.71693" lon="-97.40594">
        <ele>121.2</ele>
      </trkpt>
      <trkpt lat="29.71709" lon="-97.40631">
        <ele>120.8</ele>
      </trkpt>
      <trkpt lat="29.71712" lon="-97.40637">
        <ele>120.7</ele>
      </trkpt>
      <trkpt lat="29.71718" lon="-97.40649">
        <ele>120.4</ele>
      </trkpt>
      <trkpt lat="29.71726" lon="-97.40666">
        <ele>120.1</ele>
      </trkpt>
      <trkpt lat="29.71733" lon="-97.4068">
        <ele>119.8</ele>
      </trkpt>
      <trkpt lat="29.71736" lon="-97.40685">
        <ele>119.6</ele>
      </trkpt>
      <trkpt lat="29.7174" lon="-97.40693">
        <ele>119.4</ele>
      </trkpt>
      <trkpt lat="29.71745" lon="-97.40702">
        <ele>119.1</ele>
      </trkpt>
      <trkpt lat="29.71746" lon="-97.40703">
        <ele>119.0</ele>
      </trkpt>
      <trkpt lat="29.71748" lon="-97.40706">
        <ele>118.9</ele>
      </trkpt>
      <trkpt lat="29.71756" lon="-97.40719">
        <ele>118.6</ele>
      </trkpt>
      <trkpt lat="29.71765" lon="-97.40731">
        <ele>118.4</ele>
      </trkpt>
      <trkpt lat="29.71784" lon="-97.40751">
        <ele>118.2</ele>
      </trkpt>
      <trkpt lat="29.71813" lon="-97.40778">
        <ele>118.2</ele>
      </trkpt>
      <trkpt lat="29.71837" lon="-97.40802">
        <ele>118.0</ele>
      </trkpt>
      <trkpt lat="29.71888" lon="-97.4085">
        <ele>117.4</ele>
      </trkpt>
      <trkpt lat="29.71913" lon="-97.40873">
        <ele>117.0</ele>
      </trkpt>
      <trkpt lat="29.7193" lon="-97.40891">
        <ele>116.9</ele>
      </trkpt>
      <trkpt lat="29.71937" lon="-97.409">
        <ele>116.8</ele>
      </trkpt>
      <trkpt lat="29.71944" lon="-97.40908">
        <ele>116.8</ele>
      </trkpt>
      <trkpt lat="29.7195" lon="-97.40917">
        <ele>116.8</ele>
      </trkpt>
      <trkpt lat="29.71955" lon="-97.40926">
        <ele>116.9</ele>
      </trkpt>
      <trkpt lat="29.71956" lon="-97.40927">
        <ele>116.9</ele>
      </trkpt>
      <trkpt lat="29.71965" lon="-97.40943">
        <ele>117.0</ele>
      </trkpt>
      <trkpt lat="29.71965" lon="-97.40945">
        <ele>117.0</ele>
      </trkpt>
      <trkpt lat="29.71966" lon="-97.40947">
        <ele>117.0</ele>
      </trkpt>
      <trkpt lat="29.71967" lon="-97.40949">
        <ele>117.0</ele>
      </trkpt>
      <trkpt lat="29.71971" lon="-97.40959">
        <ele>117.1</ele>
      </trkpt>
      <trkpt lat="29.71979" lon="-97.40984">
        <ele>116.9</ele>
      </trkpt>
      <trkpt lat="29.71984" lon="-97.40998">
        <ele>116.8</ele>
      </trkpt>
      <trkpt lat="29.71984" lon="-97.40998">
        <ele>116.8</ele>
      </trkpt>
      <trkpt lat="29.72003" lon="-97.41047">
        <ele>116.4</ele>
      </trkpt>
      <trkpt lat="29.72025" lon="-97.41111">
        <ele>117.3</ele>
      </trkpt>
      <trkpt lat="29.7203" lon="-97.41125">
        <ele>117.5</ele>
      </trkpt>
      <trkpt lat="29.72032" lon="-97.4113">
        <ele>117.6</ele>
      </trkpt>
      <trkpt lat="29.72033" lon="-97.41132">
        <ele>117.6</ele>
      </trkpt>
      <trkpt lat="29.72035" lon="-97.41137">
        <ele>117.7</ele>
      </trkpt>
      <trkpt lat="29.7204" lon="-97.41149">
        <ele>117.8</ele>
      </trkpt>
      <trkpt lat="29.7204" lon="-97.41151">
        <ele>117.9</ele>
      </trkpt>
      <trkpt lat="29.72048" lon="-97.4118">
        <ele>118.1</ele>
      </trkpt>
      <trkpt lat="29.72049" lon="-97.41212">
        <ele>118.4</ele>
      </trkpt>
      <trkpt lat="29.7205" lon="-97.41251">
        <ele>118.7</ele>
      </trkpt>
      <trkpt lat="29.7205" lon="-97.41272">
        <ele>119.2</ele>
      </trkpt>
      <trkpt lat="29.7205" lon="-97.41274">
        <ele>119.3</ele>
      </trkpt>
      <trkpt lat="29.7205" lon="-97.41275">
        <ele>119.3</ele>
      </trkpt>
      <trkpt lat="29.7205" lon="-97.4128">
        <ele>119.5</ele>
      </trkpt>
      <trkpt lat="29.72051" lon="-97.41295">
        <ele>119.9</ele>
      </trkpt>
      <trkpt lat="29.72054" lon="-97.41317">
        <ele>120.4</ele>
      </trkpt>
      <trkpt lat="29.72058" lon="-97.41333">
        <ele>120.5</ele>
      </trkpt>
      <trkpt lat="29.72069" lon="-97.41373">
        <ele>120.8</ele>
      </trkpt>
      <trkpt lat="29.72075" lon="-97.41398">
        <ele>121.0</ele>
      </trkpt>
      <trkpt lat="29.72089" lon="-97.41452">
        <ele>121.3</ele>
      </trkpt>
      <trkpt lat="29.72096" lon="-97.41477">
        <ele>121.4</ele>
      </trkpt>
      <trkpt lat="29.7211" lon="-97.41531">
        <ele>121.6</ele>
      </trkpt>
      <trkpt lat="29.72117" lon="-97.41557">
        <ele>121.6</ele>
      </trkpt>
      <trkpt lat="29.7213" lon="-97.4161">
        <ele>121.7</ele>
      </trkpt>
      <trkpt lat="29.72136" lon="-97.41617">
        <ele>121.7</ele>
      </trkpt>
      <trkpt lat="29.7214" lon="-97.4162">
        <ele>121.6</ele>
      </trkpt>
      <trkpt lat="29.72142" lon="-97.41621">
        <ele>121.6</ele>
      </trkpt>
      <trkpt lat="29.72147" lon="-97.41623">
        <ele>121.6</ele>
      </trkpt>
      <trkpt lat="29.72152" lon="-97.41625">
        <ele>121.6</ele>
      </trkpt>
      <trkpt lat="29.72157" lon="-97.41625">
        <ele>121.6</ele>
      </trkpt>
      <trkpt lat="29.72183" lon="-97.41626">
        <ele>121.7</ele>
      </trkpt>
      <trkpt lat="29.72244" lon="-97.41625">
        <ele>122.3</ele>
      </trkpt>
      <trkpt lat="29.72343" lon="-97.41624">
        <ele>122.7</ele>
      </trkpt>
      <trkpt lat="29.72388" lon="-97.41623">
        <ele>122.7</ele>
      </trkpt>
      <trkpt lat="29.72406" lon="-97.41623">
        <ele>122.6</ele>
      </trkpt>
      <trkpt lat="29.72411" lon="-97.41623">
        <ele>122.5</ele>
      </trkpt>
      <trkpt lat="29.72415" lon="-97.41623">
        <ele>122.5</ele>
      </trkpt>
      <trkpt lat="29.72423" lon="-97.41624">
        <ele>122.5</ele>
      </trkpt>
      <trkpt lat="29.72428" lon="-97.41628">
        <ele>122.5</ele>
      </trkpt>
      <trkpt lat="29.72433" lon="-97.41632">
        <ele>122.5</ele>
      </trkpt>
      <trkpt lat="29.72437" lon="-97.4164">
        <ele>122.6</ele>
      </trkpt>
      <trkpt lat="29.72437" lon="-97.41651">
        <ele>122.8</ele>
      </trkpt>
      <trkpt lat="29.72438" lon="-97.4166">
        <ele>123.0</ele>
      </trkpt>
      <trkpt lat="29.72441" lon="-97.41709">
        <ele>124.1</ele>
      </trkpt>
      <trkpt lat="29.72443" lon="-97.41763">
        <ele>125.1</ele>
      </trkpt>
      <trkpt lat="29.72443" lon="-97.41773">
        <ele>125.2</ele>
      </trkpt>
      <trkpt lat="29.72445" lon="-97.41837">
        <ele>125.9</ele>
      </trkpt>
      <trkpt lat="29.72447" lon="-97.4193">
        <ele>127.1</ele>
      </trkpt>
      <trkpt lat="29.72448" lon="-97.42011">
        <ele>128.1</ele>
      </trkpt>
      <trkpt lat="29.72448" lon="-97.42124">
        <ele>129.6</ele>
      </trkpt>
      <trkpt lat="29.72448" lon="-97.42156">
        <ele>130.2</ele>
      </trkpt>
      <trkpt lat="29.72448" lon="-97.42192">
        <ele>130.8</ele>
      </trkpt>
      <trkpt lat="29.72452" lon="-97.42225">
        <ele>131.4</ele>
      </trkpt>
      <trkpt lat="29.72453" lon="-97.42239">
        <ele>131.6</ele>
      </trkpt>
      <trkpt lat="29.72462" lon="-97.42265">
        <ele>132.0</ele>
      </trkpt>
      <trkpt lat="29.72462" lon="-97.42265">
        <ele>132.0</ele>
      </trkpt>
      <trkpt lat="29.72476" lon="-97.42286">
        <ele>132.4</ele>
      </trkpt>
      <trkpt lat="29.72482" lon="-97.42297">
        <ele>132.6</ele>
      </trkpt>
      <trkpt lat="29.72485" lon="-97.42306">
        <ele>132.8</ele>
      </trkpt>
      <trkpt lat="29.72489" lon="-97.42321">
        <ele>133.1</ele>
      </trkpt>
      <trkpt lat="29.7249" lon="-97.42337">
        <ele>133.3</ele>
      </trkpt>
      <trkpt lat="29.7249" lon="-97.42435">
        <ele>134.3</ele>
      </trkpt>
      <trkpt lat="29.72489" lon="-97.42458">
        <ele>134.6</ele>
      </trkpt>
      <trkpt lat="29.72489" lon="-97.42471">
        <ele>134.7</ele>
      </trkpt>
      <trkpt lat="29.72489" lon="-97.425">
        <ele>135.0</ele>
      </trkpt>
      <trkpt lat="29.72489" lon="-97.42582">
        <ele>135.4</ele>
      </trkpt>
      <trkpt lat="29.7249" lon="-97.4268">
        <ele>135.3</ele>
      </trkpt>
      <trkpt lat="29.7249" lon="-97.4268">
        <ele>135.3</ele>
      </trkpt>
      <trkpt lat="29.72488" lon="-97.42849">
        <ele>133.7</ele>
      </trkpt>
      <trkpt lat="29.72488" lon="-97.42873">
        <ele>133.7</ele>
      </trkpt>
      <trkpt lat="29.72489" lon="-97.42997">
        <ele>134.2</ele>
      </trkpt>
      <trkpt lat="29.7249" lon="-97.43039">
        <ele>134.6</ele>
      </trkpt>
      <trkpt lat="29.72491" lon="-97.43122">
        <ele>135.0</ele>
      </trkpt>
      <trkpt lat="29.72491" lon="-97.43128">
        <ele>135.0</ele>
      </trkpt>
      <trkpt lat="29.72493" lon="-97.43163">
        <ele>135.0</ele>
      </trkpt>
      <trkpt lat="29.72495" lon="-97.43192">
        <ele>134.9</ele>
      </trkpt>
      <trkpt lat="29.72495" lon="-97.43204">
        <ele>134.9</ele>
      </trkpt>
      <trkpt lat="29.72498" lon="-97.43282">
        <ele>134.4</ele>
      </trkpt>
      <trkpt lat="29.72498" lon="-97.43296">
        <ele>134.3</ele>
      </trkpt>
      <trkpt lat="29.72498" lon="-97.43315">
        <ele>133.9</ele>
      </trkpt>
      <trkpt lat="29.72499" lon="-97.43446">
        <ele>130.6</ele>
      </trkpt>
      <trkpt lat="29.72498" lon="-97.43502">
        <ele>129.7</ele>
      </trkpt>
      <trkpt lat="29.72498" lon="-97.43535">
        <ele>129.0</ele>
      </trkpt>
      <trkpt lat="29.72498" lon="-97.43588">
        <ele>127.7</ele>
      </trkpt>
      <trkpt lat="29.72496" lon="-97.43658">
        <ele>124.7</ele>
      </trkpt>
      <trkpt lat="29.72496" lon="-97.43689">
        <ele>124.9</ele>
      </trkpt>
      <trkpt lat="29.72495" lon="-97.4372">
        <ele>125.5</ele>
      </trkpt>
      <trkpt lat="29.72495" lon="-97.43741">
        <ele>125.8</ele>
      </trkpt>
      <trkpt lat="29.72494" lon="-97.43897">
        <ele>127.9</ele>
      </trkpt>
      <trkpt lat="29.72495" lon="-97.439">
        <ele>128.0</ele>
      </trkpt>
      <trkpt lat="29.72496" lon="-97.43904">
        <ele>128.1</ele>
      </trkpt>
      <trkpt lat="29.72498" lon="-97.4391">
        <ele>128.2</ele>
      </trkpt>
      <trkpt lat="29.72498" lon="-97.4391">
        <ele>128.2</ele>
      </trkpt>
      <trkpt lat="29.725" lon="-97.43913">
        <ele>128.2</ele>
      </trkpt>
      <trkpt lat="29.72505" lon="-97.43917">
        <ele>128.3</ele>
      </trkpt>
      <trkpt lat="29.72508" lon="-97.43918">
        <ele>128.3</ele>
      </trkpt>
      <trkpt lat="29.72514" lon="-97.43919">
        <ele>128.3</ele>
      </trkpt>
      <trkpt lat="29.7252" lon="-97.43919">
        <ele>128.4</ele>
      </trkpt>
      <trkpt lat="29.7261" lon="-97.43916">
        <ele>129.3</ele>
      </trkpt>
      <trkpt lat="29.72639" lon="-97.43916">
        <ele>129.6</ele>
      </trkpt>
      <trkpt lat="29.72639" lon="-97.43916">
        <ele>129.6</ele>
      </trkpt>
      <trkpt lat="29.72639" lon="-97.44041">
        <ele>130.8</ele>
      </trkpt>
      <trkpt lat="29.72639" lon="-97.44052">
        <ele>130.8</ele>
      </trkpt>
      <trkpt lat="29.72638" lon="-97.44239">
        <ele>132.9</ele>
      </trkpt>
      <trkpt lat="29.72638" lon="-97.44259">
        <ele>133.1</ele>
      </trkpt>
      <trkpt lat="29.72638" lon="-97.44268">
        <ele>133.3</ele>
      </trkpt>
      <trkpt lat="29.72638" lon="-97.44342">
        <ele>134.3</ele>
      </trkpt>
      <trkpt lat="29.72637" lon="-97.44487">
        <ele>137.1</ele>
      </trkpt>
      <trkpt lat="29.72637" lon="-97.44517">
        <ele>137.4</ele>
      </trkpt>
      <trkpt lat="29.72637" lon="-97.44567">
        <ele>137.8</ele>
      </trkpt>
      <trkpt lat="29.72637" lon="-97.44601">
        <ele>137.9</ele>
      </trkpt>
      <trkpt lat="29.72637" lon="-97.44674">
        <ele>138.1</ele>
      </trkpt>
      <trkpt lat="29.72637" lon="-97.44694">
        <ele>138.2</ele>
      </trkpt>
      <trkpt lat="29.72637" lon="-97.44703">
        <ele>138.2</ele>
      </trkpt>
      <trkpt lat="29.72638" lon="-97.44869">
        <ele>138.7</ele>
      </trkpt>
      <trkpt lat="29.72638" lon="-97.44873">
        <ele>138.7</ele>
      </trkpt>
      <trkpt lat="29.72639" lon="-97.44952">
        <ele>138.4</ele>
      </trkpt>
      <trkpt lat="29.72639" lon="-97.44959">
        <ele>138.4</ele>
      </trkpt>
      <trkpt lat="29.72639" lon="-97.45042">
        <ele>137.3</ele>
      </trkpt>
      <trkpt lat="29.72639" lon="-97.45055">
        <ele>137.0</ele>
      </trkpt>
      <trkpt lat="29.7264" lon="-97.45197">
        <ele>133.7</ele>
      </trkpt>
      <trkpt lat="29.7264" lon="-97.45204">
        <ele>133.7</ele>
      </trkpt>
      <trkpt lat="29.72639" lon="-97.45212">
        <ele>133.6</ele>
      </trkpt>
      <trkpt lat="29.72636" lon="-97.45219">
        <ele>133.5</ele>
      </trkpt>
      <trkpt lat="29.72632" lon="-97.45224">
        <ele>133.4</ele>
      </trkpt>
      <trkpt lat="29.72632" lon="-97.45225">
        <ele>133.4</ele>
      </trkpt>
      <trkpt lat="29.72626" lon="-97.4523">
        <ele>133.3</ele>
      </trkpt>
      <trkpt lat="29.7262" lon="-97.45233">
        <ele>133.3</ele>
      </trkpt>
      <trkpt lat="29.72617" lon="-97.45234">
        <ele>133.3</ele>
      </trkpt>
      <trkpt lat="29.726" lon="-97.45235">
        <ele>133.2</ele>
      </trkpt>
      <trkpt lat="29.72564" lon="-97.45238">
        <ele>133.0</ele>
      </trkpt>
      <trkpt lat="29.72541" lon="-97.4524">
        <ele>132.8</ele>
      </trkpt>
      <trkpt lat="29.7252" lon="-97.45242">
        <ele>132.6</ele>
      </trkpt>
      <trkpt lat="29.72516" lon="-97.45243">
        <ele>132.5</ele>
      </trkpt>
      <trkpt lat="29.7251" lon="-97.45246">
        <ele>132.4</ele>
      </trkpt>
      <trkpt lat="29.72503" lon="-97.4525">
        <ele>132.3</ele>
      </trkpt>
      <trkpt lat="29.72498" lon="-97.45256">
        <ele>132.1</ele>
      </trkpt>
      <trkpt lat="29.72494" lon="-97.45263">
        <ele>131.9</ele>
      </trkpt>
      <trkpt lat="29.72492" lon="-97.45271">
        <ele>131.7</ele>
      </trkpt>
      <trkpt lat="29.72491" lon="-97.4528">
        <ele>131.6</ele>
      </trkpt>
      <trkpt lat="29.72492" lon="-97.45325">
        <ele>130.9</ele>
      </trkpt>
      <trkpt lat="29.72493" lon="-97.4534">
        <ele>130.8</ele>
      </trkpt>
      <trkpt lat="29.72493" lon="-97.45346">
        <ele>130.8</ele>
      </trkpt>
      <trkpt lat="29.72494" lon="-97.45388">
        <ele>130.6</ele>
      </trkpt>
      <trkpt lat="29.72494" lon="-97.45408">
        <ele>130.6</ele>
      </trkpt>
      <trkpt lat="29.72494" lon="-97.45443">
        <ele>130.6</ele>
      </trkpt>
      <trkpt lat="29.72494" lon="-97.45449">
        <ele>130.7</ele>
      </trkpt>
      <trkpt lat="29.72494" lon="-97.45491">
        <ele>131.3</ele>
      </trkpt>
      <trkpt lat="29.72494" lon="-97.45505">
        <ele>131.6</ele>
      </trkpt>
      <trkpt lat="29.72494" lon="-97.45511">
        <ele>131.7</ele>
      </trkpt>
      <trkpt lat="29.72493" lon="-97.45588">
        <ele>133.9</ele>
      </trkpt>
      <trkpt lat="29.72493" lon="-97.45594">
        <ele>134.1</ele>
      </trkpt>
      <trkpt lat="29.72493" lon="-97.45614">
        <ele>134.5</ele>
      </trkpt>
      <trkpt lat="29.72493" lon="-97.4563">
        <ele>134.7</ele>
      </trkpt>
      <trkpt lat="29.72493" lon="-97.45636">
        <ele>134.7</ele>
      </trkpt>
      <trkpt lat="29.72493" lon="-97.45662">
        <ele>134.8</ele>
      </trkpt>
      <trkpt lat="29.72493" lon="-97.45671">
        <ele>134.8</ele>
      </trkpt>
      <trkpt lat="29.72491" lon="-97.45775">
        <ele>130.7</ele>
      </trkpt>
      <trkpt lat="29.72491" lon="-97.45786">
        <ele>130.5</ele>
      </trkpt>
      <trkpt lat="29.72491" lon="-97.45837">
        <ele>129.5</ele>
      </trkpt>
      <trkpt lat="29.7249" lon="-97.45848">
        <ele>129.3</ele>
      </trkpt>
      <trkpt lat="29.7249" lon="-97.45869">
        <ele>129.0</ele>
      </trkpt>
      <trkpt lat="29.72489" lon="-97.45973">
        <ele>127.5</ele>
      </trkpt>
      <trkpt lat="29.72488" lon="-97.46056">
        <ele>126.4</ele>
      </trkpt>
      <trkpt lat="29.72488" lon="-97.46065">
        <ele>126.3</ele>
      </trkpt>
      <trkpt lat="29.72488" lon="-97.46076">
        <ele>126.2</ele>
      </trkpt>
      <trkpt lat="29.72487" lon="-97.46117">
        <ele>125.7</ele>
      </trkpt>
      <trkpt lat="29.72487" lon="-97.46118">
        <ele>125.7</ele>
      </trkpt>
      <trkpt lat="29.72488" lon="-97.46201">
        <ele>124.5</ele>
      </trkpt>
      <trkpt lat="29.72488" lon="-97.4621">
        <ele>124.3</ele>
      </trkpt>
      <trkpt lat="29.72488" lon="-97.46231">
        <ele>124.0</ele>
      </trkpt>
      <trkpt lat="29.72488" lon="-97.46242">
        <ele>123.8</ele>
      </trkpt>
      <trkpt lat="29.72487" lon="-97.46251">
        <ele>123.6</ele>
      </trkpt>
      <trkpt lat="29.72487" lon="-97.46263">
        <ele>123.4</ele>
      </trkpt>
      <trkpt lat="29.72486" lon="-97.46304">
        <ele>122.6</ele>
      </trkpt>
      <trkpt lat="29.72485" lon="-97.46313">
        <ele>122.4</ele>
      </trkpt>
      <trkpt lat="29.72485" lon="-97.46325">
        <ele>122.1</ele>
      </trkpt>
      <trkpt lat="29.72484" lon="-97.46337">
        <ele>122.0</ele>
      </trkpt>
      <trkpt lat="29.72485" lon="-97.46387">
        <ele>125.2</ele>
      </trkpt>
      <trkpt lat="29.72485" lon="-97.46396">
        <ele>125.2</ele>
      </trkpt>
      <trkpt lat="29.72486" lon="-97.46449">
        <ele>125.1</ele>
      </trkpt>
      <trkpt lat="29.72486" lon="-97.46449">
        <ele>125.1</ele>
      </trkpt>
      <trkpt lat="29.72471" lon="-97.46448">
        <ele>124.9</ele>
      </trkpt>
      <trkpt lat="29.72444" lon="-97.46449">
        <ele>124.4</ele>
      </trkpt>
      <trkpt lat="29.7244" lon="-97.4645">
        <ele>124.3</ele>
      </trkpt>
      <trkpt lat="29.72434" lon="-97.46453">
        <ele>124.2</ele>
      </trkpt>
      <trkpt lat="29.72432" lon="-97.46454">
        <ele>124.2</ele>
      </trkpt>
      <trkpt lat="29.72429" lon="-97.46457">
        <ele>124.2</ele>
      </trkpt>
      <trkpt lat="29.72426" lon="-97.46462">
        <ele>124.1</ele>
      </trkpt>
      <trkpt lat="29.72423" lon="-97.46468">
        <ele>124.1</ele>
      </trkpt>
      <trkpt lat="29.72423" lon="-97.46475">
        <ele>124.1</ele>
      </trkpt>
      <trkpt lat="29.72426" lon="-97.46552">
        <ele>124.1</ele>
      </trkpt>
      <trkpt lat="29.72429" lon="-97.46614">
        <ele>123.8</ele>
      </trkpt>
      <trkpt lat="29.72429" lon="-97.46621">
        <ele>123.8</ele>
      </trkpt>
      <trkpt lat="29.7243" lon="-97.46671">
        <ele>125.2</ele>
      </trkpt>
      <trkpt lat="29.72431" lon="-97.46676">
        <ele>125.3</ele>
      </trkpt>
      <trkpt lat="29.72432" lon="-97.46738">
        <ele>126.5</ele>
      </trkpt>
      <trkpt lat="29.72434" lon="-97.46842">
        <ele>128.6</ele>
      </trkpt>
      <trkpt lat="29.72435" lon="-97.46883">
        <ele>129.1</ele>
      </trkpt>
      <trkpt lat="29.72438" lon="-97.47028">
        <ele>132.1</ele>
      </trkpt>
      <trkpt lat="29.7244" lon="-97.47106">
        <ele>133.8</ele>
      </trkpt>
      <trkpt lat="29.7244" lon="-97.47123">
        <ele>134.3</ele>
      </trkpt>
      <trkpt lat="29.72443" lon="-97.47215">
        <ele>137.4</ele>
      </trkpt>
      <trkpt lat="29.72444" lon="-97.47227">
        <ele>137.8</ele>
      </trkpt>
      <trkpt lat="29.72444" lon="-97.47235">
        <ele>138.0</ele>
      </trkpt>
      <trkpt lat="29.72446" lon="-97.47277">
        <ele>138.4</ele>
      </trkpt>
      <trkpt lat="29.72446" lon="-97.47289">
        <ele>138.5</ele>
      </trkpt>
      <trkpt lat="29.72447" lon="-97.4733">
        <ele>138.4</ele>
      </trkpt>
      <trkpt lat="29.72448" lon="-97.47339">
        <ele>138.2</ele>
      </trkpt>
      <trkpt lat="29.72452" lon="-97.47462">
        <ele>134.9</ele>
      </trkpt>
      <trkpt lat="29.72452" lon="-97.47467">
        <ele>134.9</ele>
      </trkpt>
      <trkpt lat="29.72452" lon="-97.47475">
        <ele>134.8</ele>
      </trkpt>
      <trkpt lat="29.72453" lon="-97.47484">
        <ele>134.6</ele>
      </trkpt>
      <trkpt lat="29.72454" lon="-97.47537">
        <ele>133.4</ele>
      </trkpt>
      <trkpt lat="29.72455" lon="-97.47546">
        <ele>133.3</ele>
      </trkpt>
      <trkpt lat="29.72455" lon="-97.47566">
        <ele>133.4</ele>
      </trkpt>
      <trkpt lat="29.72456" lon="-97.47579">
        <ele>133.6</ele>
      </trkpt>
      <trkpt lat="29.72457" lon="-97.47608">
        <ele>134.4</ele>
      </trkpt>
      <trkpt lat="29.72457" lon="-97.4762">
        <ele>134.8</ele>
      </trkpt>
      <trkpt lat="29.72457" lon="-97.47628">
        <ele>135.1</ele>
      </trkpt>
      <trkpt lat="29.72461" lon="-97.47765">
        <ele>139.8</ele>
      </trkpt>
      <trkpt lat="29.72462" lon="-97.47773">
        <ele>140.1</ele>
      </trkpt>
      <trkpt lat="29.72464" lon="-97.47835">
        <ele>141.3</ele>
      </trkpt>
      <trkpt lat="29.72464" lon="-97.47848">
        <ele>141.3</ele>
      </trkpt>
      <trkpt lat="29.72465" lon="-97.47882">
        <ele>140.8</ele>
      </trkpt>
      <trkpt lat="29.7247" lon="-97.48001">
        <ele>139.9</ele>
      </trkpt>
      <trkpt lat="29.7247" lon="-97.48013">
        <ele>140.1</ele>
      </trkpt>
      <trkpt lat="29.72474" lon="-97.48102">
        <ele>141.1</ele>
      </trkpt>
      <trkpt lat="29.72474" lon="-97.48107">
        <ele>141.1</ele>
      </trkpt>
      <trkpt lat="29.72473" lon="-97.48111">
        <ele>141.1</ele>
      </trkpt>
      <trkpt lat="29.72472" lon="-97.48115">
        <ele>141.1</ele>
      </trkpt>
      <trkpt lat="29.72471" lon="-97.48118">
        <ele>141.1</ele>
      </trkpt>
      <trkpt lat="29.72469" lon="-97.4812">
        <ele>141.1</ele>
      </trkpt>
      <trkpt lat="29.72465" lon="-97.48125">
        <ele>141.0</ele>
      </trkpt>
      <trkpt lat="29.7246" lon="-97.48127">
        <ele>140.9</ele>
      </trkpt>
      <trkpt lat="29.72454" lon="-97.48129">
        <ele>140.8</ele>
      </trkpt>
      <trkpt lat="29.72446" lon="-97.4813">
        <ele>140.6</ele>
      </trkpt>
      <trkpt lat="29.72438" lon="-97.48129">
        <ele>140.5</ele>
      </trkpt>
      <trkpt lat="29.72431" lon="-97.48129">
        <ele>140.3</ele>
      </trkpt>
      <trkpt lat="29.7242" lon="-97.48128">
        <ele>140.0</ele>
      </trkpt>
      <trkpt lat="29.72418" lon="-97.48128">
        <ele>139.9</ele>
      </trkpt>
      <trkpt lat="29.72409" lon="-97.48128">
        <ele>139.7</ele>
      </trkpt>
      <trkpt lat="29.72394" lon="-97.48127">
        <ele>139.2</ele>
      </trkpt>
      <trkpt lat="29.72373" lon="-97.48125">
        <ele>138.6</ele>
      </trkpt>
      <trkpt lat="29.72363" lon="-97.48124">
        <ele>138.4</ele>
      </trkpt>
      <trkpt lat="29.72359" lon="-97.48124">
        <ele>138.4</ele>
      </trkpt>
      <trkpt lat="29.72348" lon="-97.48124">
        <ele>138.2</ele>
      </trkpt>
      <trkpt lat="29.72345" lon="-97.48124">
        <ele>138.2</ele>
      </trkpt>
      <trkpt lat="29.72341" lon="-97.48124">
        <ele>138.1</ele>
      </trkpt>
      <trkpt lat="29.72327" lon="-97.48124">
        <ele>137.9</ele>
      </trkpt>
      <trkpt lat="29.72306" lon="-97.48124">
        <ele>137.4</ele>
      </trkpt>
      <trkpt lat="29.72297" lon="-97.48121">
        <ele>137.2</ele>
      </trkpt>
      <trkpt lat="29.72261" lon="-97.4812">
        <ele>135.1</ele>
      </trkpt>
      <trkpt lat="29.72255" lon="-97.4812">
        <ele>134.8</ele>
      </trkpt>
      <trkpt lat="29.72228" lon="-97.4812">
        <ele>133.4</ele>
      </trkpt>
      <trkpt lat="29.7221" lon="-97.48121">
        <ele>132.4</ele>
      </trkpt>
      <trkpt lat="29.72174" lon="-97.48122">
        <ele>130.7</ele>
      </trkpt>
      <trkpt lat="29.72174" lon="-97.48122">
        <ele>130.7</ele>
      </trkpt>
      <trkpt lat="29.72126" lon="-97.48122">
        <ele>129.3</ele>
      </trkpt>
      <trkpt lat="29.72096" lon="-97.48122">
        <ele>128.8</ele>
      </trkpt>
      <trkpt lat="29.72085" lon="-97.48122">
        <ele>128.7</ele>
      </trkpt>
      <trkpt lat="29.72084" lon="-97.48122">
        <ele>128.7</ele>
      </trkpt>
      <trkpt lat="29.72075" lon="-97.48122">
        <ele>128.6</ele>
      </trkpt>
      <trkpt lat="29.72072" lon="-97.48123">
        <ele>128.6</ele>
      </trkpt>
      <trkpt lat="29.72064" lon="-97.48124">
        <ele>128.5</ele>
      </trkpt>
      <trkpt lat="29.72054" lon="-97.48128">
        <ele>128.4</ele>
      </trkpt>
      <trkpt lat="29.72044" lon="-97.48133">
        <ele>128.0</ele>
      </trkpt>
      <trkpt lat="29.72043" lon="-97.48133">
        <ele>127.9</ele>
      </trkpt>
      <trkpt lat="29.72035" lon="-97.48139">
        <ele>127.2</ele>
      </trkpt>
      <trkpt lat="29.71977" lon="-97.48193">
        <ele>131.5</ele>
      </trkpt>
      <trkpt lat="29.71911" lon="-97.48254">
        <ele>132.9</ele>
      </trkpt>
      <trkpt lat="29.71896" lon="-97.48269">
        <ele>132.6</ele>
      </trkpt>
      <trkpt lat="29.71892" lon="-97.48272">
        <ele>132.6</ele>
      </trkpt>
      <trkpt lat="29.71879" lon="-97.48284">
        <ele>132.7</ele>
      </trkpt>
      <trkpt lat="29.71829" lon="-97.48331">
        <ele>134.2</ele>
      </trkpt>
      <trkpt lat="29.71798" lon="-97.48357">
        <ele>134.2</ele>
      </trkpt>
      <trkpt lat="29.71767" lon="-97.48382">
        <ele>134.5</ele>
      </trkpt>
      <trkpt lat="29.71763" lon="-97.48384">
        <ele>134.5</ele>
      </trkpt>
      <trkpt lat="29.71752" lon="-97.48392">
        <ele>134.7</ele>
      </trkpt>
      <trkpt lat="29.71748" lon="-97.48395">
        <ele>134.7</ele>
      </trkpt>
      <trkpt lat="29.71743" lon="-97.48398">
        <ele>134.8</ele>
      </trkpt>
      <trkpt lat="29.71736" lon="-97.48402">
        <ele>134.9</ele>
      </trkpt>
      <trkpt lat="29.7171" lon="-97.48418">
        <ele>135.5</ele>
      </trkpt>
      <trkpt lat="29.71704" lon="-97.48421">
        <ele>135.6</ele>
      </trkpt>
      <trkpt lat="29.71676" lon="-97.48436">
        <ele>136.2</ele>
      </trkpt>
      <trkpt lat="29.71654" lon="-97.48447">
        <ele>136.6</ele>
      </trkpt>
      <trkpt lat="29.71641" lon="-97.48453">
        <ele>136.9</ele>
      </trkpt>
      <trkpt lat="29.71621" lon="-97.48461">
        <ele>137.4</ele>
      </trkpt>
      <trkpt lat="29.71617" lon="-97.48463">
        <ele>137.5</ele>
      </trkpt>
      <trkpt lat="29.71604" lon="-97.48467">
        <ele>137.6</ele>
      </trkpt>
      <trkpt lat="29.716" lon="-97.48468">
        <ele>137.7</ele>
      </trkpt>
      <trkpt lat="29.71586" lon="-97.48473">
        <ele>137.6</ele>
      </trkpt>
      <trkpt lat="29.71574" lon="-97.48476">
        <ele>137.5</ele>
      </trkpt>
      <trkpt lat="29.71574" lon="-97.48476">
        <ele>137.5</ele>
      </trkpt>
      <trkpt lat="29.7155" lon="-97.48483">
        <ele>136.9</ele>
      </trkpt>
      <trkpt lat="29.7153" lon="-97.48487">
        <ele>136.5</ele>
      </trkpt>
      <trkpt lat="29.71516" lon="-97.4849">
        <ele>136.3</ele>
      </trkpt>
      <trkpt lat="29.71514" lon="-97.48491">
        <ele>136.3</ele>
      </trkpt>
      <trkpt lat="29.71512" lon="-97.48491">
        <ele>136.2</ele>
      </trkpt>
      <trkpt lat="29.71374" lon="-97.48512">
        <ele>134.6</ele>
      </trkpt>
      <trkpt lat="29.71369" lon="-97.48513">
        <ele>134.6</ele>
      </trkpt>
      <trkpt lat="29.71356" lon="-97.48515">
        <ele>134.7</ele>
      </trkpt>
      <trkpt lat="29.71351" lon="-97.48516">
        <ele>134.6</ele>
      </trkpt>
      <trkpt lat="29.71338" lon="-97.48518">
        <ele>134.6</ele>
      </trkpt>
      <trkpt lat="29.71326" lon="-97.4852">
        <ele>134.5</ele>
      </trkpt>
      <trkpt lat="29.71164" lon="-97.48544">
        <ele>134.2</ele>
      </trkpt>
      <trkpt lat="29.71094" lon="-97.48554">
        <ele>134.2</ele>
      </trkpt>
      <trkpt lat="29.71023" lon="-97.48565">
        <ele>134.2</ele>
      </trkpt>
      <trkpt lat="29.70989" lon="-97.48571">
        <ele>134.2</ele>
      </trkpt>
      <trkpt lat="29.70871" lon="-97.48587">
        <ele>134.2</ele>
      </trkpt>
      <trkpt lat="29.70801" lon="-97.48599">
        <ele>134.7</ele>
      </trkpt>
      <trkpt lat="29.70791" lon="-97.486">
        <ele>134.8</ele>
      </trkpt>
      <trkpt lat="29.70697" lon="-97.48616">
        <ele>135.1</ele>
      </trkpt>
      <trkpt lat="29.70674" lon="-97.48619">
        <ele>135.0</ele>
      </trkpt>
      <trkpt lat="29.70621" lon="-97.48627">
        <ele>134.8</ele>
      </trkpt>
      <trkpt lat="29.70603" lon="-97.4863">
        <ele>134.5</ele>
      </trkpt>
      <trkpt lat="29.70552" lon="-97.48637">
        <ele>133.6</ele>
      </trkpt>
      <trkpt lat="29.7055" lon="-97.48638">
        <ele>133.6</ele>
      </trkpt>
      <trkpt lat="29.70519" lon="-97.48643">
        <ele>132.9</ele>
      </trkpt>
      <trkpt lat="29.70493" lon="-97.48649">
        <ele>132.3</ele>
      </trkpt>
      <trkpt lat="29.70479" lon="-97.48653">
        <ele>132.0</ele>
      </trkpt>
      <trkpt lat="29.70467" lon="-97.48658">
        <ele>131.8</ele>
      </trkpt>
      <trkpt lat="29.70441" lon="-97.48668">
        <ele>131.4</ele>
      </trkpt>
      <trkpt lat="29.70416" lon="-97.4868">
        <ele>130.9</ele>
      </trkpt>
      <trkpt lat="29.70412" lon="-97.48682">
        <ele>130.7</ele>
      </trkpt>
      <trkpt lat="29.70406" lon="-97.48686">
        <ele>130.5</ele>
      </trkpt>
      <trkpt lat="29.70382" lon="-97.48702">
        <ele>130.1</ele>
      </trkpt>
      <trkpt lat="29.70366" lon="-97.48714">
        <ele>130.1</ele>
      </trkpt>
      <trkpt lat="29.7036" lon="-97.48719">
        <ele>130.1</ele>
      </trkpt>
      <trkpt lat="29.70351" lon="-97.48726">
        <ele>130.1</ele>
      </trkpt>
      <trkpt lat="29.70337" lon="-97.48738">
        <ele>130.3</ele>
      </trkpt>
      <trkpt lat="29.70316" lon="-97.48758">
        <ele>130.4</ele>
      </trkpt>
      <trkpt lat="29.70309" lon="-97.48766">
        <ele>130.6</ele>
      </trkpt>
      <trkpt lat="29.70299" lon="-97.48778">
        <ele>131.0</ele>
      </trkpt>
      <trkpt lat="29.70297" lon="-97.48781">
        <ele>131.0</ele>
      </trkpt>
      <trkpt lat="29.70282" lon="-97.488">
        <ele>131.4</ele>
      </trkpt>
      <trkpt lat="29.70266" lon="-97.48824">
        <ele>131.5</ele>
      </trkpt>
      <trkpt lat="29.70253" lon="-97.48846">
        <ele>131.6</ele>
      </trkpt>
      <trkpt lat="29.70253" lon="-97.48846">
        <ele>131.6</ele>
      </trkpt>
      <trkpt lat="29.7025" lon="-97.48845">
        <ele>131.7</ele>
      </trkpt>
      <trkpt lat="29.70246" lon="-97.48841">
        <ele>131.9</ele>
      </trkpt>
      <trkpt lat="29.70242" lon="-97.48836">
        <ele>132.1</ele>
      </trkpt>
      <trkpt lat="29.70241" lon="-97.48829">
        <ele>132.2</ele>
      </trkpt>
      <trkpt lat="29.70241" lon="-97.48823">
        <ele>132.3</ele>
      </trkpt>
      <trkpt lat="29.70241" lon="-97.4882">
        <ele>132.3</ele>
      </trkpt>
      <trkpt lat="29.70242" lon="-97.488">
        <ele>132.0</ele>
      </trkpt>
      <trkpt lat="29.70242" lon="-97.48779">
        <ele>131.8</ele>
      </trkpt>
      <trkpt lat="29.70243" lon="-97.48759">
        <ele>131.6</ele>
      </trkpt>
      <trkpt lat="29.70243" lon="-97.48738">
        <ele>131.5</ele>
      </trkpt>
      <trkpt lat="29.70245" lon="-97.48676">
        <ele>130.1</ele>
      </trkpt>
      <trkpt lat="29.70247" lon="-97.48614">
        <ele>129.4</ele>
      </trkpt>
      <trkpt lat="29.70247" lon="-97.48596">
        <ele>129.1</ele>
      </trkpt>
      <trkpt lat="29.70249" lon="-97.4851">
        <ele>127.6</ele>
      </trkpt>
      <trkpt lat="29.70249" lon="-97.48492">
        <ele>127.4</ele>
      </trkpt>
      <trkpt lat="29.7025" lon="-97.48469">
        <ele>127.3</ele>
      </trkpt>
      <trkpt lat="29.7025" lon="-97.48469">
        <ele>127.3</ele>
      </trkpt>
      <trkpt lat="29.70248" lon="-97.48458">
        <ele>127.3</ele>
      </trkpt>
      <trkpt lat="29.70245" lon="-97.48451">
        <ele>127.3</ele>
      </trkpt>
      <trkpt lat="29.7024" lon="-97.48443">
        <ele>127.2</ele>
      </trkpt>
      <trkpt lat="29.70235" lon="-97.48437">
        <ele>127.2</ele>
      </trkpt>
      <trkpt lat="29.70229" lon="-97.4843">
        <ele>127.2</ele>
      </trkpt>
      <trkpt lat="29.70224" lon="-97.48426">
        <ele>127.2</ele>
      </trkpt>
      <trkpt lat="29.70219" lon="-97.48423">
        <ele>127.3</ele>
      </trkpt>
      <trkpt lat="29.7021" lon="-97.48421">
        <ele>127.2</ele>
      </trkpt>
      <trkpt lat="29.70205" lon="-97.4842">
        <ele>127.2</ele>
      </trkpt>
      <trkpt lat="29.70186" lon="-97.4842">
        <ele>127.1</ele>
      </trkpt>
      <trkpt lat="29.70182" lon="-97.4842">
        <ele>127.1</ele>
      </trkpt>
      <trkpt lat="29.70112" lon="-97.4842">
        <ele>128.0</ele>
      </trkpt>
      <trkpt lat="29.70056" lon="-97.48418">
        <ele>129.1</ele>
      </trkpt>
      <trkpt lat="29.70042" lon="-97.48418">
        <ele>129.3</ele>
      </trkpt>
      <trkpt lat="29.70038" lon="-97.48418">
        <ele>129.3</ele>
      </trkpt>
      <trkpt lat="29.70002" lon="-97.48417">
        <ele>129.7</ele>
      </trkpt>
      <trkpt lat="29.69921" lon="-97.48415">
        <ele>130.2</ele>
      </trkpt>
      <trkpt lat="29.69912" lon="-97.48415">
        <ele>130.2</ele>
      </trkpt>
      <trkpt lat="29.69894" lon="-97.48415">
        <ele>130.2</ele>
      </trkpt>
      <trkpt lat="29.69827" lon="-97.48416">
        <ele>129.8</ele>
      </trkpt>
      <trkpt lat="29.69791" lon="-97.48415">
        <ele>128.9</ele>
      </trkpt>
      <trkpt lat="29.69786" lon="-97.48415">
        <ele>128.7</ele>
      </trkpt>
      <trkpt lat="29.69768" lon="-97.48415">
        <ele>128.1</ele>
      </trkpt>
      <trkpt lat="29.69755" lon="-97.48414">
        <ele>127.6</ele>
      </trkpt>
      <trkpt lat="29.6975" lon="-97.48414">
        <ele>127.4</ele>
      </trkpt>
      <trkpt lat="29.69732" lon="-97.48413">
        <ele>126.7</ele>
      </trkpt>
      <trkpt lat="29.69683" lon="-97.48412">
        <ele>124.2</ele>
      </trkpt>
      <trkpt lat="29.69681" lon="-97.48412">
        <ele>124.1</ele>
      </trkpt>
      <trkpt lat="29.69669" lon="-97.48412">
        <ele>123.4</ele>
      </trkpt>
      <trkpt lat="29.69647" lon="-97.48412">
        <ele>123.3</ele>
      </trkpt>
      <trkpt lat="29.69629" lon="-97.48412">
        <ele>123.9</ele>
      </trkpt>
      <trkpt lat="29.69611" lon="-97.48412">
        <ele>124.8</ele>
      </trkpt>
      <trkpt lat="29.69593" lon="-97.48412">
        <ele>125.4</ele>
      </trkpt>
      <trkpt lat="29.69492" lon="-97.48411">
        <ele>128.6</ele>
      </trkpt>
      <trkpt lat="29.69402" lon="-97.48408">
        <ele>130.2</ele>
      </trkpt>
      <trkpt lat="29.69341" lon="-97.48407">
        <ele>131.2</ele>
      </trkpt>
      <trkpt lat="29.69318" lon="-97.48403">
        <ele>132.2</ele>
      </trkpt>
      <trkpt lat="29.69304" lon="-97.48403">
        <ele>132.8</ele>
      </trkpt>
      <trkpt lat="29.69272" lon="-97.48403">
        <ele>133.3</ele>
      </trkpt>
      <trkpt lat="29.69268" lon="-97.48403">
        <ele>133.3</ele>
      </trkpt>
      <trkpt lat="29.69268" lon="-97.48403">
        <ele>133.3</ele>
      </trkpt>
      <trkpt lat="29.6925" lon="-97.48403">
        <ele>133.1</ele>
      </trkpt>
      <trkpt lat="29.69236" lon="-97.48405">
        <ele>132.8</ele>
      </trkpt>
      <trkpt lat="29.69231" lon="-97.48405">
        <ele>132.7</ele>
      </trkpt>
      <trkpt lat="29.69218" lon="-97.48407">
        <ele>132.3</ele>
      </trkpt>
      <trkpt lat="29.69215" lon="-97.48408">
        <ele>132.3</ele>
      </trkpt>
      <trkpt lat="29.69205" lon="-97.48411">
        <ele>132.1</ele>
      </trkpt>
      <trkpt lat="29.69201" lon="-97.48413">
        <ele>132.1</ele>
      </trkpt>
      <trkpt lat="29.69191" lon="-97.48418">
        <ele>131.8</ele>
      </trkpt>
      <trkpt lat="29.69181" lon="-97.48427">
        <ele>131.6</ele>
      </trkpt>
      <trkpt lat="29.69173" lon="-97.48438">
        <ele>131.5</ele>
      </trkpt>
      <trkpt lat="29.69161" lon="-97.48453">
        <ele>131.2</ele>
      </trkpt>
      <trkpt lat="29.69149" lon="-97.48469">
        <ele>130.2</ele>
      </trkpt>
      <trkpt lat="29.69137" lon="-97.48484">
        <ele>129.7</ele>
      </trkpt>
      <trkpt lat="29.69125" lon="-97.485">
        <ele>130.1</ele>
      </trkpt>
      <trkpt lat="29.69113" lon="-97.48515">
        <ele>130.8</ele>
      </trkpt>
      <trkpt lat="29.69106" lon="-97.48524">
        <ele>131.4</ele>
      </trkpt>
      <trkpt lat="29.69102" lon="-97.48528">
        <ele>131.7</ele>
      </trkpt>
      <trkpt lat="29.69102" lon="-97.48528">
        <ele>131.7</ele>
      </trkpt>
      <trkpt lat="29.691" lon="-97.4853">
        <ele>131.9</ele>
      </trkpt>
      <trkpt lat="29.69081" lon="-97.48553">
        <ele>133.7</ele>
      </trkpt>
      <trkpt lat="29.69064" lon="-97.48576">
        <ele>135.6</ele>
      </trkpt>
      <trkpt lat="29.6904" lon="-97.48607">
        <ele>136.0</ele>
      </trkpt>
      <trkpt lat="29.6903" lon="-97.4862">
        <ele>135.7</ele>
      </trkpt>
      <trkpt lat="29.69017" lon="-97.48638">
        <ele>135.0</ele>
      </trkpt>
      <trkpt lat="29.68999" lon="-97.48663">
        <ele>134.2</ele>
      </trkpt>
      <trkpt lat="29.68945" lon="-97.48732">
        <ele>132.0</ele>
      </trkpt>
      <trkpt lat="29.68923" lon="-97.4876">
        <ele>131.0</ele>
      </trkpt>
      <trkpt lat="29.68921" lon="-97.48762">
        <ele>131.0</ele>
      </trkpt>
      <trkpt lat="29.68915" lon="-97.4877">
        <ele>130.9</ele>
      </trkpt>
      <trkpt lat="29.68905" lon="-97.48775">
        <ele>130.7</ele>
      </trkpt>
      <trkpt lat="29.68891" lon="-97.48769">
        <ele>130.5</ele>
      </trkpt>
      <trkpt lat="29.68873" lon="-97.48752">
        <ele>130.2</ele>
      </trkpt>
      <trkpt lat="29.68863" lon="-97.48741">
        <ele>130.1</ele>
      </trkpt>
      <trkpt lat="29.68849" lon="-97.48726">
        <ele>129.7</ele>
      </trkpt>
      <trkpt lat="29.68823" lon="-97.487">
        <ele>128.8</ele>
      </trkpt>
      <trkpt lat="29.688" lon="-97.48677">
        <ele>128.1</ele>
      </trkpt>
      <trkpt lat="29.68731" lon="-97.48606">
        <ele>127.1</ele>
      </trkpt>
      <trkpt lat="29.68688" lon="-97.48562">
        <ele>125.8</ele>
      </trkpt>
      <trkpt lat="29.68646" lon="-97.4852">
        <ele>124.4</ele>
      </trkpt>
      <trkpt lat="29.68595" lon="-97.48465">
        <ele>124.8</ele>
      </trkpt>
      <trkpt lat="29.68586" lon="-97.48459">
        <ele>124.9</ele>
      </trkpt>
      <trkpt lat="29.68578" lon="-97.4846">
        <ele>124.9</ele>
      </trkpt>
      <trkpt lat="29.68576" lon="-97.48461">
        <ele>124.9</ele>
      </trkpt>
      <trkpt lat="29.6857" lon="-97.48468">
        <ele>124.7</ele>
      </trkpt>
      <trkpt lat="29.68566" lon="-97.48474">
        <ele>124.6</ele>
      </trkpt>
      <trkpt lat="29.68508" lon="-97.48554">
        <ele>124.5</ele>
      </trkpt>
      <trkpt lat="29.68496" lon="-97.48569">
        <ele>124.6</ele>
      </trkpt>
      <trkpt lat="29.68484" lon="-97.48585">
        <ele>124.6</ele>
      </trkpt>
      <trkpt lat="29.68449" lon="-97.48632">
        <ele>124.4</ele>
      </trkpt>
      <trkpt lat="29.68442" lon="-97.4864">
        <ele>124.4</ele>
      </trkpt>
      <trkpt lat="29.68423" lon="-97.48667">
        <ele>124.1</ele>
      </trkpt>
      <trkpt lat="29.68414" lon="-97.48679">
        <ele>124.0</ele>
      </trkpt>
      <trkpt lat="29.68414" lon="-97.48679">
        <ele>124.0</ele>
      </trkpt>
      <trkpt lat="29.68366" lon="-97.4874">
        <ele>123.0</ele>
      </trkpt>
      <trkpt lat="29.68354" lon="-97.48756">
        <ele>122.8</ele>
      </trkpt>
      <trkpt lat="29.68353" lon="-97.48756">
        <ele>122.8</ele>
      </trkpt>
      <trkpt lat="29.68307" lon="-97.48819">
        <ele>121.4</ele>
      </trkpt>
      <trkpt lat="29.68297" lon="-97.48832">
        <ele>120.8</ele>
      </trkpt>
      <trkpt lat="29.68295" lon="-97.48834">
        <ele>120.7</ele>
      </trkpt>
      <trkpt lat="29.68277" lon="-97.48857">
        <ele>119.4</ele>
      </trkpt>
      <trkpt lat="29.68257" lon="-97.48883">
        <ele>122.2</ele>
      </trkpt>
      <trkpt lat="29.68225" lon="-97.48925">
        <ele>126.0</ele>
      </trkpt>
      <trkpt lat="29.68221" lon="-97.48929">
        <ele>126.2</ele>
      </trkpt>
      <trkpt lat="29.68217" lon="-97.48934">
        <ele>126.4</ele>
      </trkpt>
      <trkpt lat="29.68209" lon="-97.48944">
        <ele>126.9</ele>
      </trkpt>
      <trkpt lat="29.68197" lon="-97.4896">
        <ele>127.1</ele>
      </trkpt>
      <trkpt lat="29.68181" lon="-97.48979">
        <ele>127.2</ele>
      </trkpt>
      <trkpt lat="29.68172" lon="-97.4899">
        <ele>127.2</ele>
      </trkpt>
      <trkpt lat="29.68154" lon="-97.49013">
        <ele>127.3</ele>
      </trkpt>
      <trkpt lat="29.6812" lon="-97.49056">
        <ele>128.5</ele>
      </trkpt>
      <trkpt lat="29.68112" lon="-97.49067">
        <ele>128.8</ele>
      </trkpt>
      <trkpt lat="29.68106" lon="-97.49074">
        <ele>129.1</ele>
      </trkpt>
      <trkpt lat="29.68083" lon="-97.49103">
        <ele>130.2</ele>
      </trkpt>
      <trkpt lat="29.68083" lon="-97.49103">
        <ele>130.2</ele>
      </trkpt>
      <trkpt lat="29.68039" lon="-97.49159">
        <ele>131.6</ele>
      </trkpt>
      <trkpt lat="29.68036" lon="-97.49164">
        <ele>131.7</ele>
      </trkpt>
      <trkpt lat="29.68027" lon="-97.49174">
        <ele>131.8</ele>
      </trkpt>
      <trkpt lat="29.67985" lon="-97.49228">
        <ele>132.3</ele>
      </trkpt>
      <trkpt lat="29.67958" lon="-97.49261">
        <ele>132.4</ele>
      </trkpt>
      <trkpt lat="29.67955" lon="-97.49266">
        <ele>132.4</ele>
      </trkpt>
      <trkpt lat="29.67951" lon="-97.49271">
        <ele>132.4</ele>
      </trkpt>
      <trkpt lat="29.67925" lon="-97.49303">
        <ele>132.3</ele>
      </trkpt>
      <trkpt lat="29.67919" lon="-97.49313">
        <ele>132.3</ele>
      </trkpt>
      <trkpt lat="29.67911" lon="-97.49323">
        <ele>132.2</ele>
      </trkpt>
      <trkpt lat="29.67888" lon="-97.49363">
        <ele>132.0</ele>
      </trkpt>
      <trkpt lat="29.67886" lon="-97.49366">
        <ele>131.9</ele>
      </trkpt>
      <trkpt lat="29.67884" lon="-97.49368">
        <ele>131.9</ele>
      </trkpt>
      <trkpt lat="29.67871" lon="-97.49386">
        <ele>131.7</ele>
      </trkpt>
      <trkpt lat="29.67865" lon="-97.49395">
        <ele>132.0</ele>
      </trkpt>
      <trkpt lat="29.67862" lon="-97.49398">
        <ele>132.0</ele>
      </trkpt>
      <trkpt lat="29.67851" lon="-97.49409">
        <ele>132.5</ele>
      </trkpt>
      <trkpt lat="29.67846" lon="-97.49414">
        <ele>132.6</ele>
      </trkpt>
      <trkpt lat="29.67828" lon="-97.49433">
        <ele>133.2</ele>
      </trkpt>
      <trkpt lat="29.67825" lon="-97.49437">
        <ele>133.2</ele>
      </trkpt>
      <trkpt lat="29.6781" lon="-97.49455">
        <ele>133.6</ele>
      </trkpt>
      <trkpt lat="29.67753" lon="-97.4953">
        <ele>136.4</ele>
      </trkpt>
      <trkpt lat="29.67741" lon="-97.49545">
        <ele>137.2</ele>
      </trkpt>
      <trkpt lat="29.67735" lon="-97.49553">
        <ele>137.4</ele>
      </trkpt>
      <trkpt lat="29.67729" lon="-97.49561">
        <ele>137.7</ele>
      </trkpt>
      <trkpt lat="29.67717" lon="-97.49576">
        <ele>137.8</ele>
      </trkpt>
      <trkpt lat="29.67713" lon="-97.49581">
        <ele>137.9</ele>
      </trkpt>
      <trkpt lat="29.67708" lon="-97.49587">
        <ele>137.9</ele>
      </trkpt>
      <trkpt lat="29.67705" lon="-97.49591">
        <ele>138.0</ele>
      </trkpt>
      <trkpt lat="29.67667" lon="-97.49642">
        <ele>137.2</ele>
      </trkpt>
      <trkpt lat="29.67658" lon="-97.49654">
        <ele>136.7</ele>
      </trkpt>
      <trkpt lat="29.67654" lon="-97.49659">
        <ele>136.5</ele>
      </trkpt>
      <trkpt lat="29.67646" lon="-97.49669">
        <ele>136.1</ele>
      </trkpt>
      <trkpt lat="29.6764" lon="-97.49677">
        <ele>135.7</ele>
      </trkpt>
      <trkpt lat="29.67634" lon="-97.49685">
        <ele>135.4</ele>
      </trkpt>
      <trkpt lat="29.67631" lon="-97.4969">
        <ele>135.2</ele>
      </trkpt>
      <trkpt lat="29.67623" lon="-97.49701">
        <ele>134.8</ele>
      </trkpt>
      <trkpt lat="29.67616" lon="-97.4971">
        <ele>134.6</ele>
      </trkpt>
      <trkpt lat="29.67611" lon="-97.49716">
        <ele>134.4</ele>
      </trkpt>
      <trkpt lat="29.67598" lon="-97.49733">
        <ele>134.3</ele>
      </trkpt>
      <trkpt lat="29.67586" lon="-97.49746">
        <ele>134.6</ele>
      </trkpt>
      <trkpt lat="29.67573" lon="-97.49761">
        <ele>135.1</ele>
      </trkpt>
      <trkpt lat="29.67555" lon="-97.49781">
        <ele>136.2</ele>
      </trkpt>
      <trkpt lat="29.67544" lon="-97.49795">
        <ele>137.0</ele>
      </trkpt>
      <trkpt lat="29.67537" lon="-97.49803">
        <ele>137.4</ele>
      </trkpt>
      <trkpt lat="29.67524" lon="-97.49821">
        <ele>138.1</ele>
      </trkpt>
      <trkpt lat="29.67518" lon="-97.49828">
        <ele>138.3</ele>
      </trkpt>
      <trkpt lat="29.67484" lon="-97.49876">
        <ele>140.2</ele>
      </trkpt>
      <trkpt lat="29.67474" lon="-97.4989">
        <ele>140.8</ele>
      </trkpt>
      <trkpt lat="29.67462" lon="-97.49906">
        <ele>141.4</ele>
      </trkpt>
      <trkpt lat="29.67451" lon="-97.49922">
        <ele>141.8</ele>
      </trkpt>
      <trkpt lat="29.6744" lon="-97.49937">
        <ele>141.9</ele>
      </trkpt>
      <trkpt lat="29.67439" lon="-97.49938">
        <ele>141.9</ele>
      </trkpt>
      <trkpt lat="29.67404" lon="-97.49985">
        <ele>141.7</ele>
      </trkpt>
      <trkpt lat="29.674" lon="-97.49992">
        <ele>141.6</ele>
      </trkpt>
      <trkpt lat="29.67388" lon="-97.50007">
        <ele>141.8</ele>
      </trkpt>
      <trkpt lat="29.67386" lon="-97.50009">
        <ele>141.8</ele>
      </trkpt>
      <trkpt lat="29.67384" lon="-97.50011">
        <ele>141.8</ele>
      </trkpt>
      <trkpt lat="29.67379" lon="-97.50014">
        <ele>141.8</ele>
      </trkpt>
      <trkpt lat="29.67374" lon="-97.50016">
        <ele>141.8</ele>
      </trkpt>
      <trkpt lat="29.67371" lon="-97.50017">
        <ele>141.8</ele>
      </trkpt>
      <trkpt lat="29.67368" lon="-97.50018">
        <ele>141.8</ele>
      </trkpt>
      <trkpt lat="29.67362" lon="-97.50018">
        <ele>141.8</ele>
      </trkpt>
      <trkpt lat="29.67355" lon="-97.50017">
        <ele>141.7</ele>
      </trkpt>
      <trkpt lat="29.67267" lon="-97.49991">
        <ele>141.5</ele>
      </trkpt>
      <trkpt lat="29.67245" lon="-97.49986">
        <ele>141.4</ele>
      </trkpt>
      <trkpt lat="29.67227" lon="-97.49981">
        <ele>141.3</ele>
      </trkpt>
      <trkpt lat="29.67222" lon="-97.4998">
        <ele>141.3</ele>
      </trkpt>
      <trkpt lat="29.67205" lon="-97.49976">
        <ele>141.3</ele>
      </trkpt>
      <trkpt lat="29.67122" lon="-97.49956">
        <ele>141.0</ele>
      </trkpt>
      <trkpt lat="29.67077" lon="-97.49945">
        <ele>140.5</ele>
      </trkpt>
      <trkpt lat="29.6704" lon="-97.49935">
        <ele>140.2</ele>
      </trkpt>
      <trkpt lat="29.67034" lon="-97.49934">
        <ele>140.2</ele>
      </trkpt>
      <trkpt lat="29.67029" lon="-97.49933">
        <ele>140.1</ele>
      </trkpt>
      <trkpt lat="29.67026" lon="-97.49932">
        <ele>140.1</ele>
      </trkpt>
      <trkpt lat="29.67021" lon="-97.49933">
        <ele>140.1</ele>
      </trkpt>
      <trkpt lat="29.67018" lon="-97.49933">
        <ele>140.1</ele>
      </trkpt>
      <trkpt lat="29.67016" lon="-97.49934">
        <ele>140.1</ele>
      </trkpt>
      <trkpt lat="29.6701" lon="-97.49937">
        <ele>140.0</ele>
      </trkpt>
      <trkpt lat="29.67005" lon="-97.49944">
        <ele>140.0</ele>
      </trkpt>
      <trkpt lat="29.67003" lon="-97.49949">
        <ele>140.1</ele>
      </trkpt>
      <trkpt lat="29.67002" lon="-97.49954">
        <ele>140.1</ele>
      </trkpt>
      <trkpt lat="29.67001" lon="-97.49964">
        <ele>140.2</ele>
      </trkpt>
      <trkpt lat="29.67001" lon="-97.50004">
        <ele>141.0</ele>
      </trkpt>
      <trkpt lat="29.67001" lon="-97.50037">
        <ele>141.5</ele>
      </trkpt>
      <trkpt lat="29.67001" lon="-97.50044">
        <ele>141.5</ele>
      </trkpt>
      <trkpt lat="29.66999" lon="-97.50052">
        <ele>141.5</ele>
      </trkpt>
      <trkpt lat="29.66994" lon="-97.50059">
        <ele>141.6</ele>
      </trkpt>
      <trkpt lat="29.66987" lon="-97.50063">
        <ele>141.6</ele>
      </trkpt>
      <trkpt lat="29.66983" lon="-97.50064">
        <ele>141.6</ele>
      </trkpt>
      <trkpt lat="29.66979" lon="-97.50064">
        <ele>141.6</ele>
      </trkpt>
      <trkpt lat="29.6697" lon="-97.50062">
        <ele>141.5</ele>
      </trkpt>
      <trkpt lat="29.66958" lon="-97.50058">
        <ele>141.5</ele>
      </trkpt>
      <trkpt lat="29.66936" lon="-97.50049">
        <ele>141.4</ele>
      </trkpt>
      <trkpt lat="29.66934" lon="-97.50048">
        <ele>141.4</ele>
      </trkpt>
      <trkpt lat="29.66916" lon="-97.50057">
        <ele>141.3</ele>
      </trkpt>
      <trkpt lat="29.66916" lon="-97.50057">
        <ele>141.3</ele>
      </trkpt>
      <trkpt lat="29.66907" lon="-97.50096">
        <ele>141.3</ele>
      </trkpt>
      <trkpt lat="29.66898" lon="-97.50137">
        <ele>141.4</ele>
      </trkpt>
      <trkpt lat="29.66893" lon="-97.50157">
        <ele>141.4</ele>
      </trkpt>
      <trkpt lat="29.66892" lon="-97.50164">
        <ele>141.4</ele>
      </trkpt>
      <trkpt lat="29.66891" lon="-97.50168">
        <ele>141.4</ele>
      </trkpt>
      <trkpt lat="29.66881" lon="-97.50222">
        <ele>141.5</ele>
      </trkpt>
      <trkpt lat="29.6688" lon="-97.50227">
        <ele>141.5</ele>
      </trkpt>
      <trkpt lat="29.66868" lon="-97.50274">
        <ele>141.5</ele>
      </trkpt>
      <trkpt lat="29.66859" lon="-97.50317">
        <ele>141.4</ele>
      </trkpt>
      <trkpt lat="29.66853" lon="-97.50352">
        <ele>141.3</ele>
      </trkpt>
      <trkpt lat="29.66844" lon="-97.50395">
        <ele>141.1</ele>
      </trkpt>
    </trkseg>
  </trk>
</gpx>
