<?xml version="1.0" encoding="UTF-8"?>
<gpx xmlns:gpxdata="http://www.cluetrust.com/XML/GPXDATA/1/0" xmlns:xsi="http://www.w3.org/2001/XMLSchema-instance" xmlns="http://www.topografix.com/GPX/1/1" version="1.1" creator="http://ridewithgps.com/" xsi:schemaLocation="http://www.topografix.com/GPX/1/1 http://www.topografix.com/GPX/1/1/gpx.xsd http://www.cluetrust.com/XML/GPXDATA/1/0 http://www.cluetrust.com/Schemas/gpxdata10.xsd">
  <metadata>
    <name>CCR Milano 3/4 Cookie 45</name>
    <link href="https://ridewithgps.com/routes/53261518">
      <text>CCR Milano 3/4 Cookie 45</text>
    </link>
    <time>2025-11-09T16:16:48Z</time>
  </metadata>
  <trk>
    <name>CCR Milano 3/4 Cookie 45</name>
    <trkseg>
      <trkpt lat="30.70677" lon="-96.86493">
        <ele>150.4</ele>
      </trkpt>
      <trkpt lat="30.70669" lon="-96.86499">
        <ele>150.5</ele>
      </trkpt>
      <trkpt lat="30.7066" lon="-96.8651">
        <ele>150.6</ele>
      </trkpt>
      <trkpt lat="30.70656" lon="-96.86518">
        <ele>150.7</ele>
      </trkpt>
      <trkpt lat="30.70656" lon="-96.86518">
        <ele>150.7</ele>
      </trkpt>
      <trkpt lat="30.70647" lon="-96.86533">
        <ele>150.9</ele>
      </trkpt>
      <trkpt lat="30.70636" lon="-96.86559">
        <ele>151.2</ele>
      </trkpt>
      <trkpt lat="30.70633" lon="-96.86568">
        <ele>151.3</ele>
      </trkpt>
      <trkpt lat="30.70623" lon="-96.86585">
        <ele>151.4</ele>
      </trkpt>
      <trkpt lat="30.70623" lon="-96.86585">
        <ele>151.4</ele>
      </trkpt>
      <trkpt lat="30.70606" lon="-96.86628">
        <ele>151.2</ele>
      </trkpt>
      <trkpt lat="30.70601" lon="-96.8664">
        <ele>151.0</ele>
      </trkpt>
      <trkpt lat="30.70563" lon="-96.86733">
        <ele>149.0</ele>
      </trkpt>
      <trkpt lat="30.7056" lon="-96.86739">
        <ele>149.0</ele>
      </trkpt>
      <trkpt lat="30.70548" lon="-96.8677">
        <ele>149.1</ele>
      </trkpt>
      <trkpt lat="30.70505" lon="-96.86882">
        <ele>151.1</ele>
      </trkpt>
      <trkpt lat="30.70488" lon="-96.869249">
        <ele>151.3</ele>
      </trkpt>
      <trkpt lat="30.70455" lon="-96.87014">
        <ele>151.2</ele>
      </trkpt>
      <trkpt lat="30.70428" lon="-96.87088">
        <ele>150.3</ele>
      </trkpt>
      <trkpt lat="30.70428" lon="-96.87088">
        <ele>150.3</ele>
      </trkpt>
      <trkpt lat="30.70405" lon="-96.87076">
        <ele>149.5</ele>
      </trkpt>
      <trkpt lat="30.70356" lon="-96.87052">
        <ele>148.3</ele>
      </trkpt>
      <trkpt lat="30.70289" lon="-96.8702">
        <ele>146.6</ele>
      </trkpt>
      <trkpt lat="30.70273" lon="-96.87012">
        <ele>146.8</ele>
      </trkpt>
      <trkpt lat="30.70259" lon="-96.87005">
        <ele>147.2</ele>
      </trkpt>
      <trkpt lat="30.70256" lon="-96.87004">
        <ele>147.4</ele>
      </trkpt>
      <trkpt lat="30.70206" lon="-96.8698">
        <ele>150.0</ele>
      </trkpt>
      <trkpt lat="30.70189" lon="-96.86972">
        <ele>150.1</ele>
      </trkpt>
      <trkpt lat="30.70173" lon="-96.86964">
        <ele>150.1</ele>
      </trkpt>
      <trkpt lat="30.70139" lon="-96.86948">
        <ele>149.6</ele>
      </trkpt>
      <trkpt lat="30.70136" lon="-96.86946">
        <ele>149.6</ele>
      </trkpt>
      <trkpt lat="30.70106" lon="-96.869339">
        <ele>147.8</ele>
      </trkpt>
      <trkpt lat="30.70072" lon="-96.86919">
        <ele>146.2</ele>
      </trkpt>
      <trkpt lat="30.70035" lon="-96.86903">
        <ele>147.6</ele>
      </trkpt>
      <trkpt lat="30.70006" lon="-96.8689">
        <ele>148.1</ele>
      </trkpt>
      <trkpt lat="30.69939" lon="-96.8686">
        <ele>148.1</ele>
      </trkpt>
      <trkpt lat="30.69922" lon="-96.86853">
        <ele>147.9</ele>
      </trkpt>
      <trkpt lat="30.69901" lon="-96.86843">
        <ele>147.5</ele>
      </trkpt>
      <trkpt lat="30.69821" lon="-96.86811">
        <ele>143.3</ele>
      </trkpt>
      <trkpt lat="30.69803" lon="-96.86805">
        <ele>142.9</ele>
      </trkpt>
      <trkpt lat="30.69769" lon="-96.86791">
        <ele>139.8</ele>
      </trkpt>
      <trkpt lat="30.69752" lon="-96.86784">
        <ele>138.8</ele>
      </trkpt>
      <trkpt lat="30.69735" lon="-96.86778">
        <ele>140.5</ele>
      </trkpt>
      <trkpt lat="30.69731" lon="-96.86776">
        <ele>140.6</ele>
      </trkpt>
      <trkpt lat="30.69548" lon="-96.86703">
        <ele>151.2</ele>
      </trkpt>
      <trkpt lat="30.69505" lon="-96.86685">
        <ele>153.6</ele>
      </trkpt>
      <trkpt lat="30.69489" lon="-96.866829">
        <ele>154.0</ele>
      </trkpt>
      <trkpt lat="30.69479" lon="-96.86686">
        <ele>154.2</ele>
      </trkpt>
      <trkpt lat="30.69472" lon="-96.86688">
        <ele>154.4</ele>
      </trkpt>
      <trkpt lat="30.6946" lon="-96.867009">
        <ele>154.6</ele>
      </trkpt>
      <trkpt lat="30.69455" lon="-96.86714">
        <ele>154.5</ele>
      </trkpt>
      <trkpt lat="30.69447" lon="-96.86732">
        <ele>154.4</ele>
      </trkpt>
      <trkpt lat="30.69438" lon="-96.86764">
        <ele>153.9</ele>
      </trkpt>
      <trkpt lat="30.69432" lon="-96.867859">
        <ele>153.5</ele>
      </trkpt>
      <trkpt lat="30.69431" lon="-96.86792">
        <ele>153.4</ele>
      </trkpt>
      <trkpt lat="30.69424" lon="-96.86825">
        <ele>154.1</ele>
      </trkpt>
      <trkpt lat="30.69418" lon="-96.86853">
        <ele>154.0</ele>
      </trkpt>
      <trkpt lat="30.69407" lon="-96.86881">
        <ele>152.8</ele>
      </trkpt>
      <trkpt lat="30.69398" lon="-96.869">
        <ele>152.0</ele>
      </trkpt>
      <trkpt lat="30.69395" lon="-96.8691">
        <ele>152.2</ele>
      </trkpt>
      <trkpt lat="30.69393" lon="-96.86914">
        <ele>152.3</ele>
      </trkpt>
      <trkpt lat="30.69383" lon="-96.86937">
        <ele>153.1</ele>
      </trkpt>
      <trkpt lat="30.69369" lon="-96.86955">
        <ele>153.4</ele>
      </trkpt>
      <trkpt lat="30.69363" lon="-96.86964">
        <ele>153.3</ele>
      </trkpt>
      <trkpt lat="30.69355" lon="-96.86969">
        <ele>153.3</ele>
      </trkpt>
      <trkpt lat="30.69349" lon="-96.8697">
        <ele>153.4</ele>
      </trkpt>
      <trkpt lat="30.69336" lon="-96.86971">
        <ele>153.6</ele>
      </trkpt>
      <trkpt lat="30.69325" lon="-96.86967">
        <ele>154.2</ele>
      </trkpt>
      <trkpt lat="30.69264" lon="-96.86939">
        <ele>157.6</ele>
      </trkpt>
      <trkpt lat="30.69231" lon="-96.86923">
        <ele>159.2</ele>
      </trkpt>
      <trkpt lat="30.69223" lon="-96.8692">
        <ele>159.4</ele>
      </trkpt>
      <trkpt lat="30.69197" lon="-96.86908">
        <ele>159.4</ele>
      </trkpt>
      <trkpt lat="30.6918" lon="-96.86901">
        <ele>159.1</ele>
      </trkpt>
      <trkpt lat="30.69113" lon="-96.86872">
        <ele>157.7</ele>
      </trkpt>
      <trkpt lat="30.69044" lon="-96.86847">
        <ele>155.1</ele>
      </trkpt>
      <trkpt lat="30.68994" lon="-96.86824">
        <ele>154.6</ele>
      </trkpt>
      <trkpt lat="30.68954" lon="-96.86806">
        <ele>154.0</ele>
      </trkpt>
      <trkpt lat="30.68868" lon="-96.86776">
        <ele>154.0</ele>
      </trkpt>
      <trkpt lat="30.68805" lon="-96.86748">
        <ele>153.7</ele>
      </trkpt>
      <trkpt lat="30.68772" lon="-96.86733">
        <ele>153.2</ele>
      </trkpt>
      <trkpt lat="30.68722" lon="-96.867099">
        <ele>151.9</ele>
      </trkpt>
      <trkpt lat="30.68688" lon="-96.86688">
        <ele>152.1</ele>
      </trkpt>
      <trkpt lat="30.68628" lon="-96.8666">
        <ele>153.0</ele>
      </trkpt>
      <trkpt lat="30.68581" lon="-96.86642">
        <ele>152.9</ele>
      </trkpt>
      <trkpt lat="30.68479" lon="-96.86599">
        <ele>149.5</ele>
      </trkpt>
      <trkpt lat="30.68395" lon="-96.86564">
        <ele>147.7</ele>
      </trkpt>
      <trkpt lat="30.68191" lon="-96.8648">
        <ele>150.2</ele>
      </trkpt>
      <trkpt lat="30.68107" lon="-96.86445">
        <ele>150.4</ele>
      </trkpt>
      <trkpt lat="30.68056" lon="-96.86424">
        <ele>150.2</ele>
      </trkpt>
      <trkpt lat="30.68005" lon="-96.86403">
        <ele>150.0</ele>
      </trkpt>
      <trkpt lat="30.67954" lon="-96.86381">
        <ele>147.6</ele>
      </trkpt>
      <trkpt lat="30.67802" lon="-96.86318">
        <ele>136.8</ele>
      </trkpt>
      <trkpt lat="30.67734" lon="-96.8629">
        <ele>131.6</ele>
      </trkpt>
      <trkpt lat="30.67718" lon="-96.86284">
        <ele>129.0</ele>
      </trkpt>
      <trkpt lat="30.67717" lon="-96.86283">
        <ele>128.9</ele>
      </trkpt>
      <trkpt lat="30.67694" lon="-96.86273">
        <ele>128.0</ele>
      </trkpt>
      <trkpt lat="30.67683" lon="-96.86268">
        <ele>129.6</ele>
      </trkpt>
      <trkpt lat="30.67616" lon="-96.86239">
        <ele>133.6</ele>
      </trkpt>
      <trkpt lat="30.67599" lon="-96.86232">
        <ele>133.9</ele>
      </trkpt>
      <trkpt lat="30.67549" lon="-96.86211">
        <ele>131.7</ele>
      </trkpt>
      <trkpt lat="30.67498" lon="-96.8619">
        <ele>134.1</ele>
      </trkpt>
      <trkpt lat="30.67396" lon="-96.86148">
        <ele>136.2</ele>
      </trkpt>
      <trkpt lat="30.67311" lon="-96.86113">
        <ele>140.9</ele>
      </trkpt>
      <trkpt lat="30.67235" lon="-96.86082">
        <ele>148.1</ele>
      </trkpt>
      <trkpt lat="30.67227" lon="-96.86078">
        <ele>149.1</ele>
      </trkpt>
      <trkpt lat="30.67193" lon="-96.86064">
        <ele>150.3</ele>
      </trkpt>
      <trkpt lat="30.67176" lon="-96.86057">
        <ele>150.0</ele>
      </trkpt>
      <trkpt lat="30.67142" lon="-96.86042">
        <ele>148.6</ele>
      </trkpt>
      <trkpt lat="30.67041" lon="-96.85999">
        <ele>140.1</ele>
      </trkpt>
      <trkpt lat="30.66956" lon="-96.85964">
        <ele>137.0</ele>
      </trkpt>
      <trkpt lat="30.66939" lon="-96.85956">
        <ele>136.2</ele>
      </trkpt>
      <trkpt lat="30.66922" lon="-96.8595">
        <ele>135.4</ele>
      </trkpt>
      <trkpt lat="30.66888" lon="-96.85936">
        <ele>134.0</ele>
      </trkpt>
      <trkpt lat="30.66854" lon="-96.859219">
        <ele>134.8</ele>
      </trkpt>
      <trkpt lat="30.66821" lon="-96.85908">
        <ele>137.4</ele>
      </trkpt>
      <trkpt lat="30.66787" lon="-96.85894">
        <ele>141.0</ele>
      </trkpt>
      <trkpt lat="30.66736" lon="-96.85873">
        <ele>147.8</ele>
      </trkpt>
      <trkpt lat="30.66702" lon="-96.85859">
        <ele>150.0</ele>
      </trkpt>
      <trkpt lat="30.66685" lon="-96.85852">
        <ele>150.5</ele>
      </trkpt>
      <trkpt lat="30.66658" lon="-96.85841">
        <ele>150.3</ele>
      </trkpt>
      <trkpt lat="30.66624" lon="-96.85827">
        <ele>148.8</ele>
      </trkpt>
      <trkpt lat="30.66573" lon="-96.85806">
        <ele>147.6</ele>
      </trkpt>
      <trkpt lat="30.66546" lon="-96.85795">
        <ele>146.9</ele>
      </trkpt>
      <trkpt lat="30.66523" lon="-96.85786">
        <ele>145.6</ele>
      </trkpt>
      <trkpt lat="30.6651" lon="-96.8578">
        <ele>144.6</ele>
      </trkpt>
      <trkpt lat="30.66465" lon="-96.8576">
        <ele>139.2</ele>
      </trkpt>
      <trkpt lat="30.66456" lon="-96.85756">
        <ele>138.0</ele>
      </trkpt>
      <trkpt lat="30.66422" lon="-96.85741">
        <ele>136.0</ele>
      </trkpt>
      <trkpt lat="30.66371" lon="-96.8572">
        <ele>138.0</ele>
      </trkpt>
      <trkpt lat="30.66321" lon="-96.85699">
        <ele>143.1</ele>
      </trkpt>
      <trkpt lat="30.66301" lon="-96.8569">
        <ele>144.2</ele>
      </trkpt>
      <trkpt lat="30.66287" lon="-96.85684">
        <ele>144.5</ele>
      </trkpt>
      <trkpt lat="30.66253" lon="-96.8567">
        <ele>143.9</ele>
      </trkpt>
      <trkpt lat="30.66219" lon="-96.85656">
        <ele>143.8</ele>
      </trkpt>
      <trkpt lat="30.66168" lon="-96.85635">
        <ele>140.2</ele>
      </trkpt>
      <trkpt lat="30.66135" lon="-96.85621">
        <ele>134.4</ele>
      </trkpt>
      <trkpt lat="30.66102" lon="-96.85607">
        <ele>133.9</ele>
      </trkpt>
      <trkpt lat="30.66101" lon="-96.85606">
        <ele>133.9</ele>
      </trkpt>
      <trkpt lat="30.6607" lon="-96.85595">
        <ele>133.9</ele>
      </trkpt>
      <trkpt lat="30.6605" lon="-96.85586">
        <ele>134.4</ele>
      </trkpt>
      <trkpt lat="30.65999" lon="-96.855639">
        <ele>138.4</ele>
      </trkpt>
      <trkpt lat="30.65949" lon="-96.85542">
        <ele>143.5</ele>
      </trkpt>
      <trkpt lat="30.65915" lon="-96.85527">
        <ele>146.5</ele>
      </trkpt>
      <trkpt lat="30.65814" lon="-96.85483">
        <ele>144.4</ele>
      </trkpt>
      <trkpt lat="30.65709" lon="-96.85438">
        <ele>148.4</ele>
      </trkpt>
      <trkpt lat="30.65679" lon="-96.85424">
        <ele>149.7</ele>
      </trkpt>
      <trkpt lat="30.65658" lon="-96.85414">
        <ele>150.1</ele>
      </trkpt>
      <trkpt lat="30.65637" lon="-96.85404">
        <ele>150.3</ele>
      </trkpt>
      <trkpt lat="30.65629" lon="-96.85401">
        <ele>150.4</ele>
      </trkpt>
      <trkpt lat="30.65617" lon="-96.85397">
        <ele>150.5</ele>
      </trkpt>
      <trkpt lat="30.65585" lon="-96.8539">
        <ele>150.8</ele>
      </trkpt>
      <trkpt lat="30.65541" lon="-96.85391">
        <ele>151.1</ele>
      </trkpt>
      <trkpt lat="30.65523" lon="-96.85396">
        <ele>150.7</ele>
      </trkpt>
      <trkpt lat="30.654" lon="-96.8543">
        <ele>153.0</ele>
      </trkpt>
      <trkpt lat="30.6536" lon="-96.85441">
        <ele>153.3</ele>
      </trkpt>
      <trkpt lat="30.65297" lon="-96.85466">
        <ele>154.3</ele>
      </trkpt>
      <trkpt lat="30.65285" lon="-96.85471">
        <ele>154.6</ele>
      </trkpt>
      <trkpt lat="30.6521" lon="-96.85492">
        <ele>157.4</ele>
      </trkpt>
      <trkpt lat="30.65153" lon="-96.85508">
        <ele>160.8</ele>
      </trkpt>
      <trkpt lat="30.65115" lon="-96.85529">
        <ele>163.9</ele>
      </trkpt>
      <trkpt lat="30.65087" lon="-96.85542">
        <ele>165.6</ele>
      </trkpt>
      <trkpt lat="30.65066" lon="-96.85542">
        <ele>166.8</ele>
      </trkpt>
      <trkpt lat="30.65039" lon="-96.85534">
        <ele>168.5</ele>
      </trkpt>
      <trkpt lat="30.65034" lon="-96.85533">
        <ele>168.9</ele>
      </trkpt>
      <trkpt lat="30.64936" lon="-96.85494">
        <ele>174.3</ele>
      </trkpt>
      <trkpt lat="30.64868" lon="-96.85467">
        <ele>175.9</ele>
      </trkpt>
      <trkpt lat="30.64817" lon="-96.85446">
        <ele>177.2</ele>
      </trkpt>
      <trkpt lat="30.64738" lon="-96.85415">
        <ele>174.0</ele>
      </trkpt>
      <trkpt lat="30.64732" lon="-96.85413">
        <ele>173.9</ele>
      </trkpt>
      <trkpt lat="30.64587" lon="-96.85352">
        <ele>169.5</ele>
      </trkpt>
      <trkpt lat="30.64575" lon="-96.853489">
        <ele>169.0</ele>
      </trkpt>
      <trkpt lat="30.64566" lon="-96.85347">
        <ele>168.7</ele>
      </trkpt>
      <trkpt lat="30.6456" lon="-96.85348">
        <ele>168.5</ele>
      </trkpt>
      <trkpt lat="30.64556" lon="-96.853489">
        <ele>168.3</ele>
      </trkpt>
      <trkpt lat="30.64548" lon="-96.85355">
        <ele>168.2</ele>
      </trkpt>
      <trkpt lat="30.64543" lon="-96.85363">
        <ele>168.1</ele>
      </trkpt>
      <trkpt lat="30.64539" lon="-96.85374">
        <ele>168.1</ele>
      </trkpt>
      <trkpt lat="30.64533" lon="-96.85419">
        <ele>168.0</ele>
      </trkpt>
      <trkpt lat="30.64517" lon="-96.85543">
        <ele>164.7</ele>
      </trkpt>
      <trkpt lat="30.64501" lon="-96.85667">
        <ele>161.9</ele>
      </trkpt>
      <trkpt lat="30.64496" lon="-96.85714">
        <ele>161.0</ele>
      </trkpt>
      <trkpt lat="30.64492" lon="-96.85729">
        <ele>160.6</ele>
      </trkpt>
      <trkpt lat="30.6448" lon="-96.8579">
        <ele>160.4</ele>
      </trkpt>
      <trkpt lat="30.6448" lon="-96.8579">
        <ele>160.4</ele>
      </trkpt>
      <trkpt lat="30.6447" lon="-96.8579">
        <ele>160.7</ele>
      </trkpt>
      <trkpt lat="30.64459" lon="-96.85783">
        <ele>161.0</ele>
      </trkpt>
      <trkpt lat="30.64454" lon="-96.85778">
        <ele>161.1</ele>
      </trkpt>
      <trkpt lat="30.64441" lon="-96.85765">
        <ele>161.9</ele>
      </trkpt>
      <trkpt lat="30.64427" lon="-96.85751">
        <ele>163.3</ele>
      </trkpt>
      <trkpt lat="30.64396" lon="-96.85729">
        <ele>164.9</ele>
      </trkpt>
      <trkpt lat="30.64379" lon="-96.85717">
        <ele>165.3</ele>
      </trkpt>
      <trkpt lat="30.64364" lon="-96.85708">
        <ele>165.4</ele>
      </trkpt>
      <trkpt lat="30.64324" lon="-96.85685">
        <ele>166.4</ele>
      </trkpt>
      <trkpt lat="30.6421" lon="-96.8561">
        <ele>164.4</ele>
      </trkpt>
      <trkpt lat="30.64207" lon="-96.85607">
        <ele>164.4</ele>
      </trkpt>
      <trkpt lat="30.64185" lon="-96.85591">
        <ele>164.3</ele>
      </trkpt>
      <trkpt lat="30.64143" lon="-96.85544">
        <ele>164.2</ele>
      </trkpt>
      <trkpt lat="30.64099" lon="-96.85478">
        <ele>163.9</ele>
      </trkpt>
      <trkpt lat="30.64095" lon="-96.85473">
        <ele>163.9</ele>
      </trkpt>
      <trkpt lat="30.64035" lon="-96.85396">
        <ele>164.1</ele>
      </trkpt>
      <trkpt lat="30.63988" lon="-96.85335">
        <ele>164.7</ele>
      </trkpt>
      <trkpt lat="30.63979" lon="-96.85315">
        <ele>164.7</ele>
      </trkpt>
      <trkpt lat="30.6396" lon="-96.85277">
        <ele>164.7</ele>
      </trkpt>
      <trkpt lat="30.6393" lon="-96.85203">
        <ele>164.0</ele>
      </trkpt>
      <trkpt lat="30.63904" lon="-96.85139">
        <ele>162.6</ele>
      </trkpt>
      <trkpt lat="30.63887" lon="-96.8509">
        <ele>161.7</ele>
      </trkpt>
      <trkpt lat="30.63883" lon="-96.85005">
        <ele>161.8</ele>
      </trkpt>
      <trkpt lat="30.63882" lon="-96.84986">
        <ele>162.3</ele>
      </trkpt>
      <trkpt lat="30.6388" lon="-96.84951">
        <ele>163.6</ele>
      </trkpt>
      <trkpt lat="30.63871" lon="-96.84923">
        <ele>164.0</ele>
      </trkpt>
      <trkpt lat="30.63841" lon="-96.849">
        <ele>163.1</ele>
      </trkpt>
      <trkpt lat="30.63834" lon="-96.84894">
        <ele>162.9</ele>
      </trkpt>
      <trkpt lat="30.63775" lon="-96.84867">
        <ele>162.2</ele>
      </trkpt>
      <trkpt lat="30.63725" lon="-96.84844">
        <ele>161.4</ele>
      </trkpt>
      <trkpt lat="30.63692" lon="-96.84827">
        <ele>160.9</ele>
      </trkpt>
      <trkpt lat="30.6361" lon="-96.84786">
        <ele>159.5</ele>
      </trkpt>
      <trkpt lat="30.63511" lon="-96.84736">
        <ele>157.4</ele>
      </trkpt>
      <trkpt lat="30.63453" lon="-96.84707">
        <ele>155.2</ele>
      </trkpt>
      <trkpt lat="30.63445" lon="-96.84703">
        <ele>155.1</ele>
      </trkpt>
      <trkpt lat="30.6338" lon="-96.84666">
        <ele>156.1</ele>
      </trkpt>
      <trkpt lat="30.63342" lon="-96.84643">
        <ele>158.0</ele>
      </trkpt>
      <trkpt lat="30.63309" lon="-96.84604">
        <ele>159.9</ele>
      </trkpt>
      <trkpt lat="30.63309" lon="-96.84604">
        <ele>159.9</ele>
      </trkpt>
      <trkpt lat="30.63322" lon="-96.84555">
        <ele>160.5</ele>
      </trkpt>
      <trkpt lat="30.63337" lon="-96.84495">
        <ele>160.7</ele>
      </trkpt>
      <trkpt lat="30.63368" lon="-96.84397">
        <ele>160.7</ele>
      </trkpt>
      <trkpt lat="30.63386" lon="-96.84338">
        <ele>162.0</ele>
      </trkpt>
      <trkpt lat="30.63392" lon="-96.84318">
        <ele>162.5</ele>
      </trkpt>
      <trkpt lat="30.63428" lon="-96.842">
        <ele>165.6</ele>
      </trkpt>
      <trkpt lat="30.63434" lon="-96.8418">
        <ele>164.6</ele>
      </trkpt>
      <trkpt lat="30.63465" lon="-96.84083">
        <ele>161.2</ele>
      </trkpt>
      <trkpt lat="30.63471" lon="-96.84063">
        <ele>160.9</ele>
      </trkpt>
      <trkpt lat="30.63509" lon="-96.83945">
        <ele>157.8</ele>
      </trkpt>
      <trkpt lat="30.63515" lon="-96.83926">
        <ele>157.2</ele>
      </trkpt>
      <trkpt lat="30.6354" lon="-96.83847">
        <ele>153.4</ele>
      </trkpt>
      <trkpt lat="30.63546" lon="-96.83828">
        <ele>153.7</ele>
      </trkpt>
      <trkpt lat="30.63571" lon="-96.83749">
        <ele>152.5</ele>
      </trkpt>
      <trkpt lat="30.63577" lon="-96.8373">
        <ele>153.2</ele>
      </trkpt>
      <trkpt lat="30.63602" lon="-96.83651">
        <ele>156.1</ele>
      </trkpt>
      <trkpt lat="30.63608" lon="-96.83632">
        <ele>155.3</ele>
      </trkpt>
      <trkpt lat="30.63621" lon="-96.83592">
        <ele>152.3</ele>
      </trkpt>
      <trkpt lat="30.63639" lon="-96.83534">
        <ele>149.4</ele>
      </trkpt>
      <trkpt lat="30.63696" lon="-96.83357">
        <ele>144.2</ele>
      </trkpt>
      <trkpt lat="30.63714" lon="-96.83298">
        <ele>142.5</ele>
      </trkpt>
      <trkpt lat="30.63727" lon="-96.83259">
        <ele>141.4</ele>
      </trkpt>
      <trkpt lat="30.6375" lon="-96.8318">
        <ele>140.0</ele>
      </trkpt>
      <trkpt lat="30.63756" lon="-96.8316">
        <ele>139.7</ele>
      </trkpt>
      <trkpt lat="30.63762" lon="-96.8314">
        <ele>139.0</ele>
      </trkpt>
      <trkpt lat="30.63773" lon="-96.83101">
        <ele>137.6</ele>
      </trkpt>
      <trkpt lat="30.63779" lon="-96.83081">
        <ele>137.4</ele>
      </trkpt>
      <trkpt lat="30.63803" lon="-96.83">
        <ele>137.2</ele>
      </trkpt>
      <trkpt lat="30.63825" lon="-96.82935">
        <ele>137.2</ele>
      </trkpt>
      <trkpt lat="30.6385" lon="-96.82857">
        <ele>137.9</ele>
      </trkpt>
      <trkpt lat="30.63857" lon="-96.82838">
        <ele>138.9</ele>
      </trkpt>
      <trkpt lat="30.63863" lon="-96.82818">
        <ele>139.8</ele>
      </trkpt>
      <trkpt lat="30.6387" lon="-96.82799">
        <ele>140.6</ele>
      </trkpt>
      <trkpt lat="30.63876" lon="-96.827789">
        <ele>141.2</ele>
      </trkpt>
      <trkpt lat="30.63883" lon="-96.8276">
        <ele>141.0</ele>
      </trkpt>
      <trkpt lat="30.63887" lon="-96.82746">
        <ele>140.8</ele>
      </trkpt>
      <trkpt lat="30.63898" lon="-96.82706">
        <ele>140.0</ele>
      </trkpt>
      <trkpt lat="30.63904" lon="-96.82686">
        <ele>139.3</ele>
      </trkpt>
      <trkpt lat="30.63909" lon="-96.82666">
        <ele>138.5</ele>
      </trkpt>
      <trkpt lat="30.63915" lon="-96.82646">
        <ele>137.8</ele>
      </trkpt>
      <trkpt lat="30.6394" lon="-96.82561">
        <ele>135.2</ele>
      </trkpt>
      <trkpt lat="30.63956" lon="-96.82508">
        <ele>134.5</ele>
      </trkpt>
      <trkpt lat="30.63969" lon="-96.82469">
        <ele>135.8</ele>
      </trkpt>
      <trkpt lat="30.63994" lon="-96.82391">
        <ele>138.9</ele>
      </trkpt>
      <trkpt lat="30.64" lon="-96.82373">
        <ele>138.1</ele>
      </trkpt>
      <trkpt lat="30.64018" lon="-96.82315">
        <ele>136.0</ele>
      </trkpt>
      <trkpt lat="30.64019" lon="-96.82312">
        <ele>136.0</ele>
      </trkpt>
      <trkpt lat="30.64027" lon="-96.82294">
        <ele>136.3</ele>
      </trkpt>
      <trkpt lat="30.64045" lon="-96.82252">
        <ele>138.2</ele>
      </trkpt>
      <trkpt lat="30.64052" lon="-96.82238">
        <ele>139.0</ele>
      </trkpt>
      <trkpt lat="30.64072" lon="-96.82203">
        <ele>140.9</ele>
      </trkpt>
      <trkpt lat="30.64091" lon="-96.82167">
        <ele>142.2</ele>
      </trkpt>
      <trkpt lat="30.64121" lon="-96.82137">
        <ele>144.0</ele>
      </trkpt>
      <trkpt lat="30.64152" lon="-96.8211">
        <ele>146.5</ele>
      </trkpt>
      <trkpt lat="30.64171" lon="-96.82101">
        <ele>147.7</ele>
      </trkpt>
      <trkpt lat="30.64203" lon="-96.82083">
        <ele>148.5</ele>
      </trkpt>
      <trkpt lat="30.64236" lon="-96.82066">
        <ele>148.7</ele>
      </trkpt>
      <trkpt lat="30.64243" lon="-96.82062">
        <ele>148.6</ele>
      </trkpt>
      <trkpt lat="30.64286" lon="-96.82042">
        <ele>147.9</ele>
      </trkpt>
      <trkpt lat="30.6434" lon="-96.82016">
        <ele>146.0</ele>
      </trkpt>
      <trkpt lat="30.64404" lon="-96.81993">
        <ele>144.9</ele>
      </trkpt>
      <trkpt lat="30.64407" lon="-96.81992">
        <ele>145.0</ele>
      </trkpt>
      <trkpt lat="30.64446" lon="-96.81998">
        <ele>145.0</ele>
      </trkpt>
      <trkpt lat="30.64458" lon="-96.81997">
        <ele>145.7</ele>
      </trkpt>
      <trkpt lat="30.64482" lon="-96.81994">
        <ele>146.0</ele>
      </trkpt>
      <trkpt lat="30.64532" lon="-96.81986">
        <ele>146.1</ele>
      </trkpt>
      <trkpt lat="30.64599" lon="-96.81965">
        <ele>146.9</ele>
      </trkpt>
      <trkpt lat="30.64614" lon="-96.8196">
        <ele>146.9</ele>
      </trkpt>
      <trkpt lat="30.64647" lon="-96.81961">
        <ele>149.6</ele>
      </trkpt>
      <trkpt lat="30.64703" lon="-96.81967">
        <ele>153.0</ele>
      </trkpt>
      <trkpt lat="30.64798" lon="-96.8199">
        <ele>156.7</ele>
      </trkpt>
      <trkpt lat="30.64829" lon="-96.81996">
        <ele>157.7</ele>
      </trkpt>
      <trkpt lat="30.64882" lon="-96.82007">
        <ele>159.2</ele>
      </trkpt>
      <trkpt lat="30.64889" lon="-96.82008">
        <ele>159.3</ele>
      </trkpt>
      <trkpt lat="30.64953" lon="-96.8202">
        <ele>158.5</ele>
      </trkpt>
      <trkpt lat="30.65042" lon="-96.82037">
        <ele>156.9</ele>
      </trkpt>
      <trkpt lat="30.65059" lon="-96.8204">
        <ele>156.7</ele>
      </trkpt>
      <trkpt lat="30.65078" lon="-96.82041">
        <ele>156.7</ele>
      </trkpt>
      <trkpt lat="30.65132" lon="-96.82043">
        <ele>157.1</ele>
      </trkpt>
      <trkpt lat="30.65148" lon="-96.82044">
        <ele>157.5</ele>
      </trkpt>
      <trkpt lat="30.65186" lon="-96.82046">
        <ele>158.3</ele>
      </trkpt>
      <trkpt lat="30.65198" lon="-96.82047">
        <ele>158.9</ele>
      </trkpt>
      <trkpt lat="30.65217" lon="-96.82046">
        <ele>159.5</ele>
      </trkpt>
      <trkpt lat="30.65235" lon="-96.82042">
        <ele>159.8</ele>
      </trkpt>
      <trkpt lat="30.65253" lon="-96.8203">
        <ele>160.4</ele>
      </trkpt>
      <trkpt lat="30.65265" lon="-96.82019">
        <ele>160.8</ele>
      </trkpt>
      <trkpt lat="30.65276" lon="-96.82003">
        <ele>161.4</ele>
      </trkpt>
      <trkpt lat="30.65287" lon="-96.81986">
        <ele>162.0</ele>
      </trkpt>
      <trkpt lat="30.65314" lon="-96.8193">
        <ele>163.4</ele>
      </trkpt>
      <trkpt lat="30.65314" lon="-96.8193">
        <ele>163.4</ele>
      </trkpt>
      <trkpt lat="30.65326" lon="-96.81905">
        <ele>163.8</ele>
      </trkpt>
      <trkpt lat="30.65336" lon="-96.81897">
        <ele>164.0</ele>
      </trkpt>
      <trkpt lat="30.6534" lon="-96.81894">
        <ele>164.1</ele>
      </trkpt>
      <trkpt lat="30.65351" lon="-96.81893">
        <ele>164.2</ele>
      </trkpt>
      <trkpt lat="30.65366" lon="-96.819">
        <ele>164.5</ele>
      </trkpt>
      <trkpt lat="30.6537" lon="-96.81902">
        <ele>164.5</ele>
      </trkpt>
      <trkpt lat="30.65375" lon="-96.81904">
        <ele>164.6</ele>
      </trkpt>
      <trkpt lat="30.65386" lon="-96.8191">
        <ele>164.8</ele>
      </trkpt>
      <trkpt lat="30.65393" lon="-96.81913">
        <ele>164.9</ele>
      </trkpt>
      <trkpt lat="30.65417" lon="-96.8192">
        <ele>165.2</ele>
      </trkpt>
      <trkpt lat="30.65458" lon="-96.81925">
        <ele>165.6</ele>
      </trkpt>
      <trkpt lat="30.65489" lon="-96.81923">
        <ele>165.7</ele>
      </trkpt>
      <trkpt lat="30.65498" lon="-96.81921">
        <ele>165.6</ele>
      </trkpt>
      <trkpt lat="30.6551" lon="-96.8192">
        <ele>165.5</ele>
      </trkpt>
      <trkpt lat="30.65522" lon="-96.81919">
        <ele>165.3</ele>
      </trkpt>
      <trkpt lat="30.65552" lon="-96.81916">
        <ele>164.5</ele>
      </trkpt>
      <trkpt lat="30.65616" lon="-96.81909">
        <ele>163.7</ele>
      </trkpt>
      <trkpt lat="30.65618" lon="-96.81909">
        <ele>163.7</ele>
      </trkpt>
      <trkpt lat="30.65623" lon="-96.81907">
        <ele>163.6</ele>
      </trkpt>
      <trkpt lat="30.65628" lon="-96.81905">
        <ele>163.5</ele>
      </trkpt>
      <trkpt lat="30.65652" lon="-96.81896">
        <ele>163.0</ele>
      </trkpt>
      <trkpt lat="30.65657" lon="-96.81879">
        <ele>162.3</ele>
      </trkpt>
      <trkpt lat="30.6566" lon="-96.8187">
        <ele>161.8</ele>
      </trkpt>
      <trkpt lat="30.6566" lon="-96.8187">
        <ele>161.8</ele>
      </trkpt>
      <trkpt lat="30.65706" lon="-96.81892">
        <ele>161.4</ele>
      </trkpt>
      <trkpt lat="30.65727" lon="-96.81901">
        <ele>161.8</ele>
      </trkpt>
      <trkpt lat="30.65756" lon="-96.81914">
        <ele>163.1</ele>
      </trkpt>
      <trkpt lat="30.65795" lon="-96.81932">
        <ele>163.7</ele>
      </trkpt>
      <trkpt lat="30.65809" lon="-96.81938">
        <ele>163.6</ele>
      </trkpt>
      <trkpt lat="30.6582" lon="-96.81946">
        <ele>163.4</ele>
      </trkpt>
      <trkpt lat="30.65826" lon="-96.81949">
        <ele>163.3</ele>
      </trkpt>
      <trkpt lat="30.65847" lon="-96.81957">
        <ele>162.3</ele>
      </trkpt>
      <trkpt lat="30.65873" lon="-96.81969">
        <ele>161.4</ele>
      </trkpt>
      <trkpt lat="30.65907" lon="-96.81982">
        <ele>161.0</ele>
      </trkpt>
      <trkpt lat="30.65907" lon="-96.81982">
        <ele>161.0</ele>
      </trkpt>
      <trkpt lat="30.65913" lon="-96.8197">
        <ele>160.6</ele>
      </trkpt>
      <trkpt lat="30.65923" lon="-96.81951">
        <ele>159.9</ele>
      </trkpt>
      <trkpt lat="30.65939" lon="-96.81932">
        <ele>159.7</ele>
      </trkpt>
      <trkpt lat="30.65952" lon="-96.81918">
        <ele>159.7</ele>
      </trkpt>
      <trkpt lat="30.65953" lon="-96.81917">
        <ele>159.7</ele>
      </trkpt>
      <trkpt lat="30.6596" lon="-96.8191">
        <ele>159.8</ele>
      </trkpt>
      <trkpt lat="30.65965" lon="-96.81904">
        <ele>159.8</ele>
      </trkpt>
      <trkpt lat="30.65971" lon="-96.81898">
        <ele>159.7</ele>
      </trkpt>
      <trkpt lat="30.6599" lon="-96.81887">
        <ele>159.5</ele>
      </trkpt>
      <trkpt lat="30.66008" lon="-96.81875">
        <ele>159.6</ele>
      </trkpt>
      <trkpt lat="30.66017" lon="-96.81868">
        <ele>159.7</ele>
      </trkpt>
      <trkpt lat="30.66023" lon="-96.81861">
        <ele>159.9</ele>
      </trkpt>
      <trkpt lat="30.66025" lon="-96.81858">
        <ele>159.9</ele>
      </trkpt>
      <trkpt lat="30.66032" lon="-96.81844">
        <ele>160.1</ele>
      </trkpt>
      <trkpt lat="30.66043" lon="-96.81804">
        <ele>160.1</ele>
      </trkpt>
      <trkpt lat="30.66063" lon="-96.81737">
        <ele>159.6</ele>
      </trkpt>
      <trkpt lat="30.66067" lon="-96.81725">
        <ele>159.6</ele>
      </trkpt>
      <trkpt lat="30.66076" lon="-96.8169">
        <ele>160.0</ele>
      </trkpt>
      <trkpt lat="30.6609" lon="-96.81625">
        <ele>160.3</ele>
      </trkpt>
      <trkpt lat="30.66091" lon="-96.81624">
        <ele>160.4</ele>
      </trkpt>
      <trkpt lat="30.66096" lon="-96.81607">
        <ele>161.0</ele>
      </trkpt>
      <trkpt lat="30.66102" lon="-96.81601">
        <ele>161.4</ele>
      </trkpt>
      <trkpt lat="30.66109" lon="-96.81602">
        <ele>161.5</ele>
      </trkpt>
      <trkpt lat="30.66116" lon="-96.81604">
        <ele>161.5</ele>
      </trkpt>
      <trkpt lat="30.66134" lon="-96.81608">
        <ele>161.4</ele>
      </trkpt>
      <trkpt lat="30.66167" lon="-96.81624">
        <ele>160.3</ele>
      </trkpt>
      <trkpt lat="30.662" lon="-96.8164">
        <ele>158.6</ele>
      </trkpt>
      <trkpt lat="30.66217" lon="-96.81647">
        <ele>158.2</ele>
      </trkpt>
      <trkpt lat="30.66227" lon="-96.81651">
        <ele>158.0</ele>
      </trkpt>
      <trkpt lat="30.66241" lon="-96.81652">
        <ele>157.7</ele>
      </trkpt>
      <trkpt lat="30.66252" lon="-96.8165">
        <ele>157.6</ele>
      </trkpt>
      <trkpt lat="30.66253" lon="-96.81649">
        <ele>157.6</ele>
      </trkpt>
      <trkpt lat="30.66271" lon="-96.81641">
        <ele>157.3</ele>
      </trkpt>
      <trkpt lat="30.66332" lon="-96.81604">
        <ele>156.1</ele>
      </trkpt>
      <trkpt lat="30.66333" lon="-96.81603">
        <ele>156.1</ele>
      </trkpt>
      <trkpt lat="30.66354" lon="-96.81588">
        <ele>156.2</ele>
      </trkpt>
      <trkpt lat="30.66377" lon="-96.81569">
        <ele>156.0</ele>
      </trkpt>
      <trkpt lat="30.66392" lon="-96.81552">
        <ele>155.6</ele>
      </trkpt>
      <trkpt lat="30.66407" lon="-96.81529">
        <ele>154.4</ele>
      </trkpt>
      <trkpt lat="30.66417" lon="-96.8151">
        <ele>153.8</ele>
      </trkpt>
      <trkpt lat="30.66431" lon="-96.81475">
        <ele>152.7</ele>
      </trkpt>
      <trkpt lat="30.66449" lon="-96.81415">
        <ele>150.1</ele>
      </trkpt>
      <trkpt lat="30.66453" lon="-96.81402">
        <ele>149.7</ele>
      </trkpt>
      <trkpt lat="30.66459" lon="-96.81382">
        <ele>149.5</ele>
      </trkpt>
      <trkpt lat="30.66467" lon="-96.81356">
        <ele>149.5</ele>
      </trkpt>
      <trkpt lat="30.66479" lon="-96.81319">
        <ele>149.5</ele>
      </trkpt>
      <trkpt lat="30.6649" lon="-96.81296">
        <ele>149.5</ele>
      </trkpt>
      <trkpt lat="30.66496" lon="-96.81288">
        <ele>149.5</ele>
      </trkpt>
      <trkpt lat="30.66498" lon="-96.81283">
        <ele>149.4</ele>
      </trkpt>
      <trkpt lat="30.66507" lon="-96.81273">
        <ele>149.1</ele>
      </trkpt>
      <trkpt lat="30.66508" lon="-96.81272">
        <ele>149.1</ele>
      </trkpt>
      <trkpt lat="30.66518" lon="-96.81262">
        <ele>147.7</ele>
      </trkpt>
      <trkpt lat="30.66542" lon="-96.81242">
        <ele>148.3</ele>
      </trkpt>
      <trkpt lat="30.66568" lon="-96.81227">
        <ele>149.9</ele>
      </trkpt>
      <trkpt lat="30.66593" lon="-96.81212">
        <ele>151.4</ele>
      </trkpt>
      <trkpt lat="30.66662" lon="-96.81171">
        <ele>153.1</ele>
      </trkpt>
      <trkpt lat="30.6667" lon="-96.81167">
        <ele>153.0</ele>
      </trkpt>
      <trkpt lat="30.66677" lon="-96.81163">
        <ele>152.9</ele>
      </trkpt>
      <trkpt lat="30.66702" lon="-96.81148">
        <ele>152.5</ele>
      </trkpt>
      <trkpt lat="30.66731" lon="-96.81126">
        <ele>151.5</ele>
      </trkpt>
      <trkpt lat="30.6674" lon="-96.81117">
        <ele>151.2</ele>
      </trkpt>
      <trkpt lat="30.66748" lon="-96.81109">
        <ele>150.9</ele>
      </trkpt>
      <trkpt lat="30.66757" lon="-96.81097">
        <ele>150.5</ele>
      </trkpt>
      <trkpt lat="30.6677" lon="-96.81066">
        <ele>149.7</ele>
      </trkpt>
      <trkpt lat="30.66771" lon="-96.81063">
        <ele>149.6</ele>
      </trkpt>
      <trkpt lat="30.66785" lon="-96.81017">
        <ele>148.7</ele>
      </trkpt>
      <trkpt lat="30.66792" lon="-96.80993">
        <ele>148.3</ele>
      </trkpt>
      <trkpt lat="30.66833" lon="-96.80862">
        <ele>149.1</ele>
      </trkpt>
      <trkpt lat="30.66847" lon="-96.80814">
        <ele>150.0</ele>
      </trkpt>
      <trkpt lat="30.66857" lon="-96.80783">
        <ele>150.1</ele>
      </trkpt>
      <trkpt lat="30.66874" lon="-96.80736">
        <ele>149.5</ele>
      </trkpt>
      <trkpt lat="30.66897" lon="-96.80657">
        <ele>148.5</ele>
      </trkpt>
      <trkpt lat="30.66912" lon="-96.80606">
        <ele>148.0</ele>
      </trkpt>
      <trkpt lat="30.66921" lon="-96.80597">
        <ele>147.8</ele>
      </trkpt>
      <trkpt lat="30.66929" lon="-96.80596">
        <ele>147.7</ele>
      </trkpt>
      <trkpt lat="30.66939" lon="-96.80596">
        <ele>147.4</ele>
      </trkpt>
      <trkpt lat="30.66957" lon="-96.80605">
        <ele>147.1</ele>
      </trkpt>
      <trkpt lat="30.66987" lon="-96.80618">
        <ele>146.8</ele>
      </trkpt>
      <trkpt lat="30.66988" lon="-96.80618">
        <ele>146.7</ele>
      </trkpt>
      <trkpt lat="30.67004" lon="-96.80626">
        <ele>146.7</ele>
      </trkpt>
      <trkpt lat="30.6703" lon="-96.80639">
        <ele>146.3</ele>
      </trkpt>
      <trkpt lat="30.67037" lon="-96.80642">
        <ele>146.1</ele>
      </trkpt>
      <trkpt lat="30.67054" lon="-96.80649">
        <ele>145.5</ele>
      </trkpt>
      <trkpt lat="30.67063" lon="-96.80651">
        <ele>145.2</ele>
      </trkpt>
      <trkpt lat="30.67071" lon="-96.80654">
        <ele>144.9</ele>
      </trkpt>
      <trkpt lat="30.67093" lon="-96.80658">
        <ele>144.1</ele>
      </trkpt>
      <trkpt lat="30.67099" lon="-96.80658">
        <ele>143.8</ele>
      </trkpt>
      <trkpt lat="30.67117" lon="-96.80659">
        <ele>143.1</ele>
      </trkpt>
      <trkpt lat="30.67117" lon="-96.80659">
        <ele>143.1</ele>
      </trkpt>
      <trkpt lat="30.67125" lon="-96.80649">
        <ele>142.7</ele>
      </trkpt>
      <trkpt lat="30.67132" lon="-96.80639">
        <ele>142.3</ele>
      </trkpt>
      <trkpt lat="30.67134" lon="-96.8063">
        <ele>142.1</ele>
      </trkpt>
      <trkpt lat="30.67133" lon="-96.80611">
        <ele>142.1</ele>
      </trkpt>
      <trkpt lat="30.67138" lon="-96.80595">
        <ele>141.8</ele>
      </trkpt>
      <trkpt lat="30.67144" lon="-96.80579">
        <ele>141.5</ele>
      </trkpt>
      <trkpt lat="30.67174" lon="-96.80516">
        <ele>141.6</ele>
      </trkpt>
      <trkpt lat="30.67182" lon="-96.805">
        <ele>141.9</ele>
      </trkpt>
      <trkpt lat="30.67183" lon="-96.80498">
        <ele>142.0</ele>
      </trkpt>
      <trkpt lat="30.67199" lon="-96.80461">
        <ele>143.0</ele>
      </trkpt>
      <trkpt lat="30.67222" lon="-96.80404">
        <ele>144.4</ele>
      </trkpt>
      <trkpt lat="30.6723" lon="-96.80385">
        <ele>144.1</ele>
      </trkpt>
      <trkpt lat="30.67238" lon="-96.80366">
        <ele>143.4</ele>
      </trkpt>
      <trkpt lat="30.67246" lon="-96.80348">
        <ele>142.4</ele>
      </trkpt>
      <trkpt lat="30.67254" lon="-96.80329">
        <ele>141.4</ele>
      </trkpt>
      <trkpt lat="30.67277" lon="-96.80272">
        <ele>136.0</ele>
      </trkpt>
      <trkpt lat="30.67279" lon="-96.80267">
        <ele>135.5</ele>
      </trkpt>
      <trkpt lat="30.67293" lon="-96.80235">
        <ele>134.2</ele>
      </trkpt>
      <trkpt lat="30.67302" lon="-96.80216">
        <ele>134.3</ele>
      </trkpt>
      <trkpt lat="30.67326" lon="-96.80161">
        <ele>134.0</ele>
      </trkpt>
      <trkpt lat="30.67339" lon="-96.8013">
        <ele>131.5</ele>
      </trkpt>
      <trkpt lat="30.67352" lon="-96.80105">
        <ele>130.5</ele>
      </trkpt>
      <trkpt lat="30.67377" lon="-96.80058">
        <ele>133.0</ele>
      </trkpt>
      <trkpt lat="30.67379" lon="-96.80055">
        <ele>133.1</ele>
      </trkpt>
      <trkpt lat="30.67381" lon="-96.80052">
        <ele>133.1</ele>
      </trkpt>
      <trkpt lat="30.67431" lon="-96.79981">
        <ele>135.2</ele>
      </trkpt>
      <trkpt lat="30.67437" lon="-96.79974">
        <ele>135.3</ele>
      </trkpt>
      <trkpt lat="30.67449" lon="-96.7996">
        <ele>135.4</ele>
      </trkpt>
      <trkpt lat="30.6745" lon="-96.79956">
        <ele>135.5</ele>
      </trkpt>
      <trkpt lat="30.67459" lon="-96.79941">
        <ele>135.6</ele>
      </trkpt>
      <trkpt lat="30.67466" lon="-96.79919">
        <ele>135.9</ele>
      </trkpt>
      <trkpt lat="30.67501" lon="-96.79803">
        <ele>135.5</ele>
      </trkpt>
      <trkpt lat="30.67502" lon="-96.79801">
        <ele>135.5</ele>
      </trkpt>
      <trkpt lat="30.6752" lon="-96.79742">
        <ele>136.9</ele>
      </trkpt>
      <trkpt lat="30.67537" lon="-96.79689">
        <ele>139.1</ele>
      </trkpt>
      <trkpt lat="30.6755" lon="-96.79643">
        <ele>140.1</ele>
      </trkpt>
      <trkpt lat="30.6756" lon="-96.79606">
        <ele>140.4</ele>
      </trkpt>
      <trkpt lat="30.6756" lon="-96.79603">
        <ele>140.3</ele>
      </trkpt>
      <trkpt lat="30.67578" lon="-96.79513">
        <ele>139.1</ele>
      </trkpt>
      <trkpt lat="30.67579" lon="-96.79501">
        <ele>139.0</ele>
      </trkpt>
      <trkpt lat="30.67582" lon="-96.79483">
        <ele>138.8</ele>
      </trkpt>
      <trkpt lat="30.67582" lon="-96.7948">
        <ele>138.9</ele>
      </trkpt>
      <trkpt lat="30.67583" lon="-96.79471">
        <ele>138.9</ele>
      </trkpt>
      <trkpt lat="30.6759" lon="-96.79419">
        <ele>139.8</ele>
      </trkpt>
      <trkpt lat="30.67594" lon="-96.79401">
        <ele>139.8</ele>
      </trkpt>
      <trkpt lat="30.67595" lon="-96.79398">
        <ele>139.9</ele>
      </trkpt>
      <trkpt lat="30.67599" lon="-96.79378">
        <ele>140.0</ele>
      </trkpt>
      <trkpt lat="30.67603" lon="-96.7936">
        <ele>139.9</ele>
      </trkpt>
      <trkpt lat="30.67604" lon="-96.79357">
        <ele>139.8</ele>
      </trkpt>
      <trkpt lat="30.67605" lon="-96.79352">
        <ele>139.7</ele>
      </trkpt>
      <trkpt lat="30.67607" lon="-96.79337">
        <ele>138.7</ele>
      </trkpt>
      <trkpt lat="30.67621" lon="-96.79255">
        <ele>135.1</ele>
      </trkpt>
      <trkpt lat="30.67623" lon="-96.79243">
        <ele>134.5</ele>
      </trkpt>
      <trkpt lat="30.67628" lon="-96.79217">
        <ele>132.8</ele>
      </trkpt>
      <trkpt lat="30.67628" lon="-96.79214">
        <ele>132.6</ele>
      </trkpt>
      <trkpt lat="30.67639" lon="-96.79155">
        <ele>130.4</ele>
      </trkpt>
      <trkpt lat="30.6764" lon="-96.79152">
        <ele>130.4</ele>
      </trkpt>
      <trkpt lat="30.67647" lon="-96.79115">
        <ele>133.2</ele>
      </trkpt>
      <trkpt lat="30.67648" lon="-96.79112">
        <ele>133.5</ele>
      </trkpt>
      <trkpt lat="30.6766" lon="-96.79049">
        <ele>138.6</ele>
      </trkpt>
      <trkpt lat="30.67663" lon="-96.79033">
        <ele>139.3</ele>
      </trkpt>
      <trkpt lat="30.67664" lon="-96.7903">
        <ele>139.4</ele>
      </trkpt>
      <trkpt lat="30.67673" lon="-96.78993">
        <ele>140.1</ele>
      </trkpt>
      <trkpt lat="30.67674" lon="-96.7899">
        <ele>140.1</ele>
      </trkpt>
      <trkpt lat="30.67682" lon="-96.78952">
        <ele>139.2</ele>
      </trkpt>
      <trkpt lat="30.67683" lon="-96.78949">
        <ele>138.9</ele>
      </trkpt>
      <trkpt lat="30.67689" lon="-96.78923">
        <ele>137.7</ele>
      </trkpt>
      <trkpt lat="30.67703" lon="-96.78869">
        <ele>135.4</ele>
      </trkpt>
      <trkpt lat="30.67707" lon="-96.78852">
        <ele>134.7</ele>
      </trkpt>
      <trkpt lat="30.67708" lon="-96.78849">
        <ele>134.6</ele>
      </trkpt>
      <trkpt lat="30.67717" lon="-96.78812">
        <ele>134.6</ele>
      </trkpt>
      <trkpt lat="30.67718" lon="-96.78809">
        <ele>134.6</ele>
      </trkpt>
      <trkpt lat="30.67724" lon="-96.78782">
        <ele>135.6</ele>
      </trkpt>
      <trkpt lat="30.6773" lon="-96.7877">
        <ele>136.3</ele>
      </trkpt>
      <trkpt lat="30.67737" lon="-96.78754">
        <ele>137.6</ele>
      </trkpt>
      <trkpt lat="30.67738" lon="-96.78751">
        <ele>137.8</ele>
      </trkpt>
      <trkpt lat="30.67747" lon="-96.78733">
        <ele>139.2</ele>
      </trkpt>
      <trkpt lat="30.67749" lon="-96.78727">
        <ele>139.5</ele>
      </trkpt>
      <trkpt lat="30.67779" lon="-96.78687">
        <ele>141.4</ele>
      </trkpt>
      <trkpt lat="30.67779" lon="-96.78686">
        <ele>141.4</ele>
      </trkpt>
      <trkpt lat="30.6781" lon="-96.7866">
        <ele>144.3</ele>
      </trkpt>
      <trkpt lat="30.67823" lon="-96.78649">
        <ele>145.0</ele>
      </trkpt>
      <trkpt lat="30.67839" lon="-96.78635">
        <ele>145.1</ele>
      </trkpt>
      <trkpt lat="30.67851" lon="-96.78625">
        <ele>145.2</ele>
      </trkpt>
      <trkpt lat="30.67852" lon="-96.78625">
        <ele>145.2</ele>
      </trkpt>
      <trkpt lat="30.67869" lon="-96.78612">
        <ele>145.2</ele>
      </trkpt>
      <trkpt lat="30.67882" lon="-96.78602">
        <ele>145.3</ele>
      </trkpt>
      <trkpt lat="30.6791" lon="-96.7858">
        <ele>145.3</ele>
      </trkpt>
      <trkpt lat="30.67923" lon="-96.78562">
        <ele>145.2</ele>
      </trkpt>
      <trkpt lat="30.67938" lon="-96.7854">
        <ele>145.0</ele>
      </trkpt>
      <trkpt lat="30.6794" lon="-96.78538">
        <ele>145.0</ele>
      </trkpt>
      <trkpt lat="30.67971" lon="-96.78487">
        <ele>144.3</ele>
      </trkpt>
      <trkpt lat="30.67973" lon="-96.78484">
        <ele>144.2</ele>
      </trkpt>
      <trkpt lat="30.67976" lon="-96.78478">
        <ele>144.1</ele>
      </trkpt>
      <trkpt lat="30.67992" lon="-96.78453">
        <ele>143.3</ele>
      </trkpt>
      <trkpt lat="30.67993" lon="-96.7845">
        <ele>143.3</ele>
      </trkpt>
      <trkpt lat="30.68003" lon="-96.78424">
        <ele>142.3</ele>
      </trkpt>
      <trkpt lat="30.68007" lon="-96.78415">
        <ele>141.7</ele>
      </trkpt>
      <trkpt lat="30.68027" lon="-96.78363">
        <ele>139.3</ele>
      </trkpt>
      <trkpt lat="30.68029" lon="-96.78357">
        <ele>139.1</ele>
      </trkpt>
      <trkpt lat="30.6803" lon="-96.78354">
        <ele>139.0</ele>
      </trkpt>
      <trkpt lat="30.68032" lon="-96.78347">
        <ele>138.7</ele>
      </trkpt>
      <trkpt lat="30.68035" lon="-96.78338">
        <ele>138.4</ele>
      </trkpt>
      <trkpt lat="30.68043" lon="-96.78315">
        <ele>137.7</ele>
      </trkpt>
      <trkpt lat="30.68045" lon="-96.78308">
        <ele>137.6</ele>
      </trkpt>
      <trkpt lat="30.68048" lon="-96.78299">
        <ele>137.5</ele>
      </trkpt>
      <trkpt lat="30.68058" lon="-96.78269">
        <ele>137.7</ele>
      </trkpt>
      <trkpt lat="30.68059" lon="-96.78265">
        <ele>137.9</ele>
      </trkpt>
      <trkpt lat="30.68061" lon="-96.78259">
        <ele>138.2</ele>
      </trkpt>
      <trkpt lat="30.68062" lon="-96.78256">
        <ele>138.4</ele>
      </trkpt>
      <trkpt lat="30.68082" lon="-96.7819">
        <ele>141.1</ele>
      </trkpt>
      <trkpt lat="30.68085" lon="-96.78181">
        <ele>141.2</ele>
      </trkpt>
      <trkpt lat="30.68086" lon="-96.78178">
        <ele>141.2</ele>
      </trkpt>
      <trkpt lat="30.68091" lon="-96.78161">
        <ele>140.9</ele>
      </trkpt>
      <trkpt lat="30.68095" lon="-96.78151">
        <ele>140.6</ele>
      </trkpt>
      <trkpt lat="30.68095" lon="-96.7815">
        <ele>140.6</ele>
      </trkpt>
      <trkpt lat="30.68097" lon="-96.78141">
        <ele>140.3</ele>
      </trkpt>
      <trkpt lat="30.68097" lon="-96.78138">
        <ele>140.2</ele>
      </trkpt>
      <trkpt lat="30.68099" lon="-96.7813">
        <ele>139.8</ele>
      </trkpt>
      <trkpt lat="30.68101" lon="-96.78121">
        <ele>139.5</ele>
      </trkpt>
      <trkpt lat="30.68105" lon="-96.781">
        <ele>138.3</ele>
      </trkpt>
      <trkpt lat="30.68107" lon="-96.78089">
        <ele>137.6</ele>
      </trkpt>
      <trkpt lat="30.68112" lon="-96.78017">
        <ele>132.5</ele>
      </trkpt>
      <trkpt lat="30.68112" lon="-96.78006">
        <ele>131.5</ele>
      </trkpt>
      <trkpt lat="30.68113" lon="-96.77996">
        <ele>130.8</ele>
      </trkpt>
      <trkpt lat="30.68113" lon="-96.77993">
        <ele>130.6</ele>
      </trkpt>
      <trkpt lat="30.68114" lon="-96.77986">
        <ele>130.3</ele>
      </trkpt>
      <trkpt lat="30.68116" lon="-96.77955">
        <ele>128.9</ele>
      </trkpt>
      <trkpt lat="30.68116" lon="-96.77951">
        <ele>128.9</ele>
      </trkpt>
      <trkpt lat="30.68117" lon="-96.77944">
        <ele>128.9</ele>
      </trkpt>
      <trkpt lat="30.68118" lon="-96.77923">
        <ele>129.2</ele>
      </trkpt>
      <trkpt lat="30.68119" lon="-96.77913">
        <ele>129.1</ele>
      </trkpt>
      <trkpt lat="30.68119" lon="-96.7791">
        <ele>129.1</ele>
      </trkpt>
      <trkpt lat="30.68121" lon="-96.77892">
        <ele>128.8</ele>
      </trkpt>
      <trkpt lat="30.68123" lon="-96.7787">
        <ele>128.6</ele>
      </trkpt>
      <trkpt lat="30.68124" lon="-96.77868">
        <ele>128.6</ele>
      </trkpt>
      <trkpt lat="30.68126" lon="-96.77861">
        <ele>128.6</ele>
      </trkpt>
      <trkpt lat="30.68129" lon="-96.77852">
        <ele>128.6</ele>
      </trkpt>
      <trkpt lat="30.68129" lon="-96.77849">
        <ele>128.7</ele>
      </trkpt>
      <trkpt lat="30.68156" lon="-96.77794">
        <ele>130.7</ele>
      </trkpt>
      <trkpt lat="30.68166" lon="-96.7778">
        <ele>131.1</ele>
      </trkpt>
      <trkpt lat="30.68167" lon="-96.77777">
        <ele>131.2</ele>
      </trkpt>
      <trkpt lat="30.68177" lon="-96.77764">
        <ele>131.8</ele>
      </trkpt>
      <trkpt lat="30.68182" lon="-96.77755">
        <ele>131.8</ele>
      </trkpt>
      <trkpt lat="30.68188" lon="-96.77747">
        <ele>131.7</ele>
      </trkpt>
      <trkpt lat="30.6819" lon="-96.77744">
        <ele>131.6</ele>
      </trkpt>
      <trkpt lat="30.68193" lon="-96.7774">
        <ele>131.5</ele>
      </trkpt>
      <trkpt lat="30.68205" lon="-96.77722">
        <ele>130.4</ele>
      </trkpt>
      <trkpt lat="30.6821" lon="-96.77715">
        <ele>129.9</ele>
      </trkpt>
      <trkpt lat="30.68212" lon="-96.77712">
        <ele>129.7</ele>
      </trkpt>
      <trkpt lat="30.68222" lon="-96.77698">
        <ele>128.6</ele>
      </trkpt>
      <trkpt lat="30.68228" lon="-96.7769">
        <ele>127.9</ele>
      </trkpt>
      <trkpt lat="30.68233" lon="-96.77682">
        <ele>127.3</ele>
      </trkpt>
      <trkpt lat="30.68236" lon="-96.77678">
        <ele>126.9</ele>
      </trkpt>
      <trkpt lat="30.68262" lon="-96.7763">
        <ele>123.1</ele>
      </trkpt>
      <trkpt lat="30.68264" lon="-96.77627">
        <ele>122.8</ele>
      </trkpt>
      <trkpt lat="30.68266" lon="-96.77622">
        <ele>122.4</ele>
      </trkpt>
      <trkpt lat="30.68267" lon="-96.7762">
        <ele>122.3</ele>
      </trkpt>
      <trkpt lat="30.6827" lon="-96.77611">
        <ele>121.6</ele>
      </trkpt>
      <trkpt lat="30.68277" lon="-96.77592">
        <ele>120.4</ele>
      </trkpt>
      <trkpt lat="30.68278" lon="-96.77588">
        <ele>120.4</ele>
      </trkpt>
      <trkpt lat="30.68281" lon="-96.77581">
        <ele>120.3</ele>
      </trkpt>
      <trkpt lat="30.68284" lon="-96.77572">
        <ele>120.3</ele>
      </trkpt>
      <trkpt lat="30.68285" lon="-96.77569">
        <ele>120.3</ele>
      </trkpt>
      <trkpt lat="30.68298" lon="-96.77534">
        <ele>121.6</ele>
      </trkpt>
      <trkpt lat="30.68299" lon="-96.7753">
        <ele>121.8</ele>
      </trkpt>
      <trkpt lat="30.68312" lon="-96.77495">
        <ele>122.3</ele>
      </trkpt>
      <trkpt lat="30.68315" lon="-96.77485">
        <ele>122.1</ele>
      </trkpt>
      <trkpt lat="30.6832" lon="-96.77473">
        <ele>121.8</ele>
      </trkpt>
      <trkpt lat="30.68346" lon="-96.77387">
        <ele>124.8</ele>
      </trkpt>
      <trkpt lat="30.68349" lon="-96.77377">
        <ele>125.2</ele>
      </trkpt>
      <trkpt lat="30.6835" lon="-96.77374">
        <ele>125.3</ele>
      </trkpt>
      <trkpt lat="30.68355" lon="-96.77358">
        <ele>125.5</ele>
      </trkpt>
      <trkpt lat="30.68361" lon="-96.77338">
        <ele>125.2</ele>
      </trkpt>
      <trkpt lat="30.68362" lon="-96.77335">
        <ele>125.1</ele>
      </trkpt>
      <trkpt lat="30.68364" lon="-96.77328">
        <ele>124.9</ele>
      </trkpt>
      <trkpt lat="30.68373" lon="-96.77298">
        <ele>124.2</ele>
      </trkpt>
      <trkpt lat="30.68374" lon="-96.77295">
        <ele>124.2</ele>
      </trkpt>
      <trkpt lat="30.68376" lon="-96.77288">
        <ele>124.0</ele>
      </trkpt>
      <trkpt lat="30.68379" lon="-96.77279">
        <ele>123.9</ele>
      </trkpt>
      <trkpt lat="30.68395" lon="-96.77228">
        <ele>123.0</ele>
      </trkpt>
      <trkpt lat="30.68403" lon="-96.772">
        <ele>122.4</ele>
      </trkpt>
      <trkpt lat="30.6841" lon="-96.77177">
        <ele>121.8</ele>
      </trkpt>
      <trkpt lat="30.68412" lon="-96.7717">
        <ele>121.6</ele>
      </trkpt>
      <trkpt lat="30.68415" lon="-96.77161">
        <ele>121.3</ele>
      </trkpt>
      <trkpt lat="30.68428" lon="-96.77118">
        <ele>120.3</ele>
      </trkpt>
      <trkpt lat="30.68448" lon="-96.77052">
        <ele>119.7</ele>
      </trkpt>
      <trkpt lat="30.68449" lon="-96.7705">
        <ele>119.6</ele>
      </trkpt>
      <trkpt lat="30.68451" lon="-96.77042">
        <ele>119.5</ele>
      </trkpt>
      <trkpt lat="30.68456" lon="-96.77027">
        <ele>119.1</ele>
      </trkpt>
      <trkpt lat="30.68457" lon="-96.77022">
        <ele>119.0</ele>
      </trkpt>
      <trkpt lat="30.68461" lon="-96.77011">
        <ele>118.6</ele>
      </trkpt>
      <trkpt lat="30.68466" lon="-96.76992">
        <ele>117.7</ele>
      </trkpt>
      <trkpt lat="30.68469" lon="-96.76983">
        <ele>117.2</ele>
      </trkpt>
      <trkpt lat="30.68472" lon="-96.76971">
        <ele>116.5</ele>
      </trkpt>
      <trkpt lat="30.68475" lon="-96.76963">
        <ele>116.1</ele>
      </trkpt>
      <trkpt lat="30.6849" lon="-96.76913">
        <ele>112.1</ele>
      </trkpt>
      <trkpt lat="30.68493" lon="-96.76904">
        <ele>111.6</ele>
      </trkpt>
      <trkpt lat="30.68496" lon="-96.76892">
        <ele>110.6</ele>
      </trkpt>
      <trkpt lat="30.68502" lon="-96.76874">
        <ele>109.6</ele>
      </trkpt>
      <trkpt lat="30.68505" lon="-96.76864">
        <ele>109.4</ele>
      </trkpt>
      <trkpt lat="30.68508" lon="-96.76853">
        <ele>109.2</ele>
      </trkpt>
      <trkpt lat="30.68519" lon="-96.76815">
        <ele>108.4</ele>
      </trkpt>
      <trkpt lat="30.68522" lon="-96.76805">
        <ele>108.0</ele>
      </trkpt>
      <trkpt lat="30.68528" lon="-96.76786">
        <ele>107.2</ele>
      </trkpt>
      <trkpt lat="30.68531" lon="-96.76775">
        <ele>106.9</ele>
      </trkpt>
      <trkpt lat="30.68532" lon="-96.76774">
        <ele>106.9</ele>
      </trkpt>
      <trkpt lat="30.68534" lon="-96.76766">
        <ele>106.8</ele>
      </trkpt>
      <trkpt lat="30.68542" lon="-96.76738">
        <ele>106.5</ele>
      </trkpt>
      <trkpt lat="30.68546" lon="-96.76726">
        <ele>106.7</ele>
      </trkpt>
      <trkpt lat="30.6855" lon="-96.76715">
        <ele>106.7</ele>
      </trkpt>
      <trkpt lat="30.68558" lon="-96.76687">
        <ele>107.0</ele>
      </trkpt>
      <trkpt lat="30.68561" lon="-96.76677">
        <ele>107.3</ele>
      </trkpt>
      <trkpt lat="30.68564" lon="-96.76667">
        <ele>107.7</ele>
      </trkpt>
      <trkpt lat="30.68568" lon="-96.76656">
        <ele>108.2</ele>
      </trkpt>
      <trkpt lat="30.68577" lon="-96.76628">
        <ele>109.5</ele>
      </trkpt>
      <trkpt lat="30.68583" lon="-96.76608">
        <ele>110.4</ele>
      </trkpt>
      <trkpt lat="30.68586" lon="-96.76598">
        <ele>110.9</ele>
      </trkpt>
      <trkpt lat="30.68586" lon="-96.76597">
        <ele>110.9</ele>
      </trkpt>
      <trkpt lat="30.68595" lon="-96.76569">
        <ele>112.0</ele>
      </trkpt>
      <trkpt lat="30.68598" lon="-96.76559">
        <ele>112.4</ele>
      </trkpt>
      <trkpt lat="30.68598" lon="-96.76557">
        <ele>112.5</ele>
      </trkpt>
      <trkpt lat="30.68616" lon="-96.765">
        <ele>118.1</ele>
      </trkpt>
      <trkpt lat="30.68617" lon="-96.76498">
        <ele>118.3</ele>
      </trkpt>
      <trkpt lat="30.68619" lon="-96.7649">
        <ele>119.0</ele>
      </trkpt>
      <trkpt lat="30.68622" lon="-96.7648">
        <ele>119.5</ele>
      </trkpt>
      <trkpt lat="30.68623" lon="-96.76479">
        <ele>119.5</ele>
      </trkpt>
      <trkpt lat="30.68625" lon="-96.7647">
        <ele>119.6</ele>
      </trkpt>
      <trkpt lat="30.68628" lon="-96.7646">
        <ele>119.7</ele>
      </trkpt>
      <trkpt lat="30.68629" lon="-96.76459">
        <ele>119.7</ele>
      </trkpt>
      <trkpt lat="30.68631" lon="-96.76451">
        <ele>119.6</ele>
      </trkpt>
      <trkpt lat="30.68635" lon="-96.76441">
        <ele>119.4</ele>
      </trkpt>
      <trkpt lat="30.68637" lon="-96.76431">
        <ele>119.2</ele>
      </trkpt>
      <trkpt lat="30.68641" lon="-96.76421">
        <ele>119.0</ele>
      </trkpt>
      <trkpt lat="30.68641" lon="-96.76419">
        <ele>119.0</ele>
      </trkpt>
      <trkpt lat="30.68644" lon="-96.76411">
        <ele>118.9</ele>
      </trkpt>
      <trkpt lat="30.68665" lon="-96.76341">
        <ele>118.2</ele>
      </trkpt>
      <trkpt lat="30.68674" lon="-96.76313">
        <ele>117.7</ele>
      </trkpt>
      <trkpt lat="30.68677" lon="-96.76304">
        <ele>117.5</ele>
      </trkpt>
      <trkpt lat="30.68678" lon="-96.76301">
        <ele>117.4</ele>
      </trkpt>
      <trkpt lat="30.6868" lon="-96.76293">
        <ele>117.2</ele>
      </trkpt>
      <trkpt lat="30.68683" lon="-96.76283">
        <ele>116.9</ele>
      </trkpt>
      <trkpt lat="30.68686" lon="-96.76273">
        <ele>116.6</ele>
      </trkpt>
      <trkpt lat="30.68697" lon="-96.76234">
        <ele>115.5</ele>
      </trkpt>
      <trkpt lat="30.687" lon="-96.76223">
        <ele>115.0</ele>
      </trkpt>
      <trkpt lat="30.68703" lon="-96.76214">
        <ele>114.6</ele>
      </trkpt>
      <trkpt lat="30.68707" lon="-96.762">
        <ele>114.0</ele>
      </trkpt>
      <trkpt lat="30.68716" lon="-96.76185">
        <ele>113.4</ele>
      </trkpt>
      <trkpt lat="30.6874" lon="-96.76143">
        <ele>113.9</ele>
      </trkpt>
      <trkpt lat="30.68746" lon="-96.76134">
        <ele>114.6</ele>
      </trkpt>
      <trkpt lat="30.6875" lon="-96.76126">
        <ele>115.1</ele>
      </trkpt>
      <trkpt lat="30.68756" lon="-96.76116">
        <ele>115.7</ele>
      </trkpt>
      <trkpt lat="30.68757" lon="-96.76115">
        <ele>115.8</ele>
      </trkpt>
      <trkpt lat="30.68781" lon="-96.76081">
        <ele>118.0</ele>
      </trkpt>
      <trkpt lat="30.68797" lon="-96.76048">
        <ele>119.8</ele>
      </trkpt>
      <trkpt lat="30.68794" lon="-96.76026">
        <ele>120.1</ele>
      </trkpt>
      <trkpt lat="30.68792" lon="-96.76018">
        <ele>120.0</ele>
      </trkpt>
      <trkpt lat="30.68792" lon="-96.76014">
        <ele>119.9</ele>
      </trkpt>
      <trkpt lat="30.68789" lon="-96.76008">
        <ele>119.7</ele>
      </trkpt>
      <trkpt lat="30.68785" lon="-96.75999">
        <ele>119.5</ele>
      </trkpt>
      <trkpt lat="30.68771" lon="-96.75971">
        <ele>119.0</ele>
      </trkpt>
      <trkpt lat="30.6877" lon="-96.7597">
        <ele>119.0</ele>
      </trkpt>
      <trkpt lat="30.68758" lon="-96.75945">
        <ele>118.1</ele>
      </trkpt>
      <trkpt lat="30.6875" lon="-96.75926">
        <ele>118.0</ele>
      </trkpt>
      <trkpt lat="30.68745" lon="-96.75916">
        <ele>118.3</ele>
      </trkpt>
      <trkpt lat="30.68745" lon="-96.75915">
        <ele>118.3</ele>
      </trkpt>
      <trkpt lat="30.68741" lon="-96.75907">
        <ele>118.5</ele>
      </trkpt>
      <trkpt lat="30.68728" lon="-96.75877">
        <ele>118.7</ele>
      </trkpt>
      <trkpt lat="30.68726" lon="-96.7587">
        <ele>118.7</ele>
      </trkpt>
      <trkpt lat="30.6871" lon="-96.7581">
        <ele>116.7</ele>
      </trkpt>
      <trkpt lat="30.68706" lon="-96.75795">
        <ele>116.0</ele>
      </trkpt>
      <trkpt lat="30.68705" lon="-96.7579">
        <ele>115.8</ele>
      </trkpt>
      <trkpt lat="30.68698" lon="-96.75749">
        <ele>114.4</ele>
      </trkpt>
      <trkpt lat="30.68696" lon="-96.75737">
        <ele>114.1</ele>
      </trkpt>
      <trkpt lat="30.68696" lon="-96.75736">
        <ele>114.0</ele>
      </trkpt>
      <trkpt lat="30.68695" lon="-96.75728">
        <ele>113.9</ele>
      </trkpt>
      <trkpt lat="30.68694" lon="-96.75717">
        <ele>113.7</ele>
      </trkpt>
      <trkpt lat="30.68693" lon="-96.75707">
        <ele>113.4</ele>
      </trkpt>
      <trkpt lat="30.68691" lon="-96.75687">
        <ele>113.0</ele>
      </trkpt>
      <trkpt lat="30.68691" lon="-96.75645">
        <ele>111.6</ele>
      </trkpt>
      <trkpt lat="30.68691" lon="-96.75626">
        <ele>111.8</ele>
      </trkpt>
      <trkpt lat="30.68692" lon="-96.75603">
        <ele>112.7</ele>
      </trkpt>
      <trkpt lat="30.68693" lon="-96.75582">
        <ele>113.1</ele>
      </trkpt>
      <trkpt lat="30.68693" lon="-96.7557">
        <ele>113.1</ele>
      </trkpt>
      <trkpt lat="30.68694" lon="-96.75561">
        <ele>112.9</ele>
      </trkpt>
      <trkpt lat="30.68694" lon="-96.75557">
        <ele>112.8</ele>
      </trkpt>
      <trkpt lat="30.6869" lon="-96.75551">
        <ele>112.8</ele>
      </trkpt>
      <trkpt lat="30.68686" lon="-96.75543">
        <ele>112.5</ele>
      </trkpt>
      <trkpt lat="30.68679" lon="-96.75533">
        <ele>112.1</ele>
      </trkpt>
      <trkpt lat="30.68675" lon="-96.75527">
        <ele>111.8</ele>
      </trkpt>
      <trkpt lat="30.68675" lon="-96.75526">
        <ele>111.7</ele>
      </trkpt>
      <trkpt lat="30.68666" lon="-96.75522">
        <ele>110.9</ele>
      </trkpt>
      <trkpt lat="30.68642" lon="-96.75508">
        <ele>109.4</ele>
      </trkpt>
      <trkpt lat="30.686" lon="-96.75485">
        <ele>106.5</ele>
      </trkpt>
      <trkpt lat="30.68594" lon="-96.75481">
        <ele>106.4</ele>
      </trkpt>
      <trkpt lat="30.68585" lon="-96.75477">
        <ele>105.7</ele>
      </trkpt>
      <trkpt lat="30.68578" lon="-96.75472">
        <ele>104.6</ele>
      </trkpt>
      <trkpt lat="30.68568" lon="-96.75467">
        <ele>103.8</ele>
      </trkpt>
      <trkpt lat="30.68561" lon="-96.75463">
        <ele>103.4</ele>
      </trkpt>
      <trkpt lat="30.68554" lon="-96.75459">
        <ele>102.9</ele>
      </trkpt>
      <trkpt lat="30.68553" lon="-96.75458">
        <ele>102.8</ele>
      </trkpt>
      <trkpt lat="30.6853" lon="-96.75443">
        <ele>100.6</ele>
      </trkpt>
      <trkpt lat="30.68518" lon="-96.75436">
        <ele>100.8</ele>
      </trkpt>
      <trkpt lat="30.68504" lon="-96.75432">
        <ele>101.2</ele>
      </trkpt>
      <trkpt lat="30.68503" lon="-96.75432">
        <ele>101.2</ele>
      </trkpt>
      <trkpt lat="30.68496" lon="-96.7543">
        <ele>101.4</ele>
      </trkpt>
      <trkpt lat="30.68469" lon="-96.75423">
        <ele>101.8</ele>
      </trkpt>
      <trkpt lat="30.68426" lon="-96.75412">
        <ele>102.0</ele>
      </trkpt>
      <trkpt lat="30.68415" lon="-96.75409">
        <ele>102.1</ele>
      </trkpt>
      <trkpt lat="30.68399" lon="-96.75405">
        <ele>102.1</ele>
      </trkpt>
      <trkpt lat="30.68391" lon="-96.75403">
        <ele>102.1</ele>
      </trkpt>
      <trkpt lat="30.68373" lon="-96.75399">
        <ele>102.1</ele>
      </trkpt>
      <trkpt lat="30.68352" lon="-96.75393">
        <ele>101.9</ele>
      </trkpt>
      <trkpt lat="30.68322" lon="-96.75379">
        <ele>101.8</ele>
      </trkpt>
      <trkpt lat="30.68296" lon="-96.75366">
        <ele>102.0</ele>
      </trkpt>
      <trkpt lat="30.68248" lon="-96.75319">
        <ele>101.1</ele>
      </trkpt>
      <trkpt lat="30.6824" lon="-96.75317">
        <ele>101.3</ele>
      </trkpt>
      <trkpt lat="30.68232" lon="-96.75315">
        <ele>101.5</ele>
      </trkpt>
      <trkpt lat="30.68221" lon="-96.75313">
        <ele>101.7</ele>
      </trkpt>
      <trkpt lat="30.68214" lon="-96.75312">
        <ele>101.9</ele>
      </trkpt>
      <trkpt lat="30.68204" lon="-96.75309">
        <ele>101.9</ele>
      </trkpt>
      <trkpt lat="30.68196" lon="-96.75308">
        <ele>102.1</ele>
      </trkpt>
      <trkpt lat="30.68178" lon="-96.75304">
        <ele>102.1</ele>
      </trkpt>
      <trkpt lat="30.68169" lon="-96.75302">
        <ele>102.0</ele>
      </trkpt>
      <trkpt lat="30.68161" lon="-96.753">
        <ele>101.9</ele>
      </trkpt>
      <trkpt lat="30.68126" lon="-96.75291">
        <ele>100.9</ele>
      </trkpt>
      <trkpt lat="30.68116" lon="-96.75288">
        <ele>100.5</ele>
      </trkpt>
      <trkpt lat="30.68108" lon="-96.75286">
        <ele>100.1</ele>
      </trkpt>
      <trkpt lat="30.68099" lon="-96.75283">
        <ele>99.5</ele>
      </trkpt>
      <trkpt lat="30.68098" lon="-96.75283">
        <ele>99.5</ele>
      </trkpt>
      <trkpt lat="30.68073" lon="-96.75276">
        <ele>99.2</ele>
      </trkpt>
      <trkpt lat="30.68065" lon="-96.75274">
        <ele>99.3</ele>
      </trkpt>
      <trkpt lat="30.68063" lon="-96.75274">
        <ele>99.4</ele>
      </trkpt>
      <trkpt lat="30.68056" lon="-96.75272">
        <ele>99.6</ele>
      </trkpt>
      <trkpt lat="30.68045" lon="-96.75269">
        <ele>100.1</ele>
      </trkpt>
      <trkpt lat="30.68011" lon="-96.7526">
        <ele>101.2</ele>
      </trkpt>
      <trkpt lat="30.68003" lon="-96.75257">
        <ele>101.2</ele>
      </trkpt>
      <trkpt lat="30.67995" lon="-96.75255">
        <ele>101.3</ele>
      </trkpt>
      <trkpt lat="30.67956" lon="-96.7525">
        <ele>101.1</ele>
      </trkpt>
      <trkpt lat="30.6794" lon="-96.75252">
        <ele>100.8</ele>
      </trkpt>
      <trkpt lat="30.67939" lon="-96.75252">
        <ele>100.8</ele>
      </trkpt>
      <trkpt lat="30.67932" lon="-96.75253">
        <ele>100.8</ele>
      </trkpt>
      <trkpt lat="30.67832" lon="-96.75264">
        <ele>105.0</ele>
      </trkpt>
      <trkpt lat="30.67824" lon="-96.75265">
        <ele>105.3</ele>
      </trkpt>
      <trkpt lat="30.67814" lon="-96.75266">
        <ele>105.7</ele>
      </trkpt>
      <trkpt lat="30.67806" lon="-96.75267">
        <ele>105.8</ele>
      </trkpt>
      <trkpt lat="30.678" lon="-96.75267">
        <ele>105.9</ele>
      </trkpt>
      <trkpt lat="30.67745" lon="-96.7526">
        <ele>105.8</ele>
      </trkpt>
      <trkpt lat="30.67745" lon="-96.75259">
        <ele>105.8</ele>
      </trkpt>
      <trkpt lat="30.67745" lon="-96.75259">
        <ele>105.8</ele>
      </trkpt>
      <trkpt lat="30.67706" lon="-96.75254">
        <ele>106.6</ele>
      </trkpt>
      <trkpt lat="30.67653" lon="-96.75246">
        <ele>107.0</ele>
      </trkpt>
      <trkpt lat="30.67617" lon="-96.75242">
        <ele>107.5</ele>
      </trkpt>
      <trkpt lat="30.67582" lon="-96.75237">
        <ele>108.9</ele>
      </trkpt>
      <trkpt lat="30.67545" lon="-96.75232">
        <ele>110.9</ele>
      </trkpt>
      <trkpt lat="30.6751" lon="-96.75228">
        <ele>112.7</ele>
      </trkpt>
      <trkpt lat="30.67492" lon="-96.75226">
        <ele>112.7</ele>
      </trkpt>
      <trkpt lat="30.67485" lon="-96.75225">
        <ele>112.5</ele>
      </trkpt>
      <trkpt lat="30.67474" lon="-96.75221">
        <ele>112.3</ele>
      </trkpt>
      <trkpt lat="30.67441" lon="-96.75207">
        <ele>110.2</ele>
      </trkpt>
      <trkpt lat="30.67407" lon="-96.75192">
        <ele>107.6</ele>
      </trkpt>
      <trkpt lat="30.67322" lon="-96.75157">
        <ele>104.9</ele>
      </trkpt>
      <trkpt lat="30.67221" lon="-96.75114">
        <ele>107.7</ele>
      </trkpt>
      <trkpt lat="30.67153" lon="-96.75085">
        <ele>107.4</ele>
      </trkpt>
      <trkpt lat="30.67102" lon="-96.75064">
        <ele>107.0</ele>
      </trkpt>
      <trkpt lat="30.67086" lon="-96.75057">
        <ele>106.9</ele>
      </trkpt>
      <trkpt lat="30.67007" lon="-96.75024">
        <ele>104.4</ele>
      </trkpt>
      <trkpt lat="30.66996" lon="-96.750069">
        <ele>103.5</ele>
      </trkpt>
      <trkpt lat="30.66996" lon="-96.75">
        <ele>103.2</ele>
      </trkpt>
      <trkpt lat="30.66997" lon="-96.74966">
        <ele>101.9</ele>
      </trkpt>
      <trkpt lat="30.67004" lon="-96.74939">
        <ele>101.0</ele>
      </trkpt>
      <trkpt lat="30.67013" lon="-96.74908">
        <ele>100.9</ele>
      </trkpt>
      <trkpt lat="30.67029" lon="-96.7486">
        <ele>101.0</ele>
      </trkpt>
      <trkpt lat="30.67055" lon="-96.74782">
        <ele>102.6</ele>
      </trkpt>
      <trkpt lat="30.67081" lon="-96.74704">
        <ele>104.8</ele>
      </trkpt>
      <trkpt lat="30.67088" lon="-96.74685">
        <ele>104.5</ele>
      </trkpt>
      <trkpt lat="30.6712" lon="-96.74588">
        <ele>105.7</ele>
      </trkpt>
      <trkpt lat="30.67126" lon="-96.74575">
        <ele>106.5</ele>
      </trkpt>
      <trkpt lat="30.6713" lon="-96.74563">
        <ele>107.1</ele>
      </trkpt>
      <trkpt lat="30.67133" lon="-96.74549">
        <ele>107.4</ele>
      </trkpt>
      <trkpt lat="30.67134" lon="-96.74542">
        <ele>107.6</ele>
      </trkpt>
      <trkpt lat="30.67134" lon="-96.745279">
        <ele>107.7</ele>
      </trkpt>
      <trkpt lat="30.67134" lon="-96.745189">
        <ele>107.6</ele>
      </trkpt>
      <trkpt lat="30.67132" lon="-96.74507">
        <ele>106.9</ele>
      </trkpt>
      <trkpt lat="30.67122" lon="-96.74452">
        <ele>102.4</ele>
      </trkpt>
      <trkpt lat="30.67119" lon="-96.744159">
        <ele>100.5</ele>
      </trkpt>
      <trkpt lat="30.67118" lon="-96.74411">
        <ele>100.6</ele>
      </trkpt>
      <trkpt lat="30.67117" lon="-96.74404">
        <ele>100.9</ele>
      </trkpt>
      <trkpt lat="30.67113" lon="-96.74395">
        <ele>101.8</ele>
      </trkpt>
      <trkpt lat="30.67111" lon="-96.74392">
        <ele>102.2</ele>
      </trkpt>
      <trkpt lat="30.67108" lon="-96.74386">
        <ele>102.9</ele>
      </trkpt>
      <trkpt lat="30.67062" lon="-96.74352">
        <ele>103.1</ele>
      </trkpt>
      <trkpt lat="30.67052" lon="-96.74345">
        <ele>103.1</ele>
      </trkpt>
      <trkpt lat="30.66976" lon="-96.74289">
        <ele>105.3</ele>
      </trkpt>
      <trkpt lat="30.66925" lon="-96.74252">
        <ele>107.5</ele>
      </trkpt>
      <trkpt lat="30.66877" lon="-96.7422">
        <ele>108.7</ele>
      </trkpt>
      <trkpt lat="30.66877" lon="-96.7422">
        <ele>108.7</ele>
      </trkpt>
      <trkpt lat="30.66845" lon="-96.74208">
        <ele>109.9</ele>
      </trkpt>
      <trkpt lat="30.66777" lon="-96.74182">
        <ele>111.2</ele>
      </trkpt>
      <trkpt lat="30.66762" lon="-96.74176">
        <ele>111.2</ele>
      </trkpt>
      <trkpt lat="30.66742" lon="-96.74169">
        <ele>111.0</ele>
      </trkpt>
      <trkpt lat="30.66721" lon="-96.7416">
        <ele>110.8</ele>
      </trkpt>
      <trkpt lat="30.66692" lon="-96.74148">
        <ele>110.9</ele>
      </trkpt>
      <trkpt lat="30.66681" lon="-96.741429">
        <ele>110.9</ele>
      </trkpt>
      <trkpt lat="30.66658" lon="-96.74133">
        <ele>110.9</ele>
      </trkpt>
      <trkpt lat="30.66636" lon="-96.74123">
        <ele>110.3</ele>
      </trkpt>
      <trkpt lat="30.6654" lon="-96.74083">
        <ele>110.8</ele>
      </trkpt>
      <trkpt lat="30.66457" lon="-96.74048">
        <ele>112.1</ele>
      </trkpt>
      <trkpt lat="30.66444" lon="-96.74043">
        <ele>112.1</ele>
      </trkpt>
      <trkpt lat="30.6643" lon="-96.74039">
        <ele>112.1</ele>
      </trkpt>
      <trkpt lat="30.66416" lon="-96.74036">
        <ele>112.0</ele>
      </trkpt>
      <trkpt lat="30.66338" lon="-96.74032">
        <ele>113.4</ele>
      </trkpt>
      <trkpt lat="30.66255" lon="-96.74033">
        <ele>116.5</ele>
      </trkpt>
      <trkpt lat="30.66204" lon="-96.740309">
        <ele>116.5</ele>
      </trkpt>
      <trkpt lat="30.66169" lon="-96.74029">
        <ele>116.2</ele>
      </trkpt>
      <trkpt lat="30.66092" lon="-96.74024">
        <ele>113.4</ele>
      </trkpt>
      <trkpt lat="30.66003" lon="-96.74014">
        <ele>112.5</ele>
      </trkpt>
      <trkpt lat="30.65989" lon="-96.74014">
        <ele>112.6</ele>
      </trkpt>
      <trkpt lat="30.65958" lon="-96.74012">
        <ele>112.7</ele>
      </trkpt>
      <trkpt lat="30.65845" lon="-96.74015">
        <ele>115.2</ele>
      </trkpt>
      <trkpt lat="30.65819" lon="-96.74016">
        <ele>115.6</ele>
      </trkpt>
      <trkpt lat="30.65748" lon="-96.74017">
        <ele>116.4</ele>
      </trkpt>
      <trkpt lat="30.65743" lon="-96.74017">
        <ele>116.4</ele>
      </trkpt>
      <trkpt lat="30.65659" lon="-96.74017">
        <ele>116.7</ele>
      </trkpt>
      <trkpt lat="30.65603" lon="-96.74016">
        <ele>116.2</ele>
      </trkpt>
      <trkpt lat="30.65576" lon="-96.74015">
        <ele>116.7</ele>
      </trkpt>
      <trkpt lat="30.65522" lon="-96.740129">
        <ele>117.7</ele>
      </trkpt>
      <trkpt lat="30.65475" lon="-96.74011">
        <ele>120.2</ele>
      </trkpt>
      <trkpt lat="30.6545" lon="-96.7401">
        <ele>121.0</ele>
      </trkpt>
      <trkpt lat="30.65414" lon="-96.74009">
        <ele>120.8</ele>
      </trkpt>
      <trkpt lat="30.65396" lon="-96.74008">
        <ele>118.9</ele>
      </trkpt>
      <trkpt lat="30.65363" lon="-96.74007">
        <ele>117.0</ele>
      </trkpt>
      <trkpt lat="30.6536" lon="-96.74007">
        <ele>116.7</ele>
      </trkpt>
      <trkpt lat="30.65288" lon="-96.74006">
        <ele>112.7</ele>
      </trkpt>
      <trkpt lat="30.65273" lon="-96.74006">
        <ele>112.5</ele>
      </trkpt>
      <trkpt lat="30.65234" lon="-96.74006">
        <ele>111.6</ele>
      </trkpt>
      <trkpt lat="30.65198" lon="-96.74006">
        <ele>110.9</ele>
      </trkpt>
      <trkpt lat="30.65189" lon="-96.74007">
        <ele>110.7</ele>
      </trkpt>
      <trkpt lat="30.65176" lon="-96.74007">
        <ele>110.3</ele>
      </trkpt>
      <trkpt lat="30.65152" lon="-96.74005">
        <ele>109.4</ele>
      </trkpt>
      <trkpt lat="30.65144" lon="-96.740039">
        <ele>108.9</ele>
      </trkpt>
      <trkpt lat="30.65117" lon="-96.73999">
        <ele>105.0</ele>
      </trkpt>
      <trkpt lat="30.65107" lon="-96.73999">
        <ele>104.7</ele>
      </trkpt>
      <trkpt lat="30.65092" lon="-96.73998">
        <ele>105.9</ele>
      </trkpt>
      <trkpt lat="30.65079" lon="-96.73998">
        <ele>106.9</ele>
      </trkpt>
      <trkpt lat="30.65073" lon="-96.73999">
        <ele>107.3</ele>
      </trkpt>
      <trkpt lat="30.65031" lon="-96.74002">
        <ele>110.7</ele>
      </trkpt>
      <trkpt lat="30.65014" lon="-96.74002">
        <ele>111.4</ele>
      </trkpt>
      <trkpt lat="30.64978" lon="-96.74002">
        <ele>112.0</ele>
      </trkpt>
      <trkpt lat="30.64893" lon="-96.74">
        <ele>115.4</ele>
      </trkpt>
      <trkpt lat="30.64832" lon="-96.73999">
        <ele>118.4</ele>
      </trkpt>
      <trkpt lat="30.64803" lon="-96.73996">
        <ele>119.7</ele>
      </trkpt>
      <trkpt lat="30.648" lon="-96.73996">
        <ele>119.9</ele>
      </trkpt>
      <trkpt lat="30.64754" lon="-96.7399">
        <ele>122.6</ele>
      </trkpt>
      <trkpt lat="30.64731" lon="-96.7399">
        <ele>123.1</ele>
      </trkpt>
      <trkpt lat="30.64716" lon="-96.7399">
        <ele>123.6</ele>
      </trkpt>
      <trkpt lat="30.6467" lon="-96.73989">
        <ele>124.7</ele>
      </trkpt>
      <trkpt lat="30.64624" lon="-96.73989">
        <ele>126.0</ele>
      </trkpt>
      <trkpt lat="30.64602" lon="-96.7399">
        <ele>126.6</ele>
      </trkpt>
      <trkpt lat="30.64522" lon="-96.73988">
        <ele>129.2</ele>
      </trkpt>
      <trkpt lat="30.64516" lon="-96.73988">
        <ele>129.4</ele>
      </trkpt>
      <trkpt lat="30.64372" lon="-96.73983">
        <ele>131.6</ele>
      </trkpt>
      <trkpt lat="30.64102" lon="-96.73975">
        <ele>128.7</ele>
      </trkpt>
      <trkpt lat="30.64004" lon="-96.73972">
        <ele>129.2</ele>
      </trkpt>
      <trkpt lat="30.63994" lon="-96.73972">
        <ele>129.2</ele>
      </trkpt>
      <trkpt lat="30.63935" lon="-96.73972">
        <ele>128.6</ele>
      </trkpt>
      <trkpt lat="30.63868" lon="-96.7397">
        <ele>127.6</ele>
      </trkpt>
      <trkpt lat="30.63707" lon="-96.73971">
        <ele>124.8</ele>
      </trkpt>
      <trkpt lat="30.63654" lon="-96.7397">
        <ele>123.8</ele>
      </trkpt>
      <trkpt lat="30.63641" lon="-96.7397">
        <ele>123.6</ele>
      </trkpt>
      <trkpt lat="30.63622" lon="-96.73969">
        <ele>123.1</ele>
      </trkpt>
      <trkpt lat="30.63546" lon="-96.73969">
        <ele>123.7</ele>
      </trkpt>
      <trkpt lat="30.63537" lon="-96.73969">
        <ele>123.5</ele>
      </trkpt>
      <trkpt lat="30.63489" lon="-96.73968">
        <ele>123.7</ele>
      </trkpt>
      <trkpt lat="30.63475" lon="-96.73968">
        <ele>123.8</ele>
      </trkpt>
      <trkpt lat="30.63452" lon="-96.73967">
        <ele>124.4</ele>
      </trkpt>
      <trkpt lat="30.63403" lon="-96.73966">
        <ele>125.7</ele>
      </trkpt>
      <trkpt lat="30.63331" lon="-96.73965">
        <ele>127.2</ele>
      </trkpt>
      <trkpt lat="30.63259" lon="-96.73964">
        <ele>128.5</ele>
      </trkpt>
      <trkpt lat="30.63115" lon="-96.73962">
        <ele>130.2</ele>
      </trkpt>
      <trkpt lat="30.62971" lon="-96.73959">
        <ele>133.9</ele>
      </trkpt>
      <trkpt lat="30.62953" lon="-96.73959">
        <ele>134.6</ele>
      </trkpt>
      <trkpt lat="30.62899" lon="-96.73957">
        <ele>136.1</ele>
      </trkpt>
      <trkpt lat="30.62891" lon="-96.73957">
        <ele>136.1</ele>
      </trkpt>
      <trkpt lat="30.62857" lon="-96.73956">
        <ele>136.2</ele>
      </trkpt>
      <trkpt lat="30.62845" lon="-96.73957">
        <ele>136.3</ele>
      </trkpt>
      <trkpt lat="30.62829" lon="-96.73959">
        <ele>136.4</ele>
      </trkpt>
      <trkpt lat="30.62808" lon="-96.73965">
        <ele>136.7</ele>
      </trkpt>
      <trkpt lat="30.62806" lon="-96.73966">
        <ele>136.7</ele>
      </trkpt>
      <trkpt lat="30.62792" lon="-96.73972">
        <ele>136.8</ele>
      </trkpt>
      <trkpt lat="30.62773" lon="-96.73982">
        <ele>136.7</ele>
      </trkpt>
      <trkpt lat="30.62742" lon="-96.74">
        <ele>136.6</ele>
      </trkpt>
      <trkpt lat="30.62646" lon="-96.74058">
        <ele>136.4</ele>
      </trkpt>
      <trkpt lat="30.62595" lon="-96.740889">
        <ele>136.6</ele>
      </trkpt>
      <trkpt lat="30.62486" lon="-96.74153">
        <ele>136.5</ele>
      </trkpt>
      <trkpt lat="30.62466" lon="-96.74166">
        <ele>136.4</ele>
      </trkpt>
      <trkpt lat="30.6241" lon="-96.742">
        <ele>136.3</ele>
      </trkpt>
      <trkpt lat="30.62407" lon="-96.74202">
        <ele>136.3</ele>
      </trkpt>
      <trkpt lat="30.62361" lon="-96.74235">
        <ele>136.3</ele>
      </trkpt>
      <trkpt lat="30.62358" lon="-96.74238">
        <ele>136.4</ele>
      </trkpt>
      <trkpt lat="30.62345" lon="-96.74248">
        <ele>136.6</ele>
      </trkpt>
      <trkpt lat="30.62332" lon="-96.74261">
        <ele>136.9</ele>
      </trkpt>
      <trkpt lat="30.62321" lon="-96.74274">
        <ele>137.0</ele>
      </trkpt>
      <trkpt lat="30.62315" lon="-96.74285">
        <ele>137.1</ele>
      </trkpt>
      <trkpt lat="30.62311" lon="-96.74298">
        <ele>137.1</ele>
      </trkpt>
      <trkpt lat="30.6231" lon="-96.7431">
        <ele>137.3</ele>
      </trkpt>
      <trkpt lat="30.62309" lon="-96.74336">
        <ele>138.6</ele>
      </trkpt>
      <trkpt lat="30.62305" lon="-96.74461">
        <ele>141.8</ele>
      </trkpt>
      <trkpt lat="30.62305" lon="-96.74489">
        <ele>141.9</ele>
      </trkpt>
      <trkpt lat="30.62304" lon="-96.74524">
        <ele>142.0</ele>
      </trkpt>
      <trkpt lat="30.62304" lon="-96.74533">
        <ele>142.1</ele>
      </trkpt>
      <trkpt lat="30.62303" lon="-96.74546">
        <ele>142.2</ele>
      </trkpt>
      <trkpt lat="30.62302" lon="-96.74558">
        <ele>142.3</ele>
      </trkpt>
      <trkpt lat="30.623" lon="-96.74565">
        <ele>142.2</ele>
      </trkpt>
      <trkpt lat="30.62299" lon="-96.745679">
        <ele>142.2</ele>
      </trkpt>
      <trkpt lat="30.62296" lon="-96.74576">
        <ele>142.2</ele>
      </trkpt>
      <trkpt lat="30.62291" lon="-96.74582">
        <ele>142.1</ele>
      </trkpt>
      <trkpt lat="30.62285" lon="-96.74587">
        <ele>141.9</ele>
      </trkpt>
      <trkpt lat="30.62277" lon="-96.74591">
        <ele>141.7</ele>
      </trkpt>
      <trkpt lat="30.62268" lon="-96.74593">
        <ele>141.3</ele>
      </trkpt>
      <trkpt lat="30.62221" lon="-96.745949">
        <ele>139.3</ele>
      </trkpt>
      <trkpt lat="30.62187" lon="-96.74596">
        <ele>138.2</ele>
      </trkpt>
      <trkpt lat="30.62113" lon="-96.746">
        <ele>136.1</ele>
      </trkpt>
      <trkpt lat="30.62005" lon="-96.74605">
        <ele>134.0</ele>
      </trkpt>
      <trkpt lat="30.61973" lon="-96.74607">
        <ele>133.6</ele>
      </trkpt>
      <trkpt lat="30.61735" lon="-96.74617">
        <ele>131.7</ele>
      </trkpt>
      <trkpt lat="30.61673" lon="-96.7462">
        <ele>130.8</ele>
      </trkpt>
      <trkpt lat="30.61484" lon="-96.74626">
        <ele>128.5</ele>
      </trkpt>
      <trkpt lat="30.61379" lon="-96.7463">
        <ele>127.4</ele>
      </trkpt>
      <trkpt lat="30.61367" lon="-96.746309">
        <ele>127.0</ele>
      </trkpt>
      <trkpt lat="30.61358" lon="-96.74632">
        <ele>126.6</ele>
      </trkpt>
      <trkpt lat="30.6131" lon="-96.74695">
        <ele>125.9</ele>
      </trkpt>
      <trkpt lat="30.61286" lon="-96.74728">
        <ele>126.3</ele>
      </trkpt>
      <trkpt lat="30.61278" lon="-96.74746">
        <ele>126.7</ele>
      </trkpt>
      <trkpt lat="30.61276" lon="-96.74767">
        <ele>127.1</ele>
      </trkpt>
      <trkpt lat="30.61276" lon="-96.74849">
        <ele>127.7</ele>
      </trkpt>
      <trkpt lat="30.61276" lon="-96.74923">
        <ele>128.1</ele>
      </trkpt>
      <trkpt lat="30.61275" lon="-96.75037">
        <ele>129.0</ele>
      </trkpt>
      <trkpt lat="30.61274" lon="-96.75142">
        <ele>130.3</ele>
      </trkpt>
      <trkpt lat="30.61273" lon="-96.75381">
        <ele>133.0</ele>
      </trkpt>
      <trkpt lat="30.61273" lon="-96.75381">
        <ele>133.0</ele>
      </trkpt>
      <trkpt lat="30.61329" lon="-96.75387">
        <ele>133.3</ele>
      </trkpt>
      <trkpt lat="30.61338" lon="-96.753919">
        <ele>133.5</ele>
      </trkpt>
      <trkpt lat="30.61347" lon="-96.75407">
        <ele>133.7</ele>
      </trkpt>
      <trkpt lat="30.6135" lon="-96.75427">
        <ele>133.9</ele>
      </trkpt>
      <trkpt lat="30.61352" lon="-96.75462">
        <ele>134.1</ele>
      </trkpt>
      <trkpt lat="30.61353" lon="-96.754679">
        <ele>134.2</ele>
      </trkpt>
      <trkpt lat="30.61359" lon="-96.75712">
        <ele>138.2</ele>
      </trkpt>
      <trkpt lat="30.6136" lon="-96.75762">
        <ele>139.3</ele>
      </trkpt>
      <trkpt lat="30.61366" lon="-96.75811">
        <ele>140.0</ele>
      </trkpt>
      <trkpt lat="30.61378" lon="-96.75878">
        <ele>140.1</ele>
      </trkpt>
      <trkpt lat="30.61397" lon="-96.7598">
        <ele>140.7</ele>
      </trkpt>
      <trkpt lat="30.61405" lon="-96.7602">
        <ele>140.7</ele>
      </trkpt>
      <trkpt lat="30.61428" lon="-96.76143">
        <ele>137.0</ele>
      </trkpt>
      <trkpt lat="30.61429" lon="-96.76147">
        <ele>136.9</ele>
      </trkpt>
      <trkpt lat="30.61431" lon="-96.761529">
        <ele>136.9</ele>
      </trkpt>
      <trkpt lat="30.61433" lon="-96.761619">
        <ele>136.7</ele>
      </trkpt>
      <trkpt lat="30.61441" lon="-96.76174">
        <ele>136.5</ele>
      </trkpt>
      <trkpt lat="30.61446" lon="-96.76178">
        <ele>136.5</ele>
      </trkpt>
      <trkpt lat="30.61452" lon="-96.76181">
        <ele>136.4</ele>
      </trkpt>
      <trkpt lat="30.61459" lon="-96.76182">
        <ele>136.4</ele>
      </trkpt>
      <trkpt lat="30.61467" lon="-96.76182">
        <ele>136.4</ele>
      </trkpt>
      <trkpt lat="30.61495" lon="-96.76181">
        <ele>136.0</ele>
      </trkpt>
      <trkpt lat="30.61517" lon="-96.76181">
        <ele>135.3</ele>
      </trkpt>
      <trkpt lat="30.61589" lon="-96.76175">
        <ele>134.3</ele>
      </trkpt>
      <trkpt lat="30.61637" lon="-96.76172">
        <ele>135.7</ele>
      </trkpt>
      <trkpt lat="30.61669" lon="-96.7617">
        <ele>136.9</ele>
      </trkpt>
      <trkpt lat="30.61679" lon="-96.76169">
        <ele>137.0</ele>
      </trkpt>
      <trkpt lat="30.61739" lon="-96.76166">
        <ele>139.4</ele>
      </trkpt>
      <trkpt lat="30.61741" lon="-96.76166">
        <ele>139.4</ele>
      </trkpt>
      <trkpt lat="30.61858" lon="-96.76158">
        <ele>141.7</ele>
      </trkpt>
      <trkpt lat="30.61925" lon="-96.76154">
        <ele>142.6</ele>
      </trkpt>
      <trkpt lat="30.6201" lon="-96.7615">
        <ele>141.7</ele>
      </trkpt>
      <trkpt lat="30.62023" lon="-96.76155">
        <ele>141.5</ele>
      </trkpt>
      <trkpt lat="30.62047" lon="-96.7624">
        <ele>138.2</ele>
      </trkpt>
      <trkpt lat="30.62059" lon="-96.76279">
        <ele>137.5</ele>
      </trkpt>
      <trkpt lat="30.62066" lon="-96.76303">
        <ele>138.2</ele>
      </trkpt>
      <trkpt lat="30.62066" lon="-96.76304">
        <ele>138.3</ele>
      </trkpt>
      <trkpt lat="30.62078" lon="-96.76328">
        <ele>139.8</ele>
      </trkpt>
      <trkpt lat="30.6211" lon="-96.76388">
        <ele>141.5</ele>
      </trkpt>
      <trkpt lat="30.62111" lon="-96.76389">
        <ele>141.5</ele>
      </trkpt>
      <trkpt lat="30.62152" lon="-96.76457">
        <ele>142.6</ele>
      </trkpt>
      <trkpt lat="30.62191" lon="-96.76528">
        <ele>142.8</ele>
      </trkpt>
      <trkpt lat="30.62248" lon="-96.76631">
        <ele>142.4</ele>
      </trkpt>
      <trkpt lat="30.62265" lon="-96.76658">
        <ele>142.3</ele>
      </trkpt>
      <trkpt lat="30.62291" lon="-96.76711">
        <ele>141.8</ele>
      </trkpt>
      <trkpt lat="30.62304" lon="-96.76736">
        <ele>140.7</ele>
      </trkpt>
      <trkpt lat="30.62312" lon="-96.76758">
        <ele>140.1</ele>
      </trkpt>
      <trkpt lat="30.62318" lon="-96.76783">
        <ele>139.8</ele>
      </trkpt>
      <trkpt lat="30.62323" lon="-96.76808">
        <ele>138.2</ele>
      </trkpt>
      <trkpt lat="30.62338" lon="-96.76884">
        <ele>134.2</ele>
      </trkpt>
      <trkpt lat="30.6234" lon="-96.7689">
        <ele>134.3</ele>
      </trkpt>
      <trkpt lat="30.6235" lon="-96.7693">
        <ele>135.3</ele>
      </trkpt>
      <trkpt lat="30.62384" lon="-96.7707">
        <ele>138.4</ele>
      </trkpt>
      <trkpt lat="30.62385" lon="-96.77073">
        <ele>138.5</ele>
      </trkpt>
      <trkpt lat="30.62419" lon="-96.77233">
        <ele>137.8</ele>
      </trkpt>
      <trkpt lat="30.62437" lon="-96.77314">
        <ele>138.0</ele>
      </trkpt>
      <trkpt lat="30.62467" lon="-96.774559">
        <ele>140.1</ele>
      </trkpt>
      <trkpt lat="30.6248" lon="-96.77517">
        <ele>140.8</ele>
      </trkpt>
      <trkpt lat="30.62485" lon="-96.7754">
        <ele>141.7</ele>
      </trkpt>
      <trkpt lat="30.62511" lon="-96.77658">
        <ele>141.9</ele>
      </trkpt>
      <trkpt lat="30.62511" lon="-96.77658">
        <ele>141.9</ele>
      </trkpt>
      <trkpt lat="30.62544" lon="-96.77811">
        <ele>139.2</ele>
      </trkpt>
      <trkpt lat="30.62546" lon="-96.77821">
        <ele>138.9</ele>
      </trkpt>
      <trkpt lat="30.62556" lon="-96.77863">
        <ele>138.9</ele>
      </trkpt>
      <trkpt lat="30.62565" lon="-96.77901">
        <ele>139.8</ele>
      </trkpt>
      <trkpt lat="30.62578" lon="-96.77958">
        <ele>140.4</ele>
      </trkpt>
      <trkpt lat="30.62587" lon="-96.78">
        <ele>141.4</ele>
      </trkpt>
      <trkpt lat="30.62594" lon="-96.78034">
        <ele>142.5</ele>
      </trkpt>
      <trkpt lat="30.6262" lon="-96.78156">
        <ele>146.1</ele>
      </trkpt>
      <trkpt lat="30.62624" lon="-96.78174">
        <ele>146.4</ele>
      </trkpt>
      <trkpt lat="30.62645" lon="-96.78278">
        <ele>147.6</ele>
      </trkpt>
      <trkpt lat="30.62652" lon="-96.78314">
        <ele>147.9</ele>
      </trkpt>
      <trkpt lat="30.62662" lon="-96.78359">
        <ele>148.1</ele>
      </trkpt>
      <trkpt lat="30.6268" lon="-96.78444">
        <ele>148.5</ele>
      </trkpt>
      <trkpt lat="30.62686" lon="-96.78463">
        <ele>148.6</ele>
      </trkpt>
      <trkpt lat="30.62692" lon="-96.78474">
        <ele>148.7</ele>
      </trkpt>
      <trkpt lat="30.62699" lon="-96.784809">
        <ele>148.9</ele>
      </trkpt>
      <trkpt lat="30.62707" lon="-96.78486">
        <ele>149.0</ele>
      </trkpt>
      <trkpt lat="30.62718" lon="-96.78488">
        <ele>149.2</ele>
      </trkpt>
      <trkpt lat="30.62729" lon="-96.78492">
        <ele>149.5</ele>
      </trkpt>
      <trkpt lat="30.62746" lon="-96.78492">
        <ele>150.2</ele>
      </trkpt>
      <trkpt lat="30.62766" lon="-96.78493">
        <ele>151.2</ele>
      </trkpt>
      <trkpt lat="30.62823" lon="-96.78493">
        <ele>152.4</ele>
      </trkpt>
      <trkpt lat="30.63016" lon="-96.78495">
        <ele>154.6</ele>
      </trkpt>
      <trkpt lat="30.63136" lon="-96.78496">
        <ele>154.2</ele>
      </trkpt>
      <trkpt lat="30.63186" lon="-96.78498">
        <ele>153.3</ele>
      </trkpt>
      <trkpt lat="30.63205" lon="-96.78501">
        <ele>152.9</ele>
      </trkpt>
      <trkpt lat="30.63212" lon="-96.785079">
        <ele>152.8</ele>
      </trkpt>
      <trkpt lat="30.63214" lon="-96.78516">
        <ele>152.9</ele>
      </trkpt>
      <trkpt lat="30.63217" lon="-96.78523">
        <ele>152.9</ele>
      </trkpt>
      <trkpt lat="30.6323" lon="-96.78568">
        <ele>152.9</ele>
      </trkpt>
      <trkpt lat="30.63231" lon="-96.78579">
        <ele>152.9</ele>
      </trkpt>
      <trkpt lat="30.63236" lon="-96.78613">
        <ele>153.5</ele>
      </trkpt>
      <trkpt lat="30.63238" lon="-96.78643">
        <ele>154.5</ele>
      </trkpt>
      <trkpt lat="30.6324" lon="-96.78718">
        <ele>155.7</ele>
      </trkpt>
      <trkpt lat="30.6324" lon="-96.78778">
        <ele>157.6</ele>
      </trkpt>
      <trkpt lat="30.63237" lon="-96.78879">
        <ele>158.9</ele>
      </trkpt>
      <trkpt lat="30.63235" lon="-96.78941">
        <ele>158.8</ele>
      </trkpt>
      <trkpt lat="30.63235" lon="-96.78953">
        <ele>158.8</ele>
      </trkpt>
      <trkpt lat="30.63234" lon="-96.79034">
        <ele>158.8</ele>
      </trkpt>
      <trkpt lat="30.63232" lon="-96.7916">
        <ele>159.4</ele>
      </trkpt>
      <trkpt lat="30.63231" lon="-96.79256">
        <ele>159.3</ele>
      </trkpt>
      <trkpt lat="30.6323" lon="-96.79275">
        <ele>159.1</ele>
      </trkpt>
      <trkpt lat="30.63228" lon="-96.79292">
        <ele>158.9</ele>
      </trkpt>
      <trkpt lat="30.63221" lon="-96.79312">
        <ele>158.8</ele>
      </trkpt>
      <trkpt lat="30.63214" lon="-96.79323">
        <ele>158.8</ele>
      </trkpt>
      <trkpt lat="30.63214" lon="-96.79323">
        <ele>158.8</ele>
      </trkpt>
      <trkpt lat="30.6325" lon="-96.793539">
        <ele>159.1</ele>
      </trkpt>
      <trkpt lat="30.63285" lon="-96.79385">
        <ele>159.8</ele>
      </trkpt>
      <trkpt lat="30.63311" lon="-96.79407">
        <ele>159.8</ele>
      </trkpt>
      <trkpt lat="30.63324" lon="-96.79417">
        <ele>159.7</ele>
      </trkpt>
      <trkpt lat="30.63324" lon="-96.79417">
        <ele>159.7</ele>
      </trkpt>
      <trkpt lat="30.63318" lon="-96.79425">
        <ele>159.8</ele>
      </trkpt>
      <trkpt lat="30.63312" lon="-96.79433">
        <ele>160.0</ele>
      </trkpt>
      <trkpt lat="30.63295" lon="-96.79453">
        <ele>160.3</ele>
      </trkpt>
      <trkpt lat="30.63279" lon="-96.79477">
        <ele>160.6</ele>
      </trkpt>
      <trkpt lat="30.63272" lon="-96.79485">
        <ele>160.8</ele>
      </trkpt>
      <trkpt lat="30.63259" lon="-96.79499">
        <ele>161.0</ele>
      </trkpt>
      <trkpt lat="30.63247" lon="-96.79512">
        <ele>161.1</ele>
      </trkpt>
      <trkpt lat="30.63203" lon="-96.79553">
        <ele>160.9</ele>
      </trkpt>
      <trkpt lat="30.63119" lon="-96.79631">
        <ele>162.6</ele>
      </trkpt>
      <trkpt lat="30.63091" lon="-96.79657">
        <ele>161.9</ele>
      </trkpt>
      <trkpt lat="30.63091" lon="-96.79657">
        <ele>161.9</ele>
      </trkpt>
      <trkpt lat="30.63035" lon="-96.7971">
        <ele>158.5</ele>
      </trkpt>
      <trkpt lat="30.63022" lon="-96.79722">
        <ele>157.9</ele>
      </trkpt>
      <trkpt lat="30.63018" lon="-96.79727">
        <ele>157.7</ele>
      </trkpt>
      <trkpt lat="30.63015" lon="-96.79732">
        <ele>157.6</ele>
      </trkpt>
      <trkpt lat="30.63011" lon="-96.7974">
        <ele>157.4</ele>
      </trkpt>
      <trkpt lat="30.63011" lon="-96.79741">
        <ele>157.4</ele>
      </trkpt>
      <trkpt lat="30.63008" lon="-96.79751">
        <ele>157.2</ele>
      </trkpt>
      <trkpt lat="30.63001" lon="-96.79777">
        <ele>156.5</ele>
      </trkpt>
      <trkpt lat="30.62963" lon="-96.79897">
        <ele>153.3</ele>
      </trkpt>
      <trkpt lat="30.62926" lon="-96.80012">
        <ele>148.0</ele>
      </trkpt>
      <trkpt lat="30.62909" lon="-96.80053">
        <ele>145.0</ele>
      </trkpt>
      <trkpt lat="30.62889" lon="-96.80102">
        <ele>141.8</ele>
      </trkpt>
      <trkpt lat="30.62888" lon="-96.80103">
        <ele>141.7</ele>
      </trkpt>
      <trkpt lat="30.62866" lon="-96.80144">
        <ele>139.9</ele>
      </trkpt>
      <trkpt lat="30.6285" lon="-96.80174">
        <ele>144.0</ele>
      </trkpt>
      <trkpt lat="30.62848" lon="-96.8018">
        <ele>144.2</ele>
      </trkpt>
      <trkpt lat="30.62846" lon="-96.80185">
        <ele>144.4</ele>
      </trkpt>
      <trkpt lat="30.62844" lon="-96.80197">
        <ele>144.5</ele>
      </trkpt>
      <trkpt lat="30.62848" lon="-96.80231">
        <ele>144.2</ele>
      </trkpt>
      <trkpt lat="30.62846" lon="-96.80241">
        <ele>144.2</ele>
      </trkpt>
      <trkpt lat="30.62836" lon="-96.80282">
        <ele>144.3</ele>
      </trkpt>
      <trkpt lat="30.62817" lon="-96.80362">
        <ele>141.2</ele>
      </trkpt>
      <trkpt lat="30.62802" lon="-96.80423">
        <ele>138.6</ele>
      </trkpt>
      <trkpt lat="30.62768" lon="-96.80562">
        <ele>134.7</ele>
      </trkpt>
      <trkpt lat="30.62768" lon="-96.805629">
        <ele>134.7</ele>
      </trkpt>
      <trkpt lat="30.62764" lon="-96.805809">
        <ele>135.2</ele>
      </trkpt>
      <trkpt lat="30.6276" lon="-96.80598">
        <ele>135.5</ele>
      </trkpt>
      <trkpt lat="30.62747" lon="-96.80628">
        <ele>135.6</ele>
      </trkpt>
      <trkpt lat="30.62721" lon="-96.80686">
        <ele>136.0</ele>
      </trkpt>
      <trkpt lat="30.62692" lon="-96.807509">
        <ele>135.9</ele>
      </trkpt>
      <trkpt lat="30.62673" lon="-96.80811">
        <ele>135.9</ele>
      </trkpt>
      <trkpt lat="30.62643" lon="-96.80909">
        <ele>135.3</ele>
      </trkpt>
      <trkpt lat="30.62619" lon="-96.80988">
        <ele>133.8</ele>
      </trkpt>
      <trkpt lat="30.62598" lon="-96.81054">
        <ele>131.2</ele>
      </trkpt>
      <trkpt lat="30.62585" lon="-96.81096">
        <ele>131.9</ele>
      </trkpt>
      <trkpt lat="30.62579" lon="-96.81115">
        <ele>132.7</ele>
      </trkpt>
      <trkpt lat="30.62577" lon="-96.81121">
        <ele>133.0</ele>
      </trkpt>
      <trkpt lat="30.62573" lon="-96.81135">
        <ele>133.9</ele>
      </trkpt>
      <trkpt lat="30.62573" lon="-96.81137">
        <ele>134.0</ele>
      </trkpt>
      <trkpt lat="30.62572" lon="-96.81151">
        <ele>134.7</ele>
      </trkpt>
      <trkpt lat="30.62578" lon="-96.8116">
        <ele>135.4</ele>
      </trkpt>
      <trkpt lat="30.62588" lon="-96.81167">
        <ele>136.4</ele>
      </trkpt>
      <trkpt lat="30.62589" lon="-96.81168">
        <ele>136.5</ele>
      </trkpt>
      <trkpt lat="30.62604" lon="-96.81174">
        <ele>137.3</ele>
      </trkpt>
      <trkpt lat="30.62605" lon="-96.81175">
        <ele>137.4</ele>
      </trkpt>
      <trkpt lat="30.62622" lon="-96.81182">
        <ele>137.6</ele>
      </trkpt>
      <trkpt lat="30.62672" lon="-96.81204">
        <ele>138.1</ele>
      </trkpt>
      <trkpt lat="30.62689" lon="-96.812119">
        <ele>138.2</ele>
      </trkpt>
      <trkpt lat="30.62694" lon="-96.81214">
        <ele>138.1</ele>
      </trkpt>
      <trkpt lat="30.62723" lon="-96.81225">
        <ele>138.3</ele>
      </trkpt>
      <trkpt lat="30.62757" lon="-96.812389">
        <ele>138.7</ele>
      </trkpt>
      <trkpt lat="30.62774" lon="-96.81245">
        <ele>138.9</ele>
      </trkpt>
      <trkpt lat="30.62851" lon="-96.81275">
        <ele>140.8</ele>
      </trkpt>
      <trkpt lat="30.62876" lon="-96.81286">
        <ele>141.2</ele>
      </trkpt>
      <trkpt lat="30.62908" lon="-96.81299">
        <ele>140.6</ele>
      </trkpt>
      <trkpt lat="30.6291" lon="-96.813">
        <ele>140.6</ele>
      </trkpt>
      <trkpt lat="30.62927" lon="-96.81308">
        <ele>140.2</ele>
      </trkpt>
      <trkpt lat="30.62977" lon="-96.8133">
        <ele>139.2</ele>
      </trkpt>
      <trkpt lat="30.63045" lon="-96.813599">
        <ele>136.9</ele>
      </trkpt>
      <trkpt lat="30.63112" lon="-96.81389">
        <ele>134.8</ele>
      </trkpt>
      <trkpt lat="30.63177" lon="-96.814179">
        <ele>132.2</ele>
      </trkpt>
      <trkpt lat="30.63196" lon="-96.81426">
        <ele>132.4</ele>
      </trkpt>
      <trkpt lat="30.63205" lon="-96.81429">
        <ele>132.6</ele>
      </trkpt>
      <trkpt lat="30.63247" lon="-96.81447">
        <ele>133.6</ele>
      </trkpt>
      <trkpt lat="30.63251" lon="-96.81449">
        <ele>133.7</ele>
      </trkpt>
      <trkpt lat="30.63264" lon="-96.814539">
        <ele>134.0</ele>
      </trkpt>
      <trkpt lat="30.63314" lon="-96.81477">
        <ele>136.1</ele>
      </trkpt>
      <trkpt lat="30.63314" lon="-96.81477">
        <ele>136.1</ele>
      </trkpt>
      <trkpt lat="30.6333" lon="-96.81483">
        <ele>136.7</ele>
      </trkpt>
      <trkpt lat="30.63348" lon="-96.81491">
        <ele>137.5</ele>
      </trkpt>
      <trkpt lat="30.63365" lon="-96.81498">
        <ele>138.1</ele>
      </trkpt>
      <trkpt lat="30.63483" lon="-96.815479">
        <ele>141.7</ele>
      </trkpt>
      <trkpt lat="30.63568" lon="-96.81584">
        <ele>145.4</ele>
      </trkpt>
      <trkpt lat="30.63593" lon="-96.81595">
        <ele>145.9</ele>
      </trkpt>
      <trkpt lat="30.63619" lon="-96.81603">
        <ele>147.0</ele>
      </trkpt>
      <trkpt lat="30.63635" lon="-96.81608">
        <ele>147.1</ele>
      </trkpt>
      <trkpt lat="30.63656" lon="-96.816239">
        <ele>146.1</ele>
      </trkpt>
      <trkpt lat="30.63662" lon="-96.816329">
        <ele>145.8</ele>
      </trkpt>
      <trkpt lat="30.63684" lon="-96.81666">
        <ele>144.6</ele>
      </trkpt>
      <trkpt lat="30.63698" lon="-96.81686">
        <ele>143.3</ele>
      </trkpt>
      <trkpt lat="30.63738" lon="-96.8175">
        <ele>140.1</ele>
      </trkpt>
      <trkpt lat="30.63748" lon="-96.81767">
        <ele>140.2</ele>
      </trkpt>
      <trkpt lat="30.6378" lon="-96.81818">
        <ele>139.7</ele>
      </trkpt>
      <trkpt lat="30.63798" lon="-96.81846">
        <ele>137.7</ele>
      </trkpt>
      <trkpt lat="30.63811" lon="-96.81869">
        <ele>135.5</ele>
      </trkpt>
      <trkpt lat="30.6382" lon="-96.81887">
        <ele>135.5</ele>
      </trkpt>
      <trkpt lat="30.6383" lon="-96.81904">
        <ele>136.2</ele>
      </trkpt>
      <trkpt lat="30.6385" lon="-96.8194">
        <ele>137.5</ele>
      </trkpt>
      <trkpt lat="30.6386" lon="-96.81957">
        <ele>137.8</ele>
      </trkpt>
      <trkpt lat="30.63874" lon="-96.81983">
        <ele>138.7</ele>
      </trkpt>
      <trkpt lat="30.6389" lon="-96.82008">
        <ele>139.5</ele>
      </trkpt>
      <trkpt lat="30.63976" lon="-96.82114">
        <ele>142.6</ele>
      </trkpt>
      <trkpt lat="30.63988" lon="-96.821299">
        <ele>142.3</ele>
      </trkpt>
      <trkpt lat="30.63989" lon="-96.821299">
        <ele>142.3</ele>
      </trkpt>
      <trkpt lat="30.63994" lon="-96.82134">
        <ele>142.2</ele>
      </trkpt>
      <trkpt lat="30.64002" lon="-96.82138">
        <ele>142.1</ele>
      </trkpt>
      <trkpt lat="30.64074" lon="-96.82162">
        <ele>142.2</ele>
      </trkpt>
      <trkpt lat="30.64091" lon="-96.82167">
        <ele>142.2</ele>
      </trkpt>
      <trkpt lat="30.64091" lon="-96.82167">
        <ele>142.2</ele>
      </trkpt>
      <trkpt lat="30.64072" lon="-96.82203">
        <ele>140.9</ele>
      </trkpt>
      <trkpt lat="30.64052" lon="-96.82238">
        <ele>139.0</ele>
      </trkpt>
      <trkpt lat="30.64045" lon="-96.82252">
        <ele>138.2</ele>
      </trkpt>
      <trkpt lat="30.64027" lon="-96.82294">
        <ele>136.3</ele>
      </trkpt>
      <trkpt lat="30.64019" lon="-96.82312">
        <ele>136.0</ele>
      </trkpt>
      <trkpt lat="30.64018" lon="-96.82315">
        <ele>136.0</ele>
      </trkpt>
      <trkpt lat="30.64" lon="-96.82373">
        <ele>138.1</ele>
      </trkpt>
      <trkpt lat="30.63994" lon="-96.82391">
        <ele>138.9</ele>
      </trkpt>
      <trkpt lat="30.63969" lon="-96.82469">
        <ele>135.8</ele>
      </trkpt>
      <trkpt lat="30.63956" lon="-96.82508">
        <ele>134.5</ele>
      </trkpt>
      <trkpt lat="30.6394" lon="-96.82561">
        <ele>135.2</ele>
      </trkpt>
      <trkpt lat="30.63915" lon="-96.82646">
        <ele>137.8</ele>
      </trkpt>
      <trkpt lat="30.63909" lon="-96.82666">
        <ele>138.5</ele>
      </trkpt>
      <trkpt lat="30.63904" lon="-96.82686">
        <ele>139.3</ele>
      </trkpt>
      <trkpt lat="30.63898" lon="-96.82706">
        <ele>140.0</ele>
      </trkpt>
      <trkpt lat="30.63887" lon="-96.82746">
        <ele>140.8</ele>
      </trkpt>
      <trkpt lat="30.63883" lon="-96.8276">
        <ele>141.0</ele>
      </trkpt>
      <trkpt lat="30.63876" lon="-96.827789">
        <ele>141.2</ele>
      </trkpt>
      <trkpt lat="30.6387" lon="-96.82799">
        <ele>140.6</ele>
      </trkpt>
      <trkpt lat="30.63863" lon="-96.82818">
        <ele>139.8</ele>
      </trkpt>
      <trkpt lat="30.63857" lon="-96.82838">
        <ele>138.9</ele>
      </trkpt>
      <trkpt lat="30.6385" lon="-96.82857">
        <ele>137.9</ele>
      </trkpt>
      <trkpt lat="30.63825" lon="-96.82935">
        <ele>137.2</ele>
      </trkpt>
      <trkpt lat="30.63803" lon="-96.83">
        <ele>137.2</ele>
      </trkpt>
      <trkpt lat="30.63779" lon="-96.83081">
        <ele>137.4</ele>
      </trkpt>
      <trkpt lat="30.63773" lon="-96.83101">
        <ele>137.6</ele>
      </trkpt>
      <trkpt lat="30.63762" lon="-96.8314">
        <ele>139.0</ele>
      </trkpt>
      <trkpt lat="30.63756" lon="-96.8316">
        <ele>139.7</ele>
      </trkpt>
      <trkpt lat="30.6375" lon="-96.8318">
        <ele>140.0</ele>
      </trkpt>
      <trkpt lat="30.63727" lon="-96.83259">
        <ele>141.4</ele>
      </trkpt>
      <trkpt lat="30.63714" lon="-96.83298">
        <ele>142.5</ele>
      </trkpt>
      <trkpt lat="30.63696" lon="-96.83357">
        <ele>144.2</ele>
      </trkpt>
      <trkpt lat="30.63639" lon="-96.83534">
        <ele>149.4</ele>
      </trkpt>
      <trkpt lat="30.63621" lon="-96.83592">
        <ele>152.3</ele>
      </trkpt>
      <trkpt lat="30.63608" lon="-96.83632">
        <ele>155.3</ele>
      </trkpt>
      <trkpt lat="30.63602" lon="-96.83651">
        <ele>156.1</ele>
      </trkpt>
      <trkpt lat="30.63577" lon="-96.8373">
        <ele>153.2</ele>
      </trkpt>
      <trkpt lat="30.63571" lon="-96.83749">
        <ele>152.5</ele>
      </trkpt>
      <trkpt lat="30.63546" lon="-96.83828">
        <ele>153.7</ele>
      </trkpt>
      <trkpt lat="30.6354" lon="-96.83847">
        <ele>153.4</ele>
      </trkpt>
      <trkpt lat="30.63515" lon="-96.83926">
        <ele>157.2</ele>
      </trkpt>
      <trkpt lat="30.63509" lon="-96.83945">
        <ele>157.8</ele>
      </trkpt>
      <trkpt lat="30.63471" lon="-96.84063">
        <ele>160.9</ele>
      </trkpt>
      <trkpt lat="30.63465" lon="-96.84083">
        <ele>161.2</ele>
      </trkpt>
      <trkpt lat="30.63434" lon="-96.8418">
        <ele>164.6</ele>
      </trkpt>
      <trkpt lat="30.63428" lon="-96.842">
        <ele>165.6</ele>
      </trkpt>
      <trkpt lat="30.63392" lon="-96.84318">
        <ele>162.5</ele>
      </trkpt>
      <trkpt lat="30.63386" lon="-96.84338">
        <ele>162.0</ele>
      </trkpt>
      <trkpt lat="30.63368" lon="-96.84397">
        <ele>160.7</ele>
      </trkpt>
      <trkpt lat="30.63337" lon="-96.84495">
        <ele>160.7</ele>
      </trkpt>
      <trkpt lat="30.63322" lon="-96.84555">
        <ele>160.5</ele>
      </trkpt>
      <trkpt lat="30.63309" lon="-96.84604">
        <ele>159.9</ele>
      </trkpt>
      <trkpt lat="30.63292" lon="-96.846639">
        <ele>157.6</ele>
      </trkpt>
      <trkpt lat="30.63258" lon="-96.84783">
        <ele>152.7</ele>
      </trkpt>
      <trkpt lat="30.63202" lon="-96.849819">
        <ele>149.5</ele>
      </trkpt>
      <trkpt lat="30.63191" lon="-96.85021">
        <ele>149.5</ele>
      </trkpt>
      <trkpt lat="30.63169" lon="-96.85099">
        <ele>147.2</ele>
      </trkpt>
      <trkpt lat="30.63145" lon="-96.85185">
        <ele>150.2</ele>
      </trkpt>
      <trkpt lat="30.63083" lon="-96.85403">
        <ele>153.6</ele>
      </trkpt>
      <trkpt lat="30.63061" lon="-96.85483">
        <ele>156.5</ele>
      </trkpt>
      <trkpt lat="30.63051" lon="-96.85518">
        <ele>157.7</ele>
      </trkpt>
      <trkpt lat="30.63043" lon="-96.85542">
        <ele>158.6</ele>
      </trkpt>
      <trkpt lat="30.62991" lon="-96.856979">
        <ele>168.8</ele>
      </trkpt>
      <trkpt lat="30.62978" lon="-96.85737">
        <ele>169.1</ele>
      </trkpt>
      <trkpt lat="30.62959" lon="-96.85795">
        <ele>166.9</ele>
      </trkpt>
      <trkpt lat="30.62959" lon="-96.85795">
        <ele>166.9</ele>
      </trkpt>
      <trkpt lat="30.62934" lon="-96.85785">
        <ele>167.0</ele>
      </trkpt>
      <trkpt lat="30.62901" lon="-96.8577">
        <ele>167.1</ele>
      </trkpt>
      <trkpt lat="30.62833" lon="-96.85742">
        <ele>166.6</ele>
      </trkpt>
      <trkpt lat="30.62766" lon="-96.85713">
        <ele>164.2</ele>
      </trkpt>
      <trkpt lat="30.62698" lon="-96.85684">
        <ele>163.8</ele>
      </trkpt>
      <trkpt lat="30.6266" lon="-96.85668">
        <ele>163.6</ele>
      </trkpt>
      <trkpt lat="30.62529" lon="-96.856129">
        <ele>161.4</ele>
      </trkpt>
      <trkpt lat="30.62499" lon="-96.856">
        <ele>160.5</ele>
      </trkpt>
      <trkpt lat="30.62383" lon="-96.85551">
        <ele>155.1</ele>
      </trkpt>
      <trkpt lat="30.62377" lon="-96.85549">
        <ele>154.9</ele>
      </trkpt>
      <trkpt lat="30.62352" lon="-96.85538">
        <ele>154.3</ele>
      </trkpt>
      <trkpt lat="30.6234" lon="-96.85536">
        <ele>153.9</ele>
      </trkpt>
      <trkpt lat="30.62333" lon="-96.85535">
        <ele>153.7</ele>
      </trkpt>
      <trkpt lat="30.62319" lon="-96.855369">
        <ele>153.3</ele>
      </trkpt>
      <trkpt lat="30.62297" lon="-96.85544">
        <ele>152.4</ele>
      </trkpt>
      <trkpt lat="30.62276" lon="-96.85549">
        <ele>151.8</ele>
      </trkpt>
      <trkpt lat="30.62272" lon="-96.8555">
        <ele>151.7</ele>
      </trkpt>
      <trkpt lat="30.62255" lon="-96.85553">
        <ele>151.2</ele>
      </trkpt>
      <trkpt lat="30.62241" lon="-96.85553">
        <ele>151.0</ele>
      </trkpt>
      <trkpt lat="30.62218" lon="-96.85552">
        <ele>151.0</ele>
      </trkpt>
      <trkpt lat="30.62184" lon="-96.85538">
        <ele>151.7</ele>
      </trkpt>
      <trkpt lat="30.62167" lon="-96.85531">
        <ele>151.4</ele>
      </trkpt>
      <trkpt lat="30.62099" lon="-96.85503">
        <ele>150.3</ele>
      </trkpt>
      <trkpt lat="30.62017" lon="-96.854699">
        <ele>149.1</ele>
      </trkpt>
      <trkpt lat="30.62015" lon="-96.85469">
        <ele>149.1</ele>
      </trkpt>
      <trkpt lat="30.61959" lon="-96.85446">
        <ele>148.9</ele>
      </trkpt>
      <trkpt lat="30.61937" lon="-96.8544">
        <ele>149.2</ele>
      </trkpt>
      <trkpt lat="30.61922" lon="-96.85438">
        <ele>149.6</ele>
      </trkpt>
      <trkpt lat="30.61912" lon="-96.85444">
        <ele>149.6</ele>
      </trkpt>
      <trkpt lat="30.61905" lon="-96.85463">
        <ele>149.5</ele>
      </trkpt>
      <trkpt lat="30.61897" lon="-96.85485">
        <ele>149.4</ele>
      </trkpt>
      <trkpt lat="30.61885" lon="-96.85509">
        <ele>149.0</ele>
      </trkpt>
      <trkpt lat="30.61879" lon="-96.85525">
        <ele>148.8</ele>
      </trkpt>
      <trkpt lat="30.61868" lon="-96.8554">
        <ele>148.4</ele>
      </trkpt>
      <trkpt lat="30.61845" lon="-96.8555">
        <ele>147.9</ele>
      </trkpt>
      <trkpt lat="30.61838" lon="-96.85553">
        <ele>147.8</ele>
      </trkpt>
      <trkpt lat="30.6181" lon="-96.85562">
        <ele>147.7</ele>
      </trkpt>
      <trkpt lat="30.61804" lon="-96.855639">
        <ele>147.7</ele>
      </trkpt>
      <trkpt lat="30.61773" lon="-96.8557">
        <ele>148.2</ele>
      </trkpt>
      <trkpt lat="30.61745" lon="-96.85569">
        <ele>148.5</ele>
      </trkpt>
      <trkpt lat="30.61733" lon="-96.85565">
        <ele>148.6</ele>
      </trkpt>
      <trkpt lat="30.61716" lon="-96.85558">
        <ele>148.5</ele>
      </trkpt>
      <trkpt lat="30.61699" lon="-96.85552">
        <ele>148.2</ele>
      </trkpt>
      <trkpt lat="30.61695" lon="-96.8555">
        <ele>148.2</ele>
      </trkpt>
      <trkpt lat="30.616" lon="-96.855">
        <ele>146.1</ele>
      </trkpt>
      <trkpt lat="30.61575" lon="-96.85486">
        <ele>145.4</ele>
      </trkpt>
      <trkpt lat="30.61552" lon="-96.85473">
        <ele>145.0</ele>
      </trkpt>
      <trkpt lat="30.61523" lon="-96.85456">
        <ele>144.7</ele>
      </trkpt>
      <trkpt lat="30.61487" lon="-96.85436">
        <ele>146.0</ele>
      </trkpt>
      <trkpt lat="30.61476" lon="-96.8543">
        <ele>145.8</ele>
      </trkpt>
      <trkpt lat="30.6146" lon="-96.85432">
        <ele>145.6</ele>
      </trkpt>
      <trkpt lat="30.61456" lon="-96.8544">
        <ele>145.7</ele>
      </trkpt>
      <trkpt lat="30.61449" lon="-96.85449">
        <ele>145.3</ele>
      </trkpt>
      <trkpt lat="30.61425" lon="-96.855369">
        <ele>140.8</ele>
      </trkpt>
      <trkpt lat="30.61394" lon="-96.85652">
        <ele>137.2</ele>
      </trkpt>
      <trkpt lat="30.61381" lon="-96.85714">
        <ele>133.4</ele>
      </trkpt>
      <trkpt lat="30.61368" lon="-96.85751">
        <ele>131.7</ele>
      </trkpt>
      <trkpt lat="30.61347" lon="-96.85805">
        <ele>128.8</ele>
      </trkpt>
      <trkpt lat="30.61345" lon="-96.85808">
        <ele>128.8</ele>
      </trkpt>
      <trkpt lat="30.61316" lon="-96.85877">
        <ele>131.1</ele>
      </trkpt>
      <trkpt lat="30.61295" lon="-96.85942">
        <ele>132.2</ele>
      </trkpt>
      <trkpt lat="30.6125" lon="-96.86087">
        <ele>134.8</ele>
      </trkpt>
      <trkpt lat="30.61239" lon="-96.86123">
        <ele>136.7</ele>
      </trkpt>
      <trkpt lat="30.6122" lon="-96.86181">
        <ele>140.1</ele>
      </trkpt>
      <trkpt lat="30.61214" lon="-96.86201">
        <ele>141.7</ele>
      </trkpt>
      <trkpt lat="30.61208" lon="-96.8622">
        <ele>142.7</ele>
      </trkpt>
      <trkpt lat="30.612" lon="-96.86246">
        <ele>144.5</ele>
      </trkpt>
      <trkpt lat="30.61175" lon="-96.86328">
        <ele>146.5</ele>
      </trkpt>
      <trkpt lat="30.61126" lon="-96.86485">
        <ele>147.9</ele>
      </trkpt>
      <trkpt lat="30.61083" lon="-96.86618">
        <ele>148.2</ele>
      </trkpt>
      <trkpt lat="30.61082" lon="-96.86619">
        <ele>148.1</ele>
      </trkpt>
      <trkpt lat="30.61065" lon="-96.86677">
        <ele>148.9</ele>
      </trkpt>
      <trkpt lat="30.61018" lon="-96.86835">
        <ele>155.7</ele>
      </trkpt>
      <trkpt lat="30.60994" lon="-96.86914">
        <ele>159.1</ele>
      </trkpt>
      <trkpt lat="30.60982" lon="-96.86954">
        <ele>159.4</ele>
      </trkpt>
      <trkpt lat="30.60964" lon="-96.87013">
        <ele>157.8</ele>
      </trkpt>
      <trkpt lat="30.6095" lon="-96.87055">
        <ele>156.9</ele>
      </trkpt>
      <trkpt lat="30.60925" lon="-96.87134">
        <ele>157.0</ele>
      </trkpt>
      <trkpt lat="30.60874" lon="-96.8729">
        <ele>159.5</ele>
      </trkpt>
      <trkpt lat="30.60857" lon="-96.87342">
        <ele>160.6</ele>
      </trkpt>
      <trkpt lat="30.60845" lon="-96.87389">
        <ele>161.9</ele>
      </trkpt>
      <trkpt lat="30.60831" lon="-96.87443">
        <ele>164.5</ele>
      </trkpt>
      <trkpt lat="30.60804" lon="-96.875159">
        <ele>168.8</ele>
      </trkpt>
      <trkpt lat="30.60801" lon="-96.87526">
        <ele>169.4</ele>
      </trkpt>
      <trkpt lat="30.60788" lon="-96.875649">
        <ele>171.9</ele>
      </trkpt>
      <trkpt lat="30.60784" lon="-96.87576">
        <ele>172.9</ele>
      </trkpt>
      <trkpt lat="30.60777" lon="-96.87604">
        <ele>174.3</ele>
      </trkpt>
      <trkpt lat="30.60765" lon="-96.87649">
        <ele>173.6</ele>
      </trkpt>
      <trkpt lat="30.60755" lon="-96.87684">
        <ele>172.6</ele>
      </trkpt>
      <trkpt lat="30.60727" lon="-96.87758">
        <ele>171.3</ele>
      </trkpt>
      <trkpt lat="30.60726" lon="-96.877619">
        <ele>171.2</ele>
      </trkpt>
      <trkpt lat="30.60714" lon="-96.87796">
        <ele>171.4</ele>
      </trkpt>
      <trkpt lat="30.60703" lon="-96.87827">
        <ele>172.1</ele>
      </trkpt>
      <trkpt lat="30.60701" lon="-96.87835">
        <ele>172.3</ele>
      </trkpt>
      <trkpt lat="30.6065" lon="-96.87992">
        <ele>177.3</ele>
      </trkpt>
      <trkpt lat="30.6065" lon="-96.87992">
        <ele>177.3</ele>
      </trkpt>
      <trkpt lat="30.6067" lon="-96.88006">
        <ele>177.4</ele>
      </trkpt>
      <trkpt lat="30.60692" lon="-96.88022">
        <ele>177.4</ele>
      </trkpt>
      <trkpt lat="30.60728" lon="-96.88061">
        <ele>177.4</ele>
      </trkpt>
      <trkpt lat="30.60737" lon="-96.88073">
        <ele>177.3</ele>
      </trkpt>
      <trkpt lat="30.60763" lon="-96.88112">
        <ele>177.2</ele>
      </trkpt>
      <trkpt lat="30.60805" lon="-96.88171">
        <ele>177.0</ele>
      </trkpt>
      <trkpt lat="30.60811" lon="-96.8818">
        <ele>177.0</ele>
      </trkpt>
      <trkpt lat="30.60836" lon="-96.88216">
        <ele>176.9</ele>
      </trkpt>
      <trkpt lat="30.60862" lon="-96.88254">
        <ele>176.7</ele>
      </trkpt>
      <trkpt lat="30.60867" lon="-96.88261">
        <ele>176.6</ele>
      </trkpt>
      <trkpt lat="30.60869" lon="-96.88263">
        <ele>176.6</ele>
      </trkpt>
      <trkpt lat="30.60901" lon="-96.88309">
        <ele>176.7</ele>
      </trkpt>
      <trkpt lat="30.60932" lon="-96.88349">
        <ele>176.0</ele>
      </trkpt>
      <trkpt lat="30.60937" lon="-96.88356">
        <ele>175.7</ele>
      </trkpt>
      <trkpt lat="30.60961" lon="-96.88387">
        <ele>174.9</ele>
      </trkpt>
      <trkpt lat="30.60994" lon="-96.884289">
        <ele>173.9</ele>
      </trkpt>
      <trkpt lat="30.61023" lon="-96.88463">
        <ele>173.8</ele>
      </trkpt>
      <trkpt lat="30.61026" lon="-96.88467">
        <ele>173.8</ele>
      </trkpt>
      <trkpt lat="30.61051" lon="-96.88498">
        <ele>174.2</ele>
      </trkpt>
      <trkpt lat="30.61093" lon="-96.885499">
        <ele>174.3</ele>
      </trkpt>
      <trkpt lat="30.61116" lon="-96.88581">
        <ele>173.9</ele>
      </trkpt>
      <trkpt lat="30.61144" lon="-96.88617">
        <ele>173.8</ele>
      </trkpt>
      <trkpt lat="30.61152" lon="-96.88627">
        <ele>173.9</ele>
      </trkpt>
      <trkpt lat="30.61169" lon="-96.88642">
        <ele>173.8</ele>
      </trkpt>
      <trkpt lat="30.61172" lon="-96.886439">
        <ele>173.7</ele>
      </trkpt>
      <trkpt lat="30.61185" lon="-96.886529">
        <ele>173.4</ele>
      </trkpt>
      <trkpt lat="30.61185" lon="-96.886529">
        <ele>173.4</ele>
      </trkpt>
      <trkpt lat="30.61185" lon="-96.88653">
        <ele>173.4</ele>
      </trkpt>
      <trkpt lat="30.61186" lon="-96.88654">
        <ele>173.4</ele>
      </trkpt>
      <trkpt lat="30.61187" lon="-96.88654">
        <ele>173.3</ele>
      </trkpt>
      <trkpt lat="30.61233" lon="-96.88685">
        <ele>171.3</ele>
      </trkpt>
      <trkpt lat="30.61254" lon="-96.88705">
        <ele>170.4</ele>
      </trkpt>
      <trkpt lat="30.61261" lon="-96.88713">
        <ele>169.9</ele>
      </trkpt>
      <trkpt lat="30.61275" lon="-96.88727">
        <ele>168.8</ele>
      </trkpt>
      <trkpt lat="30.61284" lon="-96.88737">
        <ele>168.3</ele>
      </trkpt>
      <trkpt lat="30.61311" lon="-96.8877">
        <ele>167.5</ele>
      </trkpt>
      <trkpt lat="30.61329" lon="-96.88797">
        <ele>165.9</ele>
      </trkpt>
      <trkpt lat="30.61334" lon="-96.88805">
        <ele>165.5</ele>
      </trkpt>
      <trkpt lat="30.61355" lon="-96.88839">
        <ele>164.0</ele>
      </trkpt>
      <trkpt lat="30.61381" lon="-96.88883">
        <ele>161.9</ele>
      </trkpt>
      <trkpt lat="30.61403" lon="-96.8892">
        <ele>161.2</ele>
      </trkpt>
      <trkpt lat="30.61407" lon="-96.88925">
        <ele>161.0</ele>
      </trkpt>
      <trkpt lat="30.61441" lon="-96.88973">
        <ele>159.3</ele>
      </trkpt>
      <trkpt lat="30.61448" lon="-96.88982">
        <ele>159.0</ele>
      </trkpt>
      <trkpt lat="30.61467" lon="-96.8901">
        <ele>158.7</ele>
      </trkpt>
      <trkpt lat="30.61519" lon="-96.89077">
        <ele>160.4</ele>
      </trkpt>
      <trkpt lat="30.61531" lon="-96.89092">
        <ele>160.3</ele>
      </trkpt>
      <trkpt lat="30.61532" lon="-96.89094">
        <ele>160.2</ele>
      </trkpt>
      <trkpt lat="30.61599" lon="-96.89172">
        <ele>159.1</ele>
      </trkpt>
      <trkpt lat="30.61607" lon="-96.89181">
        <ele>159.0</ele>
      </trkpt>
      <trkpt lat="30.61658" lon="-96.89239">
        <ele>155.4</ele>
      </trkpt>
      <trkpt lat="30.61659" lon="-96.89239">
        <ele>155.4</ele>
      </trkpt>
      <trkpt lat="30.61669" lon="-96.89256">
        <ele>155.8</ele>
      </trkpt>
      <trkpt lat="30.61683" lon="-96.89277">
        <ele>157.2</ele>
      </trkpt>
      <trkpt lat="30.61697" lon="-96.89317">
        <ele>158.5</ele>
      </trkpt>
      <trkpt lat="30.61721" lon="-96.89362">
        <ele>158.6</ele>
      </trkpt>
      <trkpt lat="30.61756" lon="-96.89403">
        <ele>158.5</ele>
      </trkpt>
      <trkpt lat="30.61759" lon="-96.89406">
        <ele>158.4</ele>
      </trkpt>
      <trkpt lat="30.61785" lon="-96.89434">
        <ele>157.9</ele>
      </trkpt>
      <trkpt lat="30.61835" lon="-96.89493">
        <ele>158.0</ele>
      </trkpt>
      <trkpt lat="30.61846" lon="-96.89511">
        <ele>158.0</ele>
      </trkpt>
      <trkpt lat="30.61857" lon="-96.89528">
        <ele>158.1</ele>
      </trkpt>
      <trkpt lat="30.6187" lon="-96.89556">
        <ele>158.2</ele>
      </trkpt>
      <trkpt lat="30.61882" lon="-96.89598">
        <ele>158.3</ele>
      </trkpt>
      <trkpt lat="30.6189" lon="-96.89636">
        <ele>158.3</ele>
      </trkpt>
      <trkpt lat="30.61896" lon="-96.89674">
        <ele>158.4</ele>
      </trkpt>
      <trkpt lat="30.61901" lon="-96.89707">
        <ele>158.6</ele>
      </trkpt>
      <trkpt lat="30.61902" lon="-96.89711">
        <ele>158.6</ele>
      </trkpt>
      <trkpt lat="30.61907" lon="-96.89727">
        <ele>158.6</ele>
      </trkpt>
      <trkpt lat="30.61913" lon="-96.89747">
        <ele>158.7</ele>
      </trkpt>
      <trkpt lat="30.61914" lon="-96.89749">
        <ele>158.7</ele>
      </trkpt>
      <trkpt lat="30.61933" lon="-96.898">
        <ele>158.1</ele>
      </trkpt>
      <trkpt lat="30.61944" lon="-96.89822">
        <ele>157.0</ele>
      </trkpt>
      <trkpt lat="30.61961" lon="-96.89859">
        <ele>155.1</ele>
      </trkpt>
      <trkpt lat="30.61961" lon="-96.8986">
        <ele>155.1</ele>
      </trkpt>
      <trkpt lat="30.6198" lon="-96.89891">
        <ele>154.7</ele>
      </trkpt>
      <trkpt lat="30.61981" lon="-96.89893">
        <ele>154.7</ele>
      </trkpt>
      <trkpt lat="30.61999" lon="-96.89915">
        <ele>155.7</ele>
      </trkpt>
      <trkpt lat="30.62024" lon="-96.8994">
        <ele>156.4</ele>
      </trkpt>
      <trkpt lat="30.62055" lon="-96.89957">
        <ele>157.3</ele>
      </trkpt>
      <trkpt lat="30.62098" lon="-96.89979">
        <ele>158.4</ele>
      </trkpt>
      <trkpt lat="30.62103" lon="-96.89981">
        <ele>158.5</ele>
      </trkpt>
      <trkpt lat="30.62119" lon="-96.89989">
        <ele>158.4</ele>
      </trkpt>
      <trkpt lat="30.62136" lon="-96.89997">
        <ele>158.4</ele>
      </trkpt>
      <trkpt lat="30.62138" lon="-96.89998">
        <ele>158.4</ele>
      </trkpt>
      <trkpt lat="30.62152" lon="-96.90003">
        <ele>158.4</ele>
      </trkpt>
      <trkpt lat="30.62153" lon="-96.90004">
        <ele>158.4</ele>
      </trkpt>
      <trkpt lat="30.6219" lon="-96.90019">
        <ele>158.0</ele>
      </trkpt>
      <trkpt lat="30.6222" lon="-96.90031">
        <ele>156.9</ele>
      </trkpt>
      <trkpt lat="30.62231" lon="-96.90035">
        <ele>156.6</ele>
      </trkpt>
      <trkpt lat="30.62238" lon="-96.90038">
        <ele>156.4</ele>
      </trkpt>
      <trkpt lat="30.62265" lon="-96.9005">
        <ele>156.1</ele>
      </trkpt>
      <trkpt lat="30.62288" lon="-96.9006">
        <ele>156.2</ele>
      </trkpt>
      <trkpt lat="30.6229" lon="-96.90061">
        <ele>156.2</ele>
      </trkpt>
      <trkpt lat="30.62298" lon="-96.90066">
        <ele>156.2</ele>
      </trkpt>
      <trkpt lat="30.62303" lon="-96.90072">
        <ele>156.3</ele>
      </trkpt>
      <trkpt lat="30.62303" lon="-96.90073">
        <ele>156.3</ele>
      </trkpt>
      <trkpt lat="30.62305" lon="-96.90076">
        <ele>156.3</ele>
      </trkpt>
      <trkpt lat="30.62306" lon="-96.9008">
        <ele>156.3</ele>
      </trkpt>
      <trkpt lat="30.62307" lon="-96.90089">
        <ele>156.2</ele>
      </trkpt>
      <trkpt lat="30.62306" lon="-96.90098">
        <ele>156.1</ele>
      </trkpt>
      <trkpt lat="30.62303" lon="-96.90111">
        <ele>156.1</ele>
      </trkpt>
      <trkpt lat="30.62303" lon="-96.90112">
        <ele>156.1</ele>
      </trkpt>
      <trkpt lat="30.62299" lon="-96.90133">
        <ele>156.0</ele>
      </trkpt>
      <trkpt lat="30.62299" lon="-96.90135">
        <ele>156.0</ele>
      </trkpt>
      <trkpt lat="30.62299" lon="-96.90147">
        <ele>156.0</ele>
      </trkpt>
      <trkpt lat="30.623" lon="-96.90156">
        <ele>156.0</ele>
      </trkpt>
      <trkpt lat="30.62303" lon="-96.90167">
        <ele>156.0</ele>
      </trkpt>
      <trkpt lat="30.62313" lon="-96.90188">
        <ele>156.0</ele>
      </trkpt>
      <trkpt lat="30.62328" lon="-96.90206">
        <ele>156.1</ele>
      </trkpt>
      <trkpt lat="30.6233" lon="-96.90209">
        <ele>156.1</ele>
      </trkpt>
      <trkpt lat="30.62342" lon="-96.90222">
        <ele>156.1</ele>
      </trkpt>
      <trkpt lat="30.62356" lon="-96.90232">
        <ele>155.9</ele>
      </trkpt>
      <trkpt lat="30.62385" lon="-96.90254">
        <ele>155.7</ele>
      </trkpt>
      <trkpt lat="30.62386" lon="-96.90255">
        <ele>155.7</ele>
      </trkpt>
      <trkpt lat="30.62413" lon="-96.90277">
        <ele>154.8</ele>
      </trkpt>
      <trkpt lat="30.62435" lon="-96.90298">
        <ele>153.9</ele>
      </trkpt>
      <trkpt lat="30.62456" lon="-96.9032">
        <ele>152.9</ele>
      </trkpt>
      <trkpt lat="30.62459" lon="-96.90323">
        <ele>152.8</ele>
      </trkpt>
      <trkpt lat="30.62469" lon="-96.90334">
        <ele>152.5</ele>
      </trkpt>
      <trkpt lat="30.62476" lon="-96.90341">
        <ele>152.4</ele>
      </trkpt>
      <trkpt lat="30.62495" lon="-96.9036">
        <ele>152.3</ele>
      </trkpt>
      <trkpt lat="30.62505" lon="-96.90368">
        <ele>152.3</ele>
      </trkpt>
      <trkpt lat="30.6252" lon="-96.90378">
        <ele>152.3</ele>
      </trkpt>
      <trkpt lat="30.62531" lon="-96.90384">
        <ele>152.3</ele>
      </trkpt>
      <trkpt lat="30.62542" lon="-96.90391">
        <ele>152.1</ele>
      </trkpt>
      <trkpt lat="30.62553" lon="-96.904">
        <ele>151.9</ele>
      </trkpt>
      <trkpt lat="30.62558" lon="-96.90404">
        <ele>151.8</ele>
      </trkpt>
      <trkpt lat="30.62564" lon="-96.90408">
        <ele>151.8</ele>
      </trkpt>
      <trkpt lat="30.62572" lon="-96.90418">
        <ele>151.6</ele>
      </trkpt>
      <trkpt lat="30.62573" lon="-96.9042">
        <ele>151.6</ele>
      </trkpt>
      <trkpt lat="30.62578" lon="-96.90427">
        <ele>151.5</ele>
      </trkpt>
      <trkpt lat="30.62585" lon="-96.90438">
        <ele>151.3</ele>
      </trkpt>
      <trkpt lat="30.62591" lon="-96.9045">
        <ele>151.0</ele>
      </trkpt>
      <trkpt lat="30.62609" lon="-96.90486">
        <ele>150.8</ele>
      </trkpt>
      <trkpt lat="30.62619" lon="-96.90509">
        <ele>150.8</ele>
      </trkpt>
      <trkpt lat="30.62638" lon="-96.90545">
        <ele>150.9</ele>
      </trkpt>
      <trkpt lat="30.62651" lon="-96.90568">
        <ele>150.8</ele>
      </trkpt>
      <trkpt lat="30.62665" lon="-96.90591">
        <ele>150.7</ele>
      </trkpt>
      <trkpt lat="30.62667" lon="-96.90595">
        <ele>150.6</ele>
      </trkpt>
      <trkpt lat="30.62674" lon="-96.90605">
        <ele>150.5</ele>
      </trkpt>
      <trkpt lat="30.62678" lon="-96.9061">
        <ele>150.5</ele>
      </trkpt>
      <trkpt lat="30.62684" lon="-96.90618">
        <ele>150.4</ele>
      </trkpt>
      <trkpt lat="30.62691" lon="-96.90626">
        <ele>150.4</ele>
      </trkpt>
      <trkpt lat="30.62693" lon="-96.90628">
        <ele>150.4</ele>
      </trkpt>
      <trkpt lat="30.62701" lon="-96.90633">
        <ele>150.5</ele>
      </trkpt>
      <trkpt lat="30.62716" lon="-96.90645">
        <ele>150.5</ele>
      </trkpt>
      <trkpt lat="30.62735" lon="-96.90652">
        <ele>150.7</ele>
      </trkpt>
      <trkpt lat="30.62739" lon="-96.90653">
        <ele>150.7</ele>
      </trkpt>
      <trkpt lat="30.62745" lon="-96.90655">
        <ele>150.8</ele>
      </trkpt>
      <trkpt lat="30.62756" lon="-96.90657">
        <ele>150.7</ele>
      </trkpt>
      <trkpt lat="30.62774" lon="-96.9066">
        <ele>149.8</ele>
      </trkpt>
      <trkpt lat="30.62784" lon="-96.90662">
        <ele>149.0</ele>
      </trkpt>
      <trkpt lat="30.62792" lon="-96.90663">
        <ele>148.5</ele>
      </trkpt>
      <trkpt lat="30.628" lon="-96.90664">
        <ele>147.9</ele>
      </trkpt>
      <trkpt lat="30.62832" lon="-96.9067">
        <ele>145.7</ele>
      </trkpt>
      <trkpt lat="30.62862" lon="-96.90679">
        <ele>144.1</ele>
      </trkpt>
      <trkpt lat="30.6287" lon="-96.90681">
        <ele>143.6</ele>
      </trkpt>
      <trkpt lat="30.62885" lon="-96.90686">
        <ele>142.9</ele>
      </trkpt>
      <trkpt lat="30.62901" lon="-96.90694">
        <ele>142.5</ele>
      </trkpt>
      <trkpt lat="30.62913" lon="-96.90701">
        <ele>142.3</ele>
      </trkpt>
      <trkpt lat="30.62921" lon="-96.90705">
        <ele>142.3</ele>
      </trkpt>
      <trkpt lat="30.6294" lon="-96.90718">
        <ele>143.0</ele>
      </trkpt>
      <trkpt lat="30.62944" lon="-96.90721">
        <ele>143.1</ele>
      </trkpt>
      <trkpt lat="30.62953" lon="-96.90728">
        <ele>143.7</ele>
      </trkpt>
      <trkpt lat="30.62959" lon="-96.90732">
        <ele>144.1</ele>
      </trkpt>
      <trkpt lat="30.62974" lon="-96.90744">
        <ele>145.2</ele>
      </trkpt>
      <trkpt lat="30.62989" lon="-96.90756">
        <ele>145.8</ele>
      </trkpt>
      <trkpt lat="30.63017" lon="-96.90781">
        <ele>148.0</ele>
      </trkpt>
      <trkpt lat="30.63018" lon="-96.90781">
        <ele>148.1</ele>
      </trkpt>
      <trkpt lat="30.6306" lon="-96.9082">
        <ele>150.8</ele>
      </trkpt>
      <trkpt lat="30.63101" lon="-96.90861">
        <ele>152.1</ele>
      </trkpt>
      <trkpt lat="30.63122" lon="-96.90883">
        <ele>152.1</ele>
      </trkpt>
      <trkpt lat="30.63128" lon="-96.90888">
        <ele>152.1</ele>
      </trkpt>
      <trkpt lat="30.63144" lon="-96.90899">
        <ele>152.0</ele>
      </trkpt>
      <trkpt lat="30.63172" lon="-96.90919">
        <ele>151.5</ele>
      </trkpt>
      <trkpt lat="30.63224" lon="-96.90947">
        <ele>149.8</ele>
      </trkpt>
      <trkpt lat="30.63272" lon="-96.90974">
        <ele>149.2</ele>
      </trkpt>
      <trkpt lat="30.6333" lon="-96.91006">
        <ele>149.0</ele>
      </trkpt>
      <trkpt lat="30.6333" lon="-96.91006">
        <ele>149.0</ele>
      </trkpt>
      <trkpt lat="30.63368" lon="-96.90894">
        <ele>151.1</ele>
      </trkpt>
      <trkpt lat="30.63382" lon="-96.90855">
        <ele>151.7</ele>
      </trkpt>
      <trkpt lat="30.63441" lon="-96.9068">
        <ele>154.2</ele>
      </trkpt>
      <trkpt lat="30.63461" lon="-96.90622">
        <ele>154.7</ele>
      </trkpt>
      <trkpt lat="30.63461" lon="-96.90622">
        <ele>154.7</ele>
      </trkpt>
      <trkpt lat="30.63509" lon="-96.906">
        <ele>156.0</ele>
      </trkpt>
      <trkpt lat="30.63521" lon="-96.90595">
        <ele>156.1</ele>
      </trkpt>
      <trkpt lat="30.63538" lon="-96.90587">
        <ele>156.2</ele>
      </trkpt>
      <trkpt lat="30.63542" lon="-96.90585">
        <ele>156.2</ele>
      </trkpt>
      <trkpt lat="30.63559" lon="-96.90578">
        <ele>156.2</ele>
      </trkpt>
      <trkpt lat="30.6361" lon="-96.90555">
        <ele>155.1</ele>
      </trkpt>
      <trkpt lat="30.6368" lon="-96.90523">
        <ele>153.6</ele>
      </trkpt>
      <trkpt lat="30.63689" lon="-96.90518">
        <ele>153.6</ele>
      </trkpt>
      <trkpt lat="30.63709" lon="-96.90507">
        <ele>153.5</ele>
      </trkpt>
      <trkpt lat="30.63756" lon="-96.9048">
        <ele>154.0</ele>
      </trkpt>
      <trkpt lat="30.6377" lon="-96.90472">
        <ele>154.0</ele>
      </trkpt>
      <trkpt lat="30.6379" lon="-96.90462">
        <ele>153.9</ele>
      </trkpt>
      <trkpt lat="30.63852" lon="-96.90429">
        <ele>154.0</ele>
      </trkpt>
      <trkpt lat="30.63869" lon="-96.90421">
        <ele>154.9</ele>
      </trkpt>
      <trkpt lat="30.63872" lon="-96.90419">
        <ele>155.1</ele>
      </trkpt>
      <trkpt lat="30.63889" lon="-96.9041">
        <ele>156.2</ele>
      </trkpt>
      <trkpt lat="30.63905" lon="-96.90402">
        <ele>156.5</ele>
      </trkpt>
      <trkpt lat="30.63984" lon="-96.9036">
        <ele>158.9</ele>
      </trkpt>
      <trkpt lat="30.63985" lon="-96.9036">
        <ele>158.9</ele>
      </trkpt>
      <trkpt lat="30.6403" lon="-96.90343">
        <ele>159.3</ele>
      </trkpt>
      <trkpt lat="30.6407" lon="-96.9033">
        <ele>160.4</ele>
      </trkpt>
      <trkpt lat="30.64073" lon="-96.90329">
        <ele>160.6</ele>
      </trkpt>
      <trkpt lat="30.64143" lon="-96.90307">
        <ele>162.1</ele>
      </trkpt>
      <trkpt lat="30.64232" lon="-96.9029">
        <ele>162.3</ele>
      </trkpt>
      <trkpt lat="30.64249" lon="-96.90287">
        <ele>162.5</ele>
      </trkpt>
      <trkpt lat="30.64264" lon="-96.90284">
        <ele>162.6</ele>
      </trkpt>
      <trkpt lat="30.6432" lon="-96.90271">
        <ele>163.9</ele>
      </trkpt>
      <trkpt lat="30.64322" lon="-96.9027">
        <ele>163.9</ele>
      </trkpt>
      <trkpt lat="30.64338" lon="-96.90268">
        <ele>164.5</ele>
      </trkpt>
      <trkpt lat="30.64347" lon="-96.90267">
        <ele>164.7</ele>
      </trkpt>
      <trkpt lat="30.64355" lon="-96.90266">
        <ele>164.8</ele>
      </trkpt>
      <trkpt lat="30.64374" lon="-96.90266">
        <ele>165.0</ele>
      </trkpt>
      <trkpt lat="30.64393" lon="-96.90269">
        <ele>165.1</ele>
      </trkpt>
      <trkpt lat="30.64416" lon="-96.90276">
        <ele>165.4</ele>
      </trkpt>
      <trkpt lat="30.64426" lon="-96.90281">
        <ele>165.8</ele>
      </trkpt>
      <trkpt lat="30.64434" lon="-96.90284">
        <ele>166.1</ele>
      </trkpt>
      <trkpt lat="30.64443" lon="-96.90287">
        <ele>166.4</ele>
      </trkpt>
      <trkpt lat="30.6446" lon="-96.90293">
        <ele>166.9</ele>
      </trkpt>
      <trkpt lat="30.64463" lon="-96.90294">
        <ele>167.0</ele>
      </trkpt>
      <trkpt lat="30.64478" lon="-96.90296">
        <ele>167.3</ele>
      </trkpt>
      <trkpt lat="30.64479" lon="-96.90296">
        <ele>167.3</ele>
      </trkpt>
      <trkpt lat="30.64492" lon="-96.90295">
        <ele>167.5</ele>
      </trkpt>
      <trkpt lat="30.64496" lon="-96.90294">
        <ele>167.5</ele>
      </trkpt>
      <trkpt lat="30.64531" lon="-96.90287">
        <ele>168.7</ele>
      </trkpt>
      <trkpt lat="30.64533" lon="-96.90287">
        <ele>168.9</ele>
      </trkpt>
      <trkpt lat="30.64566" lon="-96.90278">
        <ele>170.5</ele>
      </trkpt>
      <trkpt lat="30.64584" lon="-96.90273">
        <ele>171.3</ele>
      </trkpt>
      <trkpt lat="30.64592" lon="-96.90276">
        <ele>171.6</ele>
      </trkpt>
      <trkpt lat="30.64603" lon="-96.90275">
        <ele>172.1</ele>
      </trkpt>
      <trkpt lat="30.6462" lon="-96.90275">
        <ele>173.0</ele>
      </trkpt>
      <trkpt lat="30.64628" lon="-96.90274">
        <ele>173.4</ele>
      </trkpt>
      <trkpt lat="30.64637" lon="-96.90273">
        <ele>173.8</ele>
      </trkpt>
      <trkpt lat="30.64655" lon="-96.9027">
        <ele>174.8</ele>
      </trkpt>
      <trkpt lat="30.64707" lon="-96.90254">
        <ele>177.3</ele>
      </trkpt>
      <trkpt lat="30.64712" lon="-96.90253">
        <ele>177.4</ele>
      </trkpt>
      <trkpt lat="30.64725" lon="-96.90249">
        <ele>177.7</ele>
      </trkpt>
      <trkpt lat="30.6476" lon="-96.9024">
        <ele>178.4</ele>
      </trkpt>
      <trkpt lat="30.64778" lon="-96.90235">
        <ele>178.6</ele>
      </trkpt>
      <trkpt lat="30.64811" lon="-96.90227">
        <ele>178.7</ele>
      </trkpt>
      <trkpt lat="30.6483" lon="-96.90222">
        <ele>178.7</ele>
      </trkpt>
      <trkpt lat="30.64867" lon="-96.90213">
        <ele>178.5</ele>
      </trkpt>
      <trkpt lat="30.64928" lon="-96.90192">
        <ele>178.1</ele>
      </trkpt>
      <trkpt lat="30.64943" lon="-96.90188">
        <ele>178.0</ele>
      </trkpt>
      <trkpt lat="30.64998" lon="-96.90174">
        <ele>177.6</ele>
      </trkpt>
      <trkpt lat="30.65015" lon="-96.90169">
        <ele>177.4</ele>
      </trkpt>
      <trkpt lat="30.65068" lon="-96.90155">
        <ele>177.1</ele>
      </trkpt>
      <trkpt lat="30.65086" lon="-96.90151">
        <ele>177.0</ele>
      </trkpt>
      <trkpt lat="30.65161" lon="-96.90131">
        <ele>175.9</ele>
      </trkpt>
      <trkpt lat="30.65191" lon="-96.90123">
        <ele>175.3</ele>
      </trkpt>
      <trkpt lat="30.65196" lon="-96.90122">
        <ele>175.2</ele>
      </trkpt>
      <trkpt lat="30.65207" lon="-96.90119">
        <ele>175.0</ele>
      </trkpt>
      <trkpt lat="30.65213" lon="-96.90118">
        <ele>174.8</ele>
      </trkpt>
      <trkpt lat="30.65295" lon="-96.90096">
        <ele>172.4</ele>
      </trkpt>
      <trkpt lat="30.65296" lon="-96.90096">
        <ele>172.4</ele>
      </trkpt>
      <trkpt lat="30.65301" lon="-96.90095">
        <ele>172.2</ele>
      </trkpt>
      <trkpt lat="30.6533" lon="-96.90087">
        <ele>171.8</ele>
      </trkpt>
      <trkpt lat="30.65366" lon="-96.90078">
        <ele>173.3</ele>
      </trkpt>
      <trkpt lat="30.65366" lon="-96.90078">
        <ele>173.3</ele>
      </trkpt>
      <trkpt lat="30.65376" lon="-96.90001">
        <ele>174.6</ele>
      </trkpt>
      <trkpt lat="30.65378" lon="-96.89967">
        <ele>174.7</ele>
      </trkpt>
      <trkpt lat="30.65378" lon="-96.8996">
        <ele>174.7</ele>
      </trkpt>
      <trkpt lat="30.65379" lon="-96.89939">
        <ele>174.5</ele>
      </trkpt>
      <trkpt lat="30.65381" lon="-96.89908">
        <ele>173.8</ele>
      </trkpt>
      <trkpt lat="30.65379" lon="-96.89883">
        <ele>171.7</ele>
      </trkpt>
      <trkpt lat="30.65378" lon="-96.89855">
        <ele>170.2</ele>
      </trkpt>
      <trkpt lat="30.65377" lon="-96.89841">
        <ele>169.6</ele>
      </trkpt>
      <trkpt lat="30.65377" lon="-96.89834">
        <ele>169.4</ele>
      </trkpt>
      <trkpt lat="30.65376" lon="-96.8982">
        <ele>169.4</ele>
      </trkpt>
      <trkpt lat="30.65374" lon="-96.89774">
        <ele>170.4</ele>
      </trkpt>
      <trkpt lat="30.65373" lon="-96.89758">
        <ele>170.9</ele>
      </trkpt>
      <trkpt lat="30.65372" lon="-96.89725">
        <ele>171.6</ele>
      </trkpt>
      <trkpt lat="30.65374" lon="-96.89716">
        <ele>171.7</ele>
      </trkpt>
      <trkpt lat="30.65389" lon="-96.89649">
        <ele>173.3</ele>
      </trkpt>
      <trkpt lat="30.65393" lon="-96.89636">
        <ele>173.3</ele>
      </trkpt>
      <trkpt lat="30.65411" lon="-96.89571">
        <ele>173.1</ele>
      </trkpt>
      <trkpt lat="30.65424" lon="-96.89538">
        <ele>173.7</ele>
      </trkpt>
      <trkpt lat="30.65431" lon="-96.89518">
        <ele>174.3</ele>
      </trkpt>
      <trkpt lat="30.65434" lon="-96.8951">
        <ele>174.5</ele>
      </trkpt>
      <trkpt lat="30.6548" lon="-96.89426">
        <ele>173.4</ele>
      </trkpt>
      <trkpt lat="30.65481" lon="-96.89409">
        <ele>173.2</ele>
      </trkpt>
      <trkpt lat="30.6548" lon="-96.89388">
        <ele>173.1</ele>
      </trkpt>
      <trkpt lat="30.65441" lon="-96.89295">
        <ele>175.7</ele>
      </trkpt>
      <trkpt lat="30.65433" lon="-96.89276">
        <ele>176.2</ele>
      </trkpt>
      <trkpt lat="30.65405" lon="-96.89211">
        <ele>177.5</ele>
      </trkpt>
      <trkpt lat="30.65393" lon="-96.89182">
        <ele>177.8</ele>
      </trkpt>
      <trkpt lat="30.65377" lon="-96.89145">
        <ele>177.0</ele>
      </trkpt>
      <trkpt lat="30.65375" lon="-96.89141">
        <ele>176.9</ele>
      </trkpt>
      <trkpt lat="30.65362" lon="-96.89117">
        <ele>176.0</ele>
      </trkpt>
      <trkpt lat="30.65353" lon="-96.89089">
        <ele>175.6</ele>
      </trkpt>
      <trkpt lat="30.65348" lon="-96.89074">
        <ele>175.4</ele>
      </trkpt>
      <trkpt lat="30.65336" lon="-96.89021">
        <ele>175.3</ele>
      </trkpt>
      <trkpt lat="30.65321" lon="-96.88954">
        <ele>175.1</ele>
      </trkpt>
      <trkpt lat="30.65309" lon="-96.88899">
        <ele>174.7</ele>
      </trkpt>
      <trkpt lat="30.65286" lon="-96.88814">
        <ele>172.5</ele>
      </trkpt>
      <trkpt lat="30.65281" lon="-96.88794">
        <ele>171.6</ele>
      </trkpt>
      <trkpt lat="30.65275" lon="-96.88774">
        <ele>170.8</ele>
      </trkpt>
      <trkpt lat="30.65259" lon="-96.88714">
        <ele>170.0</ele>
      </trkpt>
      <trkpt lat="30.65254" lon="-96.88694">
        <ele>169.6</ele>
      </trkpt>
      <trkpt lat="30.65243" lon="-96.88654">
        <ele>168.3</ele>
      </trkpt>
      <trkpt lat="30.65206" lon="-96.88514">
        <ele>163.4</ele>
      </trkpt>
      <trkpt lat="30.65195" lon="-96.88474">
        <ele>161.9</ele>
      </trkpt>
      <trkpt lat="30.6519" lon="-96.88454">
        <ele>161.0</ele>
      </trkpt>
      <trkpt lat="30.65185" lon="-96.88434">
        <ele>159.8</ele>
      </trkpt>
      <trkpt lat="30.65181" lon="-96.8842">
        <ele>159.0</ele>
      </trkpt>
      <trkpt lat="30.65177" lon="-96.88385">
        <ele>157.5</ele>
      </trkpt>
      <trkpt lat="30.65177" lon="-96.88351">
        <ele>156.3</ele>
      </trkpt>
      <trkpt lat="30.65176" lon="-96.88331">
        <ele>155.4</ele>
      </trkpt>
      <trkpt lat="30.65176" lon="-96.8833">
        <ele>155.4</ele>
      </trkpt>
      <trkpt lat="30.65174" lon="-96.88289">
        <ele>153.3</ele>
      </trkpt>
      <trkpt lat="30.65174" lon="-96.88282">
        <ele>153.1</ele>
      </trkpt>
      <trkpt lat="30.65172" lon="-96.88268">
        <ele>152.7</ele>
      </trkpt>
      <trkpt lat="30.65167" lon="-96.88238">
        <ele>151.9</ele>
      </trkpt>
      <trkpt lat="30.65159" lon="-96.88207">
        <ele>150.9</ele>
      </trkpt>
      <trkpt lat="30.65148" lon="-96.88167">
        <ele>150.7</ele>
      </trkpt>
      <trkpt lat="30.65146" lon="-96.88158">
        <ele>150.9</ele>
      </trkpt>
      <trkpt lat="30.65143" lon="-96.88147">
        <ele>151.2</ele>
      </trkpt>
      <trkpt lat="30.65138" lon="-96.88129">
        <ele>151.8</ele>
      </trkpt>
      <trkpt lat="30.65127" lon="-96.8811">
        <ele>152.5</ele>
      </trkpt>
      <trkpt lat="30.65123" lon="-96.88102">
        <ele>153.0</ele>
      </trkpt>
      <trkpt lat="30.65118" lon="-96.88092">
        <ele>153.6</ele>
      </trkpt>
      <trkpt lat="30.65112" lon="-96.88082">
        <ele>154.4</ele>
      </trkpt>
      <trkpt lat="30.65036" lon="-96.87981">
        <ele>158.9</ele>
      </trkpt>
      <trkpt lat="30.65006" lon="-96.87942">
        <ele>160.8</ele>
      </trkpt>
      <trkpt lat="30.65001" lon="-96.87935">
        <ele>160.9</ele>
      </trkpt>
      <trkpt lat="30.65" lon="-96.87934">
        <ele>160.9</ele>
      </trkpt>
      <trkpt lat="30.64996" lon="-96.87925">
        <ele>161.0</ele>
      </trkpt>
      <trkpt lat="30.64991" lon="-96.87916">
        <ele>160.8</ele>
      </trkpt>
      <trkpt lat="30.64987" lon="-96.87907">
        <ele>160.6</ele>
      </trkpt>
      <trkpt lat="30.64982" lon="-96.87898">
        <ele>160.3</ele>
      </trkpt>
      <trkpt lat="30.6495" lon="-96.87835">
        <ele>157.5</ele>
      </trkpt>
      <trkpt lat="30.64946" lon="-96.87826">
        <ele>156.9</ele>
      </trkpt>
      <trkpt lat="30.64936" lon="-96.87808">
        <ele>155.6</ele>
      </trkpt>
      <trkpt lat="30.64932" lon="-96.87799">
        <ele>154.8</ele>
      </trkpt>
      <trkpt lat="30.64927" lon="-96.8779">
        <ele>153.7</ele>
      </trkpt>
      <trkpt lat="30.64914" lon="-96.87763">
        <ele>151.6</ele>
      </trkpt>
      <trkpt lat="30.6491" lon="-96.87755">
        <ele>151.1</ele>
      </trkpt>
      <trkpt lat="30.64909" lon="-96.87754">
        <ele>151.0</ele>
      </trkpt>
      <trkpt lat="30.64885" lon="-96.87704">
        <ele>149.0</ele>
      </trkpt>
      <trkpt lat="30.64876" lon="-96.8768">
        <ele>150.5</ele>
      </trkpt>
      <trkpt lat="30.64872" lon="-96.87671">
        <ele>151.2</ele>
      </trkpt>
      <trkpt lat="30.64869" lon="-96.87661">
        <ele>151.7</ele>
      </trkpt>
      <trkpt lat="30.64861" lon="-96.87642">
        <ele>152.2</ele>
      </trkpt>
      <trkpt lat="30.64858" lon="-96.87632">
        <ele>152.4</ele>
      </trkpt>
      <trkpt lat="30.64854" lon="-96.87622">
        <ele>152.5</ele>
      </trkpt>
      <trkpt lat="30.64853" lon="-96.87619">
        <ele>152.5</ele>
      </trkpt>
      <trkpt lat="30.64844" lon="-96.8759">
        <ele>154.9</ele>
      </trkpt>
      <trkpt lat="30.64844" lon="-96.87572">
        <ele>155.4</ele>
      </trkpt>
      <trkpt lat="30.64844" lon="-96.87566">
        <ele>155.5</ele>
      </trkpt>
      <trkpt lat="30.64843" lon="-96.87562">
        <ele>155.5</ele>
      </trkpt>
      <trkpt lat="30.64839" lon="-96.8754">
        <ele>156.5</ele>
      </trkpt>
      <trkpt lat="30.64823" lon="-96.875">
        <ele>158.4</ele>
      </trkpt>
      <trkpt lat="30.6482" lon="-96.87495">
        <ele>158.5</ele>
      </trkpt>
      <trkpt lat="30.64815" lon="-96.87486">
        <ele>158.5</ele>
      </trkpt>
      <trkpt lat="30.64782" lon="-96.87424">
        <ele>158.9</ele>
      </trkpt>
      <trkpt lat="30.64779" lon="-96.87419">
        <ele>158.9</ele>
      </trkpt>
      <trkpt lat="30.64777" lon="-96.87415">
        <ele>159.1</ele>
      </trkpt>
      <trkpt lat="30.64767" lon="-96.87397">
        <ele>161.4</ele>
      </trkpt>
      <trkpt lat="30.64751" lon="-96.87367">
        <ele>161.7</ele>
      </trkpt>
      <trkpt lat="30.64751" lon="-96.87367">
        <ele>161.7</ele>
      </trkpt>
      <trkpt lat="30.64734" lon="-96.8741">
        <ele>162.8</ele>
      </trkpt>
      <trkpt lat="30.64728" lon="-96.87425">
        <ele>162.8</ele>
      </trkpt>
      <trkpt lat="30.64727" lon="-96.8743">
        <ele>162.8</ele>
      </trkpt>
      <trkpt lat="30.64722" lon="-96.8745">
        <ele>162.7</ele>
      </trkpt>
      <trkpt lat="30.64709" lon="-96.87509">
        <ele>162.3</ele>
      </trkpt>
      <trkpt lat="30.64709" lon="-96.87511">
        <ele>162.3</ele>
      </trkpt>
      <trkpt lat="30.64708" lon="-96.87564">
        <ele>162.0</ele>
      </trkpt>
      <trkpt lat="30.64707" lon="-96.87573">
        <ele>162.0</ele>
      </trkpt>
      <trkpt lat="30.64703" lon="-96.87594">
        <ele>161.7</ele>
      </trkpt>
      <trkpt lat="30.64701" lon="-96.87605">
        <ele>161.5</ele>
      </trkpt>
      <trkpt lat="30.64681" lon="-96.87625">
        <ele>161.3</ele>
      </trkpt>
      <trkpt lat="30.64668" lon="-96.87639">
        <ele>161.0</ele>
      </trkpt>
      <trkpt lat="30.64647" lon="-96.8766">
        <ele>160.7</ele>
      </trkpt>
      <trkpt lat="30.64594" lon="-96.87697">
        <ele>157.8</ele>
      </trkpt>
      <trkpt lat="30.64591" lon="-96.87699">
        <ele>157.7</ele>
      </trkpt>
      <trkpt lat="30.6458" lon="-96.87704">
        <ele>157.2</ele>
      </trkpt>
      <trkpt lat="30.64568" lon="-96.87702">
        <ele>156.9</ele>
      </trkpt>
      <trkpt lat="30.6456" lon="-96.87697">
        <ele>156.9</ele>
      </trkpt>
      <trkpt lat="30.64549" lon="-96.87689">
        <ele>156.8</ele>
      </trkpt>
      <trkpt lat="30.64533" lon="-96.87676">
        <ele>156.9</ele>
      </trkpt>
      <trkpt lat="30.6453" lon="-96.87674">
        <ele>156.9</ele>
      </trkpt>
      <trkpt lat="30.64518" lon="-96.87661">
        <ele>157.7</ele>
      </trkpt>
      <trkpt lat="30.64502" lon="-96.87646">
        <ele>158.5</ele>
      </trkpt>
      <trkpt lat="30.64485" lon="-96.8764">
        <ele>158.7</ele>
      </trkpt>
      <trkpt lat="30.64468" lon="-96.87635">
        <ele>158.9</ele>
      </trkpt>
      <trkpt lat="30.64451" lon="-96.8763">
        <ele>159.0</ele>
      </trkpt>
      <trkpt lat="30.6445" lon="-96.87629">
        <ele>159.1</ele>
      </trkpt>
      <trkpt lat="30.64362" lon="-96.87612">
        <ele>159.4</ele>
      </trkpt>
      <trkpt lat="30.64331" lon="-96.87605">
        <ele>159.5</ele>
      </trkpt>
      <trkpt lat="30.64276" lon="-96.87585">
        <ele>160.0</ele>
      </trkpt>
      <trkpt lat="30.64272" lon="-96.87584">
        <ele>160.1</ele>
      </trkpt>
      <trkpt lat="30.64224" lon="-96.87588">
        <ele>160.6</ele>
      </trkpt>
      <trkpt lat="30.64204" lon="-96.87587">
        <ele>161.1</ele>
      </trkpt>
      <trkpt lat="30.64186" lon="-96.87587">
        <ele>161.6</ele>
      </trkpt>
      <trkpt lat="30.64168" lon="-96.87586">
        <ele>161.6</ele>
      </trkpt>
      <trkpt lat="30.64132" lon="-96.87585">
        <ele>161.6</ele>
      </trkpt>
      <trkpt lat="30.64042" lon="-96.87583">
        <ele>159.8</ele>
      </trkpt>
      <trkpt lat="30.64024" lon="-96.87583">
        <ele>159.7</ele>
      </trkpt>
      <trkpt lat="30.64006" lon="-96.87582">
        <ele>159.6</ele>
      </trkpt>
      <trkpt lat="30.63934" lon="-96.8758">
        <ele>159.3</ele>
      </trkpt>
      <trkpt lat="30.63916" lon="-96.8758">
        <ele>159.2</ele>
      </trkpt>
      <trkpt lat="30.6388" lon="-96.87579">
        <ele>160.1</ele>
      </trkpt>
      <trkpt lat="30.63808" lon="-96.87577">
        <ele>160.5</ele>
      </trkpt>
      <trkpt lat="30.637" lon="-96.87574">
        <ele>159.0</ele>
      </trkpt>
      <trkpt lat="30.63637" lon="-96.87563">
        <ele>159.4</ele>
      </trkpt>
      <trkpt lat="30.63589" lon="-96.87565">
        <ele>159.1</ele>
      </trkpt>
      <trkpt lat="30.63583" lon="-96.87569">
        <ele>159.1</ele>
      </trkpt>
      <trkpt lat="30.63538" lon="-96.87598">
        <ele>157.3</ele>
      </trkpt>
      <trkpt lat="30.63471" lon="-96.87636">
        <ele>155.2</ele>
      </trkpt>
      <trkpt lat="30.63439" lon="-96.87655">
        <ele>153.8</ele>
      </trkpt>
      <trkpt lat="30.63437" lon="-96.87656">
        <ele>153.7</ele>
      </trkpt>
      <trkpt lat="30.63425" lon="-96.87668">
        <ele>153.3</ele>
      </trkpt>
      <trkpt lat="30.63396" lon="-96.87701">
        <ele>153.1</ele>
      </trkpt>
      <trkpt lat="30.63365" lon="-96.87714">
        <ele>153.3</ele>
      </trkpt>
      <trkpt lat="30.63345" lon="-96.87711">
        <ele>153.8</ele>
      </trkpt>
      <trkpt lat="30.63327" lon="-96.87699">
        <ele>154.3</ele>
      </trkpt>
      <trkpt lat="30.63291" lon="-96.87671">
        <ele>153.5</ele>
      </trkpt>
      <trkpt lat="30.63288" lon="-96.87668">
        <ele>153.4</ele>
      </trkpt>
      <trkpt lat="30.63263" lon="-96.87644">
        <ele>152.8</ele>
      </trkpt>
      <trkpt lat="30.6326" lon="-96.87642">
        <ele>152.8</ele>
      </trkpt>
      <trkpt lat="30.63244" lon="-96.87633">
        <ele>152.6</ele>
      </trkpt>
      <trkpt lat="30.63238" lon="-96.8763">
        <ele>152.5</ele>
      </trkpt>
      <trkpt lat="30.63195" lon="-96.87607">
        <ele>151.2</ele>
      </trkpt>
      <trkpt lat="30.63146" lon="-96.87581">
        <ele>149.1</ele>
      </trkpt>
      <trkpt lat="30.6308" lon="-96.87546">
        <ele>146.4</ele>
      </trkpt>
      <trkpt lat="30.63031" lon="-96.8752">
        <ele>144.8</ele>
      </trkpt>
      <trkpt lat="30.63015" lon="-96.87511">
        <ele>144.1</ele>
      </trkpt>
      <trkpt lat="30.62949" lon="-96.87477">
        <ele>142.6</ele>
      </trkpt>
      <trkpt lat="30.62949" lon="-96.87477">
        <ele>142.6</ele>
      </trkpt>
      <trkpt lat="30.62967" lon="-96.87421">
        <ele>141.5</ele>
      </trkpt>
      <trkpt lat="30.62973" lon="-96.87401">
        <ele>141.2</ele>
      </trkpt>
      <trkpt lat="30.6298" lon="-96.87382">
        <ele>141.0</ele>
      </trkpt>
      <trkpt lat="30.62986" lon="-96.87362">
        <ele>140.8</ele>
      </trkpt>
      <trkpt lat="30.62999" lon="-96.87323">
        <ele>140.6</ele>
      </trkpt>
      <trkpt lat="30.63011" lon="-96.87284">
        <ele>140.6</ele>
      </trkpt>
      <trkpt lat="30.63017" lon="-96.87266">
        <ele>140.6</ele>
      </trkpt>
      <trkpt lat="30.63037" lon="-96.87206">
        <ele>143.1</ele>
      </trkpt>
      <trkpt lat="30.63057" lon="-96.87147">
        <ele>145.5</ele>
      </trkpt>
      <trkpt lat="30.63062" lon="-96.87128">
        <ele>146.6</ele>
      </trkpt>
      <trkpt lat="30.63075" lon="-96.87088">
        <ele>149.3</ele>
      </trkpt>
      <trkpt lat="30.63118" lon="-96.86951">
        <ele>153.5</ele>
      </trkpt>
      <trkpt lat="30.63124" lon="-96.86931">
        <ele>154.1</ele>
      </trkpt>
      <trkpt lat="30.6313" lon="-96.86912">
        <ele>154.7</ele>
      </trkpt>
      <trkpt lat="30.63136" lon="-96.86892">
        <ele>155.0</ele>
      </trkpt>
      <trkpt lat="30.63138" lon="-96.86883">
        <ele>155.2</ele>
      </trkpt>
      <trkpt lat="30.63137" lon="-96.86878">
        <ele>155.2</ele>
      </trkpt>
      <trkpt lat="30.63135" lon="-96.86875">
        <ele>155.3</ele>
      </trkpt>
      <trkpt lat="30.63133" lon="-96.86874">
        <ele>155.2</ele>
      </trkpt>
      <trkpt lat="30.6313" lon="-96.86871">
        <ele>155.2</ele>
      </trkpt>
      <trkpt lat="30.63015" lon="-96.86823">
        <ele>154.0</ele>
      </trkpt>
      <trkpt lat="30.62998" lon="-96.86816">
        <ele>154.1</ele>
      </trkpt>
      <trkpt lat="30.62941" lon="-96.86793">
        <ele>155.1</ele>
      </trkpt>
      <trkpt lat="30.62931" lon="-96.86788">
        <ele>155.4</ele>
      </trkpt>
      <trkpt lat="30.62931" lon="-96.86788">
        <ele>155.4</ele>
      </trkpt>
      <trkpt lat="30.62846" lon="-96.86752">
        <ele>156.7</ele>
      </trkpt>
      <trkpt lat="30.62812" lon="-96.86738">
        <ele>156.4</ele>
      </trkpt>
      <trkpt lat="30.62748" lon="-96.86711">
        <ele>154.8</ele>
      </trkpt>
      <trkpt lat="30.62677" lon="-96.86685">
        <ele>151.6</ele>
      </trkpt>
      <trkpt lat="30.62667" lon="-96.86675">
        <ele>150.9</ele>
      </trkpt>
      <trkpt lat="30.62665" lon="-96.86669">
        <ele>150.7</ele>
      </trkpt>
      <trkpt lat="30.62663" lon="-96.86662">
        <ele>150.4</ele>
      </trkpt>
      <trkpt lat="30.62686" lon="-96.8659">
        <ele>148.8</ele>
      </trkpt>
      <trkpt lat="30.62688" lon="-96.86584">
        <ele>148.8</ele>
      </trkpt>
      <trkpt lat="30.62703" lon="-96.86516">
        <ele>150.1</ele>
      </trkpt>
      <trkpt lat="30.62704" lon="-96.86509">
        <ele>150.1</ele>
      </trkpt>
      <trkpt lat="30.62715" lon="-96.86469">
        <ele>147.8</ele>
      </trkpt>
      <trkpt lat="30.62722" lon="-96.86444">
        <ele>144.7</ele>
      </trkpt>
      <trkpt lat="30.62729" lon="-96.86431">
        <ele>142.7</ele>
      </trkpt>
      <trkpt lat="30.62746" lon="-96.86394">
        <ele>140.3</ele>
      </trkpt>
      <trkpt lat="30.62746" lon="-96.86393">
        <ele>140.4</ele>
      </trkpt>
      <trkpt lat="30.62768" lon="-96.86336">
        <ele>141.0</ele>
      </trkpt>
      <trkpt lat="30.62789" lon="-96.86279">
        <ele>142.2</ele>
      </trkpt>
      <trkpt lat="30.62838" lon="-96.86151">
        <ele>144.0</ele>
      </trkpt>
      <trkpt lat="30.62853" lon="-96.86106">
        <ele>146.3</ele>
      </trkpt>
      <trkpt lat="30.62867" lon="-96.86068">
        <ele>148.0</ele>
      </trkpt>
      <trkpt lat="30.62887" lon="-96.86009">
        <ele>151.2</ele>
      </trkpt>
      <trkpt lat="30.629" lon="-96.85971">
        <ele>153.1</ele>
      </trkpt>
      <trkpt lat="30.62921" lon="-96.85912">
        <ele>156.8</ele>
      </trkpt>
      <trkpt lat="30.6293" lon="-96.85884">
        <ele>159.6</ele>
      </trkpt>
      <trkpt lat="30.62934" lon="-96.85874">
        <ele>160.5</ele>
      </trkpt>
      <trkpt lat="30.62952" lon="-96.85815">
        <ele>165.6</ele>
      </trkpt>
      <trkpt lat="30.62959" lon="-96.85795">
        <ele>166.9</ele>
      </trkpt>
      <trkpt lat="30.62978" lon="-96.85737">
        <ele>169.1</ele>
      </trkpt>
      <trkpt lat="30.62991" lon="-96.856979">
        <ele>168.8</ele>
      </trkpt>
      <trkpt lat="30.63043" lon="-96.85542">
        <ele>158.6</ele>
      </trkpt>
      <trkpt lat="30.63051" lon="-96.85518">
        <ele>157.7</ele>
      </trkpt>
      <trkpt lat="30.63061" lon="-96.85483">
        <ele>156.5</ele>
      </trkpt>
      <trkpt lat="30.63083" lon="-96.85403">
        <ele>153.6</ele>
      </trkpt>
      <trkpt lat="30.63145" lon="-96.85185">
        <ele>150.2</ele>
      </trkpt>
      <trkpt lat="30.63169" lon="-96.85099">
        <ele>147.2</ele>
      </trkpt>
      <trkpt lat="30.63191" lon="-96.85021">
        <ele>149.5</ele>
      </trkpt>
      <trkpt lat="30.63202" lon="-96.849819">
        <ele>149.5</ele>
      </trkpt>
      <trkpt lat="30.63258" lon="-96.84783">
        <ele>152.7</ele>
      </trkpt>
      <trkpt lat="30.63292" lon="-96.846639">
        <ele>157.6</ele>
      </trkpt>
      <trkpt lat="30.63309" lon="-96.84604">
        <ele>159.9</ele>
      </trkpt>
      <trkpt lat="30.63309" lon="-96.84604">
        <ele>159.9</ele>
      </trkpt>
      <trkpt lat="30.63342" lon="-96.84643">
        <ele>158.0</ele>
      </trkpt>
      <trkpt lat="30.6338" lon="-96.84666">
        <ele>156.1</ele>
      </trkpt>
      <trkpt lat="30.63445" lon="-96.84703">
        <ele>155.1</ele>
      </trkpt>
      <trkpt lat="30.63453" lon="-96.84707">
        <ele>155.2</ele>
      </trkpt>
      <trkpt lat="30.63511" lon="-96.84736">
        <ele>157.4</ele>
      </trkpt>
      <trkpt lat="30.6361" lon="-96.84786">
        <ele>159.5</ele>
      </trkpt>
      <trkpt lat="30.63692" lon="-96.84827">
        <ele>160.9</ele>
      </trkpt>
      <trkpt lat="30.63725" lon="-96.84844">
        <ele>161.4</ele>
      </trkpt>
      <trkpt lat="30.63775" lon="-96.84867">
        <ele>162.2</ele>
      </trkpt>
      <trkpt lat="30.63834" lon="-96.84894">
        <ele>162.9</ele>
      </trkpt>
      <trkpt lat="30.63841" lon="-96.849">
        <ele>163.1</ele>
      </trkpt>
      <trkpt lat="30.63871" lon="-96.84923">
        <ele>164.0</ele>
      </trkpt>
      <trkpt lat="30.6388" lon="-96.84951">
        <ele>163.6</ele>
      </trkpt>
      <trkpt lat="30.63882" lon="-96.84986">
        <ele>162.3</ele>
      </trkpt>
      <trkpt lat="30.63883" lon="-96.85005">
        <ele>161.8</ele>
      </trkpt>
      <trkpt lat="30.63887" lon="-96.8509">
        <ele>161.7</ele>
      </trkpt>
      <trkpt lat="30.63904" lon="-96.85139">
        <ele>162.6</ele>
      </trkpt>
      <trkpt lat="30.6393" lon="-96.85203">
        <ele>164.0</ele>
      </trkpt>
      <trkpt lat="30.6396" lon="-96.85277">
        <ele>164.7</ele>
      </trkpt>
      <trkpt lat="30.63979" lon="-96.85315">
        <ele>164.7</ele>
      </trkpt>
      <trkpt lat="30.63988" lon="-96.85335">
        <ele>164.7</ele>
      </trkpt>
      <trkpt lat="30.64035" lon="-96.85396">
        <ele>164.1</ele>
      </trkpt>
      <trkpt lat="30.64095" lon="-96.85473">
        <ele>163.9</ele>
      </trkpt>
      <trkpt lat="30.64099" lon="-96.85478">
        <ele>163.9</ele>
      </trkpt>
      <trkpt lat="30.64143" lon="-96.85544">
        <ele>164.2</ele>
      </trkpt>
      <trkpt lat="30.64185" lon="-96.85591">
        <ele>164.3</ele>
      </trkpt>
      <trkpt lat="30.64207" lon="-96.85607">
        <ele>164.4</ele>
      </trkpt>
      <trkpt lat="30.6421" lon="-96.8561">
        <ele>164.4</ele>
      </trkpt>
      <trkpt lat="30.64324" lon="-96.85685">
        <ele>166.4</ele>
      </trkpt>
      <trkpt lat="30.64364" lon="-96.85708">
        <ele>165.4</ele>
      </trkpt>
      <trkpt lat="30.64379" lon="-96.85717">
        <ele>165.3</ele>
      </trkpt>
      <trkpt lat="30.64396" lon="-96.85729">
        <ele>164.9</ele>
      </trkpt>
      <trkpt lat="30.64427" lon="-96.85751">
        <ele>163.3</ele>
      </trkpt>
      <trkpt lat="30.64454" lon="-96.85778">
        <ele>161.1</ele>
      </trkpt>
      <trkpt lat="30.64459" lon="-96.85783">
        <ele>161.0</ele>
      </trkpt>
      <trkpt lat="30.6447" lon="-96.8579">
        <ele>160.7</ele>
      </trkpt>
      <trkpt lat="30.6448" lon="-96.8579">
        <ele>160.4</ele>
      </trkpt>
      <trkpt lat="30.6448" lon="-96.8579">
        <ele>160.4</ele>
      </trkpt>
      <trkpt lat="30.64492" lon="-96.85729">
        <ele>160.6</ele>
      </trkpt>
      <trkpt lat="30.64496" lon="-96.85714">
        <ele>161.0</ele>
      </trkpt>
      <trkpt lat="30.64501" lon="-96.85667">
        <ele>161.9</ele>
      </trkpt>
      <trkpt lat="30.64517" lon="-96.85543">
        <ele>164.7</ele>
      </trkpt>
      <trkpt lat="30.64533" lon="-96.85419">
        <ele>168.0</ele>
      </trkpt>
      <trkpt lat="30.64539" lon="-96.85374">
        <ele>168.1</ele>
      </trkpt>
      <trkpt lat="30.64543" lon="-96.85363">
        <ele>168.1</ele>
      </trkpt>
      <trkpt lat="30.64548" lon="-96.85355">
        <ele>168.2</ele>
      </trkpt>
      <trkpt lat="30.64556" lon="-96.853489">
        <ele>168.3</ele>
      </trkpt>
      <trkpt lat="30.6456" lon="-96.85348">
        <ele>168.5</ele>
      </trkpt>
      <trkpt lat="30.64566" lon="-96.85347">
        <ele>168.7</ele>
      </trkpt>
      <trkpt lat="30.64575" lon="-96.853489">
        <ele>169.0</ele>
      </trkpt>
      <trkpt lat="30.64587" lon="-96.85352">
        <ele>169.5</ele>
      </trkpt>
      <trkpt lat="30.64732" lon="-96.85413">
        <ele>173.9</ele>
      </trkpt>
      <trkpt lat="30.64738" lon="-96.85415">
        <ele>174.0</ele>
      </trkpt>
      <trkpt lat="30.64817" lon="-96.85446">
        <ele>177.2</ele>
      </trkpt>
      <trkpt lat="30.64868" lon="-96.85467">
        <ele>175.9</ele>
      </trkpt>
      <trkpt lat="30.64936" lon="-96.85494">
        <ele>174.3</ele>
      </trkpt>
      <trkpt lat="30.65034" lon="-96.85533">
        <ele>168.9</ele>
      </trkpt>
      <trkpt lat="30.65039" lon="-96.85534">
        <ele>168.5</ele>
      </trkpt>
      <trkpt lat="30.65066" lon="-96.85542">
        <ele>166.8</ele>
      </trkpt>
      <trkpt lat="30.65087" lon="-96.85542">
        <ele>165.6</ele>
      </trkpt>
      <trkpt lat="30.65115" lon="-96.85529">
        <ele>163.9</ele>
      </trkpt>
      <trkpt lat="30.65153" lon="-96.85508">
        <ele>160.8</ele>
      </trkpt>
      <trkpt lat="30.6521" lon="-96.85492">
        <ele>157.4</ele>
      </trkpt>
      <trkpt lat="30.65285" lon="-96.85471">
        <ele>154.6</ele>
      </trkpt>
      <trkpt lat="30.65297" lon="-96.85466">
        <ele>154.3</ele>
      </trkpt>
      <trkpt lat="30.6536" lon="-96.85441">
        <ele>153.3</ele>
      </trkpt>
      <trkpt lat="30.654" lon="-96.8543">
        <ele>153.0</ele>
      </trkpt>
      <trkpt lat="30.65523" lon="-96.85396">
        <ele>150.7</ele>
      </trkpt>
      <trkpt lat="30.65541" lon="-96.85391">
        <ele>151.1</ele>
      </trkpt>
      <trkpt lat="30.65585" lon="-96.8539">
        <ele>150.8</ele>
      </trkpt>
      <trkpt lat="30.65617" lon="-96.85397">
        <ele>150.5</ele>
      </trkpt>
      <trkpt lat="30.65629" lon="-96.85401">
        <ele>150.4</ele>
      </trkpt>
      <trkpt lat="30.65637" lon="-96.85404">
        <ele>150.3</ele>
      </trkpt>
      <trkpt lat="30.65658" lon="-96.85414">
        <ele>150.1</ele>
      </trkpt>
      <trkpt lat="30.65679" lon="-96.85424">
        <ele>149.7</ele>
      </trkpt>
      <trkpt lat="30.65709" lon="-96.85438">
        <ele>148.4</ele>
      </trkpt>
      <trkpt lat="30.65814" lon="-96.85483">
        <ele>144.4</ele>
      </trkpt>
      <trkpt lat="30.65915" lon="-96.85527">
        <ele>146.5</ele>
      </trkpt>
      <trkpt lat="30.65949" lon="-96.85542">
        <ele>143.5</ele>
      </trkpt>
      <trkpt lat="30.65999" lon="-96.855639">
        <ele>138.4</ele>
      </trkpt>
      <trkpt lat="30.6605" lon="-96.85586">
        <ele>134.4</ele>
      </trkpt>
      <trkpt lat="30.6607" lon="-96.85595">
        <ele>133.9</ele>
      </trkpt>
      <trkpt lat="30.66101" lon="-96.85606">
        <ele>133.9</ele>
      </trkpt>
      <trkpt lat="30.66102" lon="-96.85607">
        <ele>133.9</ele>
      </trkpt>
      <trkpt lat="30.66135" lon="-96.85621">
        <ele>134.4</ele>
      </trkpt>
      <trkpt lat="30.66168" lon="-96.85635">
        <ele>140.2</ele>
      </trkpt>
      <trkpt lat="30.66219" lon="-96.85656">
        <ele>143.8</ele>
      </trkpt>
      <trkpt lat="30.66253" lon="-96.8567">
        <ele>143.9</ele>
      </trkpt>
      <trkpt lat="30.66287" lon="-96.85684">
        <ele>144.5</ele>
      </trkpt>
      <trkpt lat="30.66301" lon="-96.8569">
        <ele>144.2</ele>
      </trkpt>
      <trkpt lat="30.66321" lon="-96.85699">
        <ele>143.1</ele>
      </trkpt>
      <trkpt lat="30.66371" lon="-96.8572">
        <ele>138.0</ele>
      </trkpt>
      <trkpt lat="30.66422" lon="-96.85741">
        <ele>136.0</ele>
      </trkpt>
      <trkpt lat="30.66456" lon="-96.85756">
        <ele>138.0</ele>
      </trkpt>
      <trkpt lat="30.66465" lon="-96.8576">
        <ele>139.2</ele>
      </trkpt>
      <trkpt lat="30.6651" lon="-96.8578">
        <ele>144.6</ele>
      </trkpt>
      <trkpt lat="30.66523" lon="-96.85786">
        <ele>145.6</ele>
      </trkpt>
      <trkpt lat="30.66546" lon="-96.85795">
        <ele>146.9</ele>
      </trkpt>
      <trkpt lat="30.66573" lon="-96.85806">
        <ele>147.6</ele>
      </trkpt>
      <trkpt lat="30.66624" lon="-96.85827">
        <ele>148.8</ele>
      </trkpt>
      <trkpt lat="30.66658" lon="-96.85841">
        <ele>150.3</ele>
      </trkpt>
      <trkpt lat="30.66685" lon="-96.85852">
        <ele>150.5</ele>
      </trkpt>
      <trkpt lat="30.66702" lon="-96.85859">
        <ele>150.0</ele>
      </trkpt>
      <trkpt lat="30.66736" lon="-96.85873">
        <ele>147.8</ele>
      </trkpt>
      <trkpt lat="30.66787" lon="-96.85894">
        <ele>141.0</ele>
      </trkpt>
      <trkpt lat="30.66821" lon="-96.85908">
        <ele>137.4</ele>
      </trkpt>
      <trkpt lat="30.66854" lon="-96.859219">
        <ele>134.8</ele>
      </trkpt>
      <trkpt lat="30.66888" lon="-96.85936">
        <ele>134.0</ele>
      </trkpt>
      <trkpt lat="30.66922" lon="-96.8595">
        <ele>135.4</ele>
      </trkpt>
      <trkpt lat="30.66939" lon="-96.85956">
        <ele>136.2</ele>
      </trkpt>
      <trkpt lat="30.66956" lon="-96.85964">
        <ele>137.0</ele>
      </trkpt>
      <trkpt lat="30.67041" lon="-96.85999">
        <ele>140.1</ele>
      </trkpt>
      <trkpt lat="30.67142" lon="-96.86042">
        <ele>148.6</ele>
      </trkpt>
      <trkpt lat="30.67176" lon="-96.86057">
        <ele>150.0</ele>
      </trkpt>
      <trkpt lat="30.67193" lon="-96.86064">
        <ele>150.3</ele>
      </trkpt>
      <trkpt lat="30.67227" lon="-96.86078">
        <ele>149.1</ele>
      </trkpt>
      <trkpt lat="30.67235" lon="-96.86082">
        <ele>148.1</ele>
      </trkpt>
      <trkpt lat="30.67311" lon="-96.86113">
        <ele>140.9</ele>
      </trkpt>
      <trkpt lat="30.67396" lon="-96.86148">
        <ele>136.2</ele>
      </trkpt>
      <trkpt lat="30.67498" lon="-96.8619">
        <ele>134.1</ele>
      </trkpt>
      <trkpt lat="30.67549" lon="-96.86211">
        <ele>131.7</ele>
      </trkpt>
      <trkpt lat="30.67599" lon="-96.86232">
        <ele>133.9</ele>
      </trkpt>
      <trkpt lat="30.67616" lon="-96.86239">
        <ele>133.6</ele>
      </trkpt>
      <trkpt lat="30.67683" lon="-96.86268">
        <ele>129.6</ele>
      </trkpt>
      <trkpt lat="30.67694" lon="-96.86273">
        <ele>128.0</ele>
      </trkpt>
      <trkpt lat="30.67717" lon="-96.86283">
        <ele>128.9</ele>
      </trkpt>
      <trkpt lat="30.67718" lon="-96.86284">
        <ele>129.0</ele>
      </trkpt>
      <trkpt lat="30.67734" lon="-96.8629">
        <ele>131.6</ele>
      </trkpt>
      <trkpt lat="30.67802" lon="-96.86318">
        <ele>136.8</ele>
      </trkpt>
      <trkpt lat="30.67954" lon="-96.86381">
        <ele>147.6</ele>
      </trkpt>
      <trkpt lat="30.68005" lon="-96.86403">
        <ele>150.0</ele>
      </trkpt>
      <trkpt lat="30.68056" lon="-96.86424">
        <ele>150.2</ele>
      </trkpt>
      <trkpt lat="30.68107" lon="-96.86445">
        <ele>150.4</ele>
      </trkpt>
      <trkpt lat="30.68191" lon="-96.8648">
        <ele>150.2</ele>
      </trkpt>
      <trkpt lat="30.68395" lon="-96.86564">
        <ele>147.7</ele>
      </trkpt>
      <trkpt lat="30.68479" lon="-96.86599">
        <ele>149.5</ele>
      </trkpt>
      <trkpt lat="30.68581" lon="-96.86642">
        <ele>152.9</ele>
      </trkpt>
      <trkpt lat="30.68628" lon="-96.8666">
        <ele>153.0</ele>
      </trkpt>
      <trkpt lat="30.68688" lon="-96.86688">
        <ele>152.1</ele>
      </trkpt>
      <trkpt lat="30.68722" lon="-96.867099">
        <ele>151.9</ele>
      </trkpt>
      <trkpt lat="30.68772" lon="-96.86733">
        <ele>153.2</ele>
      </trkpt>
      <trkpt lat="30.68805" lon="-96.86748">
        <ele>153.7</ele>
      </trkpt>
      <trkpt lat="30.68868" lon="-96.86776">
        <ele>154.0</ele>
      </trkpt>
      <trkpt lat="30.68954" lon="-96.86806">
        <ele>154.0</ele>
      </trkpt>
      <trkpt lat="30.68994" lon="-96.86824">
        <ele>154.6</ele>
      </trkpt>
      <trkpt lat="30.69044" lon="-96.86847">
        <ele>155.1</ele>
      </trkpt>
      <trkpt lat="30.69113" lon="-96.86872">
        <ele>157.7</ele>
      </trkpt>
      <trkpt lat="30.6918" lon="-96.86901">
        <ele>159.1</ele>
      </trkpt>
      <trkpt lat="30.69197" lon="-96.86908">
        <ele>159.4</ele>
      </trkpt>
      <trkpt lat="30.69214" lon="-96.869159">
        <ele>159.4</ele>
      </trkpt>
      <trkpt lat="30.69223" lon="-96.8692">
        <ele>159.4</ele>
      </trkpt>
      <trkpt lat="30.69231" lon="-96.86923">
        <ele>159.2</ele>
      </trkpt>
      <trkpt lat="30.69247" lon="-96.86931">
        <ele>158.5</ele>
      </trkpt>
      <trkpt lat="30.69264" lon="-96.86939">
        <ele>157.6</ele>
      </trkpt>
      <trkpt lat="30.69325" lon="-96.86967">
        <ele>154.2</ele>
      </trkpt>
      <trkpt lat="30.69331" lon="-96.86969">
        <ele>153.8</ele>
      </trkpt>
      <trkpt lat="30.69336" lon="-96.86971">
        <ele>153.6</ele>
      </trkpt>
      <trkpt lat="30.69349" lon="-96.8697">
        <ele>153.4</ele>
      </trkpt>
      <trkpt lat="30.69355" lon="-96.86969">
        <ele>153.3</ele>
      </trkpt>
      <trkpt lat="30.69363" lon="-96.86964">
        <ele>153.3</ele>
      </trkpt>
      <trkpt lat="30.69369" lon="-96.86955">
        <ele>153.4</ele>
      </trkpt>
      <trkpt lat="30.69383" lon="-96.86937">
        <ele>153.1</ele>
      </trkpt>
      <trkpt lat="30.69393" lon="-96.86914">
        <ele>152.3</ele>
      </trkpt>
      <trkpt lat="30.69395" lon="-96.8691">
        <ele>152.2</ele>
      </trkpt>
      <trkpt lat="30.69398" lon="-96.869">
        <ele>152.0</ele>
      </trkpt>
      <trkpt lat="30.69407" lon="-96.86881">
        <ele>152.8</ele>
      </trkpt>
      <trkpt lat="30.69418" lon="-96.86853">
        <ele>154.0</ele>
      </trkpt>
      <trkpt lat="30.69424" lon="-96.86825">
        <ele>154.1</ele>
      </trkpt>
      <trkpt lat="30.69431" lon="-96.86792">
        <ele>153.4</ele>
      </trkpt>
      <trkpt lat="30.69432" lon="-96.867859">
        <ele>153.5</ele>
      </trkpt>
      <trkpt lat="30.69438" lon="-96.86764">
        <ele>153.9</ele>
      </trkpt>
      <trkpt lat="30.69447" lon="-96.86732">
        <ele>154.4</ele>
      </trkpt>
      <trkpt lat="30.69455" lon="-96.86714">
        <ele>154.5</ele>
      </trkpt>
      <trkpt lat="30.6946" lon="-96.867009">
        <ele>154.6</ele>
      </trkpt>
      <trkpt lat="30.69472" lon="-96.86688">
        <ele>154.4</ele>
      </trkpt>
      <trkpt lat="30.69479" lon="-96.86686">
        <ele>154.2</ele>
      </trkpt>
      <trkpt lat="30.69489" lon="-96.866829">
        <ele>154.0</ele>
      </trkpt>
      <trkpt lat="30.69505" lon="-96.86685">
        <ele>153.6</ele>
      </trkpt>
      <trkpt lat="30.69548" lon="-96.86703">
        <ele>151.2</ele>
      </trkpt>
      <trkpt lat="30.69616" lon="-96.8673">
        <ele>147.7</ele>
      </trkpt>
      <trkpt lat="30.69731" lon="-96.86776">
        <ele>140.6</ele>
      </trkpt>
      <trkpt lat="30.69735" lon="-96.86778">
        <ele>140.5</ele>
      </trkpt>
      <trkpt lat="30.69752" lon="-96.86784">
        <ele>138.8</ele>
      </trkpt>
      <trkpt lat="30.69769" lon="-96.86791">
        <ele>139.8</ele>
      </trkpt>
      <trkpt lat="30.69803" lon="-96.86805">
        <ele>142.9</ele>
      </trkpt>
      <trkpt lat="30.69821" lon="-96.86811">
        <ele>143.3</ele>
      </trkpt>
      <trkpt lat="30.69901" lon="-96.86843">
        <ele>147.5</ele>
      </trkpt>
      <trkpt lat="30.69922" lon="-96.86853">
        <ele>147.9</ele>
      </trkpt>
      <trkpt lat="30.69939" lon="-96.8686">
        <ele>148.1</ele>
      </trkpt>
      <trkpt lat="30.70006" lon="-96.8689">
        <ele>148.1</ele>
      </trkpt>
      <trkpt lat="30.70035" lon="-96.86903">
        <ele>147.6</ele>
      </trkpt>
      <trkpt lat="30.70072" lon="-96.86919">
        <ele>146.2</ele>
      </trkpt>
      <trkpt lat="30.70106" lon="-96.869339">
        <ele>147.8</ele>
      </trkpt>
      <trkpt lat="30.70136" lon="-96.86946">
        <ele>149.6</ele>
      </trkpt>
      <trkpt lat="30.70139" lon="-96.86948">
        <ele>149.6</ele>
      </trkpt>
      <trkpt lat="30.70173" lon="-96.86964">
        <ele>150.1</ele>
      </trkpt>
      <trkpt lat="30.70189" lon="-96.86972">
        <ele>150.1</ele>
      </trkpt>
      <trkpt lat="30.70206" lon="-96.8698">
        <ele>150.0</ele>
      </trkpt>
      <trkpt lat="30.70256" lon="-96.87004">
        <ele>147.4</ele>
      </trkpt>
      <trkpt lat="30.70259" lon="-96.87005">
        <ele>147.2</ele>
      </trkpt>
      <trkpt lat="30.70273" lon="-96.87012">
        <ele>146.8</ele>
      </trkpt>
      <trkpt lat="30.70289" lon="-96.8702">
        <ele>146.6</ele>
      </trkpt>
      <trkpt lat="30.70356" lon="-96.87052">
        <ele>148.3</ele>
      </trkpt>
      <trkpt lat="30.70405" lon="-96.87076">
        <ele>149.5</ele>
      </trkpt>
      <trkpt lat="30.70428" lon="-96.87088">
        <ele>150.3</ele>
      </trkpt>
      <trkpt lat="30.70428" lon="-96.87088">
        <ele>150.3</ele>
      </trkpt>
      <trkpt lat="30.70455" lon="-96.87014">
        <ele>151.2</ele>
      </trkpt>
      <trkpt lat="30.70471" lon="-96.86972">
        <ele>151.4</ele>
      </trkpt>
      <trkpt lat="30.70471" lon="-96.86972">
        <ele>151.4</ele>
      </trkpt>
      <trkpt lat="30.70471" lon="-96.86972">
        <ele>151.4</ele>
      </trkpt>
      <trkpt lat="30.70488" lon="-96.869249">
        <ele>151.3</ele>
      </trkpt>
      <trkpt lat="30.70505" lon="-96.86882">
        <ele>151.1</ele>
      </trkpt>
      <trkpt lat="30.70548" lon="-96.8677">
        <ele>149.1</ele>
      </trkpt>
      <trkpt lat="30.7056" lon="-96.86739">
        <ele>149.0</ele>
      </trkpt>
      <trkpt lat="30.70563" lon="-96.86733">
        <ele>149.0</ele>
      </trkpt>
      <trkpt lat="30.70601" lon="-96.8664">
        <ele>151.0</ele>
      </trkpt>
      <trkpt lat="30.70606" lon="-96.86628">
        <ele>151.2</ele>
      </trkpt>
      <trkpt lat="30.70623" lon="-96.86585">
        <ele>151.4</ele>
      </trkpt>
      <trkpt lat="30.70623" lon="-96.86585">
        <ele>151.4</ele>
      </trkpt>
      <trkpt lat="30.70633" lon="-96.86568">
        <ele>151.3</ele>
      </trkpt>
      <trkpt lat="30.70636" lon="-96.86559">
        <ele>151.2</ele>
      </trkpt>
      <trkpt lat="30.70647" lon="-96.86533">
        <ele>150.9</ele>
      </trkpt>
      <trkpt lat="30.7066" lon="-96.8651">
        <ele>150.6</ele>
      </trkpt>
      <trkpt lat="30.70669" lon="-96.86499">
        <ele>150.5</ele>
      </trkpt>
      <trkpt lat="30.70674" lon="-96.864949">
        <ele>150.4</ele>
      </trkpt>
    </trkseg>
  </trk>
</gpx>
