<?xml version="1.0" encoding="UTF-8"?>
<gpx xmlns:xsi="http://www.w3.org/2001/XMLSchema-instance" xmlns="http://www.topografix.com/GPX/1/1" xmlns:gpxdata="http://www.cluetrust.com/XML/GPXDATA/1/0" xsi:schemaLocation="http://www.topografix.com/GPX/1/1 http://www.topografix.com/GPX/1/1/gpx.xsd http://www.cluetrust.com/XML/GPXDATA/1/0 http://www.cluetrust.com/Schemas/gpxdata10.xsd" version="1.1" creator="http://ridewithgps.com/">
  <metadata>
    <name>CCR Milano Whole Cookie 61</name>
    <link href="https://ridewithgps.com/routes/39365391">
      <text>CCR Milano Whole Cookie 61</text>
    </link>
    <time>2022-05-09T13:00:45Z</time>
  </metadata>
  <trk>
    <name>CCR Milano Whole Cookie 61</name>
    <trkseg>
      <trkpt lat="30.70677" lon="-96.86493">
        <ele>150.4</ele>
      </trkpt>
      <trkpt lat="30.70669" lon="-96.86499">
        <ele>150.5</ele>
      </trkpt>
      <trkpt lat="30.7066" lon="-96.8651">
        <ele>150.6</ele>
      </trkpt>
      <trkpt lat="30.70656" lon="-96.86518">
        <ele>150.7</ele>
      </trkpt>
      <trkpt lat="30.70656" lon="-96.86518">
        <ele>150.7</ele>
      </trkpt>
      <trkpt lat="30.70647" lon="-96.86533">
        <ele>150.9</ele>
      </trkpt>
      <trkpt lat="30.70636" lon="-96.86559">
        <ele>151.2</ele>
      </trkpt>
      <trkpt lat="30.70633" lon="-96.86568">
        <ele>151.3</ele>
      </trkpt>
      <trkpt lat="30.70623" lon="-96.86585">
        <ele>151.4</ele>
      </trkpt>
      <trkpt lat="30.70623" lon="-96.86585">
        <ele>151.4</ele>
      </trkpt>
      <trkpt lat="30.70606" lon="-96.86628">
        <ele>151.2</ele>
      </trkpt>
      <trkpt lat="30.70601" lon="-96.8664">
        <ele>151.0</ele>
      </trkpt>
      <trkpt lat="30.70563" lon="-96.86733">
        <ele>149.0</ele>
      </trkpt>
      <trkpt lat="30.7056" lon="-96.86739">
        <ele>149.0</ele>
      </trkpt>
      <trkpt lat="30.70548" lon="-96.8677">
        <ele>149.1</ele>
      </trkpt>
      <trkpt lat="30.70505" lon="-96.86882">
        <ele>151.1</ele>
      </trkpt>
      <trkpt lat="30.70488" lon="-96.8692499">
        <ele>151.3</ele>
      </trkpt>
      <trkpt lat="30.70455" lon="-96.87014">
        <ele>151.2</ele>
      </trkpt>
      <trkpt lat="30.70428" lon="-96.87088">
        <ele>150.3</ele>
      </trkpt>
      <trkpt lat="30.70428" lon="-96.87088">
        <ele>150.3</ele>
      </trkpt>
      <trkpt lat="30.70405" lon="-96.87076">
        <ele>149.5</ele>
      </trkpt>
      <trkpt lat="30.70356" lon="-96.87052">
        <ele>148.3</ele>
      </trkpt>
      <trkpt lat="30.70289" lon="-96.8702">
        <ele>146.6</ele>
      </trkpt>
      <trkpt lat="30.70273" lon="-96.87012">
        <ele>146.8</ele>
      </trkpt>
      <trkpt lat="30.70259" lon="-96.87005">
        <ele>147.2</ele>
      </trkpt>
      <trkpt lat="30.70256" lon="-96.87004">
        <ele>147.4</ele>
      </trkpt>
      <trkpt lat="30.70206" lon="-96.8698">
        <ele>150.0</ele>
      </trkpt>
      <trkpt lat="30.70189" lon="-96.86972">
        <ele>150.1</ele>
      </trkpt>
      <trkpt lat="30.70173" lon="-96.86964">
        <ele>150.1</ele>
      </trkpt>
      <trkpt lat="30.70139" lon="-96.86948">
        <ele>149.6</ele>
      </trkpt>
      <trkpt lat="30.70136" lon="-96.86946">
        <ele>149.6</ele>
      </trkpt>
      <trkpt lat="30.70106" lon="-96.8693399">
        <ele>147.8</ele>
      </trkpt>
      <trkpt lat="30.70072" lon="-96.86919">
        <ele>146.2</ele>
      </trkpt>
      <trkpt lat="30.70035" lon="-96.86903">
        <ele>147.6</ele>
      </trkpt>
      <trkpt lat="30.70006" lon="-96.8689">
        <ele>148.1</ele>
      </trkpt>
      <trkpt lat="30.69939" lon="-96.8686">
        <ele>148.1</ele>
      </trkpt>
      <trkpt lat="30.69922" lon="-96.86853">
        <ele>147.9</ele>
      </trkpt>
      <trkpt lat="30.69901" lon="-96.86843">
        <ele>147.5</ele>
      </trkpt>
      <trkpt lat="30.69821" lon="-96.86811">
        <ele>143.3</ele>
      </trkpt>
      <trkpt lat="30.69803" lon="-96.86805">
        <ele>142.9</ele>
      </trkpt>
      <trkpt lat="30.69769" lon="-96.86791">
        <ele>139.8</ele>
      </trkpt>
      <trkpt lat="30.69752" lon="-96.86784">
        <ele>138.8</ele>
      </trkpt>
      <trkpt lat="30.69735" lon="-96.86778">
        <ele>140.5</ele>
      </trkpt>
      <trkpt lat="30.69731" lon="-96.86776">
        <ele>140.6</ele>
      </trkpt>
      <trkpt lat="30.69548" lon="-96.86703">
        <ele>151.2</ele>
      </trkpt>
      <trkpt lat="30.69505" lon="-96.86685">
        <ele>153.6</ele>
      </trkpt>
      <trkpt lat="30.69489" lon="-96.8668299">
        <ele>154.0</ele>
      </trkpt>
      <trkpt lat="30.69479" lon="-96.86686">
        <ele>154.2</ele>
      </trkpt>
      <trkpt lat="30.69472" lon="-96.86688">
        <ele>154.4</ele>
      </trkpt>
      <trkpt lat="30.6946" lon="-96.8670099">
        <ele>154.6</ele>
      </trkpt>
      <trkpt lat="30.69455" lon="-96.86714">
        <ele>154.5</ele>
      </trkpt>
      <trkpt lat="30.69447" lon="-96.86732">
        <ele>154.4</ele>
      </trkpt>
      <trkpt lat="30.69438" lon="-96.86764">
        <ele>153.9</ele>
      </trkpt>
      <trkpt lat="30.69432" lon="-96.8678599">
        <ele>153.5</ele>
      </trkpt>
      <trkpt lat="30.69431" lon="-96.86792">
        <ele>153.4</ele>
      </trkpt>
      <trkpt lat="30.69424" lon="-96.86825">
        <ele>154.1</ele>
      </trkpt>
      <trkpt lat="30.69418" lon="-96.86853">
        <ele>154.0</ele>
      </trkpt>
      <trkpt lat="30.69407" lon="-96.86881">
        <ele>152.8</ele>
      </trkpt>
      <trkpt lat="30.69398" lon="-96.869">
        <ele>152.0</ele>
      </trkpt>
      <trkpt lat="30.69395" lon="-96.8691">
        <ele>152.2</ele>
      </trkpt>
      <trkpt lat="30.69393" lon="-96.86914">
        <ele>152.3</ele>
      </trkpt>
      <trkpt lat="30.69383" lon="-96.86937">
        <ele>153.1</ele>
      </trkpt>
      <trkpt lat="30.69369" lon="-96.86955">
        <ele>153.4</ele>
      </trkpt>
      <trkpt lat="30.69363" lon="-96.86964">
        <ele>153.3</ele>
      </trkpt>
      <trkpt lat="30.69355" lon="-96.86969">
        <ele>153.3</ele>
      </trkpt>
      <trkpt lat="30.69349" lon="-96.8697">
        <ele>153.4</ele>
      </trkpt>
      <trkpt lat="30.69336" lon="-96.86971">
        <ele>153.6</ele>
      </trkpt>
      <trkpt lat="30.69325" lon="-96.86967">
        <ele>154.2</ele>
      </trkpt>
      <trkpt lat="30.69264" lon="-96.86939">
        <ele>157.6</ele>
      </trkpt>
      <trkpt lat="30.69231" lon="-96.86923">
        <ele>159.2</ele>
      </trkpt>
      <trkpt lat="30.69223" lon="-96.8692">
        <ele>159.4</ele>
      </trkpt>
      <trkpt lat="30.69197" lon="-96.86908">
        <ele>159.4</ele>
      </trkpt>
      <trkpt lat="30.6918" lon="-96.86901">
        <ele>159.1</ele>
      </trkpt>
      <trkpt lat="30.69113" lon="-96.86872">
        <ele>157.7</ele>
      </trkpt>
      <trkpt lat="30.69044" lon="-96.86847">
        <ele>155.1</ele>
      </trkpt>
      <trkpt lat="30.68994" lon="-96.86824">
        <ele>154.6</ele>
      </trkpt>
      <trkpt lat="30.68954" lon="-96.86806">
        <ele>154.0</ele>
      </trkpt>
      <trkpt lat="30.68868" lon="-96.86776">
        <ele>154.0</ele>
      </trkpt>
      <trkpt lat="30.68805" lon="-96.86748">
        <ele>153.7</ele>
      </trkpt>
      <trkpt lat="30.68772" lon="-96.86733">
        <ele>153.2</ele>
      </trkpt>
      <trkpt lat="30.68722" lon="-96.8670999">
        <ele>151.9</ele>
      </trkpt>
      <trkpt lat="30.68688" lon="-96.86688">
        <ele>152.1</ele>
      </trkpt>
      <trkpt lat="30.68628" lon="-96.8666">
        <ele>153.0</ele>
      </trkpt>
      <trkpt lat="30.68581" lon="-96.86642">
        <ele>152.9</ele>
      </trkpt>
      <trkpt lat="30.68479" lon="-96.86599">
        <ele>149.5</ele>
      </trkpt>
      <trkpt lat="30.68395" lon="-96.86564">
        <ele>147.7</ele>
      </trkpt>
      <trkpt lat="30.68191" lon="-96.8648">
        <ele>150.2</ele>
      </trkpt>
      <trkpt lat="30.68107" lon="-96.86445">
        <ele>150.4</ele>
      </trkpt>
      <trkpt lat="30.68056" lon="-96.86424">
        <ele>150.2</ele>
      </trkpt>
      <trkpt lat="30.68005" lon="-96.86403">
        <ele>150.0</ele>
      </trkpt>
      <trkpt lat="30.67954" lon="-96.86381">
        <ele>147.6</ele>
      </trkpt>
      <trkpt lat="30.67802" lon="-96.86318">
        <ele>136.8</ele>
      </trkpt>
      <trkpt lat="30.67734" lon="-96.8629">
        <ele>131.6</ele>
      </trkpt>
      <trkpt lat="30.67718" lon="-96.86284">
        <ele>129.0</ele>
      </trkpt>
      <trkpt lat="30.67717" lon="-96.86283">
        <ele>128.9</ele>
      </trkpt>
      <trkpt lat="30.67694" lon="-96.86273">
        <ele>128.0</ele>
      </trkpt>
      <trkpt lat="30.67683" lon="-96.86268">
        <ele>129.6</ele>
      </trkpt>
      <trkpt lat="30.67616" lon="-96.86239">
        <ele>133.6</ele>
      </trkpt>
      <trkpt lat="30.67599" lon="-96.86232">
        <ele>133.9</ele>
      </trkpt>
      <trkpt lat="30.67549" lon="-96.86211">
        <ele>131.7</ele>
      </trkpt>
      <trkpt lat="30.67498" lon="-96.8619">
        <ele>134.1</ele>
      </trkpt>
      <trkpt lat="30.67396" lon="-96.86148">
        <ele>136.2</ele>
      </trkpt>
      <trkpt lat="30.67311" lon="-96.86113">
        <ele>140.9</ele>
      </trkpt>
      <trkpt lat="30.67235" lon="-96.86082">
        <ele>148.1</ele>
      </trkpt>
      <trkpt lat="30.67227" lon="-96.86078">
        <ele>149.1</ele>
      </trkpt>
      <trkpt lat="30.67193" lon="-96.86064">
        <ele>150.3</ele>
      </trkpt>
      <trkpt lat="30.67176" lon="-96.86057">
        <ele>150.0</ele>
      </trkpt>
      <trkpt lat="30.67142" lon="-96.86042">
        <ele>148.6</ele>
      </trkpt>
      <trkpt lat="30.67041" lon="-96.85999">
        <ele>140.1</ele>
      </trkpt>
      <trkpt lat="30.66956" lon="-96.85964">
        <ele>137.0</ele>
      </trkpt>
      <trkpt lat="30.66939" lon="-96.85956">
        <ele>136.2</ele>
      </trkpt>
      <trkpt lat="30.66922" lon="-96.8595">
        <ele>135.4</ele>
      </trkpt>
      <trkpt lat="30.66888" lon="-96.85936">
        <ele>134.0</ele>
      </trkpt>
      <trkpt lat="30.66854" lon="-96.8592199">
        <ele>134.8</ele>
      </trkpt>
      <trkpt lat="30.66821" lon="-96.85908">
        <ele>137.4</ele>
      </trkpt>
      <trkpt lat="30.66787" lon="-96.85894">
        <ele>141.0</ele>
      </trkpt>
      <trkpt lat="30.66736" lon="-96.85873">
        <ele>147.8</ele>
      </trkpt>
      <trkpt lat="30.66702" lon="-96.85859">
        <ele>150.0</ele>
      </trkpt>
      <trkpt lat="30.66685" lon="-96.85852">
        <ele>150.5</ele>
      </trkpt>
      <trkpt lat="30.66658" lon="-96.85841">
        <ele>150.3</ele>
      </trkpt>
      <trkpt lat="30.66624" lon="-96.85827">
        <ele>148.8</ele>
      </trkpt>
      <trkpt lat="30.66573" lon="-96.85806">
        <ele>147.6</ele>
      </trkpt>
      <trkpt lat="30.66546" lon="-96.85795">
        <ele>146.9</ele>
      </trkpt>
      <trkpt lat="30.66523" lon="-96.85786">
        <ele>145.6</ele>
      </trkpt>
      <trkpt lat="30.6651" lon="-96.8578">
        <ele>144.6</ele>
      </trkpt>
      <trkpt lat="30.66465" lon="-96.8576">
        <ele>139.2</ele>
      </trkpt>
      <trkpt lat="30.66456" lon="-96.85756">
        <ele>138.0</ele>
      </trkpt>
      <trkpt lat="30.66422" lon="-96.85741">
        <ele>136.0</ele>
      </trkpt>
      <trkpt lat="30.66371" lon="-96.8572">
        <ele>138.0</ele>
      </trkpt>
      <trkpt lat="30.66321" lon="-96.85699">
        <ele>143.1</ele>
      </trkpt>
      <trkpt lat="30.66301" lon="-96.8569">
        <ele>144.2</ele>
      </trkpt>
      <trkpt lat="30.66287" lon="-96.85684">
        <ele>144.5</ele>
      </trkpt>
      <trkpt lat="30.66253" lon="-96.8567">
        <ele>143.9</ele>
      </trkpt>
      <trkpt lat="30.66219" lon="-96.85656">
        <ele>143.8</ele>
      </trkpt>
      <trkpt lat="30.66168" lon="-96.85635">
        <ele>140.2</ele>
      </trkpt>
      <trkpt lat="30.66135" lon="-96.85621">
        <ele>134.4</ele>
      </trkpt>
      <trkpt lat="30.66102" lon="-96.85607">
        <ele>133.9</ele>
      </trkpt>
      <trkpt lat="30.66101" lon="-96.85606">
        <ele>133.9</ele>
      </trkpt>
      <trkpt lat="30.6607" lon="-96.85595">
        <ele>133.9</ele>
      </trkpt>
      <trkpt lat="30.6605" lon="-96.85586">
        <ele>134.4</ele>
      </trkpt>
      <trkpt lat="30.65999" lon="-96.8556399">
        <ele>138.4</ele>
      </trkpt>
      <trkpt lat="30.65949" lon="-96.85542">
        <ele>143.5</ele>
      </trkpt>
      <trkpt lat="30.65915" lon="-96.85527">
        <ele>146.5</ele>
      </trkpt>
      <trkpt lat="30.65814" lon="-96.85483">
        <ele>144.4</ele>
      </trkpt>
      <trkpt lat="30.65709" lon="-96.85438">
        <ele>148.4</ele>
      </trkpt>
      <trkpt lat="30.65679" lon="-96.85424">
        <ele>149.7</ele>
      </trkpt>
      <trkpt lat="30.65658" lon="-96.85414">
        <ele>150.1</ele>
      </trkpt>
      <trkpt lat="30.65637" lon="-96.85404">
        <ele>150.3</ele>
      </trkpt>
      <trkpt lat="30.65629" lon="-96.85401">
        <ele>150.4</ele>
      </trkpt>
      <trkpt lat="30.65617" lon="-96.85397">
        <ele>150.5</ele>
      </trkpt>
      <trkpt lat="30.65585" lon="-96.8539">
        <ele>150.8</ele>
      </trkpt>
      <trkpt lat="30.65541" lon="-96.85391">
        <ele>151.1</ele>
      </trkpt>
      <trkpt lat="30.65523" lon="-96.85396">
        <ele>150.7</ele>
      </trkpt>
      <trkpt lat="30.654" lon="-96.8543">
        <ele>153.0</ele>
      </trkpt>
      <trkpt lat="30.6536" lon="-96.85441">
        <ele>153.3</ele>
      </trkpt>
      <trkpt lat="30.65297" lon="-96.85466">
        <ele>154.3</ele>
      </trkpt>
      <trkpt lat="30.65285" lon="-96.85471">
        <ele>154.6</ele>
      </trkpt>
      <trkpt lat="30.6521" lon="-96.85492">
        <ele>157.4</ele>
      </trkpt>
      <trkpt lat="30.65153" lon="-96.85508">
        <ele>160.8</ele>
      </trkpt>
      <trkpt lat="30.65115" lon="-96.85529">
        <ele>163.9</ele>
      </trkpt>
      <trkpt lat="30.65087" lon="-96.85542">
        <ele>165.6</ele>
      </trkpt>
      <trkpt lat="30.65066" lon="-96.85542">
        <ele>166.8</ele>
      </trkpt>
      <trkpt lat="30.65039" lon="-96.85534">
        <ele>168.5</ele>
      </trkpt>
      <trkpt lat="30.65034" lon="-96.85533">
        <ele>168.9</ele>
      </trkpt>
      <trkpt lat="30.64936" lon="-96.85494">
        <ele>174.3</ele>
      </trkpt>
      <trkpt lat="30.64868" lon="-96.85467">
        <ele>175.9</ele>
      </trkpt>
      <trkpt lat="30.64817" lon="-96.85446">
        <ele>177.2</ele>
      </trkpt>
      <trkpt lat="30.64738" lon="-96.85415">
        <ele>174.0</ele>
      </trkpt>
      <trkpt lat="30.64732" lon="-96.85413">
        <ele>173.9</ele>
      </trkpt>
      <trkpt lat="30.64587" lon="-96.85352">
        <ele>169.5</ele>
      </trkpt>
      <trkpt lat="30.64575" lon="-96.8534899">
        <ele>169.0</ele>
      </trkpt>
      <trkpt lat="30.64566" lon="-96.85347">
        <ele>168.7</ele>
      </trkpt>
      <trkpt lat="30.6456" lon="-96.85348">
        <ele>168.5</ele>
      </trkpt>
      <trkpt lat="30.64556" lon="-96.8534899">
        <ele>168.3</ele>
      </trkpt>
      <trkpt lat="30.64548" lon="-96.85355">
        <ele>168.2</ele>
      </trkpt>
      <trkpt lat="30.64543" lon="-96.85363">
        <ele>168.1</ele>
      </trkpt>
      <trkpt lat="30.64539" lon="-96.85374">
        <ele>168.1</ele>
      </trkpt>
      <trkpt lat="30.64533" lon="-96.85419">
        <ele>168.0</ele>
      </trkpt>
      <trkpt lat="30.64517" lon="-96.85543">
        <ele>164.7</ele>
      </trkpt>
      <trkpt lat="30.64501" lon="-96.85667">
        <ele>161.9</ele>
      </trkpt>
      <trkpt lat="30.64496" lon="-96.85714">
        <ele>161.0</ele>
      </trkpt>
      <trkpt lat="30.64492" lon="-96.85729">
        <ele>160.6</ele>
      </trkpt>
      <trkpt lat="30.6448" lon="-96.8579">
        <ele>160.4</ele>
      </trkpt>
      <trkpt lat="30.6448" lon="-96.8579">
        <ele>160.4</ele>
      </trkpt>
      <trkpt lat="30.6447" lon="-96.8579">
        <ele>160.7</ele>
      </trkpt>
      <trkpt lat="30.64459" lon="-96.85783">
        <ele>161.0</ele>
      </trkpt>
      <trkpt lat="30.64454" lon="-96.85778">
        <ele>161.1</ele>
      </trkpt>
      <trkpt lat="30.64441" lon="-96.85765">
        <ele>161.9</ele>
      </trkpt>
      <trkpt lat="30.64427" lon="-96.85751">
        <ele>163.3</ele>
      </trkpt>
      <trkpt lat="30.64396" lon="-96.85729">
        <ele>164.9</ele>
      </trkpt>
      <trkpt lat="30.64379" lon="-96.85717">
        <ele>165.3</ele>
      </trkpt>
      <trkpt lat="30.64364" lon="-96.85708">
        <ele>165.4</ele>
      </trkpt>
      <trkpt lat="30.64324" lon="-96.85685">
        <ele>166.4</ele>
      </trkpt>
      <trkpt lat="30.6421" lon="-96.8561">
        <ele>164.4</ele>
      </trkpt>
      <trkpt lat="30.64207" lon="-96.85607">
        <ele>164.4</ele>
      </trkpt>
      <trkpt lat="30.64185" lon="-96.85591">
        <ele>164.3</ele>
      </trkpt>
      <trkpt lat="30.64143" lon="-96.85544">
        <ele>164.2</ele>
      </trkpt>
      <trkpt lat="30.64099" lon="-96.85478">
        <ele>163.9</ele>
      </trkpt>
      <trkpt lat="30.64095" lon="-96.85473">
        <ele>163.9</ele>
      </trkpt>
      <trkpt lat="30.64035" lon="-96.85396">
        <ele>164.1</ele>
      </trkpt>
      <trkpt lat="30.63988" lon="-96.85335">
        <ele>164.7</ele>
      </trkpt>
      <trkpt lat="30.63979" lon="-96.85315">
        <ele>164.7</ele>
      </trkpt>
      <trkpt lat="30.6396" lon="-96.85277">
        <ele>164.7</ele>
      </trkpt>
      <trkpt lat="30.6393" lon="-96.85203">
        <ele>164.0</ele>
      </trkpt>
      <trkpt lat="30.63904" lon="-96.85139">
        <ele>162.6</ele>
      </trkpt>
      <trkpt lat="30.63887" lon="-96.8509">
        <ele>161.7</ele>
      </trkpt>
      <trkpt lat="30.63883" lon="-96.85005">
        <ele>161.8</ele>
      </trkpt>
      <trkpt lat="30.63882" lon="-96.84986">
        <ele>162.3</ele>
      </trkpt>
      <trkpt lat="30.6388" lon="-96.84951">
        <ele>163.6</ele>
      </trkpt>
      <trkpt lat="30.63871" lon="-96.84923">
        <ele>164.0</ele>
      </trkpt>
      <trkpt lat="30.63841" lon="-96.849">
        <ele>163.1</ele>
      </trkpt>
      <trkpt lat="30.63834" lon="-96.84894">
        <ele>162.9</ele>
      </trkpt>
      <trkpt lat="30.63775" lon="-96.84867">
        <ele>162.2</ele>
      </trkpt>
      <trkpt lat="30.63725" lon="-96.84844">
        <ele>161.4</ele>
      </trkpt>
      <trkpt lat="30.63692" lon="-96.84827">
        <ele>160.9</ele>
      </trkpt>
      <trkpt lat="30.6361" lon="-96.84786">
        <ele>159.5</ele>
      </trkpt>
      <trkpt lat="30.63511" lon="-96.84736">
        <ele>157.4</ele>
      </trkpt>
      <trkpt lat="30.63453" lon="-96.84707">
        <ele>155.2</ele>
      </trkpt>
      <trkpt lat="30.63445" lon="-96.84703">
        <ele>155.1</ele>
      </trkpt>
      <trkpt lat="30.6338" lon="-96.84666">
        <ele>156.1</ele>
      </trkpt>
      <trkpt lat="30.63342" lon="-96.84643">
        <ele>158.0</ele>
      </trkpt>
      <trkpt lat="30.63309" lon="-96.84604">
        <ele>159.9</ele>
      </trkpt>
      <trkpt lat="30.63309" lon="-96.84604">
        <ele>159.9</ele>
      </trkpt>
      <trkpt lat="30.63322" lon="-96.84555">
        <ele>160.5</ele>
      </trkpt>
      <trkpt lat="30.63337" lon="-96.84495">
        <ele>160.7</ele>
      </trkpt>
      <trkpt lat="30.63368" lon="-96.84397">
        <ele>160.7</ele>
      </trkpt>
      <trkpt lat="30.63386" lon="-96.84338">
        <ele>162.0</ele>
      </trkpt>
      <trkpt lat="30.63392" lon="-96.84318">
        <ele>162.5</ele>
      </trkpt>
      <trkpt lat="30.63428" lon="-96.842">
        <ele>165.6</ele>
      </trkpt>
      <trkpt lat="30.63434" lon="-96.8418">
        <ele>164.6</ele>
      </trkpt>
      <trkpt lat="30.63465" lon="-96.84083">
        <ele>161.2</ele>
      </trkpt>
      <trkpt lat="30.63471" lon="-96.84063">
        <ele>160.9</ele>
      </trkpt>
      <trkpt lat="30.63509" lon="-96.83945">
        <ele>157.8</ele>
      </trkpt>
      <trkpt lat="30.63515" lon="-96.83926">
        <ele>157.2</ele>
      </trkpt>
      <trkpt lat="30.6354" lon="-96.83847">
        <ele>153.4</ele>
      </trkpt>
      <trkpt lat="30.63546" lon="-96.83828">
        <ele>153.7</ele>
      </trkpt>
      <trkpt lat="30.63571" lon="-96.83749">
        <ele>152.5</ele>
      </trkpt>
      <trkpt lat="30.63577" lon="-96.8373">
        <ele>153.2</ele>
      </trkpt>
      <trkpt lat="30.63602" lon="-96.83651">
        <ele>156.1</ele>
      </trkpt>
      <trkpt lat="30.63608" lon="-96.83632">
        <ele>155.3</ele>
      </trkpt>
      <trkpt lat="30.63621" lon="-96.83592">
        <ele>152.3</ele>
      </trkpt>
      <trkpt lat="30.63639" lon="-96.83534">
        <ele>149.4</ele>
      </trkpt>
      <trkpt lat="30.63696" lon="-96.83357">
        <ele>144.2</ele>
      </trkpt>
      <trkpt lat="30.63714" lon="-96.83298">
        <ele>142.5</ele>
      </trkpt>
      <trkpt lat="30.63727" lon="-96.83259">
        <ele>141.4</ele>
      </trkpt>
      <trkpt lat="30.6375" lon="-96.8318">
        <ele>140.0</ele>
      </trkpt>
      <trkpt lat="30.63756" lon="-96.8316">
        <ele>139.7</ele>
      </trkpt>
      <trkpt lat="30.63762" lon="-96.8314">
        <ele>139.0</ele>
      </trkpt>
      <trkpt lat="30.63773" lon="-96.83101">
        <ele>137.6</ele>
      </trkpt>
      <trkpt lat="30.63779" lon="-96.83081">
        <ele>137.4</ele>
      </trkpt>
      <trkpt lat="30.63803" lon="-96.83">
        <ele>137.2</ele>
      </trkpt>
      <trkpt lat="30.63825" lon="-96.82935">
        <ele>137.2</ele>
      </trkpt>
      <trkpt lat="30.6385" lon="-96.82857">
        <ele>137.9</ele>
      </trkpt>
      <trkpt lat="30.63857" lon="-96.82838">
        <ele>138.9</ele>
      </trkpt>
      <trkpt lat="30.63863" lon="-96.82818">
        <ele>139.8</ele>
      </trkpt>
      <trkpt lat="30.6387" lon="-96.82799">
        <ele>140.6</ele>
      </trkpt>
      <trkpt lat="30.63876" lon="-96.8277899">
        <ele>141.2</ele>
      </trkpt>
      <trkpt lat="30.63883" lon="-96.8276">
        <ele>141.0</ele>
      </trkpt>
      <trkpt lat="30.63887" lon="-96.82746">
        <ele>140.8</ele>
      </trkpt>
      <trkpt lat="30.63898" lon="-96.82706">
        <ele>140.0</ele>
      </trkpt>
      <trkpt lat="30.63904" lon="-96.82686">
        <ele>139.3</ele>
      </trkpt>
      <trkpt lat="30.63909" lon="-96.82666">
        <ele>138.5</ele>
      </trkpt>
      <trkpt lat="30.63915" lon="-96.82646">
        <ele>137.8</ele>
      </trkpt>
      <trkpt lat="30.6394" lon="-96.82561">
        <ele>135.2</ele>
      </trkpt>
      <trkpt lat="30.63956" lon="-96.82508">
        <ele>134.5</ele>
      </trkpt>
      <trkpt lat="30.63969" lon="-96.82469">
        <ele>135.8</ele>
      </trkpt>
      <trkpt lat="30.63994" lon="-96.82391">
        <ele>138.9</ele>
      </trkpt>
      <trkpt lat="30.64" lon="-96.82373">
        <ele>138.1</ele>
      </trkpt>
      <trkpt lat="30.64018" lon="-96.82315">
        <ele>136.0</ele>
      </trkpt>
      <trkpt lat="30.64019" lon="-96.82312">
        <ele>136.0</ele>
      </trkpt>
      <trkpt lat="30.64027" lon="-96.82294">
        <ele>136.3</ele>
      </trkpt>
      <trkpt lat="30.64045" lon="-96.82252">
        <ele>138.2</ele>
      </trkpt>
      <trkpt lat="30.64052" lon="-96.82238">
        <ele>139.0</ele>
      </trkpt>
      <trkpt lat="30.64072" lon="-96.82203">
        <ele>140.9</ele>
      </trkpt>
      <trkpt lat="30.64091" lon="-96.82167">
        <ele>142.2</ele>
      </trkpt>
      <trkpt lat="30.64121" lon="-96.82137">
        <ele>144.0</ele>
      </trkpt>
      <trkpt lat="30.64152" lon="-96.8211">
        <ele>146.5</ele>
      </trkpt>
      <trkpt lat="30.64171" lon="-96.82101">
        <ele>147.7</ele>
      </trkpt>
      <trkpt lat="30.64203" lon="-96.82083">
        <ele>148.5</ele>
      </trkpt>
      <trkpt lat="30.64236" lon="-96.82066">
        <ele>148.7</ele>
      </trkpt>
      <trkpt lat="30.64243" lon="-96.82062">
        <ele>148.6</ele>
      </trkpt>
      <trkpt lat="30.64286" lon="-96.82042">
        <ele>147.9</ele>
      </trkpt>
      <trkpt lat="30.6434" lon="-96.82016">
        <ele>146.0</ele>
      </trkpt>
      <trkpt lat="30.64404" lon="-96.81993">
        <ele>144.9</ele>
      </trkpt>
      <trkpt lat="30.64407" lon="-96.81992">
        <ele>145.0</ele>
      </trkpt>
      <trkpt lat="30.64446" lon="-96.81998">
        <ele>145.0</ele>
      </trkpt>
      <trkpt lat="30.64458" lon="-96.81997">
        <ele>145.7</ele>
      </trkpt>
      <trkpt lat="30.64482" lon="-96.81994">
        <ele>146.0</ele>
      </trkpt>
      <trkpt lat="30.64532" lon="-96.81986">
        <ele>146.1</ele>
      </trkpt>
      <trkpt lat="30.64599" lon="-96.81965">
        <ele>146.9</ele>
      </trkpt>
      <trkpt lat="30.64614" lon="-96.8196">
        <ele>146.9</ele>
      </trkpt>
      <trkpt lat="30.64647" lon="-96.81961">
        <ele>149.6</ele>
      </trkpt>
      <trkpt lat="30.64703" lon="-96.81967">
        <ele>153.0</ele>
      </trkpt>
      <trkpt lat="30.64798" lon="-96.8199">
        <ele>156.7</ele>
      </trkpt>
      <trkpt lat="30.64829" lon="-96.81996">
        <ele>157.7</ele>
      </trkpt>
      <trkpt lat="30.64882" lon="-96.82007">
        <ele>159.2</ele>
      </trkpt>
      <trkpt lat="30.64889" lon="-96.82008">
        <ele>159.3</ele>
      </trkpt>
      <trkpt lat="30.64953" lon="-96.8202">
        <ele>158.5</ele>
      </trkpt>
      <trkpt lat="30.65042" lon="-96.82037">
        <ele>156.9</ele>
      </trkpt>
      <trkpt lat="30.65059" lon="-96.8204">
        <ele>156.7</ele>
      </trkpt>
      <trkpt lat="30.65078" lon="-96.82041">
        <ele>156.7</ele>
      </trkpt>
      <trkpt lat="30.65132" lon="-96.82043">
        <ele>157.1</ele>
      </trkpt>
      <trkpt lat="30.65148" lon="-96.82044">
        <ele>157.5</ele>
      </trkpt>
      <trkpt lat="30.65186" lon="-96.82046">
        <ele>158.3</ele>
      </trkpt>
      <trkpt lat="30.65198" lon="-96.82047">
        <ele>158.9</ele>
      </trkpt>
      <trkpt lat="30.65217" lon="-96.82046">
        <ele>159.5</ele>
      </trkpt>
      <trkpt lat="30.65235" lon="-96.82042">
        <ele>159.8</ele>
      </trkpt>
      <trkpt lat="30.65253" lon="-96.8203">
        <ele>160.4</ele>
      </trkpt>
      <trkpt lat="30.65265" lon="-96.82019">
        <ele>160.8</ele>
      </trkpt>
      <trkpt lat="30.65276" lon="-96.82003">
        <ele>161.4</ele>
      </trkpt>
      <trkpt lat="30.65287" lon="-96.81986">
        <ele>162.0</ele>
      </trkpt>
      <trkpt lat="30.65314" lon="-96.8193">
        <ele>163.4</ele>
      </trkpt>
      <trkpt lat="30.65326" lon="-96.81905">
        <ele>163.8</ele>
      </trkpt>
      <trkpt lat="30.6534" lon="-96.81894">
        <ele>164.1</ele>
      </trkpt>
      <trkpt lat="30.65351" lon="-96.81893">
        <ele>164.2</ele>
      </trkpt>
      <trkpt lat="30.65366" lon="-96.819">
        <ele>164.5</ele>
      </trkpt>
      <trkpt lat="30.6537" lon="-96.81902">
        <ele>164.5</ele>
      </trkpt>
      <trkpt lat="30.65393" lon="-96.81913">
        <ele>164.9</ele>
      </trkpt>
      <trkpt lat="30.65417" lon="-96.8192">
        <ele>165.2</ele>
      </trkpt>
      <trkpt lat="30.65458" lon="-96.81925">
        <ele>165.6</ele>
      </trkpt>
      <trkpt lat="30.65489" lon="-96.81923">
        <ele>165.7</ele>
      </trkpt>
      <trkpt lat="30.6551" lon="-96.8192">
        <ele>165.5</ele>
      </trkpt>
      <trkpt lat="30.65522" lon="-96.81919">
        <ele>165.3</ele>
      </trkpt>
      <trkpt lat="30.65616" lon="-96.81909">
        <ele>163.7</ele>
      </trkpt>
      <trkpt lat="30.65618" lon="-96.81909">
        <ele>163.7</ele>
      </trkpt>
      <trkpt lat="30.65652" lon="-96.81896">
        <ele>163.0</ele>
      </trkpt>
      <trkpt lat="30.65657" lon="-96.81879">
        <ele>162.3</ele>
      </trkpt>
      <trkpt lat="30.6566" lon="-96.8187">
        <ele>161.8</ele>
      </trkpt>
      <trkpt lat="30.6566" lon="-96.8187">
        <ele>161.8</ele>
      </trkpt>
      <trkpt lat="30.65706" lon="-96.81892">
        <ele>161.4</ele>
      </trkpt>
      <trkpt lat="30.65727" lon="-96.81901">
        <ele>161.8</ele>
      </trkpt>
      <trkpt lat="30.65756" lon="-96.81914">
        <ele>163.1</ele>
      </trkpt>
      <trkpt lat="30.65795" lon="-96.81932">
        <ele>163.7</ele>
      </trkpt>
      <trkpt lat="30.65809" lon="-96.81938">
        <ele>163.6</ele>
      </trkpt>
      <trkpt lat="30.6582" lon="-96.81946">
        <ele>163.4</ele>
      </trkpt>
      <trkpt lat="30.65826" lon="-96.81949">
        <ele>163.3</ele>
      </trkpt>
      <trkpt lat="30.65847" lon="-96.81957">
        <ele>162.3</ele>
      </trkpt>
      <trkpt lat="30.65873" lon="-96.81969">
        <ele>161.4</ele>
      </trkpt>
      <trkpt lat="30.65907" lon="-96.81982">
        <ele>161.0</ele>
      </trkpt>
      <trkpt lat="30.65907" lon="-96.81982">
        <ele>161.0</ele>
      </trkpt>
      <trkpt lat="30.65913" lon="-96.8197">
        <ele>160.6</ele>
      </trkpt>
      <trkpt lat="30.65923" lon="-96.8195099">
        <ele>159.9</ele>
      </trkpt>
      <trkpt lat="30.65939" lon="-96.81932">
        <ele>159.7</ele>
      </trkpt>
      <trkpt lat="30.65953" lon="-96.81917">
        <ele>159.7</ele>
      </trkpt>
      <trkpt lat="30.6596" lon="-96.8191">
        <ele>159.8</ele>
      </trkpt>
      <trkpt lat="30.65971" lon="-96.81898">
        <ele>159.7</ele>
      </trkpt>
      <trkpt lat="30.6599" lon="-96.81887">
        <ele>159.5</ele>
      </trkpt>
      <trkpt lat="30.66008" lon="-96.81875">
        <ele>159.6</ele>
      </trkpt>
      <trkpt lat="30.66017" lon="-96.81868">
        <ele>159.7</ele>
      </trkpt>
      <trkpt lat="30.66023" lon="-96.81861">
        <ele>159.9</ele>
      </trkpt>
      <trkpt lat="30.66025" lon="-96.81858">
        <ele>159.9</ele>
      </trkpt>
      <trkpt lat="30.66032" lon="-96.81844">
        <ele>160.1</ele>
      </trkpt>
      <trkpt lat="30.66043" lon="-96.81804">
        <ele>160.1</ele>
      </trkpt>
      <trkpt lat="30.66063" lon="-96.81737">
        <ele>159.6</ele>
      </trkpt>
      <trkpt lat="30.66067" lon="-96.81725">
        <ele>159.6</ele>
      </trkpt>
      <trkpt lat="30.66076" lon="-96.8169">
        <ele>160.0</ele>
      </trkpt>
      <trkpt lat="30.6609" lon="-96.81625">
        <ele>160.3</ele>
      </trkpt>
      <trkpt lat="30.66091" lon="-96.8162399">
        <ele>160.4</ele>
      </trkpt>
      <trkpt lat="30.66096" lon="-96.81607">
        <ele>161.0</ele>
      </trkpt>
      <trkpt lat="30.66102" lon="-96.81601">
        <ele>161.4</ele>
      </trkpt>
      <trkpt lat="30.66109" lon="-96.81602">
        <ele>161.5</ele>
      </trkpt>
      <trkpt lat="30.66116" lon="-96.81604">
        <ele>161.5</ele>
      </trkpt>
      <trkpt lat="30.66134" lon="-96.81608">
        <ele>161.4</ele>
      </trkpt>
      <trkpt lat="30.66167" lon="-96.8162399">
        <ele>160.3</ele>
      </trkpt>
      <trkpt lat="30.662" lon="-96.8164">
        <ele>158.6</ele>
      </trkpt>
      <trkpt lat="30.66227" lon="-96.8165099">
        <ele>158.0</ele>
      </trkpt>
      <trkpt lat="30.66241" lon="-96.81652">
        <ele>157.7</ele>
      </trkpt>
      <trkpt lat="30.66252" lon="-96.8165">
        <ele>157.6</ele>
      </trkpt>
      <trkpt lat="30.66253" lon="-96.81649">
        <ele>157.6</ele>
      </trkpt>
      <trkpt lat="30.66271" lon="-96.81641">
        <ele>157.3</ele>
      </trkpt>
      <trkpt lat="30.66332" lon="-96.81604">
        <ele>156.1</ele>
      </trkpt>
      <trkpt lat="30.66333" lon="-96.81603">
        <ele>156.1</ele>
      </trkpt>
      <trkpt lat="30.66354" lon="-96.81588">
        <ele>156.2</ele>
      </trkpt>
      <trkpt lat="30.66377" lon="-96.81569">
        <ele>156.0</ele>
      </trkpt>
      <trkpt lat="30.66392" lon="-96.81552">
        <ele>155.6</ele>
      </trkpt>
      <trkpt lat="30.66407" lon="-96.81529">
        <ele>154.4</ele>
      </trkpt>
      <trkpt lat="30.66417" lon="-96.8151">
        <ele>153.8</ele>
      </trkpt>
      <trkpt lat="30.66431" lon="-96.81475">
        <ele>152.7</ele>
      </trkpt>
      <trkpt lat="30.66449" lon="-96.81415">
        <ele>150.1</ele>
      </trkpt>
      <trkpt lat="30.66467" lon="-96.81356">
        <ele>149.5</ele>
      </trkpt>
      <trkpt lat="30.66479" lon="-96.81319">
        <ele>149.5</ele>
      </trkpt>
      <trkpt lat="30.6649" lon="-96.81296">
        <ele>149.5</ele>
      </trkpt>
      <trkpt lat="30.66498" lon="-96.81283">
        <ele>149.4</ele>
      </trkpt>
      <trkpt lat="30.66507" lon="-96.81273">
        <ele>149.1</ele>
      </trkpt>
      <trkpt lat="30.66518" lon="-96.81262">
        <ele>147.7</ele>
      </trkpt>
      <trkpt lat="30.66542" lon="-96.81242">
        <ele>148.3</ele>
      </trkpt>
      <trkpt lat="30.66593" lon="-96.8121199">
        <ele>151.4</ele>
      </trkpt>
      <trkpt lat="30.6667" lon="-96.81167">
        <ele>153.0</ele>
      </trkpt>
      <trkpt lat="30.66677" lon="-96.8116299">
        <ele>152.9</ele>
      </trkpt>
      <trkpt lat="30.66702" lon="-96.81148">
        <ele>152.5</ele>
      </trkpt>
      <trkpt lat="30.66731" lon="-96.81126">
        <ele>151.5</ele>
      </trkpt>
      <trkpt lat="30.66748" lon="-96.8110899">
        <ele>150.9</ele>
      </trkpt>
      <trkpt lat="30.66757" lon="-96.81097">
        <ele>150.5</ele>
      </trkpt>
      <trkpt lat="30.66771" lon="-96.81063">
        <ele>149.6</ele>
      </trkpt>
      <trkpt lat="30.66785" lon="-96.81017">
        <ele>148.7</ele>
      </trkpt>
      <trkpt lat="30.66792" lon="-96.80993">
        <ele>148.3</ele>
      </trkpt>
      <trkpt lat="30.66833" lon="-96.80862">
        <ele>149.1</ele>
      </trkpt>
      <trkpt lat="30.66857" lon="-96.80783">
        <ele>150.1</ele>
      </trkpt>
      <trkpt lat="30.66871" lon="-96.80737">
        <ele>149.6</ele>
      </trkpt>
      <trkpt lat="30.66871" lon="-96.80737">
        <ele>149.6</ele>
      </trkpt>
      <trkpt lat="30.66897" lon="-96.8073">
        <ele>149.5</ele>
      </trkpt>
      <trkpt lat="30.66923" lon="-96.80722">
        <ele>149.3</ele>
      </trkpt>
      <trkpt lat="30.66958" lon="-96.80712">
        <ele>148.9</ele>
      </trkpt>
      <trkpt lat="30.66963" lon="-96.8071">
        <ele>148.9</ele>
      </trkpt>
      <trkpt lat="30.67013" lon="-96.80692">
        <ele>147.5</ele>
      </trkpt>
      <trkpt lat="30.67029" lon="-96.8069">
        <ele>147.1</ele>
      </trkpt>
      <trkpt lat="30.67036" lon="-96.80692">
        <ele>146.9</ele>
      </trkpt>
      <trkpt lat="30.67041" lon="-96.80691">
        <ele>146.7</ele>
      </trkpt>
      <trkpt lat="30.67043" lon="-96.80689">
        <ele>146.7</ele>
      </trkpt>
      <trkpt lat="30.67046" lon="-96.8068">
        <ele>146.4</ele>
      </trkpt>
      <trkpt lat="30.67054" lon="-96.80649">
        <ele>145.5</ele>
      </trkpt>
      <trkpt lat="30.67054" lon="-96.80649">
        <ele>145.5</ele>
      </trkpt>
      <trkpt lat="30.67071" lon="-96.80654">
        <ele>144.9</ele>
      </trkpt>
      <trkpt lat="30.67093" lon="-96.80658">
        <ele>144.1</ele>
      </trkpt>
      <trkpt lat="30.67117" lon="-96.80659">
        <ele>143.1</ele>
      </trkpt>
      <trkpt lat="30.67117" lon="-96.80659">
        <ele>143.1</ele>
      </trkpt>
      <trkpt lat="30.67125" lon="-96.80649">
        <ele>142.7</ele>
      </trkpt>
      <trkpt lat="30.67132" lon="-96.8063899">
        <ele>142.3</ele>
      </trkpt>
      <trkpt lat="30.67134" lon="-96.8062999">
        <ele>142.1</ele>
      </trkpt>
      <trkpt lat="30.67133" lon="-96.80611">
        <ele>142.1</ele>
      </trkpt>
      <trkpt lat="30.67138" lon="-96.80595">
        <ele>141.8</ele>
      </trkpt>
      <trkpt lat="30.67144" lon="-96.80579">
        <ele>141.5</ele>
      </trkpt>
      <trkpt lat="30.67174" lon="-96.80516">
        <ele>141.6</ele>
      </trkpt>
      <trkpt lat="30.67182" lon="-96.805">
        <ele>141.9</ele>
      </trkpt>
      <trkpt lat="30.67199" lon="-96.80461">
        <ele>143.0</ele>
      </trkpt>
      <trkpt lat="30.67222" lon="-96.80404">
        <ele>144.4</ele>
      </trkpt>
      <trkpt lat="30.67238" lon="-96.8036599">
        <ele>143.4</ele>
      </trkpt>
      <trkpt lat="30.67254" lon="-96.80329">
        <ele>141.4</ele>
      </trkpt>
      <trkpt lat="30.67279" lon="-96.80267">
        <ele>135.5</ele>
      </trkpt>
      <trkpt lat="30.67293" lon="-96.80235">
        <ele>134.2</ele>
      </trkpt>
      <trkpt lat="30.67339" lon="-96.8013">
        <ele>131.5</ele>
      </trkpt>
      <trkpt lat="30.67352" lon="-96.80105">
        <ele>130.5</ele>
      </trkpt>
      <trkpt lat="30.67377" lon="-96.80058">
        <ele>133.0</ele>
      </trkpt>
      <trkpt lat="30.67379" lon="-96.80055">
        <ele>133.1</ele>
      </trkpt>
      <trkpt lat="30.67431" lon="-96.7998099">
        <ele>135.2</ele>
      </trkpt>
      <trkpt lat="30.67436" lon="-96.79974">
        <ele>135.3</ele>
      </trkpt>
      <trkpt lat="30.67448" lon="-96.7996">
        <ele>135.4</ele>
      </trkpt>
      <trkpt lat="30.67458" lon="-96.79941">
        <ele>135.7</ele>
      </trkpt>
      <trkpt lat="30.67501" lon="-96.79803">
        <ele>135.5</ele>
      </trkpt>
      <trkpt lat="30.67536" lon="-96.79689">
        <ele>139.1</ele>
      </trkpt>
      <trkpt lat="30.67559" lon="-96.7960499">
        <ele>140.4</ele>
      </trkpt>
      <trkpt lat="30.67559" lon="-96.79603">
        <ele>140.3</ele>
      </trkpt>
      <trkpt lat="30.67577" lon="-96.79512">
        <ele>139.1</ele>
      </trkpt>
      <trkpt lat="30.67581" lon="-96.79483">
        <ele>138.9</ele>
      </trkpt>
      <trkpt lat="30.67582" lon="-96.79471">
        <ele>138.9</ele>
      </trkpt>
      <trkpt lat="30.67589" lon="-96.79419">
        <ele>139.7</ele>
      </trkpt>
      <trkpt lat="30.67593" lon="-96.794">
        <ele>139.8</ele>
      </trkpt>
      <trkpt lat="30.67602" lon="-96.7936">
        <ele>139.8</ele>
      </trkpt>
      <trkpt lat="30.67604" lon="-96.79351">
        <ele>139.6</ele>
      </trkpt>
      <trkpt lat="30.67621" lon="-96.79242">
        <ele>134.5</ele>
      </trkpt>
      <trkpt lat="30.67626" lon="-96.79216">
        <ele>132.7</ele>
      </trkpt>
      <trkpt lat="30.67638" lon="-96.79155">
        <ele>130.4</ele>
      </trkpt>
      <trkpt lat="30.67645" lon="-96.79114">
        <ele>133.2</ele>
      </trkpt>
      <trkpt lat="30.67658" lon="-96.79048">
        <ele>138.6</ele>
      </trkpt>
      <trkpt lat="30.67661" lon="-96.79032">
        <ele>139.2</ele>
      </trkpt>
      <trkpt lat="30.67671" lon="-96.78992">
        <ele>140.1</ele>
      </trkpt>
      <trkpt lat="30.6768" lon="-96.78952">
        <ele>139.2</ele>
      </trkpt>
      <trkpt lat="30.67687" lon="-96.78922">
        <ele>137.7</ele>
      </trkpt>
      <trkpt lat="30.67705" lon="-96.78851">
        <ele>134.7</ele>
      </trkpt>
      <trkpt lat="30.67714" lon="-96.78811">
        <ele>134.7</ele>
      </trkpt>
      <trkpt lat="30.67722" lon="-96.7878099">
        <ele>135.7</ele>
      </trkpt>
      <trkpt lat="30.67735" lon="-96.78753">
        <ele>137.6</ele>
      </trkpt>
      <trkpt lat="30.67747" lon="-96.78727">
        <ele>139.5</ele>
      </trkpt>
      <trkpt lat="30.67777" lon="-96.78686">
        <ele>141.2</ele>
      </trkpt>
      <trkpt lat="30.67777" lon="-96.78685">
        <ele>141.2</ele>
      </trkpt>
      <trkpt lat="30.6782" lon="-96.78648">
        <ele>145.0</ele>
      </trkpt>
      <trkpt lat="30.67848" lon="-96.78624">
        <ele>145.2</ele>
      </trkpt>
      <trkpt lat="30.67849" lon="-96.78624">
        <ele>145.2</ele>
      </trkpt>
      <trkpt lat="30.67879" lon="-96.786">
        <ele>145.3</ele>
      </trkpt>
      <trkpt lat="30.67907" lon="-96.78579">
        <ele>145.3</ele>
      </trkpt>
      <trkpt lat="30.6792" lon="-96.7856">
        <ele>145.2</ele>
      </trkpt>
      <trkpt lat="30.67935" lon="-96.78539">
        <ele>145.0</ele>
      </trkpt>
      <trkpt lat="30.67973" lon="-96.78477">
        <ele>144.1</ele>
      </trkpt>
      <trkpt lat="30.6799" lon="-96.78449">
        <ele>143.2</ele>
      </trkpt>
      <trkpt lat="30.68001" lon="-96.7842299">
        <ele>142.3</ele>
      </trkpt>
      <trkpt lat="30.68024" lon="-96.78362">
        <ele>139.4</ele>
      </trkpt>
      <trkpt lat="30.68029" lon="-96.78346">
        <ele>138.7</ele>
      </trkpt>
      <trkpt lat="30.68042" lon="-96.78307">
        <ele>137.7</ele>
      </trkpt>
      <trkpt lat="30.68055" lon="-96.78268">
        <ele>137.8</ele>
      </trkpt>
      <trkpt lat="30.68056" lon="-96.78264">
        <ele>138.0</ele>
      </trkpt>
      <trkpt lat="30.68079" lon="-96.78189">
        <ele>141.1</ele>
      </trkpt>
      <trkpt lat="30.68092" lon="-96.7815">
        <ele>140.6</ele>
      </trkpt>
      <trkpt lat="30.68092" lon="-96.78149">
        <ele>140.6</ele>
      </trkpt>
      <trkpt lat="30.68096" lon="-96.78129">
        <ele>139.8</ele>
      </trkpt>
      <trkpt lat="30.68104" lon="-96.78088">
        <ele>137.5</ele>
      </trkpt>
      <trkpt lat="30.6811" lon="-96.78005">
        <ele>131.4</ele>
      </trkpt>
      <trkpt lat="30.68111" lon="-96.77985">
        <ele>130.3</ele>
      </trkpt>
      <trkpt lat="30.68114" lon="-96.77943">
        <ele>129.2</ele>
      </trkpt>
      <trkpt lat="30.68115" lon="-96.77922">
        <ele>129.4</ele>
      </trkpt>
      <trkpt lat="30.6812" lon="-96.77869">
        <ele>128.8</ele>
      </trkpt>
      <trkpt lat="30.68123" lon="-96.7786">
        <ele>128.7</ele>
      </trkpt>
      <trkpt lat="30.68127" lon="-96.77848">
        <ele>128.8</ele>
      </trkpt>
      <trkpt lat="30.68154" lon="-96.77793">
        <ele>130.8</ele>
      </trkpt>
      <trkpt lat="30.6818" lon="-96.77754">
        <ele>131.8</ele>
      </trkpt>
      <trkpt lat="30.6819" lon="-96.77739">
        <ele>131.5</ele>
      </trkpt>
      <trkpt lat="30.68202" lon="-96.77721">
        <ele>130.5</ele>
      </trkpt>
      <trkpt lat="30.68225" lon="-96.77689">
        <ele>128.1</ele>
      </trkpt>
      <trkpt lat="30.68233" lon="-96.77677">
        <ele>127.0</ele>
      </trkpt>
      <trkpt lat="30.68264" lon="-96.77621">
        <ele>122.4</ele>
      </trkpt>
      <trkpt lat="30.68264" lon="-96.77619">
        <ele>122.3</ele>
      </trkpt>
      <trkpt lat="30.68278" lon="-96.77581">
        <ele>120.7</ele>
      </trkpt>
      <trkpt lat="30.68313" lon="-96.77484">
        <ele>122.1</ele>
      </trkpt>
      <trkpt lat="30.68317" lon="-96.77472">
        <ele>121.8</ele>
      </trkpt>
      <trkpt lat="30.68344" lon="-96.77386">
        <ele>124.9</ele>
      </trkpt>
      <trkpt lat="30.68362" lon="-96.77327">
        <ele>124.9</ele>
      </trkpt>
      <trkpt lat="30.68374" lon="-96.77287">
        <ele>124.0</ele>
      </trkpt>
      <trkpt lat="30.68392" lon="-96.77227">
        <ele>123.0</ele>
      </trkpt>
      <trkpt lat="30.6841" lon="-96.77169">
        <ele>121.6</ele>
      </trkpt>
      <trkpt lat="30.68446" lon="-96.77051">
        <ele>119.7</ele>
      </trkpt>
      <trkpt lat="30.68454" lon="-96.7702599">
        <ele>119.1</ele>
      </trkpt>
      <trkpt lat="30.68464" lon="-96.76992">
        <ele>117.7</ele>
      </trkpt>
      <trkpt lat="30.68488" lon="-96.76913">
        <ele>112.1</ele>
      </trkpt>
      <trkpt lat="30.685" lon="-96.76873">
        <ele>109.5</ele>
      </trkpt>
      <trkpt lat="30.68517" lon="-96.76814">
        <ele>108.3</ele>
      </trkpt>
      <trkpt lat="30.68529" lon="-96.76774">
        <ele>107.0</ele>
      </trkpt>
      <trkpt lat="30.6854" lon="-96.76737">
        <ele>106.6</ele>
      </trkpt>
      <trkpt lat="30.6856" lon="-96.76676">
        <ele>107.3</ele>
      </trkpt>
      <trkpt lat="30.68584" lon="-96.76597">
        <ele>110.9</ele>
      </trkpt>
      <trkpt lat="30.68596" lon="-96.76558">
        <ele>112.4</ele>
      </trkpt>
      <trkpt lat="30.68614" lon="-96.76499">
        <ele>118.2</ele>
      </trkpt>
      <trkpt lat="30.68621" lon="-96.76479">
        <ele>119.5</ele>
      </trkpt>
      <trkpt lat="30.68627" lon="-96.7646">
        <ele>119.7</ele>
      </trkpt>
      <trkpt lat="30.68633" lon="-96.7644">
        <ele>119.4</ele>
      </trkpt>
      <trkpt lat="30.68639" lon="-96.7642">
        <ele>119.0</ele>
      </trkpt>
      <trkpt lat="30.68675" lon="-96.76303">
        <ele>117.5</ele>
      </trkpt>
      <trkpt lat="30.68681" lon="-96.76282">
        <ele>116.9</ele>
      </trkpt>
      <trkpt lat="30.68698" lon="-96.76223">
        <ele>115.1</ele>
      </trkpt>
      <trkpt lat="30.68705" lon="-96.76199">
        <ele>114.1</ele>
      </trkpt>
      <trkpt lat="30.68744" lon="-96.76133">
        <ele>114.7</ele>
      </trkpt>
      <trkpt lat="30.68755" lon="-96.76115">
        <ele>115.8</ele>
      </trkpt>
      <trkpt lat="30.68779" lon="-96.76081">
        <ele>118.0</ele>
      </trkpt>
      <trkpt lat="30.68795" lon="-96.76047">
        <ele>119.9</ele>
      </trkpt>
      <trkpt lat="30.6879" lon="-96.76013">
        <ele>119.9</ele>
      </trkpt>
      <trkpt lat="30.68787" lon="-96.76007">
        <ele>119.8</ele>
      </trkpt>
      <trkpt lat="30.6877" lon="-96.75971">
        <ele>119.1</ele>
      </trkpt>
      <trkpt lat="30.68757" lon="-96.75944">
        <ele>118.1</ele>
      </trkpt>
      <trkpt lat="30.68744" lon="-96.75916">
        <ele>118.3</ele>
      </trkpt>
      <trkpt lat="30.68726" lon="-96.75877">
        <ele>118.6</ele>
      </trkpt>
      <trkpt lat="30.68704" lon="-96.75794">
        <ele>116.0</ele>
      </trkpt>
      <trkpt lat="30.68694" lon="-96.75735">
        <ele>114.1</ele>
      </trkpt>
      <trkpt lat="30.68693" lon="-96.75717">
        <ele>113.7</ele>
      </trkpt>
      <trkpt lat="30.6869" lon="-96.75686">
        <ele>113.0</ele>
      </trkpt>
      <trkpt lat="30.6869" lon="-96.75625">
        <ele>111.9</ele>
      </trkpt>
      <trkpt lat="30.68693" lon="-96.75556">
        <ele>112.8</ele>
      </trkpt>
      <trkpt lat="30.68689" lon="-96.75551">
        <ele>112.8</ele>
      </trkpt>
      <trkpt lat="30.68673" lon="-96.75526">
        <ele>111.6</ele>
      </trkpt>
      <trkpt lat="30.68665" lon="-96.75521">
        <ele>110.7</ele>
      </trkpt>
      <trkpt lat="30.68584" lon="-96.75476">
        <ele>105.6</ele>
      </trkpt>
      <trkpt lat="30.68553" lon="-96.7545899">
        <ele>102.8</ele>
      </trkpt>
      <trkpt lat="30.68551" lon="-96.75458">
        <ele>102.6</ele>
      </trkpt>
      <trkpt lat="30.68517" lon="-96.75435">
        <ele>100.8</ele>
      </trkpt>
      <trkpt lat="30.68503" lon="-96.75432">
        <ele>101.2</ele>
      </trkpt>
      <trkpt lat="30.68468" lon="-96.75423">
        <ele>101.8</ele>
      </trkpt>
      <trkpt lat="30.68398" lon="-96.75405">
        <ele>102.1</ele>
      </trkpt>
      <trkpt lat="30.68351" lon="-96.75393">
        <ele>102.0</ele>
      </trkpt>
      <trkpt lat="30.68295" lon="-96.75366">
        <ele>102.0</ele>
      </trkpt>
      <trkpt lat="30.68247" lon="-96.75318">
        <ele>101.1</ele>
      </trkpt>
      <trkpt lat="30.68239" lon="-96.75317">
        <ele>101.4</ele>
      </trkpt>
      <trkpt lat="30.68203" lon="-96.75309">
        <ele>102.0</ele>
      </trkpt>
      <trkpt lat="30.68177" lon="-96.75304">
        <ele>102.1</ele>
      </trkpt>
      <trkpt lat="30.68168" lon="-96.75301">
        <ele>102.0</ele>
      </trkpt>
      <trkpt lat="30.68125" lon="-96.75291">
        <ele>100.9</ele>
      </trkpt>
      <trkpt lat="30.68115" lon="-96.75288">
        <ele>100.5</ele>
      </trkpt>
      <trkpt lat="30.68098" lon="-96.75283">
        <ele>99.5</ele>
      </trkpt>
      <trkpt lat="30.68064" lon="-96.75274">
        <ele>99.4</ele>
      </trkpt>
      <trkpt lat="30.68063" lon="-96.75273">
        <ele>99.4</ele>
      </trkpt>
      <trkpt lat="30.6801" lon="-96.75259">
        <ele>101.2</ele>
      </trkpt>
      <trkpt lat="30.67994" lon="-96.75255">
        <ele>101.3</ele>
      </trkpt>
      <trkpt lat="30.67956" lon="-96.7525">
        <ele>101.1</ele>
      </trkpt>
      <trkpt lat="30.67939" lon="-96.75252">
        <ele>100.8</ele>
      </trkpt>
      <trkpt lat="30.67831" lon="-96.75264">
        <ele>105.0</ele>
      </trkpt>
      <trkpt lat="30.67813" lon="-96.75265">
        <ele>105.6</ele>
      </trkpt>
      <trkpt lat="30.67799" lon="-96.75267">
        <ele>105.9</ele>
      </trkpt>
      <trkpt lat="30.67745" lon="-96.75259">
        <ele>105.8</ele>
      </trkpt>
      <trkpt lat="30.67745" lon="-96.75259">
        <ele>105.8</ele>
      </trkpt>
      <trkpt lat="30.67706" lon="-96.75254">
        <ele>106.6</ele>
      </trkpt>
      <trkpt lat="30.67653" lon="-96.75246">
        <ele>107.0</ele>
      </trkpt>
      <trkpt lat="30.67617" lon="-96.75242">
        <ele>107.5</ele>
      </trkpt>
      <trkpt lat="30.67582" lon="-96.75237">
        <ele>108.9</ele>
      </trkpt>
      <trkpt lat="30.67545" lon="-96.75232">
        <ele>110.9</ele>
      </trkpt>
      <trkpt lat="30.6751" lon="-96.75228">
        <ele>112.7</ele>
      </trkpt>
      <trkpt lat="30.67492" lon="-96.75226">
        <ele>112.7</ele>
      </trkpt>
      <trkpt lat="30.67485" lon="-96.75225">
        <ele>112.5</ele>
      </trkpt>
      <trkpt lat="30.67474" lon="-96.75221">
        <ele>112.3</ele>
      </trkpt>
      <trkpt lat="30.67441" lon="-96.75207">
        <ele>110.2</ele>
      </trkpt>
      <trkpt lat="30.67407" lon="-96.75192">
        <ele>107.6</ele>
      </trkpt>
      <trkpt lat="30.67322" lon="-96.75157">
        <ele>104.9</ele>
      </trkpt>
      <trkpt lat="30.67221" lon="-96.75114">
        <ele>107.7</ele>
      </trkpt>
      <trkpt lat="30.67153" lon="-96.75085">
        <ele>107.4</ele>
      </trkpt>
      <trkpt lat="30.67102" lon="-96.75064">
        <ele>107.0</ele>
      </trkpt>
      <trkpt lat="30.67086" lon="-96.75057">
        <ele>106.9</ele>
      </trkpt>
      <trkpt lat="30.67007" lon="-96.75024">
        <ele>104.4</ele>
      </trkpt>
      <trkpt lat="30.66996" lon="-96.7500699">
        <ele>103.5</ele>
      </trkpt>
      <trkpt lat="30.66996" lon="-96.75">
        <ele>103.2</ele>
      </trkpt>
      <trkpt lat="30.66997" lon="-96.74966">
        <ele>101.9</ele>
      </trkpt>
      <trkpt lat="30.67004" lon="-96.74939">
        <ele>101.0</ele>
      </trkpt>
      <trkpt lat="30.67013" lon="-96.74908">
        <ele>100.9</ele>
      </trkpt>
      <trkpt lat="30.67029" lon="-96.7486">
        <ele>101.0</ele>
      </trkpt>
      <trkpt lat="30.67055" lon="-96.74782">
        <ele>102.6</ele>
      </trkpt>
      <trkpt lat="30.67081" lon="-96.74704">
        <ele>104.8</ele>
      </trkpt>
      <trkpt lat="30.67088" lon="-96.74685">
        <ele>104.5</ele>
      </trkpt>
      <trkpt lat="30.6712" lon="-96.74588">
        <ele>105.7</ele>
      </trkpt>
      <trkpt lat="30.67126" lon="-96.74575">
        <ele>106.5</ele>
      </trkpt>
      <trkpt lat="30.6713" lon="-96.74563">
        <ele>107.1</ele>
      </trkpt>
      <trkpt lat="30.67133" lon="-96.74549">
        <ele>107.4</ele>
      </trkpt>
      <trkpt lat="30.67134" lon="-96.74542">
        <ele>107.6</ele>
      </trkpt>
      <trkpt lat="30.67134" lon="-96.7452799">
        <ele>107.7</ele>
      </trkpt>
      <trkpt lat="30.67134" lon="-96.7451899">
        <ele>107.6</ele>
      </trkpt>
      <trkpt lat="30.67132" lon="-96.74507">
        <ele>106.9</ele>
      </trkpt>
      <trkpt lat="30.67122" lon="-96.74452">
        <ele>102.4</ele>
      </trkpt>
      <trkpt lat="30.67119" lon="-96.7441599">
        <ele>100.5</ele>
      </trkpt>
      <trkpt lat="30.67118" lon="-96.74411">
        <ele>100.6</ele>
      </trkpt>
      <trkpt lat="30.67117" lon="-96.74404">
        <ele>100.9</ele>
      </trkpt>
      <trkpt lat="30.67113" lon="-96.74395">
        <ele>101.8</ele>
      </trkpt>
      <trkpt lat="30.67111" lon="-96.74392">
        <ele>102.2</ele>
      </trkpt>
      <trkpt lat="30.67108" lon="-96.74386">
        <ele>102.9</ele>
      </trkpt>
      <trkpt lat="30.67062" lon="-96.74352">
        <ele>103.1</ele>
      </trkpt>
      <trkpt lat="30.67052" lon="-96.74345">
        <ele>103.1</ele>
      </trkpt>
      <trkpt lat="30.66976" lon="-96.74289">
        <ele>105.3</ele>
      </trkpt>
      <trkpt lat="30.66925" lon="-96.74252">
        <ele>107.5</ele>
      </trkpt>
      <trkpt lat="30.66877" lon="-96.7422">
        <ele>108.7</ele>
      </trkpt>
      <trkpt lat="30.66877" lon="-96.7422">
        <ele>108.7</ele>
      </trkpt>
      <trkpt lat="30.66845" lon="-96.74208">
        <ele>109.9</ele>
      </trkpt>
      <trkpt lat="30.66777" lon="-96.74182">
        <ele>111.2</ele>
      </trkpt>
      <trkpt lat="30.66762" lon="-96.74176">
        <ele>111.2</ele>
      </trkpt>
      <trkpt lat="30.66742" lon="-96.74169">
        <ele>111.0</ele>
      </trkpt>
      <trkpt lat="30.66721" lon="-96.7416">
        <ele>110.8</ele>
      </trkpt>
      <trkpt lat="30.66692" lon="-96.74148">
        <ele>110.9</ele>
      </trkpt>
      <trkpt lat="30.66681" lon="-96.7414299">
        <ele>110.9</ele>
      </trkpt>
      <trkpt lat="30.66658" lon="-96.74133">
        <ele>110.9</ele>
      </trkpt>
      <trkpt lat="30.66636" lon="-96.74123">
        <ele>110.3</ele>
      </trkpt>
      <trkpt lat="30.6654" lon="-96.74083">
        <ele>110.8</ele>
      </trkpt>
      <trkpt lat="30.66457" lon="-96.74048">
        <ele>112.1</ele>
      </trkpt>
      <trkpt lat="30.66444" lon="-96.74043">
        <ele>112.1</ele>
      </trkpt>
      <trkpt lat="30.6643" lon="-96.74039">
        <ele>112.1</ele>
      </trkpt>
      <trkpt lat="30.66416" lon="-96.74036">
        <ele>112.0</ele>
      </trkpt>
      <trkpt lat="30.66338" lon="-96.74032">
        <ele>113.4</ele>
      </trkpt>
      <trkpt lat="30.66255" lon="-96.74033">
        <ele>116.5</ele>
      </trkpt>
      <trkpt lat="30.66204" lon="-96.7403099">
        <ele>116.5</ele>
      </trkpt>
      <trkpt lat="30.66169" lon="-96.74029">
        <ele>116.2</ele>
      </trkpt>
      <trkpt lat="30.66092" lon="-96.74024">
        <ele>113.4</ele>
      </trkpt>
      <trkpt lat="30.66003" lon="-96.74014">
        <ele>112.5</ele>
      </trkpt>
      <trkpt lat="30.65989" lon="-96.74014">
        <ele>112.6</ele>
      </trkpt>
      <trkpt lat="30.65958" lon="-96.74012">
        <ele>112.7</ele>
      </trkpt>
      <trkpt lat="30.65845" lon="-96.74015">
        <ele>115.2</ele>
      </trkpt>
      <trkpt lat="30.65819" lon="-96.74016">
        <ele>115.6</ele>
      </trkpt>
      <trkpt lat="30.65748" lon="-96.74017">
        <ele>116.4</ele>
      </trkpt>
      <trkpt lat="30.65743" lon="-96.74017">
        <ele>116.4</ele>
      </trkpt>
      <trkpt lat="30.65659" lon="-96.74017">
        <ele>116.7</ele>
      </trkpt>
      <trkpt lat="30.65603" lon="-96.74016">
        <ele>116.2</ele>
      </trkpt>
      <trkpt lat="30.65576" lon="-96.74015">
        <ele>116.7</ele>
      </trkpt>
      <trkpt lat="30.65522" lon="-96.7401299">
        <ele>117.7</ele>
      </trkpt>
      <trkpt lat="30.65475" lon="-96.74011">
        <ele>120.2</ele>
      </trkpt>
      <trkpt lat="30.6545" lon="-96.7401">
        <ele>121.0</ele>
      </trkpt>
      <trkpt lat="30.65414" lon="-96.74009">
        <ele>120.8</ele>
      </trkpt>
      <trkpt lat="30.65396" lon="-96.74008">
        <ele>118.9</ele>
      </trkpt>
      <trkpt lat="30.65363" lon="-96.74007">
        <ele>117.0</ele>
      </trkpt>
      <trkpt lat="30.6536" lon="-96.74007">
        <ele>116.7</ele>
      </trkpt>
      <trkpt lat="30.65288" lon="-96.74006">
        <ele>112.7</ele>
      </trkpt>
      <trkpt lat="30.65273" lon="-96.74006">
        <ele>112.5</ele>
      </trkpt>
      <trkpt lat="30.65234" lon="-96.74006">
        <ele>111.6</ele>
      </trkpt>
      <trkpt lat="30.65198" lon="-96.74006">
        <ele>110.9</ele>
      </trkpt>
      <trkpt lat="30.65189" lon="-96.74007">
        <ele>110.7</ele>
      </trkpt>
      <trkpt lat="30.65176" lon="-96.74007">
        <ele>110.3</ele>
      </trkpt>
      <trkpt lat="30.65152" lon="-96.74005">
        <ele>109.4</ele>
      </trkpt>
      <trkpt lat="30.65144" lon="-96.7400399">
        <ele>108.9</ele>
      </trkpt>
      <trkpt lat="30.65117" lon="-96.73999">
        <ele>105.0</ele>
      </trkpt>
      <trkpt lat="30.65107" lon="-96.73999">
        <ele>104.7</ele>
      </trkpt>
      <trkpt lat="30.65092" lon="-96.73998">
        <ele>105.9</ele>
      </trkpt>
      <trkpt lat="30.65079" lon="-96.73998">
        <ele>106.9</ele>
      </trkpt>
      <trkpt lat="30.65073" lon="-96.73999">
        <ele>107.3</ele>
      </trkpt>
      <trkpt lat="30.65031" lon="-96.74002">
        <ele>110.7</ele>
      </trkpt>
      <trkpt lat="30.65014" lon="-96.74002">
        <ele>111.4</ele>
      </trkpt>
      <trkpt lat="30.64978" lon="-96.74002">
        <ele>112.0</ele>
      </trkpt>
      <trkpt lat="30.64893" lon="-96.74">
        <ele>115.4</ele>
      </trkpt>
      <trkpt lat="30.64832" lon="-96.73999">
        <ele>118.4</ele>
      </trkpt>
      <trkpt lat="30.64803" lon="-96.73996">
        <ele>119.7</ele>
      </trkpt>
      <trkpt lat="30.648" lon="-96.73996">
        <ele>119.9</ele>
      </trkpt>
      <trkpt lat="30.64754" lon="-96.7399">
        <ele>122.6</ele>
      </trkpt>
      <trkpt lat="30.64731" lon="-96.7399">
        <ele>123.1</ele>
      </trkpt>
      <trkpt lat="30.64716" lon="-96.7399">
        <ele>123.6</ele>
      </trkpt>
      <trkpt lat="30.6467" lon="-96.73989">
        <ele>124.7</ele>
      </trkpt>
      <trkpt lat="30.64624" lon="-96.73989">
        <ele>126.0</ele>
      </trkpt>
      <trkpt lat="30.64602" lon="-96.7399">
        <ele>126.6</ele>
      </trkpt>
      <trkpt lat="30.64522" lon="-96.73988">
        <ele>129.2</ele>
      </trkpt>
      <trkpt lat="30.64516" lon="-96.73988">
        <ele>129.4</ele>
      </trkpt>
      <trkpt lat="30.64372" lon="-96.73983">
        <ele>131.6</ele>
      </trkpt>
      <trkpt lat="30.64102" lon="-96.73975">
        <ele>128.7</ele>
      </trkpt>
      <trkpt lat="30.64004" lon="-96.73972">
        <ele>129.2</ele>
      </trkpt>
      <trkpt lat="30.63994" lon="-96.73972">
        <ele>129.2</ele>
      </trkpt>
      <trkpt lat="30.63935" lon="-96.73972">
        <ele>128.6</ele>
      </trkpt>
      <trkpt lat="30.63868" lon="-96.7397">
        <ele>127.6</ele>
      </trkpt>
      <trkpt lat="30.63707" lon="-96.73971">
        <ele>124.8</ele>
      </trkpt>
      <trkpt lat="30.63654" lon="-96.7397">
        <ele>123.8</ele>
      </trkpt>
      <trkpt lat="30.63641" lon="-96.7397">
        <ele>123.6</ele>
      </trkpt>
      <trkpt lat="30.63622" lon="-96.73969">
        <ele>123.1</ele>
      </trkpt>
      <trkpt lat="30.63546" lon="-96.73969">
        <ele>123.7</ele>
      </trkpt>
      <trkpt lat="30.63537" lon="-96.73969">
        <ele>123.5</ele>
      </trkpt>
      <trkpt lat="30.63489" lon="-96.73968">
        <ele>123.7</ele>
      </trkpt>
      <trkpt lat="30.63475" lon="-96.73968">
        <ele>123.8</ele>
      </trkpt>
      <trkpt lat="30.63452" lon="-96.73967">
        <ele>124.4</ele>
      </trkpt>
      <trkpt lat="30.63403" lon="-96.73966">
        <ele>125.7</ele>
      </trkpt>
      <trkpt lat="30.63331" lon="-96.73965">
        <ele>127.2</ele>
      </trkpt>
      <trkpt lat="30.63259" lon="-96.73964">
        <ele>128.5</ele>
      </trkpt>
      <trkpt lat="30.63115" lon="-96.73962">
        <ele>130.2</ele>
      </trkpt>
      <trkpt lat="30.62971" lon="-96.73959">
        <ele>133.9</ele>
      </trkpt>
      <trkpt lat="30.62953" lon="-96.73959">
        <ele>134.6</ele>
      </trkpt>
      <trkpt lat="30.62899" lon="-96.73957">
        <ele>136.1</ele>
      </trkpt>
      <trkpt lat="30.62891" lon="-96.73957">
        <ele>136.1</ele>
      </trkpt>
      <trkpt lat="30.62857" lon="-96.73956">
        <ele>136.2</ele>
      </trkpt>
      <trkpt lat="30.62845" lon="-96.73957">
        <ele>136.3</ele>
      </trkpt>
      <trkpt lat="30.62829" lon="-96.73959">
        <ele>136.4</ele>
      </trkpt>
      <trkpt lat="30.62808" lon="-96.73965">
        <ele>136.7</ele>
      </trkpt>
      <trkpt lat="30.62806" lon="-96.73966">
        <ele>136.7</ele>
      </trkpt>
      <trkpt lat="30.62792" lon="-96.73972">
        <ele>136.8</ele>
      </trkpt>
      <trkpt lat="30.62773" lon="-96.73982">
        <ele>136.7</ele>
      </trkpt>
      <trkpt lat="30.62742" lon="-96.74">
        <ele>136.6</ele>
      </trkpt>
      <trkpt lat="30.62646" lon="-96.74058">
        <ele>136.4</ele>
      </trkpt>
      <trkpt lat="30.62595" lon="-96.7408899">
        <ele>136.6</ele>
      </trkpt>
      <trkpt lat="30.62486" lon="-96.74153">
        <ele>136.5</ele>
      </trkpt>
      <trkpt lat="30.62466" lon="-96.74166">
        <ele>136.4</ele>
      </trkpt>
      <trkpt lat="30.6241" lon="-96.742">
        <ele>136.3</ele>
      </trkpt>
      <trkpt lat="30.62407" lon="-96.74202">
        <ele>136.3</ele>
      </trkpt>
      <trkpt lat="30.62361" lon="-96.74235">
        <ele>136.3</ele>
      </trkpt>
      <trkpt lat="30.62358" lon="-96.74238">
        <ele>136.4</ele>
      </trkpt>
      <trkpt lat="30.62345" lon="-96.74248">
        <ele>136.6</ele>
      </trkpt>
      <trkpt lat="30.62332" lon="-96.74261">
        <ele>136.9</ele>
      </trkpt>
      <trkpt lat="30.62321" lon="-96.74274">
        <ele>137.0</ele>
      </trkpt>
      <trkpt lat="30.62315" lon="-96.74285">
        <ele>137.1</ele>
      </trkpt>
      <trkpt lat="30.62311" lon="-96.74298">
        <ele>137.1</ele>
      </trkpt>
      <trkpt lat="30.6231" lon="-96.7431">
        <ele>137.3</ele>
      </trkpt>
      <trkpt lat="30.62309" lon="-96.74336">
        <ele>138.6</ele>
      </trkpt>
      <trkpt lat="30.62305" lon="-96.74461">
        <ele>141.8</ele>
      </trkpt>
      <trkpt lat="30.62305" lon="-96.74489">
        <ele>141.9</ele>
      </trkpt>
      <trkpt lat="30.62304" lon="-96.74524">
        <ele>142.0</ele>
      </trkpt>
      <trkpt lat="30.62304" lon="-96.74533">
        <ele>142.1</ele>
      </trkpt>
      <trkpt lat="30.62303" lon="-96.74546">
        <ele>142.2</ele>
      </trkpt>
      <trkpt lat="30.62302" lon="-96.74558">
        <ele>142.3</ele>
      </trkpt>
      <trkpt lat="30.623" lon="-96.74565">
        <ele>142.2</ele>
      </trkpt>
      <trkpt lat="30.62299" lon="-96.7456799">
        <ele>142.2</ele>
      </trkpt>
      <trkpt lat="30.62296" lon="-96.74576">
        <ele>142.2</ele>
      </trkpt>
      <trkpt lat="30.62291" lon="-96.74582">
        <ele>142.1</ele>
      </trkpt>
      <trkpt lat="30.62285" lon="-96.74587">
        <ele>141.9</ele>
      </trkpt>
      <trkpt lat="30.62277" lon="-96.74591">
        <ele>141.7</ele>
      </trkpt>
      <trkpt lat="30.62268" lon="-96.74593">
        <ele>141.3</ele>
      </trkpt>
      <trkpt lat="30.62221" lon="-96.7459499">
        <ele>139.3</ele>
      </trkpt>
      <trkpt lat="30.62187" lon="-96.74596">
        <ele>138.2</ele>
      </trkpt>
      <trkpt lat="30.62113" lon="-96.746">
        <ele>136.1</ele>
      </trkpt>
      <trkpt lat="30.62005" lon="-96.74605">
        <ele>134.0</ele>
      </trkpt>
      <trkpt lat="30.61973" lon="-96.74607">
        <ele>133.6</ele>
      </trkpt>
      <trkpt lat="30.61735" lon="-96.74617">
        <ele>131.7</ele>
      </trkpt>
      <trkpt lat="30.61673" lon="-96.7462">
        <ele>130.8</ele>
      </trkpt>
      <trkpt lat="30.61484" lon="-96.74626">
        <ele>128.5</ele>
      </trkpt>
      <trkpt lat="30.61379" lon="-96.7463">
        <ele>127.4</ele>
      </trkpt>
      <trkpt lat="30.61367" lon="-96.7463099">
        <ele>127.0</ele>
      </trkpt>
      <trkpt lat="30.61358" lon="-96.74632">
        <ele>126.6</ele>
      </trkpt>
      <trkpt lat="30.6131" lon="-96.74695">
        <ele>125.9</ele>
      </trkpt>
      <trkpt lat="30.61286" lon="-96.74728">
        <ele>126.3</ele>
      </trkpt>
      <trkpt lat="30.61278" lon="-96.74746">
        <ele>126.7</ele>
      </trkpt>
      <trkpt lat="30.61276" lon="-96.74767">
        <ele>127.1</ele>
      </trkpt>
      <trkpt lat="30.61276" lon="-96.74849">
        <ele>127.7</ele>
      </trkpt>
      <trkpt lat="30.61276" lon="-96.74923">
        <ele>128.1</ele>
      </trkpt>
      <trkpt lat="30.61275" lon="-96.75037">
        <ele>129.0</ele>
      </trkpt>
      <trkpt lat="30.61274" lon="-96.75142">
        <ele>130.3</ele>
      </trkpt>
      <trkpt lat="30.61273" lon="-96.75381">
        <ele>133.0</ele>
      </trkpt>
      <trkpt lat="30.61273" lon="-96.75381">
        <ele>133.0</ele>
      </trkpt>
      <trkpt lat="30.61329" lon="-96.75387">
        <ele>133.3</ele>
      </trkpt>
      <trkpt lat="30.61338" lon="-96.7539199">
        <ele>133.5</ele>
      </trkpt>
      <trkpt lat="30.61347" lon="-96.75407">
        <ele>133.7</ele>
      </trkpt>
      <trkpt lat="30.6135" lon="-96.75427">
        <ele>133.9</ele>
      </trkpt>
      <trkpt lat="30.61352" lon="-96.75462">
        <ele>134.1</ele>
      </trkpt>
      <trkpt lat="30.61353" lon="-96.7546799">
        <ele>134.2</ele>
      </trkpt>
      <trkpt lat="30.61359" lon="-96.75712">
        <ele>138.2</ele>
      </trkpt>
      <trkpt lat="30.6136" lon="-96.75762">
        <ele>139.3</ele>
      </trkpt>
      <trkpt lat="30.61366" lon="-96.75811">
        <ele>140.0</ele>
      </trkpt>
      <trkpt lat="30.61378" lon="-96.75878">
        <ele>140.1</ele>
      </trkpt>
      <trkpt lat="30.61397" lon="-96.7598">
        <ele>140.7</ele>
      </trkpt>
      <trkpt lat="30.61405" lon="-96.7602">
        <ele>140.7</ele>
      </trkpt>
      <trkpt lat="30.61428" lon="-96.76143">
        <ele>137.0</ele>
      </trkpt>
      <trkpt lat="30.61429" lon="-96.76147">
        <ele>136.9</ele>
      </trkpt>
      <trkpt lat="30.61431" lon="-96.7615299">
        <ele>136.9</ele>
      </trkpt>
      <trkpt lat="30.61433" lon="-96.7616199">
        <ele>136.7</ele>
      </trkpt>
      <trkpt lat="30.61441" lon="-96.76174">
        <ele>136.5</ele>
      </trkpt>
      <trkpt lat="30.61446" lon="-96.76178">
        <ele>136.5</ele>
      </trkpt>
      <trkpt lat="30.61452" lon="-96.76181">
        <ele>136.4</ele>
      </trkpt>
      <trkpt lat="30.61459" lon="-96.76182">
        <ele>136.4</ele>
      </trkpt>
      <trkpt lat="30.61467" lon="-96.76182">
        <ele>136.4</ele>
      </trkpt>
      <trkpt lat="30.61495" lon="-96.76181">
        <ele>136.0</ele>
      </trkpt>
      <trkpt lat="30.61517" lon="-96.76181">
        <ele>135.3</ele>
      </trkpt>
      <trkpt lat="30.61589" lon="-96.76175">
        <ele>134.3</ele>
      </trkpt>
      <trkpt lat="30.61637" lon="-96.76172">
        <ele>135.7</ele>
      </trkpt>
      <trkpt lat="30.61669" lon="-96.7617">
        <ele>136.9</ele>
      </trkpt>
      <trkpt lat="30.61679" lon="-96.76169">
        <ele>137.0</ele>
      </trkpt>
      <trkpt lat="30.61739" lon="-96.76166">
        <ele>139.4</ele>
      </trkpt>
      <trkpt lat="30.61741" lon="-96.76166">
        <ele>139.4</ele>
      </trkpt>
      <trkpt lat="30.61858" lon="-96.76158">
        <ele>141.7</ele>
      </trkpt>
      <trkpt lat="30.61925" lon="-96.76154">
        <ele>142.6</ele>
      </trkpt>
      <trkpt lat="30.6201" lon="-96.7615">
        <ele>141.7</ele>
      </trkpt>
      <trkpt lat="30.62023" lon="-96.76155">
        <ele>141.5</ele>
      </trkpt>
      <trkpt lat="30.62047" lon="-96.7624">
        <ele>138.2</ele>
      </trkpt>
      <trkpt lat="30.62059" lon="-96.76279">
        <ele>137.5</ele>
      </trkpt>
      <trkpt lat="30.62066" lon="-96.76303">
        <ele>138.2</ele>
      </trkpt>
      <trkpt lat="30.62066" lon="-96.76304">
        <ele>138.3</ele>
      </trkpt>
      <trkpt lat="30.62078" lon="-96.76328">
        <ele>139.8</ele>
      </trkpt>
      <trkpt lat="30.6211" lon="-96.76388">
        <ele>141.5</ele>
      </trkpt>
      <trkpt lat="30.62111" lon="-96.76389">
        <ele>141.5</ele>
      </trkpt>
      <trkpt lat="30.62152" lon="-96.76457">
        <ele>142.6</ele>
      </trkpt>
      <trkpt lat="30.62191" lon="-96.76528">
        <ele>142.8</ele>
      </trkpt>
      <trkpt lat="30.62248" lon="-96.76631">
        <ele>142.4</ele>
      </trkpt>
      <trkpt lat="30.62265" lon="-96.76658">
        <ele>142.3</ele>
      </trkpt>
      <trkpt lat="30.62291" lon="-96.76711">
        <ele>141.8</ele>
      </trkpt>
      <trkpt lat="30.62304" lon="-96.76736">
        <ele>140.7</ele>
      </trkpt>
      <trkpt lat="30.62312" lon="-96.76758">
        <ele>140.1</ele>
      </trkpt>
      <trkpt lat="30.62318" lon="-96.76783">
        <ele>139.8</ele>
      </trkpt>
      <trkpt lat="30.62323" lon="-96.76808">
        <ele>138.2</ele>
      </trkpt>
      <trkpt lat="30.62338" lon="-96.76884">
        <ele>134.2</ele>
      </trkpt>
      <trkpt lat="30.6234" lon="-96.7689">
        <ele>134.3</ele>
      </trkpt>
      <trkpt lat="30.6235" lon="-96.7693">
        <ele>135.3</ele>
      </trkpt>
      <trkpt lat="30.62384" lon="-96.7707">
        <ele>138.4</ele>
      </trkpt>
      <trkpt lat="30.62385" lon="-96.77073">
        <ele>138.5</ele>
      </trkpt>
      <trkpt lat="30.62419" lon="-96.77233">
        <ele>137.8</ele>
      </trkpt>
      <trkpt lat="30.62437" lon="-96.77314">
        <ele>138.0</ele>
      </trkpt>
      <trkpt lat="30.62467" lon="-96.7745599">
        <ele>140.1</ele>
      </trkpt>
      <trkpt lat="30.6248" lon="-96.77517">
        <ele>140.8</ele>
      </trkpt>
      <trkpt lat="30.62485" lon="-96.7754">
        <ele>141.7</ele>
      </trkpt>
      <trkpt lat="30.62511" lon="-96.77658">
        <ele>141.9</ele>
      </trkpt>
      <trkpt lat="30.62511" lon="-96.77658">
        <ele>141.9</ele>
      </trkpt>
      <trkpt lat="30.62544" lon="-96.77811">
        <ele>139.2</ele>
      </trkpt>
      <trkpt lat="30.62546" lon="-96.77821">
        <ele>138.9</ele>
      </trkpt>
      <trkpt lat="30.62556" lon="-96.77863">
        <ele>138.9</ele>
      </trkpt>
      <trkpt lat="30.62565" lon="-96.77901">
        <ele>139.8</ele>
      </trkpt>
      <trkpt lat="30.62578" lon="-96.77958">
        <ele>140.4</ele>
      </trkpt>
      <trkpt lat="30.62587" lon="-96.78">
        <ele>141.4</ele>
      </trkpt>
      <trkpt lat="30.62594" lon="-96.78034">
        <ele>142.5</ele>
      </trkpt>
      <trkpt lat="30.6262" lon="-96.78156">
        <ele>146.1</ele>
      </trkpt>
      <trkpt lat="30.62624" lon="-96.78174">
        <ele>146.4</ele>
      </trkpt>
      <trkpt lat="30.62645" lon="-96.78278">
        <ele>147.6</ele>
      </trkpt>
      <trkpt lat="30.62652" lon="-96.78314">
        <ele>147.9</ele>
      </trkpt>
      <trkpt lat="30.62662" lon="-96.78359">
        <ele>148.1</ele>
      </trkpt>
      <trkpt lat="30.6268" lon="-96.78444">
        <ele>148.5</ele>
      </trkpt>
      <trkpt lat="30.62686" lon="-96.78463">
        <ele>148.6</ele>
      </trkpt>
      <trkpt lat="30.62692" lon="-96.78474">
        <ele>148.7</ele>
      </trkpt>
      <trkpt lat="30.62699" lon="-96.7848099">
        <ele>148.9</ele>
      </trkpt>
      <trkpt lat="30.62707" lon="-96.78486">
        <ele>149.0</ele>
      </trkpt>
      <trkpt lat="30.62718" lon="-96.78488">
        <ele>149.2</ele>
      </trkpt>
      <trkpt lat="30.62729" lon="-96.78492">
        <ele>149.5</ele>
      </trkpt>
      <trkpt lat="30.62746" lon="-96.78492">
        <ele>150.2</ele>
      </trkpt>
      <trkpt lat="30.62766" lon="-96.78493">
        <ele>151.2</ele>
      </trkpt>
      <trkpt lat="30.62823" lon="-96.78493">
        <ele>152.4</ele>
      </trkpt>
      <trkpt lat="30.63016" lon="-96.78495">
        <ele>154.6</ele>
      </trkpt>
      <trkpt lat="30.63136" lon="-96.78496">
        <ele>154.2</ele>
      </trkpt>
      <trkpt lat="30.63186" lon="-96.78498">
        <ele>153.3</ele>
      </trkpt>
      <trkpt lat="30.63205" lon="-96.78501">
        <ele>152.9</ele>
      </trkpt>
      <trkpt lat="30.63212" lon="-96.7850799">
        <ele>152.8</ele>
      </trkpt>
      <trkpt lat="30.63214" lon="-96.78516">
        <ele>152.9</ele>
      </trkpt>
      <trkpt lat="30.63217" lon="-96.78523">
        <ele>152.9</ele>
      </trkpt>
      <trkpt lat="30.6323" lon="-96.78568">
        <ele>152.9</ele>
      </trkpt>
      <trkpt lat="30.63231" lon="-96.78579">
        <ele>152.9</ele>
      </trkpt>
      <trkpt lat="30.63236" lon="-96.78613">
        <ele>153.5</ele>
      </trkpt>
      <trkpt lat="30.63238" lon="-96.78643">
        <ele>154.5</ele>
      </trkpt>
      <trkpt lat="30.6324" lon="-96.78718">
        <ele>155.7</ele>
      </trkpt>
      <trkpt lat="30.6324" lon="-96.78778">
        <ele>157.6</ele>
      </trkpt>
      <trkpt lat="30.63237" lon="-96.78879">
        <ele>158.9</ele>
      </trkpt>
      <trkpt lat="30.63235" lon="-96.78941">
        <ele>158.8</ele>
      </trkpt>
      <trkpt lat="30.63235" lon="-96.78953">
        <ele>158.8</ele>
      </trkpt>
      <trkpt lat="30.63234" lon="-96.79034">
        <ele>158.8</ele>
      </trkpt>
      <trkpt lat="30.63232" lon="-96.7916">
        <ele>159.4</ele>
      </trkpt>
      <trkpt lat="30.63231" lon="-96.79256">
        <ele>159.3</ele>
      </trkpt>
      <trkpt lat="30.6323" lon="-96.79275">
        <ele>159.1</ele>
      </trkpt>
      <trkpt lat="30.63228" lon="-96.79292">
        <ele>158.9</ele>
      </trkpt>
      <trkpt lat="30.63221" lon="-96.79312">
        <ele>158.8</ele>
      </trkpt>
      <trkpt lat="30.63214" lon="-96.79323">
        <ele>158.8</ele>
      </trkpt>
      <trkpt lat="30.63214" lon="-96.79323">
        <ele>158.8</ele>
      </trkpt>
      <trkpt lat="30.6325" lon="-96.7935399">
        <ele>159.1</ele>
      </trkpt>
      <trkpt lat="30.63285" lon="-96.79385">
        <ele>159.8</ele>
      </trkpt>
      <trkpt lat="30.63311" lon="-96.79407">
        <ele>159.8</ele>
      </trkpt>
      <trkpt lat="30.63324" lon="-96.79417">
        <ele>159.7</ele>
      </trkpt>
      <trkpt lat="30.63324" lon="-96.79417">
        <ele>159.7</ele>
      </trkpt>
      <trkpt lat="30.63318" lon="-96.79425">
        <ele>159.8</ele>
      </trkpt>
      <trkpt lat="30.63312" lon="-96.79433">
        <ele>160.0</ele>
      </trkpt>
      <trkpt lat="30.63295" lon="-96.79453">
        <ele>160.3</ele>
      </trkpt>
      <trkpt lat="30.63279" lon="-96.79477">
        <ele>160.6</ele>
      </trkpt>
      <trkpt lat="30.63272" lon="-96.79485">
        <ele>160.8</ele>
      </trkpt>
      <trkpt lat="30.63259" lon="-96.79499">
        <ele>161.0</ele>
      </trkpt>
      <trkpt lat="30.63247" lon="-96.79512">
        <ele>161.1</ele>
      </trkpt>
      <trkpt lat="30.63203" lon="-96.79553">
        <ele>160.9</ele>
      </trkpt>
      <trkpt lat="30.63119" lon="-96.79631">
        <ele>162.6</ele>
      </trkpt>
      <trkpt lat="30.63091" lon="-96.79657">
        <ele>161.9</ele>
      </trkpt>
      <trkpt lat="30.63091" lon="-96.79657">
        <ele>161.9</ele>
      </trkpt>
      <trkpt lat="30.63035" lon="-96.7971">
        <ele>158.5</ele>
      </trkpt>
      <trkpt lat="30.63022" lon="-96.79722">
        <ele>157.9</ele>
      </trkpt>
      <trkpt lat="30.63018" lon="-96.79727">
        <ele>157.7</ele>
      </trkpt>
      <trkpt lat="30.63015" lon="-96.79732">
        <ele>157.6</ele>
      </trkpt>
      <trkpt lat="30.63011" lon="-96.7974">
        <ele>157.4</ele>
      </trkpt>
      <trkpt lat="30.63011" lon="-96.79741">
        <ele>157.4</ele>
      </trkpt>
      <trkpt lat="30.63008" lon="-96.79751">
        <ele>157.2</ele>
      </trkpt>
      <trkpt lat="30.63001" lon="-96.79777">
        <ele>156.5</ele>
      </trkpt>
      <trkpt lat="30.62963" lon="-96.79897">
        <ele>153.3</ele>
      </trkpt>
      <trkpt lat="30.62926" lon="-96.80012">
        <ele>148.0</ele>
      </trkpt>
      <trkpt lat="30.62909" lon="-96.80053">
        <ele>145.0</ele>
      </trkpt>
      <trkpt lat="30.62889" lon="-96.80102">
        <ele>141.8</ele>
      </trkpt>
      <trkpt lat="30.62888" lon="-96.80103">
        <ele>141.7</ele>
      </trkpt>
      <trkpt lat="30.62866" lon="-96.80144">
        <ele>139.9</ele>
      </trkpt>
      <trkpt lat="30.6285" lon="-96.80174">
        <ele>144.0</ele>
      </trkpt>
      <trkpt lat="30.62848" lon="-96.8018">
        <ele>144.2</ele>
      </trkpt>
      <trkpt lat="30.62846" lon="-96.80185">
        <ele>144.4</ele>
      </trkpt>
      <trkpt lat="30.62844" lon="-96.80197">
        <ele>144.5</ele>
      </trkpt>
      <trkpt lat="30.62848" lon="-96.80231">
        <ele>144.2</ele>
      </trkpt>
      <trkpt lat="30.62846" lon="-96.80241">
        <ele>144.2</ele>
      </trkpt>
      <trkpt lat="30.62836" lon="-96.80282">
        <ele>144.3</ele>
      </trkpt>
      <trkpt lat="30.62817" lon="-96.80362">
        <ele>141.2</ele>
      </trkpt>
      <trkpt lat="30.62802" lon="-96.80423">
        <ele>138.6</ele>
      </trkpt>
      <trkpt lat="30.62768" lon="-96.80562">
        <ele>134.7</ele>
      </trkpt>
      <trkpt lat="30.62768" lon="-96.8056299">
        <ele>134.7</ele>
      </trkpt>
      <trkpt lat="30.62764" lon="-96.8058099">
        <ele>135.2</ele>
      </trkpt>
      <trkpt lat="30.6276" lon="-96.80598">
        <ele>135.5</ele>
      </trkpt>
      <trkpt lat="30.62747" lon="-96.80628">
        <ele>135.6</ele>
      </trkpt>
      <trkpt lat="30.62721" lon="-96.80686">
        <ele>136.0</ele>
      </trkpt>
      <trkpt lat="30.62692" lon="-96.8075099">
        <ele>135.9</ele>
      </trkpt>
      <trkpt lat="30.62673" lon="-96.80811">
        <ele>135.9</ele>
      </trkpt>
      <trkpt lat="30.62643" lon="-96.80909">
        <ele>135.3</ele>
      </trkpt>
      <trkpt lat="30.62619" lon="-96.80988">
        <ele>133.8</ele>
      </trkpt>
      <trkpt lat="30.62598" lon="-96.81054">
        <ele>131.2</ele>
      </trkpt>
      <trkpt lat="30.62585" lon="-96.81096">
        <ele>131.9</ele>
      </trkpt>
      <trkpt lat="30.62579" lon="-96.81115">
        <ele>132.7</ele>
      </trkpt>
      <trkpt lat="30.62577" lon="-96.81121">
        <ele>133.0</ele>
      </trkpt>
      <trkpt lat="30.62573" lon="-96.81135">
        <ele>133.9</ele>
      </trkpt>
      <trkpt lat="30.62573" lon="-96.81137">
        <ele>134.0</ele>
      </trkpt>
      <trkpt lat="30.62572" lon="-96.81151">
        <ele>134.7</ele>
      </trkpt>
      <trkpt lat="30.62578" lon="-96.8116">
        <ele>135.4</ele>
      </trkpt>
      <trkpt lat="30.62588" lon="-96.81167">
        <ele>136.4</ele>
      </trkpt>
      <trkpt lat="30.62589" lon="-96.81168">
        <ele>136.5</ele>
      </trkpt>
      <trkpt lat="30.62604" lon="-96.81174">
        <ele>137.3</ele>
      </trkpt>
      <trkpt lat="30.62605" lon="-96.81175">
        <ele>137.4</ele>
      </trkpt>
      <trkpt lat="30.62622" lon="-96.81182">
        <ele>137.6</ele>
      </trkpt>
      <trkpt lat="30.62672" lon="-96.81204">
        <ele>138.1</ele>
      </trkpt>
      <trkpt lat="30.62689" lon="-96.8121199">
        <ele>138.2</ele>
      </trkpt>
      <trkpt lat="30.62694" lon="-96.81214">
        <ele>138.1</ele>
      </trkpt>
      <trkpt lat="30.62723" lon="-96.81225">
        <ele>138.3</ele>
      </trkpt>
      <trkpt lat="30.62757" lon="-96.8123899">
        <ele>138.7</ele>
      </trkpt>
      <trkpt lat="30.62774" lon="-96.81245">
        <ele>138.9</ele>
      </trkpt>
      <trkpt lat="30.62851" lon="-96.81275">
        <ele>140.8</ele>
      </trkpt>
      <trkpt lat="30.62876" lon="-96.81286">
        <ele>141.2</ele>
      </trkpt>
      <trkpt lat="30.62908" lon="-96.81299">
        <ele>140.6</ele>
      </trkpt>
      <trkpt lat="30.6291" lon="-96.813">
        <ele>140.6</ele>
      </trkpt>
      <trkpt lat="30.62927" lon="-96.81308">
        <ele>140.2</ele>
      </trkpt>
      <trkpt lat="30.62977" lon="-96.8133">
        <ele>139.2</ele>
      </trkpt>
      <trkpt lat="30.63045" lon="-96.8135999">
        <ele>136.9</ele>
      </trkpt>
      <trkpt lat="30.63112" lon="-96.81389">
        <ele>134.8</ele>
      </trkpt>
      <trkpt lat="30.63177" lon="-96.8141799">
        <ele>132.2</ele>
      </trkpt>
      <trkpt lat="30.63196" lon="-96.81426">
        <ele>132.4</ele>
      </trkpt>
      <trkpt lat="30.63205" lon="-96.81429">
        <ele>132.6</ele>
      </trkpt>
      <trkpt lat="30.63247" lon="-96.81447">
        <ele>133.6</ele>
      </trkpt>
      <trkpt lat="30.63251" lon="-96.81449">
        <ele>133.7</ele>
      </trkpt>
      <trkpt lat="30.63264" lon="-96.8145399">
        <ele>134.0</ele>
      </trkpt>
      <trkpt lat="30.63314" lon="-96.81477">
        <ele>136.1</ele>
      </trkpt>
      <trkpt lat="30.63314" lon="-96.81477">
        <ele>136.1</ele>
      </trkpt>
      <trkpt lat="30.6333" lon="-96.81483">
        <ele>136.7</ele>
      </trkpt>
      <trkpt lat="30.63348" lon="-96.81491">
        <ele>137.5</ele>
      </trkpt>
      <trkpt lat="30.63365" lon="-96.81498">
        <ele>138.1</ele>
      </trkpt>
      <trkpt lat="30.63483" lon="-96.8154799">
        <ele>141.7</ele>
      </trkpt>
      <trkpt lat="30.63568" lon="-96.81584">
        <ele>145.4</ele>
      </trkpt>
      <trkpt lat="30.63593" lon="-96.81595">
        <ele>145.9</ele>
      </trkpt>
      <trkpt lat="30.63619" lon="-96.81603">
        <ele>147.0</ele>
      </trkpt>
      <trkpt lat="30.63635" lon="-96.81608">
        <ele>147.1</ele>
      </trkpt>
      <trkpt lat="30.63656" lon="-96.8162399">
        <ele>146.1</ele>
      </trkpt>
      <trkpt lat="30.63662" lon="-96.8163299">
        <ele>145.8</ele>
      </trkpt>
      <trkpt lat="30.63684" lon="-96.81666">
        <ele>144.6</ele>
      </trkpt>
      <trkpt lat="30.63698" lon="-96.81686">
        <ele>143.3</ele>
      </trkpt>
      <trkpt lat="30.63738" lon="-96.8175">
        <ele>140.1</ele>
      </trkpt>
      <trkpt lat="30.63748" lon="-96.81767">
        <ele>140.2</ele>
      </trkpt>
      <trkpt lat="30.6378" lon="-96.81818">
        <ele>139.7</ele>
      </trkpt>
      <trkpt lat="30.63798" lon="-96.81846">
        <ele>137.7</ele>
      </trkpt>
      <trkpt lat="30.63811" lon="-96.81869">
        <ele>135.5</ele>
      </trkpt>
      <trkpt lat="30.6382" lon="-96.81887">
        <ele>135.5</ele>
      </trkpt>
      <trkpt lat="30.6383" lon="-96.81904">
        <ele>136.2</ele>
      </trkpt>
      <trkpt lat="30.6385" lon="-96.8194">
        <ele>137.5</ele>
      </trkpt>
      <trkpt lat="30.6386" lon="-96.81957">
        <ele>137.8</ele>
      </trkpt>
      <trkpt lat="30.63874" lon="-96.81983">
        <ele>138.7</ele>
      </trkpt>
      <trkpt lat="30.6389" lon="-96.82008">
        <ele>139.5</ele>
      </trkpt>
      <trkpt lat="30.63976" lon="-96.82114">
        <ele>142.6</ele>
      </trkpt>
      <trkpt lat="30.63988" lon="-96.8212999">
        <ele>142.3</ele>
      </trkpt>
      <trkpt lat="30.63989" lon="-96.8212999">
        <ele>142.3</ele>
      </trkpt>
      <trkpt lat="30.63994" lon="-96.82134">
        <ele>142.2</ele>
      </trkpt>
      <trkpt lat="30.64002" lon="-96.82138">
        <ele>142.1</ele>
      </trkpt>
      <trkpt lat="30.64074" lon="-96.82162">
        <ele>142.2</ele>
      </trkpt>
      <trkpt lat="30.64091" lon="-96.82167">
        <ele>142.2</ele>
      </trkpt>
      <trkpt lat="30.64091" lon="-96.82167">
        <ele>142.2</ele>
      </trkpt>
      <trkpt lat="30.64072" lon="-96.82203">
        <ele>140.9</ele>
      </trkpt>
      <trkpt lat="30.64052" lon="-96.82238">
        <ele>139.0</ele>
      </trkpt>
      <trkpt lat="30.64045" lon="-96.82252">
        <ele>138.2</ele>
      </trkpt>
      <trkpt lat="30.64027" lon="-96.82294">
        <ele>136.3</ele>
      </trkpt>
      <trkpt lat="30.64019" lon="-96.82312">
        <ele>136.0</ele>
      </trkpt>
      <trkpt lat="30.64018" lon="-96.82315">
        <ele>136.0</ele>
      </trkpt>
      <trkpt lat="30.64" lon="-96.82373">
        <ele>138.1</ele>
      </trkpt>
      <trkpt lat="30.63994" lon="-96.82391">
        <ele>138.9</ele>
      </trkpt>
      <trkpt lat="30.63969" lon="-96.82469">
        <ele>135.8</ele>
      </trkpt>
      <trkpt lat="30.63956" lon="-96.82508">
        <ele>134.5</ele>
      </trkpt>
      <trkpt lat="30.6394" lon="-96.82561">
        <ele>135.2</ele>
      </trkpt>
      <trkpt lat="30.63915" lon="-96.82646">
        <ele>137.8</ele>
      </trkpt>
      <trkpt lat="30.63909" lon="-96.82666">
        <ele>138.5</ele>
      </trkpt>
      <trkpt lat="30.63904" lon="-96.82686">
        <ele>139.3</ele>
      </trkpt>
      <trkpt lat="30.63898" lon="-96.82706">
        <ele>140.0</ele>
      </trkpt>
      <trkpt lat="30.63887" lon="-96.82746">
        <ele>140.8</ele>
      </trkpt>
      <trkpt lat="30.63883" lon="-96.8276">
        <ele>141.0</ele>
      </trkpt>
      <trkpt lat="30.63876" lon="-96.8277899">
        <ele>141.2</ele>
      </trkpt>
      <trkpt lat="30.6387" lon="-96.82799">
        <ele>140.6</ele>
      </trkpt>
      <trkpt lat="30.63863" lon="-96.82818">
        <ele>139.8</ele>
      </trkpt>
      <trkpt lat="30.63857" lon="-96.82838">
        <ele>138.9</ele>
      </trkpt>
      <trkpt lat="30.6385" lon="-96.82857">
        <ele>137.9</ele>
      </trkpt>
      <trkpt lat="30.63825" lon="-96.82935">
        <ele>137.2</ele>
      </trkpt>
      <trkpt lat="30.63803" lon="-96.83">
        <ele>137.2</ele>
      </trkpt>
      <trkpt lat="30.63779" lon="-96.83081">
        <ele>137.4</ele>
      </trkpt>
      <trkpt lat="30.63773" lon="-96.83101">
        <ele>137.6</ele>
      </trkpt>
      <trkpt lat="30.63762" lon="-96.8314">
        <ele>139.0</ele>
      </trkpt>
      <trkpt lat="30.63756" lon="-96.8316">
        <ele>139.7</ele>
      </trkpt>
      <trkpt lat="30.6375" lon="-96.8318">
        <ele>140.0</ele>
      </trkpt>
      <trkpt lat="30.63727" lon="-96.83259">
        <ele>141.4</ele>
      </trkpt>
      <trkpt lat="30.63714" lon="-96.83298">
        <ele>142.5</ele>
      </trkpt>
      <trkpt lat="30.63696" lon="-96.83357">
        <ele>144.2</ele>
      </trkpt>
      <trkpt lat="30.63639" lon="-96.83534">
        <ele>149.4</ele>
      </trkpt>
      <trkpt lat="30.63621" lon="-96.83592">
        <ele>152.3</ele>
      </trkpt>
      <trkpt lat="30.63608" lon="-96.83632">
        <ele>155.3</ele>
      </trkpt>
      <trkpt lat="30.63602" lon="-96.83651">
        <ele>156.1</ele>
      </trkpt>
      <trkpt lat="30.63577" lon="-96.8373">
        <ele>153.2</ele>
      </trkpt>
      <trkpt lat="30.63571" lon="-96.83749">
        <ele>152.5</ele>
      </trkpt>
      <trkpt lat="30.63546" lon="-96.83828">
        <ele>153.7</ele>
      </trkpt>
      <trkpt lat="30.6354" lon="-96.83847">
        <ele>153.4</ele>
      </trkpt>
      <trkpt lat="30.63515" lon="-96.83926">
        <ele>157.2</ele>
      </trkpt>
      <trkpt lat="30.63509" lon="-96.83945">
        <ele>157.8</ele>
      </trkpt>
      <trkpt lat="30.63471" lon="-96.84063">
        <ele>160.9</ele>
      </trkpt>
      <trkpt lat="30.63465" lon="-96.84083">
        <ele>161.2</ele>
      </trkpt>
      <trkpt lat="30.63434" lon="-96.8418">
        <ele>164.6</ele>
      </trkpt>
      <trkpt lat="30.63428" lon="-96.842">
        <ele>165.6</ele>
      </trkpt>
      <trkpt lat="30.63392" lon="-96.84318">
        <ele>162.5</ele>
      </trkpt>
      <trkpt lat="30.63386" lon="-96.84338">
        <ele>162.0</ele>
      </trkpt>
      <trkpt lat="30.63368" lon="-96.84397">
        <ele>160.7</ele>
      </trkpt>
      <trkpt lat="30.63337" lon="-96.84495">
        <ele>160.7</ele>
      </trkpt>
      <trkpt lat="30.63322" lon="-96.84555">
        <ele>160.5</ele>
      </trkpt>
      <trkpt lat="30.63309" lon="-96.84604">
        <ele>159.9</ele>
      </trkpt>
      <trkpt lat="30.63292" lon="-96.8466399">
        <ele>157.6</ele>
      </trkpt>
      <trkpt lat="30.63258" lon="-96.84783">
        <ele>152.7</ele>
      </trkpt>
      <trkpt lat="30.63202" lon="-96.8498199">
        <ele>149.5</ele>
      </trkpt>
      <trkpt lat="30.63191" lon="-96.85021">
        <ele>149.5</ele>
      </trkpt>
      <trkpt lat="30.63169" lon="-96.85099">
        <ele>147.2</ele>
      </trkpt>
      <trkpt lat="30.63145" lon="-96.85185">
        <ele>150.2</ele>
      </trkpt>
      <trkpt lat="30.63083" lon="-96.85403">
        <ele>153.6</ele>
      </trkpt>
      <trkpt lat="30.63061" lon="-96.85483">
        <ele>156.5</ele>
      </trkpt>
      <trkpt lat="30.63051" lon="-96.85518">
        <ele>157.7</ele>
      </trkpt>
      <trkpt lat="30.63043" lon="-96.85542">
        <ele>158.6</ele>
      </trkpt>
      <trkpt lat="30.62991" lon="-96.8569799">
        <ele>168.8</ele>
      </trkpt>
      <trkpt lat="30.62978" lon="-96.85737">
        <ele>169.1</ele>
      </trkpt>
      <trkpt lat="30.62959" lon="-96.85795">
        <ele>166.9</ele>
      </trkpt>
      <trkpt lat="30.62959" lon="-96.85795">
        <ele>166.9</ele>
      </trkpt>
      <trkpt lat="30.62934" lon="-96.85785">
        <ele>167.0</ele>
      </trkpt>
      <trkpt lat="30.62901" lon="-96.8577">
        <ele>167.1</ele>
      </trkpt>
      <trkpt lat="30.62833" lon="-96.85742">
        <ele>166.6</ele>
      </trkpt>
      <trkpt lat="30.62766" lon="-96.85713">
        <ele>164.2</ele>
      </trkpt>
      <trkpt lat="30.62698" lon="-96.85684">
        <ele>163.8</ele>
      </trkpt>
      <trkpt lat="30.6266" lon="-96.85668">
        <ele>163.6</ele>
      </trkpt>
      <trkpt lat="30.62529" lon="-96.8561299">
        <ele>161.4</ele>
      </trkpt>
      <trkpt lat="30.62499" lon="-96.856">
        <ele>160.5</ele>
      </trkpt>
      <trkpt lat="30.62383" lon="-96.85551">
        <ele>155.1</ele>
      </trkpt>
      <trkpt lat="30.62377" lon="-96.85549">
        <ele>154.9</ele>
      </trkpt>
      <trkpt lat="30.62352" lon="-96.85538">
        <ele>154.3</ele>
      </trkpt>
      <trkpt lat="30.6234" lon="-96.85536">
        <ele>153.9</ele>
      </trkpt>
      <trkpt lat="30.62333" lon="-96.85535">
        <ele>153.7</ele>
      </trkpt>
      <trkpt lat="30.62319" lon="-96.8553699">
        <ele>153.3</ele>
      </trkpt>
      <trkpt lat="30.62297" lon="-96.85544">
        <ele>152.4</ele>
      </trkpt>
      <trkpt lat="30.62276" lon="-96.85549">
        <ele>151.8</ele>
      </trkpt>
      <trkpt lat="30.62272" lon="-96.8555">
        <ele>151.7</ele>
      </trkpt>
      <trkpt lat="30.62255" lon="-96.85553">
        <ele>151.2</ele>
      </trkpt>
      <trkpt lat="30.62241" lon="-96.85553">
        <ele>151.0</ele>
      </trkpt>
      <trkpt lat="30.62218" lon="-96.85552">
        <ele>151.0</ele>
      </trkpt>
      <trkpt lat="30.62184" lon="-96.85538">
        <ele>151.7</ele>
      </trkpt>
      <trkpt lat="30.62167" lon="-96.85531">
        <ele>151.4</ele>
      </trkpt>
      <trkpt lat="30.62099" lon="-96.85503">
        <ele>150.3</ele>
      </trkpt>
      <trkpt lat="30.62017" lon="-96.8546999">
        <ele>149.1</ele>
      </trkpt>
      <trkpt lat="30.62015" lon="-96.85469">
        <ele>149.1</ele>
      </trkpt>
      <trkpt lat="30.61959" lon="-96.85446">
        <ele>148.9</ele>
      </trkpt>
      <trkpt lat="30.61937" lon="-96.8544">
        <ele>149.2</ele>
      </trkpt>
      <trkpt lat="30.61922" lon="-96.85438">
        <ele>149.6</ele>
      </trkpt>
      <trkpt lat="30.61912" lon="-96.85444">
        <ele>149.6</ele>
      </trkpt>
      <trkpt lat="30.61905" lon="-96.85463">
        <ele>149.5</ele>
      </trkpt>
      <trkpt lat="30.61897" lon="-96.85485">
        <ele>149.4</ele>
      </trkpt>
      <trkpt lat="30.61885" lon="-96.85509">
        <ele>149.0</ele>
      </trkpt>
      <trkpt lat="30.61879" lon="-96.85525">
        <ele>148.8</ele>
      </trkpt>
      <trkpt lat="30.61868" lon="-96.8554">
        <ele>148.4</ele>
      </trkpt>
      <trkpt lat="30.61845" lon="-96.8555">
        <ele>147.9</ele>
      </trkpt>
      <trkpt lat="30.61838" lon="-96.85553">
        <ele>147.8</ele>
      </trkpt>
      <trkpt lat="30.6181" lon="-96.85562">
        <ele>147.7</ele>
      </trkpt>
      <trkpt lat="30.61804" lon="-96.8556399">
        <ele>147.7</ele>
      </trkpt>
      <trkpt lat="30.61773" lon="-96.8557">
        <ele>148.2</ele>
      </trkpt>
      <trkpt lat="30.61745" lon="-96.85569">
        <ele>148.5</ele>
      </trkpt>
      <trkpt lat="30.61733" lon="-96.85565">
        <ele>148.6</ele>
      </trkpt>
      <trkpt lat="30.61716" lon="-96.85558">
        <ele>148.5</ele>
      </trkpt>
      <trkpt lat="30.61699" lon="-96.85552">
        <ele>148.2</ele>
      </trkpt>
      <trkpt lat="30.61695" lon="-96.8555">
        <ele>148.2</ele>
      </trkpt>
      <trkpt lat="30.616" lon="-96.855">
        <ele>146.1</ele>
      </trkpt>
      <trkpt lat="30.61575" lon="-96.85486">
        <ele>145.4</ele>
      </trkpt>
      <trkpt lat="30.61552" lon="-96.85473">
        <ele>145.0</ele>
      </trkpt>
      <trkpt lat="30.61523" lon="-96.85456">
        <ele>144.7</ele>
      </trkpt>
      <trkpt lat="30.61487" lon="-96.85436">
        <ele>146.0</ele>
      </trkpt>
      <trkpt lat="30.61476" lon="-96.8543">
        <ele>145.8</ele>
      </trkpt>
      <trkpt lat="30.6146" lon="-96.85432">
        <ele>145.6</ele>
      </trkpt>
      <trkpt lat="30.61456" lon="-96.8544">
        <ele>145.7</ele>
      </trkpt>
      <trkpt lat="30.61449" lon="-96.85449">
        <ele>145.3</ele>
      </trkpt>
      <trkpt lat="30.61425" lon="-96.8553699">
        <ele>140.8</ele>
      </trkpt>
      <trkpt lat="30.61394" lon="-96.85652">
        <ele>137.2</ele>
      </trkpt>
      <trkpt lat="30.61381" lon="-96.85714">
        <ele>133.4</ele>
      </trkpt>
      <trkpt lat="30.61368" lon="-96.85751">
        <ele>131.7</ele>
      </trkpt>
      <trkpt lat="30.61347" lon="-96.85805">
        <ele>128.8</ele>
      </trkpt>
      <trkpt lat="30.61345" lon="-96.85808">
        <ele>128.8</ele>
      </trkpt>
      <trkpt lat="30.61316" lon="-96.85877">
        <ele>131.1</ele>
      </trkpt>
      <trkpt lat="30.61295" lon="-96.85942">
        <ele>132.2</ele>
      </trkpt>
      <trkpt lat="30.6125" lon="-96.86087">
        <ele>134.8</ele>
      </trkpt>
      <trkpt lat="30.61239" lon="-96.86123">
        <ele>136.7</ele>
      </trkpt>
      <trkpt lat="30.6122" lon="-96.86181">
        <ele>140.1</ele>
      </trkpt>
      <trkpt lat="30.61214" lon="-96.86201">
        <ele>141.7</ele>
      </trkpt>
      <trkpt lat="30.61208" lon="-96.8622">
        <ele>142.7</ele>
      </trkpt>
      <trkpt lat="30.612" lon="-96.86246">
        <ele>144.5</ele>
      </trkpt>
      <trkpt lat="30.61175" lon="-96.86328">
        <ele>146.5</ele>
      </trkpt>
      <trkpt lat="30.61126" lon="-96.86485">
        <ele>147.9</ele>
      </trkpt>
      <trkpt lat="30.61083" lon="-96.86618">
        <ele>148.2</ele>
      </trkpt>
      <trkpt lat="30.61082" lon="-96.86619">
        <ele>148.1</ele>
      </trkpt>
      <trkpt lat="30.61065" lon="-96.86677">
        <ele>148.9</ele>
      </trkpt>
      <trkpt lat="30.61018" lon="-96.86835">
        <ele>155.7</ele>
      </trkpt>
      <trkpt lat="30.60994" lon="-96.86914">
        <ele>159.1</ele>
      </trkpt>
      <trkpt lat="30.60982" lon="-96.86954">
        <ele>159.4</ele>
      </trkpt>
      <trkpt lat="30.60964" lon="-96.87013">
        <ele>157.8</ele>
      </trkpt>
      <trkpt lat="30.6095" lon="-96.87055">
        <ele>156.9</ele>
      </trkpt>
      <trkpt lat="30.60925" lon="-96.87134">
        <ele>157.0</ele>
      </trkpt>
      <trkpt lat="30.60874" lon="-96.8729">
        <ele>159.5</ele>
      </trkpt>
      <trkpt lat="30.60857" lon="-96.87342">
        <ele>160.6</ele>
      </trkpt>
      <trkpt lat="30.60845" lon="-96.87389">
        <ele>161.9</ele>
      </trkpt>
      <trkpt lat="30.60831" lon="-96.87443">
        <ele>164.5</ele>
      </trkpt>
      <trkpt lat="30.60804" lon="-96.8751599">
        <ele>168.8</ele>
      </trkpt>
      <trkpt lat="30.60801" lon="-96.87526">
        <ele>169.4</ele>
      </trkpt>
      <trkpt lat="30.60788" lon="-96.8756499">
        <ele>171.9</ele>
      </trkpt>
      <trkpt lat="30.60784" lon="-96.87576">
        <ele>172.9</ele>
      </trkpt>
      <trkpt lat="30.60777" lon="-96.87604">
        <ele>174.3</ele>
      </trkpt>
      <trkpt lat="30.60765" lon="-96.87649">
        <ele>173.6</ele>
      </trkpt>
      <trkpt lat="30.60755" lon="-96.87684">
        <ele>172.6</ele>
      </trkpt>
      <trkpt lat="30.60727" lon="-96.87758">
        <ele>171.3</ele>
      </trkpt>
      <trkpt lat="30.60726" lon="-96.8776199">
        <ele>171.2</ele>
      </trkpt>
      <trkpt lat="30.60714" lon="-96.87796">
        <ele>171.4</ele>
      </trkpt>
      <trkpt lat="30.60703" lon="-96.87827">
        <ele>172.1</ele>
      </trkpt>
      <trkpt lat="30.60701" lon="-96.87835">
        <ele>172.3</ele>
      </trkpt>
      <trkpt lat="30.6065" lon="-96.87992">
        <ele>177.3</ele>
      </trkpt>
      <trkpt lat="30.6065" lon="-96.87992">
        <ele>177.3</ele>
      </trkpt>
      <trkpt lat="30.6067" lon="-96.88006">
        <ele>177.4</ele>
      </trkpt>
      <trkpt lat="30.60692" lon="-96.88022">
        <ele>177.4</ele>
      </trkpt>
      <trkpt lat="30.60728" lon="-96.88061">
        <ele>177.4</ele>
      </trkpt>
      <trkpt lat="30.60737" lon="-96.88073">
        <ele>177.3</ele>
      </trkpt>
      <trkpt lat="30.60763" lon="-96.88112">
        <ele>177.2</ele>
      </trkpt>
      <trkpt lat="30.60805" lon="-96.88171">
        <ele>177.0</ele>
      </trkpt>
      <trkpt lat="30.60811" lon="-96.8818">
        <ele>177.0</ele>
      </trkpt>
      <trkpt lat="30.60836" lon="-96.88216">
        <ele>176.9</ele>
      </trkpt>
      <trkpt lat="30.60862" lon="-96.88254">
        <ele>176.7</ele>
      </trkpt>
      <trkpt lat="30.60867" lon="-96.88261">
        <ele>176.6</ele>
      </trkpt>
      <trkpt lat="30.60869" lon="-96.88263">
        <ele>176.6</ele>
      </trkpt>
      <trkpt lat="30.60901" lon="-96.88309">
        <ele>176.7</ele>
      </trkpt>
      <trkpt lat="30.60932" lon="-96.88349">
        <ele>176.0</ele>
      </trkpt>
      <trkpt lat="30.60937" lon="-96.88356">
        <ele>175.7</ele>
      </trkpt>
      <trkpt lat="30.60961" lon="-96.88387">
        <ele>174.9</ele>
      </trkpt>
      <trkpt lat="30.60994" lon="-96.8842899">
        <ele>173.9</ele>
      </trkpt>
      <trkpt lat="30.61023" lon="-96.88463">
        <ele>173.8</ele>
      </trkpt>
      <trkpt lat="30.61026" lon="-96.88467">
        <ele>173.8</ele>
      </trkpt>
      <trkpt lat="30.61051" lon="-96.88498">
        <ele>174.2</ele>
      </trkpt>
      <trkpt lat="30.61093" lon="-96.8854999">
        <ele>174.3</ele>
      </trkpt>
      <trkpt lat="30.61116" lon="-96.88581">
        <ele>173.9</ele>
      </trkpt>
      <trkpt lat="30.61144" lon="-96.88617">
        <ele>173.8</ele>
      </trkpt>
      <trkpt lat="30.61152" lon="-96.88627">
        <ele>173.9</ele>
      </trkpt>
      <trkpt lat="30.61169" lon="-96.88642">
        <ele>173.8</ele>
      </trkpt>
      <trkpt lat="30.61172" lon="-96.8864399">
        <ele>173.7</ele>
      </trkpt>
      <trkpt lat="30.61185" lon="-96.8865299">
        <ele>173.4</ele>
      </trkpt>
      <trkpt lat="30.61185" lon="-96.8865299">
        <ele>173.4</ele>
      </trkpt>
      <trkpt lat="30.61185" lon="-96.8865299">
        <ele>173.4</ele>
      </trkpt>
      <trkpt lat="30.61186" lon="-96.88654">
        <ele>173.4</ele>
      </trkpt>
      <trkpt lat="30.61233" lon="-96.88685">
        <ele>171.3</ele>
      </trkpt>
      <trkpt lat="30.61254" lon="-96.88705">
        <ele>170.4</ele>
      </trkpt>
      <trkpt lat="30.61261" lon="-96.88713">
        <ele>169.9</ele>
      </trkpt>
      <trkpt lat="30.61284" lon="-96.88737">
        <ele>168.3</ele>
      </trkpt>
      <trkpt lat="30.61311" lon="-96.8877">
        <ele>167.5</ele>
      </trkpt>
      <trkpt lat="30.61329" lon="-96.88797">
        <ele>165.9</ele>
      </trkpt>
      <trkpt lat="30.61355" lon="-96.88839">
        <ele>164.0</ele>
      </trkpt>
      <trkpt lat="30.61381" lon="-96.88883">
        <ele>161.9</ele>
      </trkpt>
      <trkpt lat="30.61403" lon="-96.8892">
        <ele>161.2</ele>
      </trkpt>
      <trkpt lat="30.61407" lon="-96.88925">
        <ele>161.0</ele>
      </trkpt>
      <trkpt lat="30.61441" lon="-96.88973">
        <ele>159.3</ele>
      </trkpt>
      <trkpt lat="30.61448" lon="-96.88982">
        <ele>159.0</ele>
      </trkpt>
      <trkpt lat="30.61467" lon="-96.8901">
        <ele>158.7</ele>
      </trkpt>
      <trkpt lat="30.61519" lon="-96.89077">
        <ele>160.4</ele>
      </trkpt>
      <trkpt lat="30.61532" lon="-96.89094">
        <ele>160.2</ele>
      </trkpt>
      <trkpt lat="30.61599" lon="-96.89172">
        <ele>159.1</ele>
      </trkpt>
      <trkpt lat="30.61607" lon="-96.89181">
        <ele>159.0</ele>
      </trkpt>
      <trkpt lat="30.61658" lon="-96.89239">
        <ele>155.4</ele>
      </trkpt>
      <trkpt lat="30.61659" lon="-96.89239">
        <ele>155.4</ele>
      </trkpt>
      <trkpt lat="30.61683" lon="-96.89277">
        <ele>157.2</ele>
      </trkpt>
      <trkpt lat="30.61697" lon="-96.89317">
        <ele>158.5</ele>
      </trkpt>
      <trkpt lat="30.61721" lon="-96.89362">
        <ele>158.6</ele>
      </trkpt>
      <trkpt lat="30.61756" lon="-96.89403">
        <ele>158.5</ele>
      </trkpt>
      <trkpt lat="30.61785" lon="-96.89434">
        <ele>157.9</ele>
      </trkpt>
      <trkpt lat="30.61835" lon="-96.89493">
        <ele>158.0</ele>
      </trkpt>
      <trkpt lat="30.61857" lon="-96.89528">
        <ele>158.1</ele>
      </trkpt>
      <trkpt lat="30.6187" lon="-96.89556">
        <ele>158.2</ele>
      </trkpt>
      <trkpt lat="30.61882" lon="-96.89598">
        <ele>158.3</ele>
      </trkpt>
      <trkpt lat="30.6189" lon="-96.89636">
        <ele>158.3</ele>
      </trkpt>
      <trkpt lat="30.61896" lon="-96.89674">
        <ele>158.4</ele>
      </trkpt>
      <trkpt lat="30.61902" lon="-96.89711">
        <ele>158.6</ele>
      </trkpt>
      <trkpt lat="30.61907" lon="-96.89727">
        <ele>158.6</ele>
      </trkpt>
      <trkpt lat="30.61914" lon="-96.89749">
        <ele>158.7</ele>
      </trkpt>
      <trkpt lat="30.61933" lon="-96.898">
        <ele>158.1</ele>
      </trkpt>
      <trkpt lat="30.61944" lon="-96.89822">
        <ele>157.0</ele>
      </trkpt>
      <trkpt lat="30.61961" lon="-96.89859">
        <ele>155.1</ele>
      </trkpt>
      <trkpt lat="30.61961" lon="-96.8986">
        <ele>155.1</ele>
      </trkpt>
      <trkpt lat="30.6198" lon="-96.89891">
        <ele>154.7</ele>
      </trkpt>
      <trkpt lat="30.61981" lon="-96.8989299">
        <ele>154.7</ele>
      </trkpt>
      <trkpt lat="30.61999" lon="-96.89915">
        <ele>155.7</ele>
      </trkpt>
      <trkpt lat="30.62024" lon="-96.8994">
        <ele>156.4</ele>
      </trkpt>
      <trkpt lat="30.62055" lon="-96.89957">
        <ele>157.3</ele>
      </trkpt>
      <trkpt lat="30.62098" lon="-96.89979">
        <ele>158.4</ele>
      </trkpt>
      <trkpt lat="30.62119" lon="-96.89989">
        <ele>158.4</ele>
      </trkpt>
      <trkpt lat="30.62138" lon="-96.89998">
        <ele>158.4</ele>
      </trkpt>
      <trkpt lat="30.62152" lon="-96.90003">
        <ele>158.4</ele>
      </trkpt>
      <trkpt lat="30.6219" lon="-96.90019">
        <ele>158.0</ele>
      </trkpt>
      <trkpt lat="30.6222" lon="-96.90031">
        <ele>156.9</ele>
      </trkpt>
      <trkpt lat="30.62231" lon="-96.90035">
        <ele>156.6</ele>
      </trkpt>
      <trkpt lat="30.62265" lon="-96.9004999">
        <ele>156.1</ele>
      </trkpt>
      <trkpt lat="30.6229" lon="-96.90061">
        <ele>156.2</ele>
      </trkpt>
      <trkpt lat="30.62298" lon="-96.90066">
        <ele>156.2</ele>
      </trkpt>
      <trkpt lat="30.62303" lon="-96.90073">
        <ele>156.3</ele>
      </trkpt>
      <trkpt lat="30.62305" lon="-96.90076">
        <ele>156.3</ele>
      </trkpt>
      <trkpt lat="30.62306" lon="-96.9008">
        <ele>156.3</ele>
      </trkpt>
      <trkpt lat="30.62307" lon="-96.90089">
        <ele>156.2</ele>
      </trkpt>
      <trkpt lat="30.62306" lon="-96.90098">
        <ele>156.1</ele>
      </trkpt>
      <trkpt lat="30.62303" lon="-96.90111">
        <ele>156.1</ele>
      </trkpt>
      <trkpt lat="30.62303" lon="-96.90112">
        <ele>156.1</ele>
      </trkpt>
      <trkpt lat="30.62299" lon="-96.9013499">
        <ele>156.0</ele>
      </trkpt>
      <trkpt lat="30.62299" lon="-96.90147">
        <ele>156.0</ele>
      </trkpt>
      <trkpt lat="30.623" lon="-96.90156">
        <ele>156.0</ele>
      </trkpt>
      <trkpt lat="30.62303" lon="-96.90167">
        <ele>156.0</ele>
      </trkpt>
      <trkpt lat="30.62313" lon="-96.90188">
        <ele>156.0</ele>
      </trkpt>
      <trkpt lat="30.6233" lon="-96.90209">
        <ele>156.1</ele>
      </trkpt>
      <trkpt lat="30.62342" lon="-96.90222">
        <ele>156.1</ele>
      </trkpt>
      <trkpt lat="30.62356" lon="-96.90232">
        <ele>155.9</ele>
      </trkpt>
      <trkpt lat="30.62385" lon="-96.90254">
        <ele>155.7</ele>
      </trkpt>
      <trkpt lat="30.62386" lon="-96.90255">
        <ele>155.7</ele>
      </trkpt>
      <trkpt lat="30.62413" lon="-96.90277">
        <ele>154.8</ele>
      </trkpt>
      <trkpt lat="30.62435" lon="-96.90298">
        <ele>153.9</ele>
      </trkpt>
      <trkpt lat="30.62459" lon="-96.9032299">
        <ele>152.8</ele>
      </trkpt>
      <trkpt lat="30.62469" lon="-96.90334">
        <ele>152.5</ele>
      </trkpt>
      <trkpt lat="30.62476" lon="-96.9034099">
        <ele>152.4</ele>
      </trkpt>
      <trkpt lat="30.62495" lon="-96.9036">
        <ele>152.3</ele>
      </trkpt>
      <trkpt lat="30.62505" lon="-96.90368">
        <ele>152.3</ele>
      </trkpt>
      <trkpt lat="30.6252" lon="-96.90378">
        <ele>152.3</ele>
      </trkpt>
      <trkpt lat="30.62531" lon="-96.90384">
        <ele>152.3</ele>
      </trkpt>
      <trkpt lat="30.62542" lon="-96.90391">
        <ele>152.1</ele>
      </trkpt>
      <trkpt lat="30.62553" lon="-96.904">
        <ele>151.9</ele>
      </trkpt>
      <trkpt lat="30.62558" lon="-96.90404">
        <ele>151.8</ele>
      </trkpt>
      <trkpt lat="30.62564" lon="-96.9040799">
        <ele>151.8</ele>
      </trkpt>
      <trkpt lat="30.62573" lon="-96.9042">
        <ele>151.6</ele>
      </trkpt>
      <trkpt lat="30.62578" lon="-96.90427">
        <ele>151.5</ele>
      </trkpt>
      <trkpt lat="30.62585" lon="-96.90438">
        <ele>151.3</ele>
      </trkpt>
      <trkpt lat="30.62591" lon="-96.9045">
        <ele>151.0</ele>
      </trkpt>
      <trkpt lat="30.62609" lon="-96.90486">
        <ele>150.8</ele>
      </trkpt>
      <trkpt lat="30.62619" lon="-96.90509">
        <ele>150.8</ele>
      </trkpt>
      <trkpt lat="30.62638" lon="-96.90545">
        <ele>150.9</ele>
      </trkpt>
      <trkpt lat="30.62651" lon="-96.90568">
        <ele>150.8</ele>
      </trkpt>
      <trkpt lat="30.62665" lon="-96.90591">
        <ele>150.7</ele>
      </trkpt>
      <trkpt lat="30.62674" lon="-96.9060499">
        <ele>150.5</ele>
      </trkpt>
      <trkpt lat="30.62678" lon="-96.9061">
        <ele>150.5</ele>
      </trkpt>
      <trkpt lat="30.62684" lon="-96.90618">
        <ele>150.4</ele>
      </trkpt>
      <trkpt lat="30.62693" lon="-96.90628">
        <ele>150.4</ele>
      </trkpt>
      <trkpt lat="30.62701" lon="-96.90633">
        <ele>150.5</ele>
      </trkpt>
      <trkpt lat="30.62716" lon="-96.90645">
        <ele>150.5</ele>
      </trkpt>
      <trkpt lat="30.62735" lon="-96.90652">
        <ele>150.7</ele>
      </trkpt>
      <trkpt lat="30.62745" lon="-96.90655">
        <ele>150.8</ele>
      </trkpt>
      <trkpt lat="30.62756" lon="-96.90657">
        <ele>150.7</ele>
      </trkpt>
      <trkpt lat="30.62784" lon="-96.90662">
        <ele>149.0</ele>
      </trkpt>
      <trkpt lat="30.62792" lon="-96.90663">
        <ele>148.5</ele>
      </trkpt>
      <trkpt lat="30.628" lon="-96.90664">
        <ele>147.9</ele>
      </trkpt>
      <trkpt lat="30.62832" lon="-96.9067">
        <ele>145.7</ele>
      </trkpt>
      <trkpt lat="30.62862" lon="-96.90679">
        <ele>144.1</ele>
      </trkpt>
      <trkpt lat="30.6287" lon="-96.9068099">
        <ele>143.6</ele>
      </trkpt>
      <trkpt lat="30.62885" lon="-96.90686">
        <ele>142.9</ele>
      </trkpt>
      <trkpt lat="30.62901" lon="-96.90694">
        <ele>142.5</ele>
      </trkpt>
      <trkpt lat="30.62913" lon="-96.90701">
        <ele>142.3</ele>
      </trkpt>
      <trkpt lat="30.62921" lon="-96.90705">
        <ele>142.3</ele>
      </trkpt>
      <trkpt lat="30.6294" lon="-96.90718">
        <ele>143.0</ele>
      </trkpt>
      <trkpt lat="30.62953" lon="-96.90728">
        <ele>143.7</ele>
      </trkpt>
      <trkpt lat="30.62959" lon="-96.90732">
        <ele>144.1</ele>
      </trkpt>
      <trkpt lat="30.62974" lon="-96.9074399">
        <ele>145.2</ele>
      </trkpt>
      <trkpt lat="30.63017" lon="-96.90781">
        <ele>148.0</ele>
      </trkpt>
      <trkpt lat="30.63018" lon="-96.90781">
        <ele>148.1</ele>
      </trkpt>
      <trkpt lat="30.6306" lon="-96.9081999">
        <ele>150.8</ele>
      </trkpt>
      <trkpt lat="30.63101" lon="-96.90861">
        <ele>152.1</ele>
      </trkpt>
      <trkpt lat="30.63122" lon="-96.90883">
        <ele>152.1</ele>
      </trkpt>
      <trkpt lat="30.63128" lon="-96.90888">
        <ele>152.1</ele>
      </trkpt>
      <trkpt lat="30.63172" lon="-96.90919">
        <ele>151.5</ele>
      </trkpt>
      <trkpt lat="30.63224" lon="-96.90947">
        <ele>149.8</ele>
      </trkpt>
      <trkpt lat="30.63272" lon="-96.90974">
        <ele>149.2</ele>
      </trkpt>
      <trkpt lat="30.6333" lon="-96.91006">
        <ele>149.0</ele>
      </trkpt>
      <trkpt lat="30.6333" lon="-96.91006">
        <ele>149.0</ele>
      </trkpt>
      <trkpt lat="30.63239" lon="-96.91302">
        <ele>148.8</ele>
      </trkpt>
      <trkpt lat="30.63221" lon="-96.91361">
        <ele>147.9</ele>
      </trkpt>
      <trkpt lat="30.6319" lon="-96.91459">
        <ele>143.0</ele>
      </trkpt>
      <trkpt lat="30.63166" lon="-96.91538">
        <ele>140.0</ele>
      </trkpt>
      <trkpt lat="30.63124" lon="-96.91676">
        <ele>137.5</ele>
      </trkpt>
      <trkpt lat="30.63082" lon="-96.91813">
        <ele>138.9</ele>
      </trkpt>
      <trkpt lat="30.63042" lon="-96.91941">
        <ele>137.4</ele>
      </trkpt>
      <trkpt lat="30.63033" lon="-96.91971">
        <ele>137.7</ele>
      </trkpt>
      <trkpt lat="30.63002" lon="-96.9206899">
        <ele>138.2</ele>
      </trkpt>
      <trkpt lat="30.6294" lon="-96.92265">
        <ele>139.0</ele>
      </trkpt>
      <trkpt lat="30.62885" lon="-96.92442">
        <ele>141.2</ele>
      </trkpt>
      <trkpt lat="30.62879" lon="-96.92462">
        <ele>141.5</ele>
      </trkpt>
      <trkpt lat="30.62866" lon="-96.92501">
        <ele>141.9</ele>
      </trkpt>
      <trkpt lat="30.62832" lon="-96.92606">
        <ele>141.5</ele>
      </trkpt>
      <trkpt lat="30.62828" lon="-96.92618">
        <ele>141.4</ele>
      </trkpt>
      <trkpt lat="30.62775" lon="-96.92774">
        <ele>136.7</ele>
      </trkpt>
      <trkpt lat="30.62765" lon="-96.92802">
        <ele>136.5</ele>
      </trkpt>
      <trkpt lat="30.62762" lon="-96.92813">
        <ele>136.7</ele>
      </trkpt>
      <trkpt lat="30.62741" lon="-96.92881">
        <ele>139.2</ele>
      </trkpt>
      <trkpt lat="30.62741" lon="-96.92881">
        <ele>139.2</ele>
      </trkpt>
      <trkpt lat="30.62719" lon="-96.92871">
        <ele>139.1</ele>
      </trkpt>
      <trkpt lat="30.627" lon="-96.92863">
        <ele>139.0</ele>
      </trkpt>
      <trkpt lat="30.6269" lon="-96.9286">
        <ele>139.0</ele>
      </trkpt>
      <trkpt lat="30.62676" lon="-96.92855">
        <ele>139.0</ele>
      </trkpt>
      <trkpt lat="30.62654" lon="-96.92846">
        <ele>139.0</ele>
      </trkpt>
      <trkpt lat="30.62634" lon="-96.92838">
        <ele>138.9</ele>
      </trkpt>
      <trkpt lat="30.62619" lon="-96.92831">
        <ele>138.8</ele>
      </trkpt>
      <trkpt lat="30.62593" lon="-96.9282">
        <ele>138.4</ele>
      </trkpt>
      <trkpt lat="30.62572" lon="-96.9281">
        <ele>138.0</ele>
      </trkpt>
      <trkpt lat="30.62567" lon="-96.92808">
        <ele>138.0</ele>
      </trkpt>
      <trkpt lat="30.62524" lon="-96.9278999">
        <ele>137.9</ele>
      </trkpt>
      <trkpt lat="30.62482" lon="-96.9277199">
        <ele>137.7</ele>
      </trkpt>
      <trkpt lat="30.62455" lon="-96.92762">
        <ele>137.9</ele>
      </trkpt>
      <trkpt lat="30.62453" lon="-96.92761">
        <ele>137.9</ele>
      </trkpt>
      <trkpt lat="30.62413" lon="-96.92744">
        <ele>138.3</ele>
      </trkpt>
      <trkpt lat="30.62381" lon="-96.92732">
        <ele>138.8</ele>
      </trkpt>
      <trkpt lat="30.62356" lon="-96.92723">
        <ele>138.9</ele>
      </trkpt>
      <trkpt lat="30.62344" lon="-96.92718">
        <ele>138.9</ele>
      </trkpt>
      <trkpt lat="30.6233" lon="-96.92712">
        <ele>139.0</ele>
      </trkpt>
      <trkpt lat="30.62317" lon="-96.92706">
        <ele>138.9</ele>
      </trkpt>
      <trkpt lat="30.62315" lon="-96.92704">
        <ele>138.9</ele>
      </trkpt>
      <trkpt lat="30.62296" lon="-96.92697">
        <ele>138.8</ele>
      </trkpt>
      <trkpt lat="30.62258" lon="-96.9268">
        <ele>138.4</ele>
      </trkpt>
      <trkpt lat="30.62211" lon="-96.92661">
        <ele>137.6</ele>
      </trkpt>
      <trkpt lat="30.62182" lon="-96.92648">
        <ele>137.8</ele>
      </trkpt>
      <trkpt lat="30.62171" lon="-96.92643">
        <ele>138.0</ele>
      </trkpt>
      <trkpt lat="30.62099" lon="-96.92613">
        <ele>138.3</ele>
      </trkpt>
      <trkpt lat="30.62081" lon="-96.92605">
        <ele>138.8</ele>
      </trkpt>
      <trkpt lat="30.62047" lon="-96.92592">
        <ele>140.2</ele>
      </trkpt>
      <trkpt lat="30.62006" lon="-96.9257499">
        <ele>139.6</ele>
      </trkpt>
      <trkpt lat="30.61985" lon="-96.92565">
        <ele>138.7</ele>
      </trkpt>
      <trkpt lat="30.61955" lon="-96.92552">
        <ele>137.7</ele>
      </trkpt>
      <trkpt lat="30.61888" lon="-96.92524">
        <ele>136.5</ele>
      </trkpt>
      <trkpt lat="30.61878" lon="-96.9252">
        <ele>136.3</ele>
      </trkpt>
      <trkpt lat="30.61831" lon="-96.92501">
        <ele>135.1</ele>
      </trkpt>
      <trkpt lat="30.61802" lon="-96.92488">
        <ele>134.4</ele>
      </trkpt>
      <trkpt lat="30.61797" lon="-96.92486">
        <ele>134.3</ele>
      </trkpt>
      <trkpt lat="30.61782" lon="-96.9248099">
        <ele>133.9</ele>
      </trkpt>
      <trkpt lat="30.61775" lon="-96.9248099">
        <ele>133.7</ele>
      </trkpt>
      <trkpt lat="30.61767" lon="-96.92482">
        <ele>133.5</ele>
      </trkpt>
      <trkpt lat="30.61759" lon="-96.92485">
        <ele>133.4</ele>
      </trkpt>
      <trkpt lat="30.61754" lon="-96.92489">
        <ele>133.3</ele>
      </trkpt>
      <trkpt lat="30.61748" lon="-96.92496">
        <ele>133.2</ele>
      </trkpt>
      <trkpt lat="30.61744" lon="-96.92502">
        <ele>133.1</ele>
      </trkpt>
      <trkpt lat="30.61739" lon="-96.92519">
        <ele>133.2</ele>
      </trkpt>
      <trkpt lat="30.61736" lon="-96.92529">
        <ele>133.2</ele>
      </trkpt>
      <trkpt lat="30.61727" lon="-96.92555">
        <ele>132.7</ele>
      </trkpt>
      <trkpt lat="30.61711" lon="-96.92607">
        <ele>133.8</ele>
      </trkpt>
      <trkpt lat="30.61708" lon="-96.92618">
        <ele>134.0</ele>
      </trkpt>
      <trkpt lat="30.61696" lon="-96.92661">
        <ele>135.8</ele>
      </trkpt>
      <trkpt lat="30.61692" lon="-96.9266899">
        <ele>136.2</ele>
      </trkpt>
      <trkpt lat="30.61689" lon="-96.92673">
        <ele>136.3</ele>
      </trkpt>
      <trkpt lat="30.61685" lon="-96.9267799">
        <ele>136.3</ele>
      </trkpt>
      <trkpt lat="30.6168" lon="-96.9268">
        <ele>136.2</ele>
      </trkpt>
      <trkpt lat="30.61676" lon="-96.92682">
        <ele>136.2</ele>
      </trkpt>
      <trkpt lat="30.61671" lon="-96.92682">
        <ele>136.1</ele>
      </trkpt>
      <trkpt lat="30.61663" lon="-96.9268">
        <ele>136.0</ele>
      </trkpt>
      <trkpt lat="30.61644" lon="-96.92672">
        <ele>135.7</ele>
      </trkpt>
      <trkpt lat="30.61625" lon="-96.92664">
        <ele>135.6</ele>
      </trkpt>
      <trkpt lat="30.61617" lon="-96.9265999">
        <ele>135.5</ele>
      </trkpt>
      <trkpt lat="30.61609" lon="-96.92656">
        <ele>135.4</ele>
      </trkpt>
      <trkpt lat="30.61602" lon="-96.92655">
        <ele>135.4</ele>
      </trkpt>
      <trkpt lat="30.61598" lon="-96.92655">
        <ele>135.4</ele>
      </trkpt>
      <trkpt lat="30.61595" lon="-96.92656">
        <ele>135.4</ele>
      </trkpt>
      <trkpt lat="30.61592" lon="-96.92657">
        <ele>135.5</ele>
      </trkpt>
      <trkpt lat="30.61588" lon="-96.92661">
        <ele>135.6</ele>
      </trkpt>
      <trkpt lat="30.61588" lon="-96.92661">
        <ele>135.6</ele>
      </trkpt>
      <trkpt lat="30.61585" lon="-96.92675">
        <ele>135.9</ele>
      </trkpt>
      <trkpt lat="30.61581" lon="-96.9268699">
        <ele>136.2</ele>
      </trkpt>
      <trkpt lat="30.61548" lon="-96.92793">
        <ele>138.8</ele>
      </trkpt>
      <trkpt lat="30.61527" lon="-96.92863">
        <ele>140.4</ele>
      </trkpt>
      <trkpt lat="30.61493" lon="-96.9296899">
        <ele>140.1</ele>
      </trkpt>
      <trkpt lat="30.61456" lon="-96.93091">
        <ele>140.5</ele>
      </trkpt>
      <trkpt lat="30.61455" lon="-96.93098">
        <ele>140.5</ele>
      </trkpt>
      <trkpt lat="30.61456" lon="-96.93106">
        <ele>140.7</ele>
      </trkpt>
      <trkpt lat="30.61456" lon="-96.93106">
        <ele>140.7</ele>
      </trkpt>
      <trkpt lat="30.61464" lon="-96.93113">
        <ele>141.0</ele>
      </trkpt>
      <trkpt lat="30.61487" lon="-96.93124">
        <ele>141.6</ele>
      </trkpt>
      <trkpt lat="30.61507" lon="-96.93131">
        <ele>142.0</ele>
      </trkpt>
      <trkpt lat="30.61529" lon="-96.9313899">
        <ele>142.5</ele>
      </trkpt>
      <trkpt lat="30.61608" lon="-96.93173">
        <ele>143.1</ele>
      </trkpt>
      <trkpt lat="30.61646" lon="-96.93188">
        <ele>142.7</ele>
      </trkpt>
      <trkpt lat="30.61693" lon="-96.93209">
        <ele>140.6</ele>
      </trkpt>
      <trkpt lat="30.61727" lon="-96.93223">
        <ele>140.2</ele>
      </trkpt>
      <trkpt lat="30.61808" lon="-96.93259">
        <ele>141.8</ele>
      </trkpt>
      <trkpt lat="30.61811" lon="-96.9325999">
        <ele>141.9</ele>
      </trkpt>
      <trkpt lat="30.61912" lon="-96.93304">
        <ele>143.6</ele>
      </trkpt>
      <trkpt lat="30.61995" lon="-96.9334">
        <ele>144.1</ele>
      </trkpt>
      <trkpt lat="30.62058" lon="-96.93369">
        <ele>144.5</ele>
      </trkpt>
      <trkpt lat="30.6208" lon="-96.93378">
        <ele>144.7</ele>
      </trkpt>
      <trkpt lat="30.62117" lon="-96.93394">
        <ele>145.2</ele>
      </trkpt>
      <trkpt lat="30.62123" lon="-96.93397">
        <ele>145.3</ele>
      </trkpt>
      <trkpt lat="30.62129" lon="-96.93402">
        <ele>145.3</ele>
      </trkpt>
      <trkpt lat="30.62129" lon="-96.93402">
        <ele>145.3</ele>
      </trkpt>
      <trkpt lat="30.62163" lon="-96.93415">
        <ele>145.5</ele>
      </trkpt>
      <trkpt lat="30.62182" lon="-96.93424">
        <ele>145.7</ele>
      </trkpt>
      <trkpt lat="30.62255" lon="-96.93456">
        <ele>147.2</ele>
      </trkpt>
      <trkpt lat="30.62366" lon="-96.93505">
        <ele>148.9</ele>
      </trkpt>
      <trkpt lat="30.62431" lon="-96.93532">
        <ele>149.8</ele>
      </trkpt>
      <trkpt lat="30.62513" lon="-96.93566">
        <ele>150.9</ele>
      </trkpt>
      <trkpt lat="30.62547" lon="-96.9358">
        <ele>152.0</ele>
      </trkpt>
      <trkpt lat="30.62611" lon="-96.93607">
        <ele>153.1</ele>
      </trkpt>
      <trkpt lat="30.62611" lon="-96.93607">
        <ele>153.1</ele>
      </trkpt>
      <trkpt lat="30.62679" lon="-96.9363599">
        <ele>153.9</ele>
      </trkpt>
      <trkpt lat="30.62767" lon="-96.93673">
        <ele>153.3</ele>
      </trkpt>
      <trkpt lat="30.62813" lon="-96.93695">
        <ele>152.3</ele>
      </trkpt>
      <trkpt lat="30.6283" lon="-96.9370299">
        <ele>151.9</ele>
      </trkpt>
      <trkpt lat="30.62914" lon="-96.9374">
        <ele>151.1</ele>
      </trkpt>
      <trkpt lat="30.62964" lon="-96.93764">
        <ele>150.3</ele>
      </trkpt>
      <trkpt lat="30.63014" lon="-96.93787">
        <ele>151.7</ele>
      </trkpt>
      <trkpt lat="30.63026" lon="-96.93792">
        <ele>151.9</ele>
      </trkpt>
      <trkpt lat="30.63083" lon="-96.93819">
        <ele>153.2</ele>
      </trkpt>
      <trkpt lat="30.63098" lon="-96.93825">
        <ele>153.3</ele>
      </trkpt>
      <trkpt lat="30.6311" lon="-96.93831">
        <ele>153.5</ele>
      </trkpt>
      <trkpt lat="30.63132" lon="-96.9384">
        <ele>153.5</ele>
      </trkpt>
      <trkpt lat="30.63144" lon="-96.93845">
        <ele>153.5</ele>
      </trkpt>
      <trkpt lat="30.63178" lon="-96.93859">
        <ele>153.5</ele>
      </trkpt>
      <trkpt lat="30.63182" lon="-96.93861">
        <ele>153.5</ele>
      </trkpt>
      <trkpt lat="30.63268" lon="-96.93894">
        <ele>151.7</ele>
      </trkpt>
      <trkpt lat="30.63319" lon="-96.93914">
        <ele>150.8</ele>
      </trkpt>
      <trkpt lat="30.6332" lon="-96.93915">
        <ele>150.8</ele>
      </trkpt>
      <trkpt lat="30.63524" lon="-96.93997">
        <ele>152.1</ele>
      </trkpt>
      <trkpt lat="30.63589" lon="-96.94022">
        <ele>153.2</ele>
      </trkpt>
      <trkpt lat="30.63654" lon="-96.9404799">
        <ele>153.2</ele>
      </trkpt>
      <trkpt lat="30.63676" lon="-96.9405699">
        <ele>152.9</ele>
      </trkpt>
      <trkpt lat="30.63694" lon="-96.94065">
        <ele>152.5</ele>
      </trkpt>
      <trkpt lat="30.63777" lon="-96.941">
        <ele>148.5</ele>
      </trkpt>
      <trkpt lat="30.63778" lon="-96.94101">
        <ele>148.5</ele>
      </trkpt>
      <trkpt lat="30.63828" lon="-96.94122">
        <ele>146.2</ele>
      </trkpt>
      <trkpt lat="30.63845" lon="-96.9413">
        <ele>146.1</ele>
      </trkpt>
      <trkpt lat="30.63895" lon="-96.94153">
        <ele>148.5</ele>
      </trkpt>
      <trkpt lat="30.63938" lon="-96.94172">
        <ele>150.2</ele>
      </trkpt>
      <trkpt lat="30.63976" lon="-96.94189">
        <ele>151.6</ele>
      </trkpt>
      <trkpt lat="30.63979" lon="-96.9419">
        <ele>151.7</ele>
      </trkpt>
      <trkpt lat="30.64022" lon="-96.9420899">
        <ele>152.0</ele>
      </trkpt>
      <trkpt lat="30.64063" lon="-96.94226">
        <ele>151.9</ele>
      </trkpt>
      <trkpt lat="30.64063" lon="-96.9422699">
        <ele>151.9</ele>
      </trkpt>
      <trkpt lat="30.64093" lon="-96.94239">
        <ele>151.5</ele>
      </trkpt>
      <trkpt lat="30.64097" lon="-96.94241">
        <ele>151.4</ele>
      </trkpt>
      <trkpt lat="30.64136" lon="-96.94257">
        <ele>149.7</ele>
      </trkpt>
      <trkpt lat="30.64193" lon="-96.94282">
        <ele>148.5</ele>
      </trkpt>
      <trkpt lat="30.64219" lon="-96.94293">
        <ele>147.6</ele>
      </trkpt>
      <trkpt lat="30.64232" lon="-96.94298">
        <ele>147.1</ele>
      </trkpt>
      <trkpt lat="30.64254" lon="-96.94308">
        <ele>146.9</ele>
      </trkpt>
      <trkpt lat="30.64303" lon="-96.94328">
        <ele>145.7</ele>
      </trkpt>
      <trkpt lat="30.64317" lon="-96.94334">
        <ele>145.4</ele>
      </trkpt>
      <trkpt lat="30.64349" lon="-96.94347">
        <ele>144.6</ele>
      </trkpt>
      <trkpt lat="30.64349" lon="-96.94347">
        <ele>144.6</ele>
      </trkpt>
      <trkpt lat="30.64385" lon="-96.94362">
        <ele>144.1</ele>
      </trkpt>
      <trkpt lat="30.64442" lon="-96.94385">
        <ele>143.4</ele>
      </trkpt>
      <trkpt lat="30.64457" lon="-96.94391">
        <ele>143.3</ele>
      </trkpt>
      <trkpt lat="30.64473" lon="-96.94402">
        <ele>143.5</ele>
      </trkpt>
      <trkpt lat="30.64473" lon="-96.94402">
        <ele>143.5</ele>
      </trkpt>
      <trkpt lat="30.64449" lon="-96.94425">
        <ele>143.5</ele>
      </trkpt>
      <trkpt lat="30.64391" lon="-96.94597">
        <ele>143.8</ele>
      </trkpt>
      <trkpt lat="30.6437" lon="-96.9466">
        <ele>143.8</ele>
      </trkpt>
      <trkpt lat="30.64341" lon="-96.94754">
        <ele>140.4</ele>
      </trkpt>
      <trkpt lat="30.64285" lon="-96.94936">
        <ele>144.8</ele>
      </trkpt>
      <trkpt lat="30.64273" lon="-96.94971">
        <ele>145.4</ele>
      </trkpt>
      <trkpt lat="30.64228" lon="-96.95107">
        <ele>145.4</ele>
      </trkpt>
      <trkpt lat="30.64158" lon="-96.95323">
        <ele>145.9</ele>
      </trkpt>
      <trkpt lat="30.64132" lon="-96.95401">
        <ele>144.6</ele>
      </trkpt>
      <trkpt lat="30.64099" lon="-96.955">
        <ele>141.2</ele>
      </trkpt>
      <trkpt lat="30.64088" lon="-96.95539">
        <ele>139.6</ele>
      </trkpt>
      <trkpt lat="30.64069" lon="-96.9560599">
        <ele>138.9</ele>
      </trkpt>
      <trkpt lat="30.6407" lon="-96.9561499">
        <ele>139.0</ele>
      </trkpt>
      <trkpt lat="30.6408" lon="-96.95636">
        <ele>139.5</ele>
      </trkpt>
      <trkpt lat="30.64148" lon="-96.95777">
        <ele>140.5</ele>
      </trkpt>
      <trkpt lat="30.6415" lon="-96.95783">
        <ele>140.5</ele>
      </trkpt>
      <trkpt lat="30.64156" lon="-96.9580299">
        <ele>140.3</ele>
      </trkpt>
      <trkpt lat="30.64156" lon="-96.9582">
        <ele>140.2</ele>
      </trkpt>
      <trkpt lat="30.64152" lon="-96.95837">
        <ele>140.7</ele>
      </trkpt>
      <trkpt lat="30.64113" lon="-96.95961">
        <ele>145.3</ele>
      </trkpt>
      <trkpt lat="30.64047" lon="-96.96167">
        <ele>152.7</ele>
      </trkpt>
      <trkpt lat="30.64047" lon="-96.96167">
        <ele>152.7</ele>
      </trkpt>
      <trkpt lat="30.6404" lon="-96.96158">
        <ele>152.5</ele>
      </trkpt>
      <trkpt lat="30.6403" lon="-96.96146">
        <ele>152.3</ele>
      </trkpt>
      <trkpt lat="30.64024" lon="-96.96135">
        <ele>152.0</ele>
      </trkpt>
      <trkpt lat="30.64024" lon="-96.96134">
        <ele>152.0</ele>
      </trkpt>
      <trkpt lat="30.64004" lon="-96.96098">
        <ele>151.2</ele>
      </trkpt>
      <trkpt lat="30.63984" lon="-96.96062">
        <ele>150.4</ele>
      </trkpt>
      <trkpt lat="30.63974" lon="-96.9605">
        <ele>150.3</ele>
      </trkpt>
      <trkpt lat="30.63973" lon="-96.9604899">
        <ele>150.3</ele>
      </trkpt>
      <trkpt lat="30.63964" lon="-96.9604">
        <ele>150.1</ele>
      </trkpt>
      <trkpt lat="30.63905" lon="-96.9599">
        <ele>149.3</ele>
      </trkpt>
      <trkpt lat="30.63885" lon="-96.95977">
        <ele>148.8</ele>
      </trkpt>
      <trkpt lat="30.63868" lon="-96.95965">
        <ele>148.3</ele>
      </trkpt>
      <trkpt lat="30.63825" lon="-96.95944">
        <ele>146.9</ele>
      </trkpt>
      <trkpt lat="30.63796" lon="-96.95932">
        <ele>146.0</ele>
      </trkpt>
      <trkpt lat="30.63786" lon="-96.95928">
        <ele>145.8</ele>
      </trkpt>
      <trkpt lat="30.6369" lon="-96.95887">
        <ele>143.8</ele>
      </trkpt>
      <trkpt lat="30.6369" lon="-96.95887">
        <ele>143.8</ele>
      </trkpt>
      <trkpt lat="30.63651" lon="-96.9586999">
        <ele>143.5</ele>
      </trkpt>
      <trkpt lat="30.63549" lon="-96.95827">
        <ele>142.1</ele>
      </trkpt>
      <trkpt lat="30.63245" lon="-96.95698">
        <ele>132.6</ele>
      </trkpt>
      <trkpt lat="30.63211" lon="-96.95684">
        <ele>132.4</ele>
      </trkpt>
      <trkpt lat="30.6311" lon="-96.95641">
        <ele>135.4</ele>
      </trkpt>
      <trkpt lat="30.62958" lon="-96.95576">
        <ele>136.3</ele>
      </trkpt>
      <trkpt lat="30.62907" lon="-96.95555">
        <ele>136.6</ele>
      </trkpt>
      <trkpt lat="30.62893" lon="-96.95549">
        <ele>136.8</ele>
      </trkpt>
      <trkpt lat="30.62772" lon="-96.95498">
        <ele>137.1</ele>
      </trkpt>
      <trkpt lat="30.6275" lon="-96.95489">
        <ele>137.8</ele>
      </trkpt>
      <trkpt lat="30.62654" lon="-96.95448">
        <ele>143.5</ele>
      </trkpt>
      <trkpt lat="30.62639" lon="-96.95442">
        <ele>143.9</ele>
      </trkpt>
      <trkpt lat="30.62603" lon="-96.95426">
        <ele>143.8</ele>
      </trkpt>
      <trkpt lat="30.62581" lon="-96.95415">
        <ele>144.3</ele>
      </trkpt>
      <trkpt lat="30.62536" lon="-96.95397">
        <ele>144.4</ele>
      </trkpt>
      <trkpt lat="30.624" lon="-96.9534">
        <ele>143.6</ele>
      </trkpt>
      <trkpt lat="30.62316" lon="-96.95304">
        <ele>144.2</ele>
      </trkpt>
      <trkpt lat="30.62286" lon="-96.95292">
        <ele>144.1</ele>
      </trkpt>
      <trkpt lat="30.622" lon="-96.95255">
        <ele>143.2</ele>
      </trkpt>
      <trkpt lat="30.62123" lon="-96.9522099">
        <ele>141.3</ele>
      </trkpt>
      <trkpt lat="30.62096" lon="-96.9521">
        <ele>141.1</ele>
      </trkpt>
      <trkpt lat="30.62065" lon="-96.95197">
        <ele>140.6</ele>
      </trkpt>
      <trkpt lat="30.62011" lon="-96.95174">
        <ele>139.1</ele>
      </trkpt>
      <trkpt lat="30.61944" lon="-96.95146">
        <ele>137.2</ele>
      </trkpt>
      <trkpt lat="30.61894" lon="-96.95124">
        <ele>137.6</ele>
      </trkpt>
      <trkpt lat="30.61809" lon="-96.95088">
        <ele>140.5</ele>
      </trkpt>
      <trkpt lat="30.61778" lon="-96.95075">
        <ele>142.5</ele>
      </trkpt>
      <trkpt lat="30.6176" lon="-96.95067">
        <ele>143.2</ele>
      </trkpt>
      <trkpt lat="30.61741" lon="-96.9506">
        <ele>143.9</ele>
      </trkpt>
      <trkpt lat="30.61734" lon="-96.95058">
        <ele>144.1</ele>
      </trkpt>
      <trkpt lat="30.61725" lon="-96.95058">
        <ele>144.4</ele>
      </trkpt>
      <trkpt lat="30.61718" lon="-96.95059">
        <ele>144.6</ele>
      </trkpt>
      <trkpt lat="30.61709" lon="-96.95061">
        <ele>144.9</ele>
      </trkpt>
      <trkpt lat="30.61706" lon="-96.9506">
        <ele>145.0</ele>
      </trkpt>
      <trkpt lat="30.617" lon="-96.9506">
        <ele>145.3</ele>
      </trkpt>
      <trkpt lat="30.61691" lon="-96.95059">
        <ele>145.6</ele>
      </trkpt>
      <trkpt lat="30.61687" lon="-96.95057">
        <ele>145.7</ele>
      </trkpt>
      <trkpt lat="30.6168" lon="-96.95053">
        <ele>145.9</ele>
      </trkpt>
      <trkpt lat="30.61673" lon="-96.95049">
        <ele>146.1</ele>
      </trkpt>
      <trkpt lat="30.61668" lon="-96.95044">
        <ele>146.2</ele>
      </trkpt>
      <trkpt lat="30.61659" lon="-96.95036">
        <ele>146.5</ele>
      </trkpt>
      <trkpt lat="30.61639" lon="-96.95016">
        <ele>147.1</ele>
      </trkpt>
      <trkpt lat="30.61626" lon="-96.95001">
        <ele>147.4</ele>
      </trkpt>
      <trkpt lat="30.61608" lon="-96.9498">
        <ele>147.9</ele>
      </trkpt>
      <trkpt lat="30.61608" lon="-96.9498">
        <ele>147.9</ele>
      </trkpt>
      <trkpt lat="30.61576" lon="-96.95074">
        <ele>146.1</ele>
      </trkpt>
      <trkpt lat="30.61547" lon="-96.95162">
        <ele>143.0</ele>
      </trkpt>
      <trkpt lat="30.61535" lon="-96.9519">
        <ele>142.2</ele>
      </trkpt>
      <trkpt lat="30.61535" lon="-96.9519">
        <ele>142.2</ele>
      </trkpt>
      <trkpt lat="30.61564" lon="-96.95215">
        <ele>142.3</ele>
      </trkpt>
      <trkpt lat="30.61595" lon="-96.95247">
        <ele>141.3</ele>
      </trkpt>
      <trkpt lat="30.61604" lon="-96.95257">
        <ele>140.9</ele>
      </trkpt>
      <trkpt lat="30.61621" lon="-96.95274">
        <ele>140.3</ele>
      </trkpt>
      <trkpt lat="30.61648" lon="-96.95312">
        <ele>138.8</ele>
      </trkpt>
      <trkpt lat="30.61665" lon="-96.95342">
        <ele>138.1</ele>
      </trkpt>
      <trkpt lat="30.61678" lon="-96.95374">
        <ele>138.7</ele>
      </trkpt>
      <trkpt lat="30.61697" lon="-96.95428">
        <ele>140.3</ele>
      </trkpt>
      <trkpt lat="30.61725" lon="-96.95501">
        <ele>141.2</ele>
      </trkpt>
      <trkpt lat="30.61728" lon="-96.95508">
        <ele>141.2</ele>
      </trkpt>
      <trkpt lat="30.61743" lon="-96.9554">
        <ele>140.8</ele>
      </trkpt>
      <trkpt lat="30.61745" lon="-96.95545">
        <ele>140.7</ele>
      </trkpt>
      <trkpt lat="30.6176" lon="-96.9558">
        <ele>140.2</ele>
      </trkpt>
      <trkpt lat="30.61789" lon="-96.9564">
        <ele>136.4</ele>
      </trkpt>
      <trkpt lat="30.61803" lon="-96.95675">
        <ele>134.7</ele>
      </trkpt>
      <trkpt lat="30.61806" lon="-96.95683">
        <ele>134.5</ele>
      </trkpt>
      <trkpt lat="30.61813" lon="-96.95716">
        <ele>133.7</ele>
      </trkpt>
      <trkpt lat="30.61815" lon="-96.95742">
        <ele>132.9</ele>
      </trkpt>
      <trkpt lat="30.61818" lon="-96.95765">
        <ele>132.2</ele>
      </trkpt>
      <trkpt lat="30.61818" lon="-96.95777">
        <ele>132.0</ele>
      </trkpt>
      <trkpt lat="30.61819" lon="-96.95788">
        <ele>131.8</ele>
      </trkpt>
      <trkpt lat="30.61824" lon="-96.95818">
        <ele>132.2</ele>
      </trkpt>
      <trkpt lat="30.61826" lon="-96.95831">
        <ele>132.5</ele>
      </trkpt>
      <trkpt lat="30.61833" lon="-96.95859">
        <ele>133.2</ele>
      </trkpt>
      <trkpt lat="30.61834" lon="-96.95866">
        <ele>133.3</ele>
      </trkpt>
      <trkpt lat="30.61854" lon="-96.95914">
        <ele>134.7</ele>
      </trkpt>
      <trkpt lat="30.61868" lon="-96.95937">
        <ele>135.3</ele>
      </trkpt>
      <trkpt lat="30.61885" lon="-96.95956">
        <ele>136.7</ele>
      </trkpt>
      <trkpt lat="30.61891" lon="-96.95962">
        <ele>137.0</ele>
      </trkpt>
      <trkpt lat="30.61904" lon="-96.95974">
        <ele>137.5</ele>
      </trkpt>
      <trkpt lat="30.61934" lon="-96.96001">
        <ele>138.8</ele>
      </trkpt>
      <trkpt lat="30.61942" lon="-96.9600899">
        <ele>139.1</ele>
      </trkpt>
      <trkpt lat="30.61957" lon="-96.96032">
        <ele>139.4</ele>
      </trkpt>
      <trkpt lat="30.61961" lon="-96.9604">
        <ele>139.3</ele>
      </trkpt>
      <trkpt lat="30.61981" lon="-96.9608499">
        <ele>137.6</ele>
      </trkpt>
      <trkpt lat="30.6199" lon="-96.96106">
        <ele>137.0</ele>
      </trkpt>
      <trkpt lat="30.62" lon="-96.96131">
        <ele>136.2</ele>
      </trkpt>
      <trkpt lat="30.62007" lon="-96.9614299">
        <ele>135.9</ele>
      </trkpt>
      <trkpt lat="30.62018" lon="-96.96166">
        <ele>135.1</ele>
      </trkpt>
      <trkpt lat="30.62037" lon="-96.96191">
        <ele>134.5</ele>
      </trkpt>
      <trkpt lat="30.62066" lon="-96.96216">
        <ele>134.3</ele>
      </trkpt>
      <trkpt lat="30.62108" lon="-96.96237">
        <ele>134.3</ele>
      </trkpt>
      <trkpt lat="30.62152" lon="-96.9625499">
        <ele>133.9</ele>
      </trkpt>
      <trkpt lat="30.62181" lon="-96.96267">
        <ele>133.6</ele>
      </trkpt>
      <trkpt lat="30.62247" lon="-96.96295">
        <ele>131.8</ele>
      </trkpt>
      <trkpt lat="30.62254" lon="-96.96298">
        <ele>131.6</ele>
      </trkpt>
      <trkpt lat="30.62304" lon="-96.96321">
        <ele>129.8</ele>
      </trkpt>
      <trkpt lat="30.62309" lon="-96.96323">
        <ele>129.6</ele>
      </trkpt>
      <trkpt lat="30.62353" lon="-96.96333">
        <ele>128.3</ele>
      </trkpt>
      <trkpt lat="30.62378" lon="-96.96343">
        <ele>128.2</ele>
      </trkpt>
      <trkpt lat="30.62427" lon="-96.9634899">
        <ele>129.1</ele>
      </trkpt>
      <trkpt lat="30.62445" lon="-96.96352">
        <ele>130.3</ele>
      </trkpt>
      <trkpt lat="30.62497" lon="-96.96362">
        <ele>130.9</ele>
      </trkpt>
      <trkpt lat="30.62551" lon="-96.96372">
        <ele>131.0</ele>
      </trkpt>
      <trkpt lat="30.62562" lon="-96.96374">
        <ele>130.9</ele>
      </trkpt>
      <trkpt lat="30.62606" lon="-96.96381">
        <ele>130.9</ele>
      </trkpt>
      <trkpt lat="30.62606" lon="-96.96381">
        <ele>130.9</ele>
      </trkpt>
      <trkpt lat="30.62617" lon="-96.96363">
        <ele>131.1</ele>
      </trkpt>
      <trkpt lat="30.62708" lon="-96.96355">
        <ele>131.7</ele>
      </trkpt>
      <trkpt lat="30.62762" lon="-96.96352">
        <ele>132.4</ele>
      </trkpt>
      <trkpt lat="30.62899" lon="-96.9638">
        <ele>134.7</ele>
      </trkpt>
      <trkpt lat="30.63031" lon="-96.9642">
        <ele>135.9</ele>
      </trkpt>
      <trkpt lat="30.63104" lon="-96.96442">
        <ele>136.8</ele>
      </trkpt>
      <trkpt lat="30.63134" lon="-96.96454">
        <ele>136.9</ele>
      </trkpt>
      <trkpt lat="30.63259" lon="-96.9650599">
        <ele>139.8</ele>
      </trkpt>
      <trkpt lat="30.63277" lon="-96.96517">
        <ele>139.9</ele>
      </trkpt>
      <trkpt lat="30.63277" lon="-96.96517">
        <ele>139.9</ele>
      </trkpt>
      <trkpt lat="30.63346" lon="-96.96558">
        <ele>139.1</ele>
      </trkpt>
      <trkpt lat="30.63349" lon="-96.9656">
        <ele>139.2</ele>
      </trkpt>
      <trkpt lat="30.63378" lon="-96.96587">
        <ele>139.8</ele>
      </trkpt>
      <trkpt lat="30.63385" lon="-96.96605">
        <ele>139.9</ele>
      </trkpt>
      <trkpt lat="30.63393" lon="-96.96627">
        <ele>140.3</ele>
      </trkpt>
      <trkpt lat="30.63406" lon="-96.96655">
        <ele>141.4</ele>
      </trkpt>
      <trkpt lat="30.63459" lon="-96.96687">
        <ele>140.9</ele>
      </trkpt>
      <trkpt lat="30.63504" lon="-96.96714">
        <ele>141.4</ele>
      </trkpt>
      <trkpt lat="30.63661" lon="-96.96774">
        <ele>142.8</ele>
      </trkpt>
      <trkpt lat="30.63665" lon="-96.96776">
        <ele>142.8</ele>
      </trkpt>
      <trkpt lat="30.63712" lon="-96.96795">
        <ele>144.4</ele>
      </trkpt>
      <trkpt lat="30.63831" lon="-96.96843">
        <ele>146.7</ele>
      </trkpt>
      <trkpt lat="30.63831" lon="-96.96843">
        <ele>146.7</ele>
      </trkpt>
      <trkpt lat="30.63809" lon="-96.96923">
        <ele>147.4</ele>
      </trkpt>
      <trkpt lat="30.63798" lon="-96.96963">
        <ele>148.5</ele>
      </trkpt>
      <trkpt lat="30.63782" lon="-96.97023">
        <ele>149.9</ele>
      </trkpt>
      <trkpt lat="30.63776" lon="-96.97046">
        <ele>150.3</ele>
      </trkpt>
      <trkpt lat="30.63774" lon="-96.97063">
        <ele>150.5</ele>
      </trkpt>
      <trkpt lat="30.63772" lon="-96.97075">
        <ele>150.5</ele>
      </trkpt>
      <trkpt lat="30.63788" lon="-96.971">
        <ele>150.6</ele>
      </trkpt>
      <trkpt lat="30.63848" lon="-96.97199">
        <ele>146.3</ele>
      </trkpt>
      <trkpt lat="30.6385" lon="-96.97202">
        <ele>146.1</ele>
      </trkpt>
      <trkpt lat="30.63868" lon="-96.9722">
        <ele>145.1</ele>
      </trkpt>
      <trkpt lat="30.63895" lon="-96.97237">
        <ele>143.9</ele>
      </trkpt>
      <trkpt lat="30.63922" lon="-96.97254">
        <ele>143.1</ele>
      </trkpt>
      <trkpt lat="30.63984" lon="-96.97279">
        <ele>143.9</ele>
      </trkpt>
      <trkpt lat="30.63995" lon="-96.97283">
        <ele>143.8</ele>
      </trkpt>
      <trkpt lat="30.64096" lon="-96.97326">
        <ele>141.8</ele>
      </trkpt>
      <trkpt lat="30.64138" lon="-96.97344">
        <ele>141.8</ele>
      </trkpt>
      <trkpt lat="30.64248" lon="-96.9739">
        <ele>145.6</ele>
      </trkpt>
      <trkpt lat="30.64299" lon="-96.97411">
        <ele>147.3</ele>
      </trkpt>
      <trkpt lat="30.64401" lon="-96.97453">
        <ele>151.2</ele>
      </trkpt>
      <trkpt lat="30.64452" lon="-96.97474">
        <ele>152.4</ele>
      </trkpt>
      <trkpt lat="30.64486" lon="-96.97487">
        <ele>152.4</ele>
      </trkpt>
      <trkpt lat="30.64536" lon="-96.97508">
        <ele>151.7</ele>
      </trkpt>
      <trkpt lat="30.6474" lon="-96.97592">
        <ele>143.0</ele>
      </trkpt>
      <trkpt lat="30.64791" lon="-96.97613">
        <ele>142.2</ele>
      </trkpt>
      <trkpt lat="30.64859" lon="-96.97641">
        <ele>142.4</ele>
      </trkpt>
      <trkpt lat="30.64909" lon="-96.97662">
        <ele>142.9</ele>
      </trkpt>
      <trkpt lat="30.64926" lon="-96.97669">
        <ele>143.2</ele>
      </trkpt>
      <trkpt lat="30.6496" lon="-96.97683">
        <ele>144.1</ele>
      </trkpt>
      <trkpt lat="30.64973" lon="-96.97688">
        <ele>144.5</ele>
      </trkpt>
      <trkpt lat="30.65011" lon="-96.97704">
        <ele>145.5</ele>
      </trkpt>
      <trkpt lat="30.65045" lon="-96.97717">
        <ele>146.4</ele>
      </trkpt>
      <trkpt lat="30.6513" lon="-96.97752">
        <ele>148.8</ele>
      </trkpt>
      <trkpt lat="30.65147" lon="-96.97759">
        <ele>149.3</ele>
      </trkpt>
      <trkpt lat="30.65175" lon="-96.9777">
        <ele>149.7</ele>
      </trkpt>
      <trkpt lat="30.65175" lon="-96.9777">
        <ele>149.7</ele>
      </trkpt>
      <trkpt lat="30.65207" lon="-96.97673">
        <ele>148.0</ele>
      </trkpt>
      <trkpt lat="30.65246" lon="-96.97556">
        <ele>149.3</ele>
      </trkpt>
      <trkpt lat="30.65266" lon="-96.97497">
        <ele>149.9</ele>
      </trkpt>
      <trkpt lat="30.65272" lon="-96.97478">
        <ele>149.9</ele>
      </trkpt>
      <trkpt lat="30.65279" lon="-96.97458">
        <ele>149.8</ele>
      </trkpt>
      <trkpt lat="30.65285" lon="-96.97439">
        <ele>149.8</ele>
      </trkpt>
      <trkpt lat="30.65307" lon="-96.97375">
        <ele>149.2</ele>
      </trkpt>
      <trkpt lat="30.65323" lon="-96.97321">
        <ele>149.2</ele>
      </trkpt>
      <trkpt lat="30.6534" lon="-96.97266">
        <ele>150.7</ele>
      </trkpt>
      <trkpt lat="30.6533" lon="-96.97221">
        <ele>151.3</ele>
      </trkpt>
      <trkpt lat="30.65325" lon="-96.97201">
        <ele>151.2</ele>
      </trkpt>
      <trkpt lat="30.65321" lon="-96.97181">
        <ele>151.1</ele>
      </trkpt>
      <trkpt lat="30.65313" lon="-96.9714599">
        <ele>150.8</ele>
      </trkpt>
      <trkpt lat="30.65308" lon="-96.97126">
        <ele>150.5</ele>
      </trkpt>
      <trkpt lat="30.65281" lon="-96.9702">
        <ele>148.8</ele>
      </trkpt>
      <trkpt lat="30.65276" lon="-96.97">
        <ele>149.0</ele>
      </trkpt>
      <trkpt lat="30.65251" lon="-96.96899">
        <ele>150.3</ele>
      </trkpt>
      <trkpt lat="30.65241" lon="-96.96859">
        <ele>150.9</ele>
      </trkpt>
      <trkpt lat="30.65201" lon="-96.96699">
        <ele>152.1</ele>
      </trkpt>
      <trkpt lat="30.65196" lon="-96.96679">
        <ele>152.3</ele>
      </trkpt>
      <trkpt lat="30.65151" lon="-96.96498">
        <ele>155.4</ele>
      </trkpt>
      <trkpt lat="30.65145" lon="-96.96478">
        <ele>155.6</ele>
      </trkpt>
      <trkpt lat="30.6514" lon="-96.96458">
        <ele>155.7</ele>
      </trkpt>
      <trkpt lat="30.6513" lon="-96.96418">
        <ele>155.8</ele>
      </trkpt>
      <trkpt lat="30.65125" lon="-96.96398">
        <ele>155.8</ele>
      </trkpt>
      <trkpt lat="30.65105" lon="-96.96317">
        <ele>155.7</ele>
      </trkpt>
      <trkpt lat="30.651" lon="-96.96297">
        <ele>155.7</ele>
      </trkpt>
      <trkpt lat="30.65092" lon="-96.96265">
        <ele>155.8</ele>
      </trkpt>
      <trkpt lat="30.6509" lon="-96.96257">
        <ele>155.8</ele>
      </trkpt>
      <trkpt lat="30.65079" lon="-96.96216">
        <ele>155.8</ele>
      </trkpt>
      <trkpt lat="30.65074" lon="-96.9616099">
        <ele>156.0</ele>
      </trkpt>
      <trkpt lat="30.65074" lon="-96.96114">
        <ele>156.2</ele>
      </trkpt>
      <trkpt lat="30.6508" lon="-96.96069">
        <ele>156.2</ele>
      </trkpt>
      <trkpt lat="30.65085" lon="-96.96052">
        <ele>156.2</ele>
      </trkpt>
      <trkpt lat="30.65099" lon="-96.96005">
        <ele>155.5</ele>
      </trkpt>
      <trkpt lat="30.6512" lon="-96.95933">
        <ele>154.4</ele>
      </trkpt>
      <trkpt lat="30.65126" lon="-96.95913">
        <ele>154.1</ele>
      </trkpt>
      <trkpt lat="30.65132" lon="-96.95894">
        <ele>153.8</ele>
      </trkpt>
      <trkpt lat="30.65149" lon="-96.95834">
        <ele>152.9</ele>
      </trkpt>
      <trkpt lat="30.65173" lon="-96.95755">
        <ele>151.2</ele>
      </trkpt>
      <trkpt lat="30.65179" lon="-96.95736">
        <ele>150.9</ele>
      </trkpt>
      <trkpt lat="30.65212" lon="-96.9562399">
        <ele>151.1</ele>
      </trkpt>
      <trkpt lat="30.65225" lon="-96.95577">
        <ele>152.8</ele>
      </trkpt>
      <trkpt lat="30.65253" lon="-96.9547599">
        <ele>153.8</ele>
      </trkpt>
      <trkpt lat="30.65261" lon="-96.95408">
        <ele>153.8</ele>
      </trkpt>
      <trkpt lat="30.65257" lon="-96.95241">
        <ele>150.4</ele>
      </trkpt>
      <trkpt lat="30.65257" lon="-96.95238">
        <ele>150.3</ele>
      </trkpt>
      <trkpt lat="30.65253" lon="-96.95179">
        <ele>152.7</ele>
      </trkpt>
      <trkpt lat="30.65249" lon="-96.9511799">
        <ele>153.7</ele>
      </trkpt>
      <trkpt lat="30.65242" lon="-96.95092">
        <ele>153.7</ele>
      </trkpt>
      <trkpt lat="30.65235" lon="-96.95079">
        <ele>153.7</ele>
      </trkpt>
      <trkpt lat="30.65202" lon="-96.9501">
        <ele>153.3</ele>
      </trkpt>
      <trkpt lat="30.6517" lon="-96.94954">
        <ele>151.5</ele>
      </trkpt>
      <trkpt lat="30.65154" lon="-96.94926">
        <ele>150.8</ele>
      </trkpt>
      <trkpt lat="30.65133" lon="-96.94901">
        <ele>151.6</ele>
      </trkpt>
      <trkpt lat="30.65115" lon="-96.9488">
        <ele>152.0</ele>
      </trkpt>
      <trkpt lat="30.65078" lon="-96.94854">
        <ele>152.1</ele>
      </trkpt>
      <trkpt lat="30.65078" lon="-96.94854">
        <ele>152.1</ele>
      </trkpt>
      <trkpt lat="30.65082" lon="-96.94801">
        <ele>152.1</ele>
      </trkpt>
      <trkpt lat="30.65096" lon="-96.94714">
        <ele>153.2</ele>
      </trkpt>
      <trkpt lat="30.65108" lon="-96.94634">
        <ele>154.3</ele>
      </trkpt>
      <trkpt lat="30.65122" lon="-96.94569">
        <ele>155.0</ele>
      </trkpt>
      <trkpt lat="30.65136" lon="-96.94532">
        <ele>155.4</ele>
      </trkpt>
      <trkpt lat="30.65142" lon="-96.94514">
        <ele>155.6</ele>
      </trkpt>
      <trkpt lat="30.65167" lon="-96.94461">
        <ele>155.0</ele>
      </trkpt>
      <trkpt lat="30.65196" lon="-96.9441499">
        <ele>153.8</ele>
      </trkpt>
      <trkpt lat="30.65219" lon="-96.94385">
        <ele>154.0</ele>
      </trkpt>
      <trkpt lat="30.65227" lon="-96.94377">
        <ele>154.2</ele>
      </trkpt>
      <trkpt lat="30.65269" lon="-96.94336">
        <ele>154.9</ele>
      </trkpt>
      <trkpt lat="30.65314" lon="-96.94304">
        <ele>155.0</ele>
      </trkpt>
      <trkpt lat="30.65315" lon="-96.9430299">
        <ele>155.0</ele>
      </trkpt>
      <trkpt lat="30.65331" lon="-96.94293">
        <ele>155.0</ele>
      </trkpt>
      <trkpt lat="30.65426" lon="-96.94233">
        <ele>156.0</ele>
      </trkpt>
      <trkpt lat="30.65441" lon="-96.94221">
        <ele>156.0</ele>
      </trkpt>
      <trkpt lat="30.65489" lon="-96.94185">
        <ele>156.0</ele>
      </trkpt>
      <trkpt lat="30.6551" lon="-96.9411">
        <ele>155.9</ele>
      </trkpt>
      <trkpt lat="30.65525" lon="-96.94061">
        <ele>155.5</ele>
      </trkpt>
      <trkpt lat="30.65531" lon="-96.94041">
        <ele>155.4</ele>
      </trkpt>
      <trkpt lat="30.65544" lon="-96.94002">
        <ele>155.1</ele>
      </trkpt>
      <trkpt lat="30.6558" lon="-96.93884">
        <ele>155.0</ele>
      </trkpt>
      <trkpt lat="30.65586" lon="-96.93864">
        <ele>154.9</ele>
      </trkpt>
      <trkpt lat="30.65622" lon="-96.93746">
        <ele>154.7</ele>
      </trkpt>
      <trkpt lat="30.6567" lon="-96.93588">
        <ele>152.9</ele>
      </trkpt>
      <trkpt lat="30.65713" lon="-96.93451">
        <ele>151.5</ele>
      </trkpt>
      <trkpt lat="30.65736" lon="-96.93378">
        <ele>150.2</ele>
      </trkpt>
      <trkpt lat="30.65775" lon="-96.93277">
        <ele>149.5</ele>
      </trkpt>
      <trkpt lat="30.65775" lon="-96.93277">
        <ele>149.5</ele>
      </trkpt>
      <trkpt lat="30.65803" lon="-96.9329">
        <ele>149.2</ele>
      </trkpt>
      <trkpt lat="30.65803" lon="-96.9329">
        <ele>149.2</ele>
      </trkpt>
      <trkpt lat="30.6582" lon="-96.93239">
        <ele>148.9</ele>
      </trkpt>
      <trkpt lat="30.65835" lon="-96.93192">
        <ele>148.9</ele>
      </trkpt>
      <trkpt lat="30.65884" lon="-96.93034">
        <ele>149.3</ele>
      </trkpt>
      <trkpt lat="30.6592" lon="-96.92916">
        <ele>148.1</ele>
      </trkpt>
      <trkpt lat="30.65945" lon="-96.92838">
        <ele>146.4</ele>
      </trkpt>
      <trkpt lat="30.65951" lon="-96.92818">
        <ele>145.8</ele>
      </trkpt>
      <trkpt lat="30.65957" lon="-96.92798">
        <ele>145.9</ele>
      </trkpt>
      <trkpt lat="30.65969" lon="-96.92759">
        <ele>146.3</ele>
      </trkpt>
      <trkpt lat="30.66006" lon="-96.92641">
        <ele>147.7</ele>
      </trkpt>
      <trkpt lat="30.66031" lon="-96.92563">
        <ele>146.9</ele>
      </trkpt>
      <trkpt lat="30.66041" lon="-96.9252999">
        <ele>146.2</ele>
      </trkpt>
      <trkpt lat="30.66057" lon="-96.92485">
        <ele>144.7</ele>
      </trkpt>
      <trkpt lat="30.66099" lon="-96.9236899">
        <ele>141.2</ele>
      </trkpt>
      <trkpt lat="30.66134" lon="-96.92273">
        <ele>139.1</ele>
      </trkpt>
      <trkpt lat="30.66169" lon="-96.92178">
        <ele>137.7</ele>
      </trkpt>
      <trkpt lat="30.66176" lon="-96.92157">
        <ele>138.0</ele>
      </trkpt>
      <trkpt lat="30.66183" lon="-96.92138">
        <ele>138.3</ele>
      </trkpt>
      <trkpt lat="30.66189" lon="-96.92117">
        <ele>139.2</ele>
      </trkpt>
      <trkpt lat="30.66194" lon="-96.9209599">
        <ele>140.5</ele>
      </trkpt>
      <trkpt lat="30.66191" lon="-96.92062">
        <ele>140.8</ele>
      </trkpt>
      <trkpt lat="30.66172" lon="-96.91939">
        <ele>141.8</ele>
      </trkpt>
      <trkpt lat="30.66106" lon="-96.91803">
        <ele>142.6</ele>
      </trkpt>
      <trkpt lat="30.66101" lon="-96.91792">
        <ele>142.7</ele>
      </trkpt>
      <trkpt lat="30.66072" lon="-96.91737">
        <ele>143.7</ele>
      </trkpt>
      <trkpt lat="30.66069" lon="-96.9173">
        <ele>143.9</ele>
      </trkpt>
      <trkpt lat="30.66056" lon="-96.91699">
        <ele>144.0</ele>
      </trkpt>
      <trkpt lat="30.66044" lon="-96.91659">
        <ele>144.0</ele>
      </trkpt>
      <trkpt lat="30.66043" lon="-96.91653">
        <ele>144.0</ele>
      </trkpt>
      <trkpt lat="30.66027" lon="-96.91587">
        <ele>145.2</ele>
      </trkpt>
      <trkpt lat="30.66022" lon="-96.91571">
        <ele>145.6</ele>
      </trkpt>
      <trkpt lat="30.66022" lon="-96.91571">
        <ele>145.6</ele>
      </trkpt>
      <trkpt lat="30.66016" lon="-96.91553">
        <ele>145.9</ele>
      </trkpt>
      <trkpt lat="30.65991" lon="-96.91475">
        <ele>148.7</ele>
      </trkpt>
      <trkpt lat="30.6599" lon="-96.91471">
        <ele>148.8</ele>
      </trkpt>
      <trkpt lat="30.65952" lon="-96.91358">
        <ele>152.3</ele>
      </trkpt>
      <trkpt lat="30.65943" lon="-96.91333">
        <ele>153.0</ele>
      </trkpt>
      <trkpt lat="30.65938" lon="-96.9132">
        <ele>153.4</ele>
      </trkpt>
      <trkpt lat="30.65922" lon="-96.9128">
        <ele>154.2</ele>
      </trkpt>
      <trkpt lat="30.65908" lon="-96.91262">
        <ele>154.4</ele>
      </trkpt>
      <trkpt lat="30.65897" lon="-96.91253">
        <ele>154.6</ele>
      </trkpt>
      <trkpt lat="30.65894" lon="-96.9125">
        <ele>154.6</ele>
      </trkpt>
      <trkpt lat="30.65856" lon="-96.91212">
        <ele>153.6</ele>
      </trkpt>
      <trkpt lat="30.65824" lon="-96.9118">
        <ele>151.8</ele>
      </trkpt>
      <trkpt lat="30.65815" lon="-96.91171">
        <ele>151.6</ele>
      </trkpt>
      <trkpt lat="30.6579" lon="-96.91145">
        <ele>151.6</ele>
      </trkpt>
      <trkpt lat="30.65755" lon="-96.91103">
        <ele>152.1</ele>
      </trkpt>
      <trkpt lat="30.65745" lon="-96.91078">
        <ele>152.6</ele>
      </trkpt>
      <trkpt lat="30.65714" lon="-96.91002">
        <ele>155.0</ele>
      </trkpt>
      <trkpt lat="30.65656" lon="-96.9086">
        <ele>161.2</ele>
      </trkpt>
      <trkpt lat="30.65647" lon="-96.90831">
        <ele>162.7</ele>
      </trkpt>
      <trkpt lat="30.65627" lon="-96.90759">
        <ele>168.1</ele>
      </trkpt>
      <trkpt lat="30.65606" lon="-96.90671">
        <ele>172.8</ele>
      </trkpt>
      <trkpt lat="30.65597" lon="-96.9063199">
        <ele>174.8</ele>
      </trkpt>
      <trkpt lat="30.65574" lon="-96.90575">
        <ele>177.5</ele>
      </trkpt>
      <trkpt lat="30.65545" lon="-96.90527">
        <ele>179.9</ele>
      </trkpt>
      <trkpt lat="30.65542" lon="-96.90523">
        <ele>180.1</ele>
      </trkpt>
      <trkpt lat="30.65514" lon="-96.90496">
        <ele>181.0</ele>
      </trkpt>
      <trkpt lat="30.65503" lon="-96.90485">
        <ele>181.2</ele>
      </trkpt>
      <trkpt lat="30.65436" lon="-96.9041">
        <ele>180.9</ele>
      </trkpt>
      <trkpt lat="30.6542" lon="-96.90393">
        <ele>180.9</ele>
      </trkpt>
      <trkpt lat="30.65397" lon="-96.90351">
        <ele>180.5</ele>
      </trkpt>
      <trkpt lat="30.65386" lon="-96.90324">
        <ele>180.0</ele>
      </trkpt>
      <trkpt lat="30.65374" lon="-96.90295">
        <ele>178.8</ele>
      </trkpt>
      <trkpt lat="30.65364" lon="-96.90235">
        <ele>175.8</ele>
      </trkpt>
      <trkpt lat="30.65363" lon="-96.90203">
        <ele>174.3</ele>
      </trkpt>
      <trkpt lat="30.65362" lon="-96.90182">
        <ele>173.6</ele>
      </trkpt>
      <trkpt lat="30.65362" lon="-96.90171">
        <ele>173.4</ele>
      </trkpt>
      <trkpt lat="30.65366" lon="-96.90078">
        <ele>173.3</ele>
      </trkpt>
      <trkpt lat="30.65376" lon="-96.90001">
        <ele>174.6</ele>
      </trkpt>
      <trkpt lat="30.65378" lon="-96.89967">
        <ele>174.7</ele>
      </trkpt>
      <trkpt lat="30.65381" lon="-96.89908">
        <ele>173.8</ele>
      </trkpt>
      <trkpt lat="30.65379" lon="-96.89883">
        <ele>171.7</ele>
      </trkpt>
      <trkpt lat="30.65377" lon="-96.89841">
        <ele>169.6</ele>
      </trkpt>
      <trkpt lat="30.65377" lon="-96.89834">
        <ele>169.4</ele>
      </trkpt>
      <trkpt lat="30.65376" lon="-96.8982">
        <ele>169.4</ele>
      </trkpt>
      <trkpt lat="30.65373" lon="-96.89758">
        <ele>170.9</ele>
      </trkpt>
      <trkpt lat="30.65372" lon="-96.89725">
        <ele>171.6</ele>
      </trkpt>
      <trkpt lat="30.65389" lon="-96.89649">
        <ele>173.3</ele>
      </trkpt>
      <trkpt lat="30.65393" lon="-96.89636">
        <ele>173.3</ele>
      </trkpt>
      <trkpt lat="30.65411" lon="-96.8957099">
        <ele>173.1</ele>
      </trkpt>
      <trkpt lat="30.65431" lon="-96.89518">
        <ele>174.3</ele>
      </trkpt>
      <trkpt lat="30.65434" lon="-96.8951">
        <ele>174.5</ele>
      </trkpt>
      <trkpt lat="30.6548" lon="-96.89426">
        <ele>173.4</ele>
      </trkpt>
      <trkpt lat="30.65481" lon="-96.89409">
        <ele>173.2</ele>
      </trkpt>
      <trkpt lat="30.6548" lon="-96.89388">
        <ele>173.1</ele>
      </trkpt>
      <trkpt lat="30.65433" lon="-96.89276">
        <ele>176.2</ele>
      </trkpt>
      <trkpt lat="30.65405" lon="-96.89211">
        <ele>177.5</ele>
      </trkpt>
      <trkpt lat="30.65393" lon="-96.89182">
        <ele>177.8</ele>
      </trkpt>
      <trkpt lat="30.65375" lon="-96.8914099">
        <ele>176.9</ele>
      </trkpt>
      <trkpt lat="30.65362" lon="-96.89117">
        <ele>176.0</ele>
      </trkpt>
      <trkpt lat="30.65348" lon="-96.8907399">
        <ele>175.4</ele>
      </trkpt>
      <trkpt lat="30.65336" lon="-96.89021">
        <ele>175.3</ele>
      </trkpt>
      <trkpt lat="30.65309" lon="-96.88899">
        <ele>174.7</ele>
      </trkpt>
      <trkpt lat="30.65286" lon="-96.88814">
        <ele>172.5</ele>
      </trkpt>
      <trkpt lat="30.65259" lon="-96.88714">
        <ele>170.0</ele>
      </trkpt>
      <trkpt lat="30.65206" lon="-96.88514">
        <ele>163.4</ele>
      </trkpt>
      <trkpt lat="30.65185" lon="-96.88434">
        <ele>159.8</ele>
      </trkpt>
      <trkpt lat="30.65181" lon="-96.8842">
        <ele>159.0</ele>
      </trkpt>
      <trkpt lat="30.65177" lon="-96.88385">
        <ele>157.5</ele>
      </trkpt>
      <trkpt lat="30.65177" lon="-96.88351">
        <ele>156.3</ele>
      </trkpt>
      <trkpt lat="30.65176" lon="-96.88331">
        <ele>155.4</ele>
      </trkpt>
      <trkpt lat="30.65176" lon="-96.8833">
        <ele>155.4</ele>
      </trkpt>
      <trkpt lat="30.65174" lon="-96.88282">
        <ele>153.1</ele>
      </trkpt>
      <trkpt lat="30.65172" lon="-96.8826799">
        <ele>152.7</ele>
      </trkpt>
      <trkpt lat="30.65167" lon="-96.88238">
        <ele>151.9</ele>
      </trkpt>
      <trkpt lat="30.65159" lon="-96.88207">
        <ele>150.9</ele>
      </trkpt>
      <trkpt lat="30.65148" lon="-96.88167">
        <ele>150.7</ele>
      </trkpt>
      <trkpt lat="30.65138" lon="-96.88129">
        <ele>151.8</ele>
      </trkpt>
      <trkpt lat="30.65127" lon="-96.8811">
        <ele>152.5</ele>
      </trkpt>
      <trkpt lat="30.65112" lon="-96.88082">
        <ele>154.4</ele>
      </trkpt>
      <trkpt lat="30.65001" lon="-96.87935">
        <ele>160.9</ele>
      </trkpt>
      <trkpt lat="30.65" lon="-96.87934">
        <ele>160.9</ele>
      </trkpt>
      <trkpt lat="30.64991" lon="-96.87916">
        <ele>160.8</ele>
      </trkpt>
      <trkpt lat="30.64936" lon="-96.87808">
        <ele>155.6</ele>
      </trkpt>
      <trkpt lat="30.64927" lon="-96.8779">
        <ele>153.7</ele>
      </trkpt>
      <trkpt lat="30.6491" lon="-96.87755">
        <ele>151.1</ele>
      </trkpt>
      <trkpt lat="30.64909" lon="-96.87754">
        <ele>151.0</ele>
      </trkpt>
      <trkpt lat="30.64885" lon="-96.8770399">
        <ele>149.0</ele>
      </trkpt>
      <trkpt lat="30.64869" lon="-96.87661">
        <ele>151.7</ele>
      </trkpt>
      <trkpt lat="30.64853" lon="-96.8761899">
        <ele>152.5</ele>
      </trkpt>
      <trkpt lat="30.64844" lon="-96.8759">
        <ele>154.9</ele>
      </trkpt>
      <trkpt lat="30.64844" lon="-96.87566">
        <ele>155.5</ele>
      </trkpt>
      <trkpt lat="30.64843" lon="-96.87562">
        <ele>155.5</ele>
      </trkpt>
      <trkpt lat="30.64839" lon="-96.8754">
        <ele>156.5</ele>
      </trkpt>
      <trkpt lat="30.64823" lon="-96.875">
        <ele>158.4</ele>
      </trkpt>
      <trkpt lat="30.64815" lon="-96.87486">
        <ele>158.5</ele>
      </trkpt>
      <trkpt lat="30.64767" lon="-96.87397">
        <ele>161.4</ele>
      </trkpt>
      <trkpt lat="30.64751" lon="-96.87367">
        <ele>161.7</ele>
      </trkpt>
      <trkpt lat="30.64751" lon="-96.87367">
        <ele>161.7</ele>
      </trkpt>
      <trkpt lat="30.64728" lon="-96.87425">
        <ele>162.8</ele>
      </trkpt>
      <trkpt lat="30.64722" lon="-96.8745">
        <ele>162.7</ele>
      </trkpt>
      <trkpt lat="30.64709" lon="-96.87509">
        <ele>162.3</ele>
      </trkpt>
      <trkpt lat="30.64708" lon="-96.87564">
        <ele>162.0</ele>
      </trkpt>
      <trkpt lat="30.64707" lon="-96.87573">
        <ele>162.0</ele>
      </trkpt>
      <trkpt lat="30.64701" lon="-96.87605">
        <ele>161.5</ele>
      </trkpt>
      <trkpt lat="30.64668" lon="-96.87639">
        <ele>161.0</ele>
      </trkpt>
      <trkpt lat="30.64647" lon="-96.8766">
        <ele>160.7</ele>
      </trkpt>
      <trkpt lat="30.64594" lon="-96.87697">
        <ele>157.8</ele>
      </trkpt>
      <trkpt lat="30.64591" lon="-96.87699">
        <ele>157.7</ele>
      </trkpt>
      <trkpt lat="30.6458" lon="-96.8770399">
        <ele>157.2</ele>
      </trkpt>
      <trkpt lat="30.64568" lon="-96.87702">
        <ele>156.9</ele>
      </trkpt>
      <trkpt lat="30.6456" lon="-96.87697">
        <ele>156.9</ele>
      </trkpt>
      <trkpt lat="30.64549" lon="-96.87689">
        <ele>156.8</ele>
      </trkpt>
      <trkpt lat="30.64533" lon="-96.87676">
        <ele>156.9</ele>
      </trkpt>
      <trkpt lat="30.6453" lon="-96.87674">
        <ele>156.9</ele>
      </trkpt>
      <trkpt lat="30.64518" lon="-96.87661">
        <ele>157.7</ele>
      </trkpt>
      <trkpt lat="30.64502" lon="-96.87646">
        <ele>158.5</ele>
      </trkpt>
      <trkpt lat="30.64485" lon="-96.8764">
        <ele>158.7</ele>
      </trkpt>
      <trkpt lat="30.64468" lon="-96.87635">
        <ele>158.9</ele>
      </trkpt>
      <trkpt lat="30.6445" lon="-96.87629">
        <ele>159.1</ele>
      </trkpt>
      <trkpt lat="30.64362" lon="-96.87612">
        <ele>159.4</ele>
      </trkpt>
      <trkpt lat="30.64331" lon="-96.87605">
        <ele>159.5</ele>
      </trkpt>
      <trkpt lat="30.64276" lon="-96.87585">
        <ele>160.0</ele>
      </trkpt>
      <trkpt lat="30.64272" lon="-96.87584">
        <ele>160.1</ele>
      </trkpt>
      <trkpt lat="30.64224" lon="-96.87588">
        <ele>160.6</ele>
      </trkpt>
      <trkpt lat="30.64186" lon="-96.87587">
        <ele>161.6</ele>
      </trkpt>
      <trkpt lat="30.64132" lon="-96.87585">
        <ele>161.6</ele>
      </trkpt>
      <trkpt lat="30.64024" lon="-96.8758299">
        <ele>159.7</ele>
      </trkpt>
      <trkpt lat="30.63916" lon="-96.8758">
        <ele>159.2</ele>
      </trkpt>
      <trkpt lat="30.63808" lon="-96.87577">
        <ele>160.5</ele>
      </trkpt>
      <trkpt lat="30.637" lon="-96.8757399">
        <ele>159.0</ele>
      </trkpt>
      <trkpt lat="30.63637" lon="-96.87563">
        <ele>159.4</ele>
      </trkpt>
      <trkpt lat="30.63589" lon="-96.8756499">
        <ele>159.1</ele>
      </trkpt>
      <trkpt lat="30.63583" lon="-96.87569">
        <ele>159.1</ele>
      </trkpt>
      <trkpt lat="30.63538" lon="-96.87598">
        <ele>157.3</ele>
      </trkpt>
      <trkpt lat="30.63439" lon="-96.87655">
        <ele>153.8</ele>
      </trkpt>
      <trkpt lat="30.63437" lon="-96.87656">
        <ele>153.7</ele>
      </trkpt>
      <trkpt lat="30.63396" lon="-96.87701">
        <ele>153.1</ele>
      </trkpt>
      <trkpt lat="30.63365" lon="-96.87714">
        <ele>153.3</ele>
      </trkpt>
      <trkpt lat="30.63345" lon="-96.87711">
        <ele>153.8</ele>
      </trkpt>
      <trkpt lat="30.63327" lon="-96.87699">
        <ele>154.3</ele>
      </trkpt>
      <trkpt lat="30.63291" lon="-96.87671">
        <ele>153.5</ele>
      </trkpt>
      <trkpt lat="30.63288" lon="-96.8766799">
        <ele>153.4</ele>
      </trkpt>
      <trkpt lat="30.63263" lon="-96.87644">
        <ele>152.8</ele>
      </trkpt>
      <trkpt lat="30.63244" lon="-96.87633">
        <ele>152.6</ele>
      </trkpt>
      <trkpt lat="30.63238" lon="-96.8763">
        <ele>152.5</ele>
      </trkpt>
      <trkpt lat="30.63146" lon="-96.87581">
        <ele>149.1</ele>
      </trkpt>
      <trkpt lat="30.6308" lon="-96.87546">
        <ele>146.4</ele>
      </trkpt>
      <trkpt lat="30.63015" lon="-96.87511">
        <ele>144.1</ele>
      </trkpt>
      <trkpt lat="30.62949" lon="-96.87477">
        <ele>142.6</ele>
      </trkpt>
      <trkpt lat="30.62949" lon="-96.87477">
        <ele>142.6</ele>
      </trkpt>
      <trkpt lat="30.6298" lon="-96.87382">
        <ele>141.0</ele>
      </trkpt>
      <trkpt lat="30.62999" lon="-96.87323">
        <ele>140.6</ele>
      </trkpt>
      <trkpt lat="30.63011" lon="-96.87284">
        <ele>140.6</ele>
      </trkpt>
      <trkpt lat="30.63017" lon="-96.87266">
        <ele>140.6</ele>
      </trkpt>
      <trkpt lat="30.63057" lon="-96.87147">
        <ele>145.5</ele>
      </trkpt>
      <trkpt lat="30.63062" lon="-96.87128">
        <ele>146.6</ele>
      </trkpt>
      <trkpt lat="30.63124" lon="-96.86931">
        <ele>154.1</ele>
      </trkpt>
      <trkpt lat="30.63136" lon="-96.86892">
        <ele>155.0</ele>
      </trkpt>
      <trkpt lat="30.63138" lon="-96.86883">
        <ele>155.2</ele>
      </trkpt>
      <trkpt lat="30.63137" lon="-96.86878">
        <ele>155.2</ele>
      </trkpt>
      <trkpt lat="30.63135" lon="-96.86875">
        <ele>155.3</ele>
      </trkpt>
      <trkpt lat="30.63133" lon="-96.86874">
        <ele>155.2</ele>
      </trkpt>
      <trkpt lat="30.6313" lon="-96.8687099">
        <ele>155.2</ele>
      </trkpt>
      <trkpt lat="30.63015" lon="-96.86823">
        <ele>154.0</ele>
      </trkpt>
      <trkpt lat="30.62941" lon="-96.86793">
        <ele>155.1</ele>
      </trkpt>
      <trkpt lat="30.62931" lon="-96.86788">
        <ele>155.4</ele>
      </trkpt>
      <trkpt lat="30.62846" lon="-96.86752">
        <ele>156.7</ele>
      </trkpt>
      <trkpt lat="30.62812" lon="-96.86738">
        <ele>156.4</ele>
      </trkpt>
      <trkpt lat="30.62748" lon="-96.86711">
        <ele>154.8</ele>
      </trkpt>
      <trkpt lat="30.62677" lon="-96.86685">
        <ele>151.6</ele>
      </trkpt>
      <trkpt lat="30.62667" lon="-96.86675">
        <ele>150.9</ele>
      </trkpt>
      <trkpt lat="30.62665" lon="-96.86669">
        <ele>150.7</ele>
      </trkpt>
      <trkpt lat="30.62663" lon="-96.86662">
        <ele>150.4</ele>
      </trkpt>
      <trkpt lat="30.62686" lon="-96.8659">
        <ele>148.8</ele>
      </trkpt>
      <trkpt lat="30.62688" lon="-96.86584">
        <ele>148.8</ele>
      </trkpt>
      <trkpt lat="30.62703" lon="-96.86516">
        <ele>150.1</ele>
      </trkpt>
      <trkpt lat="30.62704" lon="-96.86509">
        <ele>150.1</ele>
      </trkpt>
      <trkpt lat="30.62715" lon="-96.86469">
        <ele>147.8</ele>
      </trkpt>
      <trkpt lat="30.62722" lon="-96.86444">
        <ele>144.7</ele>
      </trkpt>
      <trkpt lat="30.62729" lon="-96.86431">
        <ele>142.7</ele>
      </trkpt>
      <trkpt lat="30.62746" lon="-96.86394">
        <ele>140.3</ele>
      </trkpt>
      <trkpt lat="30.62746" lon="-96.86393">
        <ele>140.4</ele>
      </trkpt>
      <trkpt lat="30.62768" lon="-96.86336">
        <ele>141.0</ele>
      </trkpt>
      <trkpt lat="30.62789" lon="-96.86279">
        <ele>142.2</ele>
      </trkpt>
      <trkpt lat="30.62838" lon="-96.86151">
        <ele>144.0</ele>
      </trkpt>
      <trkpt lat="30.62853" lon="-96.86106">
        <ele>146.3</ele>
      </trkpt>
      <trkpt lat="30.62867" lon="-96.86068">
        <ele>148.0</ele>
      </trkpt>
      <trkpt lat="30.62887" lon="-96.86009">
        <ele>151.2</ele>
      </trkpt>
      <trkpt lat="30.629" lon="-96.85971">
        <ele>153.1</ele>
      </trkpt>
      <trkpt lat="30.62921" lon="-96.85912">
        <ele>156.8</ele>
      </trkpt>
      <trkpt lat="30.6293" lon="-96.85884">
        <ele>159.6</ele>
      </trkpt>
      <trkpt lat="30.62934" lon="-96.85874">
        <ele>160.5</ele>
      </trkpt>
      <trkpt lat="30.62952" lon="-96.85815">
        <ele>165.6</ele>
      </trkpt>
      <trkpt lat="30.62959" lon="-96.85795">
        <ele>166.9</ele>
      </trkpt>
      <trkpt lat="30.62978" lon="-96.85737">
        <ele>169.1</ele>
      </trkpt>
      <trkpt lat="30.62991" lon="-96.8569799">
        <ele>168.8</ele>
      </trkpt>
      <trkpt lat="30.63043" lon="-96.85542">
        <ele>158.6</ele>
      </trkpt>
      <trkpt lat="30.63051" lon="-96.85518">
        <ele>157.7</ele>
      </trkpt>
      <trkpt lat="30.63061" lon="-96.85483">
        <ele>156.5</ele>
      </trkpt>
      <trkpt lat="30.63083" lon="-96.85403">
        <ele>153.6</ele>
      </trkpt>
      <trkpt lat="30.63145" lon="-96.85185">
        <ele>150.2</ele>
      </trkpt>
      <trkpt lat="30.63169" lon="-96.85099">
        <ele>147.2</ele>
      </trkpt>
      <trkpt lat="30.63191" lon="-96.85021">
        <ele>149.5</ele>
      </trkpt>
      <trkpt lat="30.63202" lon="-96.8498199">
        <ele>149.5</ele>
      </trkpt>
      <trkpt lat="30.63258" lon="-96.84783">
        <ele>152.7</ele>
      </trkpt>
      <trkpt lat="30.63292" lon="-96.8466399">
        <ele>157.6</ele>
      </trkpt>
      <trkpt lat="30.63309" lon="-96.84604">
        <ele>159.9</ele>
      </trkpt>
      <trkpt lat="30.63309" lon="-96.84604">
        <ele>159.9</ele>
      </trkpt>
      <trkpt lat="30.63342" lon="-96.84643">
        <ele>158.0</ele>
      </trkpt>
      <trkpt lat="30.6338" lon="-96.84666">
        <ele>156.1</ele>
      </trkpt>
      <trkpt lat="30.63445" lon="-96.84703">
        <ele>155.1</ele>
      </trkpt>
      <trkpt lat="30.63453" lon="-96.84707">
        <ele>155.2</ele>
      </trkpt>
      <trkpt lat="30.63511" lon="-96.84736">
        <ele>157.4</ele>
      </trkpt>
      <trkpt lat="30.6361" lon="-96.84786">
        <ele>159.5</ele>
      </trkpt>
      <trkpt lat="30.63692" lon="-96.84827">
        <ele>160.9</ele>
      </trkpt>
      <trkpt lat="30.63725" lon="-96.84844">
        <ele>161.4</ele>
      </trkpt>
      <trkpt lat="30.63775" lon="-96.84867">
        <ele>162.2</ele>
      </trkpt>
      <trkpt lat="30.63834" lon="-96.84894">
        <ele>162.9</ele>
      </trkpt>
      <trkpt lat="30.63841" lon="-96.849">
        <ele>163.1</ele>
      </trkpt>
      <trkpt lat="30.63871" lon="-96.84923">
        <ele>164.0</ele>
      </trkpt>
      <trkpt lat="30.6388" lon="-96.84951">
        <ele>163.6</ele>
      </trkpt>
      <trkpt lat="30.63882" lon="-96.84986">
        <ele>162.3</ele>
      </trkpt>
      <trkpt lat="30.63883" lon="-96.85005">
        <ele>161.8</ele>
      </trkpt>
      <trkpt lat="30.63887" lon="-96.8509">
        <ele>161.7</ele>
      </trkpt>
      <trkpt lat="30.63904" lon="-96.85139">
        <ele>162.6</ele>
      </trkpt>
      <trkpt lat="30.6393" lon="-96.85203">
        <ele>164.0</ele>
      </trkpt>
      <trkpt lat="30.6396" lon="-96.85277">
        <ele>164.7</ele>
      </trkpt>
      <trkpt lat="30.63979" lon="-96.85315">
        <ele>164.7</ele>
      </trkpt>
      <trkpt lat="30.63988" lon="-96.85335">
        <ele>164.7</ele>
      </trkpt>
      <trkpt lat="30.64035" lon="-96.85396">
        <ele>164.1</ele>
      </trkpt>
      <trkpt lat="30.64095" lon="-96.85473">
        <ele>163.9</ele>
      </trkpt>
      <trkpt lat="30.64099" lon="-96.85478">
        <ele>163.9</ele>
      </trkpt>
      <trkpt lat="30.64143" lon="-96.85544">
        <ele>164.2</ele>
      </trkpt>
      <trkpt lat="30.64185" lon="-96.85591">
        <ele>164.3</ele>
      </trkpt>
      <trkpt lat="30.64207" lon="-96.85607">
        <ele>164.4</ele>
      </trkpt>
      <trkpt lat="30.6421" lon="-96.8561">
        <ele>164.4</ele>
      </trkpt>
      <trkpt lat="30.64324" lon="-96.85685">
        <ele>166.4</ele>
      </trkpt>
      <trkpt lat="30.64364" lon="-96.85708">
        <ele>165.4</ele>
      </trkpt>
      <trkpt lat="30.64379" lon="-96.85717">
        <ele>165.3</ele>
      </trkpt>
      <trkpt lat="30.64396" lon="-96.85729">
        <ele>164.9</ele>
      </trkpt>
      <trkpt lat="30.64427" lon="-96.85751">
        <ele>163.3</ele>
      </trkpt>
      <trkpt lat="30.64454" lon="-96.85778">
        <ele>161.1</ele>
      </trkpt>
      <trkpt lat="30.64459" lon="-96.85783">
        <ele>161.0</ele>
      </trkpt>
      <trkpt lat="30.6447" lon="-96.8579">
        <ele>160.7</ele>
      </trkpt>
      <trkpt lat="30.6448" lon="-96.8579">
        <ele>160.4</ele>
      </trkpt>
      <trkpt lat="30.6448" lon="-96.8579">
        <ele>160.4</ele>
      </trkpt>
      <trkpt lat="30.64492" lon="-96.85729">
        <ele>160.6</ele>
      </trkpt>
      <trkpt lat="30.64496" lon="-96.85714">
        <ele>161.0</ele>
      </trkpt>
      <trkpt lat="30.64501" lon="-96.85667">
        <ele>161.9</ele>
      </trkpt>
      <trkpt lat="30.64517" lon="-96.85543">
        <ele>164.7</ele>
      </trkpt>
      <trkpt lat="30.64533" lon="-96.85419">
        <ele>168.0</ele>
      </trkpt>
      <trkpt lat="30.64539" lon="-96.85374">
        <ele>168.1</ele>
      </trkpt>
      <trkpt lat="30.64543" lon="-96.85363">
        <ele>168.1</ele>
      </trkpt>
      <trkpt lat="30.64548" lon="-96.85355">
        <ele>168.2</ele>
      </trkpt>
      <trkpt lat="30.64556" lon="-96.8534899">
        <ele>168.3</ele>
      </trkpt>
      <trkpt lat="30.6456" lon="-96.85348">
        <ele>168.5</ele>
      </trkpt>
      <trkpt lat="30.64566" lon="-96.85347">
        <ele>168.7</ele>
      </trkpt>
      <trkpt lat="30.64575" lon="-96.8534899">
        <ele>169.0</ele>
      </trkpt>
      <trkpt lat="30.64587" lon="-96.85352">
        <ele>169.5</ele>
      </trkpt>
      <trkpt lat="30.64732" lon="-96.85413">
        <ele>173.9</ele>
      </trkpt>
      <trkpt lat="30.64738" lon="-96.85415">
        <ele>174.0</ele>
      </trkpt>
      <trkpt lat="30.64817" lon="-96.85446">
        <ele>177.2</ele>
      </trkpt>
      <trkpt lat="30.64868" lon="-96.85467">
        <ele>175.9</ele>
      </trkpt>
      <trkpt lat="30.64936" lon="-96.85494">
        <ele>174.3</ele>
      </trkpt>
      <trkpt lat="30.65034" lon="-96.85533">
        <ele>168.9</ele>
      </trkpt>
      <trkpt lat="30.65039" lon="-96.85534">
        <ele>168.5</ele>
      </trkpt>
      <trkpt lat="30.65066" lon="-96.85542">
        <ele>166.8</ele>
      </trkpt>
      <trkpt lat="30.65087" lon="-96.85542">
        <ele>165.6</ele>
      </trkpt>
      <trkpt lat="30.65115" lon="-96.85529">
        <ele>163.9</ele>
      </trkpt>
      <trkpt lat="30.65153" lon="-96.85508">
        <ele>160.8</ele>
      </trkpt>
      <trkpt lat="30.6521" lon="-96.85492">
        <ele>157.4</ele>
      </trkpt>
      <trkpt lat="30.65285" lon="-96.85471">
        <ele>154.6</ele>
      </trkpt>
      <trkpt lat="30.65297" lon="-96.85466">
        <ele>154.3</ele>
      </trkpt>
      <trkpt lat="30.6536" lon="-96.85441">
        <ele>153.3</ele>
      </trkpt>
      <trkpt lat="30.654" lon="-96.8543">
        <ele>153.0</ele>
      </trkpt>
      <trkpt lat="30.65523" lon="-96.85396">
        <ele>150.7</ele>
      </trkpt>
      <trkpt lat="30.65541" lon="-96.85391">
        <ele>151.1</ele>
      </trkpt>
      <trkpt lat="30.65585" lon="-96.8539">
        <ele>150.8</ele>
      </trkpt>
      <trkpt lat="30.65617" lon="-96.85397">
        <ele>150.5</ele>
      </trkpt>
      <trkpt lat="30.65629" lon="-96.85401">
        <ele>150.4</ele>
      </trkpt>
      <trkpt lat="30.65637" lon="-96.85404">
        <ele>150.3</ele>
      </trkpt>
      <trkpt lat="30.65658" lon="-96.85414">
        <ele>150.1</ele>
      </trkpt>
      <trkpt lat="30.65679" lon="-96.85424">
        <ele>149.7</ele>
      </trkpt>
      <trkpt lat="30.65709" lon="-96.85438">
        <ele>148.4</ele>
      </trkpt>
      <trkpt lat="30.65814" lon="-96.85483">
        <ele>144.4</ele>
      </trkpt>
      <trkpt lat="30.65915" lon="-96.85527">
        <ele>146.5</ele>
      </trkpt>
      <trkpt lat="30.65949" lon="-96.85542">
        <ele>143.5</ele>
      </trkpt>
      <trkpt lat="30.65999" lon="-96.8556399">
        <ele>138.4</ele>
      </trkpt>
      <trkpt lat="30.6605" lon="-96.85586">
        <ele>134.4</ele>
      </trkpt>
      <trkpt lat="30.6607" lon="-96.85595">
        <ele>133.9</ele>
      </trkpt>
      <trkpt lat="30.66101" lon="-96.85606">
        <ele>133.9</ele>
      </trkpt>
      <trkpt lat="30.66102" lon="-96.85607">
        <ele>133.9</ele>
      </trkpt>
      <trkpt lat="30.66135" lon="-96.85621">
        <ele>134.4</ele>
      </trkpt>
      <trkpt lat="30.66168" lon="-96.85635">
        <ele>140.2</ele>
      </trkpt>
      <trkpt lat="30.66219" lon="-96.85656">
        <ele>143.8</ele>
      </trkpt>
      <trkpt lat="30.66253" lon="-96.8567">
        <ele>143.9</ele>
      </trkpt>
      <trkpt lat="30.66287" lon="-96.85684">
        <ele>144.5</ele>
      </trkpt>
      <trkpt lat="30.66301" lon="-96.8569">
        <ele>144.2</ele>
      </trkpt>
      <trkpt lat="30.66321" lon="-96.85699">
        <ele>143.1</ele>
      </trkpt>
      <trkpt lat="30.66371" lon="-96.8572">
        <ele>138.0</ele>
      </trkpt>
      <trkpt lat="30.66422" lon="-96.85741">
        <ele>136.0</ele>
      </trkpt>
      <trkpt lat="30.66456" lon="-96.85756">
        <ele>138.0</ele>
      </trkpt>
      <trkpt lat="30.66465" lon="-96.8576">
        <ele>139.2</ele>
      </trkpt>
      <trkpt lat="30.6651" lon="-96.8578">
        <ele>144.6</ele>
      </trkpt>
      <trkpt lat="30.66523" lon="-96.85786">
        <ele>145.6</ele>
      </trkpt>
      <trkpt lat="30.66546" lon="-96.85795">
        <ele>146.9</ele>
      </trkpt>
      <trkpt lat="30.66573" lon="-96.85806">
        <ele>147.6</ele>
      </trkpt>
      <trkpt lat="30.66624" lon="-96.85827">
        <ele>148.8</ele>
      </trkpt>
      <trkpt lat="30.66658" lon="-96.85841">
        <ele>150.3</ele>
      </trkpt>
      <trkpt lat="30.66685" lon="-96.85852">
        <ele>150.5</ele>
      </trkpt>
      <trkpt lat="30.66702" lon="-96.85859">
        <ele>150.0</ele>
      </trkpt>
      <trkpt lat="30.66736" lon="-96.85873">
        <ele>147.8</ele>
      </trkpt>
      <trkpt lat="30.66787" lon="-96.85894">
        <ele>141.0</ele>
      </trkpt>
      <trkpt lat="30.66821" lon="-96.85908">
        <ele>137.4</ele>
      </trkpt>
      <trkpt lat="30.66854" lon="-96.8592199">
        <ele>134.8</ele>
      </trkpt>
      <trkpt lat="30.66888" lon="-96.85936">
        <ele>134.0</ele>
      </trkpt>
      <trkpt lat="30.66922" lon="-96.8595">
        <ele>135.4</ele>
      </trkpt>
      <trkpt lat="30.66939" lon="-96.85956">
        <ele>136.2</ele>
      </trkpt>
      <trkpt lat="30.66956" lon="-96.85964">
        <ele>137.0</ele>
      </trkpt>
      <trkpt lat="30.67041" lon="-96.85999">
        <ele>140.1</ele>
      </trkpt>
      <trkpt lat="30.67142" lon="-96.86042">
        <ele>148.6</ele>
      </trkpt>
      <trkpt lat="30.67176" lon="-96.86057">
        <ele>150.0</ele>
      </trkpt>
      <trkpt lat="30.67193" lon="-96.86064">
        <ele>150.3</ele>
      </trkpt>
      <trkpt lat="30.67227" lon="-96.86078">
        <ele>149.1</ele>
      </trkpt>
      <trkpt lat="30.67235" lon="-96.86082">
        <ele>148.1</ele>
      </trkpt>
      <trkpt lat="30.67311" lon="-96.86113">
        <ele>140.9</ele>
      </trkpt>
      <trkpt lat="30.67396" lon="-96.86148">
        <ele>136.2</ele>
      </trkpt>
      <trkpt lat="30.67498" lon="-96.8619">
        <ele>134.1</ele>
      </trkpt>
      <trkpt lat="30.67549" lon="-96.86211">
        <ele>131.7</ele>
      </trkpt>
      <trkpt lat="30.67599" lon="-96.86232">
        <ele>133.9</ele>
      </trkpt>
      <trkpt lat="30.67616" lon="-96.86239">
        <ele>133.6</ele>
      </trkpt>
      <trkpt lat="30.67683" lon="-96.86268">
        <ele>129.6</ele>
      </trkpt>
      <trkpt lat="30.67694" lon="-96.86273">
        <ele>128.0</ele>
      </trkpt>
      <trkpt lat="30.67717" lon="-96.86283">
        <ele>128.9</ele>
      </trkpt>
      <trkpt lat="30.67718" lon="-96.86284">
        <ele>129.0</ele>
      </trkpt>
      <trkpt lat="30.67734" lon="-96.8629">
        <ele>131.6</ele>
      </trkpt>
      <trkpt lat="30.67802" lon="-96.86318">
        <ele>136.8</ele>
      </trkpt>
      <trkpt lat="30.67954" lon="-96.86381">
        <ele>147.6</ele>
      </trkpt>
      <trkpt lat="30.68005" lon="-96.86403">
        <ele>150.0</ele>
      </trkpt>
      <trkpt lat="30.68056" lon="-96.86424">
        <ele>150.2</ele>
      </trkpt>
      <trkpt lat="30.68107" lon="-96.86445">
        <ele>150.4</ele>
      </trkpt>
      <trkpt lat="30.68191" lon="-96.8648">
        <ele>150.2</ele>
      </trkpt>
      <trkpt lat="30.68395" lon="-96.86564">
        <ele>147.7</ele>
      </trkpt>
      <trkpt lat="30.68479" lon="-96.86599">
        <ele>149.5</ele>
      </trkpt>
      <trkpt lat="30.68581" lon="-96.86642">
        <ele>152.9</ele>
      </trkpt>
      <trkpt lat="30.68628" lon="-96.8666">
        <ele>153.0</ele>
      </trkpt>
      <trkpt lat="30.68688" lon="-96.86688">
        <ele>152.1</ele>
      </trkpt>
      <trkpt lat="30.68722" lon="-96.8670999">
        <ele>151.9</ele>
      </trkpt>
      <trkpt lat="30.68772" lon="-96.86733">
        <ele>153.2</ele>
      </trkpt>
      <trkpt lat="30.68805" lon="-96.86748">
        <ele>153.7</ele>
      </trkpt>
      <trkpt lat="30.68868" lon="-96.86776">
        <ele>154.0</ele>
      </trkpt>
      <trkpt lat="30.68954" lon="-96.86806">
        <ele>154.0</ele>
      </trkpt>
      <trkpt lat="30.68994" lon="-96.86824">
        <ele>154.6</ele>
      </trkpt>
      <trkpt lat="30.69044" lon="-96.86847">
        <ele>155.1</ele>
      </trkpt>
      <trkpt lat="30.69113" lon="-96.86872">
        <ele>157.7</ele>
      </trkpt>
      <trkpt lat="30.6918" lon="-96.86901">
        <ele>159.1</ele>
      </trkpt>
      <trkpt lat="30.69197" lon="-96.86908">
        <ele>159.4</ele>
      </trkpt>
      <trkpt lat="30.69214" lon="-96.8691599">
        <ele>159.4</ele>
      </trkpt>
      <trkpt lat="30.69223" lon="-96.8692">
        <ele>159.4</ele>
      </trkpt>
      <trkpt lat="30.69231" lon="-96.86923">
        <ele>159.2</ele>
      </trkpt>
      <trkpt lat="30.69247" lon="-96.86931">
        <ele>158.5</ele>
      </trkpt>
      <trkpt lat="30.69264" lon="-96.86939">
        <ele>157.6</ele>
      </trkpt>
      <trkpt lat="30.69325" lon="-96.86967">
        <ele>154.2</ele>
      </trkpt>
      <trkpt lat="30.69331" lon="-96.86969">
        <ele>153.8</ele>
      </trkpt>
      <trkpt lat="30.69336" lon="-96.86971">
        <ele>153.6</ele>
      </trkpt>
      <trkpt lat="30.69349" lon="-96.8697">
        <ele>153.4</ele>
      </trkpt>
      <trkpt lat="30.69355" lon="-96.86969">
        <ele>153.3</ele>
      </trkpt>
      <trkpt lat="30.69363" lon="-96.86964">
        <ele>153.3</ele>
      </trkpt>
      <trkpt lat="30.69369" lon="-96.86955">
        <ele>153.4</ele>
      </trkpt>
      <trkpt lat="30.69383" lon="-96.86937">
        <ele>153.1</ele>
      </trkpt>
      <trkpt lat="30.69393" lon="-96.86914">
        <ele>152.3</ele>
      </trkpt>
      <trkpt lat="30.69395" lon="-96.8691">
        <ele>152.2</ele>
      </trkpt>
      <trkpt lat="30.69398" lon="-96.869">
        <ele>152.0</ele>
      </trkpt>
      <trkpt lat="30.69407" lon="-96.86881">
        <ele>152.8</ele>
      </trkpt>
      <trkpt lat="30.69418" lon="-96.86853">
        <ele>154.0</ele>
      </trkpt>
      <trkpt lat="30.69424" lon="-96.86825">
        <ele>154.1</ele>
      </trkpt>
      <trkpt lat="30.69431" lon="-96.86792">
        <ele>153.4</ele>
      </trkpt>
      <trkpt lat="30.69432" lon="-96.8678599">
        <ele>153.5</ele>
      </trkpt>
      <trkpt lat="30.69438" lon="-96.86764">
        <ele>153.9</ele>
      </trkpt>
      <trkpt lat="30.69447" lon="-96.86732">
        <ele>154.4</ele>
      </trkpt>
      <trkpt lat="30.69455" lon="-96.86714">
        <ele>154.5</ele>
      </trkpt>
      <trkpt lat="30.6946" lon="-96.8670099">
        <ele>154.6</ele>
      </trkpt>
      <trkpt lat="30.69472" lon="-96.86688">
        <ele>154.4</ele>
      </trkpt>
      <trkpt lat="30.69479" lon="-96.86686">
        <ele>154.2</ele>
      </trkpt>
      <trkpt lat="30.69489" lon="-96.8668299">
        <ele>154.0</ele>
      </trkpt>
      <trkpt lat="30.69505" lon="-96.86685">
        <ele>153.6</ele>
      </trkpt>
      <trkpt lat="30.69548" lon="-96.86703">
        <ele>151.2</ele>
      </trkpt>
      <trkpt lat="30.69616" lon="-96.8673">
        <ele>147.7</ele>
      </trkpt>
      <trkpt lat="30.69731" lon="-96.86776">
        <ele>140.6</ele>
      </trkpt>
      <trkpt lat="30.69735" lon="-96.86778">
        <ele>140.5</ele>
      </trkpt>
      <trkpt lat="30.69752" lon="-96.86784">
        <ele>138.8</ele>
      </trkpt>
      <trkpt lat="30.69769" lon="-96.86791">
        <ele>139.8</ele>
      </trkpt>
      <trkpt lat="30.69803" lon="-96.86805">
        <ele>142.9</ele>
      </trkpt>
      <trkpt lat="30.69821" lon="-96.86811">
        <ele>143.3</ele>
      </trkpt>
      <trkpt lat="30.69901" lon="-96.86843">
        <ele>147.5</ele>
      </trkpt>
      <trkpt lat="30.69922" lon="-96.86853">
        <ele>147.9</ele>
      </trkpt>
      <trkpt lat="30.69939" lon="-96.8686">
        <ele>148.1</ele>
      </trkpt>
      <trkpt lat="30.70006" lon="-96.8689">
        <ele>148.1</ele>
      </trkpt>
      <trkpt lat="30.70035" lon="-96.86903">
        <ele>147.6</ele>
      </trkpt>
      <trkpt lat="30.70072" lon="-96.86919">
        <ele>146.2</ele>
      </trkpt>
      <trkpt lat="30.70106" lon="-96.8693399">
        <ele>147.8</ele>
      </trkpt>
      <trkpt lat="30.70136" lon="-96.86946">
        <ele>149.6</ele>
      </trkpt>
      <trkpt lat="30.70139" lon="-96.86948">
        <ele>149.6</ele>
      </trkpt>
      <trkpt lat="30.70173" lon="-96.86964">
        <ele>150.1</ele>
      </trkpt>
      <trkpt lat="30.70189" lon="-96.86972">
        <ele>150.1</ele>
      </trkpt>
      <trkpt lat="30.70206" lon="-96.8698">
        <ele>150.0</ele>
      </trkpt>
      <trkpt lat="30.70256" lon="-96.87004">
        <ele>147.4</ele>
      </trkpt>
      <trkpt lat="30.70259" lon="-96.87005">
        <ele>147.2</ele>
      </trkpt>
      <trkpt lat="30.70273" lon="-96.87012">
        <ele>146.8</ele>
      </trkpt>
      <trkpt lat="30.70289" lon="-96.8702">
        <ele>146.6</ele>
      </trkpt>
      <trkpt lat="30.70356" lon="-96.87052">
        <ele>148.3</ele>
      </trkpt>
      <trkpt lat="30.70405" lon="-96.87076">
        <ele>149.5</ele>
      </trkpt>
      <trkpt lat="30.70428" lon="-96.87088">
        <ele>150.3</ele>
      </trkpt>
      <trkpt lat="30.70428" lon="-96.87088">
        <ele>150.3</ele>
      </trkpt>
      <trkpt lat="30.70455" lon="-96.87014">
        <ele>151.2</ele>
      </trkpt>
      <trkpt lat="30.70471" lon="-96.86972">
        <ele>151.4</ele>
      </trkpt>
      <trkpt lat="30.70471" lon="-96.86972">
        <ele>151.4</ele>
      </trkpt>
      <trkpt lat="30.70471" lon="-96.86972">
        <ele>151.4</ele>
      </trkpt>
      <trkpt lat="30.70488" lon="-96.8692499">
        <ele>151.3</ele>
      </trkpt>
      <trkpt lat="30.70505" lon="-96.86882">
        <ele>151.1</ele>
      </trkpt>
      <trkpt lat="30.70548" lon="-96.8677">
        <ele>149.1</ele>
      </trkpt>
      <trkpt lat="30.7056" lon="-96.86739">
        <ele>149.0</ele>
      </trkpt>
      <trkpt lat="30.70563" lon="-96.86733">
        <ele>149.0</ele>
      </trkpt>
      <trkpt lat="30.70601" lon="-96.8664">
        <ele>151.0</ele>
      </trkpt>
      <trkpt lat="30.70606" lon="-96.86628">
        <ele>151.2</ele>
      </trkpt>
      <trkpt lat="30.70623" lon="-96.86585">
        <ele>151.4</ele>
      </trkpt>
      <trkpt lat="30.70623" lon="-96.86585">
        <ele>151.4</ele>
      </trkpt>
      <trkpt lat="30.70633" lon="-96.86568">
        <ele>151.3</ele>
      </trkpt>
      <trkpt lat="30.70636" lon="-96.86559">
        <ele>151.2</ele>
      </trkpt>
      <trkpt lat="30.70647" lon="-96.86533">
        <ele>150.9</ele>
      </trkpt>
      <trkpt lat="30.7066" lon="-96.8651">
        <ele>150.6</ele>
      </trkpt>
      <trkpt lat="30.70669" lon="-96.86499">
        <ele>150.5</ele>
      </trkpt>
      <trkpt lat="30.70674" lon="-96.8649499">
        <ele>150.4</ele>
      </trkpt>
    </trkseg>
  </trk>
</gpx>
