<?xml version="1.0" encoding="UTF-8"?>
<gpx xmlns:gpxdata="http://www.cluetrust.com/XML/GPXDATA/1/0" xmlns:xsi="http://www.w3.org/2001/XMLSchema-instance" xmlns="http://www.topografix.com/GPX/1/1" version="1.1" creator="http://ridewithgps.com/" xsi:schemaLocation="http://www.topografix.com/GPX/1/1 http://www.topografix.com/GPX/1/1/gpx.xsd http://www.cluetrust.com/XML/GPXDATA/1/0 http://www.cluetrust.com/Schemas/gpxdata10.xsd">
  <metadata>
    <name>2026 Renegade Rambler - 100 Miler</name>
    <link href="https://ridewithgps.com/routes/54052983">
      <text>2026 Renegade Rambler - 100 Miler</text>
    </link>
    <time>2026-02-22T20:42:22Z</time>
  </metadata>
  <wpt lat="33.162296295166016" lon="-96.3588028">
    <name>Western Trail Head</name>
    <cmt>trailhead</cmt>
    <desc>A western access point into a regional trail system, with gravel paths leading through fields and rolling terrain.</desc>
    <sym>Dot</sym>
    <type>info</type>
  </wpt>
  <wpt lat="33.4669258632337" lon="-96.08363751701444">
    <name>Rest Station</name>
    <cmt>aid_station</cmt>
    <sym>Dot</sym>
    <type>aid_station</type>
  </wpt>
  <trk>
    <name>2026 Renegade Rambler - 100 Miler</name>
    <trkseg>
      <trkpt lat="33.162309" lon="-96.35873">
        <ele>195.2</ele>
      </trkpt>
      <trkpt lat="33.162909" lon="-96.35851">
        <ele>195.2</ele>
      </trkpt>
      <trkpt lat="33.16351" lon="-96.35829">
        <ele>196.5</ele>
      </trkpt>
      <trkpt lat="33.16411" lon="-96.35808">
        <ele>197.3</ele>
      </trkpt>
      <trkpt lat="33.16442" lon="-96.35792">
        <ele>197.7</ele>
      </trkpt>
      <trkpt lat="33.164589" lon="-96.35784">
        <ele>197.8</ele>
      </trkpt>
      <trkpt lat="33.16478" lon="-96.35776">
        <ele>198.0</ele>
      </trkpt>
      <trkpt lat="33.16532" lon="-96.3575">
        <ele>198.0</ele>
      </trkpt>
      <trkpt lat="33.1659" lon="-96.35716">
        <ele>200.9</ele>
      </trkpt>
      <trkpt lat="33.16614" lon="-96.35701">
        <ele>200.8</ele>
      </trkpt>
      <trkpt lat="33.16637" lon="-96.35689">
        <ele>199.6</ele>
      </trkpt>
      <trkpt lat="33.16691" lon="-96.35648">
        <ele>199.2</ele>
      </trkpt>
      <trkpt lat="33.16734" lon="-96.35609">
        <ele>200.6</ele>
      </trkpt>
      <trkpt lat="33.16778" lon="-96.35571">
        <ele>200.8</ele>
      </trkpt>
      <trkpt lat="33.168" lon="-96.35547">
        <ele>200.8</ele>
      </trkpt>
      <trkpt lat="33.16818" lon="-96.35524">
        <ele>200.8</ele>
      </trkpt>
      <trkpt lat="33.16856" lon="-96.35476">
        <ele>201.0</ele>
      </trkpt>
      <trkpt lat="33.16893" lon="-96.35421">
        <ele>201.9</ele>
      </trkpt>
      <trkpt lat="33.16928" lon="-96.35368">
        <ele>201.7</ele>
      </trkpt>
      <trkpt lat="33.16953" lon="-96.35317">
        <ele>202.3</ele>
      </trkpt>
      <trkpt lat="33.16981" lon="-96.3527">
        <ele>202.9</ele>
      </trkpt>
      <trkpt lat="33.17028" lon="-96.35183">
        <ele>203.1</ele>
      </trkpt>
      <trkpt lat="33.17074" lon="-96.35096">
        <ele>203.5</ele>
      </trkpt>
      <trkpt lat="33.17121" lon="-96.35009">
        <ele>201.4</ele>
      </trkpt>
      <trkpt lat="33.17168" lon="-96.34922">
        <ele>201.2</ele>
      </trkpt>
      <trkpt lat="33.17202" lon="-96.34859">
        <ele>201.2</ele>
      </trkpt>
      <trkpt lat="33.17237" lon="-96.34797">
        <ele>201.5</ele>
      </trkpt>
      <trkpt lat="33.17271" lon="-96.34734">
        <ele>201.7</ele>
      </trkpt>
      <trkpt lat="33.17318" lon="-96.34649">
        <ele>201.3</ele>
      </trkpt>
      <trkpt lat="33.17364" lon="-96.34564">
        <ele>203.1</ele>
      </trkpt>
      <trkpt lat="33.1741" lon="-96.34478">
        <ele>205.2</ele>
      </trkpt>
      <trkpt lat="33.17457" lon="-96.34393">
        <ele>207.3</ele>
      </trkpt>
      <trkpt lat="33.17503" lon="-96.34308">
        <ele>207.3</ele>
      </trkpt>
      <trkpt lat="33.17549" lon="-96.34223">
        <ele>207.3</ele>
      </trkpt>
      <trkpt lat="33.17596" lon="-96.34138">
        <ele>207.2</ele>
      </trkpt>
      <trkpt lat="33.17633" lon="-96.34071">
        <ele>207.2</ele>
      </trkpt>
      <trkpt lat="33.17671" lon="-96.34004">
        <ele>207.2</ele>
      </trkpt>
      <trkpt lat="33.17705" lon="-96.33939">
        <ele>207.3</ele>
      </trkpt>
      <trkpt lat="33.1774" lon="-96.33875">
        <ele>207.3</ele>
      </trkpt>
      <trkpt lat="33.1774" lon="-96.33875">
        <ele>207.3</ele>
      </trkpt>
      <trkpt lat="33.177799" lon="-96.33799">
        <ele>207.3</ele>
      </trkpt>
      <trkpt lat="33.17807" lon="-96.33752">
        <ele>207.3</ele>
      </trkpt>
      <trkpt lat="33.178449" lon="-96.33684">
        <ele>204.8</ele>
      </trkpt>
      <trkpt lat="33.17882" lon="-96.33615">
        <ele>204.3</ele>
      </trkpt>
      <trkpt lat="33.1792" lon="-96.33546">
        <ele>203.6</ele>
      </trkpt>
      <trkpt lat="33.179609" lon="-96.33471">
        <ele>201.2</ele>
      </trkpt>
      <trkpt lat="33.18002" lon="-96.33396">
        <ele>198.1</ele>
      </trkpt>
      <trkpt lat="33.180439" lon="-96.33322">
        <ele>201.1</ele>
      </trkpt>
      <trkpt lat="33.180439" lon="-96.33322">
        <ele>201.1</ele>
      </trkpt>
      <trkpt lat="33.18084" lon="-96.33247">
        <ele>202.1</ele>
      </trkpt>
      <trkpt lat="33.18124" lon="-96.33172">
        <ele>204.3</ele>
      </trkpt>
      <trkpt lat="33.18164" lon="-96.33097">
        <ele>204.2</ele>
      </trkpt>
      <trkpt lat="33.182049" lon="-96.33029">
        <ele>205.0</ele>
      </trkpt>
      <trkpt lat="33.18245" lon="-96.32962">
        <ele>204.4</ele>
      </trkpt>
      <trkpt lat="33.18265" lon="-96.32929">
        <ele>204.2</ele>
      </trkpt>
      <trkpt lat="33.182879" lon="-96.32897">
        <ele>204.2</ele>
      </trkpt>
      <trkpt lat="33.18348" lon="-96.32822">
        <ele>202.1</ele>
      </trkpt>
      <trkpt lat="33.18348" lon="-96.32822">
        <ele>202.1</ele>
      </trkpt>
      <trkpt lat="33.183889" lon="-96.32769">
        <ele>201.3</ele>
      </trkpt>
      <trkpt lat="33.18431" lon="-96.32716">
        <ele>200.7</ele>
      </trkpt>
      <trkpt lat="33.18431" lon="-96.32716">
        <ele>200.7</ele>
      </trkpt>
      <trkpt lat="33.18462" lon="-96.32676">
        <ele>199.5</ele>
      </trkpt>
      <trkpt lat="33.1851" lon="-96.32618">
        <ele>198.2</ele>
      </trkpt>
      <trkpt lat="33.18557" lon="-96.3256">
        <ele>198.2</ele>
      </trkpt>
      <trkpt lat="33.18557" lon="-96.3256">
        <ele>198.2</ele>
      </trkpt>
      <trkpt lat="33.186059" lon="-96.32501">
        <ele>198.6</ele>
      </trkpt>
      <trkpt lat="33.18654" lon="-96.32442">
        <ele>200.2</ele>
      </trkpt>
      <trkpt lat="33.18703" lon="-96.32383">
        <ele>200.8</ele>
      </trkpt>
      <trkpt lat="33.18751" lon="-96.32324">
        <ele>201.2</ele>
      </trkpt>
      <trkpt lat="33.18751" lon="-96.32324">
        <ele>201.2</ele>
      </trkpt>
      <trkpt lat="33.187869" lon="-96.3228">
        <ele>201.2</ele>
      </trkpt>
      <trkpt lat="33.18824" lon="-96.32235">
        <ele>201.2</ele>
      </trkpt>
      <trkpt lat="33.18872" lon="-96.32174">
        <ele>201.1</ele>
      </trkpt>
      <trkpt lat="33.1892" lon="-96.32113">
        <ele>198.3</ele>
      </trkpt>
      <trkpt lat="33.18969" lon="-96.32052">
        <ele>197.7</ele>
      </trkpt>
      <trkpt lat="33.19017" lon="-96.31991">
        <ele>195.2</ele>
      </trkpt>
      <trkpt lat="33.190669" lon="-96.31932">
        <ele>195.1</ele>
      </trkpt>
      <trkpt lat="33.19118" lon="-96.31873">
        <ele>193.9</ele>
      </trkpt>
      <trkpt lat="33.19136" lon="-96.3185">
        <ele>195.1</ele>
      </trkpt>
      <trkpt lat="33.19136" lon="-96.3185">
        <ele>195.1</ele>
      </trkpt>
      <trkpt lat="33.19184" lon="-96.31791">
        <ele>195.1</ele>
      </trkpt>
      <trkpt lat="33.19231" lon="-96.31732">
        <ele>195.1</ele>
      </trkpt>
      <trkpt lat="33.19278" lon="-96.31673">
        <ele>195.1</ele>
      </trkpt>
      <trkpt lat="33.19326" lon="-96.31614">
        <ele>195.1</ele>
      </trkpt>
      <trkpt lat="33.193689" lon="-96.3156">
        <ele>195.1</ele>
      </trkpt>
      <trkpt lat="33.194119" lon="-96.31505">
        <ele>195.1</ele>
      </trkpt>
      <trkpt lat="33.19458" lon="-96.31449">
        <ele>195.1</ele>
      </trkpt>
      <trkpt lat="33.19504" lon="-96.31393">
        <ele>197.9</ele>
      </trkpt>
      <trkpt lat="33.1955" lon="-96.31337">
        <ele>198.2</ele>
      </trkpt>
      <trkpt lat="33.1955" lon="-96.31337">
        <ele>198.2</ele>
      </trkpt>
      <trkpt lat="33.19604" lon="-96.31271">
        <ele>200.2</ele>
      </trkpt>
      <trkpt lat="33.19659" lon="-96.31204">
        <ele>203.4</ele>
      </trkpt>
      <trkpt lat="33.19713" lon="-96.31138">
        <ele>204.1</ele>
      </trkpt>
      <trkpt lat="33.19767" lon="-96.31071">
        <ele>204.3</ele>
      </trkpt>
      <trkpt lat="33.19821" lon="-96.31005">
        <ele>204.7</ele>
      </trkpt>
      <trkpt lat="33.198749" lon="-96.30939">
        <ele>204.7</ele>
      </trkpt>
      <trkpt lat="33.19923" lon="-96.30877">
        <ele>204.6</ele>
      </trkpt>
      <trkpt lat="33.19971" lon="-96.30816">
        <ele>205.5</ele>
      </trkpt>
      <trkpt lat="33.199959" lon="-96.30785">
        <ele>206.4</ele>
      </trkpt>
      <trkpt lat="33.199959" lon="-96.30785">
        <ele>206.4</ele>
      </trkpt>
      <trkpt lat="33.20038" lon="-96.30733">
        <ele>207.3</ele>
      </trkpt>
      <trkpt lat="33.2008" lon="-96.30682">
        <ele>207.3</ele>
      </trkpt>
      <trkpt lat="33.201349" lon="-96.30613">
        <ele>208.7</ele>
      </trkpt>
      <trkpt lat="33.2019" lon="-96.30544">
        <ele>209.8</ele>
      </trkpt>
      <trkpt lat="33.20245" lon="-96.30475">
        <ele>209.9</ele>
      </trkpt>
      <trkpt lat="33.203" lon="-96.30406">
        <ele>210.3</ele>
      </trkpt>
      <trkpt lat="33.20355" lon="-96.30338">
        <ele>210.3</ele>
      </trkpt>
      <trkpt lat="33.20411" lon="-96.30269">
        <ele>209.8</ele>
      </trkpt>
      <trkpt lat="33.204659" lon="-96.302">
        <ele>207.7</ele>
      </trkpt>
      <trkpt lat="33.20517" lon="-96.30139">
        <ele>207.3</ele>
      </trkpt>
      <trkpt lat="33.205669" lon="-96.30078">
        <ele>207.3</ele>
      </trkpt>
      <trkpt lat="33.20618" lon="-96.30017">
        <ele>205.4</ele>
      </trkpt>
      <trkpt lat="33.20653" lon="-96.29976">
        <ele>205.7</ele>
      </trkpt>
      <trkpt lat="33.20713" lon="-96.29902">
        <ele>207.3</ele>
      </trkpt>
      <trkpt lat="33.20772" lon="-96.29829">
        <ele>209.4</ele>
      </trkpt>
      <trkpt lat="33.20832" lon="-96.29755">
        <ele>210.0</ele>
      </trkpt>
      <trkpt lat="33.2087" lon="-96.29706">
        <ele>210.3</ele>
      </trkpt>
      <trkpt lat="33.20908" lon="-96.29656">
        <ele>210.3</ele>
      </trkpt>
      <trkpt lat="33.20966" lon="-96.29589">
        <ele>207.3</ele>
      </trkpt>
      <trkpt lat="33.209719" lon="-96.29579">
        <ele>207.3</ele>
      </trkpt>
      <trkpt lat="33.20993" lon="-96.29551">
        <ele>207.2</ele>
      </trkpt>
      <trkpt lat="33.21024" lon="-96.29519">
        <ele>206.5</ele>
      </trkpt>
      <trkpt lat="33.21081" lon="-96.2945">
        <ele>205.4</ele>
      </trkpt>
      <trkpt lat="33.21081" lon="-96.2945">
        <ele>205.4</ele>
      </trkpt>
      <trkpt lat="33.211239" lon="-96.29397">
        <ele>204.3</ele>
      </trkpt>
      <trkpt lat="33.211669" lon="-96.29344">
        <ele>204.2</ele>
      </trkpt>
      <trkpt lat="33.21215" lon="-96.29285">
        <ele>202.9</ele>
      </trkpt>
      <trkpt lat="33.212629" lon="-96.29227">
        <ele>201.2</ele>
      </trkpt>
      <trkpt lat="33.21323" lon="-96.29151">
        <ele>200.3</ele>
      </trkpt>
      <trkpt lat="33.21369" lon="-96.29094">
        <ele>199.3</ele>
      </trkpt>
      <trkpt lat="33.214149" lon="-96.29036">
        <ele>198.3</ele>
      </trkpt>
      <trkpt lat="33.21435" lon="-96.2901">
        <ele>198.2</ele>
      </trkpt>
      <trkpt lat="33.21466" lon="-96.28973">
        <ele>198.1</ele>
      </trkpt>
      <trkpt lat="33.21466" lon="-96.28973">
        <ele>198.1</ele>
      </trkpt>
      <trkpt lat="33.215179" lon="-96.2891">
        <ele>198.2</ele>
      </trkpt>
      <trkpt lat="33.21571" lon="-96.28848">
        <ele>198.2</ele>
      </trkpt>
      <trkpt lat="33.21577" lon="-96.28839">
        <ele>198.2</ele>
      </trkpt>
      <trkpt lat="33.21577" lon="-96.28839">
        <ele>198.2</ele>
      </trkpt>
      <trkpt lat="33.21611" lon="-96.28794">
        <ele>198.2</ele>
      </trkpt>
      <trkpt lat="33.21644" lon="-96.2875">
        <ele>198.3</ele>
      </trkpt>
      <trkpt lat="33.21698" lon="-96.28688">
        <ele>198.1</ele>
      </trkpt>
      <trkpt lat="33.21698" lon="-96.28688">
        <ele>198.1</ele>
      </trkpt>
      <trkpt lat="33.21747" lon="-96.28628">
        <ele>196.7</ele>
      </trkpt>
      <trkpt lat="33.217959" lon="-96.28567">
        <ele>196.7</ele>
      </trkpt>
      <trkpt lat="33.218449" lon="-96.28507">
        <ele>197.1</ele>
      </trkpt>
      <trkpt lat="33.218449" lon="-96.28507">
        <ele>197.1</ele>
      </trkpt>
      <trkpt lat="33.218989" lon="-96.28441">
        <ele>197.8</ele>
      </trkpt>
      <trkpt lat="33.21953" lon="-96.28375">
        <ele>198.1</ele>
      </trkpt>
      <trkpt lat="33.22007" lon="-96.28309">
        <ele>198.5</ele>
      </trkpt>
      <trkpt lat="33.22061" lon="-96.28243">
        <ele>200.9</ele>
      </trkpt>
      <trkpt lat="33.22061" lon="-96.28243">
        <ele>200.9</ele>
      </trkpt>
      <trkpt lat="33.2212" lon="-96.2817">
        <ele>201.2</ele>
      </trkpt>
      <trkpt lat="33.22157" lon="-96.28122">
        <ele>201.9</ele>
      </trkpt>
      <trkpt lat="33.221939" lon="-96.28073">
        <ele>203.2</ele>
      </trkpt>
      <trkpt lat="33.22205" lon="-96.28081">
        <ele>203.2</ele>
      </trkpt>
      <trkpt lat="33.22214" lon="-96.28082">
        <ele>203.3</ele>
      </trkpt>
      <trkpt lat="33.22222" lon="-96.28074">
        <ele>203.5</ele>
      </trkpt>
      <trkpt lat="33.222279" lon="-96.28069">
        <ele>203.6</ele>
      </trkpt>
      <trkpt lat="33.22238" lon="-96.28065">
        <ele>203.8</ele>
      </trkpt>
      <trkpt lat="33.22252" lon="-96.28061">
        <ele>204.1</ele>
      </trkpt>
      <trkpt lat="33.22276" lon="-96.28059">
        <ele>204.2</ele>
      </trkpt>
      <trkpt lat="33.22355" lon="-96.28055">
        <ele>205.5</ele>
      </trkpt>
      <trkpt lat="33.224339" lon="-96.28052">
        <ele>205.0</ele>
      </trkpt>
      <trkpt lat="33.22514" lon="-96.28048">
        <ele>204.5</ele>
      </trkpt>
      <trkpt lat="33.22593" lon="-96.28045">
        <ele>204.6</ele>
      </trkpt>
      <trkpt lat="33.22593" lon="-96.28045">
        <ele>204.6</ele>
      </trkpt>
      <trkpt lat="33.2265" lon="-96.28042">
        <ele>204.7</ele>
      </trkpt>
      <trkpt lat="33.22706" lon="-96.2804">
        <ele>204.6</ele>
      </trkpt>
      <trkpt lat="33.22713" lon="-96.28038">
        <ele>204.6</ele>
      </trkpt>
      <trkpt lat="33.227179" lon="-96.28035">
        <ele>204.6</ele>
      </trkpt>
      <trkpt lat="33.22722" lon="-96.2803">
        <ele>204.6</ele>
      </trkpt>
      <trkpt lat="33.227249" lon="-96.28023">
        <ele>204.6</ele>
      </trkpt>
      <trkpt lat="33.227269" lon="-96.2801">
        <ele>204.7</ele>
      </trkpt>
      <trkpt lat="33.227249" lon="-96.27949">
        <ele>205.2</ele>
      </trkpt>
      <trkpt lat="33.22724" lon="-96.27889">
        <ele>206.0</ele>
      </trkpt>
      <trkpt lat="33.22722" lon="-96.27785">
        <ele>207.0</ele>
      </trkpt>
      <trkpt lat="33.2272" lon="-96.2768">
        <ele>208.3</ele>
      </trkpt>
      <trkpt lat="33.227179" lon="-96.27592">
        <ele>210.1</ele>
      </trkpt>
      <trkpt lat="33.22715" lon="-96.27496">
        <ele>211.0</ele>
      </trkpt>
      <trkpt lat="33.227159" lon="-96.27485">
        <ele>211.7</ele>
      </trkpt>
      <trkpt lat="33.22723" lon="-96.2746">
        <ele>212.7</ele>
      </trkpt>
      <trkpt lat="33.22731" lon="-96.27446">
        <ele>212.8</ele>
      </trkpt>
      <trkpt lat="33.22755" lon="-96.27415">
        <ele>213.1</ele>
      </trkpt>
      <trkpt lat="33.22816" lon="-96.27345">
        <ele>213.7</ele>
      </trkpt>
      <trkpt lat="33.22856" lon="-96.27291">
        <ele>213.1</ele>
      </trkpt>
      <trkpt lat="33.228879" lon="-96.27251">
        <ele>213.3</ele>
      </trkpt>
      <trkpt lat="33.228879" lon="-96.27251">
        <ele>213.3</ele>
      </trkpt>
      <trkpt lat="33.228879" lon="-96.27251">
        <ele>213.3</ele>
      </trkpt>
      <trkpt lat="33.22899" lon="-96.27236">
        <ele>213.3</ele>
      </trkpt>
      <trkpt lat="33.22918" lon="-96.27216">
        <ele>213.3</ele>
      </trkpt>
      <trkpt lat="33.229349" lon="-96.27202">
        <ele>213.5</ele>
      </trkpt>
      <trkpt lat="33.22946" lon="-96.27198">
        <ele>213.5</ele>
      </trkpt>
      <trkpt lat="33.22961" lon="-96.27196">
        <ele>214.2</ele>
      </trkpt>
      <trkpt lat="33.23046" lon="-96.27194">
        <ele>217.0</ele>
      </trkpt>
      <trkpt lat="33.231319" lon="-96.27192">
        <ele>218.1</ele>
      </trkpt>
      <trkpt lat="33.232039" lon="-96.27191">
        <ele>218.2</ele>
      </trkpt>
      <trkpt lat="33.23276" lon="-96.27191">
        <ele>218.1</ele>
      </trkpt>
      <trkpt lat="33.233159" lon="-96.27192">
        <ele>218.1</ele>
      </trkpt>
      <trkpt lat="33.23395" lon="-96.27191">
        <ele>217.8</ele>
      </trkpt>
      <trkpt lat="33.23474" lon="-96.2719">
        <ele>218.0</ele>
      </trkpt>
      <trkpt lat="33.23552" lon="-96.27189">
        <ele>218.5</ele>
      </trkpt>
      <trkpt lat="33.23631" lon="-96.27188">
        <ele>217.8</ele>
      </trkpt>
      <trkpt lat="33.23631" lon="-96.27188">
        <ele>217.8</ele>
      </trkpt>
      <trkpt lat="33.236829" lon="-96.27187">
        <ele>217.3</ele>
      </trkpt>
      <trkpt lat="33.23687" lon="-96.27281">
        <ele>216.0</ele>
      </trkpt>
      <trkpt lat="33.23687" lon="-96.27361">
        <ele>215.4</ele>
      </trkpt>
      <trkpt lat="33.23688" lon="-96.27442">
        <ele>213.0</ele>
      </trkpt>
      <trkpt lat="33.23688" lon="-96.27477">
        <ele>212.6</ele>
      </trkpt>
      <trkpt lat="33.2369" lon="-96.27491">
        <ele>212.2</ele>
      </trkpt>
      <trkpt lat="33.236919" lon="-96.275">
        <ele>211.9</ele>
      </trkpt>
      <trkpt lat="33.23695" lon="-96.27505">
        <ele>211.6</ele>
      </trkpt>
      <trkpt lat="33.23699" lon="-96.27509">
        <ele>211.4</ele>
      </trkpt>
      <trkpt lat="33.23708" lon="-96.27512">
        <ele>211.1</ele>
      </trkpt>
      <trkpt lat="33.237209" lon="-96.27515">
        <ele>210.8</ele>
      </trkpt>
      <trkpt lat="33.23743" lon="-96.27518">
        <ele>210.7</ele>
      </trkpt>
      <trkpt lat="33.23812" lon="-96.27515">
        <ele>211.1</ele>
      </trkpt>
      <trkpt lat="33.23881" lon="-96.27511">
        <ele>211.7</ele>
      </trkpt>
      <trkpt lat="33.2395" lon="-96.27507">
        <ele>212.8</ele>
      </trkpt>
      <trkpt lat="33.2395" lon="-96.27507">
        <ele>212.8</ele>
      </trkpt>
      <trkpt lat="33.23996" lon="-96.27505">
        <ele>213.2</ele>
      </trkpt>
      <trkpt lat="33.24031" lon="-96.27505">
        <ele>213.0</ele>
      </trkpt>
      <trkpt lat="33.24053" lon="-96.27502">
        <ele>212.5</ele>
      </trkpt>
      <trkpt lat="33.240609" lon="-96.275">
        <ele>212.4</ele>
      </trkpt>
      <trkpt lat="33.240679" lon="-96.27495">
        <ele>212.5</ele>
      </trkpt>
      <trkpt lat="33.24072" lon="-96.27488">
        <ele>212.7</ele>
      </trkpt>
      <trkpt lat="33.24076" lon="-96.27479">
        <ele>212.9</ele>
      </trkpt>
      <trkpt lat="33.24076" lon="-96.27465">
        <ele>213.2</ele>
      </trkpt>
      <trkpt lat="33.24074" lon="-96.27366">
        <ele>214.1</ele>
      </trkpt>
      <trkpt lat="33.24071" lon="-96.27268">
        <ele>214.9</ele>
      </trkpt>
      <trkpt lat="33.24069" lon="-96.27169">
        <ele>216.0</ele>
      </trkpt>
      <trkpt lat="33.24066" lon="-96.2707">
        <ele>216.3</ele>
      </trkpt>
      <trkpt lat="33.24064" lon="-96.26971">
        <ele>217.0</ele>
      </trkpt>
      <trkpt lat="33.241329" lon="-96.26969">
        <ele>217.8</ele>
      </trkpt>
      <trkpt lat="33.24203" lon="-96.26968">
        <ele>218.5</ele>
      </trkpt>
      <trkpt lat="33.24284" lon="-96.26964">
        <ele>219.1</ele>
      </trkpt>
      <trkpt lat="33.24365" lon="-96.26961">
        <ele>218.7</ele>
      </trkpt>
      <trkpt lat="33.244459" lon="-96.26957">
        <ele>218.1</ele>
      </trkpt>
      <trkpt lat="33.245199" lon="-96.26955">
        <ele>216.3</ele>
      </trkpt>
      <trkpt lat="33.245939" lon="-96.26953">
        <ele>213.9</ele>
      </trkpt>
      <trkpt lat="33.246389" lon="-96.26953">
        <ele>211.7</ele>
      </trkpt>
      <trkpt lat="33.246389" lon="-96.26953">
        <ele>211.7</ele>
      </trkpt>
      <trkpt lat="33.24689" lon="-96.26953">
        <ele>208.6</ele>
      </trkpt>
      <trkpt lat="33.24739" lon="-96.26953">
        <ele>206.5</ele>
      </trkpt>
      <trkpt lat="33.24748" lon="-96.26951">
        <ele>206.5</ele>
      </trkpt>
      <trkpt lat="33.247529" lon="-96.26949">
        <ele>206.5</ele>
      </trkpt>
      <trkpt lat="33.24756" lon="-96.26943">
        <ele>206.7</ele>
      </trkpt>
      <trkpt lat="33.24758" lon="-96.26938">
        <ele>206.8</ele>
      </trkpt>
      <trkpt lat="33.24759" lon="-96.26926">
        <ele>207.0</ele>
      </trkpt>
      <trkpt lat="33.247549" lon="-96.2687">
        <ele>208.6</ele>
      </trkpt>
      <trkpt lat="33.24756" lon="-96.26806">
        <ele>208.3</ele>
      </trkpt>
      <trkpt lat="33.24754" lon="-96.26743">
        <ele>207.7</ele>
      </trkpt>
      <trkpt lat="33.24752" lon="-96.2668">
        <ele>209.5</ele>
      </trkpt>
      <trkpt lat="33.24749" lon="-96.26579">
        <ele>207.6</ele>
      </trkpt>
      <trkpt lat="33.24747" lon="-96.26479">
        <ele>205.9</ele>
      </trkpt>
      <trkpt lat="33.24745" lon="-96.26379">
        <ele>203.3</ele>
      </trkpt>
      <trkpt lat="33.24743" lon="-96.26278">
        <ele>200.5</ele>
      </trkpt>
      <trkpt lat="33.247439" lon="-96.26253">
        <ele>200.3</ele>
      </trkpt>
      <trkpt lat="33.247439" lon="-96.26235">
        <ele>200.3</ele>
      </trkpt>
      <trkpt lat="33.24736" lon="-96.26192">
        <ele>200.7</ele>
      </trkpt>
      <trkpt lat="33.24736" lon="-96.26192">
        <ele>200.7</ele>
      </trkpt>
      <trkpt lat="33.247349" lon="-96.26189">
        <ele>200.7</ele>
      </trkpt>
      <trkpt lat="33.24734" lon="-96.26156">
        <ele>200.9</ele>
      </trkpt>
      <trkpt lat="33.24732" lon="-96.26108">
        <ele>200.9</ele>
      </trkpt>
      <trkpt lat="33.247329" lon="-96.26076">
        <ele>200.9</ele>
      </trkpt>
      <trkpt lat="33.2479" lon="-96.26074">
        <ele>199.9</ele>
      </trkpt>
      <trkpt lat="33.24848" lon="-96.26071">
        <ele>199.6</ele>
      </trkpt>
      <trkpt lat="33.24924" lon="-96.26071">
        <ele>199.4</ele>
      </trkpt>
      <trkpt lat="33.25" lon="-96.2607">
        <ele>198.8</ele>
      </trkpt>
      <trkpt lat="33.25033" lon="-96.26066">
        <ele>198.7</ele>
      </trkpt>
      <trkpt lat="33.25043" lon="-96.26064">
        <ele>198.8</ele>
      </trkpt>
      <trkpt lat="33.25048" lon="-96.26061">
        <ele>198.8</ele>
      </trkpt>
      <trkpt lat="33.25066" lon="-96.26048">
        <ele>198.6</ele>
      </trkpt>
      <trkpt lat="33.25117" lon="-96.26001">
        <ele>200.8</ele>
      </trkpt>
      <trkpt lat="33.25154" lon="-96.25966">
        <ele>201.8</ele>
      </trkpt>
      <trkpt lat="33.25189" lon="-96.25929">
        <ele>203.1</ele>
      </trkpt>
      <trkpt lat="33.252249" lon="-96.25893">
        <ele>203.0</ele>
      </trkpt>
      <trkpt lat="33.25251" lon="-96.25869">
        <ele>203.0</ele>
      </trkpt>
      <trkpt lat="33.25262" lon="-96.25861">
        <ele>203.3</ele>
      </trkpt>
      <trkpt lat="33.25285" lon="-96.25853">
        <ele>203.3</ele>
      </trkpt>
      <trkpt lat="33.25332" lon="-96.25837">
        <ele>200.7</ele>
      </trkpt>
      <trkpt lat="33.25347" lon="-96.25832">
        <ele>199.0</ele>
      </trkpt>
      <trkpt lat="33.25387" lon="-96.25815">
        <ele>197.5</ele>
      </trkpt>
      <trkpt lat="33.25397" lon="-96.2581">
        <ele>197.8</ele>
      </trkpt>
      <trkpt lat="33.25454" lon="-96.25764">
        <ele>200.3</ele>
      </trkpt>
      <trkpt lat="33.2546" lon="-96.25762">
        <ele>200.4</ele>
      </trkpt>
      <trkpt lat="33.25501" lon="-96.25756">
        <ele>202.8</ele>
      </trkpt>
      <trkpt lat="33.25529" lon="-96.25757">
        <ele>204.6</ele>
      </trkpt>
      <trkpt lat="33.25558" lon="-96.2576">
        <ele>205.0</ele>
      </trkpt>
      <trkpt lat="33.25573" lon="-96.25759">
        <ele>204.9</ele>
      </trkpt>
      <trkpt lat="33.25603" lon="-96.25752">
        <ele>203.8</ele>
      </trkpt>
      <trkpt lat="33.25667" lon="-96.2575">
        <ele>199.4</ele>
      </trkpt>
      <trkpt lat="33.257309" lon="-96.25748">
        <ele>199.8</ele>
      </trkpt>
      <trkpt lat="33.25777" lon="-96.25747">
        <ele>202.0</ele>
      </trkpt>
      <trkpt lat="33.25822" lon="-96.25746">
        <ele>205.0</ele>
      </trkpt>
      <trkpt lat="33.258699" lon="-96.25742">
        <ele>204.3</ele>
      </trkpt>
      <trkpt lat="33.25918" lon="-96.25737">
        <ele>203.7</ele>
      </trkpt>
      <trkpt lat="33.25927" lon="-96.25738">
        <ele>203.7</ele>
      </trkpt>
      <trkpt lat="33.25941" lon="-96.25742">
        <ele>203.8</ele>
      </trkpt>
      <trkpt lat="33.259459" lon="-96.25745">
        <ele>203.8</ele>
      </trkpt>
      <trkpt lat="33.25954" lon="-96.25755">
        <ele>203.6</ele>
      </trkpt>
      <trkpt lat="33.25958" lon="-96.25765">
        <ele>203.2</ele>
      </trkpt>
      <trkpt lat="33.25961" lon="-96.25776">
        <ele>202.4</ele>
      </trkpt>
      <trkpt lat="33.25962" lon="-96.2585">
        <ele>200.0</ele>
      </trkpt>
      <trkpt lat="33.25963" lon="-96.25924">
        <ele>200.2</ele>
      </trkpt>
      <trkpt lat="33.25965" lon="-96.25997">
        <ele>199.1</ele>
      </trkpt>
      <trkpt lat="33.25968" lon="-96.26004">
        <ele>199.0</ele>
      </trkpt>
      <trkpt lat="33.259729" lon="-96.26009">
        <ele>198.9</ele>
      </trkpt>
      <trkpt lat="33.259819" lon="-96.26015">
        <ele>198.8</ele>
      </trkpt>
      <trkpt lat="33.25992" lon="-96.26019">
        <ele>198.7</ele>
      </trkpt>
      <trkpt lat="33.26005" lon="-96.2602">
        <ele>198.7</ele>
      </trkpt>
      <trkpt lat="33.26077" lon="-96.26018">
        <ele>198.8</ele>
      </trkpt>
      <trkpt lat="33.26149" lon="-96.26016">
        <ele>199.2</ele>
      </trkpt>
      <trkpt lat="33.26234" lon="-96.26005">
        <ele>196.5</ele>
      </trkpt>
      <trkpt lat="33.26251" lon="-96.26001">
        <ele>195.7</ele>
      </trkpt>
      <trkpt lat="33.26308" lon="-96.25995">
        <ele>195.6</ele>
      </trkpt>
      <trkpt lat="33.26319" lon="-96.25996">
        <ele>195.8</ele>
      </trkpt>
      <trkpt lat="33.2633" lon="-96.26001">
        <ele>195.8</ele>
      </trkpt>
      <trkpt lat="33.26344" lon="-96.2601">
        <ele>195.8</ele>
      </trkpt>
      <trkpt lat="33.26371" lon="-96.26031">
        <ele>195.8</ele>
      </trkpt>
      <trkpt lat="33.263849" lon="-96.2604">
        <ele>195.7</ele>
      </trkpt>
      <trkpt lat="33.263959" lon="-96.26043">
        <ele>195.8</ele>
      </trkpt>
      <trkpt lat="33.264049" lon="-96.26043">
        <ele>195.8</ele>
      </trkpt>
      <trkpt lat="33.26477" lon="-96.26043">
        <ele>195.3</ele>
      </trkpt>
      <trkpt lat="33.26549" lon="-96.26044">
        <ele>196.6</ele>
      </trkpt>
      <trkpt lat="33.266219" lon="-96.26044">
        <ele>198.3</ele>
      </trkpt>
      <trkpt lat="33.266219" lon="-96.26044">
        <ele>198.3</ele>
      </trkpt>
      <trkpt lat="33.26691" lon="-96.26043">
        <ele>198.9</ele>
      </trkpt>
      <trkpt lat="33.26759" lon="-96.26041">
        <ele>200.7</ele>
      </trkpt>
      <trkpt lat="33.268279" lon="-96.2604">
        <ele>200.6</ele>
      </trkpt>
      <trkpt lat="33.26876" lon="-96.26038">
        <ele>199.4</ele>
      </trkpt>
      <trkpt lat="33.26923" lon="-96.26036">
        <ele>198.2</ele>
      </trkpt>
      <trkpt lat="33.269199" lon="-96.25931">
        <ele>200.8</ele>
      </trkpt>
      <trkpt lat="33.26917" lon="-96.25826">
        <ele>204.3</ele>
      </trkpt>
      <trkpt lat="33.26914" lon="-96.25722">
        <ele>202.8</ele>
      </trkpt>
      <trkpt lat="33.26909" lon="-96.2562">
        <ele>201.3</ele>
      </trkpt>
      <trkpt lat="33.26905" lon="-96.25519">
        <ele>206.9</ele>
      </trkpt>
      <trkpt lat="33.269019" lon="-96.25445">
        <ele>204.0</ele>
      </trkpt>
      <trkpt lat="33.26899" lon="-96.25371">
        <ele>200.8</ele>
      </trkpt>
      <trkpt lat="33.26899" lon="-96.25371">
        <ele>200.8</ele>
      </trkpt>
      <trkpt lat="33.26897" lon="-96.25288">
        <ele>198.9</ele>
      </trkpt>
      <trkpt lat="33.26894" lon="-96.25205">
        <ele>197.4</ele>
      </trkpt>
      <trkpt lat="33.26891" lon="-96.25122">
        <ele>194.5</ele>
      </trkpt>
      <trkpt lat="33.26889" lon="-96.25107">
        <ele>194.2</ele>
      </trkpt>
      <trkpt lat="33.268859" lon="-96.25092">
        <ele>193.9</ele>
      </trkpt>
      <trkpt lat="33.26878" lon="-96.2508">
        <ele>193.8</ele>
      </trkpt>
      <trkpt lat="33.268389" lon="-96.25038">
        <ele>193.4</ele>
      </trkpt>
      <trkpt lat="33.26821" lon="-96.25015">
        <ele>192.6</ele>
      </trkpt>
      <trkpt lat="33.26815" lon="-96.24998">
        <ele>192.1</ele>
      </trkpt>
      <trkpt lat="33.26809" lon="-96.24957">
        <ele>189.9</ele>
      </trkpt>
      <trkpt lat="33.26804" lon="-96.24943">
        <ele>191.5</ele>
      </trkpt>
      <trkpt lat="33.26796" lon="-96.24934">
        <ele>192.9</ele>
      </trkpt>
      <trkpt lat="33.26787" lon="-96.24916">
        <ele>192.6</ele>
      </trkpt>
      <trkpt lat="33.26756" lon="-96.24883">
        <ele>192.7</ele>
      </trkpt>
      <trkpt lat="33.267319" lon="-96.24859">
        <ele>193.0</ele>
      </trkpt>
      <trkpt lat="33.2672" lon="-96.24839">
        <ele>193.2</ele>
      </trkpt>
      <trkpt lat="33.26715" lon="-96.24826">
        <ele>193.6</ele>
      </trkpt>
      <trkpt lat="33.26709" lon="-96.2481">
        <ele>194.0</ele>
      </trkpt>
      <trkpt lat="33.26706" lon="-96.24786">
        <ele>194.7</ele>
      </trkpt>
      <trkpt lat="33.26703" lon="-96.24704">
        <ele>196.1</ele>
      </trkpt>
      <trkpt lat="33.26702" lon="-96.24613">
        <ele>199.3</ele>
      </trkpt>
      <trkpt lat="33.26701" lon="-96.24523">
        <ele>201.8</ele>
      </trkpt>
      <trkpt lat="33.267" lon="-96.24432">
        <ele>202.1</ele>
      </trkpt>
      <trkpt lat="33.26699" lon="-96.24341">
        <ele>202.9</ele>
      </trkpt>
      <trkpt lat="33.266979" lon="-96.24251">
        <ele>205.7</ele>
      </trkpt>
      <trkpt lat="33.266979" lon="-96.24174">
        <ele>207.8</ele>
      </trkpt>
      <trkpt lat="33.266979" lon="-96.24096">
        <ele>206.6</ele>
      </trkpt>
      <trkpt lat="33.26697" lon="-96.24055">
        <ele>205.6</ele>
      </trkpt>
      <trkpt lat="33.26771" lon="-96.24054">
        <ele>204.1</ele>
      </trkpt>
      <trkpt lat="33.268459" lon="-96.24053">
        <ele>203.2</ele>
      </trkpt>
      <trkpt lat="33.269199" lon="-96.24052">
        <ele>201.6</ele>
      </trkpt>
      <trkpt lat="33.26994" lon="-96.24051">
        <ele>200.7</ele>
      </trkpt>
      <trkpt lat="33.26994" lon="-96.24051">
        <ele>200.7</ele>
      </trkpt>
      <trkpt lat="33.27078" lon="-96.24049">
        <ele>200.1</ele>
      </trkpt>
      <trkpt lat="33.27161" lon="-96.24048">
        <ele>201.9</ele>
      </trkpt>
      <trkpt lat="33.27245" lon="-96.24046">
        <ele>203.5</ele>
      </trkpt>
      <trkpt lat="33.27292" lon="-96.24046">
        <ele>204.1</ele>
      </trkpt>
      <trkpt lat="33.27338" lon="-96.24046">
        <ele>205.6</ele>
      </trkpt>
      <trkpt lat="33.27385" lon="-96.24045">
        <ele>206.9</ele>
      </trkpt>
      <trkpt lat="33.27432" lon="-96.24044">
        <ele>207.6</ele>
      </trkpt>
      <trkpt lat="33.27503" lon="-96.24042">
        <ele>207.9</ele>
      </trkpt>
      <trkpt lat="33.27574" lon="-96.2404">
        <ele>206.7</ele>
      </trkpt>
      <trkpt lat="33.276449" lon="-96.24038">
        <ele>207.1</ele>
      </trkpt>
      <trkpt lat="33.27716" lon="-96.24036">
        <ele>207.1</ele>
      </trkpt>
      <trkpt lat="33.2778" lon="-96.24035">
        <ele>203.8</ele>
      </trkpt>
      <trkpt lat="33.27843" lon="-96.24034">
        <ele>205.9</ele>
      </trkpt>
      <trkpt lat="33.27906" lon="-96.24033">
        <ele>208.8</ele>
      </trkpt>
      <trkpt lat="33.27957" lon="-96.2403">
        <ele>208.9</ele>
      </trkpt>
      <trkpt lat="33.280079" lon="-96.24028">
        <ele>208.2</ele>
      </trkpt>
      <trkpt lat="33.280099" lon="-96.2411">
        <ele>203.9</ele>
      </trkpt>
      <trkpt lat="33.28009" lon="-96.24183">
        <ele>201.1</ele>
      </trkpt>
      <trkpt lat="33.28007" lon="-96.24256">
        <ele>198.0</ele>
      </trkpt>
      <trkpt lat="33.28006" lon="-96.24329">
        <ele>197.5</ele>
      </trkpt>
      <trkpt lat="33.28058" lon="-96.24327">
        <ele>199.0</ele>
      </trkpt>
      <trkpt lat="33.2811" lon="-96.24325">
        <ele>199.7</ele>
      </trkpt>
      <trkpt lat="33.28174" lon="-96.24322">
        <ele>199.2</ele>
      </trkpt>
      <trkpt lat="33.28238" lon="-96.24319">
        <ele>198.8</ele>
      </trkpt>
      <trkpt lat="33.283009" lon="-96.24316">
        <ele>199.1</ele>
      </trkpt>
      <trkpt lat="33.28349" lon="-96.24315">
        <ele>200.0</ele>
      </trkpt>
      <trkpt lat="33.283969" lon="-96.24313">
        <ele>200.6</ele>
      </trkpt>
      <trkpt lat="33.28457" lon="-96.24314">
        <ele>200.1</ele>
      </trkpt>
      <trkpt lat="33.28517" lon="-96.24314">
        <ele>198.0</ele>
      </trkpt>
      <trkpt lat="33.28582" lon="-96.24313">
        <ele>198.6</ele>
      </trkpt>
      <trkpt lat="33.286479" lon="-96.24313">
        <ele>198.9</ele>
      </trkpt>
      <trkpt lat="33.286569" lon="-96.24313">
        <ele>198.9</ele>
      </trkpt>
      <trkpt lat="33.28663" lon="-96.24315">
        <ele>198.9</ele>
      </trkpt>
      <trkpt lat="33.28672" lon="-96.2432">
        <ele>198.7</ele>
      </trkpt>
      <trkpt lat="33.28676" lon="-96.24333">
        <ele>198.2</ele>
      </trkpt>
      <trkpt lat="33.286769" lon="-96.24346">
        <ele>197.6</ele>
      </trkpt>
      <trkpt lat="33.28678" lon="-96.24407">
        <ele>194.7</ele>
      </trkpt>
      <trkpt lat="33.28678" lon="-96.2449">
        <ele>195.4</ele>
      </trkpt>
      <trkpt lat="33.28679" lon="-96.24572">
        <ele>198.2</ele>
      </trkpt>
      <trkpt lat="33.28679" lon="-96.24654">
        <ele>197.0</ele>
      </trkpt>
      <trkpt lat="33.28679" lon="-96.24736">
        <ele>196.2</ele>
      </trkpt>
      <trkpt lat="33.28679" lon="-96.24736">
        <ele>196.2</ele>
      </trkpt>
      <trkpt lat="33.2868" lon="-96.24829">
        <ele>198.0</ele>
      </trkpt>
      <trkpt lat="33.28681" lon="-96.24922">
        <ele>197.7</ele>
      </trkpt>
      <trkpt lat="33.28682" lon="-96.25016">
        <ele>194.6</ele>
      </trkpt>
      <trkpt lat="33.28685" lon="-96.25031">
        <ele>193.6</ele>
      </trkpt>
      <trkpt lat="33.28692" lon="-96.25038">
        <ele>193.3</ele>
      </trkpt>
      <trkpt lat="33.287" lon="-96.2504">
        <ele>193.5</ele>
      </trkpt>
      <trkpt lat="33.28765" lon="-96.25039">
        <ele>195.2</ele>
      </trkpt>
      <trkpt lat="33.28851" lon="-96.25043">
        <ele>197.6</ele>
      </trkpt>
      <trkpt lat="33.288739" lon="-96.25045">
        <ele>196.1</ele>
      </trkpt>
      <trkpt lat="33.2889" lon="-96.2505">
        <ele>195.2</ele>
      </trkpt>
      <trkpt lat="33.28913" lon="-96.25059">
        <ele>193.4</ele>
      </trkpt>
      <trkpt lat="33.28929" lon="-96.25067">
        <ele>193.1</ele>
      </trkpt>
      <trkpt lat="33.28944" lon="-96.25071">
        <ele>193.0</ele>
      </trkpt>
      <trkpt lat="33.28967" lon="-96.25075">
        <ele>193.5</ele>
      </trkpt>
      <trkpt lat="33.290129" lon="-96.25074">
        <ele>195.4</ele>
      </trkpt>
      <trkpt lat="33.29059" lon="-96.25074">
        <ele>195.3</ele>
      </trkpt>
      <trkpt lat="33.29131" lon="-96.25073">
        <ele>194.0</ele>
      </trkpt>
      <trkpt lat="33.292029" lon="-96.25071">
        <ele>193.1</ele>
      </trkpt>
      <trkpt lat="33.292749" lon="-96.2507">
        <ele>189.3</ele>
      </trkpt>
      <trkpt lat="33.29347" lon="-96.25068">
        <ele>188.2</ele>
      </trkpt>
      <trkpt lat="33.29419" lon="-96.25067">
        <ele>186.7</ele>
      </trkpt>
      <trkpt lat="33.29478" lon="-96.25068">
        <ele>184.5</ele>
      </trkpt>
      <trkpt lat="33.295119" lon="-96.25071">
        <ele>182.2</ele>
      </trkpt>
      <trkpt lat="33.29587" lon="-96.25069">
        <ele>184.0</ele>
      </trkpt>
      <trkpt lat="33.29663" lon="-96.25067">
        <ele>186.6</ele>
      </trkpt>
      <trkpt lat="33.297379" lon="-96.25066">
        <ele>190.1</ele>
      </trkpt>
      <trkpt lat="33.298139" lon="-96.25064">
        <ele>191.2</ele>
      </trkpt>
      <trkpt lat="33.29889" lon="-96.25062">
        <ele>188.1</ele>
      </trkpt>
      <trkpt lat="33.29965" lon="-96.25061">
        <ele>183.3</ele>
      </trkpt>
      <trkpt lat="33.29999" lon="-96.25061">
        <ele>184.8</ele>
      </trkpt>
      <trkpt lat="33.29999" lon="-96.25061">
        <ele>184.8</ele>
      </trkpt>
      <trkpt lat="33.300669" lon="-96.2506">
        <ele>188.9</ele>
      </trkpt>
      <trkpt lat="33.30068" lon="-96.25151">
        <ele>189.3</ele>
      </trkpt>
      <trkpt lat="33.30069" lon="-96.25242">
        <ele>185.8</ele>
      </trkpt>
      <trkpt lat="33.30068" lon="-96.25347">
        <ele>184.2</ele>
      </trkpt>
      <trkpt lat="33.30069" lon="-96.25445">
        <ele>188.2</ele>
      </trkpt>
      <trkpt lat="33.30069" lon="-96.25542">
        <ele>189.0</ele>
      </trkpt>
      <trkpt lat="33.3007" lon="-96.2564">
        <ele>188.1</ele>
      </trkpt>
      <trkpt lat="33.30072" lon="-96.25709">
        <ele>185.9</ele>
      </trkpt>
      <trkpt lat="33.30075" lon="-96.25779">
        <ele>185.3</ele>
      </trkpt>
      <trkpt lat="33.30077" lon="-96.25849">
        <ele>183.6</ele>
      </trkpt>
      <trkpt lat="33.30079" lon="-96.25919">
        <ele>186.1</ele>
      </trkpt>
      <trkpt lat="33.30082" lon="-96.25942">
        <ele>187.3</ele>
      </trkpt>
      <trkpt lat="33.30086" lon="-96.25968">
        <ele>188.6</ele>
      </trkpt>
      <trkpt lat="33.30095" lon="-96.26007">
        <ele>189.1</ele>
      </trkpt>
      <trkpt lat="33.301049" lon="-96.26037">
        <ele>189.1</ele>
      </trkpt>
      <trkpt lat="33.301409" lon="-96.26115">
        <ele>188.4</ele>
      </trkpt>
      <trkpt lat="33.301769" lon="-96.26193">
        <ele>187.4</ele>
      </trkpt>
      <trkpt lat="33.30213" lon="-96.26271">
        <ele>187.0</ele>
      </trkpt>
      <trkpt lat="33.302439" lon="-96.26266">
        <ele>188.7</ele>
      </trkpt>
      <trkpt lat="33.30263" lon="-96.26259">
        <ele>189.3</ele>
      </trkpt>
      <trkpt lat="33.30283" lon="-96.26248">
        <ele>189.6</ele>
      </trkpt>
      <trkpt lat="33.30312" lon="-96.26231">
        <ele>190.4</ele>
      </trkpt>
      <trkpt lat="33.303199" lon="-96.26228">
        <ele>190.7</ele>
      </trkpt>
      <trkpt lat="33.3038" lon="-96.26227">
        <ele>192.3</ele>
      </trkpt>
      <trkpt lat="33.304389" lon="-96.26226">
        <ele>192.9</ele>
      </trkpt>
      <trkpt lat="33.304479" lon="-96.26229">
        <ele>192.9</ele>
      </trkpt>
      <trkpt lat="33.30462" lon="-96.26231">
        <ele>193.0</ele>
      </trkpt>
      <trkpt lat="33.30472" lon="-96.26237">
        <ele>193.0</ele>
      </trkpt>
      <trkpt lat="33.30483" lon="-96.26246">
        <ele>193.0</ele>
      </trkpt>
      <trkpt lat="33.30496" lon="-96.2626">
        <ele>192.9</ele>
      </trkpt>
      <trkpt lat="33.30509" lon="-96.26278">
        <ele>192.8</ele>
      </trkpt>
      <trkpt lat="33.3052" lon="-96.26298">
        <ele>192.4</ele>
      </trkpt>
      <trkpt lat="33.30527" lon="-96.26319">
        <ele>191.7</ele>
      </trkpt>
      <trkpt lat="33.30531" lon="-96.26337">
        <ele>191.1</ele>
      </trkpt>
      <trkpt lat="33.30532" lon="-96.26424">
        <ele>189.3</ele>
      </trkpt>
      <trkpt lat="33.30536" lon="-96.26476">
        <ele>187.2</ele>
      </trkpt>
      <trkpt lat="33.30541" lon="-96.26497">
        <ele>186.3</ele>
      </trkpt>
      <trkpt lat="33.305459" lon="-96.26505">
        <ele>185.9</ele>
      </trkpt>
      <trkpt lat="33.30554" lon="-96.26511">
        <ele>185.4</ele>
      </trkpt>
      <trkpt lat="33.3056" lon="-96.26514">
        <ele>185.1</ele>
      </trkpt>
      <trkpt lat="33.305709" lon="-96.26516">
        <ele>184.6</ele>
      </trkpt>
      <trkpt lat="33.30579" lon="-96.26517">
        <ele>184.3</ele>
      </trkpt>
      <trkpt lat="33.30668" lon="-96.26514">
        <ele>185.4</ele>
      </trkpt>
      <trkpt lat="33.30757" lon="-96.2651">
        <ele>189.9</ele>
      </trkpt>
      <trkpt lat="33.30847" lon="-96.26507">
        <ele>192.6</ele>
      </trkpt>
      <trkpt lat="33.309359" lon="-96.26504">
        <ele>190.9</ele>
      </trkpt>
      <trkpt lat="33.31025" lon="-96.265">
        <ele>185.9</ele>
      </trkpt>
      <trkpt lat="33.311149" lon="-96.26497">
        <ele>180.5</ele>
      </trkpt>
      <trkpt lat="33.31168" lon="-96.26494">
        <ele>179.7</ele>
      </trkpt>
      <trkpt lat="33.31221" lon="-96.26491">
        <ele>178.4</ele>
      </trkpt>
      <trkpt lat="33.312289" lon="-96.26495">
        <ele>178.2</ele>
      </trkpt>
      <trkpt lat="33.31235" lon="-96.26503">
        <ele>178.1</ele>
      </trkpt>
      <trkpt lat="33.31239" lon="-96.2651">
        <ele>177.9</ele>
      </trkpt>
      <trkpt lat="33.31243" lon="-96.26529">
        <ele>177.6</ele>
      </trkpt>
      <trkpt lat="33.31253" lon="-96.26596">
        <ele>176.9</ele>
      </trkpt>
      <trkpt lat="33.3126" lon="-96.26615">
        <ele>176.9</ele>
      </trkpt>
      <trkpt lat="33.312649" lon="-96.26628">
        <ele>177.0</ele>
      </trkpt>
      <trkpt lat="33.312779" lon="-96.2665">
        <ele>177.1</ele>
      </trkpt>
      <trkpt lat="33.31284" lon="-96.26657">
        <ele>177.1</ele>
      </trkpt>
      <trkpt lat="33.3129" lon="-96.26662">
        <ele>177.2</ele>
      </trkpt>
      <trkpt lat="33.31306" lon="-96.26669">
        <ele>177.3</ele>
      </trkpt>
      <trkpt lat="33.31328" lon="-96.26669">
        <ele>177.4</ele>
      </trkpt>
      <trkpt lat="33.31346" lon="-96.26668">
        <ele>177.5</ele>
      </trkpt>
      <trkpt lat="33.31346" lon="-96.26668">
        <ele>177.5</ele>
      </trkpt>
      <trkpt lat="33.31431" lon="-96.26662">
        <ele>177.9</ele>
      </trkpt>
      <trkpt lat="33.31521" lon="-96.26658">
        <ele>178.4</ele>
      </trkpt>
      <trkpt lat="33.31542" lon="-96.26659">
        <ele>178.4</ele>
      </trkpt>
      <trkpt lat="33.315759" lon="-96.26667">
        <ele>178.5</ele>
      </trkpt>
      <trkpt lat="33.316139" lon="-96.26669">
        <ele>179.2</ele>
      </trkpt>
      <trkpt lat="33.31669" lon="-96.26668">
        <ele>181.7</ele>
      </trkpt>
      <trkpt lat="33.31723" lon="-96.26667">
        <ele>183.4</ele>
      </trkpt>
      <trkpt lat="33.318019" lon="-96.26663">
        <ele>184.6</ele>
      </trkpt>
      <trkpt lat="33.31864" lon="-96.26661">
        <ele>184.6</ele>
      </trkpt>
      <trkpt lat="33.31926" lon="-96.26659">
        <ele>185.6</ele>
      </trkpt>
      <trkpt lat="33.319879" lon="-96.26657">
        <ele>186.9</ele>
      </trkpt>
      <trkpt lat="33.320569" lon="-96.26655">
        <ele>188.5</ele>
      </trkpt>
      <trkpt lat="33.32127" lon="-96.26654">
        <ele>189.7</ele>
      </trkpt>
      <trkpt lat="33.32197" lon="-96.26653">
        <ele>189.9</ele>
      </trkpt>
      <trkpt lat="33.32197" lon="-96.26606">
        <ele>190.2</ele>
      </trkpt>
      <trkpt lat="33.32195" lon="-96.26551">
        <ele>190.0</ele>
      </trkpt>
      <trkpt lat="33.32193" lon="-96.26497">
        <ele>189.6</ele>
      </trkpt>
      <trkpt lat="33.321939" lon="-96.26483">
        <ele>189.6</ele>
      </trkpt>
      <trkpt lat="33.321959" lon="-96.26477">
        <ele>189.5</ele>
      </trkpt>
      <trkpt lat="33.322" lon="-96.26472">
        <ele>189.5</ele>
      </trkpt>
      <trkpt lat="33.32209" lon="-96.26467">
        <ele>189.5</ele>
      </trkpt>
      <trkpt lat="33.32229" lon="-96.26465">
        <ele>189.6</ele>
      </trkpt>
      <trkpt lat="33.323079" lon="-96.26465">
        <ele>188.9</ele>
      </trkpt>
      <trkpt lat="33.32386" lon="-96.26465">
        <ele>189.8</ele>
      </trkpt>
      <trkpt lat="33.32464" lon="-96.26465">
        <ele>188.4</ele>
      </trkpt>
      <trkpt lat="33.32542" lon="-96.26465">
        <ele>188.5</ele>
      </trkpt>
      <trkpt lat="33.32575" lon="-96.26464">
        <ele>189.2</ele>
      </trkpt>
      <trkpt lat="33.325879" lon="-96.26463">
        <ele>189.9</ele>
      </trkpt>
      <trkpt lat="33.32602" lon="-96.26454">
        <ele>191.0</ele>
      </trkpt>
      <trkpt lat="33.32605" lon="-96.2645">
        <ele>191.3</ele>
      </trkpt>
      <trkpt lat="33.32607" lon="-96.26436">
        <ele>191.8</ele>
      </trkpt>
      <trkpt lat="33.32604" lon="-96.26387">
        <ele>193.2</ele>
      </trkpt>
      <trkpt lat="33.32605" lon="-96.26367">
        <ele>193.6</ele>
      </trkpt>
      <trkpt lat="33.326079" lon="-96.26358">
        <ele>193.6</ele>
      </trkpt>
      <trkpt lat="33.32613" lon="-96.26351">
        <ele>193.7</ele>
      </trkpt>
      <trkpt lat="33.326169" lon="-96.26349">
        <ele>193.7</ele>
      </trkpt>
      <trkpt lat="33.32694" lon="-96.26344">
        <ele>195.1</ele>
      </trkpt>
      <trkpt lat="33.32763" lon="-96.26342">
        <ele>196.1</ele>
      </trkpt>
      <trkpt lat="33.328319" lon="-96.26339">
        <ele>195.5</ele>
      </trkpt>
      <trkpt lat="33.329009" lon="-96.26336">
        <ele>194.4</ele>
      </trkpt>
      <trkpt lat="33.3297" lon="-96.26333">
        <ele>192.2</ele>
      </trkpt>
      <trkpt lat="33.33016" lon="-96.2633">
        <ele>193.8</ele>
      </trkpt>
      <trkpt lat="33.33062" lon="-96.26327">
        <ele>194.0</ele>
      </trkpt>
      <trkpt lat="33.33108" lon="-96.26326">
        <ele>190.9</ele>
      </trkpt>
      <trkpt lat="33.331539" lon="-96.26326">
        <ele>189.0</ele>
      </trkpt>
      <trkpt lat="33.332" lon="-96.26325">
        <ele>186.3</ele>
      </trkpt>
      <trkpt lat="33.332459" lon="-96.26324">
        <ele>189.2</ele>
      </trkpt>
      <trkpt lat="33.33308" lon="-96.26321">
        <ele>193.0</ele>
      </trkpt>
      <trkpt lat="33.33371" lon="-96.26318">
        <ele>195.1</ele>
      </trkpt>
      <trkpt lat="33.33371" lon="-96.26318">
        <ele>195.1</ele>
      </trkpt>
      <trkpt lat="33.33444" lon="-96.26315">
        <ele>197.7</ele>
      </trkpt>
      <trkpt lat="33.33518" lon="-96.26311">
        <ele>198.5</ele>
      </trkpt>
      <trkpt lat="33.33591" lon="-96.26308">
        <ele>198.9</ele>
      </trkpt>
      <trkpt lat="33.336" lon="-96.26306">
        <ele>198.9</ele>
      </trkpt>
      <trkpt lat="33.33609" lon="-96.26302">
        <ele>198.5</ele>
      </trkpt>
      <trkpt lat="33.33618" lon="-96.26289">
        <ele>198.2</ele>
      </trkpt>
      <trkpt lat="33.336199" lon="-96.26277">
        <ele>198.1</ele>
      </trkpt>
      <trkpt lat="33.33617" lon="-96.2617">
        <ele>195.3</ele>
      </trkpt>
      <trkpt lat="33.33614" lon="-96.26062">
        <ele>191.5</ele>
      </trkpt>
      <trkpt lat="33.336109" lon="-96.25955">
        <ele>192.6</ele>
      </trkpt>
      <trkpt lat="33.3361" lon="-96.2587">
        <ele>195.4</ele>
      </trkpt>
      <trkpt lat="33.33609" lon="-96.25786">
        <ele>198.8</ele>
      </trkpt>
      <trkpt lat="33.33608" lon="-96.25699">
        <ele>199.8</ele>
      </trkpt>
      <trkpt lat="33.33606" lon="-96.25613">
        <ele>198.9</ele>
      </trkpt>
      <trkpt lat="33.33603" lon="-96.25531">
        <ele>197.5</ele>
      </trkpt>
      <trkpt lat="33.33599" lon="-96.2545">
        <ele>196.6</ele>
      </trkpt>
      <trkpt lat="33.33597" lon="-96.25383">
        <ele>197.5</ele>
      </trkpt>
      <trkpt lat="33.335949" lon="-96.25316">
        <ele>197.3</ele>
      </trkpt>
      <trkpt lat="33.33597" lon="-96.25305">
        <ele>197.2</ele>
      </trkpt>
      <trkpt lat="33.336" lon="-96.25297">
        <ele>197.1</ele>
      </trkpt>
      <trkpt lat="33.33614" lon="-96.25291">
        <ele>197.1</ele>
      </trkpt>
      <trkpt lat="33.336239" lon="-96.25289">
        <ele>197.1</ele>
      </trkpt>
      <trkpt lat="33.33712" lon="-96.25287">
        <ele>198.1</ele>
      </trkpt>
      <trkpt lat="33.33769" lon="-96.25285">
        <ele>198.4</ele>
      </trkpt>
      <trkpt lat="33.33826" lon="-96.25283">
        <ele>196.7</ele>
      </trkpt>
      <trkpt lat="33.339039" lon="-96.25278">
        <ele>197.3</ele>
      </trkpt>
      <trkpt lat="33.33982" lon="-96.25274">
        <ele>198.5</ele>
      </trkpt>
      <trkpt lat="33.34044" lon="-96.25271">
        <ele>195.5</ele>
      </trkpt>
      <trkpt lat="33.34107" lon="-96.25269">
        <ele>198.0</ele>
      </trkpt>
      <trkpt lat="33.34169" lon="-96.25266">
        <ele>198.9</ele>
      </trkpt>
      <trkpt lat="33.34232" lon="-96.25265">
        <ele>199.3</ele>
      </trkpt>
      <trkpt lat="33.342959" lon="-96.25264">
        <ele>199.3</ele>
      </trkpt>
      <trkpt lat="33.34359" lon="-96.25262">
        <ele>199.1</ele>
      </trkpt>
      <trkpt lat="33.34425" lon="-96.25259">
        <ele>198.5</ele>
      </trkpt>
      <trkpt lat="33.34425" lon="-96.25259">
        <ele>198.5</ele>
      </trkpt>
      <trkpt lat="33.34507" lon="-96.25256">
        <ele>198.3</ele>
      </trkpt>
      <trkpt lat="33.345889" lon="-96.25252">
        <ele>198.9</ele>
      </trkpt>
      <trkpt lat="33.346429" lon="-96.25251">
        <ele>199.7</ele>
      </trkpt>
      <trkpt lat="33.34697" lon="-96.2525">
        <ele>200.5</ele>
      </trkpt>
      <trkpt lat="33.347369" lon="-96.25248">
        <ele>201.1</ele>
      </trkpt>
      <trkpt lat="33.34801" lon="-96.25244">
        <ele>201.1</ele>
      </trkpt>
      <trkpt lat="33.34864" lon="-96.2524">
        <ele>200.7</ele>
      </trkpt>
      <trkpt lat="33.3494" lon="-96.25234">
        <ele>201.9</ele>
      </trkpt>
      <trkpt lat="33.35015" lon="-96.25227">
        <ele>203.6</ele>
      </trkpt>
      <trkpt lat="33.35063" lon="-96.25225">
        <ele>204.2</ele>
      </trkpt>
      <trkpt lat="33.3511" lon="-96.25224">
        <ele>204.2</ele>
      </trkpt>
      <trkpt lat="33.35157" lon="-96.25221">
        <ele>204.5</ele>
      </trkpt>
      <trkpt lat="33.35205" lon="-96.25218">
        <ele>205.3</ele>
      </trkpt>
      <trkpt lat="33.35267" lon="-96.25213">
        <ele>206.1</ele>
      </trkpt>
      <trkpt lat="33.35329" lon="-96.25209">
        <ele>206.7</ele>
      </trkpt>
      <trkpt lat="33.35391" lon="-96.25204">
        <ele>206.9</ele>
      </trkpt>
      <trkpt lat="33.35438" lon="-96.25202">
        <ele>207.1</ele>
      </trkpt>
      <trkpt lat="33.35485" lon="-96.252">
        <ele>207.5</ele>
      </trkpt>
      <trkpt lat="33.3553" lon="-96.25196">
        <ele>208.3</ele>
      </trkpt>
      <trkpt lat="33.355759" lon="-96.25192">
        <ele>209.1</ele>
      </trkpt>
      <trkpt lat="33.35635" lon="-96.25191">
        <ele>209.8</ele>
      </trkpt>
      <trkpt lat="33.35694" lon="-96.25189">
        <ele>210.1</ele>
      </trkpt>
      <trkpt lat="33.35756" lon="-96.25189">
        <ele>210.3</ele>
      </trkpt>
      <trkpt lat="33.35787" lon="-96.25188">
        <ele>210.6</ele>
      </trkpt>
      <trkpt lat="33.35866" lon="-96.25186">
        <ele>211.3</ele>
      </trkpt>
      <trkpt lat="33.35945" lon="-96.25185">
        <ele>211.7</ele>
      </trkpt>
      <trkpt lat="33.36025" lon="-96.25183">
        <ele>212.1</ele>
      </trkpt>
      <trkpt lat="33.36104" lon="-96.25182">
        <ele>212.8</ele>
      </trkpt>
      <trkpt lat="33.36184" lon="-96.2518">
        <ele>213.6</ele>
      </trkpt>
      <trkpt lat="33.36263" lon="-96.25179">
        <ele>213.8</ele>
      </trkpt>
      <trkpt lat="33.36343" lon="-96.25177">
        <ele>213.6</ele>
      </trkpt>
      <trkpt lat="33.36393" lon="-96.25175">
        <ele>213.6</ele>
      </trkpt>
      <trkpt lat="33.36444" lon="-96.25173">
        <ele>213.5</ele>
      </trkpt>
      <trkpt lat="33.36518" lon="-96.25172">
        <ele>213.4</ele>
      </trkpt>
      <trkpt lat="33.36591" lon="-96.2517">
        <ele>213.5</ele>
      </trkpt>
      <trkpt lat="33.366639" lon="-96.25168">
        <ele>213.2</ele>
      </trkpt>
      <trkpt lat="33.36737" lon="-96.25165">
        <ele>214.0</ele>
      </trkpt>
      <trkpt lat="33.36809" lon="-96.25163">
        <ele>215.3</ele>
      </trkpt>
      <trkpt lat="33.36809" lon="-96.25163">
        <ele>215.3</ele>
      </trkpt>
      <trkpt lat="33.3688" lon="-96.25159">
        <ele>215.9</ele>
      </trkpt>
      <trkpt lat="33.36963" lon="-96.25158">
        <ele>216.4</ele>
      </trkpt>
      <trkpt lat="33.37014" lon="-96.25152">
        <ele>217.1</ele>
      </trkpt>
      <trkpt lat="33.370649" lon="-96.25146">
        <ele>217.7</ele>
      </trkpt>
      <trkpt lat="33.371429" lon="-96.25142">
        <ele>217.9</ele>
      </trkpt>
      <trkpt lat="33.37222" lon="-96.25138">
        <ele>217.5</ele>
      </trkpt>
      <trkpt lat="33.372999" lon="-96.25134">
        <ele>216.4</ele>
      </trkpt>
      <trkpt lat="33.373779" lon="-96.2513">
        <ele>216.0</ele>
      </trkpt>
      <trkpt lat="33.37457" lon="-96.25127">
        <ele>215.5</ele>
      </trkpt>
      <trkpt lat="33.375349" lon="-96.25123">
        <ele>215.1</ele>
      </trkpt>
      <trkpt lat="33.37613" lon="-96.25119">
        <ele>215.4</ele>
      </trkpt>
      <trkpt lat="33.37613" lon="-96.25119">
        <ele>215.4</ele>
      </trkpt>
      <trkpt lat="33.37688" lon="-96.25115">
        <ele>215.7</ele>
      </trkpt>
      <trkpt lat="33.376849" lon="-96.25032">
        <ele>216.2</ele>
      </trkpt>
      <trkpt lat="33.37683" lon="-96.24948">
        <ele>216.3</ele>
      </trkpt>
      <trkpt lat="33.3768" lon="-96.24864">
        <ele>216.1</ele>
      </trkpt>
      <trkpt lat="33.376779" lon="-96.24781">
        <ele>216.0</ele>
      </trkpt>
      <trkpt lat="33.37682" lon="-96.24769">
        <ele>216.0</ele>
      </trkpt>
      <trkpt lat="33.37691" lon="-96.24761">
        <ele>216.0</ele>
      </trkpt>
      <trkpt lat="33.377049" lon="-96.24757">
        <ele>216.1</ele>
      </trkpt>
      <trkpt lat="33.37726" lon="-96.24758">
        <ele>216.2</ele>
      </trkpt>
      <trkpt lat="33.37777" lon="-96.24757">
        <ele>216.2</ele>
      </trkpt>
      <trkpt lat="33.37829" lon="-96.24756">
        <ele>216.6</ele>
      </trkpt>
      <trkpt lat="33.37829" lon="-96.24756">
        <ele>216.6</ele>
      </trkpt>
      <trkpt lat="33.37881" lon="-96.24754">
        <ele>217.5</ele>
      </trkpt>
      <trkpt lat="33.3797" lon="-96.24752">
        <ele>219.2</ele>
      </trkpt>
      <trkpt lat="33.38021" lon="-96.2475">
        <ele>219.6</ele>
      </trkpt>
      <trkpt lat="33.38073" lon="-96.24748">
        <ele>219.8</ele>
      </trkpt>
      <trkpt lat="33.38122" lon="-96.24747">
        <ele>220.0</ele>
      </trkpt>
      <trkpt lat="33.38172" lon="-96.24746">
        <ele>220.2</ele>
      </trkpt>
      <trkpt lat="33.382379" lon="-96.24744">
        <ele>220.4</ele>
      </trkpt>
      <trkpt lat="33.38304" lon="-96.24742">
        <ele>220.5</ele>
      </trkpt>
      <trkpt lat="33.38371" lon="-96.2474">
        <ele>220.7</ele>
      </trkpt>
      <trkpt lat="33.384529" lon="-96.24735">
        <ele>220.9</ele>
      </trkpt>
      <trkpt lat="33.384639" lon="-96.24733">
        <ele>221.0</ele>
      </trkpt>
      <trkpt lat="33.3847" lon="-96.24728">
        <ele>221.0</ele>
      </trkpt>
      <trkpt lat="33.38479" lon="-96.24725">
        <ele>221.1</ele>
      </trkpt>
      <trkpt lat="33.38486" lon="-96.24724">
        <ele>221.1</ele>
      </trkpt>
      <trkpt lat="33.385469" lon="-96.24722">
        <ele>221.3</ele>
      </trkpt>
      <trkpt lat="33.386069" lon="-96.24719">
        <ele>221.4</ele>
      </trkpt>
      <trkpt lat="33.38668" lon="-96.24717">
        <ele>221.6</ele>
      </trkpt>
      <trkpt lat="33.38738" lon="-96.24715">
        <ele>221.7</ele>
      </trkpt>
      <trkpt lat="33.38807" lon="-96.24712">
        <ele>221.8</ele>
      </trkpt>
      <trkpt lat="33.38877" lon="-96.2471">
        <ele>222.0</ele>
      </trkpt>
      <trkpt lat="33.38946" lon="-96.24708">
        <ele>222.1</ele>
      </trkpt>
      <trkpt lat="33.38946" lon="-96.24708">
        <ele>222.1</ele>
      </trkpt>
      <trkpt lat="33.389809" lon="-96.24707">
        <ele>222.2</ele>
      </trkpt>
      <trkpt lat="33.38982" lon="-96.24778">
        <ele>221.6</ele>
      </trkpt>
      <trkpt lat="33.38983" lon="-96.2485">
        <ele>220.9</ele>
      </trkpt>
      <trkpt lat="33.3898" lon="-96.2486">
        <ele>220.8</ele>
      </trkpt>
      <trkpt lat="33.38983" lon="-96.24865">
        <ele>220.7</ele>
      </trkpt>
      <trkpt lat="33.38985" lon="-96.24877">
        <ele>220.6</ele>
      </trkpt>
      <trkpt lat="33.38985" lon="-96.24935">
        <ele>219.8</ele>
      </trkpt>
      <trkpt lat="33.38986" lon="-96.24993">
        <ele>219.1</ele>
      </trkpt>
      <trkpt lat="33.389879" lon="-96.25016">
        <ele>218.7</ele>
      </trkpt>
      <trkpt lat="33.38993" lon="-96.25027">
        <ele>218.3</ele>
      </trkpt>
      <trkpt lat="33.39" lon="-96.25035">
        <ele>218.0</ele>
      </trkpt>
      <trkpt lat="33.390099" lon="-96.2504">
        <ele>217.8</ele>
      </trkpt>
      <trkpt lat="33.390189" lon="-96.25043">
        <ele>217.7</ele>
      </trkpt>
      <trkpt lat="33.39092" lon="-96.25039">
        <ele>217.3</ele>
      </trkpt>
      <trkpt lat="33.39165" lon="-96.25035">
        <ele>216.7</ele>
      </trkpt>
      <trkpt lat="33.392449" lon="-96.25031">
        <ele>218.8</ele>
      </trkpt>
      <trkpt lat="33.39325" lon="-96.25027">
        <ele>219.9</ele>
      </trkpt>
      <trkpt lat="33.394039" lon="-96.25023">
        <ele>220.2</ele>
      </trkpt>
      <trkpt lat="33.39477" lon="-96.2502">
        <ele>220.6</ele>
      </trkpt>
      <trkpt lat="33.39519" lon="-96.25046">
        <ele>220.5</ele>
      </trkpt>
      <trkpt lat="33.395339" lon="-96.25069">
        <ele>220.3</ele>
      </trkpt>
      <trkpt lat="33.3954" lon="-96.25097">
        <ele>219.8</ele>
      </trkpt>
      <trkpt lat="33.39542" lon="-96.25165">
        <ele>219.2</ele>
      </trkpt>
      <trkpt lat="33.39544" lon="-96.25232">
        <ele>221.0</ele>
      </trkpt>
      <trkpt lat="33.39544" lon="-96.25232">
        <ele>221.0</ele>
      </trkpt>
      <trkpt lat="33.39548" lon="-96.25335">
        <ele>223.3</ele>
      </trkpt>
      <trkpt lat="33.395519" lon="-96.25438">
        <ele>223.9</ele>
      </trkpt>
      <trkpt lat="33.39555" lon="-96.25541">
        <ele>223.9</ele>
      </trkpt>
      <trkpt lat="33.39559" lon="-96.25644">
        <ele>223.6</ele>
      </trkpt>
      <trkpt lat="33.395629" lon="-96.25747">
        <ele>223.3</ele>
      </trkpt>
      <trkpt lat="33.39567" lon="-96.2585">
        <ele>222.7</ele>
      </trkpt>
      <trkpt lat="33.39567" lon="-96.2585">
        <ele>222.7</ele>
      </trkpt>
      <trkpt lat="33.39569" lon="-96.2595">
        <ele>221.6</ele>
      </trkpt>
      <trkpt lat="33.395719" lon="-96.26049">
        <ele>220.4</ele>
      </trkpt>
      <trkpt lat="33.39574" lon="-96.26149">
        <ele>219.4</ele>
      </trkpt>
      <trkpt lat="33.39577" lon="-96.26249">
        <ele>218.5</ele>
      </trkpt>
      <trkpt lat="33.396549" lon="-96.26245">
        <ele>218.7</ele>
      </trkpt>
      <trkpt lat="33.397329" lon="-96.26242">
        <ele>218.8</ele>
      </trkpt>
      <trkpt lat="33.39811" lon="-96.26239">
        <ele>218.9</ele>
      </trkpt>
      <trkpt lat="33.39889" lon="-96.26235">
        <ele>219.0</ele>
      </trkpt>
      <trkpt lat="33.39889" lon="-96.26235">
        <ele>219.0</ele>
      </trkpt>
      <trkpt lat="33.39959" lon="-96.26232">
        <ele>219.2</ele>
      </trkpt>
      <trkpt lat="33.4003" lon="-96.26229">
        <ele>219.3</ele>
      </trkpt>
      <trkpt lat="33.40048" lon="-96.26254">
        <ele>219.3</ele>
      </trkpt>
      <trkpt lat="33.400509" lon="-96.26345">
        <ele>218.5</ele>
      </trkpt>
      <trkpt lat="33.40053" lon="-96.26437">
        <ele>216.8</ele>
      </trkpt>
      <trkpt lat="33.40062" lon="-96.2647">
        <ele>216.3</ele>
      </trkpt>
      <trkpt lat="33.40076" lon="-96.26486">
        <ele>216.6</ele>
      </trkpt>
      <trkpt lat="33.40148" lon="-96.26485">
        <ele>217.6</ele>
      </trkpt>
      <trkpt lat="33.40224" lon="-96.2648">
        <ele>218.4</ele>
      </trkpt>
      <trkpt lat="33.40301" lon="-96.26475">
        <ele>219.0</ele>
      </trkpt>
      <trkpt lat="33.403779" lon="-96.26469">
        <ele>219.5</ele>
      </trkpt>
      <trkpt lat="33.404339" lon="-96.26468">
        <ele>219.9</ele>
      </trkpt>
      <trkpt lat="33.404899" lon="-96.26467">
        <ele>220.4</ele>
      </trkpt>
      <trkpt lat="33.404899" lon="-96.26467">
        <ele>220.4</ele>
      </trkpt>
      <trkpt lat="33.4057" lon="-96.26464">
        <ele>221.1</ele>
      </trkpt>
      <trkpt lat="33.406509" lon="-96.26462">
        <ele>221.9</ele>
      </trkpt>
      <trkpt lat="33.40731" lon="-96.2646">
        <ele>222.6</ele>
      </trkpt>
      <trkpt lat="33.408119" lon="-96.26458">
        <ele>223.1</ele>
      </trkpt>
      <trkpt lat="33.40892" lon="-96.26456">
        <ele>223.2</ele>
      </trkpt>
      <trkpt lat="33.40892" lon="-96.26456">
        <ele>223.2</ele>
      </trkpt>
      <trkpt lat="33.4097" lon="-96.26452">
        <ele>223.2</ele>
      </trkpt>
      <trkpt lat="33.409869" lon="-96.26436">
        <ele>223.4</ele>
      </trkpt>
      <trkpt lat="33.41042" lon="-96.26427">
        <ele>223.9</ele>
      </trkpt>
      <trkpt lat="33.41111" lon="-96.26423">
        <ele>224.0</ele>
      </trkpt>
      <trkpt lat="33.4118" lon="-96.26418">
        <ele>224.2</ele>
      </trkpt>
      <trkpt lat="33.41232" lon="-96.2641">
        <ele>224.2</ele>
      </trkpt>
      <trkpt lat="33.41257" lon="-96.26392">
        <ele>224.2</ele>
      </trkpt>
      <trkpt lat="33.41279" lon="-96.26351">
        <ele>223.8</ele>
      </trkpt>
      <trkpt lat="33.41304" lon="-96.26302">
        <ele>224.3</ele>
      </trkpt>
      <trkpt lat="33.41328" lon="-96.26254">
        <ele>224.6</ele>
      </trkpt>
      <trkpt lat="33.413449" lon="-96.26237">
        <ele>224.8</ele>
      </trkpt>
      <trkpt lat="33.41379" lon="-96.26214">
        <ele>225.0</ele>
      </trkpt>
      <trkpt lat="33.414" lon="-96.26192">
        <ele>225.9</ele>
      </trkpt>
      <trkpt lat="33.414" lon="-96.26192">
        <ele>225.9</ele>
      </trkpt>
      <trkpt lat="33.414009" lon="-96.2619">
        <ele>225.9</ele>
      </trkpt>
      <trkpt lat="33.41417" lon="-96.26157">
        <ele>226.5</ele>
      </trkpt>
      <trkpt lat="33.414189" lon="-96.2612">
        <ele>226.5</ele>
      </trkpt>
      <trkpt lat="33.41417" lon="-96.26087">
        <ele>226.4</ele>
      </trkpt>
      <trkpt lat="33.41464" lon="-96.26086">
        <ele>226.4</ele>
      </trkpt>
      <trkpt lat="33.41511" lon="-96.26084">
        <ele>226.3</ele>
      </trkpt>
      <trkpt lat="33.41568" lon="-96.26084">
        <ele>225.9</ele>
      </trkpt>
      <trkpt lat="33.41624" lon="-96.26083">
        <ele>224.5</ele>
      </trkpt>
      <trkpt lat="33.41705" lon="-96.26082">
        <ele>221.9</ele>
      </trkpt>
      <trkpt lat="33.417859" lon="-96.2608">
        <ele>220.9</ele>
      </trkpt>
      <trkpt lat="33.41855" lon="-96.26076">
        <ele>220.8</ele>
      </trkpt>
      <trkpt lat="33.419249" lon="-96.26072">
        <ele>220.3</ele>
      </trkpt>
      <trkpt lat="33.41995" lon="-96.26069">
        <ele>220.5</ele>
      </trkpt>
      <trkpt lat="33.41995" lon="-96.26069">
        <ele>220.5</ele>
      </trkpt>
      <trkpt lat="33.42065" lon="-96.26065">
        <ele>219.9</ele>
      </trkpt>
      <trkpt lat="33.42134" lon="-96.26062">
        <ele>220.0</ele>
      </trkpt>
      <trkpt lat="33.42204" lon="-96.26058">
        <ele>216.6</ele>
      </trkpt>
      <trkpt lat="33.42273" lon="-96.26056">
        <ele>211.1</ele>
      </trkpt>
      <trkpt lat="33.423409" lon="-96.26054">
        <ele>207.0</ele>
      </trkpt>
      <trkpt lat="33.423609" lon="-96.26055">
        <ele>206.0</ele>
      </trkpt>
      <trkpt lat="33.42374" lon="-96.26061">
        <ele>205.5</ele>
      </trkpt>
      <trkpt lat="33.42378" lon="-96.26167">
        <ele>211.4</ele>
      </trkpt>
      <trkpt lat="33.42382" lon="-96.26274">
        <ele>207.7</ele>
      </trkpt>
      <trkpt lat="33.42385" lon="-96.26381">
        <ele>202.1</ele>
      </trkpt>
      <trkpt lat="33.42389" lon="-96.26487">
        <ele>201.2</ele>
      </trkpt>
      <trkpt lat="33.4239" lon="-96.26593">
        <ele>205.7</ele>
      </trkpt>
      <trkpt lat="33.4239" lon="-96.26699">
        <ele>211.1</ele>
      </trkpt>
      <trkpt lat="33.42389" lon="-96.26706">
        <ele>211.3</ele>
      </trkpt>
      <trkpt lat="33.423859" lon="-96.26711">
        <ele>211.6</ele>
      </trkpt>
      <trkpt lat="33.423789" lon="-96.26713">
        <ele>211.7</ele>
      </trkpt>
      <trkpt lat="33.42333" lon="-96.26715">
        <ele>211.8</ele>
      </trkpt>
      <trkpt lat="33.42325" lon="-96.2672">
        <ele>212.0</ele>
      </trkpt>
      <trkpt lat="33.42322" lon="-96.26729">
        <ele>212.4</ele>
      </trkpt>
      <trkpt lat="33.423209" lon="-96.26736">
        <ele>212.6</ele>
      </trkpt>
      <trkpt lat="33.4232" lon="-96.26788">
        <ele>213.8</ele>
      </trkpt>
      <trkpt lat="33.42316" lon="-96.26839">
        <ele>214.7</ele>
      </trkpt>
      <trkpt lat="33.42308" lon="-96.26892">
        <ele>216.3</ele>
      </trkpt>
      <trkpt lat="33.42299" lon="-96.26944">
        <ele>217.5</ele>
      </trkpt>
      <trkpt lat="33.42287" lon="-96.26982">
        <ele>217.9</ele>
      </trkpt>
      <trkpt lat="33.42264" lon="-96.27045">
        <ele>216.4</ele>
      </trkpt>
      <trkpt lat="33.42241" lon="-96.27108">
        <ele>216.2</ele>
      </trkpt>
      <trkpt lat="33.42233" lon="-96.27146">
        <ele>216.2</ele>
      </trkpt>
      <trkpt lat="33.42232" lon="-96.27194">
        <ele>217.7</ele>
      </trkpt>
      <trkpt lat="33.42235" lon="-96.27291">
        <ele>220.1</ele>
      </trkpt>
      <trkpt lat="33.422379" lon="-96.27388">
        <ele>221.6</ele>
      </trkpt>
      <trkpt lat="33.422379" lon="-96.27388">
        <ele>221.6</ele>
      </trkpt>
      <trkpt lat="33.4224" lon="-96.27444">
        <ele>222.7</ele>
      </trkpt>
      <trkpt lat="33.42242" lon="-96.27499">
        <ele>222.5</ele>
      </trkpt>
      <trkpt lat="33.42326" lon="-96.27492">
        <ele>223.0</ele>
      </trkpt>
      <trkpt lat="33.42411" lon="-96.27485">
        <ele>223.1</ele>
      </trkpt>
      <trkpt lat="33.42421" lon="-96.27482">
        <ele>223.1</ele>
      </trkpt>
      <trkpt lat="33.424259" lon="-96.27477">
        <ele>223.0</ele>
      </trkpt>
      <trkpt lat="33.42431" lon="-96.27471">
        <ele>222.9</ele>
      </trkpt>
      <trkpt lat="33.424329" lon="-96.27463">
        <ele>222.8</ele>
      </trkpt>
      <trkpt lat="33.42429" lon="-96.27369">
        <ele>221.7</ele>
      </trkpt>
      <trkpt lat="33.42425" lon="-96.27275">
        <ele>219.2</ele>
      </trkpt>
      <trkpt lat="33.42421" lon="-96.27181">
        <ele>215.8</ele>
      </trkpt>
      <trkpt lat="33.42422" lon="-96.27167">
        <ele>215.4</ele>
      </trkpt>
      <trkpt lat="33.424239" lon="-96.27152">
        <ele>215.1</ele>
      </trkpt>
      <trkpt lat="33.42427" lon="-96.27142">
        <ele>215.1</ele>
      </trkpt>
      <trkpt lat="33.424329" lon="-96.27137">
        <ele>215.4</ele>
      </trkpt>
      <trkpt lat="33.4244" lon="-96.27133">
        <ele>215.8</ele>
      </trkpt>
      <trkpt lat="33.42503" lon="-96.27132">
        <ele>218.3</ele>
      </trkpt>
      <trkpt lat="33.42566" lon="-96.2713">
        <ele>220.0</ele>
      </trkpt>
      <trkpt lat="33.426299" lon="-96.27129">
        <ele>220.5</ele>
      </trkpt>
      <trkpt lat="33.42683" lon="-96.27128">
        <ele>218.2</ele>
      </trkpt>
      <trkpt lat="33.42737" lon="-96.27127">
        <ele>213.3</ele>
      </trkpt>
      <trkpt lat="33.42788" lon="-96.27122">
        <ele>210.3</ele>
      </trkpt>
      <trkpt lat="33.42839" lon="-96.27116">
        <ele>207.4</ele>
      </trkpt>
      <trkpt lat="33.42882" lon="-96.27111">
        <ele>207.3</ele>
      </trkpt>
      <trkpt lat="33.42946" lon="-96.27108">
        <ele>208.6</ele>
      </trkpt>
      <trkpt lat="33.43011" lon="-96.27106">
        <ele>212.2</ele>
      </trkpt>
      <trkpt lat="33.43076" lon="-96.27103">
        <ele>215.6</ele>
      </trkpt>
      <trkpt lat="33.43155" lon="-96.27099">
        <ele>218.3</ele>
      </trkpt>
      <trkpt lat="33.43234" lon="-96.27095">
        <ele>220.0</ele>
      </trkpt>
      <trkpt lat="33.43314" lon="-96.27091">
        <ele>218.9</ele>
      </trkpt>
      <trkpt lat="33.433929" lon="-96.27088">
        <ele>216.9</ele>
      </trkpt>
      <trkpt lat="33.43395" lon="-96.27191">
        <ele>212.8</ele>
      </trkpt>
      <trkpt lat="33.43397" lon="-96.27294">
        <ele>205.8</ele>
      </trkpt>
      <trkpt lat="33.43399" lon="-96.27398">
        <ele>202.9</ele>
      </trkpt>
      <trkpt lat="33.43401" lon="-96.27501">
        <ele>204.2</ele>
      </trkpt>
      <trkpt lat="33.43403" lon="-96.27604">
        <ele>209.9</ele>
      </trkpt>
      <trkpt lat="33.43405" lon="-96.27708">
        <ele>209.5</ele>
      </trkpt>
      <trkpt lat="33.43407" lon="-96.27811">
        <ele>202.8</ele>
      </trkpt>
      <trkpt lat="33.4341" lon="-96.27914">
        <ele>202.3</ele>
      </trkpt>
      <trkpt lat="33.4341" lon="-96.27914">
        <ele>202.3</ele>
      </trkpt>
      <trkpt lat="33.43412" lon="-96.2802">
        <ele>206.5</ele>
      </trkpt>
      <trkpt lat="33.43414" lon="-96.28127">
        <ele>212.5</ele>
      </trkpt>
      <trkpt lat="33.43417" lon="-96.28233">
        <ele>217.1</ele>
      </trkpt>
      <trkpt lat="33.43419" lon="-96.2834">
        <ele>218.1</ele>
      </trkpt>
      <trkpt lat="33.43422" lon="-96.28446">
        <ele>217.4</ele>
      </trkpt>
      <trkpt lat="33.43424" lon="-96.28552">
        <ele>214.5</ele>
      </trkpt>
      <trkpt lat="33.434269" lon="-96.28659">
        <ele>208.3</ele>
      </trkpt>
      <trkpt lat="33.434289" lon="-96.28765">
        <ele>202.7</ele>
      </trkpt>
      <trkpt lat="33.43432" lon="-96.28872">
        <ele>201.2</ele>
      </trkpt>
      <trkpt lat="33.43434" lon="-96.28978">
        <ele>199.4</ele>
      </trkpt>
      <trkpt lat="33.43437" lon="-96.29085">
        <ele>198.4</ele>
      </trkpt>
      <trkpt lat="33.43439" lon="-96.29191">
        <ele>198.6</ele>
      </trkpt>
      <trkpt lat="33.43442" lon="-96.29297">
        <ele>201.3</ele>
      </trkpt>
      <trkpt lat="33.43444" lon="-96.29404">
        <ele>205.7</ele>
      </trkpt>
      <trkpt lat="33.434469" lon="-96.2951">
        <ele>202.9</ele>
      </trkpt>
      <trkpt lat="33.434469" lon="-96.2951">
        <ele>202.9</ele>
      </trkpt>
      <trkpt lat="33.434489" lon="-96.29601">
        <ele>201.2</ele>
      </trkpt>
      <trkpt lat="33.43451" lon="-96.29692">
        <ele>202.8</ele>
      </trkpt>
      <trkpt lat="33.43471" lon="-96.29687">
        <ele>202.7</ele>
      </trkpt>
      <trkpt lat="33.43518" lon="-96.29681">
        <ele>202.5</ele>
      </trkpt>
      <trkpt lat="33.43566" lon="-96.29674">
        <ele>202.3</ele>
      </trkpt>
      <trkpt lat="33.436" lon="-96.29668">
        <ele>202.2</ele>
      </trkpt>
      <trkpt lat="33.43645" lon="-96.29663">
        <ele>202.2</ele>
      </trkpt>
      <trkpt lat="33.436799" lon="-96.29657">
        <ele>201.4</ele>
      </trkpt>
      <trkpt lat="33.43701" lon="-96.29649">
        <ele>201.0</ele>
      </trkpt>
      <trkpt lat="33.437109" lon="-96.29644">
        <ele>200.8</ele>
      </trkpt>
      <trkpt lat="33.437289" lon="-96.29631">
        <ele>200.5</ele>
      </trkpt>
      <trkpt lat="33.437649" lon="-96.29597">
        <ele>199.9</ele>
      </trkpt>
      <trkpt lat="33.43784" lon="-96.29583">
        <ele>199.5</ele>
      </trkpt>
      <trkpt lat="33.438029" lon="-96.29573">
        <ele>199.1</ele>
      </trkpt>
      <trkpt lat="33.438249" lon="-96.29567">
        <ele>198.5</ele>
      </trkpt>
      <trkpt lat="33.438519" lon="-96.29561">
        <ele>198.2</ele>
      </trkpt>
      <trkpt lat="33.43874" lon="-96.29558">
        <ele>198.2</ele>
      </trkpt>
      <trkpt lat="33.43925" lon="-96.29548">
        <ele>198.2</ele>
      </trkpt>
      <trkpt lat="33.439459" lon="-96.29543">
        <ele>198.1</ele>
      </trkpt>
      <trkpt lat="33.43985" lon="-96.29536">
        <ele>197.2</ele>
      </trkpt>
      <trkpt lat="33.43999" lon="-96.29537">
        <ele>196.9</ele>
      </trkpt>
      <trkpt lat="33.44014" lon="-96.2954">
        <ele>196.8</ele>
      </trkpt>
      <trkpt lat="33.440379" lon="-96.29551">
        <ele>197.3</ele>
      </trkpt>
      <trkpt lat="33.44083" lon="-96.29574">
        <ele>198.7</ele>
      </trkpt>
      <trkpt lat="33.44122" lon="-96.29591">
        <ele>200.3</ele>
      </trkpt>
      <trkpt lat="33.44164" lon="-96.29603">
        <ele>201.7</ele>
      </trkpt>
      <trkpt lat="33.44205" lon="-96.29618">
        <ele>202.4</ele>
      </trkpt>
      <trkpt lat="33.442349" lon="-96.29631">
        <ele>202.5</ele>
      </trkpt>
      <trkpt lat="33.44245" lon="-96.29633">
        <ele>202.4</ele>
      </trkpt>
      <trkpt lat="33.44257" lon="-96.29633">
        <ele>202.3</ele>
      </trkpt>
      <trkpt lat="33.44304" lon="-96.29623">
        <ele>200.7</ele>
      </trkpt>
      <trkpt lat="33.44323" lon="-96.2962">
        <ele>200.1</ele>
      </trkpt>
      <trkpt lat="33.44345" lon="-96.29615">
        <ele>199.4</ele>
      </trkpt>
      <trkpt lat="33.44419" lon="-96.29599">
        <ele>196.8</ele>
      </trkpt>
      <trkpt lat="33.44493" lon="-96.29584">
        <ele>195.4</ele>
      </trkpt>
      <trkpt lat="33.44538" lon="-96.29576">
        <ele>194.7</ele>
      </trkpt>
      <trkpt lat="33.44536" lon="-96.29517">
        <ele>197.0</ele>
      </trkpt>
      <trkpt lat="33.445349" lon="-96.29458">
        <ele>199.3</ele>
      </trkpt>
      <trkpt lat="33.445349" lon="-96.29435">
        <ele>199.3</ele>
      </trkpt>
      <trkpt lat="33.445369" lon="-96.29425">
        <ele>199.2</ele>
      </trkpt>
      <trkpt lat="33.4454" lon="-96.29417">
        <ele>199.1</ele>
      </trkpt>
      <trkpt lat="33.44547" lon="-96.29412">
        <ele>198.9</ele>
      </trkpt>
      <trkpt lat="33.44552" lon="-96.2941">
        <ele>198.8</ele>
      </trkpt>
      <trkpt lat="33.44623" lon="-96.2941">
        <ele>193.9</ele>
      </trkpt>
      <trkpt lat="33.44665" lon="-96.29408">
        <ele>191.9</ele>
      </trkpt>
      <trkpt lat="33.44718" lon="-96.29408">
        <ele>192.2</ele>
      </trkpt>
      <trkpt lat="33.447699" lon="-96.29408">
        <ele>191.9</ele>
      </trkpt>
      <trkpt lat="33.44858" lon="-96.29405">
        <ele>192.8</ele>
      </trkpt>
      <trkpt lat="33.44946" lon="-96.29402">
        <ele>194.1</ele>
      </trkpt>
      <trkpt lat="33.45033" lon="-96.294">
        <ele>195.8</ele>
      </trkpt>
      <trkpt lat="33.45091" lon="-96.29398">
        <ele>199.1</ele>
      </trkpt>
      <trkpt lat="33.451479" lon="-96.29396">
        <ele>203.7</ele>
      </trkpt>
      <trkpt lat="33.45224" lon="-96.29395">
        <ele>204.8</ele>
      </trkpt>
      <trkpt lat="33.45299" lon="-96.29394">
        <ele>204.3</ele>
      </trkpt>
      <trkpt lat="33.45375" lon="-96.29393">
        <ele>205.4</ele>
      </trkpt>
      <trkpt lat="33.45375" lon="-96.29393">
        <ele>205.4</ele>
      </trkpt>
      <trkpt lat="33.454549" lon="-96.2939">
        <ele>205.5</ele>
      </trkpt>
      <trkpt lat="33.454749" lon="-96.29391">
        <ele>205.3</ele>
      </trkpt>
      <trkpt lat="33.45485" lon="-96.2941">
        <ele>205.6</ele>
      </trkpt>
      <trkpt lat="33.45487" lon="-96.29415">
        <ele>205.8</ele>
      </trkpt>
      <trkpt lat="33.4549" lon="-96.29435">
        <ele>206.3</ele>
      </trkpt>
      <trkpt lat="33.454929" lon="-96.29495">
        <ele>207.4</ele>
      </trkpt>
      <trkpt lat="33.454949" lon="-96.29555">
        <ele>207.7</ele>
      </trkpt>
      <trkpt lat="33.454949" lon="-96.29555">
        <ele>207.7</ele>
      </trkpt>
      <trkpt lat="33.45498" lon="-96.29586">
        <ele>207.8</ele>
      </trkpt>
      <trkpt lat="33.45499" lon="-96.29593">
        <ele>207.9</ele>
      </trkpt>
      <trkpt lat="33.455019" lon="-96.296">
        <ele>207.9</ele>
      </trkpt>
      <trkpt lat="33.45514" lon="-96.29621">
        <ele>208.0</ele>
      </trkpt>
      <trkpt lat="33.45571" lon="-96.29539">
        <ele>206.6</ele>
      </trkpt>
      <trkpt lat="33.45611" lon="-96.29567">
        <ele>206.9</ele>
      </trkpt>
      <trkpt lat="33.45668" lon="-96.29595">
        <ele>207.8</ele>
      </trkpt>
      <trkpt lat="33.456899" lon="-96.29604">
        <ele>208.0</ele>
      </trkpt>
      <trkpt lat="33.45759" lon="-96.29602">
        <ele>208.7</ele>
      </trkpt>
      <trkpt lat="33.45759" lon="-96.29602">
        <ele>208.7</ele>
      </trkpt>
      <trkpt lat="33.45807" lon="-96.296">
        <ele>209.0</ele>
      </trkpt>
      <trkpt lat="33.45854" lon="-96.29598">
        <ele>208.7</ele>
      </trkpt>
      <trkpt lat="33.458759" lon="-96.296">
        <ele>208.3</ele>
      </trkpt>
      <trkpt lat="33.4587" lon="-96.29704">
        <ele>208.1</ele>
      </trkpt>
      <trkpt lat="33.45863" lon="-96.29807">
        <ele>208.2</ele>
      </trkpt>
      <trkpt lat="33.45857" lon="-96.29911">
        <ele>209.9</ele>
      </trkpt>
      <trkpt lat="33.4585" lon="-96.30014">
        <ele>210.7</ele>
      </trkpt>
      <trkpt lat="33.45843" lon="-96.30118">
        <ele>211.4</ele>
      </trkpt>
      <trkpt lat="33.45841" lon="-96.30168">
        <ele>209.5</ele>
      </trkpt>
      <trkpt lat="33.45841" lon="-96.30168">
        <ele>209.5</ele>
      </trkpt>
      <trkpt lat="33.45837" lon="-96.30261">
        <ele>208.5</ele>
      </trkpt>
      <trkpt lat="33.458329" lon="-96.30354">
        <ele>212.0</ele>
      </trkpt>
      <trkpt lat="33.458289" lon="-96.30447">
        <ele>214.1</ele>
      </trkpt>
      <trkpt lat="33.45825" lon="-96.3054">
        <ele>214.6</ele>
      </trkpt>
      <trkpt lat="33.458959" lon="-96.30533">
        <ele>212.3</ele>
      </trkpt>
      <trkpt lat="33.45967" lon="-96.30527">
        <ele>210.6</ele>
      </trkpt>
      <trkpt lat="33.460369" lon="-96.3052">
        <ele>208.8</ele>
      </trkpt>
      <trkpt lat="33.46085" lon="-96.30509">
        <ele>208.1</ele>
      </trkpt>
      <trkpt lat="33.46134" lon="-96.30498">
        <ele>207.9</ele>
      </trkpt>
      <trkpt lat="33.46134" lon="-96.30498">
        <ele>207.9</ele>
      </trkpt>
      <trkpt lat="33.46181" lon="-96.30487">
        <ele>208.1</ele>
      </trkpt>
      <trkpt lat="33.46229" lon="-96.30476">
        <ele>208.7</ele>
      </trkpt>
      <trkpt lat="33.46282" lon="-96.30441">
        <ele>208.9</ele>
      </trkpt>
      <trkpt lat="33.46336" lon="-96.30405">
        <ele>207.8</ele>
      </trkpt>
      <trkpt lat="33.46394" lon="-96.30403">
        <ele>205.2</ele>
      </trkpt>
      <trkpt lat="33.46452" lon="-96.30401">
        <ele>203.2</ele>
      </trkpt>
      <trkpt lat="33.46541" lon="-96.30395">
        <ele>202.4</ele>
      </trkpt>
      <trkpt lat="33.46629" lon="-96.3039">
        <ele>204.8</ele>
      </trkpt>
      <trkpt lat="33.46718" lon="-96.30384">
        <ele>205.5</ele>
      </trkpt>
      <trkpt lat="33.467689" lon="-96.30383">
        <ele>205.1</ele>
      </trkpt>
      <trkpt lat="33.46851" lon="-96.30377">
        <ele>203.2</ele>
      </trkpt>
      <trkpt lat="33.46934" lon="-96.3037">
        <ele>200.0</ele>
      </trkpt>
      <trkpt lat="33.47016" lon="-96.30364">
        <ele>199.2</ele>
      </trkpt>
      <trkpt lat="33.470979" lon="-96.30358">
        <ele>197.8</ele>
      </trkpt>
      <trkpt lat="33.471179" lon="-96.30354">
        <ele>197.4</ele>
      </trkpt>
      <trkpt lat="33.47205" lon="-96.30331">
        <ele>195.0</ele>
      </trkpt>
      <trkpt lat="33.47294" lon="-96.30314">
        <ele>194.2</ele>
      </trkpt>
      <trkpt lat="33.47382" lon="-96.30297">
        <ele>193.4</ele>
      </trkpt>
      <trkpt lat="33.47415" lon="-96.30292">
        <ele>193.3</ele>
      </trkpt>
      <trkpt lat="33.474449" lon="-96.3029">
        <ele>193.2</ele>
      </trkpt>
      <trkpt lat="33.475189" lon="-96.3029">
        <ele>192.7</ele>
      </trkpt>
      <trkpt lat="33.475189" lon="-96.3029">
        <ele>192.7</ele>
      </trkpt>
      <trkpt lat="33.47591" lon="-96.3029">
        <ele>192.4</ele>
      </trkpt>
      <trkpt lat="33.47616" lon="-96.3029">
        <ele>192.4</ele>
      </trkpt>
      <trkpt lat="33.47692" lon="-96.30289">
        <ele>192.2</ele>
      </trkpt>
      <trkpt lat="33.47768" lon="-96.30288">
        <ele>192.3</ele>
      </trkpt>
      <trkpt lat="33.47844" lon="-96.30287">
        <ele>192.4</ele>
      </trkpt>
      <trkpt lat="33.4792" lon="-96.30286">
        <ele>193.2</ele>
      </trkpt>
      <trkpt lat="33.47996" lon="-96.30285">
        <ele>194.0</ele>
      </trkpt>
      <trkpt lat="33.480719" lon="-96.30284">
        <ele>194.7</ele>
      </trkpt>
      <trkpt lat="33.48127" lon="-96.30281">
        <ele>195.1</ele>
      </trkpt>
      <trkpt lat="33.48183" lon="-96.30278">
        <ele>195.2</ele>
      </trkpt>
      <trkpt lat="33.48183" lon="-96.30278">
        <ele>195.2</ele>
      </trkpt>
      <trkpt lat="33.48263" lon="-96.30274">
        <ele>196.4</ele>
      </trkpt>
      <trkpt lat="33.48342" lon="-96.3027">
        <ele>197.5</ele>
      </trkpt>
      <trkpt lat="33.48422" lon="-96.30266">
        <ele>198.0</ele>
      </trkpt>
      <trkpt lat="33.48502" lon="-96.30262">
        <ele>199.6</ele>
      </trkpt>
      <trkpt lat="33.485819" lon="-96.30258">
        <ele>201.0</ele>
      </trkpt>
      <trkpt lat="33.48661" lon="-96.30254">
        <ele>201.8</ele>
      </trkpt>
      <trkpt lat="33.48725" lon="-96.30255">
        <ele>203.8</ele>
      </trkpt>
      <trkpt lat="33.48789" lon="-96.30255">
        <ele>204.5</ele>
      </trkpt>
      <trkpt lat="33.48789" lon="-96.30255">
        <ele>204.5</ele>
      </trkpt>
      <trkpt lat="33.488619" lon="-96.30256">
        <ele>205.3</ele>
      </trkpt>
      <trkpt lat="33.48935" lon="-96.30257">
        <ele>206.2</ele>
      </trkpt>
      <trkpt lat="33.49008" lon="-96.30258">
        <ele>207.0</ele>
      </trkpt>
      <trkpt lat="33.49007" lon="-96.30365">
        <ele>206.6</ele>
      </trkpt>
      <trkpt lat="33.49007" lon="-96.30472">
        <ele>205.8</ele>
      </trkpt>
      <trkpt lat="33.49009" lon="-96.30494">
        <ele>205.6</ele>
      </trkpt>
      <trkpt lat="33.49015" lon="-96.30506">
        <ele>205.6</ele>
      </trkpt>
      <trkpt lat="33.49027" lon="-96.30509">
        <ele>205.6</ele>
      </trkpt>
      <trkpt lat="33.49056" lon="-96.30509">
        <ele>205.7</ele>
      </trkpt>
      <trkpt lat="33.49131" lon="-96.30504">
        <ele>205.3</ele>
      </trkpt>
      <trkpt lat="33.49131" lon="-96.30504">
        <ele>205.3</ele>
      </trkpt>
      <trkpt lat="33.49187" lon="-96.30501">
        <ele>204.7</ele>
      </trkpt>
      <trkpt lat="33.49244" lon="-96.30498">
        <ele>204.8</ele>
      </trkpt>
      <trkpt lat="33.49257" lon="-96.30595">
        <ele>204.3</ele>
      </trkpt>
      <trkpt lat="33.49271" lon="-96.30693">
        <ele>202.6</ele>
      </trkpt>
      <trkpt lat="33.49284" lon="-96.30791">
        <ele>201.2</ele>
      </trkpt>
      <trkpt lat="33.49298" lon="-96.30888">
        <ele>204.2</ele>
      </trkpt>
      <trkpt lat="33.49311" lon="-96.30986">
        <ele>205.6</ele>
      </trkpt>
      <trkpt lat="33.493769" lon="-96.30982">
        <ele>207.4</ele>
      </trkpt>
      <trkpt lat="33.494419" lon="-96.30977">
        <ele>207.8</ele>
      </trkpt>
      <trkpt lat="33.494419" lon="-96.30977">
        <ele>207.8</ele>
      </trkpt>
      <trkpt lat="33.49505" lon="-96.30973">
        <ele>206.2</ele>
      </trkpt>
      <trkpt lat="33.495669" lon="-96.30968">
        <ele>205.4</ele>
      </trkpt>
      <trkpt lat="33.496299" lon="-96.30964">
        <ele>205.5</ele>
      </trkpt>
      <trkpt lat="33.49687" lon="-96.30955">
        <ele>204.5</ele>
      </trkpt>
      <trkpt lat="33.49738" lon="-96.30941">
        <ele>204.3</ele>
      </trkpt>
      <trkpt lat="33.49789" lon="-96.30927">
        <ele>204.0</ele>
      </trkpt>
      <trkpt lat="33.49813" lon="-96.30926">
        <ele>204.3</ele>
      </trkpt>
      <trkpt lat="33.49835" lon="-96.30928">
        <ele>204.8</ele>
      </trkpt>
      <trkpt lat="33.49893" lon="-96.30939">
        <ele>207.1</ele>
      </trkpt>
      <trkpt lat="33.49893" lon="-96.30939">
        <ele>207.1</ele>
      </trkpt>
      <trkpt lat="33.49907" lon="-96.30942">
        <ele>207.0</ele>
      </trkpt>
      <trkpt lat="33.499679" lon="-96.3095">
        <ele>207.6</ele>
      </trkpt>
      <trkpt lat="33.50011" lon="-96.30965">
        <ele>207.1</ele>
      </trkpt>
      <trkpt lat="33.5005" lon="-96.30967">
        <ele>207.7</ele>
      </trkpt>
      <trkpt lat="33.50077" lon="-96.30992">
        <ele>207.4</ele>
      </trkpt>
      <trkpt lat="33.50088" lon="-96.3106">
        <ele>206.9</ele>
      </trkpt>
      <trkpt lat="33.500909" lon="-96.31158">
        <ele>210.0</ele>
      </trkpt>
      <trkpt lat="33.50094" lon="-96.31256">
        <ele>211.0</ele>
      </trkpt>
      <trkpt lat="33.50097" lon="-96.31353">
        <ele>211.0</ele>
      </trkpt>
      <trkpt lat="33.500999" lon="-96.31451">
        <ele>210.4</ele>
      </trkpt>
      <trkpt lat="33.50116" lon="-96.31461">
        <ele>210.5</ele>
      </trkpt>
      <trkpt lat="33.50125" lon="-96.31463">
        <ele>210.5</ele>
      </trkpt>
      <trkpt lat="33.50155" lon="-96.3146">
        <ele>210.8</ele>
      </trkpt>
      <trkpt lat="33.50211" lon="-96.31458">
        <ele>211.4</ele>
      </trkpt>
      <trkpt lat="33.50267" lon="-96.31456">
        <ele>212.1</ele>
      </trkpt>
      <trkpt lat="33.50267" lon="-96.31456">
        <ele>212.1</ele>
      </trkpt>
      <trkpt lat="33.50332" lon="-96.31454">
        <ele>212.9</ele>
      </trkpt>
      <trkpt lat="33.50401" lon="-96.31453">
        <ele>213.6</ele>
      </trkpt>
      <trkpt lat="33.50471" lon="-96.31452">
        <ele>214.0</ele>
      </trkpt>
      <trkpt lat="33.505409" lon="-96.31451">
        <ele>214.2</ele>
      </trkpt>
      <trkpt lat="33.50611" lon="-96.31449">
        <ele>214.3</ele>
      </trkpt>
      <trkpt lat="33.5068" lon="-96.31447">
        <ele>214.4</ele>
      </trkpt>
      <trkpt lat="33.5068" lon="-96.31447">
        <ele>214.4</ele>
      </trkpt>
      <trkpt lat="33.50745" lon="-96.31445">
        <ele>214.5</ele>
      </trkpt>
      <trkpt lat="33.50811" lon="-96.31443">
        <ele>214.8</ele>
      </trkpt>
      <trkpt lat="33.50876" lon="-96.31441">
        <ele>215.3</ele>
      </trkpt>
      <trkpt lat="33.50873" lon="-96.31345">
        <ele>214.5</ele>
      </trkpt>
      <trkpt lat="33.508699" lon="-96.31249">
        <ele>213.9</ele>
      </trkpt>
      <trkpt lat="33.50867" lon="-96.31153">
        <ele>213.8</ele>
      </trkpt>
      <trkpt lat="33.50866" lon="-96.31088">
        <ele>213.4</ele>
      </trkpt>
      <trkpt lat="33.50869" lon="-96.31078">
        <ele>213.3</ele>
      </trkpt>
      <trkpt lat="33.50874" lon="-96.3107">
        <ele>213.4</ele>
      </trkpt>
      <trkpt lat="33.5088" lon="-96.31065">
        <ele>213.4</ele>
      </trkpt>
      <trkpt lat="33.508899" lon="-96.31063">
        <ele>213.4</ele>
      </trkpt>
      <trkpt lat="33.509439" lon="-96.3106">
        <ele>214.2</ele>
      </trkpt>
      <trkpt lat="33.50998" lon="-96.31057">
        <ele>214.8</ele>
      </trkpt>
      <trkpt lat="33.50998" lon="-96.31057">
        <ele>214.8</ele>
      </trkpt>
      <trkpt lat="33.51072" lon="-96.31053">
        <ele>215.6</ele>
      </trkpt>
      <trkpt lat="33.51146" lon="-96.31049">
        <ele>216.3</ele>
      </trkpt>
      <trkpt lat="33.5122" lon="-96.31045">
        <ele>217.5</ele>
      </trkpt>
      <trkpt lat="33.51231" lon="-96.31037">
        <ele>217.7</ele>
      </trkpt>
      <trkpt lat="33.51238" lon="-96.31026">
        <ele>217.8</ele>
      </trkpt>
      <trkpt lat="33.5124" lon="-96.3101">
        <ele>217.9</ele>
      </trkpt>
      <trkpt lat="33.5124" lon="-96.30989">
        <ele>218.0</ele>
      </trkpt>
      <trkpt lat="33.512369" lon="-96.309">
        <ele>218.2</ele>
      </trkpt>
      <trkpt lat="33.51238" lon="-96.3085">
        <ele>218.3</ele>
      </trkpt>
      <trkpt lat="33.512929" lon="-96.3085">
        <ele>218.9</ele>
      </trkpt>
      <trkpt lat="33.51348" lon="-96.30851">
        <ele>219.5</ele>
      </trkpt>
      <trkpt lat="33.51348" lon="-96.30851">
        <ele>219.5</ele>
      </trkpt>
      <trkpt lat="33.5143" lon="-96.30852">
        <ele>220.0</ele>
      </trkpt>
      <trkpt lat="33.51513" lon="-96.30853">
        <ele>220.5</ele>
      </trkpt>
      <trkpt lat="33.515949" lon="-96.30854">
        <ele>221.0</ele>
      </trkpt>
      <trkpt lat="33.51677" lon="-96.30855">
        <ele>221.4</ele>
      </trkpt>
      <trkpt lat="33.5176" lon="-96.30856">
        <ele>221.9</ele>
      </trkpt>
      <trkpt lat="33.51842" lon="-96.30857">
        <ele>222.6</ele>
      </trkpt>
      <trkpt lat="33.51925" lon="-96.30858">
        <ele>223.6</ele>
      </trkpt>
      <trkpt lat="33.520069" lon="-96.30859">
        <ele>224.4</ele>
      </trkpt>
      <trkpt lat="33.52089" lon="-96.3086">
        <ele>224.8</ele>
      </trkpt>
      <trkpt lat="33.52172" lon="-96.30861">
        <ele>225.1</ele>
      </trkpt>
      <trkpt lat="33.52254" lon="-96.30862">
        <ele>225.8</ele>
      </trkpt>
      <trkpt lat="33.52254" lon="-96.30862">
        <ele>225.8</ele>
      </trkpt>
      <trkpt lat="33.52315" lon="-96.30863">
        <ele>227.5</ele>
      </trkpt>
      <trkpt lat="33.52312" lon="-96.30763">
        <ele>228.2</ele>
      </trkpt>
      <trkpt lat="33.52309" lon="-96.30664">
        <ele>229.2</ele>
      </trkpt>
      <trkpt lat="33.52306" lon="-96.30565">
        <ele>228.0</ele>
      </trkpt>
      <trkpt lat="33.52304" lon="-96.30466">
        <ele>224.8</ele>
      </trkpt>
      <trkpt lat="33.52301" lon="-96.30367">
        <ele>222.5</ele>
      </trkpt>
      <trkpt lat="33.522979" lon="-96.30268">
        <ele>220.7</ele>
      </trkpt>
      <trkpt lat="33.52295" lon="-96.30169">
        <ele>219.4</ele>
      </trkpt>
      <trkpt lat="33.52293" lon="-96.3007">
        <ele>218.9</ele>
      </trkpt>
      <trkpt lat="33.5229" lon="-96.29971">
        <ele>219.1</ele>
      </trkpt>
      <trkpt lat="33.522869" lon="-96.29872">
        <ele>220.5</ele>
      </trkpt>
      <trkpt lat="33.52285" lon="-96.2978">
        <ele>222.2</ele>
      </trkpt>
      <trkpt lat="33.52282" lon="-96.29689">
        <ele>224.3</ele>
      </trkpt>
      <trkpt lat="33.522799" lon="-96.29598">
        <ele>225.9</ele>
      </trkpt>
      <trkpt lat="33.52279" lon="-96.29513">
        <ele>226.0</ele>
      </trkpt>
      <trkpt lat="33.52277" lon="-96.29429">
        <ele>225.3</ele>
      </trkpt>
      <trkpt lat="33.522759" lon="-96.29345">
        <ele>224.3</ele>
      </trkpt>
      <trkpt lat="33.52274" lon="-96.2926">
        <ele>222.8</ele>
      </trkpt>
      <trkpt lat="33.52274" lon="-96.2926">
        <ele>222.8</ele>
      </trkpt>
      <trkpt lat="33.52273" lon="-96.29164">
        <ele>223.9</ele>
      </trkpt>
      <trkpt lat="33.522709" lon="-96.29067">
        <ele>225.2</ele>
      </trkpt>
      <trkpt lat="33.52349" lon="-96.29066">
        <ele>225.4</ele>
      </trkpt>
      <trkpt lat="33.52426" lon="-96.29065">
        <ele>225.5</ele>
      </trkpt>
      <trkpt lat="33.525039" lon="-96.29063">
        <ele>226.0</ele>
      </trkpt>
      <trkpt lat="33.52581" lon="-96.29062">
        <ele>226.4</ele>
      </trkpt>
      <trkpt lat="33.52659" lon="-96.2906">
        <ele>227.0</ele>
      </trkpt>
      <trkpt lat="33.52729" lon="-96.29059">
        <ele>227.7</ele>
      </trkpt>
      <trkpt lat="33.52798" lon="-96.29058">
        <ele>228.0</ele>
      </trkpt>
      <trkpt lat="33.52868" lon="-96.29057">
        <ele>228.3</ele>
      </trkpt>
      <trkpt lat="33.52937" lon="-96.29055">
        <ele>228.4</ele>
      </trkpt>
      <trkpt lat="33.530079" lon="-96.2905">
        <ele>228.6</ele>
      </trkpt>
      <trkpt lat="33.53089" lon="-96.29048">
        <ele>229.0</ele>
      </trkpt>
      <trkpt lat="33.531709" lon="-96.29046">
        <ele>229.7</ele>
      </trkpt>
      <trkpt lat="33.53253" lon="-96.29044">
        <ele>230.1</ele>
      </trkpt>
      <trkpt lat="33.53335" lon="-96.29043">
        <ele>230.2</ele>
      </trkpt>
      <trkpt lat="33.53417" lon="-96.29041">
        <ele>230.1</ele>
      </trkpt>
      <trkpt lat="33.53417" lon="-96.29041">
        <ele>230.1</ele>
      </trkpt>
      <trkpt lat="33.53484" lon="-96.29039">
        <ele>230.2</ele>
      </trkpt>
      <trkpt lat="33.53552" lon="-96.29038">
        <ele>230.3</ele>
      </trkpt>
      <trkpt lat="33.536189" lon="-96.29036">
        <ele>230.3</ele>
      </trkpt>
      <trkpt lat="33.53687" lon="-96.29035">
        <ele>228.9</ele>
      </trkpt>
      <trkpt lat="33.53716" lon="-96.29002">
        <ele>228.3</ele>
      </trkpt>
      <trkpt lat="33.53728" lon="-96.28966">
        <ele>228.1</ele>
      </trkpt>
      <trkpt lat="33.53727" lon="-96.28858">
        <ele>226.7</ele>
      </trkpt>
      <trkpt lat="33.53726" lon="-96.28751">
        <ele>223.5</ele>
      </trkpt>
      <trkpt lat="33.53725" lon="-96.28643">
        <ele>220.3</ele>
      </trkpt>
      <trkpt lat="33.53725" lon="-96.28643">
        <ele>220.3</ele>
      </trkpt>
      <trkpt lat="33.537239" lon="-96.28545">
        <ele>216.8</ele>
      </trkpt>
      <trkpt lat="33.53723" lon="-96.28448">
        <ele>219.6</ele>
      </trkpt>
      <trkpt lat="33.537219" lon="-96.2835">
        <ele>222.9</ele>
      </trkpt>
      <trkpt lat="33.53721" lon="-96.28252">
        <ele>224.1</ele>
      </trkpt>
      <trkpt lat="33.5372" lon="-96.28155">
        <ele>224.9</ele>
      </trkpt>
      <trkpt lat="33.53719" lon="-96.28057">
        <ele>225.2</ele>
      </trkpt>
      <trkpt lat="33.53721" lon="-96.28032">
        <ele>225.0</ele>
      </trkpt>
      <trkpt lat="33.53747" lon="-96.28012">
        <ele>223.3</ele>
      </trkpt>
      <trkpt lat="33.53736" lon="-96.27994">
        <ele>223.3</ele>
      </trkpt>
      <trkpt lat="33.53726" lon="-96.27976">
        <ele>223.3</ele>
      </trkpt>
      <trkpt lat="33.53719" lon="-96.27948">
        <ele>222.4</ele>
      </trkpt>
      <trkpt lat="33.53718" lon="-96.27861">
        <ele>221.8</ele>
      </trkpt>
      <trkpt lat="33.53716" lon="-96.27844">
        <ele>221.7</ele>
      </trkpt>
      <trkpt lat="33.53711" lon="-96.27826">
        <ele>221.7</ele>
      </trkpt>
      <trkpt lat="33.53703" lon="-96.27806">
        <ele>221.6</ele>
      </trkpt>
      <trkpt lat="33.53694" lon="-96.27791">
        <ele>221.6</ele>
      </trkpt>
      <trkpt lat="33.53676" lon="-96.27775">
        <ele>221.6</ele>
      </trkpt>
      <trkpt lat="33.5366" lon="-96.27764">
        <ele>221.6</ele>
      </trkpt>
      <trkpt lat="33.536389" lon="-96.27758">
        <ele>221.6</ele>
      </trkpt>
      <trkpt lat="33.53607" lon="-96.27757">
        <ele>221.7</ele>
      </trkpt>
      <trkpt lat="33.53533" lon="-96.2776">
        <ele>221.8</ele>
      </trkpt>
      <trkpt lat="33.53458" lon="-96.27762">
        <ele>221.8</ele>
      </trkpt>
      <trkpt lat="33.53383" lon="-96.27765">
        <ele>222.2</ele>
      </trkpt>
      <trkpt lat="33.53308" lon="-96.27767">
        <ele>222.2</ele>
      </trkpt>
      <trkpt lat="33.532339" lon="-96.2777">
        <ele>222.2</ele>
      </trkpt>
      <trkpt lat="33.53242" lon="-96.27747">
        <ele>222.1</ele>
      </trkpt>
      <trkpt lat="33.53288" lon="-96.27672">
        <ele>221.0</ele>
      </trkpt>
      <trkpt lat="33.53334" lon="-96.27598">
        <ele>219.4</ele>
      </trkpt>
      <trkpt lat="33.53381" lon="-96.27524">
        <ele>218.6</ele>
      </trkpt>
      <trkpt lat="33.53427" lon="-96.2745">
        <ele>216.6</ele>
      </trkpt>
      <trkpt lat="33.53473" lon="-96.27375">
        <ele>216.6</ele>
      </trkpt>
      <trkpt lat="33.53526" lon="-96.27289">
        <ele>217.2</ele>
      </trkpt>
      <trkpt lat="33.53578" lon="-96.27203">
        <ele>219.4</ele>
      </trkpt>
      <trkpt lat="33.53602" lon="-96.27144">
        <ele>219.9</ele>
      </trkpt>
      <trkpt lat="33.53625" lon="-96.27085">
        <ele>219.6</ele>
      </trkpt>
      <trkpt lat="33.53625" lon="-96.27085">
        <ele>219.6</ele>
      </trkpt>
      <trkpt lat="33.53652" lon="-96.27017">
        <ele>218.1</ele>
      </trkpt>
      <trkpt lat="33.53671" lon="-96.26931">
        <ele>215.8</ele>
      </trkpt>
      <trkpt lat="33.5369" lon="-96.26844">
        <ele>213.9</ele>
      </trkpt>
      <trkpt lat="33.53709" lon="-96.26758">
        <ele>212.5</ele>
      </trkpt>
      <trkpt lat="33.53728" lon="-96.26671">
        <ele>212.1</ele>
      </trkpt>
      <trkpt lat="33.53747" lon="-96.26585">
        <ele>211.3</ele>
      </trkpt>
      <trkpt lat="33.53705" lon="-96.26586">
        <ele>211.9</ele>
      </trkpt>
      <trkpt lat="33.536389" lon="-96.26587">
        <ele>212.5</ele>
      </trkpt>
      <trkpt lat="33.535739" lon="-96.26587">
        <ele>212.2</ele>
      </trkpt>
      <trkpt lat="33.53513" lon="-96.26589">
        <ele>210.9</ele>
      </trkpt>
      <trkpt lat="33.53432" lon="-96.26588">
        <ele>208.2</ele>
      </trkpt>
      <trkpt lat="33.533969" lon="-96.26591">
        <ele>207.0</ele>
      </trkpt>
      <trkpt lat="33.53327" lon="-96.26593">
        <ele>210.3</ele>
      </trkpt>
      <trkpt lat="33.53264" lon="-96.26598">
        <ele>212.9</ele>
      </trkpt>
      <trkpt lat="33.532359" lon="-96.26599">
        <ele>213.9</ele>
      </trkpt>
      <trkpt lat="33.53224" lon="-96.26598">
        <ele>214.4</ele>
      </trkpt>
      <trkpt lat="33.532159" lon="-96.26595">
        <ele>214.9</ele>
      </trkpt>
      <trkpt lat="33.53212" lon="-96.26589">
        <ele>215.0</ele>
      </trkpt>
      <trkpt lat="33.532089" lon="-96.26583">
        <ele>215.0</ele>
      </trkpt>
      <trkpt lat="33.532069" lon="-96.26572">
        <ele>214.9</ele>
      </trkpt>
      <trkpt lat="33.532069" lon="-96.2656">
        <ele>214.6</ele>
      </trkpt>
      <trkpt lat="33.532089" lon="-96.26526">
        <ele>213.9</ele>
      </trkpt>
      <trkpt lat="33.5321" lon="-96.26506">
        <ele>213.5</ele>
      </trkpt>
      <trkpt lat="33.53206" lon="-96.26498">
        <ele>213.4</ele>
      </trkpt>
      <trkpt lat="33.53201" lon="-96.26491">
        <ele>213.3</ele>
      </trkpt>
      <trkpt lat="33.53193" lon="-96.2649">
        <ele>213.4</ele>
      </trkpt>
      <trkpt lat="33.53114" lon="-96.26492">
        <ele>214.7</ele>
      </trkpt>
      <trkpt lat="33.53042" lon="-96.26494">
        <ele>215.2</ele>
      </trkpt>
      <trkpt lat="33.5297" lon="-96.26495">
        <ele>215.6</ele>
      </trkpt>
      <trkpt lat="33.528979" lon="-96.26497">
        <ele>216.4</ele>
      </trkpt>
      <trkpt lat="33.52826" lon="-96.26499">
        <ele>216.4</ele>
      </trkpt>
      <trkpt lat="33.52763" lon="-96.26501">
        <ele>216.5</ele>
      </trkpt>
      <trkpt lat="33.527" lon="-96.26503">
        <ele>216.8</ele>
      </trkpt>
      <trkpt lat="33.52637" lon="-96.26505">
        <ele>217.1</ele>
      </trkpt>
      <trkpt lat="33.52565" lon="-96.26508">
        <ele>216.9</ele>
      </trkpt>
      <trkpt lat="33.524929" lon="-96.26511">
        <ele>215.8</ele>
      </trkpt>
      <trkpt lat="33.524749" lon="-96.26511">
        <ele>215.3</ele>
      </trkpt>
      <trkpt lat="33.52465" lon="-96.26507">
        <ele>215.0</ele>
      </trkpt>
      <trkpt lat="33.5246" lon="-96.26494">
        <ele>214.8</ele>
      </trkpt>
      <trkpt lat="33.524549" lon="-96.26475">
        <ele>214.7</ele>
      </trkpt>
      <trkpt lat="33.52451" lon="-96.26369">
        <ele>213.6</ele>
      </trkpt>
      <trkpt lat="33.52451" lon="-96.26369">
        <ele>213.6</ele>
      </trkpt>
      <trkpt lat="33.524479" lon="-96.26308">
        <ele>215.0</ele>
      </trkpt>
      <trkpt lat="33.524459" lon="-96.26248">
        <ele>216.1</ele>
      </trkpt>
      <trkpt lat="33.52444" lon="-96.26176">
        <ele>216.9</ele>
      </trkpt>
      <trkpt lat="33.52442" lon="-96.26105">
        <ele>217.2</ele>
      </trkpt>
      <trkpt lat="33.52436" lon="-96.26092">
        <ele>217.2</ele>
      </trkpt>
      <trkpt lat="33.524189" lon="-96.2609">
        <ele>217.0</ele>
      </trkpt>
      <trkpt lat="33.52359" lon="-96.26094">
        <ele>216.1</ele>
      </trkpt>
      <trkpt lat="33.522979" lon="-96.26097">
        <ele>214.5</ele>
      </trkpt>
      <trkpt lat="33.52238" lon="-96.26101">
        <ele>213.1</ele>
      </trkpt>
      <trkpt lat="33.52205" lon="-96.26101">
        <ele>212.5</ele>
      </trkpt>
      <trkpt lat="33.52201" lon="-96.26069">
        <ele>212.5</ele>
      </trkpt>
      <trkpt lat="33.52199" lon="-96.26003">
        <ele>212.6</ele>
      </trkpt>
      <trkpt lat="33.52197" lon="-96.25926">
        <ele>212.9</ele>
      </trkpt>
      <trkpt lat="33.52197" lon="-96.25836">
        <ele>213.7</ele>
      </trkpt>
      <trkpt lat="33.521949" lon="-96.25755">
        <ele>214.5</ele>
      </trkpt>
      <trkpt lat="33.52192" lon="-96.25673">
        <ele>214.6</ele>
      </trkpt>
      <trkpt lat="33.5219" lon="-96.25591">
        <ele>214.2</ele>
      </trkpt>
      <trkpt lat="33.52188" lon="-96.2551">
        <ele>213.6</ele>
      </trkpt>
      <trkpt lat="33.52188" lon="-96.2551">
        <ele>213.6</ele>
      </trkpt>
      <trkpt lat="33.52185" lon="-96.25431">
        <ele>213.4</ele>
      </trkpt>
      <trkpt lat="33.52183" lon="-96.25352">
        <ele>212.4</ele>
      </trkpt>
      <trkpt lat="33.5218" lon="-96.25274">
        <ele>210.9</ele>
      </trkpt>
      <trkpt lat="33.52179" lon="-96.25213">
        <ele>209.9</ele>
      </trkpt>
      <trkpt lat="33.521769" lon="-96.25153">
        <ele>208.6</ele>
      </trkpt>
      <trkpt lat="33.52174" lon="-96.25089">
        <ele>207.2</ele>
      </trkpt>
      <trkpt lat="33.52171" lon="-96.25026">
        <ele>206.6</ele>
      </trkpt>
      <trkpt lat="33.52169" lon="-96.2495">
        <ele>206.4</ele>
      </trkpt>
      <trkpt lat="33.52167" lon="-96.24874">
        <ele>206.7</ele>
      </trkpt>
      <trkpt lat="33.52165" lon="-96.24798">
        <ele>206.7</ele>
      </trkpt>
      <trkpt lat="33.521639" lon="-96.24708">
        <ele>206.3</ele>
      </trkpt>
      <trkpt lat="33.52162" lon="-96.24617">
        <ele>205.4</ele>
      </trkpt>
      <trkpt lat="33.52161" lon="-96.24527">
        <ele>205.0</ele>
      </trkpt>
      <trkpt lat="33.52159" lon="-96.24437">
        <ele>204.2</ele>
      </trkpt>
      <trkpt lat="33.52159" lon="-96.24437">
        <ele>204.2</ele>
      </trkpt>
      <trkpt lat="33.521569" lon="-96.24338">
        <ele>202.7</ele>
      </trkpt>
      <trkpt lat="33.52154" lon="-96.24236">
        <ele>200.9</ele>
      </trkpt>
      <trkpt lat="33.52151" lon="-96.24133">
        <ele>197.8</ele>
      </trkpt>
      <trkpt lat="33.521479" lon="-96.2403">
        <ele>200.6</ele>
      </trkpt>
      <trkpt lat="33.52144" lon="-96.23927">
        <ele>201.7</ele>
      </trkpt>
      <trkpt lat="33.52141" lon="-96.23824">
        <ele>202.3</ele>
      </trkpt>
      <trkpt lat="33.52138" lon="-96.23722">
        <ele>201.2</ele>
      </trkpt>
      <trkpt lat="33.52135" lon="-96.23619">
        <ele>198.8</ele>
      </trkpt>
      <trkpt lat="33.52123" lon="-96.23575">
        <ele>198.1</ele>
      </trkpt>
      <trkpt lat="33.521169" lon="-96.23487">
        <ele>200.0</ele>
      </trkpt>
      <trkpt lat="33.52111" lon="-96.23399">
        <ele>201.1</ele>
      </trkpt>
      <trkpt lat="33.52105" lon="-96.23312">
        <ele>200.7</ele>
      </trkpt>
      <trkpt lat="33.52103" lon="-96.23207">
        <ele>200.1</ele>
      </trkpt>
      <trkpt lat="33.52097" lon="-96.23106">
        <ele>200.4</ele>
      </trkpt>
      <trkpt lat="33.52097" lon="-96.23018">
        <ele>200.9</ele>
      </trkpt>
      <trkpt lat="33.52096" lon="-96.22931">
        <ele>201.0</ele>
      </trkpt>
      <trkpt lat="33.52096" lon="-96.22843">
        <ele>200.5</ele>
      </trkpt>
      <trkpt lat="33.52096" lon="-96.22843">
        <ele>200.5</ele>
      </trkpt>
      <trkpt lat="33.52095" lon="-96.22769">
        <ele>200.6</ele>
      </trkpt>
      <trkpt lat="33.520699" lon="-96.22714">
        <ele>200.3</ele>
      </trkpt>
      <trkpt lat="33.520699" lon="-96.22697">
        <ele>200.1</ele>
      </trkpt>
      <trkpt lat="33.52102" lon="-96.22679">
        <ele>199.8</ele>
      </trkpt>
      <trkpt lat="33.52086" lon="-96.22639">
        <ele>198.7</ele>
      </trkpt>
      <trkpt lat="33.52085" lon="-96.22541">
        <ele>198.5</ele>
      </trkpt>
      <trkpt lat="33.52084" lon="-96.22443">
        <ele>199.1</ele>
      </trkpt>
      <trkpt lat="33.520829" lon="-96.2242">
        <ele>199.1</ele>
      </trkpt>
      <trkpt lat="33.52075" lon="-96.22393">
        <ele>198.9</ele>
      </trkpt>
      <trkpt lat="33.52019" lon="-96.22397">
        <ele>198.6</ele>
      </trkpt>
      <trkpt lat="33.51964" lon="-96.22401">
        <ele>198.6</ele>
      </trkpt>
      <trkpt lat="33.51878" lon="-96.224">
        <ele>198.0</ele>
      </trkpt>
      <trkpt lat="33.51874" lon="-96.22299">
        <ele>197.8</ele>
      </trkpt>
      <trkpt lat="33.51871" lon="-96.22198">
        <ele>197.0</ele>
      </trkpt>
      <trkpt lat="33.51867" lon="-96.22097">
        <ele>196.3</ele>
      </trkpt>
      <trkpt lat="33.518639" lon="-96.21996">
        <ele>195.6</ele>
      </trkpt>
      <trkpt lat="33.518639" lon="-96.21996">
        <ele>195.6</ele>
      </trkpt>
      <trkpt lat="33.5186" lon="-96.2189">
        <ele>192.7</ele>
      </trkpt>
      <trkpt lat="33.51856" lon="-96.21785">
        <ele>191.0</ele>
      </trkpt>
      <trkpt lat="33.51853" lon="-96.21679">
        <ele>190.4</ele>
      </trkpt>
      <trkpt lat="33.51849" lon="-96.21574">
        <ele>191.6</ele>
      </trkpt>
      <trkpt lat="33.51845" lon="-96.21468">
        <ele>193.8</ele>
      </trkpt>
      <trkpt lat="33.51867" lon="-96.21468">
        <ele>193.1</ele>
      </trkpt>
      <trkpt lat="33.51934" lon="-96.21474">
        <ele>190.6</ele>
      </trkpt>
      <trkpt lat="33.519669" lon="-96.2148">
        <ele>188.8</ele>
      </trkpt>
      <trkpt lat="33.51994" lon="-96.21487">
        <ele>187.8</ele>
      </trkpt>
      <trkpt lat="33.52" lon="-96.21473">
        <ele>187.4</ele>
      </trkpt>
      <trkpt lat="33.52001" lon="-96.21413">
        <ele>187.6</ele>
      </trkpt>
      <trkpt lat="33.52002" lon="-96.21353">
        <ele>187.6</ele>
      </trkpt>
      <trkpt lat="33.51999" lon="-96.21268">
        <ele>186.1</ele>
      </trkpt>
      <trkpt lat="33.51997" lon="-96.21183">
        <ele>186.7</ele>
      </trkpt>
      <trkpt lat="33.51994" lon="-96.21098">
        <ele>189.2</ele>
      </trkpt>
      <trkpt lat="33.51994" lon="-96.21098">
        <ele>189.2</ele>
      </trkpt>
      <trkpt lat="33.51991" lon="-96.21">
        <ele>187.1</ele>
      </trkpt>
      <trkpt lat="33.51988" lon="-96.20903">
        <ele>189.5</ele>
      </trkpt>
      <trkpt lat="33.51985" lon="-96.20805">
        <ele>188.9</ele>
      </trkpt>
      <trkpt lat="33.51982" lon="-96.20708">
        <ele>185.4</ele>
      </trkpt>
      <trkpt lat="33.519779" lon="-96.2061">
        <ele>182.1</ele>
      </trkpt>
      <trkpt lat="33.51975" lon="-96.20513">
        <ele>182.9</ele>
      </trkpt>
      <trkpt lat="33.51972" lon="-96.20415">
        <ele>185.6</ele>
      </trkpt>
      <trkpt lat="33.51963" lon="-96.20325">
        <ele>186.5</ele>
      </trkpt>
      <trkpt lat="33.51962" lon="-96.2029">
        <ele>186.4</ele>
      </trkpt>
      <trkpt lat="33.519509" lon="-96.20247">
        <ele>186.4</ele>
      </trkpt>
      <trkpt lat="33.51943" lon="-96.20233">
        <ele>186.5</ele>
      </trkpt>
      <trkpt lat="33.519329" lon="-96.20225">
        <ele>186.7</ele>
      </trkpt>
      <trkpt lat="33.519199" lon="-96.20219">
        <ele>186.7</ele>
      </trkpt>
      <trkpt lat="33.518549" lon="-96.20221">
        <ele>188.0</ele>
      </trkpt>
      <trkpt lat="33.51789" lon="-96.20223">
        <ele>187.2</ele>
      </trkpt>
      <trkpt lat="33.5173" lon="-96.20221">
        <ele>184.7</ele>
      </trkpt>
      <trkpt lat="33.517339" lon="-96.20177">
        <ele>183.2</ele>
      </trkpt>
      <trkpt lat="33.51729" lon="-96.20137">
        <ele>183.3</ele>
      </trkpt>
      <trkpt lat="33.51728" lon="-96.20101">
        <ele>182.4</ele>
      </trkpt>
      <trkpt lat="33.517339" lon="-96.20066">
        <ele>182.4</ele>
      </trkpt>
      <trkpt lat="33.51751" lon="-96.20008">
        <ele>181.8</ele>
      </trkpt>
      <trkpt lat="33.517539" lon="-96.19981">
        <ele>182.9</ele>
      </trkpt>
      <trkpt lat="33.517519" lon="-96.19903">
        <ele>185.6</ele>
      </trkpt>
      <trkpt lat="33.5175" lon="-96.19826">
        <ele>186.7</ele>
      </trkpt>
      <trkpt lat="33.51748" lon="-96.19748">
        <ele>186.1</ele>
      </trkpt>
      <trkpt lat="33.51751" lon="-96.19743">
        <ele>185.9</ele>
      </trkpt>
      <trkpt lat="33.518349" lon="-96.19737">
        <ele>180.4</ele>
      </trkpt>
      <trkpt lat="33.51919" lon="-96.1973">
        <ele>177.1</ele>
      </trkpt>
      <trkpt lat="33.51932" lon="-96.19722">
        <ele>176.7</ele>
      </trkpt>
      <trkpt lat="33.51939" lon="-96.19714">
        <ele>176.5</ele>
      </trkpt>
      <trkpt lat="33.51944" lon="-96.19702">
        <ele>176.4</ele>
      </trkpt>
      <trkpt lat="33.519399" lon="-96.19633">
        <ele>176.4</ele>
      </trkpt>
      <trkpt lat="33.51934" lon="-96.19533">
        <ele>176.3</ele>
      </trkpt>
      <trkpt lat="33.519289" lon="-96.19432">
        <ele>175.8</ele>
      </trkpt>
      <trkpt lat="33.5193" lon="-96.19416">
        <ele>175.5</ele>
      </trkpt>
      <trkpt lat="33.519399" lon="-96.19399">
        <ele>175.1</ele>
      </trkpt>
      <trkpt lat="33.519599" lon="-96.19386">
        <ele>174.8</ele>
      </trkpt>
      <trkpt lat="33.52006" lon="-96.19377">
        <ele>174.6</ele>
      </trkpt>
      <trkpt lat="33.5208" lon="-96.19369">
        <ele>173.4</ele>
      </trkpt>
      <trkpt lat="33.52132" lon="-96.19363">
        <ele>172.3</ele>
      </trkpt>
      <trkpt lat="33.52185" lon="-96.19358">
        <ele>173.1</ele>
      </trkpt>
      <trkpt lat="33.522329" lon="-96.19378">
        <ele>173.8</ele>
      </trkpt>
      <trkpt lat="33.52265" lon="-96.19386">
        <ele>174.4</ele>
      </trkpt>
      <trkpt lat="33.5234" lon="-96.19381">
        <ele>174.9</ele>
      </trkpt>
      <trkpt lat="33.52415" lon="-96.19376">
        <ele>175.6</ele>
      </trkpt>
      <trkpt lat="33.5249" lon="-96.19371">
        <ele>176.8</ele>
      </trkpt>
      <trkpt lat="33.52565" lon="-96.19366">
        <ele>178.0</ele>
      </trkpt>
      <trkpt lat="33.52637" lon="-96.19364">
        <ele>180.0</ele>
      </trkpt>
      <trkpt lat="33.527079" lon="-96.19362">
        <ele>181.6</ele>
      </trkpt>
      <trkpt lat="33.5278" lon="-96.1936">
        <ele>182.2</ele>
      </trkpt>
      <trkpt lat="33.52845" lon="-96.19355">
        <ele>178.2</ele>
      </trkpt>
      <trkpt lat="33.52911" lon="-96.1935">
        <ele>177.6</ele>
      </trkpt>
      <trkpt lat="33.52911" lon="-96.1935">
        <ele>177.6</ele>
      </trkpt>
      <trkpt lat="33.52991" lon="-96.19343">
        <ele>182.0</ele>
      </trkpt>
      <trkpt lat="33.5307" lon="-96.19337">
        <ele>183.7</ele>
      </trkpt>
      <trkpt lat="33.5315" lon="-96.1933">
        <ele>183.1</ele>
      </trkpt>
      <trkpt lat="33.5323" lon="-96.19324">
        <ele>182.3</ele>
      </trkpt>
      <trkpt lat="33.533099" lon="-96.19318">
        <ele>179.1</ele>
      </trkpt>
      <trkpt lat="33.53356" lon="-96.19309">
        <ele>178.2</ele>
      </trkpt>
      <trkpt lat="33.53402" lon="-96.19301">
        <ele>177.2</ele>
      </trkpt>
      <trkpt lat="33.53481" lon="-96.19294">
        <ele>177.0</ele>
      </trkpt>
      <trkpt lat="33.5356" lon="-96.19288">
        <ele>177.0</ele>
      </trkpt>
      <trkpt lat="33.5364" lon="-96.19281">
        <ele>178.6</ele>
      </trkpt>
      <trkpt lat="33.53719" lon="-96.19275">
        <ele>176.5</ele>
      </trkpt>
      <trkpt lat="33.537979" lon="-96.19268">
        <ele>174.6</ele>
      </trkpt>
      <trkpt lat="33.53877" lon="-96.19262">
        <ele>174.3</ele>
      </trkpt>
      <trkpt lat="33.53956" lon="-96.19255">
        <ele>174.9</ele>
      </trkpt>
      <trkpt lat="33.54036" lon="-96.19249">
        <ele>173.4</ele>
      </trkpt>
      <trkpt lat="33.541179" lon="-96.19244">
        <ele>174.4</ele>
      </trkpt>
      <trkpt lat="33.542009" lon="-96.1924">
        <ele>176.0</ele>
      </trkpt>
      <trkpt lat="33.54284" lon="-96.19235">
        <ele>177.0</ele>
      </trkpt>
      <trkpt lat="33.54366" lon="-96.1923">
        <ele>178.0</ele>
      </trkpt>
      <trkpt lat="33.54449" lon="-96.19226">
        <ele>179.0</ele>
      </trkpt>
      <trkpt lat="33.54449" lon="-96.19226">
        <ele>179.0</ele>
      </trkpt>
      <trkpt lat="33.54538" lon="-96.19221">
        <ele>180.8</ele>
      </trkpt>
      <trkpt lat="33.54627" lon="-96.19216">
        <ele>182.8</ele>
      </trkpt>
      <trkpt lat="33.54639" lon="-96.19208">
        <ele>183.3</ele>
      </trkpt>
      <trkpt lat="33.54637" lon="-96.19182">
        <ele>182.6</ele>
      </trkpt>
      <trkpt lat="33.54628" lon="-96.19114">
        <ele>179.9</ele>
      </trkpt>
      <trkpt lat="33.5462" lon="-96.19044">
        <ele>177.7</ele>
      </trkpt>
      <trkpt lat="33.54612" lon="-96.18975">
        <ele>176.4</ele>
      </trkpt>
      <trkpt lat="33.54602" lon="-96.18879">
        <ele>174.0</ele>
      </trkpt>
      <trkpt lat="33.54592" lon="-96.18783">
        <ele>173.6</ele>
      </trkpt>
      <trkpt lat="33.5465" lon="-96.18776">
        <ele>174.4</ele>
      </trkpt>
      <trkpt lat="33.54708" lon="-96.1877">
        <ele>175.0</ele>
      </trkpt>
      <trkpt lat="33.54791" lon="-96.1877">
        <ele>175.8</ele>
      </trkpt>
      <trkpt lat="33.54856" lon="-96.18777">
        <ele>176.3</ele>
      </trkpt>
      <trkpt lat="33.54865" lon="-96.18778">
        <ele>176.3</ele>
      </trkpt>
      <trkpt lat="33.5489" lon="-96.18778">
        <ele>176.3</ele>
      </trkpt>
      <trkpt lat="33.54912" lon="-96.1877">
        <ele>176.3</ele>
      </trkpt>
      <trkpt lat="33.54996" lon="-96.18737">
        <ele>176.0</ele>
      </trkpt>
      <trkpt lat="33.55079" lon="-96.18704">
        <ele>175.9</ele>
      </trkpt>
      <trkpt lat="33.55163" lon="-96.18671">
        <ele>175.8</ele>
      </trkpt>
      <trkpt lat="33.55246" lon="-96.18638">
        <ele>175.6</ele>
      </trkpt>
      <trkpt lat="33.5533" lon="-96.18605">
        <ele>175.1</ele>
      </trkpt>
      <trkpt lat="33.55413" lon="-96.18572">
        <ele>174.4</ele>
      </trkpt>
      <trkpt lat="33.55497" lon="-96.18539">
        <ele>175.5</ele>
      </trkpt>
      <trkpt lat="33.5558" lon="-96.18506">
        <ele>176.5</ele>
      </trkpt>
      <trkpt lat="33.55664" lon="-96.18473">
        <ele>178.5</ele>
      </trkpt>
      <trkpt lat="33.55664" lon="-96.18473">
        <ele>178.5</ele>
      </trkpt>
      <trkpt lat="33.55733" lon="-96.18444">
        <ele>180.0</ele>
      </trkpt>
      <trkpt lat="33.55802" lon="-96.18416">
        <ele>181.2</ele>
      </trkpt>
      <trkpt lat="33.55871" lon="-96.18387">
        <ele>181.9</ele>
      </trkpt>
      <trkpt lat="33.55943" lon="-96.18364">
        <ele>182.2</ele>
      </trkpt>
      <trkpt lat="33.56015" lon="-96.1834">
        <ele>181.8</ele>
      </trkpt>
      <trkpt lat="33.56087" lon="-96.18316">
        <ele>181.4</ele>
      </trkpt>
      <trkpt lat="33.56173" lon="-96.18292">
        <ele>181.2</ele>
      </trkpt>
      <trkpt lat="33.56218" lon="-96.18288">
        <ele>180.8</ele>
      </trkpt>
      <trkpt lat="33.56263" lon="-96.18284">
        <ele>180.5</ele>
      </trkpt>
      <trkpt lat="33.56323" lon="-96.18276">
        <ele>180.5</ele>
      </trkpt>
      <trkpt lat="33.56391" lon="-96.1826">
        <ele>179.7</ele>
      </trkpt>
      <trkpt lat="33.56391" lon="-96.1826">
        <ele>179.7</ele>
      </trkpt>
      <trkpt lat="33.56436" lon="-96.1825">
        <ele>177.6</ele>
      </trkpt>
      <trkpt lat="33.56499" lon="-96.18231">
        <ele>175.8</ele>
      </trkpt>
      <trkpt lat="33.56562" lon="-96.18211">
        <ele>174.4</ele>
      </trkpt>
      <trkpt lat="33.56584" lon="-96.182">
        <ele>172.5</ele>
      </trkpt>
      <trkpt lat="33.56609" lon="-96.1818">
        <ele>172.1</ele>
      </trkpt>
      <trkpt lat="33.56629" lon="-96.18165">
        <ele>171.9</ele>
      </trkpt>
      <trkpt lat="33.5664" lon="-96.18157">
        <ele>171.7</ele>
      </trkpt>
      <trkpt lat="33.56647" lon="-96.18153">
        <ele>171.7</ele>
      </trkpt>
      <trkpt lat="33.56659" lon="-96.18148">
        <ele>172.3</ele>
      </trkpt>
      <trkpt lat="33.56669" lon="-96.18146">
        <ele>172.8</ele>
      </trkpt>
      <trkpt lat="33.567" lon="-96.18144">
        <ele>173.9</ele>
      </trkpt>
      <trkpt lat="33.56699" lon="-96.18056">
        <ele>175.7</ele>
      </trkpt>
      <trkpt lat="33.56698" lon="-96.17967">
        <ele>177.2</ele>
      </trkpt>
      <trkpt lat="33.56698" lon="-96.17967">
        <ele>177.2</ele>
      </trkpt>
      <trkpt lat="33.56698" lon="-96.17929">
        <ele>177.2</ele>
      </trkpt>
      <trkpt lat="33.56725" lon="-96.17926">
        <ele>177.6</ele>
      </trkpt>
      <trkpt lat="33.5681" lon="-96.17928">
        <ele>179.4</ele>
      </trkpt>
      <trkpt lat="33.56895" lon="-96.17929">
        <ele>179.7</ele>
      </trkpt>
      <trkpt lat="33.56984" lon="-96.17928">
        <ele>175.6</ele>
      </trkpt>
      <trkpt lat="33.57073" lon="-96.17931">
        <ele>172.1</ele>
      </trkpt>
      <trkpt lat="33.57119" lon="-96.17931">
        <ele>171.3</ele>
      </trkpt>
      <trkpt lat="33.57165" lon="-96.17931">
        <ele>171.7</ele>
      </trkpt>
      <trkpt lat="33.57226" lon="-96.17933">
        <ele>171.4</ele>
      </trkpt>
      <trkpt lat="33.57287" lon="-96.17935">
        <ele>171.9</ele>
      </trkpt>
      <trkpt lat="33.57305" lon="-96.17935">
        <ele>172.0</ele>
      </trkpt>
      <trkpt lat="33.57318" lon="-96.17937">
        <ele>172.1</ele>
      </trkpt>
      <trkpt lat="33.57333" lon="-96.17939">
        <ele>172.3</ele>
      </trkpt>
      <trkpt lat="33.57365" lon="-96.17938">
        <ele>174.0</ele>
      </trkpt>
      <trkpt lat="33.57365" lon="-96.17938">
        <ele>174.0</ele>
      </trkpt>
      <trkpt lat="33.5739" lon="-96.17938">
        <ele>176.0</ele>
      </trkpt>
      <trkpt lat="33.57387" lon="-96.17876">
        <ele>176.1</ele>
      </trkpt>
      <trkpt lat="33.57385" lon="-96.17814">
        <ele>175.7</ele>
      </trkpt>
      <trkpt lat="33.57384" lon="-96.17744">
        <ele>175.9</ele>
      </trkpt>
      <trkpt lat="33.57384" lon="-96.17744">
        <ele>175.9</ele>
      </trkpt>
      <trkpt lat="33.57383" lon="-96.17709">
        <ele>175.6</ele>
      </trkpt>
      <trkpt lat="33.57383" lon="-96.17699">
        <ele>175.5</ele>
      </trkpt>
      <trkpt lat="33.57387" lon="-96.17692">
        <ele>175.6</ele>
      </trkpt>
      <trkpt lat="33.57394" lon="-96.17688">
        <ele>175.8</ele>
      </trkpt>
      <trkpt lat="33.5745" lon="-96.17686">
        <ele>177.4</ele>
      </trkpt>
      <trkpt lat="33.5745" lon="-96.17686">
        <ele>177.4</ele>
      </trkpt>
      <trkpt lat="33.57517" lon="-96.17684">
        <ele>179.0</ele>
      </trkpt>
      <trkpt lat="33.57583" lon="-96.17683">
        <ele>180.2</ele>
      </trkpt>
      <trkpt lat="33.57583" lon="-96.17683">
        <ele>180.2</ele>
      </trkpt>
      <trkpt lat="33.57593" lon="-96.17682">
        <ele>180.4</ele>
      </trkpt>
      <trkpt lat="33.57588" lon="-96.17582">
        <ele>178.7</ele>
      </trkpt>
      <trkpt lat="33.57588" lon="-96.17582">
        <ele>178.7</ele>
      </trkpt>
      <trkpt lat="33.57587" lon="-96.17566">
        <ele>178.4</ele>
      </trkpt>
      <trkpt lat="33.57626" lon="-96.17564">
        <ele>179.7</ele>
      </trkpt>
      <trkpt lat="33.57625" lon="-96.17486">
        <ele>179.1</ele>
      </trkpt>
      <trkpt lat="33.57625" lon="-96.17486">
        <ele>179.1</ele>
      </trkpt>
      <trkpt lat="33.57624" lon="-96.17422">
        <ele>177.5</ele>
      </trkpt>
      <trkpt lat="33.57623" lon="-96.17357">
        <ele>176.2</ele>
      </trkpt>
      <trkpt lat="33.57618" lon="-96.17251">
        <ele>173.3</ele>
      </trkpt>
      <trkpt lat="33.57583" lon="-96.17252">
        <ele>172.8</ele>
      </trkpt>
      <trkpt lat="33.57582" lon="-96.17196">
        <ele>172.3</ele>
      </trkpt>
      <trkpt lat="33.5758" lon="-96.1714">
        <ele>171.8</ele>
      </trkpt>
      <trkpt lat="33.5758" lon="-96.1714">
        <ele>171.8</ele>
      </trkpt>
      <trkpt lat="33.57578" lon="-96.1712">
        <ele>171.6</ele>
      </trkpt>
      <trkpt lat="33.57573" lon="-96.17104">
        <ele>171.4</ele>
      </trkpt>
      <trkpt lat="33.57562" lon="-96.17083">
        <ele>170.9</ele>
      </trkpt>
      <trkpt lat="33.57556" lon="-96.17065">
        <ele>170.6</ele>
      </trkpt>
      <trkpt lat="33.57551" lon="-96.17041">
        <ele>170.5</ele>
      </trkpt>
      <trkpt lat="33.57547" lon="-96.16962">
        <ele>170.1</ele>
      </trkpt>
      <trkpt lat="33.57544" lon="-96.16883">
        <ele>169.8</ele>
      </trkpt>
      <trkpt lat="33.57541" lon="-96.16804">
        <ele>169.3</ele>
      </trkpt>
      <trkpt lat="33.57541" lon="-96.16804">
        <ele>169.3</ele>
      </trkpt>
      <trkpt lat="33.57539" lon="-96.16759">
        <ele>168.9</ele>
      </trkpt>
      <trkpt lat="33.57596" lon="-96.16757">
        <ele>169.9</ele>
      </trkpt>
      <trkpt lat="33.57653" lon="-96.16755">
        <ele>171.1</ele>
      </trkpt>
      <trkpt lat="33.57648" lon="-96.16668">
        <ele>171.0</ele>
      </trkpt>
      <trkpt lat="33.57642" lon="-96.1658">
        <ele>170.4</ele>
      </trkpt>
      <trkpt lat="33.57642" lon="-96.1658">
        <ele>170.4</ele>
      </trkpt>
      <trkpt lat="33.57637" lon="-96.16475">
        <ele>168.1</ele>
      </trkpt>
      <trkpt lat="33.57631" lon="-96.1637">
        <ele>167.9</ele>
      </trkpt>
      <trkpt lat="33.57625" lon="-96.16265">
        <ele>167.6</ele>
      </trkpt>
      <trkpt lat="33.57621" lon="-96.16166">
        <ele>167.6</ele>
      </trkpt>
      <trkpt lat="33.57616" lon="-96.16067">
        <ele>167.6</ele>
      </trkpt>
      <trkpt lat="33.57611" lon="-96.15969">
        <ele>167.7</ele>
      </trkpt>
      <trkpt lat="33.57607" lon="-96.1587">
        <ele>167.6</ele>
      </trkpt>
      <trkpt lat="33.57602" lon="-96.15771">
        <ele>167.7</ele>
      </trkpt>
      <trkpt lat="33.57597" lon="-96.15673">
        <ele>167.7</ele>
      </trkpt>
      <trkpt lat="33.57593" lon="-96.15599">
        <ele>167.7</ele>
      </trkpt>
      <trkpt lat="33.5759" lon="-96.15526">
        <ele>167.7</ele>
      </trkpt>
      <trkpt lat="33.57583" lon="-96.15426">
        <ele>167.7</ele>
      </trkpt>
      <trkpt lat="33.57576" lon="-96.15326">
        <ele>167.7</ele>
      </trkpt>
      <trkpt lat="33.5757" lon="-96.15229">
        <ele>167.6</ele>
      </trkpt>
      <trkpt lat="33.57565" lon="-96.15132">
        <ele>167.5</ele>
      </trkpt>
      <trkpt lat="33.5756" lon="-96.15036">
        <ele>167.8</ele>
      </trkpt>
      <trkpt lat="33.57554" lon="-96.14939">
        <ele>167.8</ele>
      </trkpt>
      <trkpt lat="33.57549" lon="-96.14842">
        <ele>167.8</ele>
      </trkpt>
      <trkpt lat="33.57549" lon="-96.14842">
        <ele>167.8</ele>
      </trkpt>
      <trkpt lat="33.57547" lon="-96.14814">
        <ele>167.9</ele>
      </trkpt>
      <trkpt lat="33.57498" lon="-96.1481">
        <ele>168.7</ele>
      </trkpt>
      <trkpt lat="33.5744" lon="-96.14802">
        <ele>169.7</ele>
      </trkpt>
      <trkpt lat="33.57383" lon="-96.14794">
        <ele>170.3</ele>
      </trkpt>
      <trkpt lat="33.57342" lon="-96.14786">
        <ele>170.8</ele>
      </trkpt>
      <trkpt lat="33.57329" lon="-96.14782">
        <ele>171.2</ele>
      </trkpt>
      <trkpt lat="33.57315" lon="-96.14759">
        <ele>171.2</ele>
      </trkpt>
      <trkpt lat="33.57275" lon="-96.14682">
        <ele>171.7</ele>
      </trkpt>
      <trkpt lat="33.57275" lon="-96.14682">
        <ele>171.7</ele>
      </trkpt>
      <trkpt lat="33.57231" lon="-96.14596">
        <ele>174.7</ele>
      </trkpt>
      <trkpt lat="33.57186" lon="-96.14511">
        <ele>177.2</ele>
      </trkpt>
      <trkpt lat="33.57142" lon="-96.14425">
        <ele>177.2</ele>
      </trkpt>
      <trkpt lat="33.57098" lon="-96.14339">
        <ele>174.9</ele>
      </trkpt>
      <trkpt lat="33.57077" lon="-96.14337">
        <ele>175.8</ele>
      </trkpt>
      <trkpt lat="33.56992" lon="-96.14341">
        <ele>179.7</ele>
      </trkpt>
      <trkpt lat="33.56907" lon="-96.14345">
        <ele>183.6</ele>
      </trkpt>
      <trkpt lat="33.56907" lon="-96.14345">
        <ele>183.6</ele>
      </trkpt>
      <trkpt lat="33.56822" lon="-96.14348">
        <ele>188.1</ele>
      </trkpt>
      <trkpt lat="33.56737" lon="-96.14352">
        <ele>193.3</ele>
      </trkpt>
      <trkpt lat="33.56652" lon="-96.14356">
        <ele>188.9</ele>
      </trkpt>
      <trkpt lat="33.56567" lon="-96.1436">
        <ele>185.3</ele>
      </trkpt>
      <trkpt lat="33.56482" lon="-96.14364">
        <ele>187.6</ele>
      </trkpt>
      <trkpt lat="33.56404" lon="-96.14366">
        <ele>188.6</ele>
      </trkpt>
      <trkpt lat="33.56326" lon="-96.14368">
        <ele>188.2</ele>
      </trkpt>
      <trkpt lat="33.56326" lon="-96.14368">
        <ele>188.2</ele>
      </trkpt>
      <trkpt lat="33.56238" lon="-96.14371">
        <ele>181.9</ele>
      </trkpt>
      <trkpt lat="33.56227" lon="-96.14366">
        <ele>181.4</ele>
      </trkpt>
      <trkpt lat="33.5622" lon="-96.14355">
        <ele>181.2</ele>
      </trkpt>
      <trkpt lat="33.56209" lon="-96.14312">
        <ele>180.6</ele>
      </trkpt>
      <trkpt lat="33.56194" lon="-96.1426">
        <ele>182.2</ele>
      </trkpt>
      <trkpt lat="33.56192" lon="-96.14243">
        <ele>182.6</ele>
      </trkpt>
      <trkpt lat="33.56186" lon="-96.14144">
        <ele>187.6</ele>
      </trkpt>
      <trkpt lat="33.5618" lon="-96.14046">
        <ele>190.5</ele>
      </trkpt>
      <trkpt lat="33.56175" lon="-96.13947">
        <ele>192.5</ele>
      </trkpt>
      <trkpt lat="33.56169" lon="-96.13849">
        <ele>195.9</ele>
      </trkpt>
      <trkpt lat="33.56156" lon="-96.13818">
        <ele>196.1</ele>
      </trkpt>
      <trkpt lat="33.56123" lon="-96.138">
        <ele>197.2</ele>
      </trkpt>
      <trkpt lat="33.56123" lon="-96.138">
        <ele>197.2</ele>
      </trkpt>
      <trkpt lat="33.56059" lon="-96.13764">
        <ele>198.9</ele>
      </trkpt>
      <trkpt lat="33.56015" lon="-96.13742">
        <ele>199.5</ele>
      </trkpt>
      <trkpt lat="33.55971" lon="-96.13719">
        <ele>199.7</ele>
      </trkpt>
      <trkpt lat="33.55964" lon="-96.13713">
        <ele>199.6</ele>
      </trkpt>
      <trkpt lat="33.55959" lon="-96.13705">
        <ele>199.5</ele>
      </trkpt>
      <trkpt lat="33.55955" lon="-96.13657">
        <ele>197.7</ele>
      </trkpt>
      <trkpt lat="33.55955" lon="-96.13566">
        <ele>191.0</ele>
      </trkpt>
      <trkpt lat="33.55956" lon="-96.13475">
        <ele>187.1</ele>
      </trkpt>
      <trkpt lat="33.55951" lon="-96.13462">
        <ele>187.4</ele>
      </trkpt>
      <trkpt lat="33.55941" lon="-96.13454">
        <ele>188.4</ele>
      </trkpt>
      <trkpt lat="33.55927" lon="-96.1345">
        <ele>189.3</ele>
      </trkpt>
      <trkpt lat="33.55876" lon="-96.1345">
        <ele>192.1</ele>
      </trkpt>
      <trkpt lat="33.55825" lon="-96.13451">
        <ele>195.7</ele>
      </trkpt>
      <trkpt lat="33.55825" lon="-96.13451">
        <ele>195.7</ele>
      </trkpt>
      <trkpt lat="33.55778" lon="-96.13451">
        <ele>197.6</ele>
      </trkpt>
      <trkpt lat="33.55731" lon="-96.13452">
        <ele>198.4</ele>
      </trkpt>
      <trkpt lat="33.55777" lon="-96.134">
        <ele>197.5</ele>
      </trkpt>
      <trkpt lat="33.55843" lon="-96.13338">
        <ele>196.7</ele>
      </trkpt>
      <trkpt lat="33.55909" lon="-96.13276">
        <ele>196.5</ele>
      </trkpt>
      <trkpt lat="33.55975" lon="-96.13214">
        <ele>195.7</ele>
      </trkpt>
      <trkpt lat="33.5604" lon="-96.1319">
        <ele>195.7</ele>
      </trkpt>
      <trkpt lat="33.56105" lon="-96.13165">
        <ele>195.8</ele>
      </trkpt>
      <trkpt lat="33.56105" lon="-96.13165">
        <ele>195.8</ele>
      </trkpt>
      <trkpt lat="33.56182" lon="-96.13136">
        <ele>195.7</ele>
      </trkpt>
      <trkpt lat="33.56258" lon="-96.13108">
        <ele>195.6</ele>
      </trkpt>
      <trkpt lat="33.56335" lon="-96.13096">
        <ele>195.6</ele>
      </trkpt>
      <trkpt lat="33.56412" lon="-96.13084">
        <ele>196.6</ele>
      </trkpt>
      <trkpt lat="33.5649" lon="-96.13072">
        <ele>195.6</ele>
      </trkpt>
      <trkpt lat="33.56579" lon="-96.1307">
        <ele>193.9</ele>
      </trkpt>
      <trkpt lat="33.56668" lon="-96.13069">
        <ele>196.2</ele>
      </trkpt>
      <trkpt lat="33.56758" lon="-96.13067">
        <ele>195.8</ele>
      </trkpt>
      <trkpt lat="33.5677" lon="-96.13062">
        <ele>195.9</ele>
      </trkpt>
      <trkpt lat="33.56772" lon="-96.13051">
        <ele>196.1</ele>
      </trkpt>
      <trkpt lat="33.56769" lon="-96.1296">
        <ele>195.3</ele>
      </trkpt>
      <trkpt lat="33.56767" lon="-96.1287">
        <ele>191.2</ele>
      </trkpt>
      <trkpt lat="33.56764" lon="-96.12779">
        <ele>188.5</ele>
      </trkpt>
      <trkpt lat="33.56762" lon="-96.12689">
        <ele>189.2</ele>
      </trkpt>
      <trkpt lat="33.56735" lon="-96.12599">
        <ele>185.1</ele>
      </trkpt>
      <trkpt lat="33.56708" lon="-96.1251">
        <ele>179.5</ele>
      </trkpt>
      <trkpt lat="33.56681" lon="-96.1242">
        <ele>173.8</ele>
      </trkpt>
      <trkpt lat="33.56673" lon="-96.12401">
        <ele>173.6</ele>
      </trkpt>
      <trkpt lat="33.56673" lon="-96.12401">
        <ele>173.6</ele>
      </trkpt>
      <trkpt lat="33.56665" lon="-96.12384">
        <ele>175.4</ele>
      </trkpt>
      <trkpt lat="33.56641" lon="-96.12343">
        <ele>178.9</ele>
      </trkpt>
      <trkpt lat="33.56626" lon="-96.12332">
        <ele>179.9</ele>
      </trkpt>
      <trkpt lat="33.56613" lon="-96.12328">
        <ele>180.0</ele>
      </trkpt>
      <trkpt lat="33.56535" lon="-96.12331">
        <ele>184.5</ele>
      </trkpt>
      <trkpt lat="33.56458" lon="-96.12334">
        <ele>185.2</ele>
      </trkpt>
      <trkpt lat="33.5638" lon="-96.12337">
        <ele>187.7</ele>
      </trkpt>
      <trkpt lat="33.56302" lon="-96.12339">
        <ele>188.1</ele>
      </trkpt>
      <trkpt lat="33.56271" lon="-96.12326">
        <ele>188.7</ele>
      </trkpt>
      <trkpt lat="33.5626" lon="-96.12316">
        <ele>189.3</ele>
      </trkpt>
      <trkpt lat="33.56254" lon="-96.12309">
        <ele>189.7</ele>
      </trkpt>
      <trkpt lat="33.56251" lon="-96.12301">
        <ele>190.2</ele>
      </trkpt>
      <trkpt lat="33.56247" lon="-96.12246">
        <ele>191.8</ele>
      </trkpt>
      <trkpt lat="33.56242" lon="-96.12192">
        <ele>192.7</ele>
      </trkpt>
      <trkpt lat="33.5624" lon="-96.12099">
        <ele>191.8</ele>
      </trkpt>
      <trkpt lat="33.56238" lon="-96.12006">
        <ele>188.9</ele>
      </trkpt>
      <trkpt lat="33.56236" lon="-96.11914">
        <ele>187.1</ele>
      </trkpt>
      <trkpt lat="33.56233" lon="-96.11821">
        <ele>184.6</ele>
      </trkpt>
      <trkpt lat="33.56231" lon="-96.11728">
        <ele>186.2</ele>
      </trkpt>
      <trkpt lat="33.56229" lon="-96.11636">
        <ele>187.1</ele>
      </trkpt>
      <trkpt lat="33.56229" lon="-96.11636">
        <ele>187.1</ele>
      </trkpt>
      <trkpt lat="33.56227" lon="-96.11545">
        <ele>186.5</ele>
      </trkpt>
      <trkpt lat="33.56225" lon="-96.11453">
        <ele>184.5</ele>
      </trkpt>
      <trkpt lat="33.56223" lon="-96.11362">
        <ele>181.8</ele>
      </trkpt>
      <trkpt lat="33.56221" lon="-96.11271">
        <ele>183.5</ele>
      </trkpt>
      <trkpt lat="33.56208" lon="-96.11251">
        <ele>184.8</ele>
      </trkpt>
      <trkpt lat="33.56186" lon="-96.11239">
        <ele>186.2</ele>
      </trkpt>
      <trkpt lat="33.56113" lon="-96.11242">
        <ele>187.5</ele>
      </trkpt>
      <trkpt lat="33.56039" lon="-96.11246">
        <ele>189.3</ele>
      </trkpt>
      <trkpt lat="33.56003" lon="-96.11232">
        <ele>189.4</ele>
      </trkpt>
      <trkpt lat="33.55936" lon="-96.11165">
        <ele>185.4</ele>
      </trkpt>
      <trkpt lat="33.55868" lon="-96.11099">
        <ele>181.1</ele>
      </trkpt>
      <trkpt lat="33.55801" lon="-96.11032">
        <ele>179.1</ele>
      </trkpt>
      <trkpt lat="33.55752" lon="-96.10999">
        <ele>176.6</ele>
      </trkpt>
      <trkpt lat="33.55752" lon="-96.10999">
        <ele>176.6</ele>
      </trkpt>
      <trkpt lat="33.55744" lon="-96.10994">
        <ele>176.4</ele>
      </trkpt>
      <trkpt lat="33.55698" lon="-96.10947">
        <ele>172.3</ele>
      </trkpt>
      <trkpt lat="33.55673" lon="-96.10893">
        <ele>174.3</ele>
      </trkpt>
      <trkpt lat="33.55664" lon="-96.10828">
        <ele>177.7</ele>
      </trkpt>
      <trkpt lat="33.55655" lon="-96.10764">
        <ele>178.5</ele>
      </trkpt>
      <trkpt lat="33.55638" lon="-96.1069">
        <ele>179.5</ele>
      </trkpt>
      <trkpt lat="33.55621" lon="-96.10617">
        <ele>180.5</ele>
      </trkpt>
      <trkpt lat="33.55595" lon="-96.10554">
        <ele>182.2</ele>
      </trkpt>
      <trkpt lat="33.55506" lon="-96.10558">
        <ele>182.2</ele>
      </trkpt>
      <trkpt lat="33.55416" lon="-96.10562">
        <ele>180.6</ele>
      </trkpt>
      <trkpt lat="33.553269" lon="-96.10567">
        <ele>179.6</ele>
      </trkpt>
      <trkpt lat="33.55237" lon="-96.10571">
        <ele>176.7</ele>
      </trkpt>
      <trkpt lat="33.55237" lon="-96.10571">
        <ele>176.7</ele>
      </trkpt>
      <trkpt lat="33.55151" lon="-96.10575">
        <ele>176.7</ele>
      </trkpt>
      <trkpt lat="33.55066" lon="-96.10579">
        <ele>178.3</ele>
      </trkpt>
      <trkpt lat="33.549799" lon="-96.10583">
        <ele>181.2</ele>
      </trkpt>
      <trkpt lat="33.54894" lon="-96.10587">
        <ele>187.0</ele>
      </trkpt>
      <trkpt lat="33.54809" lon="-96.10591">
        <ele>191.5</ele>
      </trkpt>
      <trkpt lat="33.54723" lon="-96.10595">
        <ele>190.7</ele>
      </trkpt>
      <trkpt lat="33.54634" lon="-96.10599">
        <ele>190.6</ele>
      </trkpt>
      <trkpt lat="33.54616" lon="-96.10602">
        <ele>190.4</ele>
      </trkpt>
      <trkpt lat="33.545409" lon="-96.10606">
        <ele>188.7</ele>
      </trkpt>
      <trkpt lat="33.54459" lon="-96.10584">
        <ele>189.1</ele>
      </trkpt>
      <trkpt lat="33.54377" lon="-96.10563">
        <ele>189.0</ele>
      </trkpt>
      <trkpt lat="33.542949" lon="-96.10541">
        <ele>189.0</ele>
      </trkpt>
      <trkpt lat="33.54213" lon="-96.10519">
        <ele>188.7</ele>
      </trkpt>
      <trkpt lat="33.54131" lon="-96.10497">
        <ele>188.3</ele>
      </trkpt>
      <trkpt lat="33.54049" lon="-96.10476">
        <ele>187.6</ele>
      </trkpt>
      <trkpt lat="33.54029" lon="-96.10461">
        <ele>187.8</ele>
      </trkpt>
      <trkpt lat="33.539879" lon="-96.10405">
        <ele>190.9</ele>
      </trkpt>
      <trkpt lat="33.53963" lon="-96.10377">
        <ele>191.9</ele>
      </trkpt>
      <trkpt lat="33.53963" lon="-96.10377">
        <ele>191.9</ele>
      </trkpt>
      <trkpt lat="33.53931" lon="-96.10342">
        <ele>193.8</ele>
      </trkpt>
      <trkpt lat="33.539099" lon="-96.10327">
        <ele>195.3</ele>
      </trkpt>
      <trkpt lat="33.53861" lon="-96.10312">
        <ele>197.2</ele>
      </trkpt>
      <trkpt lat="33.53813" lon="-96.10297">
        <ele>199.3</ele>
      </trkpt>
      <trkpt lat="33.53801" lon="-96.10281">
        <ele>199.8</ele>
      </trkpt>
      <trkpt lat="33.53796" lon="-96.10199">
        <ele>199.5</ele>
      </trkpt>
      <trkpt lat="33.53786" lon="-96.10183">
        <ele>199.0</ele>
      </trkpt>
      <trkpt lat="33.53708" lon="-96.10184">
        <ele>199.8</ele>
      </trkpt>
      <trkpt lat="33.53631" lon="-96.10186">
        <ele>201.0</ele>
      </trkpt>
      <trkpt lat="33.535539" lon="-96.10187">
        <ele>201.7</ele>
      </trkpt>
      <trkpt lat="33.53477" lon="-96.10188">
        <ele>201.6</ele>
      </trkpt>
      <trkpt lat="33.53409" lon="-96.10187">
        <ele>198.1</ele>
      </trkpt>
      <trkpt lat="33.5334" lon="-96.10187">
        <ele>195.8</ele>
      </trkpt>
      <trkpt lat="33.53271" lon="-96.10187">
        <ele>195.8</ele>
      </trkpt>
      <trkpt lat="33.53203" lon="-96.10186">
        <ele>195.5</ele>
      </trkpt>
      <trkpt lat="33.53203" lon="-96.10186">
        <ele>195.5</ele>
      </trkpt>
      <trkpt lat="33.531489" lon="-96.10186">
        <ele>197.7</ele>
      </trkpt>
      <trkpt lat="33.531329" lon="-96.10197">
        <ele>198.9</ele>
      </trkpt>
      <trkpt lat="33.53128" lon="-96.10111">
        <ele>199.1</ele>
      </trkpt>
      <trkpt lat="33.53123" lon="-96.10025">
        <ele>197.1</ele>
      </trkpt>
      <trkpt lat="33.53119" lon="-96.09939">
        <ele>198.5</ele>
      </trkpt>
      <trkpt lat="33.53114" lon="-96.09852">
        <ele>195.2</ele>
      </trkpt>
      <trkpt lat="33.53109" lon="-96.09766">
        <ele>189.4</ele>
      </trkpt>
      <trkpt lat="33.53108" lon="-96.09719">
        <ele>184.3</ele>
      </trkpt>
      <trkpt lat="33.53109" lon="-96.09701">
        <ele>184.2</ele>
      </trkpt>
      <trkpt lat="33.531039" lon="-96.09689">
        <ele>184.4</ele>
      </trkpt>
      <trkpt lat="33.53088" lon="-96.09676">
        <ele>185.3</ele>
      </trkpt>
      <trkpt lat="33.53064" lon="-96.09657">
        <ele>185.5</ele>
      </trkpt>
      <trkpt lat="33.530459" lon="-96.09637">
        <ele>186.0</ele>
      </trkpt>
      <trkpt lat="33.530299" lon="-96.09614">
        <ele>188.9</ele>
      </trkpt>
      <trkpt lat="33.53026" lon="-96.09594">
        <ele>191.3</ele>
      </trkpt>
      <trkpt lat="33.53025" lon="-96.09575">
        <ele>193.8</ele>
      </trkpt>
      <trkpt lat="33.53029" lon="-96.09547">
        <ele>196.8</ele>
      </trkpt>
      <trkpt lat="33.53036" lon="-96.09527">
        <ele>197.3</ele>
      </trkpt>
      <trkpt lat="33.530389" lon="-96.0951">
        <ele>197.2</ele>
      </trkpt>
      <trkpt lat="33.53034" lon="-96.09496">
        <ele>197.1</ele>
      </trkpt>
      <trkpt lat="33.53025" lon="-96.09476">
        <ele>196.7</ele>
      </trkpt>
      <trkpt lat="33.530189" lon="-96.09453">
        <ele>195.7</ele>
      </trkpt>
      <trkpt lat="33.53014" lon="-96.09426">
        <ele>193.4</ele>
      </trkpt>
      <trkpt lat="33.53011" lon="-96.09389">
        <ele>188.8</ele>
      </trkpt>
      <trkpt lat="33.53004" lon="-96.0934">
        <ele>189.0</ele>
      </trkpt>
      <trkpt lat="33.52993" lon="-96.09305">
        <ele>193.5</ele>
      </trkpt>
      <trkpt lat="33.52973" lon="-96.09273">
        <ele>195.4</ele>
      </trkpt>
      <trkpt lat="33.52973" lon="-96.09273">
        <ele>195.4</ele>
      </trkpt>
      <trkpt lat="33.52932" lon="-96.09213">
        <ele>199.1</ele>
      </trkpt>
      <trkpt lat="33.52892" lon="-96.09153">
        <ele>200.9</ele>
      </trkpt>
      <trkpt lat="33.528509" lon="-96.09093">
        <ele>202.4</ele>
      </trkpt>
      <trkpt lat="33.528149" lon="-96.09022">
        <ele>204.4</ele>
      </trkpt>
      <trkpt lat="33.52787" lon="-96.08961">
        <ele>204.6</ele>
      </trkpt>
      <trkpt lat="33.52771" lon="-96.08924">
        <ele>206.2</ele>
      </trkpt>
      <trkpt lat="33.52758" lon="-96.08898">
        <ele>206.9</ele>
      </trkpt>
      <trkpt lat="33.52744" lon="-96.08869">
        <ele>206.8</ele>
      </trkpt>
      <trkpt lat="33.52741" lon="-96.08837">
        <ele>206.7</ele>
      </trkpt>
      <trkpt lat="33.527389" lon="-96.08806">
        <ele>205.6</ele>
      </trkpt>
      <trkpt lat="33.52676" lon="-96.08807">
        <ele>203.0</ele>
      </trkpt>
      <trkpt lat="33.526139" lon="-96.08808">
        <ele>200.7</ele>
      </trkpt>
      <trkpt lat="33.52552" lon="-96.08809">
        <ele>202.9</ele>
      </trkpt>
      <trkpt lat="33.524839" lon="-96.0881">
        <ele>200.8</ele>
      </trkpt>
      <trkpt lat="33.52416" lon="-96.0881">
        <ele>201.1</ele>
      </trkpt>
      <trkpt lat="33.52416" lon="-96.0881">
        <ele>201.1</ele>
      </trkpt>
      <trkpt lat="33.523429" lon="-96.0881">
        <ele>204.5</ele>
      </trkpt>
      <trkpt lat="33.52349" lon="-96.08892">
        <ele>206.9</ele>
      </trkpt>
      <trkpt lat="33.52357" lon="-96.08958">
        <ele>206.6</ele>
      </trkpt>
      <trkpt lat="33.52365" lon="-96.09029">
        <ele>203.4</ele>
      </trkpt>
      <trkpt lat="33.523629" lon="-96.09054">
        <ele>202.8</ele>
      </trkpt>
      <trkpt lat="33.52356" lon="-96.0907">
        <ele>202.3</ele>
      </trkpt>
      <trkpt lat="33.52346" lon="-96.09082">
        <ele>202.1</ele>
      </trkpt>
      <trkpt lat="33.52329" lon="-96.09092">
        <ele>202.6</ele>
      </trkpt>
      <trkpt lat="33.52284" lon="-96.09104">
        <ele>203.8</ele>
      </trkpt>
      <trkpt lat="33.522759" lon="-96.0911">
        <ele>203.8</ele>
      </trkpt>
      <trkpt lat="33.522689" lon="-96.0912">
        <ele>204.0</ele>
      </trkpt>
      <trkpt lat="33.522579" lon="-96.09144">
        <ele>204.5</ele>
      </trkpt>
      <trkpt lat="33.52235" lon="-96.09188">
        <ele>206.1</ele>
      </trkpt>
      <trkpt lat="33.522219" lon="-96.09206">
        <ele>206.4</ele>
      </trkpt>
      <trkpt lat="33.52207" lon="-96.09216">
        <ele>206.6</ele>
      </trkpt>
      <trkpt lat="33.52188" lon="-96.09221">
        <ele>206.8</ele>
      </trkpt>
      <trkpt lat="33.52116" lon="-96.09224">
        <ele>207.0</ele>
      </trkpt>
      <trkpt lat="33.52116" lon="-96.09224">
        <ele>207.0</ele>
      </trkpt>
      <trkpt lat="33.52035" lon="-96.09227">
        <ele>206.6</ele>
      </trkpt>
      <trkpt lat="33.51955" lon="-96.09231">
        <ele>207.4</ele>
      </trkpt>
      <trkpt lat="33.51874" lon="-96.09234">
        <ele>207.4</ele>
      </trkpt>
      <trkpt lat="33.51794" lon="-96.09237">
        <ele>207.5</ele>
      </trkpt>
      <trkpt lat="33.51794" lon="-96.09237">
        <ele>207.5</ele>
      </trkpt>
      <trkpt lat="33.51711" lon="-96.09241">
        <ele>207.3</ele>
      </trkpt>
      <trkpt lat="33.516289" lon="-96.09244">
        <ele>207.9</ele>
      </trkpt>
      <trkpt lat="33.515459" lon="-96.09248">
        <ele>208.4</ele>
      </trkpt>
      <trkpt lat="33.514629" lon="-96.09251">
        <ele>209.1</ele>
      </trkpt>
      <trkpt lat="33.51381" lon="-96.09254">
        <ele>210.1</ele>
      </trkpt>
      <trkpt lat="33.51298" lon="-96.09258">
        <ele>210.9</ele>
      </trkpt>
      <trkpt lat="33.51215" lon="-96.09261">
        <ele>211.1</ele>
      </trkpt>
      <trkpt lat="33.51133" lon="-96.09265">
        <ele>211.2</ele>
      </trkpt>
      <trkpt lat="33.5105" lon="-96.09268">
        <ele>211.3</ele>
      </trkpt>
      <trkpt lat="33.50968" lon="-96.09272">
        <ele>211.4</ele>
      </trkpt>
      <trkpt lat="33.50968" lon="-96.09272">
        <ele>211.4</ele>
      </trkpt>
      <trkpt lat="33.50889" lon="-96.09275">
        <ele>211.5</ele>
      </trkpt>
      <trkpt lat="33.508699" lon="-96.09282">
        <ele>211.5</ele>
      </trkpt>
      <trkpt lat="33.5086" lon="-96.0929">
        <ele>211.5</ele>
      </trkpt>
      <trkpt lat="33.508589" lon="-96.09302">
        <ele>211.5</ele>
      </trkpt>
      <trkpt lat="33.50809" lon="-96.09249">
        <ele>211.6</ele>
      </trkpt>
      <trkpt lat="33.507579" lon="-96.09197">
        <ele>211.5</ele>
      </trkpt>
      <trkpt lat="33.50708" lon="-96.09144">
        <ele>211.2</ele>
      </trkpt>
      <trkpt lat="33.50695" lon="-96.09127">
        <ele>211.1</ele>
      </trkpt>
      <trkpt lat="33.506839" lon="-96.09107">
        <ele>211.0</ele>
      </trkpt>
      <trkpt lat="33.50676" lon="-96.09086">
        <ele>210.9</ele>
      </trkpt>
      <trkpt lat="33.5067" lon="-96.09065">
        <ele>210.8</ele>
      </trkpt>
      <trkpt lat="33.506659" lon="-96.09043">
        <ele>210.6</ele>
      </trkpt>
      <trkpt lat="33.506639" lon="-96.09016">
        <ele>210.4</ele>
      </trkpt>
      <trkpt lat="33.50661" lon="-96.08912">
        <ele>209.6</ele>
      </trkpt>
      <trkpt lat="33.50658" lon="-96.08807">
        <ele>207.8</ele>
      </trkpt>
      <trkpt lat="33.50654" lon="-96.08702">
        <ele>207.0</ele>
      </trkpt>
      <trkpt lat="33.50651" lon="-96.08598">
        <ele>206.0</ele>
      </trkpt>
      <trkpt lat="33.50651" lon="-96.08598">
        <ele>206.0</ele>
      </trkpt>
      <trkpt lat="33.50649" lon="-96.08522">
        <ele>205.3</ele>
      </trkpt>
      <trkpt lat="33.506459" lon="-96.08446">
        <ele>204.9</ele>
      </trkpt>
      <trkpt lat="33.506459" lon="-96.08393">
        <ele>204.6</ele>
      </trkpt>
      <trkpt lat="33.506439" lon="-96.08359">
        <ele>204.5</ele>
      </trkpt>
      <trkpt lat="33.5064" lon="-96.08332">
        <ele>204.3</ele>
      </trkpt>
      <trkpt lat="33.50633" lon="-96.08298">
        <ele>203.9</ele>
      </trkpt>
      <trkpt lat="33.5062" lon="-96.08249">
        <ele>203.1</ele>
      </trkpt>
      <trkpt lat="33.50602" lon="-96.08194">
        <ele>202.2</ele>
      </trkpt>
      <trkpt lat="33.50522" lon="-96.08199">
        <ele>202.7</ele>
      </trkpt>
      <trkpt lat="33.50442" lon="-96.08204">
        <ele>202.6</ele>
      </trkpt>
      <trkpt lat="33.50363" lon="-96.08209">
        <ele>201.9</ele>
      </trkpt>
      <trkpt lat="33.50363" lon="-96.08209">
        <ele>201.9</ele>
      </trkpt>
      <trkpt lat="33.50284" lon="-96.08214">
        <ele>201.4</ele>
      </trkpt>
      <trkpt lat="33.50206" lon="-96.08219">
        <ele>203.0</ele>
      </trkpt>
      <trkpt lat="33.501269" lon="-96.08224">
        <ele>204.3</ele>
      </trkpt>
      <trkpt lat="33.50048" lon="-96.08229">
        <ele>204.5</ele>
      </trkpt>
      <trkpt lat="33.50022" lon="-96.08208">
        <ele>204.3</ele>
      </trkpt>
      <trkpt lat="33.50021" lon="-96.08111">
        <ele>203.0</ele>
      </trkpt>
      <trkpt lat="33.50018" lon="-96.08019">
        <ele>203.3</ele>
      </trkpt>
      <trkpt lat="33.50016" lon="-96.07927">
        <ele>204.2</ele>
      </trkpt>
      <trkpt lat="33.50013" lon="-96.07919">
        <ele>204.4</ele>
      </trkpt>
      <trkpt lat="33.50009" lon="-96.07912">
        <ele>204.5</ele>
      </trkpt>
      <trkpt lat="33.50003" lon="-96.07904">
        <ele>204.6</ele>
      </trkpt>
      <trkpt lat="33.49993" lon="-96.07899">
        <ele>204.8</ele>
      </trkpt>
      <trkpt lat="33.49986" lon="-96.07898">
        <ele>204.9</ele>
      </trkpt>
      <trkpt lat="33.49901" lon="-96.079">
        <ele>205.4</ele>
      </trkpt>
      <trkpt lat="33.49816" lon="-96.07902">
        <ele>205.6</ele>
      </trkpt>
      <trkpt lat="33.49731" lon="-96.07905">
        <ele>205.5</ele>
      </trkpt>
      <trkpt lat="33.49646" lon="-96.07907">
        <ele>205.0</ele>
      </trkpt>
      <trkpt lat="33.49561" lon="-96.07909">
        <ele>204.0</ele>
      </trkpt>
      <trkpt lat="33.49476" lon="-96.07911">
        <ele>201.7</ele>
      </trkpt>
      <trkpt lat="33.493899" lon="-96.07913">
        <ele>199.9</ele>
      </trkpt>
      <trkpt lat="33.493049" lon="-96.07915">
        <ele>198.0</ele>
      </trkpt>
      <trkpt lat="33.492199" lon="-96.07918">
        <ele>197.8</ele>
      </trkpt>
      <trkpt lat="33.491349" lon="-96.0792">
        <ele>197.4</ele>
      </trkpt>
      <trkpt lat="33.49081" lon="-96.07922">
        <ele>197.5</ele>
      </trkpt>
      <trkpt lat="33.49026" lon="-96.07923">
        <ele>198.6</ele>
      </trkpt>
      <trkpt lat="33.49026" lon="-96.07923">
        <ele>198.6</ele>
      </trkpt>
      <trkpt lat="33.48977" lon="-96.07925">
        <ele>199.0</ele>
      </trkpt>
      <trkpt lat="33.48925" lon="-96.07929">
        <ele>199.4</ele>
      </trkpt>
      <trkpt lat="33.488729" lon="-96.07933">
        <ele>200.3</ele>
      </trkpt>
      <trkpt lat="33.487859" lon="-96.07933">
        <ele>202.6</ele>
      </trkpt>
      <trkpt lat="33.48707" lon="-96.07939">
        <ele>204.2</ele>
      </trkpt>
      <trkpt lat="33.48628" lon="-96.07945">
        <ele>204.6</ele>
      </trkpt>
      <trkpt lat="33.48549" lon="-96.0795">
        <ele>204.8</ele>
      </trkpt>
      <trkpt lat="33.484699" lon="-96.07956">
        <ele>204.3</ele>
      </trkpt>
      <trkpt lat="33.48391" lon="-96.07962">
        <ele>203.6</ele>
      </trkpt>
      <trkpt lat="33.48312" lon="-96.07968">
        <ele>202.7</ele>
      </trkpt>
      <trkpt lat="33.482329" lon="-96.07973">
        <ele>201.7</ele>
      </trkpt>
      <trkpt lat="33.48158" lon="-96.07975">
        <ele>200.9</ele>
      </trkpt>
      <trkpt lat="33.480829" lon="-96.07977">
        <ele>199.9</ele>
      </trkpt>
      <trkpt lat="33.48008" lon="-96.07979">
        <ele>198.9</ele>
      </trkpt>
      <trkpt lat="33.479329" lon="-96.07981">
        <ele>197.9</ele>
      </trkpt>
      <trkpt lat="33.47858" lon="-96.07984">
        <ele>196.2</ele>
      </trkpt>
      <trkpt lat="33.47858" lon="-96.07984">
        <ele>196.2</ele>
      </trkpt>
      <trkpt lat="33.47793" lon="-96.07985">
        <ele>195.4</ele>
      </trkpt>
      <trkpt lat="33.477269" lon="-96.07987">
        <ele>194.2</ele>
      </trkpt>
      <trkpt lat="33.476779" lon="-96.07987">
        <ele>194.3</ele>
      </trkpt>
      <trkpt lat="33.47629" lon="-96.07988">
        <ele>195.7</ele>
      </trkpt>
      <trkpt lat="33.47611" lon="-96.07971">
        <ele>195.6</ele>
      </trkpt>
      <trkpt lat="33.47592" lon="-96.07936">
        <ele>195.3</ele>
      </trkpt>
      <trkpt lat="33.47572" lon="-96.07909">
        <ele>195.3</ele>
      </trkpt>
      <trkpt lat="33.47536" lon="-96.07902">
        <ele>195.6</ele>
      </trkpt>
      <trkpt lat="33.47473" lon="-96.079">
        <ele>195.7</ele>
      </trkpt>
      <trkpt lat="33.47411" lon="-96.07898">
        <ele>195.7</ele>
      </trkpt>
      <trkpt lat="33.47375" lon="-96.07903">
        <ele>195.9</ele>
      </trkpt>
      <trkpt lat="33.473309" lon="-96.07918">
        <ele>196.3</ele>
      </trkpt>
      <trkpt lat="33.47273" lon="-96.07944">
        <ele>197.1</ele>
      </trkpt>
      <trkpt lat="33.47215" lon="-96.07971">
        <ele>198.0</ele>
      </trkpt>
      <trkpt lat="33.47157" lon="-96.07997">
        <ele>198.7</ele>
      </trkpt>
      <trkpt lat="33.471359" lon="-96.08008">
        <ele>198.8</ele>
      </trkpt>
      <trkpt lat="33.47133" lon="-96.08043">
        <ele>199.0</ele>
      </trkpt>
      <trkpt lat="33.47132" lon="-96.08078">
        <ele>199.0</ele>
      </trkpt>
      <trkpt lat="33.471339" lon="-96.08165">
        <ele>198.8</ele>
      </trkpt>
      <trkpt lat="33.471359" lon="-96.08252">
        <ele>198.3</ele>
      </trkpt>
      <trkpt lat="33.47138" lon="-96.08339">
        <ele>197.9</ele>
      </trkpt>
      <trkpt lat="33.47115" lon="-96.08343">
        <ele>197.3</ele>
      </trkpt>
      <trkpt lat="33.47037" lon="-96.08345">
        <ele>195.4</ele>
      </trkpt>
      <trkpt lat="33.469589" lon="-96.08347">
        <ele>193.9</ele>
      </trkpt>
      <trkpt lat="33.46882" lon="-96.0835">
        <ele>191.9</ele>
      </trkpt>
      <trkpt lat="33.46882" lon="-96.0835">
        <ele>191.9</ele>
      </trkpt>
      <trkpt lat="33.4683" lon="-96.08351">
        <ele>191.6</ele>
      </trkpt>
      <trkpt lat="33.467779" lon="-96.08353">
        <ele>190.8</ele>
      </trkpt>
      <trkpt lat="33.46716" lon="-96.08359">
        <ele>189.7</ele>
      </trkpt>
      <trkpt lat="33.46709" lon="-96.0836">
        <ele>189.5</ele>
      </trkpt>
      <trkpt lat="33.46709" lon="-96.0836">
        <ele>189.5</ele>
      </trkpt>
      <trkpt lat="33.466926" lon="-96.083638">
        <ele>189.2</ele>
      </trkpt>
      <trkpt lat="33.46674" lon="-96.08368">
        <ele>187.4</ele>
      </trkpt>
      <trkpt lat="33.46638" lon="-96.08389">
        <ele>190.3</ele>
      </trkpt>
      <trkpt lat="33.46609" lon="-96.08351">
        <ele>189.8</ele>
      </trkpt>
      <trkpt lat="33.46593" lon="-96.08362">
        <ele>190.6</ele>
      </trkpt>
      <trkpt lat="33.46564" lon="-96.08364">
        <ele>191.2</ele>
      </trkpt>
      <trkpt lat="33.465449" lon="-96.08359">
        <ele>191.5</ele>
      </trkpt>
      <trkpt lat="33.465449" lon="-96.08359">
        <ele>191.5</ele>
      </trkpt>
      <trkpt lat="33.46526" lon="-96.08354">
        <ele>192.2</ele>
      </trkpt>
      <trkpt lat="33.46486" lon="-96.0835">
        <ele>192.6</ele>
      </trkpt>
      <trkpt lat="33.46403" lon="-96.08352">
        <ele>192.7</ele>
      </trkpt>
      <trkpt lat="33.4632" lon="-96.08354">
        <ele>189.6</ele>
      </trkpt>
      <trkpt lat="33.46237" lon="-96.08356">
        <ele>192.6</ele>
      </trkpt>
      <trkpt lat="33.46154" lon="-96.08358">
        <ele>192.2</ele>
      </trkpt>
      <trkpt lat="33.46154" lon="-96.08358">
        <ele>192.2</ele>
      </trkpt>
      <trkpt lat="33.46068" lon="-96.0836">
        <ele>192.2</ele>
      </trkpt>
      <trkpt lat="33.459829" lon="-96.08363">
        <ele>191.5</ele>
      </trkpt>
      <trkpt lat="33.45897" lon="-96.08365">
        <ele>191.3</ele>
      </trkpt>
      <trkpt lat="33.458109" lon="-96.08367">
        <ele>191.0</ele>
      </trkpt>
      <trkpt lat="33.45725" lon="-96.08369">
        <ele>190.7</ele>
      </trkpt>
      <trkpt lat="33.4564" lon="-96.08372">
        <ele>190.3</ele>
      </trkpt>
      <trkpt lat="33.45554" lon="-96.08374">
        <ele>190.1</ele>
      </trkpt>
      <trkpt lat="33.45468" lon="-96.08376">
        <ele>190.0</ele>
      </trkpt>
      <trkpt lat="33.45383" lon="-96.08378">
        <ele>189.7</ele>
      </trkpt>
      <trkpt lat="33.45297" lon="-96.0838">
        <ele>189.2</ele>
      </trkpt>
      <trkpt lat="33.452109" lon="-96.08383">
        <ele>188.3</ele>
      </trkpt>
      <trkpt lat="33.451259" lon="-96.08385">
        <ele>187.2</ele>
      </trkpt>
      <trkpt lat="33.451" lon="-96.0839">
        <ele>187.0</ele>
      </trkpt>
      <trkpt lat="33.45075" lon="-96.08411">
        <ele>186.7</ele>
      </trkpt>
      <trkpt lat="33.450699" lon="-96.08444">
        <ele>186.0</ele>
      </trkpt>
      <trkpt lat="33.450699" lon="-96.08514">
        <ele>186.6</ele>
      </trkpt>
      <trkpt lat="33.45068" lon="-96.08531">
        <ele>186.7</ele>
      </trkpt>
      <trkpt lat="33.450629" lon="-96.08546">
        <ele>186.7</ele>
      </trkpt>
      <trkpt lat="33.450539" lon="-96.08556">
        <ele>186.6</ele>
      </trkpt>
      <trkpt lat="33.45035" lon="-96.08562">
        <ele>186.3</ele>
      </trkpt>
      <trkpt lat="33.449489" lon="-96.08567">
        <ele>186.2</ele>
      </trkpt>
      <trkpt lat="33.44862" lon="-96.08572">
        <ele>187.7</ele>
      </trkpt>
      <trkpt lat="33.44776" lon="-96.08577">
        <ele>187.2</ele>
      </trkpt>
      <trkpt lat="33.44776" lon="-96.08577">
        <ele>187.2</ele>
      </trkpt>
      <trkpt lat="33.44715" lon="-96.0858">
        <ele>185.9</ele>
      </trkpt>
      <trkpt lat="33.44654" lon="-96.08583">
        <ele>184.0</ele>
      </trkpt>
      <trkpt lat="33.44605" lon="-96.08585">
        <ele>182.1</ele>
      </trkpt>
      <trkpt lat="33.44556" lon="-96.08588">
        <ele>180.5</ele>
      </trkpt>
      <trkpt lat="33.44533" lon="-96.08583">
        <ele>180.1</ele>
      </trkpt>
      <trkpt lat="33.444899" lon="-96.08555">
        <ele>180.1</ele>
      </trkpt>
      <trkpt lat="33.44474" lon="-96.08555">
        <ele>180.1</ele>
      </trkpt>
      <trkpt lat="33.44428" lon="-96.08562">
        <ele>180.1</ele>
      </trkpt>
      <trkpt lat="33.44373" lon="-96.08571">
        <ele>180.2</ele>
      </trkpt>
      <trkpt lat="33.44288" lon="-96.0857">
        <ele>180.3</ele>
      </trkpt>
      <trkpt lat="33.44211" lon="-96.08572">
        <ele>180.7</ele>
      </trkpt>
      <trkpt lat="33.441339" lon="-96.08574">
        <ele>181.2</ele>
      </trkpt>
      <trkpt lat="33.44057" lon="-96.08576">
        <ele>181.9</ele>
      </trkpt>
      <trkpt lat="33.4398" lon="-96.08578">
        <ele>182.6</ele>
      </trkpt>
      <trkpt lat="33.43896" lon="-96.08582">
        <ele>185.6</ele>
      </trkpt>
      <trkpt lat="33.438119" lon="-96.08586">
        <ele>189.8</ele>
      </trkpt>
      <trkpt lat="33.43728" lon="-96.0859">
        <ele>192.4</ele>
      </trkpt>
      <trkpt lat="33.43645" lon="-96.08594">
        <ele>192.8</ele>
      </trkpt>
      <trkpt lat="33.43645" lon="-96.08594">
        <ele>192.8</ele>
      </trkpt>
      <trkpt lat="33.43595" lon="-96.08596">
        <ele>192.7</ele>
      </trkpt>
      <trkpt lat="33.43545" lon="-96.08599">
        <ele>192.2</ele>
      </trkpt>
      <trkpt lat="33.43461" lon="-96.08601">
        <ele>192.9</ele>
      </trkpt>
      <trkpt lat="33.43376" lon="-96.08604">
        <ele>194.6</ele>
      </trkpt>
      <trkpt lat="33.43291" lon="-96.08607">
        <ele>191.5</ele>
      </trkpt>
      <trkpt lat="33.432319" lon="-96.0861">
        <ele>189.5</ele>
      </trkpt>
      <trkpt lat="33.43173" lon="-96.08612">
        <ele>189.1</ele>
      </trkpt>
      <trkpt lat="33.4309" lon="-96.08616">
        <ele>190.7</ele>
      </trkpt>
      <trkpt lat="33.430059" lon="-96.08619">
        <ele>193.0</ele>
      </trkpt>
      <trkpt lat="33.42922" lon="-96.08623">
        <ele>192.4</ele>
      </trkpt>
      <trkpt lat="33.428379" lon="-96.08626">
        <ele>195.2</ele>
      </trkpt>
      <trkpt lat="33.427549" lon="-96.0863">
        <ele>195.7</ele>
      </trkpt>
      <trkpt lat="33.42671" lon="-96.08633">
        <ele>192.4</ele>
      </trkpt>
      <trkpt lat="33.42587" lon="-96.08637">
        <ele>191.0</ele>
      </trkpt>
      <trkpt lat="33.42504" lon="-96.0864">
        <ele>193.8</ele>
      </trkpt>
      <trkpt lat="33.4242" lon="-96.08644">
        <ele>197.1</ele>
      </trkpt>
      <trkpt lat="33.4242" lon="-96.08644">
        <ele>197.1</ele>
      </trkpt>
      <trkpt lat="33.423409" lon="-96.08647">
        <ele>196.5</ele>
      </trkpt>
      <trkpt lat="33.42262" lon="-96.0865">
        <ele>195.8</ele>
      </trkpt>
      <trkpt lat="33.42183" lon="-96.08654">
        <ele>193.5</ele>
      </trkpt>
      <trkpt lat="33.42137" lon="-96.08657">
        <ele>196.0</ele>
      </trkpt>
      <trkpt lat="33.42091" lon="-96.08661">
        <ele>198.0</ele>
      </trkpt>
      <trkpt lat="33.42011" lon="-96.08665">
        <ele>198.7</ele>
      </trkpt>
      <trkpt lat="33.41931" lon="-96.08668">
        <ele>194.5</ele>
      </trkpt>
      <trkpt lat="33.41854" lon="-96.08671">
        <ele>192.4</ele>
      </trkpt>
      <trkpt lat="33.417769" lon="-96.08674">
        <ele>192.5</ele>
      </trkpt>
      <trkpt lat="33.417" lon="-96.08676">
        <ele>194.7</ele>
      </trkpt>
      <trkpt lat="33.41623" lon="-96.08679">
        <ele>198.2</ele>
      </trkpt>
      <trkpt lat="33.41546" lon="-96.08682">
        <ele>200.7</ele>
      </trkpt>
      <trkpt lat="33.41469" lon="-96.08685">
        <ele>202.2</ele>
      </trkpt>
      <trkpt lat="33.413919" lon="-96.08688">
        <ele>204.1</ele>
      </trkpt>
      <trkpt lat="33.413919" lon="-96.08688">
        <ele>204.1</ele>
      </trkpt>
      <trkpt lat="33.41304" lon="-96.08692">
        <ele>204.4</ele>
      </trkpt>
      <trkpt lat="33.41216" lon="-96.08696">
        <ele>202.2</ele>
      </trkpt>
      <trkpt lat="33.41129" lon="-96.08699">
        <ele>197.8</ele>
      </trkpt>
      <trkpt lat="33.41041" lon="-96.08703">
        <ele>198.6</ele>
      </trkpt>
      <trkpt lat="33.40966" lon="-96.08706">
        <ele>202.8</ele>
      </trkpt>
      <trkpt lat="33.40891" lon="-96.08709">
        <ele>205.9</ele>
      </trkpt>
      <trkpt lat="33.40816" lon="-96.08712">
        <ele>207.9</ele>
      </trkpt>
      <trkpt lat="33.408009" lon="-96.08716">
        <ele>207.9</ele>
      </trkpt>
      <trkpt lat="33.40789" lon="-96.08724">
        <ele>208.1</ele>
      </trkpt>
      <trkpt lat="33.40789" lon="-96.08724">
        <ele>208.1</ele>
      </trkpt>
      <trkpt lat="33.40787" lon="-96.08726">
        <ele>208.1</ele>
      </trkpt>
      <trkpt lat="33.40777" lon="-96.08736">
        <ele>208.0</ele>
      </trkpt>
      <trkpt lat="33.40773" lon="-96.08762">
        <ele>208.1</ele>
      </trkpt>
      <trkpt lat="33.40775" lon="-96.0884">
        <ele>208.6</ele>
      </trkpt>
      <trkpt lat="33.40777" lon="-96.08919">
        <ele>210.5</ele>
      </trkpt>
      <trkpt lat="33.4078" lon="-96.08997">
        <ele>211.0</ele>
      </trkpt>
      <trkpt lat="33.40777" lon="-96.09028">
        <ele>211.1</ele>
      </trkpt>
      <trkpt lat="33.40778" lon="-96.09083">
        <ele>210.9</ele>
      </trkpt>
      <trkpt lat="33.40782" lon="-96.09185">
        <ele>207.0</ele>
      </trkpt>
      <trkpt lat="33.40782" lon="-96.09185">
        <ele>207.0</ele>
      </trkpt>
      <trkpt lat="33.40785" lon="-96.09283">
        <ele>206.1</ele>
      </trkpt>
      <trkpt lat="33.40789" lon="-96.0938">
        <ele>204.4</ele>
      </trkpt>
      <trkpt lat="33.407919" lon="-96.09478">
        <ele>202.3</ele>
      </trkpt>
      <trkpt lat="33.40795" lon="-96.09575">
        <ele>201.8</ele>
      </trkpt>
      <trkpt lat="33.407989" lon="-96.09673">
        <ele>201.8</ele>
      </trkpt>
      <trkpt lat="33.40802" lon="-96.0977">
        <ele>201.2</ele>
      </trkpt>
      <trkpt lat="33.408029" lon="-96.09848">
        <ele>200.7</ele>
      </trkpt>
      <trkpt lat="33.408029" lon="-96.09848">
        <ele>200.7</ele>
      </trkpt>
      <trkpt lat="33.40804" lon="-96.09943">
        <ele>198.3</ele>
      </trkpt>
      <trkpt lat="33.40805" lon="-96.10039">
        <ele>198.2</ele>
      </trkpt>
      <trkpt lat="33.40807" lon="-96.10134">
        <ele>196.9</ele>
      </trkpt>
      <trkpt lat="33.40808" lon="-96.10229">
        <ele>195.5</ele>
      </trkpt>
      <trkpt lat="33.40809" lon="-96.10324">
        <ele>197.7</ele>
      </trkpt>
      <trkpt lat="33.408099" lon="-96.1042">
        <ele>197.2</ele>
      </trkpt>
      <trkpt lat="33.40814" lon="-96.10517">
        <ele>196.0</ele>
      </trkpt>
      <trkpt lat="33.40814" lon="-96.10517">
        <ele>196.0</ele>
      </trkpt>
      <trkpt lat="33.40818" lon="-96.10612">
        <ele>195.1</ele>
      </trkpt>
      <trkpt lat="33.40822" lon="-96.10706">
        <ele>196.0</ele>
      </trkpt>
      <trkpt lat="33.40825" lon="-96.10801">
        <ele>197.1</ele>
      </trkpt>
      <trkpt lat="33.40829" lon="-96.10852">
        <ele>197.6</ele>
      </trkpt>
      <trkpt lat="33.40827" lon="-96.10872">
        <ele>197.8</ele>
      </trkpt>
      <trkpt lat="33.40818" lon="-96.10878">
        <ele>197.7</ele>
      </trkpt>
      <trkpt lat="33.40791" lon="-96.10882">
        <ele>197.5</ele>
      </trkpt>
      <trkpt lat="33.40739" lon="-96.10882">
        <ele>196.8</ele>
      </trkpt>
      <trkpt lat="33.40739" lon="-96.10882">
        <ele>196.8</ele>
      </trkpt>
      <trkpt lat="33.40673" lon="-96.10882">
        <ele>195.8</ele>
      </trkpt>
      <trkpt lat="33.40608" lon="-96.10882">
        <ele>194.9</ele>
      </trkpt>
      <trkpt lat="33.40553" lon="-96.1089">
        <ele>194.1</ele>
      </trkpt>
      <trkpt lat="33.40511" lon="-96.10912">
        <ele>193.8</ele>
      </trkpt>
      <trkpt lat="33.40447" lon="-96.10958">
        <ele>193.5</ele>
      </trkpt>
      <trkpt lat="33.40382" lon="-96.11005">
        <ele>193.3</ele>
      </trkpt>
      <trkpt lat="33.40382" lon="-96.11005">
        <ele>193.3</ele>
      </trkpt>
      <trkpt lat="33.40319" lon="-96.1105">
        <ele>193.2</ele>
      </trkpt>
      <trkpt lat="33.40374" lon="-96.11117">
        <ele>195.0</ele>
      </trkpt>
      <trkpt lat="33.40429" lon="-96.11184">
        <ele>195.8</ele>
      </trkpt>
      <trkpt lat="33.40485" lon="-96.11252">
        <ele>195.9</ele>
      </trkpt>
      <trkpt lat="33.4054" lon="-96.11319">
        <ele>195.5</ele>
      </trkpt>
      <trkpt lat="33.40596" lon="-96.11387">
        <ele>195.1</ele>
      </trkpt>
      <trkpt lat="33.406509" lon="-96.11454">
        <ele>195.1</ele>
      </trkpt>
      <trkpt lat="33.407069" lon="-96.11521">
        <ele>194.1</ele>
      </trkpt>
      <trkpt lat="33.407649" lon="-96.11593">
        <ele>192.6</ele>
      </trkpt>
      <trkpt lat="33.40823" lon="-96.11665">
        <ele>193.4</ele>
      </trkpt>
      <trkpt lat="33.40882" lon="-96.11736">
        <ele>195.0</ele>
      </trkpt>
      <trkpt lat="33.40863" lon="-96.11774">
        <ele>194.7</ele>
      </trkpt>
      <trkpt lat="33.40864" lon="-96.11827">
        <ele>194.5</ele>
      </trkpt>
      <trkpt lat="33.40864" lon="-96.11827">
        <ele>194.5</ele>
      </trkpt>
      <trkpt lat="33.408659" lon="-96.11918">
        <ele>194.8</ele>
      </trkpt>
      <trkpt lat="33.40867" lon="-96.12009">
        <ele>196.4</ele>
      </trkpt>
      <trkpt lat="33.40869" lon="-96.121">
        <ele>198.1</ele>
      </trkpt>
      <trkpt lat="33.40871" lon="-96.12206">
        <ele>200.3</ele>
      </trkpt>
      <trkpt lat="33.40873" lon="-96.12313">
        <ele>201.8</ele>
      </trkpt>
      <trkpt lat="33.40876" lon="-96.12419">
        <ele>202.3</ele>
      </trkpt>
      <trkpt lat="33.40878" lon="-96.12525">
        <ele>201.1</ele>
      </trkpt>
      <trkpt lat="33.40881" lon="-96.12588">
        <ele>200.4</ele>
      </trkpt>
      <trkpt lat="33.40796" lon="-96.12591">
        <ele>200.0</ele>
      </trkpt>
      <trkpt lat="33.40712" lon="-96.12593">
        <ele>199.3</ele>
      </trkpt>
      <trkpt lat="33.40627" lon="-96.12596">
        <ele>198.3</ele>
      </trkpt>
      <trkpt lat="33.40543" lon="-96.12599">
        <ele>197.4</ele>
      </trkpt>
      <trkpt lat="33.40458" lon="-96.12602">
        <ele>196.5</ele>
      </trkpt>
      <trkpt lat="33.40458" lon="-96.12602">
        <ele>196.5</ele>
      </trkpt>
      <trkpt lat="33.40373" lon="-96.12604">
        <ele>195.7</ele>
      </trkpt>
      <trkpt lat="33.40287" lon="-96.12607">
        <ele>194.7</ele>
      </trkpt>
      <trkpt lat="33.40202" lon="-96.1261">
        <ele>193.9</ele>
      </trkpt>
      <trkpt lat="33.40117" lon="-96.12613">
        <ele>192.3</ele>
      </trkpt>
      <trkpt lat="33.400799" lon="-96.12596">
        <ele>192.5</ele>
      </trkpt>
      <trkpt lat="33.400239" lon="-96.12599">
        <ele>192.0</ele>
      </trkpt>
      <trkpt lat="33.399679" lon="-96.12602">
        <ele>191.9</ele>
      </trkpt>
      <trkpt lat="33.39951" lon="-96.12595">
        <ele>192.0</ele>
      </trkpt>
      <trkpt lat="33.399459" lon="-96.12525">
        <ele>193.7</ele>
      </trkpt>
      <trkpt lat="33.39943" lon="-96.12421">
        <ele>194.8</ele>
      </trkpt>
      <trkpt lat="33.3994" lon="-96.12316">
        <ele>196.2</ele>
      </trkpt>
      <trkpt lat="33.399369" lon="-96.12211">
        <ele>197.2</ele>
      </trkpt>
      <trkpt lat="33.39934" lon="-96.12107">
        <ele>196.6</ele>
      </trkpt>
      <trkpt lat="33.39924" lon="-96.12098">
        <ele>196.3</ele>
      </trkpt>
      <trkpt lat="33.39888" lon="-96.12099">
        <ele>196.2</ele>
      </trkpt>
      <trkpt lat="33.39804" lon="-96.12103">
        <ele>195.5</ele>
      </trkpt>
      <trkpt lat="33.39719" lon="-96.12107">
        <ele>195.3</ele>
      </trkpt>
      <trkpt lat="33.39719" lon="-96.12107">
        <ele>195.3</ele>
      </trkpt>
      <trkpt lat="33.39636" lon="-96.12111">
        <ele>195.4</ele>
      </trkpt>
      <trkpt lat="33.39553" lon="-96.12115">
        <ele>195.3</ele>
      </trkpt>
      <trkpt lat="33.3947" lon="-96.12119">
        <ele>195.4</ele>
      </trkpt>
      <trkpt lat="33.39388" lon="-96.12123">
        <ele>195.4</ele>
      </trkpt>
      <trkpt lat="33.39305" lon="-96.12126">
        <ele>195.3</ele>
      </trkpt>
      <trkpt lat="33.39222" lon="-96.1213">
        <ele>195.2</ele>
      </trkpt>
      <trkpt lat="33.39139" lon="-96.12134">
        <ele>194.7</ele>
      </trkpt>
      <trkpt lat="33.39056" lon="-96.12138">
        <ele>194.2</ele>
      </trkpt>
      <trkpt lat="33.38973" lon="-96.12142">
        <ele>193.8</ele>
      </trkpt>
      <trkpt lat="33.38891" lon="-96.12146">
        <ele>193.2</ele>
      </trkpt>
      <trkpt lat="33.38805" lon="-96.12149">
        <ele>192.0</ele>
      </trkpt>
      <trkpt lat="33.387189" lon="-96.12152">
        <ele>192.0</ele>
      </trkpt>
      <trkpt lat="33.386339" lon="-96.12155">
        <ele>191.8</ele>
      </trkpt>
      <trkpt lat="33.38548" lon="-96.12159">
        <ele>191.2</ele>
      </trkpt>
      <trkpt lat="33.38462" lon="-96.12162">
        <ele>189.9</ele>
      </trkpt>
      <trkpt lat="33.38377" lon="-96.12165">
        <ele>188.8</ele>
      </trkpt>
      <trkpt lat="33.38291" lon="-96.12168">
        <ele>189.0</ele>
      </trkpt>
      <trkpt lat="33.38205" lon="-96.12171">
        <ele>189.7</ele>
      </trkpt>
      <trkpt lat="33.3812" lon="-96.12174">
        <ele>190.7</ele>
      </trkpt>
      <trkpt lat="33.380339" lon="-96.12177">
        <ele>191.8</ele>
      </trkpt>
      <trkpt lat="33.37948" lon="-96.1218">
        <ele>192.5</ele>
      </trkpt>
      <trkpt lat="33.37863" lon="-96.12184">
        <ele>193.1</ele>
      </trkpt>
      <trkpt lat="33.37777" lon="-96.12187">
        <ele>193.7</ele>
      </trkpt>
      <trkpt lat="33.37691" lon="-96.1219">
        <ele>193.8</ele>
      </trkpt>
      <trkpt lat="33.37606" lon="-96.12193">
        <ele>193.4</ele>
      </trkpt>
      <trkpt lat="33.3752" lon="-96.12196">
        <ele>193.0</ele>
      </trkpt>
      <trkpt lat="33.37435" lon="-96.12199">
        <ele>192.3</ele>
      </trkpt>
      <trkpt lat="33.37345" lon="-96.12202">
        <ele>192.6</ele>
      </trkpt>
      <trkpt lat="33.37256" lon="-96.12204">
        <ele>193.5</ele>
      </trkpt>
      <trkpt lat="33.37167" lon="-96.12207">
        <ele>194.1</ele>
      </trkpt>
      <trkpt lat="33.37119" lon="-96.12208">
        <ele>194.2</ele>
      </trkpt>
      <trkpt lat="33.37071" lon="-96.12209">
        <ele>193.9</ele>
      </trkpt>
      <trkpt lat="33.37025" lon="-96.12211">
        <ele>193.4</ele>
      </trkpt>
      <trkpt lat="33.36978" lon="-96.12213">
        <ele>192.8</ele>
      </trkpt>
      <trkpt lat="33.36932" lon="-96.12213">
        <ele>192.4</ele>
      </trkpt>
      <trkpt lat="33.368859" lon="-96.12214">
        <ele>191.9</ele>
      </trkpt>
      <trkpt lat="33.368319" lon="-96.12217">
        <ele>190.8</ele>
      </trkpt>
      <trkpt lat="33.36791" lon="-96.12218">
        <ele>189.6</ele>
      </trkpt>
      <trkpt lat="33.36721" lon="-96.1222">
        <ele>188.3</ele>
      </trkpt>
      <trkpt lat="33.36652" lon="-96.12223">
        <ele>186.4</ele>
      </trkpt>
      <trkpt lat="33.36583" lon="-96.12226">
        <ele>185.6</ele>
      </trkpt>
      <trkpt lat="33.365409" lon="-96.12224">
        <ele>185.2</ele>
      </trkpt>
      <trkpt lat="33.36489" lon="-96.12216">
        <ele>184.8</ele>
      </trkpt>
      <trkpt lat="33.364359" lon="-96.12208">
        <ele>184.3</ele>
      </trkpt>
      <trkpt lat="33.363999" lon="-96.12205">
        <ele>183.9</ele>
      </trkpt>
      <trkpt lat="33.36345" lon="-96.12196">
        <ele>183.6</ele>
      </trkpt>
      <trkpt lat="33.36345" lon="-96.12196">
        <ele>183.6</ele>
      </trkpt>
      <trkpt lat="33.36318" lon="-96.12191">
        <ele>183.5</ele>
      </trkpt>
      <trkpt lat="33.362609" lon="-96.12186">
        <ele>183.1</ele>
      </trkpt>
      <trkpt lat="33.362479" lon="-96.12184">
        <ele>183.0</ele>
      </trkpt>
      <trkpt lat="33.36235" lon="-96.12177">
        <ele>183.0</ele>
      </trkpt>
      <trkpt lat="33.36229" lon="-96.1217">
        <ele>183.0</ele>
      </trkpt>
      <trkpt lat="33.36225" lon="-96.12163">
        <ele>183.0</ele>
      </trkpt>
      <trkpt lat="33.36218" lon="-96.12133">
        <ele>183.1</ele>
      </trkpt>
      <trkpt lat="33.362139" lon="-96.12059">
        <ele>183.0</ele>
      </trkpt>
      <trkpt lat="33.36213" lon="-96.11991">
        <ele>183.0</ele>
      </trkpt>
      <trkpt lat="33.362119" lon="-96.11923">
        <ele>183.1</ele>
      </trkpt>
      <trkpt lat="33.36209" lon="-96.11876">
        <ele>183.1</ele>
      </trkpt>
      <trkpt lat="33.36209" lon="-96.11876">
        <ele>183.1</ele>
      </trkpt>
      <trkpt lat="33.36204" lon="-96.11773">
        <ele>183.2</ele>
      </trkpt>
      <trkpt lat="33.36197" lon="-96.11794">
        <ele>183.1</ele>
      </trkpt>
      <trkpt lat="33.36187" lon="-96.1181">
        <ele>183.1</ele>
      </trkpt>
      <trkpt lat="33.361449" lon="-96.11877">
        <ele>181.6</ele>
      </trkpt>
      <trkpt lat="33.36105" lon="-96.11945">
        <ele>182.9</ele>
      </trkpt>
      <trkpt lat="33.360619" lon="-96.12013">
        <ele>182.9</ele>
      </trkpt>
      <trkpt lat="33.36018" lon="-96.1208">
        <ele>183.1</ele>
      </trkpt>
      <trkpt lat="33.35974" lon="-96.12148">
        <ele>185.3</ele>
      </trkpt>
      <trkpt lat="33.35956" lon="-96.12181">
        <ele>186.0</ele>
      </trkpt>
      <trkpt lat="33.35944" lon="-96.12207">
        <ele>186.1</ele>
      </trkpt>
      <trkpt lat="33.35922" lon="-96.12278">
        <ele>188.8</ele>
      </trkpt>
      <trkpt lat="33.35918" lon="-96.12304">
        <ele>189.1</ele>
      </trkpt>
      <trkpt lat="33.35918" lon="-96.12304">
        <ele>189.1</ele>
      </trkpt>
      <trkpt lat="33.359139" lon="-96.12346">
        <ele>189.3</ele>
      </trkpt>
      <trkpt lat="33.359139" lon="-96.12374">
        <ele>189.5</ele>
      </trkpt>
      <trkpt lat="33.35915" lon="-96.1244">
        <ele>191.1</ele>
      </trkpt>
      <trkpt lat="33.35915" lon="-96.12479">
        <ele>192.2</ele>
      </trkpt>
      <trkpt lat="33.359189" lon="-96.12578">
        <ele>194.7</ele>
      </trkpt>
      <trkpt lat="33.35922" lon="-96.12676">
        <ele>196.0</ele>
      </trkpt>
      <trkpt lat="33.35925" lon="-96.12775">
        <ele>193.2</ele>
      </trkpt>
      <trkpt lat="33.35928" lon="-96.12874">
        <ele>190.0</ele>
      </trkpt>
      <trkpt lat="33.35931" lon="-96.12972">
        <ele>194.1</ele>
      </trkpt>
      <trkpt lat="33.35935" lon="-96.13071">
        <ele>195.7</ele>
      </trkpt>
      <trkpt lat="33.35937" lon="-96.13157">
        <ele>196.5</ele>
      </trkpt>
      <trkpt lat="33.3594" lon="-96.13243">
        <ele>196.9</ele>
      </trkpt>
      <trkpt lat="33.358559" lon="-96.13247">
        <ele>197.1</ele>
      </trkpt>
      <trkpt lat="33.35772" lon="-96.1325">
        <ele>197.1</ele>
      </trkpt>
      <trkpt lat="33.356879" lon="-96.13254">
        <ele>196.9</ele>
      </trkpt>
      <trkpt lat="33.356879" lon="-96.13254">
        <ele>196.9</ele>
      </trkpt>
      <trkpt lat="33.35625" lon="-96.13257">
        <ele>196.5</ele>
      </trkpt>
      <trkpt lat="33.355629" lon="-96.13259">
        <ele>196.0</ele>
      </trkpt>
      <trkpt lat="33.354999" lon="-96.13262">
        <ele>195.3</ele>
      </trkpt>
      <trkpt lat="33.35454" lon="-96.13266">
        <ele>194.9</ele>
      </trkpt>
      <trkpt lat="33.35407" lon="-96.1327">
        <ele>194.4</ele>
      </trkpt>
      <trkpt lat="33.35336" lon="-96.1327">
        <ele>193.6</ele>
      </trkpt>
      <trkpt lat="33.35264" lon="-96.13271">
        <ele>193.0</ele>
      </trkpt>
      <trkpt lat="33.35192" lon="-96.13272">
        <ele>192.5</ele>
      </trkpt>
      <trkpt lat="33.351309" lon="-96.13274">
        <ele>192.1</ele>
      </trkpt>
      <trkpt lat="33.3507" lon="-96.13277">
        <ele>191.7</ele>
      </trkpt>
      <trkpt lat="33.349809" lon="-96.1328">
        <ele>190.9</ele>
      </trkpt>
      <trkpt lat="33.34892" lon="-96.13282">
        <ele>190.2</ele>
      </trkpt>
      <trkpt lat="33.34803" lon="-96.13285">
        <ele>189.7</ele>
      </trkpt>
      <trkpt lat="33.34714" lon="-96.13288">
        <ele>189.0</ele>
      </trkpt>
      <trkpt lat="33.346249" lon="-96.13291">
        <ele>188.0</ele>
      </trkpt>
      <trkpt lat="33.34536" lon="-96.13294">
        <ele>185.9</ele>
      </trkpt>
      <trkpt lat="33.344659" lon="-96.13293">
        <ele>185.5</ele>
      </trkpt>
      <trkpt lat="33.34382" lon="-96.13296">
        <ele>183.4</ele>
      </trkpt>
      <trkpt lat="33.34364" lon="-96.13296">
        <ele>183.3</ele>
      </trkpt>
      <trkpt lat="33.34292" lon="-96.13288">
        <ele>183.4</ele>
      </trkpt>
      <trkpt lat="33.34282" lon="-96.13289">
        <ele>183.3</ele>
      </trkpt>
      <trkpt lat="33.34236" lon="-96.13301">
        <ele>182.8</ele>
      </trkpt>
      <trkpt lat="33.34176" lon="-96.13307">
        <ele>183.4</ele>
      </trkpt>
      <trkpt lat="33.34116" lon="-96.13313">
        <ele>183.5</ele>
      </trkpt>
      <trkpt lat="33.341009" lon="-96.13314">
        <ele>183.6</ele>
      </trkpt>
      <trkpt lat="33.34037" lon="-96.13315">
        <ele>183.7</ele>
      </trkpt>
      <trkpt lat="33.33973" lon="-96.13315">
        <ele>183.5</ele>
      </trkpt>
      <trkpt lat="33.33973" lon="-96.13315">
        <ele>183.5</ele>
      </trkpt>
      <trkpt lat="33.33908" lon="-96.13315">
        <ele>183.6</ele>
      </trkpt>
      <trkpt lat="33.3386" lon="-96.13316">
        <ele>183.7</ele>
      </trkpt>
      <trkpt lat="33.33812" lon="-96.13317">
        <ele>183.7</ele>
      </trkpt>
      <trkpt lat="33.33786" lon="-96.13319">
        <ele>183.7</ele>
      </trkpt>
      <trkpt lat="33.33697" lon="-96.13323">
        <ele>183.5</ele>
      </trkpt>
      <trkpt lat="33.33666" lon="-96.13321">
        <ele>183.3</ele>
      </trkpt>
      <trkpt lat="33.335949" lon="-96.1332">
        <ele>182.9</ele>
      </trkpt>
      <trkpt lat="33.33524" lon="-96.1332">
        <ele>182.5</ele>
      </trkpt>
      <trkpt lat="33.33476" lon="-96.13321">
        <ele>182.3</ele>
      </trkpt>
      <trkpt lat="33.33429" lon="-96.13322">
        <ele>182.2</ele>
      </trkpt>
      <trkpt lat="33.33381" lon="-96.13323">
        <ele>182.0</ele>
      </trkpt>
      <trkpt lat="33.33334" lon="-96.13323">
        <ele>181.9</ele>
      </trkpt>
      <trkpt lat="33.332459" lon="-96.13325">
        <ele>181.8</ele>
      </trkpt>
      <trkpt lat="33.33158" lon="-96.13327">
        <ele>181.7</ele>
      </trkpt>
      <trkpt lat="33.330689" lon="-96.13329">
        <ele>181.6</ele>
      </trkpt>
      <trkpt lat="33.3301" lon="-96.13329">
        <ele>181.4</ele>
      </trkpt>
      <trkpt lat="33.32951" lon="-96.1333">
        <ele>181.2</ele>
      </trkpt>
      <trkpt lat="33.328789" lon="-96.13331">
        <ele>181.0</ele>
      </trkpt>
      <trkpt lat="33.32808" lon="-96.13331">
        <ele>180.7</ele>
      </trkpt>
      <trkpt lat="33.32736" lon="-96.13332">
        <ele>180.5</ele>
      </trkpt>
      <trkpt lat="33.326639" lon="-96.13332">
        <ele>180.2</ele>
      </trkpt>
      <trkpt lat="33.32615" lon="-96.13334">
        <ele>179.9</ele>
      </trkpt>
      <trkpt lat="33.32566" lon="-96.13337">
        <ele>179.9</ele>
      </trkpt>
      <trkpt lat="33.32517" lon="-96.13339">
        <ele>179.7</ele>
      </trkpt>
      <trkpt lat="33.324669" lon="-96.13342">
        <ele>180.3</ele>
      </trkpt>
      <trkpt lat="33.32394" lon="-96.13341">
        <ele>179.9</ele>
      </trkpt>
      <trkpt lat="33.323169" lon="-96.13346">
        <ele>179.9</ele>
      </trkpt>
      <trkpt lat="33.323169" lon="-96.13346">
        <ele>179.9</ele>
      </trkpt>
      <trkpt lat="33.32248" lon="-96.1335">
        <ele>180.4</ele>
      </trkpt>
      <trkpt lat="33.321779" lon="-96.13354">
        <ele>180.8</ele>
      </trkpt>
      <trkpt lat="33.321089" lon="-96.13357">
        <ele>181.1</ele>
      </trkpt>
      <trkpt lat="33.320349" lon="-96.13359">
        <ele>181.4</ele>
      </trkpt>
      <trkpt lat="33.319609" lon="-96.1336">
        <ele>181.9</ele>
      </trkpt>
      <trkpt lat="33.31888" lon="-96.13361">
        <ele>182.4</ele>
      </trkpt>
      <trkpt lat="33.31808" lon="-96.13366">
        <ele>183.1</ele>
      </trkpt>
      <trkpt lat="33.31729" lon="-96.1337">
        <ele>184.8</ele>
      </trkpt>
      <trkpt lat="33.316499" lon="-96.13374">
        <ele>186.8</ele>
      </trkpt>
      <trkpt lat="33.3157" lon="-96.13378">
        <ele>188.8</ele>
      </trkpt>
      <trkpt lat="33.31481" lon="-96.13381">
        <ele>193.2</ele>
      </trkpt>
      <trkpt lat="33.31392" lon="-96.13385">
        <ele>194.6</ele>
      </trkpt>
      <trkpt lat="33.31392" lon="-96.13385">
        <ele>194.6</ele>
      </trkpt>
      <trkpt lat="33.31319" lon="-96.13387">
        <ele>194.2</ele>
      </trkpt>
      <trkpt lat="33.31245" lon="-96.1339">
        <ele>196.6</ele>
      </trkpt>
      <trkpt lat="33.31172" lon="-96.13393">
        <ele>200.5</ele>
      </trkpt>
      <trkpt lat="33.31085" lon="-96.13394">
        <ele>206.9</ele>
      </trkpt>
      <trkpt lat="33.31069" lon="-96.13396">
        <ele>208.0</ele>
      </trkpt>
      <trkpt lat="33.31057" lon="-96.134">
        <ele>208.3</ele>
      </trkpt>
      <trkpt lat="33.310499" lon="-96.13407">
        <ele>208.1</ele>
      </trkpt>
      <trkpt lat="33.31047" lon="-96.13413">
        <ele>207.8</ele>
      </trkpt>
      <trkpt lat="33.31042" lon="-96.13426">
        <ele>207.3</ele>
      </trkpt>
      <trkpt lat="33.310409" lon="-96.13437">
        <ele>206.8</ele>
      </trkpt>
      <trkpt lat="33.3104" lon="-96.13455">
        <ele>206.0</ele>
      </trkpt>
      <trkpt lat="33.310409" lon="-96.13533">
        <ele>203.8</ele>
      </trkpt>
      <trkpt lat="33.31042" lon="-96.1361">
        <ele>205.0</ele>
      </trkpt>
      <trkpt lat="33.31044" lon="-96.13703">
        <ele>202.6</ele>
      </trkpt>
      <trkpt lat="33.31046" lon="-96.13796">
        <ele>200.9</ele>
      </trkpt>
      <trkpt lat="33.31048" lon="-96.13889">
        <ele>198.7</ele>
      </trkpt>
      <trkpt lat="33.31049" lon="-96.13933">
        <ele>197.7</ele>
      </trkpt>
      <trkpt lat="33.310519" lon="-96.14029">
        <ele>194.9</ele>
      </trkpt>
      <trkpt lat="33.31054" lon="-96.14124">
        <ele>191.6</ele>
      </trkpt>
      <trkpt lat="33.31054" lon="-96.14124">
        <ele>191.6</ele>
      </trkpt>
      <trkpt lat="33.31057" lon="-96.14203">
        <ele>189.7</ele>
      </trkpt>
      <trkpt lat="33.31058" lon="-96.14273">
        <ele>188.9</ele>
      </trkpt>
      <trkpt lat="33.31057" lon="-96.14302">
        <ele>188.9</ele>
      </trkpt>
      <trkpt lat="33.310589" lon="-96.144">
        <ele>192.0</ele>
      </trkpt>
      <trkpt lat="33.310609" lon="-96.14497">
        <ele>194.4</ele>
      </trkpt>
      <trkpt lat="33.31063" lon="-96.14576">
        <ele>195.6</ele>
      </trkpt>
      <trkpt lat="33.31066" lon="-96.14656">
        <ele>196.7</ele>
      </trkpt>
      <trkpt lat="33.31067" lon="-96.14739">
        <ele>198.0</ele>
      </trkpt>
      <trkpt lat="33.310679" lon="-96.14821">
        <ele>200.5</ele>
      </trkpt>
      <trkpt lat="33.310699" lon="-96.14904">
        <ele>202.2</ele>
      </trkpt>
      <trkpt lat="33.31072" lon="-96.15004">
        <ele>204.9</ele>
      </trkpt>
      <trkpt lat="33.31072" lon="-96.15017">
        <ele>205.1</ele>
      </trkpt>
      <trkpt lat="33.310699" lon="-96.15027">
        <ele>205.1</ele>
      </trkpt>
      <trkpt lat="33.31067" lon="-96.15035">
        <ele>204.9</ele>
      </trkpt>
      <trkpt lat="33.31063" lon="-96.15044">
        <ele>204.8</ele>
      </trkpt>
      <trkpt lat="33.31057" lon="-96.15052">
        <ele>204.6</ele>
      </trkpt>
      <trkpt lat="33.310429" lon="-96.15065">
        <ele>204.0</ele>
      </trkpt>
      <trkpt lat="33.31029" lon="-96.15074">
        <ele>203.2</ele>
      </trkpt>
      <trkpt lat="33.31008" lon="-96.15078">
        <ele>202.6</ele>
      </trkpt>
      <trkpt lat="33.30989" lon="-96.15079">
        <ele>202.4</ele>
      </trkpt>
      <trkpt lat="33.30975" lon="-96.15082">
        <ele>202.3</ele>
      </trkpt>
      <trkpt lat="33.30954" lon="-96.15094">
        <ele>200.7</ele>
      </trkpt>
      <trkpt lat="33.309019" lon="-96.15134">
        <ele>204.7</ele>
      </trkpt>
      <trkpt lat="33.30892" lon="-96.15141">
        <ele>205.2</ele>
      </trkpt>
      <trkpt lat="33.30874" lon="-96.15149">
        <ele>205.8</ele>
      </trkpt>
      <trkpt lat="33.3086" lon="-96.15152">
        <ele>206.3</ele>
      </trkpt>
      <trkpt lat="33.30775" lon="-96.1516">
        <ele>207.9</ele>
      </trkpt>
      <trkpt lat="33.3069" lon="-96.15166">
        <ele>205.9</ele>
      </trkpt>
      <trkpt lat="33.306269" lon="-96.15169">
        <ele>203.5</ele>
      </trkpt>
      <trkpt lat="33.305639" lon="-96.15171">
        <ele>203.1</ele>
      </trkpt>
      <trkpt lat="33.30501" lon="-96.15174">
        <ele>205.4</ele>
      </trkpt>
      <trkpt lat="33.30501" lon="-96.15174">
        <ele>205.4</ele>
      </trkpt>
      <trkpt lat="33.304319" lon="-96.15176">
        <ele>208.1</ele>
      </trkpt>
      <trkpt lat="33.30362" lon="-96.15179">
        <ele>210.1</ele>
      </trkpt>
      <trkpt lat="33.30314" lon="-96.1518">
        <ele>209.8</ele>
      </trkpt>
      <trkpt lat="33.30266" lon="-96.15181">
        <ele>208.8</ele>
      </trkpt>
      <trkpt lat="33.30185" lon="-96.15184">
        <ele>206.9</ele>
      </trkpt>
      <trkpt lat="33.30135" lon="-96.15184">
        <ele>206.5</ele>
      </trkpt>
      <trkpt lat="33.300849" lon="-96.15184">
        <ele>205.9</ele>
      </trkpt>
      <trkpt lat="33.30037" lon="-96.15186">
        <ele>205.3</ele>
      </trkpt>
      <trkpt lat="33.2999" lon="-96.15187">
        <ele>204.7</ele>
      </trkpt>
      <trkpt lat="33.299419" lon="-96.15188">
        <ele>204.0</ele>
      </trkpt>
      <trkpt lat="33.29894" lon="-96.15189">
        <ele>203.8</ele>
      </trkpt>
      <trkpt lat="33.29847" lon="-96.15191">
        <ele>203.8</ele>
      </trkpt>
      <trkpt lat="33.297759" lon="-96.15192">
        <ele>203.9</ele>
      </trkpt>
      <trkpt lat="33.29705" lon="-96.15193">
        <ele>204.3</ele>
      </trkpt>
      <trkpt lat="33.29634" lon="-96.15194">
        <ele>204.9</ele>
      </trkpt>
      <trkpt lat="33.29634" lon="-96.15194">
        <ele>204.9</ele>
      </trkpt>
      <trkpt lat="33.29583" lon="-96.15195">
        <ele>204.8</ele>
      </trkpt>
      <trkpt lat="33.29567" lon="-96.15197">
        <ele>204.3</ele>
      </trkpt>
      <trkpt lat="33.2956" lon="-96.15202">
        <ele>204.2</ele>
      </trkpt>
      <trkpt lat="33.29562" lon="-96.15284">
        <ele>203.6</ele>
      </trkpt>
      <trkpt lat="33.29563" lon="-96.15365">
        <ele>202.0</ele>
      </trkpt>
      <trkpt lat="33.29565" lon="-96.15447">
        <ele>201.3</ele>
      </trkpt>
      <trkpt lat="33.295679" lon="-96.15497">
        <ele>200.7</ele>
      </trkpt>
      <trkpt lat="33.29573" lon="-96.15531">
        <ele>200.5</ele>
      </trkpt>
      <trkpt lat="33.295859" lon="-96.15572">
        <ele>200.7</ele>
      </trkpt>
      <trkpt lat="33.29607" lon="-96.15622">
        <ele>201.2</ele>
      </trkpt>
      <trkpt lat="33.29632" lon="-96.15679">
        <ele>201.6</ele>
      </trkpt>
      <trkpt lat="33.296419" lon="-96.15703">
        <ele>201.8</ele>
      </trkpt>
      <trkpt lat="33.29646" lon="-96.15717">
        <ele>202.0</ele>
      </trkpt>
      <trkpt lat="33.29655" lon="-96.15752">
        <ele>202.4</ele>
      </trkpt>
      <trkpt lat="33.296599" lon="-96.15782">
        <ele>202.6</ele>
      </trkpt>
      <trkpt lat="33.296639" lon="-96.15811">
        <ele>202.7</ele>
      </trkpt>
      <trkpt lat="33.29666" lon="-96.1587">
        <ele>202.7</ele>
      </trkpt>
      <trkpt lat="33.29668" lon="-96.15976">
        <ele>202.3</ele>
      </trkpt>
      <trkpt lat="33.2967" lon="-96.16081">
        <ele>201.5</ele>
      </trkpt>
      <trkpt lat="33.296729" lon="-96.16172">
        <ele>201.4</ele>
      </trkpt>
      <trkpt lat="33.29676" lon="-96.16263">
        <ele>201.7</ele>
      </trkpt>
      <trkpt lat="33.29678" lon="-96.16285">
        <ele>202.2</ele>
      </trkpt>
      <trkpt lat="33.29684" lon="-96.16311">
        <ele>202.8</ele>
      </trkpt>
      <trkpt lat="33.2969" lon="-96.16327">
        <ele>203.1</ele>
      </trkpt>
      <trkpt lat="33.29697" lon="-96.16343">
        <ele>203.4</ele>
      </trkpt>
      <trkpt lat="33.29693" lon="-96.16348">
        <ele>203.4</ele>
      </trkpt>
      <trkpt lat="33.29685" lon="-96.16359">
        <ele>203.5</ele>
      </trkpt>
      <trkpt lat="33.296819" lon="-96.16367">
        <ele>203.6</ele>
      </trkpt>
      <trkpt lat="33.296799" lon="-96.16381">
        <ele>203.7</ele>
      </trkpt>
      <trkpt lat="33.29679" lon="-96.1641">
        <ele>203.9</ele>
      </trkpt>
      <trkpt lat="33.29683" lon="-96.16512">
        <ele>205.1</ele>
      </trkpt>
      <trkpt lat="33.29684" lon="-96.16616">
        <ele>206.8</ele>
      </trkpt>
      <trkpt lat="33.29684" lon="-96.16616">
        <ele>206.8</ele>
      </trkpt>
      <trkpt lat="33.29685" lon="-96.16698">
        <ele>207.3</ele>
      </trkpt>
      <trkpt lat="33.29686" lon="-96.16779">
        <ele>206.6</ele>
      </trkpt>
      <trkpt lat="33.296889" lon="-96.16871">
        <ele>204.2</ele>
      </trkpt>
      <trkpt lat="33.296909" lon="-96.16963">
        <ele>203.4</ele>
      </trkpt>
      <trkpt lat="33.29693" lon="-96.17055">
        <ele>203.5</ele>
      </trkpt>
      <trkpt lat="33.29696" lon="-96.17147">
        <ele>201.2</ele>
      </trkpt>
      <trkpt lat="33.29696" lon="-96.17237">
        <ele>199.9</ele>
      </trkpt>
      <trkpt lat="33.29697" lon="-96.17328">
        <ele>197.9</ele>
      </trkpt>
      <trkpt lat="33.296979" lon="-96.17385">
        <ele>200.5</ele>
      </trkpt>
      <trkpt lat="33.29699" lon="-96.17443">
        <ele>201.3</ele>
      </trkpt>
      <trkpt lat="33.296979" lon="-96.17472">
        <ele>201.9</ele>
      </trkpt>
      <trkpt lat="33.29697" lon="-96.17481">
        <ele>202.0</ele>
      </trkpt>
      <trkpt lat="33.29695" lon="-96.17487">
        <ele>202.1</ele>
      </trkpt>
      <trkpt lat="33.29692" lon="-96.17491">
        <ele>202.1</ele>
      </trkpt>
      <trkpt lat="33.29688" lon="-96.17494">
        <ele>202.1</ele>
      </trkpt>
      <trkpt lat="33.296799" lon="-96.17498">
        <ele>202.0</ele>
      </trkpt>
      <trkpt lat="33.29674" lon="-96.17499">
        <ele>202.0</ele>
      </trkpt>
      <trkpt lat="33.295879" lon="-96.17502">
        <ele>200.7</ele>
      </trkpt>
      <trkpt lat="33.295009" lon="-96.17505">
        <ele>199.7</ele>
      </trkpt>
      <trkpt lat="33.2944" lon="-96.17506">
        <ele>198.0</ele>
      </trkpt>
      <trkpt lat="33.293799" lon="-96.17508">
        <ele>197.4</ele>
      </trkpt>
      <trkpt lat="33.29319" lon="-96.17509">
        <ele>196.1</ele>
      </trkpt>
      <trkpt lat="33.29289" lon="-96.17511">
        <ele>195.2</ele>
      </trkpt>
      <trkpt lat="33.29249" lon="-96.17515">
        <ele>194.3</ele>
      </trkpt>
      <trkpt lat="33.29242" lon="-96.17517">
        <ele>194.1</ele>
      </trkpt>
      <trkpt lat="33.29238" lon="-96.1752">
        <ele>194.1</ele>
      </trkpt>
      <trkpt lat="33.29234" lon="-96.17526">
        <ele>194.0</ele>
      </trkpt>
      <trkpt lat="33.292319" lon="-96.17537">
        <ele>194.1</ele>
      </trkpt>
      <trkpt lat="33.292299" lon="-96.17566">
        <ele>194.3</ele>
      </trkpt>
      <trkpt lat="33.29233" lon="-96.17672">
        <ele>194.8</ele>
      </trkpt>
      <trkpt lat="33.29235" lon="-96.17757">
        <ele>194.1</ele>
      </trkpt>
      <trkpt lat="33.29237" lon="-96.17841">
        <ele>192.0</ele>
      </trkpt>
      <trkpt lat="33.292389" lon="-96.17925">
        <ele>194.3</ele>
      </trkpt>
      <trkpt lat="33.292409" lon="-96.1801">
        <ele>194.8</ele>
      </trkpt>
      <trkpt lat="33.2924" lon="-96.18089">
        <ele>194.7</ele>
      </trkpt>
      <trkpt lat="33.29242" lon="-96.18194">
        <ele>194.2</ele>
      </trkpt>
      <trkpt lat="33.29245" lon="-96.18298">
        <ele>193.2</ele>
      </trkpt>
      <trkpt lat="33.29247" lon="-96.18403">
        <ele>191.7</ele>
      </trkpt>
      <trkpt lat="33.29249" lon="-96.18508">
        <ele>193.6</ele>
      </trkpt>
      <trkpt lat="33.29251" lon="-96.18613">
        <ele>195.4</ele>
      </trkpt>
      <trkpt lat="33.29253" lon="-96.18677">
        <ele>196.2</ele>
      </trkpt>
      <trkpt lat="33.29254" lon="-96.18754">
        <ele>196.6</ele>
      </trkpt>
      <trkpt lat="33.29254" lon="-96.18754">
        <ele>196.6</ele>
      </trkpt>
      <trkpt lat="33.29256" lon="-96.18789">
        <ele>197.0</ele>
      </trkpt>
      <trkpt lat="33.292569" lon="-96.18866">
        <ele>197.3</ele>
      </trkpt>
      <trkpt lat="33.2926" lon="-96.18961">
        <ele>198.4</ele>
      </trkpt>
      <trkpt lat="33.29262" lon="-96.19056">
        <ele>200.5</ele>
      </trkpt>
      <trkpt lat="33.29262" lon="-96.19056">
        <ele>200.5</ele>
      </trkpt>
      <trkpt lat="33.29263" lon="-96.19115">
        <ele>201.4</ele>
      </trkpt>
      <trkpt lat="33.292749" lon="-96.19116">
        <ele>201.4</ele>
      </trkpt>
      <trkpt lat="33.29282" lon="-96.19117">
        <ele>201.4</ele>
      </trkpt>
      <trkpt lat="33.292969" lon="-96.19123">
        <ele>201.5</ele>
      </trkpt>
      <trkpt lat="33.29321" lon="-96.19138">
        <ele>201.6</ele>
      </trkpt>
      <trkpt lat="33.2933" lon="-96.19147">
        <ele>201.7</ele>
      </trkpt>
      <trkpt lat="33.29338" lon="-96.19157">
        <ele>201.8</ele>
      </trkpt>
      <trkpt lat="33.29345" lon="-96.19167">
        <ele>201.9</ele>
      </trkpt>
      <trkpt lat="33.29358" lon="-96.192">
        <ele>202.1</ele>
      </trkpt>
      <trkpt lat="33.2937" lon="-96.19238">
        <ele>202.2</ele>
      </trkpt>
      <trkpt lat="33.2937" lon="-96.19238">
        <ele>202.2</ele>
      </trkpt>
      <trkpt lat="33.29401" lon="-96.19334">
        <ele>203.0</ele>
      </trkpt>
      <trkpt lat="33.29375" lon="-96.19365">
        <ele>203.0</ele>
      </trkpt>
      <trkpt lat="33.29375" lon="-96.19365">
        <ele>203.0</ele>
      </trkpt>
      <trkpt lat="33.29336" lon="-96.19411">
        <ele>202.2</ele>
      </trkpt>
      <trkpt lat="33.29336" lon="-96.19411">
        <ele>202.2</ele>
      </trkpt>
      <trkpt lat="33.29281" lon="-96.19475">
        <ele>201.8</ele>
      </trkpt>
      <trkpt lat="33.29281" lon="-96.19475">
        <ele>201.8</ele>
      </trkpt>
      <trkpt lat="33.29244" lon="-96.19518">
        <ele>201.6</ele>
      </trkpt>
      <trkpt lat="33.29238" lon="-96.19515">
        <ele>201.4</ele>
      </trkpt>
      <trkpt lat="33.29233" lon="-96.19514">
        <ele>201.3</ele>
      </trkpt>
      <trkpt lat="33.29215" lon="-96.19516">
        <ele>201.0</ele>
      </trkpt>
      <trkpt lat="33.29132" lon="-96.19528">
        <ele>199.4</ele>
      </trkpt>
      <trkpt lat="33.29132" lon="-96.19528">
        <ele>199.4</ele>
      </trkpt>
      <trkpt lat="33.29061" lon="-96.19538">
        <ele>197.8</ele>
      </trkpt>
      <trkpt lat="33.290619" lon="-96.19592">
        <ele>198.8</ele>
      </trkpt>
      <trkpt lat="33.290619" lon="-96.19592">
        <ele>198.8</ele>
      </trkpt>
      <trkpt lat="33.29063" lon="-96.19641">
        <ele>200.3</ele>
      </trkpt>
      <trkpt lat="33.28993" lon="-96.19643">
        <ele>198.5</ele>
      </trkpt>
      <trkpt lat="33.28924" lon="-96.19644">
        <ele>197.0</ele>
      </trkpt>
      <trkpt lat="33.2887" lon="-96.19644">
        <ele>195.9</ele>
      </trkpt>
      <trkpt lat="33.28811" lon="-96.19647">
        <ele>195.5</ele>
      </trkpt>
      <trkpt lat="33.287619" lon="-96.1965">
        <ele>194.9</ele>
      </trkpt>
      <trkpt lat="33.28714" lon="-96.19652">
        <ele>194.4</ele>
      </trkpt>
      <trkpt lat="33.286389" lon="-96.19656">
        <ele>193.5</ele>
      </trkpt>
      <trkpt lat="33.28558" lon="-96.19663">
        <ele>194.5</ele>
      </trkpt>
      <trkpt lat="33.28558" lon="-96.19663">
        <ele>194.5</ele>
      </trkpt>
      <trkpt lat="33.28502" lon="-96.19667">
        <ele>194.7</ele>
      </trkpt>
      <trkpt lat="33.28445" lon="-96.19671">
        <ele>195.7</ele>
      </trkpt>
      <trkpt lat="33.28399" lon="-96.19674">
        <ele>196.4</ele>
      </trkpt>
      <trkpt lat="33.28352" lon="-96.19677">
        <ele>196.8</ele>
      </trkpt>
      <trkpt lat="33.282899" lon="-96.19679">
        <ele>197.0</ele>
      </trkpt>
      <trkpt lat="33.28228" lon="-96.19681">
        <ele>196.6</ele>
      </trkpt>
      <trkpt lat="33.28166" lon="-96.19683">
        <ele>196.1</ele>
      </trkpt>
      <trkpt lat="33.281129" lon="-96.19685">
        <ele>195.9</ele>
      </trkpt>
      <trkpt lat="33.28061" lon="-96.19688">
        <ele>195.4</ele>
      </trkpt>
      <trkpt lat="33.27987" lon="-96.19689">
        <ele>194.3</ele>
      </trkpt>
      <trkpt lat="33.27913" lon="-96.19689">
        <ele>193.3</ele>
      </trkpt>
      <trkpt lat="33.278979" lon="-96.19691">
        <ele>193.1</ele>
      </trkpt>
      <trkpt lat="33.27881" lon="-96.19689">
        <ele>192.7</ele>
      </trkpt>
      <trkpt lat="33.27875" lon="-96.19687">
        <ele>192.6</ele>
      </trkpt>
      <trkpt lat="33.2787" lon="-96.19683">
        <ele>192.5</ele>
      </trkpt>
      <trkpt lat="33.27864" lon="-96.19675">
        <ele>192.3</ele>
      </trkpt>
      <trkpt lat="33.27861" lon="-96.19667">
        <ele>192.1</ele>
      </trkpt>
      <trkpt lat="33.278599" lon="-96.19662">
        <ele>192.0</ele>
      </trkpt>
      <trkpt lat="33.27859" lon="-96.19613">
        <ele>191.7</ele>
      </trkpt>
      <trkpt lat="33.27857" lon="-96.19578">
        <ele>191.2</ele>
      </trkpt>
      <trkpt lat="33.27854" lon="-96.19568">
        <ele>191.2</ele>
      </trkpt>
      <trkpt lat="33.278509" lon="-96.19563">
        <ele>191.2</ele>
      </trkpt>
      <trkpt lat="33.27848" lon="-96.19561">
        <ele>191.2</ele>
      </trkpt>
      <trkpt lat="33.27844" lon="-96.19559">
        <ele>191.2</ele>
      </trkpt>
      <trkpt lat="33.27837" lon="-96.19558">
        <ele>191.2</ele>
      </trkpt>
      <trkpt lat="33.277549" lon="-96.19564">
        <ele>191.0</ele>
      </trkpt>
      <trkpt lat="33.277549" lon="-96.19564">
        <ele>191.0</ele>
      </trkpt>
      <trkpt lat="33.27698" lon="-96.19568">
        <ele>193.0</ele>
      </trkpt>
      <trkpt lat="33.27642" lon="-96.1957">
        <ele>193.8</ele>
      </trkpt>
      <trkpt lat="33.27566" lon="-96.19571">
        <ele>194.5</ele>
      </trkpt>
      <trkpt lat="33.2749" lon="-96.19573">
        <ele>194.8</ele>
      </trkpt>
      <trkpt lat="33.27414" lon="-96.19574">
        <ele>194.7</ele>
      </trkpt>
      <trkpt lat="33.273429" lon="-96.19576">
        <ele>192.7</ele>
      </trkpt>
      <trkpt lat="33.2734" lon="-96.19578">
        <ele>192.7</ele>
      </trkpt>
      <trkpt lat="33.2733" lon="-96.19588">
        <ele>192.6</ele>
      </trkpt>
      <trkpt lat="33.27322" lon="-96.19594">
        <ele>192.5</ele>
      </trkpt>
      <trkpt lat="33.272869" lon="-96.19614">
        <ele>191.6</ele>
      </trkpt>
      <trkpt lat="33.27279" lon="-96.19617">
        <ele>191.3</ele>
      </trkpt>
      <trkpt lat="33.27262" lon="-96.19619">
        <ele>190.7</ele>
      </trkpt>
      <trkpt lat="33.27176" lon="-96.1962">
        <ele>187.8</ele>
      </trkpt>
      <trkpt lat="33.27144" lon="-96.19621">
        <ele>186.8</ele>
      </trkpt>
      <trkpt lat="33.2712" lon="-96.1963">
        <ele>186.4</ele>
      </trkpt>
      <trkpt lat="33.27111" lon="-96.19635">
        <ele>186.3</ele>
      </trkpt>
      <trkpt lat="33.2708" lon="-96.19658">
        <ele>185.8</ele>
      </trkpt>
      <trkpt lat="33.27033" lon="-96.19701">
        <ele>185.2</ele>
      </trkpt>
      <trkpt lat="33.26985" lon="-96.19744">
        <ele>184.6</ele>
      </trkpt>
      <trkpt lat="33.26915" lon="-96.19805">
        <ele>183.7</ele>
      </trkpt>
      <trkpt lat="33.2689" lon="-96.19825">
        <ele>183.5</ele>
      </trkpt>
      <trkpt lat="33.26874" lon="-96.1984">
        <ele>183.2</ele>
      </trkpt>
      <trkpt lat="33.268639" lon="-96.19852">
        <ele>183.1</ele>
      </trkpt>
      <trkpt lat="33.26858" lon="-96.19863">
        <ele>183.0</ele>
      </trkpt>
      <trkpt lat="33.2685" lon="-96.1988">
        <ele>182.8</ele>
      </trkpt>
      <trkpt lat="33.26844" lon="-96.19901">
        <ele>182.9</ele>
      </trkpt>
      <trkpt lat="33.268479" lon="-96.19969">
        <ele>183.0</ele>
      </trkpt>
      <trkpt lat="33.26851" lon="-96.20037">
        <ele>183.0</ele>
      </trkpt>
      <trkpt lat="33.26853" lon="-96.20127">
        <ele>183.0</ele>
      </trkpt>
      <trkpt lat="33.26853" lon="-96.20127">
        <ele>183.0</ele>
      </trkpt>
      <trkpt lat="33.26856" lon="-96.20202">
        <ele>183.1</ele>
      </trkpt>
      <trkpt lat="33.26853" lon="-96.20232">
        <ele>183.3</ele>
      </trkpt>
      <trkpt lat="33.2685" lon="-96.2024">
        <ele>183.5</ele>
      </trkpt>
      <trkpt lat="33.268389" lon="-96.20252">
        <ele>183.8</ele>
      </trkpt>
      <trkpt lat="33.26833" lon="-96.20256">
        <ele>184.0</ele>
      </trkpt>
      <trkpt lat="33.2682" lon="-96.20261">
        <ele>184.4</ele>
      </trkpt>
      <trkpt lat="33.26789" lon="-96.20266">
        <ele>185.2</ele>
      </trkpt>
      <trkpt lat="33.26766" lon="-96.20268">
        <ele>185.6</ele>
      </trkpt>
      <trkpt lat="33.266759" lon="-96.2027">
        <ele>188.0</ele>
      </trkpt>
      <trkpt lat="33.26587" lon="-96.20273">
        <ele>189.3</ele>
      </trkpt>
      <trkpt lat="33.265369" lon="-96.20274">
        <ele>189.3</ele>
      </trkpt>
      <trkpt lat="33.26487" lon="-96.20274">
        <ele>189.1</ele>
      </trkpt>
      <trkpt lat="33.26412" lon="-96.20277">
        <ele>188.7</ele>
      </trkpt>
      <trkpt lat="33.263379" lon="-96.20279">
        <ele>188.4</ele>
      </trkpt>
      <trkpt lat="33.26263" lon="-96.20281">
        <ele>187.7</ele>
      </trkpt>
      <trkpt lat="33.26241" lon="-96.20285">
        <ele>187.4</ele>
      </trkpt>
      <trkpt lat="33.26231" lon="-96.20293">
        <ele>187.2</ele>
      </trkpt>
      <trkpt lat="33.262259" lon="-96.20298">
        <ele>187.2</ele>
      </trkpt>
      <trkpt lat="33.26213" lon="-96.20332">
        <ele>187.3</ele>
      </trkpt>
      <trkpt lat="33.262079" lon="-96.20356">
        <ele>187.4</ele>
      </trkpt>
      <trkpt lat="33.261969" lon="-96.20422">
        <ele>187.2</ele>
      </trkpt>
      <trkpt lat="33.2618" lon="-96.20514">
        <ele>186.5</ele>
      </trkpt>
      <trkpt lat="33.26171" lon="-96.20551">
        <ele>185.7</ele>
      </trkpt>
      <trkpt lat="33.26167" lon="-96.20574">
        <ele>186.6</ele>
      </trkpt>
      <trkpt lat="33.26168" lon="-96.2063">
        <ele>189.3</ele>
      </trkpt>
      <trkpt lat="33.26171" lon="-96.20647">
        <ele>189.7</ele>
      </trkpt>
      <trkpt lat="33.26177" lon="-96.20675">
        <ele>190.5</ele>
      </trkpt>
      <trkpt lat="33.26182" lon="-96.20709">
        <ele>191.1</ele>
      </trkpt>
      <trkpt lat="33.26192" lon="-96.20756">
        <ele>189.8</ele>
      </trkpt>
      <trkpt lat="33.26194" lon="-96.20791">
        <ele>188.9</ele>
      </trkpt>
      <trkpt lat="33.26195" lon="-96.20848">
        <ele>193.2</ele>
      </trkpt>
      <trkpt lat="33.26196" lon="-96.20905">
        <ele>194.9</ele>
      </trkpt>
      <trkpt lat="33.26196" lon="-96.20905">
        <ele>194.9</ele>
      </trkpt>
      <trkpt lat="33.26198" lon="-96.20985">
        <ele>197.3</ele>
      </trkpt>
      <trkpt lat="33.262" lon="-96.21063">
        <ele>198.8</ele>
      </trkpt>
      <trkpt lat="33.26203" lon="-96.2114">
        <ele>199.0</ele>
      </trkpt>
      <trkpt lat="33.26203" lon="-96.21215">
        <ele>199.1</ele>
      </trkpt>
      <trkpt lat="33.26204" lon="-96.2129">
        <ele>200.2</ele>
      </trkpt>
      <trkpt lat="33.26204" lon="-96.21361">
        <ele>201.4</ele>
      </trkpt>
      <trkpt lat="33.26203" lon="-96.21433">
        <ele>202.6</ele>
      </trkpt>
      <trkpt lat="33.26205" lon="-96.21503">
        <ele>202.0</ele>
      </trkpt>
      <trkpt lat="33.262079" lon="-96.21573">
        <ele>200.4</ele>
      </trkpt>
      <trkpt lat="33.262099" lon="-96.21664">
        <ele>198.7</ele>
      </trkpt>
      <trkpt lat="33.26211" lon="-96.21754">
        <ele>198.9</ele>
      </trkpt>
      <trkpt lat="33.26212" lon="-96.21835">
        <ele>200.6</ele>
      </trkpt>
      <trkpt lat="33.26212" lon="-96.21917">
        <ele>202.7</ele>
      </trkpt>
      <trkpt lat="33.26212" lon="-96.21998">
        <ele>204.7</ele>
      </trkpt>
      <trkpt lat="33.26214" lon="-96.22073">
        <ele>205.4</ele>
      </trkpt>
      <trkpt lat="33.26215" lon="-96.22148">
        <ele>204.4</ele>
      </trkpt>
      <trkpt lat="33.26215" lon="-96.22185">
        <ele>203.0</ele>
      </trkpt>
      <trkpt lat="33.26215" lon="-96.22185">
        <ele>203.0</ele>
      </trkpt>
      <trkpt lat="33.26215" lon="-96.22236">
        <ele>201.1</ele>
      </trkpt>
      <trkpt lat="33.26216" lon="-96.22294">
        <ele>200.3</ele>
      </trkpt>
      <trkpt lat="33.262169" lon="-96.22351">
        <ele>201.8</ele>
      </trkpt>
      <trkpt lat="33.262189" lon="-96.2236">
        <ele>202.3</ele>
      </trkpt>
      <trkpt lat="33.26225" lon="-96.2237">
        <ele>202.8</ele>
      </trkpt>
      <trkpt lat="33.26232" lon="-96.22372">
        <ele>203.0</ele>
      </trkpt>
      <trkpt lat="33.26247" lon="-96.22372">
        <ele>203.3</ele>
      </trkpt>
      <trkpt lat="33.262999" lon="-96.2237">
        <ele>203.6</ele>
      </trkpt>
      <trkpt lat="33.26383" lon="-96.22365">
        <ele>201.2</ele>
      </trkpt>
      <trkpt lat="33.26466" lon="-96.2236">
        <ele>198.8</ele>
      </trkpt>
      <trkpt lat="33.26515" lon="-96.22358">
        <ele>199.3</ele>
      </trkpt>
      <trkpt lat="33.265389" lon="-96.22358">
        <ele>199.9</ele>
      </trkpt>
      <trkpt lat="33.26549" lon="-96.22359">
        <ele>200.1</ele>
      </trkpt>
      <trkpt lat="33.26554" lon="-96.22362">
        <ele>200.3</ele>
      </trkpt>
      <trkpt lat="33.26561" lon="-96.22368">
        <ele>200.6</ele>
      </trkpt>
      <trkpt lat="33.26565" lon="-96.22374">
        <ele>200.9</ele>
      </trkpt>
      <trkpt lat="33.26568" lon="-96.22387">
        <ele>201.4</ele>
      </trkpt>
      <trkpt lat="33.26568" lon="-96.22453">
        <ele>203.6</ele>
      </trkpt>
      <trkpt lat="33.26567" lon="-96.2252">
        <ele>205.7</ele>
      </trkpt>
      <trkpt lat="33.26568" lon="-96.22596">
        <ele>206.3</ele>
      </trkpt>
      <trkpt lat="33.26569" lon="-96.22672">
        <ele>204.9</ele>
      </trkpt>
      <trkpt lat="33.26569" lon="-96.22759">
        <ele>200.7</ele>
      </trkpt>
      <trkpt lat="33.26569" lon="-96.22846">
        <ele>197.8</ele>
      </trkpt>
      <trkpt lat="33.26569" lon="-96.22934">
        <ele>198.2</ele>
      </trkpt>
      <trkpt lat="33.26569" lon="-96.23021">
        <ele>200.9</ele>
      </trkpt>
      <trkpt lat="33.26569" lon="-96.23112">
        <ele>203.7</ele>
      </trkpt>
      <trkpt lat="33.2657" lon="-96.23203">
        <ele>205.2</ele>
      </trkpt>
      <trkpt lat="33.26572" lon="-96.23269">
        <ele>205.3</ele>
      </trkpt>
      <trkpt lat="33.26574" lon="-96.23335">
        <ele>203.8</ele>
      </trkpt>
      <trkpt lat="33.26574" lon="-96.23335">
        <ele>203.8</ele>
      </trkpt>
      <trkpt lat="33.26574" lon="-96.23362">
        <ele>202.6</ele>
      </trkpt>
      <trkpt lat="33.265749" lon="-96.23467">
        <ele>198.5</ele>
      </trkpt>
      <trkpt lat="33.265749" lon="-96.23572">
        <ele>196.1</ele>
      </trkpt>
      <trkpt lat="33.26576" lon="-96.23677">
        <ele>198.3</ele>
      </trkpt>
      <trkpt lat="33.26576" lon="-96.23741">
        <ele>199.5</ele>
      </trkpt>
      <trkpt lat="33.26576" lon="-96.23805">
        <ele>200.6</ele>
      </trkpt>
      <trkpt lat="33.26576" lon="-96.23805">
        <ele>200.6</ele>
      </trkpt>
      <trkpt lat="33.26577" lon="-96.23879">
        <ele>202.1</ele>
      </trkpt>
      <trkpt lat="33.26578" lon="-96.23953">
        <ele>203.5</ele>
      </trkpt>
      <trkpt lat="33.26579" lon="-96.24027">
        <ele>204.8</ele>
      </trkpt>
      <trkpt lat="33.2658" lon="-96.24032">
        <ele>204.9</ele>
      </trkpt>
      <trkpt lat="33.26583" lon="-96.24041">
        <ele>205.0</ele>
      </trkpt>
      <trkpt lat="33.265909" lon="-96.2405">
        <ele>205.3</ele>
      </trkpt>
      <trkpt lat="33.265949" lon="-96.24053">
        <ele>205.4</ele>
      </trkpt>
      <trkpt lat="33.26569" lon="-96.24086">
        <ele>205.6</ele>
      </trkpt>
      <trkpt lat="33.26559" lon="-96.24092">
        <ele>205.5</ele>
      </trkpt>
      <trkpt lat="33.26486" lon="-96.24094">
        <ele>204.2</ele>
      </trkpt>
      <trkpt lat="33.26413" lon="-96.24097">
        <ele>202.9</ele>
      </trkpt>
      <trkpt lat="33.263309" lon="-96.24098">
        <ele>201.5</ele>
      </trkpt>
      <trkpt lat="33.262479" lon="-96.241">
        <ele>201.9</ele>
      </trkpt>
      <trkpt lat="33.26187" lon="-96.24101">
        <ele>203.6</ele>
      </trkpt>
      <trkpt lat="33.26127" lon="-96.24102">
        <ele>204.5</ele>
      </trkpt>
      <trkpt lat="33.26079" lon="-96.24102">
        <ele>206.9</ele>
      </trkpt>
      <trkpt lat="33.26032" lon="-96.24102">
        <ele>207.6</ele>
      </trkpt>
      <trkpt lat="33.25968" lon="-96.24104">
        <ele>210.4</ele>
      </trkpt>
      <trkpt lat="33.25904" lon="-96.24106">
        <ele>211.4</ele>
      </trkpt>
      <trkpt lat="33.2584" lon="-96.24109">
        <ele>212.7</ele>
      </trkpt>
      <trkpt lat="33.258249" lon="-96.24108">
        <ele>213.0</ele>
      </trkpt>
      <trkpt lat="33.25745" lon="-96.24111">
        <ele>214.3</ele>
      </trkpt>
      <trkpt lat="33.25697" lon="-96.24114">
        <ele>214.6</ele>
      </trkpt>
      <trkpt lat="33.25649" lon="-96.24118">
        <ele>214.4</ele>
      </trkpt>
      <trkpt lat="33.25609" lon="-96.24119">
        <ele>214.1</ele>
      </trkpt>
      <trkpt lat="33.25609" lon="-96.24119">
        <ele>214.1</ele>
      </trkpt>
      <trkpt lat="33.25583" lon="-96.24121">
        <ele>213.9</ele>
      </trkpt>
      <trkpt lat="33.255719" lon="-96.24125">
        <ele>213.9</ele>
      </trkpt>
      <trkpt lat="33.25564" lon="-96.2413">
        <ele>213.8</ele>
      </trkpt>
      <trkpt lat="33.255609" lon="-96.24134">
        <ele>213.8</ele>
      </trkpt>
      <trkpt lat="33.25555" lon="-96.24151">
        <ele>213.6</ele>
      </trkpt>
      <trkpt lat="33.25554" lon="-96.24172">
        <ele>213.2</ele>
      </trkpt>
      <trkpt lat="33.25556" lon="-96.24244">
        <ele>212.1</ele>
      </trkpt>
      <trkpt lat="33.25558" lon="-96.24316">
        <ele>210.2</ele>
      </trkpt>
      <trkpt lat="33.255609" lon="-96.24414">
        <ele>208.3</ele>
      </trkpt>
      <trkpt lat="33.255589" lon="-96.24439">
        <ele>207.6</ele>
      </trkpt>
      <trkpt lat="33.25555" lon="-96.24444">
        <ele>207.5</ele>
      </trkpt>
      <trkpt lat="33.25548" lon="-96.2445">
        <ele>207.5</ele>
      </trkpt>
      <trkpt lat="33.2554" lon="-96.24453">
        <ele>207.4</ele>
      </trkpt>
      <trkpt lat="33.2553" lon="-96.24455">
        <ele>207.0</ele>
      </trkpt>
      <trkpt lat="33.254959" lon="-96.24456">
        <ele>205.7</ele>
      </trkpt>
      <trkpt lat="33.25448" lon="-96.24456">
        <ele>204.2</ele>
      </trkpt>
      <trkpt lat="33.253999" lon="-96.24455">
        <ele>205.2</ele>
      </trkpt>
      <trkpt lat="33.253169" lon="-96.24459">
        <ele>208.1</ele>
      </trkpt>
      <trkpt lat="33.25235" lon="-96.24463">
        <ele>210.0</ele>
      </trkpt>
      <trkpt lat="33.25235" lon="-96.24463">
        <ele>210.0</ele>
      </trkpt>
      <trkpt lat="33.25173" lon="-96.24465">
        <ele>211.0</ele>
      </trkpt>
      <trkpt lat="33.251109" lon="-96.24468">
        <ele>211.8</ele>
      </trkpt>
      <trkpt lat="33.25056" lon="-96.24539">
        <ele>213.9</ele>
      </trkpt>
      <trkpt lat="33.25" lon="-96.2461">
        <ele>215.3</ele>
      </trkpt>
      <trkpt lat="33.249809" lon="-96.24627">
        <ele>216.0</ele>
      </trkpt>
      <trkpt lat="33.24962" lon="-96.24649">
        <ele>216.5</ele>
      </trkpt>
      <trkpt lat="33.24962" lon="-96.24649">
        <ele>216.5</ele>
      </trkpt>
      <trkpt lat="33.24939" lon="-96.24678">
        <ele>218.1</ele>
      </trkpt>
      <trkpt lat="33.24931" lon="-96.24687">
        <ele>218.6</ele>
      </trkpt>
      <trkpt lat="33.24884" lon="-96.24748">
        <ele>219.2</ele>
      </trkpt>
      <trkpt lat="33.24837" lon="-96.24809">
        <ele>216.4</ele>
      </trkpt>
      <trkpt lat="33.2481" lon="-96.2484">
        <ele>216.2</ele>
      </trkpt>
      <trkpt lat="33.24767" lon="-96.24894">
        <ele>213.7</ele>
      </trkpt>
      <trkpt lat="33.24767" lon="-96.24894">
        <ele>213.7</ele>
      </trkpt>
      <trkpt lat="33.24719" lon="-96.24956">
        <ele>211.4</ele>
      </trkpt>
      <trkpt lat="33.24664" lon="-96.25026">
        <ele>210.6</ele>
      </trkpt>
      <trkpt lat="33.246519" lon="-96.25041">
        <ele>210.6</ele>
      </trkpt>
      <trkpt lat="33.245959" lon="-96.25109">
        <ele>213.4</ele>
      </trkpt>
      <trkpt lat="33.245959" lon="-96.25109">
        <ele>213.4</ele>
      </trkpt>
      <trkpt lat="33.245559" lon="-96.25156">
        <ele>213.9</ele>
      </trkpt>
      <trkpt lat="33.24522" lon="-96.25199">
        <ele>216.0</ele>
      </trkpt>
      <trkpt lat="33.24522" lon="-96.25199">
        <ele>216.0</ele>
      </trkpt>
      <trkpt lat="33.244619" lon="-96.25272">
        <ele>216.4</ele>
      </trkpt>
      <trkpt lat="33.24403" lon="-96.25346">
        <ele>217.4</ele>
      </trkpt>
      <trkpt lat="33.24403" lon="-96.25346">
        <ele>217.4</ele>
      </trkpt>
      <trkpt lat="33.24342" lon="-96.25422">
        <ele>217.7</ele>
      </trkpt>
      <trkpt lat="33.24282" lon="-96.25497">
        <ele>215.2</ele>
      </trkpt>
      <trkpt lat="33.24282" lon="-96.25497">
        <ele>215.2</ele>
      </trkpt>
      <trkpt lat="33.24243" lon="-96.25546">
        <ele>215.0</ele>
      </trkpt>
      <trkpt lat="33.24204" lon="-96.25596">
        <ele>217.2</ele>
      </trkpt>
      <trkpt lat="33.24192" lon="-96.25607">
        <ele>217.6</ele>
      </trkpt>
      <trkpt lat="33.24161" lon="-96.25648">
        <ele>219.6</ele>
      </trkpt>
      <trkpt lat="33.2413" lon="-96.25688">
        <ele>219.5</ele>
      </trkpt>
      <trkpt lat="33.24084" lon="-96.25745">
        <ele>219.5</ele>
      </trkpt>
      <trkpt lat="33.24084" lon="-96.25745">
        <ele>219.5</ele>
      </trkpt>
      <trkpt lat="33.24026" lon="-96.25816">
        <ele>219.5</ele>
      </trkpt>
      <trkpt lat="33.23968" lon="-96.25887">
        <ele>219.1</ele>
      </trkpt>
      <trkpt lat="33.2391" lon="-96.25959">
        <ele>218.0</ele>
      </trkpt>
      <trkpt lat="33.23852" lon="-96.2603">
        <ele>216.5</ele>
      </trkpt>
      <trkpt lat="33.23852" lon="-96.2603">
        <ele>216.5</ele>
      </trkpt>
      <trkpt lat="33.23794" lon="-96.26102">
        <ele>216.0</ele>
      </trkpt>
      <trkpt lat="33.23735" lon="-96.26174">
        <ele>215.7</ele>
      </trkpt>
      <trkpt lat="33.23677" lon="-96.26246">
        <ele>213.5</ele>
      </trkpt>
      <trkpt lat="33.23677" lon="-96.26246">
        <ele>213.5</ele>
      </trkpt>
      <trkpt lat="33.236379" lon="-96.26293">
        <ele>213.4</ele>
      </trkpt>
      <trkpt lat="33.235999" lon="-96.2634">
        <ele>213.0</ele>
      </trkpt>
      <trkpt lat="33.23548" lon="-96.26404">
        <ele>212.8</ele>
      </trkpt>
      <trkpt lat="33.23496" lon="-96.26467">
        <ele>212.8</ele>
      </trkpt>
      <trkpt lat="33.23496" lon="-96.26467">
        <ele>212.8</ele>
      </trkpt>
      <trkpt lat="33.23446" lon="-96.26529">
        <ele>213.2</ele>
      </trkpt>
      <trkpt lat="33.23396" lon="-96.2659">
        <ele>213.9</ele>
      </trkpt>
      <trkpt lat="33.23346" lon="-96.26652">
        <ele>214.8</ele>
      </trkpt>
      <trkpt lat="33.23297" lon="-96.26714">
        <ele>216.3</ele>
      </trkpt>
      <trkpt lat="33.23297" lon="-96.26714">
        <ele>216.3</ele>
      </trkpt>
      <trkpt lat="33.23247" lon="-96.26775">
        <ele>216.3</ele>
      </trkpt>
      <trkpt lat="33.231969" lon="-96.26837">
        <ele>216.3</ele>
      </trkpt>
      <trkpt lat="33.23147" lon="-96.26899">
        <ele>216.6</ele>
      </trkpt>
      <trkpt lat="33.23098" lon="-96.2696">
        <ele>217.9</ele>
      </trkpt>
      <trkpt lat="33.23098" lon="-96.2696">
        <ele>217.9</ele>
      </trkpt>
      <trkpt lat="33.23053" lon="-96.27015">
        <ele>217.8</ele>
      </trkpt>
      <trkpt lat="33.230089" lon="-96.27071">
        <ele>217.2</ele>
      </trkpt>
      <trkpt lat="33.22964" lon="-96.27126">
        <ele>216.0</ele>
      </trkpt>
      <trkpt lat="33.22964" lon="-96.27126">
        <ele>216.0</ele>
      </trkpt>
      <trkpt lat="33.22911" lon="-96.27191">
        <ele>214.1</ele>
      </trkpt>
      <trkpt lat="33.22858" lon="-96.27256">
        <ele>213.6</ele>
      </trkpt>
      <trkpt lat="33.22805" lon="-96.27322">
        <ele>213.8</ele>
      </trkpt>
      <trkpt lat="33.22752" lon="-96.27387">
        <ele>213.3</ele>
      </trkpt>
      <trkpt lat="33.22699" lon="-96.27452">
        <ele>212.4</ele>
      </trkpt>
      <trkpt lat="33.22699" lon="-96.27452">
        <ele>212.4</ele>
      </trkpt>
      <trkpt lat="33.226439" lon="-96.2752">
        <ele>209.8</ele>
      </trkpt>
      <trkpt lat="33.22589" lon="-96.27587">
        <ele>209.9</ele>
      </trkpt>
      <trkpt lat="33.225389" lon="-96.27651">
        <ele>210.0</ele>
      </trkpt>
      <trkpt lat="33.22488" lon="-96.27715">
        <ele>209.7</ele>
      </trkpt>
      <trkpt lat="33.22488" lon="-96.27715">
        <ele>209.7</ele>
      </trkpt>
      <trkpt lat="33.224449" lon="-96.27767">
        <ele>208.9</ele>
      </trkpt>
      <trkpt lat="33.22401" lon="-96.27819">
        <ele>208.5</ele>
      </trkpt>
      <trkpt lat="33.22366" lon="-96.27867">
        <ele>207.2</ele>
      </trkpt>
      <trkpt lat="33.223059" lon="-96.2794">
        <ele>207.1</ele>
      </trkpt>
      <trkpt lat="33.223059" lon="-96.2794">
        <ele>207.1</ele>
      </trkpt>
      <trkpt lat="33.22258" lon="-96.27999">
        <ele>204.4</ele>
      </trkpt>
      <trkpt lat="33.22209" lon="-96.28058">
        <ele>203.6</ele>
      </trkpt>
      <trkpt lat="33.221939" lon="-96.28073">
        <ele>203.2</ele>
      </trkpt>
      <trkpt lat="33.22158" lon="-96.2812">
        <ele>202.0</ele>
      </trkpt>
      <trkpt lat="33.22158" lon="-96.2812">
        <ele>202.0</ele>
      </trkpt>
      <trkpt lat="33.2212" lon="-96.2817">
        <ele>201.2</ele>
      </trkpt>
      <trkpt lat="33.22077" lon="-96.28223">
        <ele>201.2</ele>
      </trkpt>
      <trkpt lat="33.220329" lon="-96.28277">
        <ele>199.3</ele>
      </trkpt>
      <trkpt lat="33.2199" lon="-96.2833">
        <ele>198.2</ele>
      </trkpt>
      <trkpt lat="33.2199" lon="-96.2833">
        <ele>198.2</ele>
      </trkpt>
      <trkpt lat="33.2194" lon="-96.28392">
        <ele>198.2</ele>
      </trkpt>
      <trkpt lat="33.21889" lon="-96.28453">
        <ele>197.6</ele>
      </trkpt>
      <trkpt lat="33.21889" lon="-96.28453">
        <ele>197.6</ele>
      </trkpt>
      <trkpt lat="33.21838" lon="-96.28516">
        <ele>197.0</ele>
      </trkpt>
      <trkpt lat="33.217869" lon="-96.28579">
        <ele>196.7</ele>
      </trkpt>
      <trkpt lat="33.21735" lon="-96.28642">
        <ele>196.9</ele>
      </trkpt>
      <trkpt lat="33.21735" lon="-96.28642">
        <ele>196.9</ele>
      </trkpt>
      <trkpt lat="33.217" lon="-96.28685">
        <ele>198.1</ele>
      </trkpt>
      <trkpt lat="33.21644" lon="-96.2875">
        <ele>198.3</ele>
      </trkpt>
      <trkpt lat="33.21613" lon="-96.28791">
        <ele>198.2</ele>
      </trkpt>
      <trkpt lat="33.21571" lon="-96.28848">
        <ele>198.2</ele>
      </trkpt>
      <trkpt lat="33.21537" lon="-96.28888">
        <ele>198.2</ele>
      </trkpt>
      <trkpt lat="33.21537" lon="-96.28888">
        <ele>198.2</ele>
      </trkpt>
      <trkpt lat="33.21491" lon="-96.28943">
        <ele>198.1</ele>
      </trkpt>
      <trkpt lat="33.21445" lon="-96.28998">
        <ele>198.2</ele>
      </trkpt>
      <trkpt lat="33.21445" lon="-96.28998">
        <ele>198.2</ele>
      </trkpt>
      <trkpt lat="33.21435" lon="-96.2901">
        <ele>198.2</ele>
      </trkpt>
      <trkpt lat="33.214149" lon="-96.29036">
        <ele>198.3</ele>
      </trkpt>
      <trkpt lat="33.21356" lon="-96.29111">
        <ele>199.6</ele>
      </trkpt>
      <trkpt lat="33.21356" lon="-96.29111">
        <ele>199.6</ele>
      </trkpt>
      <trkpt lat="33.213099" lon="-96.29169">
        <ele>200.5</ele>
      </trkpt>
      <trkpt lat="33.212629" lon="-96.29227">
        <ele>201.2</ele>
      </trkpt>
      <trkpt lat="33.21221" lon="-96.29278">
        <ele>202.6</ele>
      </trkpt>
      <trkpt lat="33.21179" lon="-96.2933">
        <ele>204.2</ele>
      </trkpt>
      <trkpt lat="33.21127" lon="-96.29392">
        <ele>204.3</ele>
      </trkpt>
      <trkpt lat="33.21076" lon="-96.29456">
        <ele>205.5</ele>
      </trkpt>
      <trkpt lat="33.21024" lon="-96.29519">
        <ele>206.5</ele>
      </trkpt>
      <trkpt lat="33.20993" lon="-96.29551">
        <ele>207.2</ele>
      </trkpt>
      <trkpt lat="33.20976" lon="-96.29574">
        <ele>207.3</ele>
      </trkpt>
      <trkpt lat="33.20976" lon="-96.29574">
        <ele>207.3</ele>
      </trkpt>
      <trkpt lat="33.20966" lon="-96.29589">
        <ele>207.3</ele>
      </trkpt>
      <trkpt lat="33.20908" lon="-96.29656">
        <ele>210.3</ele>
      </trkpt>
      <trkpt lat="33.2087" lon="-96.29706">
        <ele>210.3</ele>
      </trkpt>
      <trkpt lat="33.20832" lon="-96.29755">
        <ele>210.0</ele>
      </trkpt>
      <trkpt lat="33.20796" lon="-96.298">
        <ele>209.8</ele>
      </trkpt>
      <trkpt lat="33.20796" lon="-96.298">
        <ele>209.8</ele>
      </trkpt>
      <trkpt lat="33.207479" lon="-96.29858">
        <ele>208.7</ele>
      </trkpt>
      <trkpt lat="33.207009" lon="-96.29917">
        <ele>207.3</ele>
      </trkpt>
      <trkpt lat="33.20653" lon="-96.29976">
        <ele>205.7</ele>
      </trkpt>
      <trkpt lat="33.206139" lon="-96.30023">
        <ele>205.4</ele>
      </trkpt>
      <trkpt lat="33.206139" lon="-96.30023">
        <ele>205.4</ele>
      </trkpt>
      <trkpt lat="33.20564" lon="-96.30082">
        <ele>207.3</ele>
      </trkpt>
      <trkpt lat="33.20515" lon="-96.30141">
        <ele>207.3</ele>
      </trkpt>
      <trkpt lat="33.204659" lon="-96.302">
        <ele>207.7</ele>
      </trkpt>
      <trkpt lat="33.20415" lon="-96.30263">
        <ele>209.6</ele>
      </trkpt>
      <trkpt lat="33.20415" lon="-96.30263">
        <ele>209.6</ele>
      </trkpt>
      <trkpt lat="33.20367" lon="-96.30323">
        <ele>210.3</ele>
      </trkpt>
      <trkpt lat="33.2032" lon="-96.30383">
        <ele>210.3</ele>
      </trkpt>
      <trkpt lat="33.20272" lon="-96.30442">
        <ele>210.0</ele>
      </trkpt>
      <trkpt lat="33.20224" lon="-96.30502">
        <ele>209.9</ele>
      </trkpt>
      <trkpt lat="33.20224" lon="-96.30502">
        <ele>209.9</ele>
      </trkpt>
      <trkpt lat="33.20176" lon="-96.30562">
        <ele>209.6</ele>
      </trkpt>
      <trkpt lat="33.201279" lon="-96.30622">
        <ele>208.5</ele>
      </trkpt>
      <trkpt lat="33.2008" lon="-96.30682">
        <ele>207.3</ele>
      </trkpt>
      <trkpt lat="33.200339" lon="-96.30739">
        <ele>207.3</ele>
      </trkpt>
      <trkpt lat="33.200339" lon="-96.30739">
        <ele>207.3</ele>
      </trkpt>
      <trkpt lat="33.20002" lon="-96.30777">
        <ele>206.7</ele>
      </trkpt>
      <trkpt lat="33.19971" lon="-96.30816">
        <ele>205.5</ele>
      </trkpt>
      <trkpt lat="33.19923" lon="-96.30877">
        <ele>204.6</ele>
      </trkpt>
      <trkpt lat="33.198749" lon="-96.30939">
        <ele>204.7</ele>
      </trkpt>
      <trkpt lat="33.198369" lon="-96.30986">
        <ele>204.7</ele>
      </trkpt>
      <trkpt lat="33.198369" lon="-96.30986">
        <ele>204.7</ele>
      </trkpt>
      <trkpt lat="33.19782" lon="-96.31053">
        <ele>204.2</ele>
      </trkpt>
      <trkpt lat="33.19727" lon="-96.31121">
        <ele>204.6</ele>
      </trkpt>
      <trkpt lat="33.19672" lon="-96.31188">
        <ele>204.1</ele>
      </trkpt>
      <trkpt lat="33.19672" lon="-96.31188">
        <ele>204.1</ele>
      </trkpt>
      <trkpt lat="33.1961" lon="-96.31264">
        <ele>200.5</ele>
      </trkpt>
      <trkpt lat="33.19548" lon="-96.31339">
        <ele>198.2</ele>
      </trkpt>
      <trkpt lat="33.19486" lon="-96.31415">
        <ele>195.2</ele>
      </trkpt>
      <trkpt lat="33.19486" lon="-96.31415">
        <ele>195.2</ele>
      </trkpt>
      <trkpt lat="33.19449" lon="-96.3146">
        <ele>195.1</ele>
      </trkpt>
      <trkpt lat="33.194119" lon="-96.31505">
        <ele>195.1</ele>
      </trkpt>
      <trkpt lat="33.193559" lon="-96.31576">
        <ele>195.1</ele>
      </trkpt>
      <trkpt lat="33.19299" lon="-96.31647">
        <ele>195.1</ele>
      </trkpt>
      <trkpt lat="33.19299" lon="-96.31647">
        <ele>195.1</ele>
      </trkpt>
      <trkpt lat="33.19252" lon="-96.31706">
        <ele>195.1</ele>
      </trkpt>
      <trkpt lat="33.19205" lon="-96.31764">
        <ele>195.1</ele>
      </trkpt>
      <trkpt lat="33.19158" lon="-96.31822">
        <ele>195.1</ele>
      </trkpt>
      <trkpt lat="33.19111" lon="-96.31881">
        <ele>194.3</ele>
      </trkpt>
      <trkpt lat="33.19111" lon="-96.31881">
        <ele>194.3</ele>
      </trkpt>
      <trkpt lat="33.19064" lon="-96.31936">
        <ele>195.1</ele>
      </trkpt>
      <trkpt lat="33.19017" lon="-96.31991">
        <ele>195.2</ele>
      </trkpt>
      <trkpt lat="33.18966" lon="-96.32056">
        <ele>197.8</ele>
      </trkpt>
      <trkpt lat="33.189149" lon="-96.3212">
        <ele>198.5</ele>
      </trkpt>
      <trkpt lat="33.189149" lon="-96.3212">
        <ele>198.5</ele>
      </trkpt>
      <trkpt lat="33.18869" lon="-96.32178">
        <ele>201.1</ele>
      </trkpt>
      <trkpt lat="33.18824" lon="-96.32235">
        <ele>201.2</ele>
      </trkpt>
      <trkpt lat="33.18772" lon="-96.32299">
        <ele>201.2</ele>
      </trkpt>
      <trkpt lat="33.187199" lon="-96.32362">
        <ele>201.0</ele>
      </trkpt>
      <trkpt lat="33.187199" lon="-96.32362">
        <ele>201.0</ele>
      </trkpt>
      <trkpt lat="33.18657" lon="-96.32439">
        <ele>200.3</ele>
      </trkpt>
      <trkpt lat="33.18594" lon="-96.32515">
        <ele>198.5</ele>
      </trkpt>
      <trkpt lat="33.18531" lon="-96.32592">
        <ele>197.7</ele>
      </trkpt>
      <trkpt lat="33.18531" lon="-96.32592">
        <ele>197.7</ele>
      </trkpt>
      <trkpt lat="33.18497" lon="-96.32634">
        <ele>198.4</ele>
      </trkpt>
      <trkpt lat="33.18462" lon="-96.32676">
        <ele>199.5</ele>
      </trkpt>
      <trkpt lat="33.18417" lon="-96.32734">
        <ele>200.9</ele>
      </trkpt>
      <trkpt lat="33.18372" lon="-96.32791">
        <ele>201.5</ele>
      </trkpt>
      <trkpt lat="33.18327" lon="-96.32848">
        <ele>203.0</ele>
      </trkpt>
      <trkpt lat="33.18327" lon="-96.32848">
        <ele>203.0</ele>
      </trkpt>
      <trkpt lat="33.182879" lon="-96.32897">
        <ele>204.2</ele>
      </trkpt>
      <trkpt lat="33.18265" lon="-96.32929">
        <ele>204.2</ele>
      </trkpt>
      <trkpt lat="33.18215" lon="-96.33013">
        <ele>204.9</ele>
      </trkpt>
      <trkpt lat="33.18164" lon="-96.33097">
        <ele>204.2</ele>
      </trkpt>
      <trkpt lat="33.18155" lon="-96.33114">
        <ele>204.2</ele>
      </trkpt>
      <trkpt lat="33.18155" lon="-96.33114">
        <ele>204.2</ele>
      </trkpt>
      <trkpt lat="33.18114" lon="-96.33191">
        <ele>204.3</ele>
      </trkpt>
      <trkpt lat="33.180729" lon="-96.33267">
        <ele>201.2</ele>
      </trkpt>
      <trkpt lat="33.18032" lon="-96.33344">
        <ele>200.4</ele>
      </trkpt>
      <trkpt lat="33.180079" lon="-96.33386">
        <ele>198.3</ele>
      </trkpt>
      <trkpt lat="33.180079" lon="-96.33386">
        <ele>198.3</ele>
      </trkpt>
      <trkpt lat="33.1796" lon="-96.33475">
        <ele>201.1</ele>
      </trkpt>
      <trkpt lat="33.17911" lon="-96.33563">
        <ele>204.1</ele>
      </trkpt>
      <trkpt lat="33.17862" lon="-96.33651">
        <ele>204.3</ele>
      </trkpt>
      <trkpt lat="33.17862" lon="-96.33651">
        <ele>204.3</ele>
      </trkpt>
      <trkpt lat="33.17835" lon="-96.33702">
        <ele>205.0</ele>
      </trkpt>
      <trkpt lat="33.17807" lon="-96.33752">
        <ele>207.3</ele>
      </trkpt>
      <trkpt lat="33.177799" lon="-96.33799">
        <ele>207.3</ele>
      </trkpt>
      <trkpt lat="33.17746" lon="-96.33862">
        <ele>207.3</ele>
      </trkpt>
      <trkpt lat="33.17713" lon="-96.33925">
        <ele>207.3</ele>
      </trkpt>
      <trkpt lat="33.17713" lon="-96.33925">
        <ele>207.3</ele>
      </trkpt>
      <trkpt lat="33.17671" lon="-96.34004">
        <ele>207.2</ele>
      </trkpt>
      <trkpt lat="33.17633" lon="-96.34071">
        <ele>207.2</ele>
      </trkpt>
      <trkpt lat="33.17596" lon="-96.34138">
        <ele>207.2</ele>
      </trkpt>
      <trkpt lat="33.17559" lon="-96.34204">
        <ele>207.3</ele>
      </trkpt>
      <trkpt lat="33.17559" lon="-96.34204">
        <ele>207.3</ele>
      </trkpt>
      <trkpt lat="33.175109" lon="-96.34293">
        <ele>207.3</ele>
      </trkpt>
      <trkpt lat="33.17463" lon="-96.34381">
        <ele>207.3</ele>
      </trkpt>
      <trkpt lat="33.174149" lon="-96.34469">
        <ele>206.0</ele>
      </trkpt>
      <trkpt lat="33.174149" lon="-96.34469">
        <ele>206.0</ele>
      </trkpt>
      <trkpt lat="33.173769" lon="-96.3454">
        <ele>203.6</ele>
      </trkpt>
      <trkpt lat="33.17338" lon="-96.34611">
        <ele>201.5</ele>
      </trkpt>
      <trkpt lat="33.17299" lon="-96.34682">
        <ele>201.3</ele>
      </trkpt>
      <trkpt lat="33.17261" lon="-96.34753">
        <ele>201.9</ele>
      </trkpt>
      <trkpt lat="33.17261" lon="-96.34753">
        <ele>201.9</ele>
      </trkpt>
      <trkpt lat="33.17214" lon="-96.34838">
        <ele>201.2</ele>
      </trkpt>
      <trkpt lat="33.17168" lon="-96.34922">
        <ele>201.2</ele>
      </trkpt>
      <trkpt lat="33.17136" lon="-96.34982">
        <ele>201.2</ele>
      </trkpt>
      <trkpt lat="33.171039" lon="-96.35041">
        <ele>202.3</ele>
      </trkpt>
      <trkpt lat="33.171039" lon="-96.35041">
        <ele>202.3</ele>
      </trkpt>
      <trkpt lat="33.17063" lon="-96.35117">
        <ele>203.4</ele>
      </trkpt>
      <trkpt lat="33.17022" lon="-96.35194">
        <ele>203.1</ele>
      </trkpt>
      <trkpt lat="33.16981" lon="-96.3527">
        <ele>202.9</ele>
      </trkpt>
      <trkpt lat="33.1695" lon="-96.35324">
        <ele>202.1</ele>
      </trkpt>
      <trkpt lat="33.1695" lon="-96.35324">
        <ele>202.1</ele>
      </trkpt>
      <trkpt lat="33.16928" lon="-96.35368">
        <ele>201.7</ele>
      </trkpt>
      <trkpt lat="33.16893" lon="-96.35421">
        <ele>201.9</ele>
      </trkpt>
      <trkpt lat="33.16856" lon="-96.35476">
        <ele>201.0</ele>
      </trkpt>
      <trkpt lat="33.168" lon="-96.35547">
        <ele>200.8</ele>
      </trkpt>
      <trkpt lat="33.16778" lon="-96.35571">
        <ele>200.8</ele>
      </trkpt>
      <trkpt lat="33.167679" lon="-96.3558">
        <ele>200.7</ele>
      </trkpt>
      <trkpt lat="33.167679" lon="-96.3558">
        <ele>200.7</ele>
      </trkpt>
      <trkpt lat="33.16729" lon="-96.35614">
        <ele>200.3</ele>
      </trkpt>
      <trkpt lat="33.16691" lon="-96.35648">
        <ele>199.2</ele>
      </trkpt>
      <trkpt lat="33.16637" lon="-96.35689">
        <ele>199.6</ele>
      </trkpt>
      <trkpt lat="33.16614" lon="-96.35701">
        <ele>200.8</ele>
      </trkpt>
      <trkpt lat="33.16588" lon="-96.35718">
        <ele>200.9</ele>
      </trkpt>
      <trkpt lat="33.16532" lon="-96.3575">
        <ele>198.0</ele>
      </trkpt>
      <trkpt lat="33.16478" lon="-96.35776">
        <ele>198.0</ele>
      </trkpt>
      <trkpt lat="33.164589" lon="-96.35784">
        <ele>197.8</ele>
      </trkpt>
      <trkpt lat="33.16411" lon="-96.35808">
        <ele>197.3</ele>
      </trkpt>
      <trkpt lat="33.164" lon="-96.35812">
        <ele>197.2</ele>
      </trkpt>
      <trkpt lat="33.164" lon="-96.35812">
        <ele>197.2</ele>
      </trkpt>
      <trkpt lat="33.1635" lon="-96.35829">
        <ele>196.4</ele>
      </trkpt>
      <trkpt lat="33.162889" lon="-96.35852">
        <ele>195.2</ele>
      </trkpt>
      <trkpt lat="33.16227" lon="-96.35874">
        <ele>195.2</ele>
      </trkpt>
      <trkpt lat="33.16226" lon="-96.3588">
        <ele>195.2</ele>
      </trkpt>
    </trkseg>
  </trk>
</gpx>
