<?xml version="1.0" encoding="UTF-8"?>
<gpx xmlns:gpxdata="http://www.cluetrust.com/XML/GPXDATA/1/0" xmlns:xsi="http://www.w3.org/2001/XMLSchema-instance" xmlns="http://www.topografix.com/GPX/1/1" version="1.1" creator="http://ridewithgps.com/" xsi:schemaLocation="http://www.topografix.com/GPX/1/1 http://www.topografix.com/GPX/1/1/gpx.xsd http://www.cluetrust.com/XML/GPXDATA/1/0 http://www.cluetrust.com/Schemas/gpxdata10.xsd">
  <metadata>
    <name>Texas Three Step 50</name>
    <link href="https://ridewithgps.com/routes/53082143">
      <text>Texas Three Step 50</text>
    </link>
    <time>2025-10-20T12:16:06Z</time>
  </metadata>
  <trk>
    <name>Texas Three Step 50</name>
    <trkseg>
      <trkpt lat="29.7267" lon="-99.76253">
        <ele>489.0</ele>
      </trkpt>
      <trkpt lat="29.72671" lon="-99.76262">
        <ele>489.2</ele>
      </trkpt>
      <trkpt lat="29.72716" lon="-99.76244">
        <ele>489.4</ele>
      </trkpt>
      <trkpt lat="29.72744" lon="-99.76229">
        <ele>489.4</ele>
      </trkpt>
      <trkpt lat="29.72796" lon="-99.7619">
        <ele>489.2</ele>
      </trkpt>
      <trkpt lat="29.72796" lon="-99.7619">
        <ele>489.2</ele>
      </trkpt>
      <trkpt lat="29.72851" lon="-99.76154">
        <ele>489.1</ele>
      </trkpt>
      <trkpt lat="29.72886" lon="-99.76135">
        <ele>489.1</ele>
      </trkpt>
      <trkpt lat="29.72897" lon="-99.7613">
        <ele>489.2</ele>
      </trkpt>
      <trkpt lat="29.72954" lon="-99.76118">
        <ele>489.7</ele>
      </trkpt>
      <trkpt lat="29.7301" lon="-99.76105">
        <ele>489.9</ele>
      </trkpt>
      <trkpt lat="29.7308" lon="-99.76089">
        <ele>489.6</ele>
      </trkpt>
      <trkpt lat="29.73138" lon="-99.76077">
        <ele>489.4</ele>
      </trkpt>
      <trkpt lat="29.73171" lon="-99.76077">
        <ele>489.4</ele>
      </trkpt>
      <trkpt lat="29.73171" lon="-99.76077">
        <ele>489.4</ele>
      </trkpt>
      <trkpt lat="29.73186" lon="-99.76078">
        <ele>489.4</ele>
      </trkpt>
      <trkpt lat="29.73228" lon="-99.76081">
        <ele>489.4</ele>
      </trkpt>
      <trkpt lat="29.73305" lon="-99.76092">
        <ele>489.1</ele>
      </trkpt>
      <trkpt lat="29.73382" lon="-99.76103">
        <ele>489.9</ele>
      </trkpt>
      <trkpt lat="29.73459" lon="-99.76114">
        <ele>492.1</ele>
      </trkpt>
      <trkpt lat="29.73523" lon="-99.76123">
        <ele>494.4</ele>
      </trkpt>
      <trkpt lat="29.73587" lon="-99.76132">
        <ele>495.3</ele>
      </trkpt>
      <trkpt lat="29.73651" lon="-99.76141">
        <ele>496.0</ele>
      </trkpt>
      <trkpt lat="29.73727" lon="-99.76139">
        <ele>496.5</ele>
      </trkpt>
      <trkpt lat="29.73756" lon="-99.76136">
        <ele>496.7</ele>
      </trkpt>
      <trkpt lat="29.73756" lon="-99.76136">
        <ele>496.7</ele>
      </trkpt>
      <trkpt lat="29.73771" lon="-99.76135">
        <ele>496.7</ele>
      </trkpt>
      <trkpt lat="29.73788" lon="-99.76129">
        <ele>496.7</ele>
      </trkpt>
      <trkpt lat="29.73791" lon="-99.76139">
        <ele>497.0</ele>
      </trkpt>
      <trkpt lat="29.73799" lon="-99.76154">
        <ele>497.5</ele>
      </trkpt>
      <trkpt lat="29.73813" lon="-99.76164">
        <ele>497.9</ele>
      </trkpt>
      <trkpt lat="29.73833" lon="-99.76167">
        <ele>498.1</ele>
      </trkpt>
      <trkpt lat="29.73833" lon="-99.76167">
        <ele>498.1</ele>
      </trkpt>
      <trkpt lat="29.73919" lon="-99.76179">
        <ele>498.8</ele>
      </trkpt>
      <trkpt lat="29.74005" lon="-99.76191">
        <ele>498.9</ele>
      </trkpt>
      <trkpt lat="29.74091" lon="-99.76203">
        <ele>499.1</ele>
      </trkpt>
      <trkpt lat="29.74176" lon="-99.76215">
        <ele>499.2</ele>
      </trkpt>
      <trkpt lat="29.74262" lon="-99.76227">
        <ele>499.2</ele>
      </trkpt>
      <trkpt lat="29.74348" lon="-99.76239">
        <ele>499.4</ele>
      </trkpt>
      <trkpt lat="29.74434" lon="-99.76251">
        <ele>499.5</ele>
      </trkpt>
      <trkpt lat="29.7452" lon="-99.76263">
        <ele>501.9</ele>
      </trkpt>
      <trkpt lat="29.74606" lon="-99.76275">
        <ele>501.8</ele>
      </trkpt>
      <trkpt lat="29.74693" lon="-99.76288">
        <ele>501.9</ele>
      </trkpt>
      <trkpt lat="29.74781" lon="-99.76301">
        <ele>502.6</ele>
      </trkpt>
      <trkpt lat="29.74868" lon="-99.76314">
        <ele>502.9</ele>
      </trkpt>
      <trkpt lat="29.7494" lon="-99.76324">
        <ele>502.7</ele>
      </trkpt>
      <trkpt lat="29.75012" lon="-99.76334">
        <ele>502.2</ele>
      </trkpt>
      <trkpt lat="29.75083" lon="-99.76344">
        <ele>501.2</ele>
      </trkpt>
      <trkpt lat="29.75155" lon="-99.76353">
        <ele>500.7</ele>
      </trkpt>
      <trkpt lat="29.75227" lon="-99.76363">
        <ele>500.9</ele>
      </trkpt>
      <trkpt lat="29.75304" lon="-99.76375">
        <ele>500.1</ele>
      </trkpt>
      <trkpt lat="29.75382" lon="-99.76386">
        <ele>498.9</ele>
      </trkpt>
      <trkpt lat="29.75459" lon="-99.76398">
        <ele>498.5</ele>
      </trkpt>
      <trkpt lat="29.75535" lon="-99.76407">
        <ele>498.6</ele>
      </trkpt>
      <trkpt lat="29.75602" lon="-99.76427">
        <ele>498.2</ele>
      </trkpt>
      <trkpt lat="29.75639" lon="-99.76443">
        <ele>498.2</ele>
      </trkpt>
      <trkpt lat="29.75712" lon="-99.76483">
        <ele>498.8</ele>
      </trkpt>
      <trkpt lat="29.75736" lon="-99.76492">
        <ele>499.3</ele>
      </trkpt>
      <trkpt lat="29.75773" lon="-99.76504">
        <ele>500.9</ele>
      </trkpt>
      <trkpt lat="29.75811" lon="-99.76514">
        <ele>501.9</ele>
      </trkpt>
      <trkpt lat="29.75811" lon="-99.76514">
        <ele>501.9</ele>
      </trkpt>
      <trkpt lat="29.75842" lon="-99.76515">
        <ele>502.4</ele>
      </trkpt>
      <trkpt lat="29.75885" lon="-99.76513">
        <ele>504.1</ele>
      </trkpt>
      <trkpt lat="29.75932" lon="-99.76509">
        <ele>505.2</ele>
      </trkpt>
      <trkpt lat="29.75945" lon="-99.76509">
        <ele>505.2</ele>
      </trkpt>
      <trkpt lat="29.75969" lon="-99.76516">
        <ele>505.3</ele>
      </trkpt>
      <trkpt lat="29.75981" lon="-99.76524">
        <ele>507.3</ele>
      </trkpt>
      <trkpt lat="29.76029" lon="-99.76565">
        <ele>515.4</ele>
      </trkpt>
      <trkpt lat="29.76054" lon="-99.76583">
        <ele>517.0</ele>
      </trkpt>
      <trkpt lat="29.76082" lon="-99.766">
        <ele>517.5</ele>
      </trkpt>
      <trkpt lat="29.76115" lon="-99.76616">
        <ele>517.5</ele>
      </trkpt>
      <trkpt lat="29.7618" lon="-99.76643">
        <ele>515.8</ele>
      </trkpt>
      <trkpt lat="29.76207" lon="-99.76656">
        <ele>515.1</ele>
      </trkpt>
      <trkpt lat="29.76221" lon="-99.76666">
        <ele>515.4</ele>
      </trkpt>
      <trkpt lat="29.76235" lon="-99.76679">
        <ele>515.3</ele>
      </trkpt>
      <trkpt lat="29.76269" lon="-99.76715">
        <ele>506.0</ele>
      </trkpt>
      <trkpt lat="29.76311" lon="-99.76753">
        <ele>507.4</ele>
      </trkpt>
      <trkpt lat="29.76353" lon="-99.76792">
        <ele>509.6</ele>
      </trkpt>
      <trkpt lat="29.76382" lon="-99.76813">
        <ele>510.0</ele>
      </trkpt>
      <trkpt lat="29.76409" lon="-99.76829">
        <ele>510.0</ele>
      </trkpt>
      <trkpt lat="29.76447" lon="-99.76845">
        <ele>510.3</ele>
      </trkpt>
      <trkpt lat="29.76487" lon="-99.76855">
        <ele>510.5</ele>
      </trkpt>
      <trkpt lat="29.76548" lon="-99.76864">
        <ele>510.9</ele>
      </trkpt>
      <trkpt lat="29.76609" lon="-99.76873">
        <ele>508.3</ele>
      </trkpt>
      <trkpt lat="29.76669" lon="-99.76882">
        <ele>504.7</ele>
      </trkpt>
      <trkpt lat="29.76748" lon="-99.76895">
        <ele>502.3</ele>
      </trkpt>
      <trkpt lat="29.76827" lon="-99.76908">
        <ele>501.7</ele>
      </trkpt>
      <trkpt lat="29.76906" lon="-99.7692">
        <ele>501.3</ele>
      </trkpt>
      <trkpt lat="29.7693" lon="-99.76929">
        <ele>502.2</ele>
      </trkpt>
      <trkpt lat="29.76956" lon="-99.76943">
        <ele>503.0</ele>
      </trkpt>
      <trkpt lat="29.76985" lon="-99.76963">
        <ele>503.8</ele>
      </trkpt>
      <trkpt lat="29.77008" lon="-99.76982">
        <ele>504.3</ele>
      </trkpt>
      <trkpt lat="29.77035" lon="-99.77011">
        <ele>505.0</ele>
      </trkpt>
      <trkpt lat="29.7706" lon="-99.7704">
        <ele>505.6</ele>
      </trkpt>
      <trkpt lat="29.77099" lon="-99.77076">
        <ele>506.7</ele>
      </trkpt>
      <trkpt lat="29.77136" lon="-99.77099">
        <ele>507.6</ele>
      </trkpt>
      <trkpt lat="29.77164" lon="-99.77112">
        <ele>508.2</ele>
      </trkpt>
      <trkpt lat="29.77193" lon="-99.77123">
        <ele>508.6</ele>
      </trkpt>
      <trkpt lat="29.77226" lon="-99.77131">
        <ele>509.0</ele>
      </trkpt>
      <trkpt lat="29.77258" lon="-99.77135">
        <ele>509.2</ele>
      </trkpt>
      <trkpt lat="29.77306" lon="-99.77139">
        <ele>509.3</ele>
      </trkpt>
      <trkpt lat="29.77373" lon="-99.77142">
        <ele>509.2</ele>
      </trkpt>
      <trkpt lat="29.7744" lon="-99.77145">
        <ele>509.8</ele>
      </trkpt>
      <trkpt lat="29.77518" lon="-99.7715">
        <ele>510.7</ele>
      </trkpt>
      <trkpt lat="29.77596" lon="-99.77155">
        <ele>511.5</ele>
      </trkpt>
      <trkpt lat="29.77674" lon="-99.7716">
        <ele>512.9</ele>
      </trkpt>
      <trkpt lat="29.7773" lon="-99.77162">
        <ele>514.0</ele>
      </trkpt>
      <trkpt lat="29.77787" lon="-99.77165">
        <ele>514.7</ele>
      </trkpt>
      <trkpt lat="29.77858" lon="-99.77168">
        <ele>514.0</ele>
      </trkpt>
      <trkpt lat="29.7793" lon="-99.7717">
        <ele>513.1</ele>
      </trkpt>
      <trkpt lat="29.77942" lon="-99.7717">
        <ele>513.1</ele>
      </trkpt>
      <trkpt lat="29.7795" lon="-99.77171">
        <ele>513.4</ele>
      </trkpt>
      <trkpt lat="29.77968" lon="-99.77172">
        <ele>514.3</ele>
      </trkpt>
      <trkpt lat="29.77991" lon="-99.77173">
        <ele>515.4</ele>
      </trkpt>
      <trkpt lat="29.78005" lon="-99.77174">
        <ele>516.0</ele>
      </trkpt>
      <trkpt lat="29.7802" lon="-99.77173">
        <ele>516.5</ele>
      </trkpt>
      <trkpt lat="29.7804" lon="-99.77172">
        <ele>517.0</ele>
      </trkpt>
      <trkpt lat="29.78047" lon="-99.77172">
        <ele>517.2</ele>
      </trkpt>
      <trkpt lat="29.78058" lon="-99.77171">
        <ele>517.4</ele>
      </trkpt>
      <trkpt lat="29.7806" lon="-99.77171">
        <ele>517.4</ele>
      </trkpt>
      <trkpt lat="29.78075" lon="-99.77169">
        <ele>517.8</ele>
      </trkpt>
      <trkpt lat="29.78076" lon="-99.77168">
        <ele>517.7</ele>
      </trkpt>
      <trkpt lat="29.78082" lon="-99.77167">
        <ele>517.9</ele>
      </trkpt>
      <trkpt lat="29.78094" lon="-99.77165">
        <ele>518.0</ele>
      </trkpt>
      <trkpt lat="29.78099" lon="-99.77164">
        <ele>518.1</ele>
      </trkpt>
      <trkpt lat="29.78114" lon="-99.77161">
        <ele>518.2</ele>
      </trkpt>
      <trkpt lat="29.78129" lon="-99.77156">
        <ele>518.1</ele>
      </trkpt>
      <trkpt lat="29.78177" lon="-99.77143">
        <ele>518.3</ele>
      </trkpt>
      <trkpt lat="29.78233" lon="-99.77128">
        <ele>519.1</ele>
      </trkpt>
      <trkpt lat="29.78251" lon="-99.77123">
        <ele>519.4</ele>
      </trkpt>
      <trkpt lat="29.78266" lon="-99.77119">
        <ele>519.6</ele>
      </trkpt>
      <trkpt lat="29.78269" lon="-99.77118">
        <ele>519.7</ele>
      </trkpt>
      <trkpt lat="29.78287" lon="-99.77114">
        <ele>519.9</ele>
      </trkpt>
      <trkpt lat="29.78288" lon="-99.77114">
        <ele>519.9</ele>
      </trkpt>
      <trkpt lat="29.78304" lon="-99.77111">
        <ele>519.8</ele>
      </trkpt>
      <trkpt lat="29.78305" lon="-99.77111">
        <ele>519.8</ele>
      </trkpt>
      <trkpt lat="29.78326" lon="-99.77109">
        <ele>519.6</ele>
      </trkpt>
      <trkpt lat="29.78337" lon="-99.77108">
        <ele>519.4</ele>
      </trkpt>
      <trkpt lat="29.78348" lon="-99.77108">
        <ele>519.3</ele>
      </trkpt>
      <trkpt lat="29.7837" lon="-99.77109">
        <ele>519.3</ele>
      </trkpt>
      <trkpt lat="29.78378" lon="-99.7711">
        <ele>519.3</ele>
      </trkpt>
      <trkpt lat="29.78388" lon="-99.77111">
        <ele>519.3</ele>
      </trkpt>
      <trkpt lat="29.78394" lon="-99.77112">
        <ele>519.3</ele>
      </trkpt>
      <trkpt lat="29.784" lon="-99.77113">
        <ele>519.2</ele>
      </trkpt>
      <trkpt lat="29.78412" lon="-99.77116">
        <ele>519.3</ele>
      </trkpt>
      <trkpt lat="29.78415" lon="-99.77117">
        <ele>519.4</ele>
      </trkpt>
      <trkpt lat="29.78428" lon="-99.7712">
        <ele>519.4</ele>
      </trkpt>
      <trkpt lat="29.78429" lon="-99.77121">
        <ele>519.5</ele>
      </trkpt>
      <trkpt lat="29.78446" lon="-99.77127">
        <ele>519.4</ele>
      </trkpt>
      <trkpt lat="29.78451" lon="-99.77129">
        <ele>519.3</ele>
      </trkpt>
      <trkpt lat="29.78463" lon="-99.77134">
        <ele>519.1</ele>
      </trkpt>
      <trkpt lat="29.78466" lon="-99.77134">
        <ele>518.9</ele>
      </trkpt>
      <trkpt lat="29.7851" lon="-99.77157">
        <ele>517.5</ele>
      </trkpt>
      <trkpt lat="29.78513" lon="-99.77158">
        <ele>517.4</ele>
      </trkpt>
      <trkpt lat="29.78529" lon="-99.77168">
        <ele>517.2</ele>
      </trkpt>
      <trkpt lat="29.78544" lon="-99.77177">
        <ele>516.5</ele>
      </trkpt>
      <trkpt lat="29.78552" lon="-99.77183">
        <ele>516.3</ele>
      </trkpt>
      <trkpt lat="29.78558" lon="-99.77188">
        <ele>516.1</ele>
      </trkpt>
      <trkpt lat="29.78566" lon="-99.77195">
        <ele>515.8</ele>
      </trkpt>
      <trkpt lat="29.78573" lon="-99.77202">
        <ele>515.6</ele>
      </trkpt>
      <trkpt lat="29.78579" lon="-99.77208">
        <ele>515.4</ele>
      </trkpt>
      <trkpt lat="29.78582" lon="-99.77212">
        <ele>515.4</ele>
      </trkpt>
      <trkpt lat="29.78586" lon="-99.77217">
        <ele>515.3</ele>
      </trkpt>
      <trkpt lat="29.78591" lon="-99.77225">
        <ele>515.4</ele>
      </trkpt>
      <trkpt lat="29.78596" lon="-99.77234">
        <ele>515.6</ele>
      </trkpt>
      <trkpt lat="29.78602" lon="-99.77243">
        <ele>515.7</ele>
      </trkpt>
      <trkpt lat="29.78606" lon="-99.77252">
        <ele>516.0</ele>
      </trkpt>
      <trkpt lat="29.78609" lon="-99.7726">
        <ele>516.3</ele>
      </trkpt>
      <trkpt lat="29.78616" lon="-99.77279">
        <ele>517.0</ele>
      </trkpt>
      <trkpt lat="29.78622" lon="-99.77294">
        <ele>517.5</ele>
      </trkpt>
      <trkpt lat="29.78633" lon="-99.77328">
        <ele>519.1</ele>
      </trkpt>
      <trkpt lat="29.78636" lon="-99.77337">
        <ele>519.8</ele>
      </trkpt>
      <trkpt lat="29.7864" lon="-99.77348">
        <ele>521.1</ele>
      </trkpt>
      <trkpt lat="29.78643" lon="-99.77356">
        <ele>522.5</ele>
      </trkpt>
      <trkpt lat="29.78648" lon="-99.77371">
        <ele>525.1</ele>
      </trkpt>
      <trkpt lat="29.7866" lon="-99.77406">
        <ele>528.4</ele>
      </trkpt>
      <trkpt lat="29.78661" lon="-99.77409">
        <ele>528.5</ele>
      </trkpt>
      <trkpt lat="29.78666" lon="-99.77425">
        <ele>528.8</ele>
      </trkpt>
      <trkpt lat="29.78681" lon="-99.77466">
        <ele>527.8</ele>
      </trkpt>
      <trkpt lat="29.78687" lon="-99.77482">
        <ele>527.8</ele>
      </trkpt>
      <trkpt lat="29.78689" lon="-99.77487">
        <ele>527.9</ele>
      </trkpt>
      <trkpt lat="29.78702" lon="-99.7752">
        <ele>529.3</ele>
      </trkpt>
      <trkpt lat="29.78702" lon="-99.77522">
        <ele>529.4</ele>
      </trkpt>
      <trkpt lat="29.78709" lon="-99.77539">
        <ele>529.7</ele>
      </trkpt>
      <trkpt lat="29.78717" lon="-99.77558">
        <ele>529.8</ele>
      </trkpt>
      <trkpt lat="29.78738" lon="-99.77607">
        <ele>529.0</ele>
      </trkpt>
      <trkpt lat="29.78741" lon="-99.77613">
        <ele>528.9</ele>
      </trkpt>
      <trkpt lat="29.78749" lon="-99.7763">
        <ele>529.6</ele>
      </trkpt>
      <trkpt lat="29.78758" lon="-99.7765">
        <ele>530.1</ele>
      </trkpt>
      <trkpt lat="29.78767" lon="-99.77668">
        <ele>529.9</ele>
      </trkpt>
      <trkpt lat="29.78768" lon="-99.77669">
        <ele>529.7</ele>
      </trkpt>
      <trkpt lat="29.78776" lon="-99.77686">
        <ele>529.5</ele>
      </trkpt>
      <trkpt lat="29.78784" lon="-99.77701">
        <ele>529.8</ele>
      </trkpt>
      <trkpt lat="29.78785" lon="-99.77704">
        <ele>530.0</ele>
      </trkpt>
      <trkpt lat="29.78794" lon="-99.77721">
        <ele>529.6</ele>
      </trkpt>
      <trkpt lat="29.78803" lon="-99.77739">
        <ele>529.2</ele>
      </trkpt>
      <trkpt lat="29.78805" lon="-99.77744">
        <ele>529.2</ele>
      </trkpt>
      <trkpt lat="29.78824" lon="-99.7778">
        <ele>528.5</ele>
      </trkpt>
      <trkpt lat="29.78831" lon="-99.77793">
        <ele>528.4</ele>
      </trkpt>
      <trkpt lat="29.78835" lon="-99.778">
        <ele>528.3</ele>
      </trkpt>
      <trkpt lat="29.78841" lon="-99.7781">
        <ele>528.2</ele>
      </trkpt>
      <trkpt lat="29.78844" lon="-99.77815">
        <ele>528.1</ele>
      </trkpt>
      <trkpt lat="29.78851" lon="-99.77827">
        <ele>528.2</ele>
      </trkpt>
      <trkpt lat="29.78853" lon="-99.7783">
        <ele>528.3</ele>
      </trkpt>
      <trkpt lat="29.78862" lon="-99.77844">
        <ele>528.8</ele>
      </trkpt>
      <trkpt lat="29.78866" lon="-99.77849">
        <ele>528.9</ele>
      </trkpt>
      <trkpt lat="29.78883" lon="-99.77872">
        <ele>528.9</ele>
      </trkpt>
      <trkpt lat="29.78884" lon="-99.77874">
        <ele>528.9</ele>
      </trkpt>
      <trkpt lat="29.78894" lon="-99.77887">
        <ele>528.8</ele>
      </trkpt>
      <trkpt lat="29.789" lon="-99.77893">
        <ele>528.7</ele>
      </trkpt>
      <trkpt lat="29.78907" lon="-99.77901">
        <ele>528.5</ele>
      </trkpt>
      <trkpt lat="29.78913" lon="-99.77908">
        <ele>528.2</ele>
      </trkpt>
      <trkpt lat="29.78918" lon="-99.77912">
        <ele>527.8</ele>
      </trkpt>
      <trkpt lat="29.78924" lon="-99.77918">
        <ele>527.3</ele>
      </trkpt>
      <trkpt lat="29.78924" lon="-99.77918">
        <ele>527.3</ele>
      </trkpt>
      <trkpt lat="29.78926" lon="-99.77908">
        <ele>527.1</ele>
      </trkpt>
      <trkpt lat="29.78909" lon="-99.7786">
        <ele>526.6</ele>
      </trkpt>
      <trkpt lat="29.7889" lon="-99.77809">
        <ele>524.5</ele>
      </trkpt>
      <trkpt lat="29.78867" lon="-99.77735">
        <ele>520.8</ele>
      </trkpt>
      <trkpt lat="29.78861" lon="-99.77716">
        <ele>520.5</ele>
      </trkpt>
      <trkpt lat="29.78849" lon="-99.77676">
        <ele>520.0</ele>
      </trkpt>
      <trkpt lat="29.78833" lon="-99.77626">
        <ele>519.4</ele>
      </trkpt>
      <trkpt lat="29.78804" lon="-99.77521">
        <ele>517.5</ele>
      </trkpt>
      <trkpt lat="29.78804" lon="-99.77521">
        <ele>517.5</ele>
      </trkpt>
      <trkpt lat="29.787901" lon="-99.774719">
        <ele>513.3</ele>
      </trkpt>
      <trkpt lat="29.787901" lon="-99.774719">
        <ele>513.3</ele>
      </trkpt>
      <trkpt lat="29.787719" lon="-99.774171">
        <ele>512.2</ele>
      </trkpt>
      <trkpt lat="29.787719" lon="-99.774171">
        <ele>512.2</ele>
      </trkpt>
      <trkpt lat="29.787668" lon="-99.773549">
        <ele>511.8</ele>
      </trkpt>
      <trkpt lat="29.787668" lon="-99.773549">
        <ele>511.8</ele>
      </trkpt>
      <trkpt lat="29.787347" lon="-99.772744">
        <ele>508.8</ele>
      </trkpt>
      <trkpt lat="29.787347" lon="-99.772744">
        <ele>508.8</ele>
      </trkpt>
      <trkpt lat="29.787696" lon="-99.772305">
        <ele>508.4</ele>
      </trkpt>
      <trkpt lat="29.787696" lon="-99.772305">
        <ele>508.4</ele>
      </trkpt>
      <trkpt lat="29.788375" lon="-99.771963">
        <ele>509.3</ele>
      </trkpt>
      <trkpt lat="29.788375" lon="-99.771963">
        <ele>509.3</ele>
      </trkpt>
      <trkpt lat="29.788375" lon="-99.771963">
        <ele>509.3</ele>
      </trkpt>
      <trkpt lat="29.789339" lon="-99.771405">
        <ele>512.1</ele>
      </trkpt>
      <trkpt lat="29.789339" lon="-99.771405">
        <ele>512.1</ele>
      </trkpt>
      <trkpt lat="29.789716" lon="-99.770998">
        <ele>508.6</ele>
      </trkpt>
      <trkpt lat="29.789716" lon="-99.770998">
        <ele>508.6</ele>
      </trkpt>
      <trkpt lat="29.7898" lon="-99.771027">
        <ele>508.6</ele>
      </trkpt>
      <trkpt lat="29.7898" lon="-99.771027">
        <ele>508.6</ele>
      </trkpt>
      <trkpt lat="29.789965" lon="-99.771424">
        <ele>509.8</ele>
      </trkpt>
      <trkpt lat="29.789965" lon="-99.771424">
        <ele>509.8</ele>
      </trkpt>
      <trkpt lat="29.790251" lon="-99.77174">
        <ele>510.6</ele>
      </trkpt>
      <trkpt lat="29.790251" lon="-99.77174">
        <ele>510.6</ele>
      </trkpt>
      <trkpt lat="29.790659" lon="-99.771842">
        <ele>511.8</ele>
      </trkpt>
      <trkpt lat="29.790659" lon="-99.771842">
        <ele>511.8</ele>
      </trkpt>
      <trkpt lat="29.7909" lon="-99.771952">
        <ele>512.3</ele>
      </trkpt>
      <trkpt lat="29.7909" lon="-99.771952">
        <ele>512.3</ele>
      </trkpt>
      <trkpt lat="29.791032" lon="-99.772167">
        <ele>512.8</ele>
      </trkpt>
      <trkpt lat="29.791032" lon="-99.772167">
        <ele>512.8</ele>
      </trkpt>
      <trkpt lat="29.791216" lon="-99.772467">
        <ele>513.9</ele>
      </trkpt>
      <trkpt lat="29.791216" lon="-99.772467">
        <ele>513.9</ele>
      </trkpt>
      <trkpt lat="29.791673" lon="-99.772493">
        <ele>513.8</ele>
      </trkpt>
      <trkpt lat="29.791673" lon="-99.772493">
        <ele>513.8</ele>
      </trkpt>
      <trkpt lat="29.792056" lon="-99.772811">
        <ele>519.7</ele>
      </trkpt>
      <trkpt lat="29.792056" lon="-99.772811">
        <ele>519.7</ele>
      </trkpt>
      <trkpt lat="29.792183" lon="-99.773059">
        <ele>520.6</ele>
      </trkpt>
      <trkpt lat="29.792183" lon="-99.773059">
        <ele>520.6</ele>
      </trkpt>
      <trkpt lat="29.792469" lon="-99.773306">
        <ele>521.9</ele>
      </trkpt>
      <trkpt lat="29.792469" lon="-99.773306">
        <ele>521.9</ele>
      </trkpt>
      <trkpt lat="29.792469" lon="-99.773306">
        <ele>521.9</ele>
      </trkpt>
      <trkpt lat="29.793184" lon="-99.77418">
        <ele>522.5</ele>
      </trkpt>
      <trkpt lat="29.793184" lon="-99.77418">
        <ele>522.5</ele>
      </trkpt>
      <trkpt lat="29.793687" lon="-99.774604">
        <ele>522.8</ele>
      </trkpt>
      <trkpt lat="29.793687" lon="-99.774604">
        <ele>522.8</ele>
      </trkpt>
      <trkpt lat="29.793958" lon="-99.775135">
        <ele>521.7</ele>
      </trkpt>
      <trkpt lat="29.793958" lon="-99.775135">
        <ele>521.7</ele>
      </trkpt>
      <trkpt lat="29.794214" lon="-99.775414">
        <ele>521.1</ele>
      </trkpt>
      <trkpt lat="29.794214" lon="-99.775414">
        <ele>521.1</ele>
      </trkpt>
      <trkpt lat="29.794463" lon="-99.775527">
        <ele>520.6</ele>
      </trkpt>
      <trkpt lat="29.794463" lon="-99.775527">
        <ele>520.6</ele>
      </trkpt>
      <trkpt lat="29.79473" lon="-99.775704">
        <ele>519.5</ele>
      </trkpt>
      <trkpt lat="29.79473" lon="-99.775704">
        <ele>519.5</ele>
      </trkpt>
      <trkpt lat="29.794969" lon="-99.775664">
        <ele>519.5</ele>
      </trkpt>
      <trkpt lat="29.794969" lon="-99.775664">
        <ele>519.5</ele>
      </trkpt>
      <trkpt lat="29.795441" lon="-99.775775">
        <ele>518.6</ele>
      </trkpt>
      <trkpt lat="29.795441" lon="-99.775775">
        <ele>518.6</ele>
      </trkpt>
      <trkpt lat="29.796088" lon="-99.775865">
        <ele>518.1</ele>
      </trkpt>
      <trkpt lat="29.796088" lon="-99.775865">
        <ele>518.1</ele>
      </trkpt>
      <trkpt lat="29.796407" lon="-99.77579">
        <ele>517.9</ele>
      </trkpt>
      <trkpt lat="29.796407" lon="-99.77579">
        <ele>517.9</ele>
      </trkpt>
      <trkpt lat="29.796791" lon="-99.775779">
        <ele>517.5</ele>
      </trkpt>
      <trkpt lat="29.796791" lon="-99.775779">
        <ele>517.5</ele>
      </trkpt>
      <trkpt lat="29.797154" lon="-99.775659">
        <ele>517.4</ele>
      </trkpt>
      <trkpt lat="29.797154" lon="-99.775659">
        <ele>517.4</ele>
      </trkpt>
      <trkpt lat="29.79734" lon="-99.775647">
        <ele>517.4</ele>
      </trkpt>
      <trkpt lat="29.79734" lon="-99.775647">
        <ele>517.4</ele>
      </trkpt>
      <trkpt lat="29.797756" lon="-99.775615">
        <ele>517.4</ele>
      </trkpt>
      <trkpt lat="29.797756" lon="-99.775615">
        <ele>517.4</ele>
      </trkpt>
      <trkpt lat="29.798123" lon="-99.775629">
        <ele>517.5</ele>
      </trkpt>
      <trkpt lat="29.798123" lon="-99.775629">
        <ele>517.5</ele>
      </trkpt>
      <trkpt lat="29.798186" lon="-99.775538">
        <ele>517.7</ele>
      </trkpt>
      <trkpt lat="29.798186" lon="-99.775538">
        <ele>517.7</ele>
      </trkpt>
      <trkpt lat="29.798119" lon="-99.775296">
        <ele>517.8</ele>
      </trkpt>
      <trkpt lat="29.798119" lon="-99.775296">
        <ele>517.8</ele>
      </trkpt>
      <trkpt lat="29.797995" lon="-99.774953">
        <ele>519.0</ele>
      </trkpt>
      <trkpt lat="29.797995" lon="-99.774953">
        <ele>519.0</ele>
      </trkpt>
      <trkpt lat="29.798054" lon="-99.774835">
        <ele>519.5</ele>
      </trkpt>
      <trkpt lat="29.798054" lon="-99.774835">
        <ele>519.5</ele>
      </trkpt>
      <trkpt lat="29.798205" lon="-99.774803">
        <ele>519.7</ele>
      </trkpt>
      <trkpt lat="29.798205" lon="-99.774803">
        <ele>519.7</ele>
      </trkpt>
      <trkpt lat="29.798496" lon="-99.774808">
        <ele>519.2</ele>
      </trkpt>
      <trkpt lat="29.798496" lon="-99.774808">
        <ele>519.2</ele>
      </trkpt>
      <trkpt lat="29.798717" lon="-99.774631">
        <ele>519.4</ele>
      </trkpt>
      <trkpt lat="29.798717" lon="-99.774631">
        <ele>519.4</ele>
      </trkpt>
      <trkpt lat="29.799013" lon="-99.774567">
        <ele>518.1</ele>
      </trkpt>
      <trkpt lat="29.799013" lon="-99.774567">
        <ele>518.1</ele>
      </trkpt>
      <trkpt lat="29.799168" lon="-99.774615">
        <ele>517.8</ele>
      </trkpt>
      <trkpt lat="29.799168" lon="-99.774615">
        <ele>517.8</ele>
      </trkpt>
      <trkpt lat="29.799222" lon="-99.774915">
        <ele>518.1</ele>
      </trkpt>
      <trkpt lat="29.799222" lon="-99.774915">
        <ele>518.1</ele>
      </trkpt>
      <trkpt lat="29.799215" lon="-99.775205">
        <ele>518.0</ele>
      </trkpt>
      <trkpt lat="29.799215" lon="-99.775205">
        <ele>518.0</ele>
      </trkpt>
      <trkpt lat="29.798966" lon="-99.775446">
        <ele>518.5</ele>
      </trkpt>
      <trkpt lat="29.798966" lon="-99.775446">
        <ele>518.5</ele>
      </trkpt>
      <trkpt lat="29.798535" lon="-99.775715">
        <ele>518.2</ele>
      </trkpt>
      <trkpt lat="29.798535" lon="-99.775715">
        <ele>518.2</ele>
      </trkpt>
      <trkpt lat="29.798328" lon="-99.775833">
        <ele>518.0</ele>
      </trkpt>
      <trkpt lat="29.798328" lon="-99.775833">
        <ele>518.0</ele>
      </trkpt>
      <trkpt lat="29.79834" lon="-99.775919">
        <ele>518.1</ele>
      </trkpt>
      <trkpt lat="29.79834" lon="-99.775919">
        <ele>518.1</ele>
      </trkpt>
      <trkpt lat="29.798612" lon="-99.776203">
        <ele>518.5</ele>
      </trkpt>
      <trkpt lat="29.798612" lon="-99.776203">
        <ele>518.5</ele>
      </trkpt>
      <trkpt lat="29.798694" lon="-99.776455">
        <ele>518.7</ele>
      </trkpt>
      <trkpt lat="29.798694" lon="-99.776455">
        <ele>518.7</ele>
      </trkpt>
      <trkpt lat="29.798673" lon="-99.776771">
        <ele>518.9</ele>
      </trkpt>
      <trkpt lat="29.798673" lon="-99.776771">
        <ele>518.9</ele>
      </trkpt>
      <trkpt lat="29.798587" lon="-99.777303">
        <ele>519.5</ele>
      </trkpt>
      <trkpt lat="29.798587" lon="-99.777303">
        <ele>519.5</ele>
      </trkpt>
      <trkpt lat="29.798373" lon="-99.77791">
        <ele>520.0</ele>
      </trkpt>
      <trkpt lat="29.798373" lon="-99.77791">
        <ele>520.0</ele>
      </trkpt>
      <trkpt lat="29.798084" lon="-99.778478">
        <ele>520.2</ele>
      </trkpt>
      <trkpt lat="29.798084" lon="-99.778478">
        <ele>520.2</ele>
      </trkpt>
      <trkpt lat="29.797737" lon="-99.778902">
        <ele>520.1</ele>
      </trkpt>
      <trkpt lat="29.797737" lon="-99.778902">
        <ele>520.1</ele>
      </trkpt>
      <trkpt lat="29.797493" lon="-99.779369">
        <ele>520.1</ele>
      </trkpt>
      <trkpt lat="29.797493" lon="-99.779369">
        <ele>520.1</ele>
      </trkpt>
      <trkpt lat="29.797253" lon="-99.779986">
        <ele>520.1</ele>
      </trkpt>
      <trkpt lat="29.797253" lon="-99.779986">
        <ele>520.1</ele>
      </trkpt>
      <trkpt lat="29.797151" lon="-99.780238">
        <ele>520.2</ele>
      </trkpt>
      <trkpt lat="29.797151" lon="-99.780238">
        <ele>520.2</ele>
      </trkpt>
      <trkpt lat="29.796925" lon="-99.780511">
        <ele>520.0</ele>
      </trkpt>
      <trkpt lat="29.796925" lon="-99.780511">
        <ele>520.0</ele>
      </trkpt>
      <trkpt lat="29.796759" lon="-99.780646">
        <ele>519.9</ele>
      </trkpt>
      <trkpt lat="29.796759" lon="-99.780646">
        <ele>519.9</ele>
      </trkpt>
      <trkpt lat="29.796254" lon="-99.780822">
        <ele>519.3</ele>
      </trkpt>
      <trkpt lat="29.796254" lon="-99.780822">
        <ele>519.3</ele>
      </trkpt>
      <trkpt lat="29.795909" lon="-99.780823">
        <ele>518.9</ele>
      </trkpt>
      <trkpt lat="29.795909" lon="-99.780823">
        <ele>518.9</ele>
      </trkpt>
      <trkpt lat="29.795725" lon="-99.781182">
        <ele>518.8</ele>
      </trkpt>
      <trkpt lat="29.795725" lon="-99.781182">
        <ele>518.8</ele>
      </trkpt>
      <trkpt lat="29.795527" lon="-99.781182">
        <ele>518.5</ele>
      </trkpt>
      <trkpt lat="29.795527" lon="-99.781182">
        <ele>518.5</ele>
      </trkpt>
      <trkpt lat="29.795325" lon="-99.781043">
        <ele>518.3</ele>
      </trkpt>
      <trkpt lat="29.795325" lon="-99.781043">
        <ele>518.3</ele>
      </trkpt>
      <trkpt lat="29.795253" lon="-99.780941">
        <ele>518.2</ele>
      </trkpt>
      <trkpt lat="29.795253" lon="-99.780941">
        <ele>518.2</ele>
      </trkpt>
      <trkpt lat="29.795022" lon="-99.780742">
        <ele>517.8</ele>
      </trkpt>
      <trkpt lat="29.795022" lon="-99.780742">
        <ele>517.8</ele>
      </trkpt>
      <trkpt lat="29.794602" lon="-99.780559">
        <ele>517.0</ele>
      </trkpt>
      <trkpt lat="29.794602" lon="-99.780559">
        <ele>517.0</ele>
      </trkpt>
      <trkpt lat="29.794227" lon="-99.780431">
        <ele>516.2</ele>
      </trkpt>
      <trkpt lat="29.794227" lon="-99.780431">
        <ele>516.2</ele>
      </trkpt>
      <trkpt lat="29.794029" lon="-99.780205">
        <ele>515.6</ele>
      </trkpt>
      <trkpt lat="29.794029" lon="-99.780205">
        <ele>515.6</ele>
      </trkpt>
      <trkpt lat="29.793938" lon="-99.780135">
        <ele>515.4</ele>
      </trkpt>
      <trkpt lat="29.793938" lon="-99.780135">
        <ele>515.4</ele>
      </trkpt>
      <trkpt lat="29.794234" lon="-99.780098">
        <ele>515.9</ele>
      </trkpt>
      <trkpt lat="29.794234" lon="-99.780098">
        <ele>515.9</ele>
      </trkpt>
      <trkpt lat="29.794343" lon="-99.780007">
        <ele>516.0</ele>
      </trkpt>
      <trkpt lat="29.794343" lon="-99.780007">
        <ele>516.0</ele>
      </trkpt>
      <trkpt lat="29.794513" lon="-99.779739">
        <ele>516.1</ele>
      </trkpt>
      <trkpt lat="29.794513" lon="-99.779739">
        <ele>516.1</ele>
      </trkpt>
      <trkpt lat="29.794572" lon="-99.779655">
        <ele>516.2</ele>
      </trkpt>
      <trkpt lat="29.794572" lon="-99.779655">
        <ele>516.2</ele>
      </trkpt>
      <trkpt lat="29.795193" lon="-99.779288">
        <ele>517.0</ele>
      </trkpt>
      <trkpt lat="29.795193" lon="-99.779288">
        <ele>517.0</ele>
      </trkpt>
      <trkpt lat="29.7954" lon="-99.779111">
        <ele>517.2</ele>
      </trkpt>
      <trkpt lat="29.7954" lon="-99.779111">
        <ele>517.2</ele>
      </trkpt>
      <trkpt lat="29.7957" lon="-99.778494">
        <ele>517.3</ele>
      </trkpt>
      <trkpt lat="29.7957" lon="-99.778494">
        <ele>517.3</ele>
      </trkpt>
      <trkpt lat="29.79611" lon="-99.778196">
        <ele>517.6</ele>
      </trkpt>
      <trkpt lat="29.79611" lon="-99.778196">
        <ele>517.6</ele>
      </trkpt>
      <trkpt lat="29.796269" lon="-99.778018">
        <ele>517.7</ele>
      </trkpt>
      <trkpt lat="29.796269" lon="-99.778018">
        <ele>517.7</ele>
      </trkpt>
      <trkpt lat="29.796461" lon="-99.777879">
        <ele>517.8</ele>
      </trkpt>
      <trkpt lat="29.796461" lon="-99.777879">
        <ele>517.8</ele>
      </trkpt>
      <trkpt lat="29.796866" lon="-99.777559">
        <ele>518.0</ele>
      </trkpt>
      <trkpt lat="29.796866" lon="-99.777559">
        <ele>518.0</ele>
      </trkpt>
      <trkpt lat="29.797148" lon="-99.777272">
        <ele>518.0</ele>
      </trkpt>
      <trkpt lat="29.797148" lon="-99.777272">
        <ele>518.0</ele>
      </trkpt>
      <trkpt lat="29.79735" lon="-99.777007">
        <ele>517.9</ele>
      </trkpt>
      <trkpt lat="29.79735" lon="-99.777007">
        <ele>517.9</ele>
      </trkpt>
      <trkpt lat="29.797599" lon="-99.77682">
        <ele>517.9</ele>
      </trkpt>
      <trkpt lat="29.797599" lon="-99.77682">
        <ele>517.9</ele>
      </trkpt>
      <trkpt lat="29.797751" lon="-99.776519">
        <ele>517.8</ele>
      </trkpt>
      <trkpt lat="29.797751" lon="-99.776519">
        <ele>517.8</ele>
      </trkpt>
      <trkpt lat="29.79786" lon="-99.776401">
        <ele>517.8</ele>
      </trkpt>
      <trkpt lat="29.79786" lon="-99.776401">
        <ele>517.8</ele>
      </trkpt>
      <trkpt lat="29.7979" lon="-99.776235">
        <ele>517.7</ele>
      </trkpt>
      <trkpt lat="29.7979" lon="-99.776235">
        <ele>517.7</ele>
      </trkpt>
      <trkpt lat="29.798065" lon="-99.776031">
        <ele>517.8</ele>
      </trkpt>
      <trkpt lat="29.798065" lon="-99.776031">
        <ele>517.8</ele>
      </trkpt>
      <trkpt lat="29.798016" lon="-99.776004">
        <ele>517.7</ele>
      </trkpt>
      <trkpt lat="29.798016" lon="-99.776004">
        <ele>517.7</ele>
      </trkpt>
      <trkpt lat="29.79759" lon="-99.776159">
        <ele>517.4</ele>
      </trkpt>
      <trkpt lat="29.79759" lon="-99.776159">
        <ele>517.4</ele>
      </trkpt>
      <trkpt lat="29.797278" lon="-99.776245">
        <ele>517.3</ele>
      </trkpt>
      <trkpt lat="29.797278" lon="-99.776245">
        <ele>517.3</ele>
      </trkpt>
      <trkpt lat="29.796642" lon="-99.776422">
        <ele>517.3</ele>
      </trkpt>
      <trkpt lat="29.796642" lon="-99.776422">
        <ele>517.3</ele>
      </trkpt>
      <trkpt lat="29.796191" lon="-99.776472">
        <ele>517.3</ele>
      </trkpt>
      <trkpt lat="29.796191" lon="-99.776472">
        <ele>517.3</ele>
      </trkpt>
      <trkpt lat="29.79583" lon="-99.776553">
        <ele>517.4</ele>
      </trkpt>
      <trkpt lat="29.79583" lon="-99.776553">
        <ele>517.4</ele>
      </trkpt>
      <trkpt lat="29.795297" lon="-99.776585">
        <ele>517.4</ele>
      </trkpt>
      <trkpt lat="29.795297" lon="-99.776585">
        <ele>517.4</ele>
      </trkpt>
      <trkpt lat="29.794711" lon="-99.776837">
        <ele>517.0</ele>
      </trkpt>
      <trkpt lat="29.794711" lon="-99.776837">
        <ele>517.0</ele>
      </trkpt>
      <trkpt lat="29.793875" lon="-99.777019">
        <ele>516.6</ele>
      </trkpt>
      <trkpt lat="29.793875" lon="-99.777019">
        <ele>516.6</ele>
      </trkpt>
      <trkpt lat="29.793547" lon="-99.777026">
        <ele>516.5</ele>
      </trkpt>
      <trkpt lat="29.793547" lon="-99.777026">
        <ele>516.5</ele>
      </trkpt>
      <trkpt lat="29.793149" lon="-99.776854">
        <ele>516.4</ele>
      </trkpt>
      <trkpt lat="29.793149" lon="-99.776854">
        <ele>516.4</ele>
      </trkpt>
      <trkpt lat="29.792875" lon="-99.77686">
        <ele>516.1</ele>
      </trkpt>
      <trkpt lat="29.792875" lon="-99.77686">
        <ele>516.1</ele>
      </trkpt>
      <trkpt lat="29.792301" lon="-99.777089">
        <ele>515.2</ele>
      </trkpt>
      <trkpt lat="29.792301" lon="-99.777089">
        <ele>515.2</ele>
      </trkpt>
      <trkpt lat="29.792096" lon="-99.77725">
        <ele>514.8</ele>
      </trkpt>
      <trkpt lat="29.792096" lon="-99.77725">
        <ele>514.8</ele>
      </trkpt>
      <trkpt lat="29.792133" lon="-99.777604">
        <ele>514.5</ele>
      </trkpt>
      <trkpt lat="29.792133" lon="-99.777604">
        <ele>514.5</ele>
      </trkpt>
      <trkpt lat="29.792371" lon="-99.778162">
        <ele>514.1</ele>
      </trkpt>
      <trkpt lat="29.792371" lon="-99.778162">
        <ele>514.1</ele>
      </trkpt>
      <trkpt lat="29.792487" lon="-99.778881">
        <ele>513.4</ele>
      </trkpt>
      <trkpt lat="29.792487" lon="-99.778881">
        <ele>513.4</ele>
      </trkpt>
      <trkpt lat="29.792594" lon="-99.779707">
        <ele>512.5</ele>
      </trkpt>
      <trkpt lat="29.792594" lon="-99.779707">
        <ele>512.5</ele>
      </trkpt>
      <trkpt lat="29.792496" lon="-99.780361">
        <ele>512.6</ele>
      </trkpt>
      <trkpt lat="29.792496" lon="-99.780361">
        <ele>512.6</ele>
      </trkpt>
      <trkpt lat="29.792668" lon="-99.780823">
        <ele>514.4</ele>
      </trkpt>
      <trkpt lat="29.792668" lon="-99.780823">
        <ele>514.4</ele>
      </trkpt>
      <trkpt lat="29.793213" lon="-99.781402">
        <ele>516.5</ele>
      </trkpt>
      <trkpt lat="29.793213" lon="-99.781402">
        <ele>516.5</ele>
      </trkpt>
      <trkpt lat="29.793413" lon="-99.781767">
        <ele>517.8</ele>
      </trkpt>
      <trkpt lat="29.793413" lon="-99.781767">
        <ele>517.8</ele>
      </trkpt>
      <trkpt lat="29.793753" lon="-99.782024">
        <ele>518.6</ele>
      </trkpt>
      <trkpt lat="29.793753" lon="-99.782024">
        <ele>518.6</ele>
      </trkpt>
      <trkpt lat="29.793887" lon="-99.782427">
        <ele>519.6</ele>
      </trkpt>
      <trkpt lat="29.79409" lon="-99.7825">
        <ele>519.8</ele>
      </trkpt>
      <trkpt lat="29.79412" lon="-99.78251">
        <ele>519.8</ele>
      </trkpt>
      <trkpt lat="29.79439" lon="-99.78262">
        <ele>520.2</ele>
      </trkpt>
      <trkpt lat="29.79461" lon="-99.78268">
        <ele>520.4</ele>
      </trkpt>
      <trkpt lat="29.79469" lon="-99.78269">
        <ele>520.5</ele>
      </trkpt>
      <trkpt lat="29.79486" lon="-99.78272">
        <ele>520.6</ele>
      </trkpt>
      <trkpt lat="29.79495" lon="-99.78272">
        <ele>520.6</ele>
      </trkpt>
      <trkpt lat="29.7952" lon="-99.78271">
        <ele>520.7</ele>
      </trkpt>
      <trkpt lat="29.79538" lon="-99.78267">
        <ele>520.6</ele>
      </trkpt>
      <trkpt lat="29.79543" lon="-99.78266">
        <ele>520.6</ele>
      </trkpt>
      <trkpt lat="29.79558" lon="-99.78262">
        <ele>520.5</ele>
      </trkpt>
      <trkpt lat="29.79594" lon="-99.78253">
        <ele>520.4</ele>
      </trkpt>
      <trkpt lat="29.7961" lon="-99.78249">
        <ele>520.4</ele>
      </trkpt>
      <trkpt lat="29.79627" lon="-99.78244">
        <ele>520.4</ele>
      </trkpt>
      <trkpt lat="29.7963" lon="-99.78243">
        <ele>520.4</ele>
      </trkpt>
      <trkpt lat="29.79645" lon="-99.7824">
        <ele>520.5</ele>
      </trkpt>
      <trkpt lat="29.79676" lon="-99.78232">
        <ele>520.6</ele>
      </trkpt>
      <trkpt lat="29.79683" lon="-99.7823">
        <ele>520.6</ele>
      </trkpt>
      <trkpt lat="29.79705" lon="-99.78223">
        <ele>520.9</ele>
      </trkpt>
      <trkpt lat="29.79708" lon="-99.78222">
        <ele>520.9</ele>
      </trkpt>
      <trkpt lat="29.79714" lon="-99.78219">
        <ele>521.0</ele>
      </trkpt>
      <trkpt lat="29.79718" lon="-99.78218">
        <ele>521.0</ele>
      </trkpt>
      <trkpt lat="29.79721" lon="-99.78217">
        <ele>521.1</ele>
      </trkpt>
      <trkpt lat="29.79731" lon="-99.78213">
        <ele>521.2</ele>
      </trkpt>
      <trkpt lat="29.79731" lon="-99.78212">
        <ele>521.2</ele>
      </trkpt>
      <trkpt lat="29.79742" lon="-99.78207">
        <ele>521.4</ele>
      </trkpt>
      <trkpt lat="29.79749" lon="-99.78202">
        <ele>521.5</ele>
      </trkpt>
      <trkpt lat="29.79759" lon="-99.78194">
        <ele>521.7</ele>
      </trkpt>
      <trkpt lat="29.79766" lon="-99.78188">
        <ele>521.8</ele>
      </trkpt>
      <trkpt lat="29.79776" lon="-99.78178">
        <ele>521.9</ele>
      </trkpt>
      <trkpt lat="29.79796" lon="-99.78153">
        <ele>522.1</ele>
      </trkpt>
      <trkpt lat="29.79816" lon="-99.7813">
        <ele>522.2</ele>
      </trkpt>
      <trkpt lat="29.79827" lon="-99.78117">
        <ele>522.3</ele>
      </trkpt>
      <trkpt lat="29.79828" lon="-99.78115">
        <ele>522.3</ele>
      </trkpt>
      <trkpt lat="29.79841" lon="-99.78101">
        <ele>522.3</ele>
      </trkpt>
      <trkpt lat="29.79854" lon="-99.78086">
        <ele>522.2</ele>
      </trkpt>
      <trkpt lat="29.79865" lon="-99.78072">
        <ele>522.1</ele>
      </trkpt>
      <trkpt lat="29.79866" lon="-99.78071">
        <ele>522.1</ele>
      </trkpt>
      <trkpt lat="29.79879" lon="-99.78056">
        <ele>522.2</ele>
      </trkpt>
      <trkpt lat="29.79904" lon="-99.78027">
        <ele>522.3</ele>
      </trkpt>
      <trkpt lat="29.79916" lon="-99.78013">
        <ele>522.4</ele>
      </trkpt>
      <trkpt lat="29.79917" lon="-99.78012">
        <ele>522.4</ele>
      </trkpt>
      <trkpt lat="29.79963" lon="-99.77956">
        <ele>522.8</ele>
      </trkpt>
      <trkpt lat="29.79992" lon="-99.77922">
        <ele>522.9</ele>
      </trkpt>
      <trkpt lat="29.80017" lon="-99.77893">
        <ele>523.0</ele>
      </trkpt>
      <trkpt lat="29.80018" lon="-99.77892">
        <ele>523.0</ele>
      </trkpt>
      <trkpt lat="29.80029" lon="-99.77878">
        <ele>522.9</ele>
      </trkpt>
      <trkpt lat="29.80052" lon="-99.77851">
        <ele>522.9</ele>
      </trkpt>
      <trkpt lat="29.80067" lon="-99.77831">
        <ele>522.7</ele>
      </trkpt>
      <trkpt lat="29.80078" lon="-99.77817">
        <ele>522.6</ele>
      </trkpt>
      <trkpt lat="29.80078" lon="-99.77816">
        <ele>522.6</ele>
      </trkpt>
      <trkpt lat="29.80087" lon="-99.77802">
        <ele>522.5</ele>
      </trkpt>
      <trkpt lat="29.80088" lon="-99.778">
        <ele>522.5</ele>
      </trkpt>
      <trkpt lat="29.80098" lon="-99.77782">
        <ele>522.4</ele>
      </trkpt>
      <trkpt lat="29.80102" lon="-99.77773">
        <ele>522.3</ele>
      </trkpt>
      <trkpt lat="29.80114" lon="-99.77747">
        <ele>522.2</ele>
      </trkpt>
      <trkpt lat="29.80136" lon="-99.77694">
        <ele>522.0</ele>
      </trkpt>
      <trkpt lat="29.8016" lon="-99.77633">
        <ele>522.1</ele>
      </trkpt>
      <trkpt lat="29.8019" lon="-99.7756">
        <ele>522.7</ele>
      </trkpt>
      <trkpt lat="29.80191" lon="-99.77556">
        <ele>522.8</ele>
      </trkpt>
      <trkpt lat="29.80191" lon="-99.77556">
        <ele>522.8</ele>
      </trkpt>
      <trkpt lat="29.80206" lon="-99.77521">
        <ele>523.2</ele>
      </trkpt>
      <trkpt lat="29.8022" lon="-99.77492">
        <ele>523.7</ele>
      </trkpt>
      <trkpt lat="29.80226" lon="-99.77481">
        <ele>523.9</ele>
      </trkpt>
      <trkpt lat="29.8024" lon="-99.77459">
        <ele>524.1</ele>
      </trkpt>
      <trkpt lat="29.80251" lon="-99.77444">
        <ele>524.1</ele>
      </trkpt>
      <trkpt lat="29.80258" lon="-99.77436">
        <ele>524.0</ele>
      </trkpt>
      <trkpt lat="29.80259" lon="-99.77434">
        <ele>524.0</ele>
      </trkpt>
      <trkpt lat="29.8027" lon="-99.77421">
        <ele>523.9</ele>
      </trkpt>
      <trkpt lat="29.80289" lon="-99.77402">
        <ele>523.8</ele>
      </trkpt>
      <trkpt lat="29.80312" lon="-99.7738">
        <ele>523.8</ele>
      </trkpt>
      <trkpt lat="29.80339" lon="-99.77354">
        <ele>523.7</ele>
      </trkpt>
      <trkpt lat="29.80353" lon="-99.77341">
        <ele>523.9</ele>
      </trkpt>
      <trkpt lat="29.8037" lon="-99.77324">
        <ele>524.1</ele>
      </trkpt>
      <trkpt lat="29.80422" lon="-99.77275">
        <ele>527.4</ele>
      </trkpt>
      <trkpt lat="29.80508" lon="-99.77195">
        <ele>533.4</ele>
      </trkpt>
      <trkpt lat="29.80522" lon="-99.77182">
        <ele>533.9</ele>
      </trkpt>
      <trkpt lat="29.8055" lon="-99.77155">
        <ele>534.4</ele>
      </trkpt>
      <trkpt lat="29.80564" lon="-99.77142">
        <ele>534.1</ele>
      </trkpt>
      <trkpt lat="29.80568" lon="-99.77139">
        <ele>534.1</ele>
      </trkpt>
      <trkpt lat="29.80578" lon="-99.77129">
        <ele>533.6</ele>
      </trkpt>
      <trkpt lat="29.80592" lon="-99.77116">
        <ele>532.6</ele>
      </trkpt>
      <trkpt lat="29.80605" lon="-99.77102">
        <ele>531.2</ele>
      </trkpt>
      <trkpt lat="29.80615" lon="-99.77093">
        <ele>530.0</ele>
      </trkpt>
      <trkpt lat="29.80631" lon="-99.77079">
        <ele>528.4</ele>
      </trkpt>
      <trkpt lat="29.80641" lon="-99.77073">
        <ele>527.7</ele>
      </trkpt>
      <trkpt lat="29.80651" lon="-99.77067">
        <ele>527.0</ele>
      </trkpt>
      <trkpt lat="29.80657" lon="-99.77065">
        <ele>526.8</ele>
      </trkpt>
      <trkpt lat="29.80662" lon="-99.77064">
        <ele>527.2</ele>
      </trkpt>
      <trkpt lat="29.80667" lon="-99.77064">
        <ele>527.9</ele>
      </trkpt>
      <trkpt lat="29.80675" lon="-99.77064">
        <ele>531.2</ele>
      </trkpt>
      <trkpt lat="29.80685" lon="-99.77065">
        <ele>532.4</ele>
      </trkpt>
      <trkpt lat="29.80686" lon="-99.77065">
        <ele>532.4</ele>
      </trkpt>
      <trkpt lat="29.80692" lon="-99.77066">
        <ele>532.4</ele>
      </trkpt>
      <trkpt lat="29.80708" lon="-99.77072">
        <ele>532.6</ele>
      </trkpt>
      <trkpt lat="29.80737" lon="-99.77084">
        <ele>532.1</ele>
      </trkpt>
      <trkpt lat="29.80747" lon="-99.77089">
        <ele>532.1</ele>
      </trkpt>
      <trkpt lat="29.80808" lon="-99.77115">
        <ele>530.6</ele>
      </trkpt>
      <trkpt lat="29.80821" lon="-99.77121">
        <ele>530.0</ele>
      </trkpt>
      <trkpt lat="29.80838" lon="-99.77128">
        <ele>528.7</ele>
      </trkpt>
      <trkpt lat="29.80848" lon="-99.77133">
        <ele>528.1</ele>
      </trkpt>
      <trkpt lat="29.80854" lon="-99.77136">
        <ele>527.7</ele>
      </trkpt>
      <trkpt lat="29.8087" lon="-99.77143">
        <ele>526.7</ele>
      </trkpt>
      <trkpt lat="29.80871" lon="-99.77144">
        <ele>526.7</ele>
      </trkpt>
      <trkpt lat="29.8088" lon="-99.77149">
        <ele>526.4</ele>
      </trkpt>
      <trkpt lat="29.8088" lon="-99.77149">
        <ele>526.4</ele>
      </trkpt>
      <trkpt lat="29.80882" lon="-99.7715">
        <ele>526.3</ele>
      </trkpt>
      <trkpt lat="29.80887" lon="-99.77153">
        <ele>526.1</ele>
      </trkpt>
      <trkpt lat="29.80897" lon="-99.77161">
        <ele>526.1</ele>
      </trkpt>
      <trkpt lat="29.80912" lon="-99.77174">
        <ele>526.1</ele>
      </trkpt>
      <trkpt lat="29.80929" lon="-99.7719">
        <ele>525.8</ele>
      </trkpt>
      <trkpt lat="29.8093" lon="-99.77191">
        <ele>525.8</ele>
      </trkpt>
      <trkpt lat="29.80943" lon="-99.77205">
        <ele>525.6</ele>
      </trkpt>
      <trkpt lat="29.80951" lon="-99.77212">
        <ele>525.3</ele>
      </trkpt>
      <trkpt lat="29.80957" lon="-99.77218">
        <ele>525.3</ele>
      </trkpt>
      <trkpt lat="29.80971" lon="-99.77233">
        <ele>525.1</ele>
      </trkpt>
      <trkpt lat="29.80983" lon="-99.77246">
        <ele>525.0</ele>
      </trkpt>
      <trkpt lat="29.8099" lon="-99.77254">
        <ele>524.9</ele>
      </trkpt>
      <trkpt lat="29.80996" lon="-99.77261">
        <ele>524.9</ele>
      </trkpt>
      <trkpt lat="29.8101" lon="-99.77279">
        <ele>524.7</ele>
      </trkpt>
      <trkpt lat="29.81019" lon="-99.77292">
        <ele>524.9</ele>
      </trkpt>
      <trkpt lat="29.81031" lon="-99.77308">
        <ele>524.9</ele>
      </trkpt>
      <trkpt lat="29.81054" lon="-99.7734">
        <ele>524.7</ele>
      </trkpt>
      <trkpt lat="29.81068" lon="-99.77359">
        <ele>525.0</ele>
      </trkpt>
      <trkpt lat="29.81079" lon="-99.77373">
        <ele>525.2</ele>
      </trkpt>
      <trkpt lat="29.81093" lon="-99.77389">
        <ele>525.5</ele>
      </trkpt>
      <trkpt lat="29.811" lon="-99.77396">
        <ele>525.6</ele>
      </trkpt>
      <trkpt lat="29.81101" lon="-99.77397">
        <ele>525.7</ele>
      </trkpt>
      <trkpt lat="29.81113" lon="-99.77408">
        <ele>525.8</ele>
      </trkpt>
      <trkpt lat="29.81126" lon="-99.77418">
        <ele>526.0</ele>
      </trkpt>
      <trkpt lat="29.81138" lon="-99.77426">
        <ele>526.1</ele>
      </trkpt>
      <trkpt lat="29.81145" lon="-99.7743">
        <ele>526.2</ele>
      </trkpt>
      <trkpt lat="29.81153" lon="-99.77435">
        <ele>526.2</ele>
      </trkpt>
      <trkpt lat="29.81171" lon="-99.77443">
        <ele>526.3</ele>
      </trkpt>
      <trkpt lat="29.81192" lon="-99.77449">
        <ele>526.6</ele>
      </trkpt>
      <trkpt lat="29.81206" lon="-99.77452">
        <ele>526.7</ele>
      </trkpt>
      <trkpt lat="29.8122" lon="-99.77454">
        <ele>526.8</ele>
      </trkpt>
      <trkpt lat="29.81241" lon="-99.77456">
        <ele>526.9</ele>
      </trkpt>
      <trkpt lat="29.81278" lon="-99.77461">
        <ele>527.1</ele>
      </trkpt>
      <trkpt lat="29.81297" lon="-99.77464">
        <ele>527.2</ele>
      </trkpt>
      <trkpt lat="29.81312" lon="-99.77467">
        <ele>527.4</ele>
      </trkpt>
      <trkpt lat="29.81332" lon="-99.77471">
        <ele>527.7</ele>
      </trkpt>
      <trkpt lat="29.81348" lon="-99.77475">
        <ele>527.9</ele>
      </trkpt>
      <trkpt lat="29.81354" lon="-99.77477">
        <ele>528.0</ele>
      </trkpt>
      <trkpt lat="29.81365" lon="-99.77481">
        <ele>528.2</ele>
      </trkpt>
      <trkpt lat="29.81373" lon="-99.77484">
        <ele>528.4</ele>
      </trkpt>
      <trkpt lat="29.81391" lon="-99.77491">
        <ele>528.9</ele>
      </trkpt>
      <trkpt lat="29.81417" lon="-99.77502">
        <ele>529.5</ele>
      </trkpt>
      <trkpt lat="29.81439" lon="-99.77513">
        <ele>530.0</ele>
      </trkpt>
      <trkpt lat="29.81439" lon="-99.77513">
        <ele>530.0</ele>
      </trkpt>
      <trkpt lat="29.81449" lon="-99.77518">
        <ele>530.3</ele>
      </trkpt>
      <trkpt lat="29.81467" lon="-99.77527">
        <ele>530.8</ele>
      </trkpt>
      <trkpt lat="29.81552" lon="-99.7757">
        <ele>532.3</ele>
      </trkpt>
      <trkpt lat="29.81605" lon="-99.77596">
        <ele>533.0</ele>
      </trkpt>
      <trkpt lat="29.8166" lon="-99.77624">
        <ele>533.5</ele>
      </trkpt>
      <trkpt lat="29.81711" lon="-99.77649">
        <ele>533.7</ele>
      </trkpt>
      <trkpt lat="29.81722" lon="-99.77654">
        <ele>533.8</ele>
      </trkpt>
      <trkpt lat="29.81728" lon="-99.77657">
        <ele>533.9</ele>
      </trkpt>
      <trkpt lat="29.81744" lon="-99.77666">
        <ele>534.0</ele>
      </trkpt>
      <trkpt lat="29.81769" lon="-99.77678">
        <ele>534.2</ele>
      </trkpt>
      <trkpt lat="29.81809" lon="-99.77699">
        <ele>534.4</ele>
      </trkpt>
      <trkpt lat="29.81829" lon="-99.77712">
        <ele>534.6</ele>
      </trkpt>
      <trkpt lat="29.81839" lon="-99.77719">
        <ele>534.7</ele>
      </trkpt>
      <trkpt lat="29.81853" lon="-99.7773">
        <ele>534.9</ele>
      </trkpt>
      <trkpt lat="29.81855" lon="-99.77733">
        <ele>534.9</ele>
      </trkpt>
      <trkpt lat="29.81867" lon="-99.77744">
        <ele>535.0</ele>
      </trkpt>
      <trkpt lat="29.81869" lon="-99.77746">
        <ele>535.1</ele>
      </trkpt>
      <trkpt lat="29.81881" lon="-99.77761">
        <ele>535.2</ele>
      </trkpt>
      <trkpt lat="29.81882" lon="-99.77762">
        <ele>535.2</ele>
      </trkpt>
      <trkpt lat="29.81893" lon="-99.77777">
        <ele>535.3</ele>
      </trkpt>
      <trkpt lat="29.81898" lon="-99.77783">
        <ele>535.3</ele>
      </trkpt>
      <trkpt lat="29.81905" lon="-99.77793">
        <ele>535.5</ele>
      </trkpt>
      <trkpt lat="29.81911" lon="-99.77801">
        <ele>535.6</ele>
      </trkpt>
      <trkpt lat="29.81916" lon="-99.77809">
        <ele>535.7</ele>
      </trkpt>
      <trkpt lat="29.81929" lon="-99.77827">
        <ele>535.9</ele>
      </trkpt>
      <trkpt lat="29.81938" lon="-99.7784">
        <ele>536.1</ele>
      </trkpt>
      <trkpt lat="29.81939" lon="-99.77841">
        <ele>536.1</ele>
      </trkpt>
      <trkpt lat="29.8195" lon="-99.77854">
        <ele>536.1</ele>
      </trkpt>
      <trkpt lat="29.81965" lon="-99.77867">
        <ele>536.2</ele>
      </trkpt>
      <trkpt lat="29.81982" lon="-99.77876">
        <ele>536.4</ele>
      </trkpt>
      <trkpt lat="29.81993" lon="-99.7788">
        <ele>536.6</ele>
      </trkpt>
      <trkpt lat="29.82014" lon="-99.77885">
        <ele>537.0</ele>
      </trkpt>
      <trkpt lat="29.82018" lon="-99.77886">
        <ele>537.0</ele>
      </trkpt>
      <trkpt lat="29.82035" lon="-99.7789">
        <ele>537.6</ele>
      </trkpt>
      <trkpt lat="29.82056" lon="-99.77895">
        <ele>538.2</ele>
      </trkpt>
      <trkpt lat="29.82099" lon="-99.77904">
        <ele>538.2</ele>
      </trkpt>
      <trkpt lat="29.82106" lon="-99.77905">
        <ele>538.2</ele>
      </trkpt>
      <trkpt lat="29.82124" lon="-99.77909">
        <ele>538.2</ele>
      </trkpt>
      <trkpt lat="29.82176" lon="-99.7792">
        <ele>538.1</ele>
      </trkpt>
      <trkpt lat="29.82177" lon="-99.77921">
        <ele>538.1</ele>
      </trkpt>
      <trkpt lat="29.82194" lon="-99.77925">
        <ele>538.1</ele>
      </trkpt>
      <trkpt lat="29.82212" lon="-99.77929">
        <ele>538.1</ele>
      </trkpt>
      <trkpt lat="29.82218" lon="-99.7793">
        <ele>538.1</ele>
      </trkpt>
      <trkpt lat="29.8223" lon="-99.77933">
        <ele>538.1</ele>
      </trkpt>
      <trkpt lat="29.82232" lon="-99.77934">
        <ele>538.1</ele>
      </trkpt>
      <trkpt lat="29.82247" lon="-99.77939">
        <ele>538.2</ele>
      </trkpt>
      <trkpt lat="29.82262" lon="-99.77945">
        <ele>538.3</ele>
      </trkpt>
      <trkpt lat="29.82278" lon="-99.77953">
        <ele>538.8</ele>
      </trkpt>
      <trkpt lat="29.82296" lon="-99.77964">
        <ele>539.9</ele>
      </trkpt>
      <trkpt lat="29.82297" lon="-99.77964">
        <ele>539.9</ele>
      </trkpt>
      <trkpt lat="29.82311" lon="-99.77973">
        <ele>541.6</ele>
      </trkpt>
      <trkpt lat="29.82333" lon="-99.77991">
        <ele>546.0</ele>
      </trkpt>
      <trkpt lat="29.82342" lon="-99.77999">
        <ele>547.6</ele>
      </trkpt>
      <trkpt lat="29.82355" lon="-99.78011">
        <ele>549.1</ele>
      </trkpt>
      <trkpt lat="29.82358" lon="-99.78014">
        <ele>549.2</ele>
      </trkpt>
      <trkpt lat="29.82368" lon="-99.78026">
        <ele>549.9</ele>
      </trkpt>
      <trkpt lat="29.82376" lon="-99.78035">
        <ele>550.5</ele>
      </trkpt>
      <trkpt lat="29.82381" lon="-99.7804">
        <ele>550.8</ele>
      </trkpt>
      <trkpt lat="29.82393" lon="-99.78055">
        <ele>551.0</ele>
      </trkpt>
      <trkpt lat="29.82406" lon="-99.7807">
        <ele>550.4</ele>
      </trkpt>
      <trkpt lat="29.82411" lon="-99.78076">
        <ele>550.0</ele>
      </trkpt>
      <trkpt lat="29.82431" lon="-99.78099">
        <ele>549.4</ele>
      </trkpt>
      <trkpt lat="29.82444" lon="-99.78114">
        <ele>549.4</ele>
      </trkpt>
      <trkpt lat="29.82445" lon="-99.78115">
        <ele>549.4</ele>
      </trkpt>
      <trkpt lat="29.82482" lon="-99.78158">
        <ele>545.9</ele>
      </trkpt>
      <trkpt lat="29.82507" lon="-99.78188">
        <ele>545.1</ele>
      </trkpt>
      <trkpt lat="29.82533" lon="-99.78217">
        <ele>544.1</ele>
      </trkpt>
      <trkpt lat="29.82546" lon="-99.78231">
        <ele>540.7</ele>
      </trkpt>
      <trkpt lat="29.82558" lon="-99.78246">
        <ele>537.7</ele>
      </trkpt>
      <trkpt lat="29.82567" lon="-99.78256">
        <ele>537.0</ele>
      </trkpt>
      <trkpt lat="29.82571" lon="-99.7826">
        <ele>537.0</ele>
      </trkpt>
      <trkpt lat="29.82584" lon="-99.78274">
        <ele>537.4</ele>
      </trkpt>
      <trkpt lat="29.82586" lon="-99.78276">
        <ele>537.4</ele>
      </trkpt>
      <trkpt lat="29.82599" lon="-99.78287">
        <ele>537.4</ele>
      </trkpt>
      <trkpt lat="29.82603" lon="-99.78291">
        <ele>537.5</ele>
      </trkpt>
      <trkpt lat="29.82615" lon="-99.783">
        <ele>537.8</ele>
      </trkpt>
      <trkpt lat="29.82622" lon="-99.78304">
        <ele>538.0</ele>
      </trkpt>
      <trkpt lat="29.82625" lon="-99.78305">
        <ele>538.1</ele>
      </trkpt>
      <trkpt lat="29.8263" lon="-99.78308">
        <ele>538.5</ele>
      </trkpt>
      <trkpt lat="29.8264" lon="-99.78313">
        <ele>539.7</ele>
      </trkpt>
      <trkpt lat="29.82646" lon="-99.78315">
        <ele>540.5</ele>
      </trkpt>
      <trkpt lat="29.82649" lon="-99.78317">
        <ele>541.1</ele>
      </trkpt>
      <trkpt lat="29.82664" lon="-99.78322">
        <ele>544.5</ele>
      </trkpt>
      <trkpt lat="29.82677" lon="-99.78326">
        <ele>547.0</ele>
      </trkpt>
      <trkpt lat="29.82698" lon="-99.78331">
        <ele>549.2</ele>
      </trkpt>
      <trkpt lat="29.82734" lon="-99.7834">
        <ele>549.6</ele>
      </trkpt>
      <trkpt lat="29.82738" lon="-99.78341">
        <ele>549.6</ele>
      </trkpt>
      <trkpt lat="29.82751" lon="-99.78344">
        <ele>549.8</ele>
      </trkpt>
      <trkpt lat="29.82769" lon="-99.78348">
        <ele>550.8</ele>
      </trkpt>
      <trkpt lat="29.82787" lon="-99.78352">
        <ele>552.0</ele>
      </trkpt>
      <trkpt lat="29.82822" lon="-99.7836">
        <ele>553.4</ele>
      </trkpt>
      <trkpt lat="29.82828" lon="-99.78361">
        <ele>553.7</ele>
      </trkpt>
      <trkpt lat="29.8284" lon="-99.78364">
        <ele>554.2</ele>
      </trkpt>
      <trkpt lat="29.82848" lon="-99.78366">
        <ele>554.5</ele>
      </trkpt>
      <trkpt lat="29.82859" lon="-99.78368">
        <ele>554.9</ele>
      </trkpt>
      <trkpt lat="29.82873" lon="-99.78372">
        <ele>555.3</ele>
      </trkpt>
      <trkpt lat="29.82885" lon="-99.78374">
        <ele>555.4</ele>
      </trkpt>
      <trkpt lat="29.8292" lon="-99.78383">
        <ele>555.2</ele>
      </trkpt>
      <trkpt lat="29.82926" lon="-99.78384">
        <ele>554.7</ele>
      </trkpt>
      <trkpt lat="29.82933" lon="-99.78386">
        <ele>555.2</ele>
      </trkpt>
      <trkpt lat="29.82938" lon="-99.78387">
        <ele>555.6</ele>
      </trkpt>
      <trkpt lat="29.82944" lon="-99.78388">
        <ele>556.2</ele>
      </trkpt>
      <trkpt lat="29.82956" lon="-99.78391">
        <ele>556.5</ele>
      </trkpt>
      <trkpt lat="29.82959" lon="-99.78391">
        <ele>556.6</ele>
      </trkpt>
      <trkpt lat="29.82973" lon="-99.78395">
        <ele>557.4</ele>
      </trkpt>
      <trkpt lat="29.82975" lon="-99.78395">
        <ele>557.5</ele>
      </trkpt>
      <trkpt lat="29.82989" lon="-99.78397">
        <ele>558.3</ele>
      </trkpt>
      <trkpt lat="29.82995" lon="-99.78397">
        <ele>558.6</ele>
      </trkpt>
      <trkpt lat="29.82997" lon="-99.78397">
        <ele>558.6</ele>
      </trkpt>
      <trkpt lat="29.83005" lon="-99.78396">
        <ele>558.9</ele>
      </trkpt>
      <trkpt lat="29.83009" lon="-99.78395">
        <ele>559.0</ele>
      </trkpt>
      <trkpt lat="29.83012" lon="-99.78394">
        <ele>559.0</ele>
      </trkpt>
      <trkpt lat="29.83015" lon="-99.78394">
        <ele>559.1</ele>
      </trkpt>
      <trkpt lat="29.83022" lon="-99.78391">
        <ele>559.0</ele>
      </trkpt>
      <trkpt lat="29.83026" lon="-99.78389">
        <ele>558.9</ele>
      </trkpt>
      <trkpt lat="29.83036" lon="-99.78385">
        <ele>558.9</ele>
      </trkpt>
      <trkpt lat="29.83043" lon="-99.78382">
        <ele>558.8</ele>
      </trkpt>
      <trkpt lat="29.83045" lon="-99.78381">
        <ele>558.7</ele>
      </trkpt>
      <trkpt lat="29.83049" lon="-99.78379">
        <ele>558.5</ele>
      </trkpt>
      <trkpt lat="29.83053" lon="-99.78377">
        <ele>558.3</ele>
      </trkpt>
      <trkpt lat="29.8306" lon="-99.78375">
        <ele>558.0</ele>
      </trkpt>
      <trkpt lat="29.83062" lon="-99.78374">
        <ele>557.8</ele>
      </trkpt>
      <trkpt lat="29.83074" lon="-99.7837">
        <ele>556.8</ele>
      </trkpt>
      <trkpt lat="29.83077" lon="-99.7837">
        <ele>556.6</ele>
      </trkpt>
      <trkpt lat="29.83083" lon="-99.78369">
        <ele>556.0</ele>
      </trkpt>
      <trkpt lat="29.8309" lon="-99.78368">
        <ele>555.3</ele>
      </trkpt>
      <trkpt lat="29.83095" lon="-99.78368">
        <ele>554.9</ele>
      </trkpt>
      <trkpt lat="29.83099" lon="-99.78368">
        <ele>554.5</ele>
      </trkpt>
      <trkpt lat="29.83106" lon="-99.78368">
        <ele>553.8</ele>
      </trkpt>
      <trkpt lat="29.83113" lon="-99.78369">
        <ele>553.4</ele>
      </trkpt>
      <trkpt lat="29.83122" lon="-99.78371">
        <ele>553.1</ele>
      </trkpt>
      <trkpt lat="29.83135" lon="-99.78374">
        <ele>552.8</ele>
      </trkpt>
      <trkpt lat="29.83148" lon="-99.78377">
        <ele>552.4</ele>
      </trkpt>
      <trkpt lat="29.83164" lon="-99.78381">
        <ele>552.0</ele>
      </trkpt>
      <trkpt lat="29.83178" lon="-99.78384">
        <ele>551.7</ele>
      </trkpt>
      <trkpt lat="29.83184" lon="-99.78385">
        <ele>551.5</ele>
      </trkpt>
      <trkpt lat="29.83201" lon="-99.78389">
        <ele>551.3</ele>
      </trkpt>
      <trkpt lat="29.83207" lon="-99.78391">
        <ele>551.4</ele>
      </trkpt>
      <trkpt lat="29.83232" lon="-99.78397">
        <ele>551.2</ele>
      </trkpt>
      <trkpt lat="29.83254" lon="-99.78402">
        <ele>551.0</ele>
      </trkpt>
      <trkpt lat="29.83272" lon="-99.78406">
        <ele>550.3</ele>
      </trkpt>
      <trkpt lat="29.83278" lon="-99.78407">
        <ele>549.5</ele>
      </trkpt>
      <trkpt lat="29.83289" lon="-99.7841">
        <ele>548.1</ele>
      </trkpt>
      <trkpt lat="29.8329" lon="-99.7841">
        <ele>548.0</ele>
      </trkpt>
      <trkpt lat="29.83308" lon="-99.78415">
        <ele>547.1</ele>
      </trkpt>
      <trkpt lat="29.83324" lon="-99.78418">
        <ele>546.9</ele>
      </trkpt>
      <trkpt lat="29.83336" lon="-99.7842">
        <ele>546.6</ele>
      </trkpt>
      <trkpt lat="29.83348" lon="-99.78422">
        <ele>546.2</ele>
      </trkpt>
      <trkpt lat="29.83349" lon="-99.78422">
        <ele>546.2</ele>
      </trkpt>
      <trkpt lat="29.8336" lon="-99.78422">
        <ele>545.8</ele>
      </trkpt>
      <trkpt lat="29.83362" lon="-99.78422">
        <ele>545.7</ele>
      </trkpt>
      <trkpt lat="29.83367" lon="-99.78422">
        <ele>545.5</ele>
      </trkpt>
      <trkpt lat="29.83378" lon="-99.78421">
        <ele>545.0</ele>
      </trkpt>
      <trkpt lat="29.83391" lon="-99.78418">
        <ele>544.5</ele>
      </trkpt>
      <trkpt lat="29.83396" lon="-99.78417">
        <ele>544.3</ele>
      </trkpt>
      <trkpt lat="29.83403" lon="-99.78415">
        <ele>544.0</ele>
      </trkpt>
      <trkpt lat="29.83413" lon="-99.78411">
        <ele>543.5</ele>
      </trkpt>
      <trkpt lat="29.83415" lon="-99.7841">
        <ele>543.4</ele>
      </trkpt>
      <trkpt lat="29.83429" lon="-99.78403">
        <ele>542.6</ele>
      </trkpt>
      <trkpt lat="29.83445" lon="-99.78393">
        <ele>541.8</ele>
      </trkpt>
      <trkpt lat="29.83464" lon="-99.78379">
        <ele>540.8</ele>
      </trkpt>
      <trkpt lat="29.8349" lon="-99.78358">
        <ele>540.0</ele>
      </trkpt>
      <trkpt lat="29.83493" lon="-99.78356">
        <ele>539.9</ele>
      </trkpt>
      <trkpt lat="29.8351" lon="-99.78342">
        <ele>539.5</ele>
      </trkpt>
      <trkpt lat="29.8352" lon="-99.78335">
        <ele>539.4</ele>
      </trkpt>
      <trkpt lat="29.83535" lon="-99.78324">
        <ele>539.3</ele>
      </trkpt>
      <trkpt lat="29.83535" lon="-99.78323">
        <ele>539.2</ele>
      </trkpt>
      <trkpt lat="29.8354" lon="-99.78319">
        <ele>539.2</ele>
      </trkpt>
      <trkpt lat="29.8355" lon="-99.78311">
        <ele>539.0</ele>
      </trkpt>
      <trkpt lat="29.83563" lon="-99.78299">
        <ele>538.9</ele>
      </trkpt>
      <trkpt lat="29.83571" lon="-99.78292">
        <ele>538.8</ele>
      </trkpt>
      <trkpt lat="29.83575" lon="-99.78288">
        <ele>538.8</ele>
      </trkpt>
      <trkpt lat="29.83575" lon="-99.78288">
        <ele>538.8</ele>
      </trkpt>
      <trkpt lat="29.83578" lon="-99.78285">
        <ele>538.7</ele>
      </trkpt>
      <trkpt lat="29.83581" lon="-99.78281">
        <ele>538.5</ele>
      </trkpt>
      <trkpt lat="29.83582" lon="-99.7828">
        <ele>538.5</ele>
      </trkpt>
      <trkpt lat="29.83591" lon="-99.78271">
        <ele>538.0</ele>
      </trkpt>
      <trkpt lat="29.83593" lon="-99.78268">
        <ele>537.9</ele>
      </trkpt>
      <trkpt lat="29.83595" lon="-99.78266">
        <ele>538.0</ele>
      </trkpt>
      <trkpt lat="29.83603" lon="-99.78256">
        <ele>538.1</ele>
      </trkpt>
      <trkpt lat="29.83605" lon="-99.78254">
        <ele>538.0</ele>
      </trkpt>
      <trkpt lat="29.83607" lon="-99.78251">
        <ele>538.0</ele>
      </trkpt>
      <trkpt lat="29.83608" lon="-99.78251">
        <ele>538.1</ele>
      </trkpt>
      <trkpt lat="29.83616" lon="-99.78241">
        <ele>538.7</ele>
      </trkpt>
      <trkpt lat="29.83625" lon="-99.7823">
        <ele>540.9</ele>
      </trkpt>
      <trkpt lat="29.83628" lon="-99.78227">
        <ele>542.1</ele>
      </trkpt>
      <trkpt lat="29.83628" lon="-99.78226">
        <ele>542.0</ele>
      </trkpt>
      <trkpt lat="29.83641" lon="-99.78212">
        <ele>546.5</ele>
      </trkpt>
      <trkpt lat="29.83653" lon="-99.78197">
        <ele>547.0</ele>
      </trkpt>
      <trkpt lat="29.83654" lon="-99.78197">
        <ele>547.2</ele>
      </trkpt>
      <trkpt lat="29.83675" lon="-99.78174">
        <ele>547.3</ele>
      </trkpt>
      <trkpt lat="29.83691" lon="-99.78152">
        <ele>547.7</ele>
      </trkpt>
      <trkpt lat="29.83712" lon="-99.78128">
        <ele>548.6</ele>
      </trkpt>
      <trkpt lat="29.83724" lon="-99.78113">
        <ele>549.1</ele>
      </trkpt>
      <trkpt lat="29.83747" lon="-99.78086">
        <ele>550.1</ele>
      </trkpt>
      <trkpt lat="29.8375" lon="-99.78084">
        <ele>550.1</ele>
      </trkpt>
      <trkpt lat="29.83778" lon="-99.78053">
        <ele>549.9</ele>
      </trkpt>
      <trkpt lat="29.83788" lon="-99.7804">
        <ele>549.9</ele>
      </trkpt>
      <trkpt lat="29.83822" lon="-99.77999">
        <ele>550.7</ele>
      </trkpt>
      <trkpt lat="29.8384" lon="-99.77976">
        <ele>550.8</ele>
      </trkpt>
      <trkpt lat="29.83855" lon="-99.7796">
        <ele>550.8</ele>
      </trkpt>
      <trkpt lat="29.83868" lon="-99.77945">
        <ele>550.3</ele>
      </trkpt>
      <trkpt lat="29.83876" lon="-99.77937">
        <ele>549.9</ele>
      </trkpt>
      <trkpt lat="29.8388" lon="-99.77933">
        <ele>549.8</ele>
      </trkpt>
      <trkpt lat="29.83886" lon="-99.77928">
        <ele>549.7</ele>
      </trkpt>
      <trkpt lat="29.8389" lon="-99.77924">
        <ele>549.7</ele>
      </trkpt>
      <trkpt lat="29.83891" lon="-99.77923">
        <ele>549.7</ele>
      </trkpt>
      <trkpt lat="29.83899" lon="-99.77916">
        <ele>550.0</ele>
      </trkpt>
      <trkpt lat="29.83905" lon="-99.77912">
        <ele>550.3</ele>
      </trkpt>
      <trkpt lat="29.83907" lon="-99.7791">
        <ele>550.4</ele>
      </trkpt>
      <trkpt lat="29.83918" lon="-99.77903">
        <ele>550.7</ele>
      </trkpt>
      <trkpt lat="29.8392" lon="-99.77901">
        <ele>550.8</ele>
      </trkpt>
      <trkpt lat="29.83928" lon="-99.77897">
        <ele>551.1</ele>
      </trkpt>
      <trkpt lat="29.83928" lon="-99.77897">
        <ele>551.1</ele>
      </trkpt>
      <trkpt lat="29.83929" lon="-99.77896">
        <ele>551.2</ele>
      </trkpt>
      <trkpt lat="29.83941" lon="-99.7789">
        <ele>551.8</ele>
      </trkpt>
      <trkpt lat="29.83953" lon="-99.77884">
        <ele>552.3</ele>
      </trkpt>
      <trkpt lat="29.83953" lon="-99.77884">
        <ele>552.3</ele>
      </trkpt>
      <trkpt lat="29.83956" lon="-99.77895">
        <ele>552.7</ele>
      </trkpt>
      <trkpt lat="29.83958" lon="-99.77905">
        <ele>553.1</ele>
      </trkpt>
      <trkpt lat="29.8396" lon="-99.77916">
        <ele>553.5</ele>
      </trkpt>
      <trkpt lat="29.8396" lon="-99.77917">
        <ele>553.5</ele>
      </trkpt>
      <trkpt lat="29.8396" lon="-99.77922">
        <ele>553.6</ele>
      </trkpt>
      <trkpt lat="29.8396" lon="-99.77922">
        <ele>553.6</ele>
      </trkpt>
      <trkpt lat="29.83961" lon="-99.77937">
        <ele>554.1</ele>
      </trkpt>
      <trkpt lat="29.83961" lon="-99.77938">
        <ele>554.1</ele>
      </trkpt>
      <trkpt lat="29.83963" lon="-99.77957">
        <ele>554.8</ele>
      </trkpt>
      <trkpt lat="29.83965" lon="-99.77978">
        <ele>555.6</ele>
      </trkpt>
      <trkpt lat="29.83965" lon="-99.77983">
        <ele>555.7</ele>
      </trkpt>
      <trkpt lat="29.83966" lon="-99.77999">
        <ele>556.1</ele>
      </trkpt>
      <trkpt lat="29.83968" lon="-99.78019">
        <ele>556.6</ele>
      </trkpt>
      <trkpt lat="29.83968" lon="-99.7802">
        <ele>556.6</ele>
      </trkpt>
      <trkpt lat="29.83969" lon="-99.78022">
        <ele>556.7</ele>
      </trkpt>
      <trkpt lat="29.83974" lon="-99.78062">
        <ele>557.7</ele>
      </trkpt>
      <trkpt lat="29.83977" lon="-99.78081">
        <ele>558.1</ele>
      </trkpt>
      <trkpt lat="29.83983" lon="-99.78122">
        <ele>559.2</ele>
      </trkpt>
      <trkpt lat="29.83984" lon="-99.78127">
        <ele>559.4</ele>
      </trkpt>
      <trkpt lat="29.83986" lon="-99.78142">
        <ele>559.8</ele>
      </trkpt>
      <trkpt lat="29.83986" lon="-99.78143">
        <ele>559.8</ele>
      </trkpt>
      <trkpt lat="29.8399" lon="-99.78165">
        <ele>560.4</ele>
      </trkpt>
      <trkpt lat="29.8399" lon="-99.78177">
        <ele>560.7</ele>
      </trkpt>
      <trkpt lat="29.8399" lon="-99.78183">
        <ele>560.8</ele>
      </trkpt>
      <trkpt lat="29.8399" lon="-99.78184">
        <ele>560.8</ele>
      </trkpt>
      <trkpt lat="29.8399" lon="-99.78189">
        <ele>561.1</ele>
      </trkpt>
      <trkpt lat="29.83989" lon="-99.78201">
        <ele>562.2</ele>
      </trkpt>
      <trkpt lat="29.83988" lon="-99.78204">
        <ele>562.4</ele>
      </trkpt>
      <trkpt lat="29.83986" lon="-99.78224">
        <ele>563.0</ele>
      </trkpt>
      <trkpt lat="29.83983" lon="-99.78245">
        <ele>563.3</ele>
      </trkpt>
      <trkpt lat="29.83982" lon="-99.78253">
        <ele>563.4</ele>
      </trkpt>
      <trkpt lat="29.83982" lon="-99.78259">
        <ele>563.6</ele>
      </trkpt>
      <trkpt lat="29.83982" lon="-99.78259">
        <ele>563.6</ele>
      </trkpt>
      <trkpt lat="29.83981" lon="-99.78265">
        <ele>563.7</ele>
      </trkpt>
      <trkpt lat="29.83978" lon="-99.78279">
        <ele>563.8</ele>
      </trkpt>
      <trkpt lat="29.83975" lon="-99.78292">
        <ele>564.1</ele>
      </trkpt>
      <trkpt lat="29.83972" lon="-99.78305">
        <ele>564.3</ele>
      </trkpt>
      <trkpt lat="29.83971" lon="-99.78306">
        <ele>564.2</ele>
      </trkpt>
      <trkpt lat="29.83968" lon="-99.78318">
        <ele>564.5</ele>
      </trkpt>
      <trkpt lat="29.83966" lon="-99.78325">
        <ele>564.6</ele>
      </trkpt>
      <trkpt lat="29.83964" lon="-99.78331">
        <ele>564.6</ele>
      </trkpt>
      <trkpt lat="29.83959" lon="-99.78344">
        <ele>564.7</ele>
      </trkpt>
      <trkpt lat="29.83949" lon="-99.78373">
        <ele>564.9</ele>
      </trkpt>
      <trkpt lat="29.83939" lon="-99.78402">
        <ele>565.1</ele>
      </trkpt>
      <trkpt lat="29.83933" lon="-99.78422">
        <ele>565.2</ele>
      </trkpt>
      <trkpt lat="29.83928" lon="-99.78435">
        <ele>565.1</ele>
      </trkpt>
      <trkpt lat="29.83926" lon="-99.78441">
        <ele>565.1</ele>
      </trkpt>
      <trkpt lat="29.83918" lon="-99.78466">
        <ele>564.9</ele>
      </trkpt>
      <trkpt lat="29.83913" lon="-99.78479">
        <ele>564.6</ele>
      </trkpt>
      <trkpt lat="29.83906" lon="-99.78498">
        <ele>564.2</ele>
      </trkpt>
      <trkpt lat="29.83906" lon="-99.78499">
        <ele>564.3</ele>
      </trkpt>
      <trkpt lat="29.83896" lon="-99.78525">
        <ele>563.7</ele>
      </trkpt>
      <trkpt lat="29.83879" lon="-99.78576">
        <ele>562.5</ele>
      </trkpt>
      <trkpt lat="29.83866" lon="-99.78615">
        <ele>560.2</ele>
      </trkpt>
      <trkpt lat="29.8386" lon="-99.78634">
        <ele>559.6</ele>
      </trkpt>
      <trkpt lat="29.83854" lon="-99.78652">
        <ele>559.4</ele>
      </trkpt>
      <trkpt lat="29.83853" lon="-99.78653">
        <ele>559.4</ele>
      </trkpt>
      <trkpt lat="29.8385" lon="-99.78665">
        <ele>559.4</ele>
      </trkpt>
      <trkpt lat="29.83847" lon="-99.78676">
        <ele>559.4</ele>
      </trkpt>
      <trkpt lat="29.83844" lon="-99.78688">
        <ele>559.3</ele>
      </trkpt>
      <trkpt lat="29.83844" lon="-99.78701">
        <ele>559.5</ele>
      </trkpt>
      <trkpt lat="29.83844" lon="-99.78715">
        <ele>559.8</ele>
      </trkpt>
      <trkpt lat="29.83845" lon="-99.78755">
        <ele>560.3</ele>
      </trkpt>
      <trkpt lat="29.83844" lon="-99.7876">
        <ele>560.3</ele>
      </trkpt>
      <trkpt lat="29.83842" lon="-99.78794">
        <ele>560.3</ele>
      </trkpt>
      <trkpt lat="29.83841" lon="-99.78817">
        <ele>560.1</ele>
      </trkpt>
      <trkpt lat="29.83841" lon="-99.78818">
        <ele>560.1</ele>
      </trkpt>
      <trkpt lat="29.8384" lon="-99.78833">
        <ele>559.8</ele>
      </trkpt>
      <trkpt lat="29.8384" lon="-99.78845">
        <ele>559.6</ele>
      </trkpt>
      <trkpt lat="29.83841" lon="-99.78867">
        <ele>559.2</ele>
      </trkpt>
      <trkpt lat="29.83843" lon="-99.78879">
        <ele>559.1</ele>
      </trkpt>
      <trkpt lat="29.83848" lon="-99.78899">
        <ele>559.0</ele>
      </trkpt>
      <trkpt lat="29.8385" lon="-99.78904">
        <ele>559.0</ele>
      </trkpt>
      <trkpt lat="29.83856" lon="-99.78917">
        <ele>559.1</ele>
      </trkpt>
      <trkpt lat="29.83856" lon="-99.78918">
        <ele>559.1</ele>
      </trkpt>
      <trkpt lat="29.83858" lon="-99.78922">
        <ele>559.0</ele>
      </trkpt>
      <trkpt lat="29.83866" lon="-99.78935">
        <ele>559.0</ele>
      </trkpt>
      <trkpt lat="29.8387" lon="-99.7894">
        <ele>559.0</ele>
      </trkpt>
      <trkpt lat="29.83876" lon="-99.78949">
        <ele>558.9</ele>
      </trkpt>
      <trkpt lat="29.83883" lon="-99.78958">
        <ele>558.7</ele>
      </trkpt>
      <trkpt lat="29.8389" lon="-99.78966">
        <ele>558.2</ele>
      </trkpt>
      <trkpt lat="29.83891" lon="-99.78966">
        <ele>558.3</ele>
      </trkpt>
      <trkpt lat="29.83899" lon="-99.78974">
        <ele>557.8</ele>
      </trkpt>
      <trkpt lat="29.83908" lon="-99.78981">
        <ele>557.3</ele>
      </trkpt>
      <trkpt lat="29.83912" lon="-99.78984">
        <ele>557.1</ele>
      </trkpt>
      <trkpt lat="29.83937" lon="-99.79003">
        <ele>555.8</ele>
      </trkpt>
      <trkpt lat="29.8395" lon="-99.79011">
        <ele>555.0</ele>
      </trkpt>
      <trkpt lat="29.8395" lon="-99.79012">
        <ele>554.8</ele>
      </trkpt>
      <trkpt lat="29.83965" lon="-99.79022">
        <ele>553.4</ele>
      </trkpt>
      <trkpt lat="29.83967" lon="-99.79023">
        <ele>553.3</ele>
      </trkpt>
      <trkpt lat="29.83977" lon="-99.79029">
        <ele>552.7</ele>
      </trkpt>
      <trkpt lat="29.83982" lon="-99.79031">
        <ele>552.3</ele>
      </trkpt>
      <trkpt lat="29.83987" lon="-99.79033">
        <ele>552.0</ele>
      </trkpt>
      <trkpt lat="29.83999" lon="-99.79037">
        <ele>551.6</ele>
      </trkpt>
      <trkpt lat="29.84008" lon="-99.79041">
        <ele>551.1</ele>
      </trkpt>
      <trkpt lat="29.84016" lon="-99.79044">
        <ele>550.6</ele>
      </trkpt>
      <trkpt lat="29.84028" lon="-99.79048">
        <ele>549.4</ele>
      </trkpt>
      <trkpt lat="29.84038" lon="-99.79051">
        <ele>548.7</ele>
      </trkpt>
      <trkpt lat="29.84048" lon="-99.79053">
        <ele>548.3</ele>
      </trkpt>
      <trkpt lat="29.84048" lon="-99.79053">
        <ele>548.3</ele>
      </trkpt>
      <trkpt lat="29.84059" lon="-99.79055">
        <ele>546.9</ele>
      </trkpt>
      <trkpt lat="29.84068" lon="-99.79056">
        <ele>546.3</ele>
      </trkpt>
      <trkpt lat="29.84069" lon="-99.79056">
        <ele>546.3</ele>
      </trkpt>
      <trkpt lat="29.8407" lon="-99.79056">
        <ele>546.3</ele>
      </trkpt>
      <trkpt lat="29.84086" lon="-99.79055">
        <ele>546.7</ele>
      </trkpt>
      <trkpt lat="29.84103" lon="-99.79055">
        <ele>547.4</ele>
      </trkpt>
      <trkpt lat="29.84104" lon="-99.79055">
        <ele>547.4</ele>
      </trkpt>
      <trkpt lat="29.84122" lon="-99.79055">
        <ele>547.7</ele>
      </trkpt>
      <trkpt lat="29.84134" lon="-99.79056">
        <ele>547.5</ele>
      </trkpt>
      <trkpt lat="29.84144" lon="-99.79057">
        <ele>547.2</ele>
      </trkpt>
      <trkpt lat="29.84152" lon="-99.79059">
        <ele>546.9</ele>
      </trkpt>
      <trkpt lat="29.84158" lon="-99.7906">
        <ele>546.9</ele>
      </trkpt>
      <trkpt lat="29.84159" lon="-99.7906">
        <ele>546.9</ele>
      </trkpt>
      <trkpt lat="29.84163" lon="-99.79061">
        <ele>546.8</ele>
      </trkpt>
      <trkpt lat="29.84171" lon="-99.79066">
        <ele>546.7</ele>
      </trkpt>
      <trkpt lat="29.84173" lon="-99.79069">
        <ele>546.7</ele>
      </trkpt>
      <trkpt lat="29.84176" lon="-99.79073">
        <ele>546.6</ele>
      </trkpt>
      <trkpt lat="29.84178" lon="-99.79081">
        <ele>546.5</ele>
      </trkpt>
      <trkpt lat="29.84177" lon="-99.79088">
        <ele>546.5</ele>
      </trkpt>
      <trkpt lat="29.84177" lon="-99.79088">
        <ele>546.5</ele>
      </trkpt>
      <trkpt lat="29.84176" lon="-99.79091">
        <ele>546.4</ele>
      </trkpt>
      <trkpt lat="29.84179" lon="-99.79108">
        <ele>546.1</ele>
      </trkpt>
      <trkpt lat="29.84175" lon="-99.79125">
        <ele>546.4</ele>
      </trkpt>
      <trkpt lat="29.84175" lon="-99.79136">
        <ele>546.8</ele>
      </trkpt>
      <trkpt lat="29.84178" lon="-99.79144">
        <ele>547.2</ele>
      </trkpt>
      <trkpt lat="29.8418" lon="-99.79147">
        <ele>547.4</ele>
      </trkpt>
      <trkpt lat="29.84185" lon="-99.79152">
        <ele>547.6</ele>
      </trkpt>
      <trkpt lat="29.84185" lon="-99.79157">
        <ele>547.5</ele>
      </trkpt>
      <trkpt lat="29.84185" lon="-99.79157">
        <ele>547.5</ele>
      </trkpt>
      <trkpt lat="29.84185" lon="-99.79158">
        <ele>547.5</ele>
      </trkpt>
      <trkpt lat="29.84186" lon="-99.79162">
        <ele>547.1</ele>
      </trkpt>
      <trkpt lat="29.84184" lon="-99.79179">
        <ele>544.4</ele>
      </trkpt>
      <trkpt lat="29.84183" lon="-99.79189">
        <ele>545.0</ele>
      </trkpt>
      <trkpt lat="29.84185" lon="-99.79195">
        <ele>546.3</ele>
      </trkpt>
      <trkpt lat="29.84186" lon="-99.79198">
        <ele>546.9</ele>
      </trkpt>
      <trkpt lat="29.84186" lon="-99.79199">
        <ele>547.1</ele>
      </trkpt>
      <trkpt lat="29.84186" lon="-99.79199">
        <ele>547.1</ele>
      </trkpt>
      <trkpt lat="29.84187" lon="-99.792">
        <ele>547.3</ele>
      </trkpt>
      <trkpt lat="29.84188" lon="-99.79201">
        <ele>547.4</ele>
      </trkpt>
      <trkpt lat="29.84198" lon="-99.79206">
        <ele>548.0</ele>
      </trkpt>
      <trkpt lat="29.84202" lon="-99.79207">
        <ele>548.0</ele>
      </trkpt>
      <trkpt lat="29.84213" lon="-99.79209">
        <ele>548.0</ele>
      </trkpt>
      <trkpt lat="29.8422" lon="-99.79211">
        <ele>548.1</ele>
      </trkpt>
      <trkpt lat="29.84226" lon="-99.79212">
        <ele>548.2</ele>
      </trkpt>
      <trkpt lat="29.84237" lon="-99.79218">
        <ele>548.8</ele>
      </trkpt>
      <trkpt lat="29.84239" lon="-99.79218">
        <ele>548.8</ele>
      </trkpt>
      <trkpt lat="29.84249" lon="-99.79223">
        <ele>549.2</ele>
      </trkpt>
      <trkpt lat="29.84252" lon="-99.79226">
        <ele>549.3</ele>
      </trkpt>
      <trkpt lat="29.84252" lon="-99.79226">
        <ele>549.3</ele>
      </trkpt>
      <trkpt lat="29.84257" lon="-99.79233">
        <ele>549.6</ele>
      </trkpt>
      <trkpt lat="29.84259" lon="-99.79235">
        <ele>549.7</ele>
      </trkpt>
      <trkpt lat="29.84266" lon="-99.79245">
        <ele>549.8</ele>
      </trkpt>
      <trkpt lat="29.84268" lon="-99.79247">
        <ele>549.8</ele>
      </trkpt>
      <trkpt lat="29.84275" lon="-99.79258">
        <ele>549.6</ele>
      </trkpt>
      <trkpt lat="29.84282" lon="-99.79268">
        <ele>549.4</ele>
      </trkpt>
      <trkpt lat="29.84287" lon="-99.79275">
        <ele>549.1</ele>
      </trkpt>
      <trkpt lat="29.84291" lon="-99.7928">
        <ele>549.0</ele>
      </trkpt>
      <trkpt lat="29.84293" lon="-99.79283">
        <ele>548.9</ele>
      </trkpt>
      <trkpt lat="29.84293" lon="-99.79285">
        <ele>548.8</ele>
      </trkpt>
      <trkpt lat="29.84293" lon="-99.79289">
        <ele>548.7</ele>
      </trkpt>
      <trkpt lat="29.84293" lon="-99.79289">
        <ele>548.7</ele>
      </trkpt>
      <trkpt lat="29.84291" lon="-99.79298">
        <ele>548.6</ele>
      </trkpt>
      <trkpt lat="29.84286" lon="-99.79311">
        <ele>548.4</ele>
      </trkpt>
      <trkpt lat="29.84284" lon="-99.79315">
        <ele>548.3</ele>
      </trkpt>
      <trkpt lat="29.84275" lon="-99.79333">
        <ele>548.4</ele>
      </trkpt>
      <trkpt lat="29.84274" lon="-99.79335">
        <ele>548.5</ele>
      </trkpt>
      <trkpt lat="29.84265" lon="-99.79359">
        <ele>549.5</ele>
      </trkpt>
      <trkpt lat="29.84259" lon="-99.7937">
        <ele>549.9</ele>
      </trkpt>
      <trkpt lat="29.84215" lon="-99.79405">
        <ele>549.8</ele>
      </trkpt>
      <trkpt lat="29.84215" lon="-99.79405">
        <ele>549.8</ele>
      </trkpt>
      <trkpt lat="29.84215" lon="-99.79406">
        <ele>549.8</ele>
      </trkpt>
      <trkpt lat="29.84171" lon="-99.79441">
        <ele>549.5</ele>
      </trkpt>
      <trkpt lat="29.84156" lon="-99.79453">
        <ele>549.5</ele>
      </trkpt>
      <trkpt lat="29.84141" lon="-99.79465">
        <ele>549.3</ele>
      </trkpt>
      <trkpt lat="29.84135" lon="-99.7947">
        <ele>549.2</ele>
      </trkpt>
      <trkpt lat="29.84127" lon="-99.79484">
        <ele>549.2</ele>
      </trkpt>
      <trkpt lat="29.84127" lon="-99.79491">
        <ele>549.2</ele>
      </trkpt>
      <trkpt lat="29.84127" lon="-99.79491">
        <ele>549.2</ele>
      </trkpt>
      <trkpt lat="29.84127" lon="-99.795">
        <ele>549.1</ele>
      </trkpt>
      <trkpt lat="29.84137" lon="-99.79522">
        <ele>549.1</ele>
      </trkpt>
      <trkpt lat="29.84151" lon="-99.79532">
        <ele>549.2</ele>
      </trkpt>
      <trkpt lat="29.84171" lon="-99.79547">
        <ele>549.6</ele>
      </trkpt>
      <trkpt lat="29.8418" lon="-99.79557">
        <ele>550.1</ele>
      </trkpt>
      <trkpt lat="29.84197" lon="-99.79576">
        <ele>550.7</ele>
      </trkpt>
      <trkpt lat="29.84206" lon="-99.79603">
        <ele>551.5</ele>
      </trkpt>
      <trkpt lat="29.84206" lon="-99.79608">
        <ele>551.5</ele>
      </trkpt>
      <trkpt lat="29.84207" lon="-99.79615">
        <ele>551.6</ele>
      </trkpt>
      <trkpt lat="29.84207" lon="-99.79615">
        <ele>551.6</ele>
      </trkpt>
      <trkpt lat="29.84207" lon="-99.79629">
        <ele>551.9</ele>
      </trkpt>
      <trkpt lat="29.84207" lon="-99.7963">
        <ele>551.9</ele>
      </trkpt>
      <trkpt lat="29.84206" lon="-99.7967">
        <ele>552.6</ele>
      </trkpt>
      <trkpt lat="29.84204" lon="-99.79709">
        <ele>553.3</ele>
      </trkpt>
      <trkpt lat="29.84214" lon="-99.79739">
        <ele>553.5</ele>
      </trkpt>
      <trkpt lat="29.84211" lon="-99.79768">
        <ele>554.9</ele>
      </trkpt>
      <trkpt lat="29.84205" lon="-99.79791">
        <ele>557.6</ele>
      </trkpt>
      <trkpt lat="29.84202" lon="-99.79807">
        <ele>559.5</ele>
      </trkpt>
      <trkpt lat="29.84201" lon="-99.79812">
        <ele>560.0</ele>
      </trkpt>
      <trkpt lat="29.84199" lon="-99.7985">
        <ele>561.5</ele>
      </trkpt>
      <trkpt lat="29.84199" lon="-99.7985">
        <ele>561.5</ele>
      </trkpt>
      <trkpt lat="29.84198" lon="-99.79858">
        <ele>561.6</ele>
      </trkpt>
      <trkpt lat="29.84203" lon="-99.79888">
        <ele>563.0</ele>
      </trkpt>
      <trkpt lat="29.842" lon="-99.79915">
        <ele>564.4</ele>
      </trkpt>
      <trkpt lat="29.84199" lon="-99.79935">
        <ele>564.7</ele>
      </trkpt>
      <trkpt lat="29.84194" lon="-99.79989">
        <ele>565.4</ele>
      </trkpt>
      <trkpt lat="29.84191" lon="-99.79997">
        <ele>565.6</ele>
      </trkpt>
      <trkpt lat="29.84185" lon="-99.80016">
        <ele>565.7</ele>
      </trkpt>
      <trkpt lat="29.84181" lon="-99.80027">
        <ele>566.0</ele>
      </trkpt>
      <trkpt lat="29.84178" lon="-99.80035">
        <ele>566.1</ele>
      </trkpt>
      <trkpt lat="29.84173" lon="-99.80047">
        <ele>566.2</ele>
      </trkpt>
      <trkpt lat="29.84173" lon="-99.80047">
        <ele>566.2</ele>
      </trkpt>
      <trkpt lat="29.84163" lon="-99.80073">
        <ele>565.7</ele>
      </trkpt>
      <trkpt lat="29.8416" lon="-99.80078">
        <ele>565.5</ele>
      </trkpt>
      <trkpt lat="29.84151" lon="-99.80088">
        <ele>565.0</ele>
      </trkpt>
      <trkpt lat="29.84136" lon="-99.80105">
        <ele>564.8</ele>
      </trkpt>
      <trkpt lat="29.84103" lon="-99.80131">
        <ele>565.6</ele>
      </trkpt>
      <trkpt lat="29.84075" lon="-99.8014">
        <ele>566.6</ele>
      </trkpt>
      <trkpt lat="29.84058" lon="-99.80146">
        <ele>565.9</ele>
      </trkpt>
      <trkpt lat="29.84052" lon="-99.80147">
        <ele>565.8</ele>
      </trkpt>
      <trkpt lat="29.84041" lon="-99.80151">
        <ele>564.9</ele>
      </trkpt>
      <trkpt lat="29.84023" lon="-99.80157">
        <ele>562.6</ele>
      </trkpt>
      <trkpt lat="29.84006" lon="-99.80162">
        <ele>560.2</ele>
      </trkpt>
      <trkpt lat="29.83989" lon="-99.80168">
        <ele>558.7</ele>
      </trkpt>
      <trkpt lat="29.83988" lon="-99.80168">
        <ele>558.7</ele>
      </trkpt>
      <trkpt lat="29.83979" lon="-99.80171">
        <ele>558.5</ele>
      </trkpt>
      <trkpt lat="29.83971" lon="-99.80172">
        <ele>558.4</ele>
      </trkpt>
      <trkpt lat="29.83971" lon="-99.80173">
        <ele>558.4</ele>
      </trkpt>
      <trkpt lat="29.83954" lon="-99.80176">
        <ele>558.6</ele>
      </trkpt>
      <trkpt lat="29.83954" lon="-99.80177">
        <ele>558.7</ele>
      </trkpt>
      <trkpt lat="29.83945" lon="-99.80194">
        <ele>560.4</ele>
      </trkpt>
      <trkpt lat="29.83949" lon="-99.80215">
        <ele>562.1</ele>
      </trkpt>
      <trkpt lat="29.8395" lon="-99.8022">
        <ele>562.3</ele>
      </trkpt>
      <trkpt lat="29.83953" lon="-99.80235">
        <ele>562.9</ele>
      </trkpt>
      <trkpt lat="29.83953" lon="-99.80238">
        <ele>563.0</ele>
      </trkpt>
      <trkpt lat="29.83953" lon="-99.80238">
        <ele>563.0</ele>
      </trkpt>
      <trkpt lat="29.839606" lon="-99.802784">
        <ele>564.1</ele>
      </trkpt>
      <trkpt lat="29.839606" lon="-99.802784">
        <ele>564.1</ele>
      </trkpt>
      <trkpt lat="29.839669" lon="-99.803015">
        <ele>564.5</ele>
      </trkpt>
      <trkpt lat="29.839669" lon="-99.803015">
        <ele>564.5</ele>
      </trkpt>
      <trkpt lat="29.83956" lon="-99.80338">
        <ele>564.5</ele>
      </trkpt>
      <trkpt lat="29.83956" lon="-99.80338">
        <ele>564.5</ele>
      </trkpt>
      <trkpt lat="29.83953" lon="-99.803718">
        <ele>564.1</ele>
      </trkpt>
      <trkpt lat="29.83953" lon="-99.803718">
        <ele>564.1</ele>
      </trkpt>
      <trkpt lat="29.839625" lon="-99.804184">
        <ele>564.9</ele>
      </trkpt>
      <trkpt lat="29.839625" lon="-99.804184">
        <ele>564.9</ele>
      </trkpt>
      <trkpt lat="29.839882" lon="-99.804869">
        <ele>568.9</ele>
      </trkpt>
      <trkpt lat="29.839882" lon="-99.804869">
        <ele>568.9</ele>
      </trkpt>
      <trkpt lat="29.839936" lon="-99.805036">
        <ele>569.5</ele>
      </trkpt>
      <trkpt lat="29.839936" lon="-99.805036">
        <ele>569.5</ele>
      </trkpt>
      <trkpt lat="29.840415" lon="-99.804896">
        <ele>574.4</ele>
      </trkpt>
      <trkpt lat="29.840415" lon="-99.804896">
        <ele>574.4</ele>
      </trkpt>
      <trkpt lat="29.840856" lon="-99.804724">
        <ele>575.6</ele>
      </trkpt>
      <trkpt lat="29.840856" lon="-99.804724">
        <ele>575.6</ele>
      </trkpt>
      <trkpt lat="29.8413" lon="-99.804446">
        <ele>578.1</ele>
      </trkpt>
      <trkpt lat="29.8413" lon="-99.804446">
        <ele>578.1</ele>
      </trkpt>
      <trkpt lat="29.841489" lon="-99.804156">
        <ele>578.8</ele>
      </trkpt>
      <trkpt lat="29.841489" lon="-99.804156">
        <ele>578.8</ele>
      </trkpt>
      <trkpt lat="29.841575" lon="-99.803866">
        <ele>578.5</ele>
      </trkpt>
      <trkpt lat="29.841575" lon="-99.803866">
        <ele>578.5</ele>
      </trkpt>
      <trkpt lat="29.841307" lon="-99.803603">
        <ele>576.6</ele>
      </trkpt>
      <trkpt lat="29.841307" lon="-99.803603">
        <ele>576.6</ele>
      </trkpt>
      <trkpt lat="29.841049" lon="-99.803383">
        <ele>574.8</ele>
      </trkpt>
      <trkpt lat="29.841049" lon="-99.803383">
        <ele>574.8</ele>
      </trkpt>
      <trkpt lat="29.84093" lon="-99.803142">
        <ele>573.0</ele>
      </trkpt>
      <trkpt lat="29.84093" lon="-99.803142">
        <ele>573.0</ele>
      </trkpt>
      <trkpt lat="29.840951" lon="-99.80289">
        <ele>570.1</ele>
      </trkpt>
      <trkpt lat="29.840951" lon="-99.80289">
        <ele>570.1</ele>
      </trkpt>
      <trkpt lat="29.841065" lon="-99.802541">
        <ele>564.9</ele>
      </trkpt>
      <trkpt lat="29.841065" lon="-99.802541">
        <ele>564.9</ele>
      </trkpt>
      <trkpt lat="29.841383" lon="-99.802353">
        <ele>563.3</ele>
      </trkpt>
      <trkpt lat="29.841383" lon="-99.802353">
        <ele>563.3</ele>
      </trkpt>
      <trkpt lat="29.841688" lon="-99.802132">
        <ele>562.4</ele>
      </trkpt>
      <trkpt lat="29.841688" lon="-99.802132">
        <ele>562.4</ele>
      </trkpt>
      <trkpt lat="29.842099" lon="-99.801719">
        <ele>563.3</ele>
      </trkpt>
      <trkpt lat="29.842099" lon="-99.801719">
        <ele>563.3</ele>
      </trkpt>
      <trkpt lat="29.842298" lon="-99.801654">
        <ele>564.4</ele>
      </trkpt>
      <trkpt lat="29.842298" lon="-99.801654">
        <ele>564.4</ele>
      </trkpt>
      <trkpt lat="29.842573" lon="-99.801547">
        <ele>565.0</ele>
      </trkpt>
      <trkpt lat="29.842573" lon="-99.801547">
        <ele>565.0</ele>
      </trkpt>
      <trkpt lat="29.84282" lon="-99.801229">
        <ele>565.1</ele>
      </trkpt>
      <trkpt lat="29.84282" lon="-99.801229">
        <ele>565.1</ele>
      </trkpt>
      <trkpt lat="29.842935" lon="-99.801009">
        <ele>564.6</ele>
      </trkpt>
      <trkpt lat="29.842935" lon="-99.801009">
        <ele>564.6</ele>
      </trkpt>
      <trkpt lat="29.842999" lon="-99.800848">
        <ele>564.2</ele>
      </trkpt>
      <trkpt lat="29.842999" lon="-99.800848">
        <ele>564.2</ele>
      </trkpt>
      <trkpt lat="29.843109" lon="-99.800663">
        <ele>564.7</ele>
      </trkpt>
      <trkpt lat="29.843109" lon="-99.800663">
        <ele>564.7</ele>
      </trkpt>
      <trkpt lat="29.843142" lon="-99.800274">
        <ele>563.9</ele>
      </trkpt>
      <trkpt lat="29.843142" lon="-99.800274">
        <ele>563.9</ele>
      </trkpt>
      <trkpt lat="29.84312" lon="-99.799874">
        <ele>562.5</ele>
      </trkpt>
      <trkpt lat="29.84312" lon="-99.799874">
        <ele>562.5</ele>
      </trkpt>
      <trkpt lat="29.843005" lon="-99.799591">
        <ele>558.9</ele>
      </trkpt>
      <trkpt lat="29.843005" lon="-99.799591">
        <ele>558.9</ele>
      </trkpt>
      <trkpt lat="29.842972" lon="-99.799352">
        <ele>556.4</ele>
      </trkpt>
      <trkpt lat="29.842972" lon="-99.799352">
        <ele>556.4</ele>
      </trkpt>
      <trkpt lat="29.842919" lon="-99.799181">
        <ele>555.8</ele>
      </trkpt>
      <trkpt lat="29.842919" lon="-99.799181">
        <ele>555.8</ele>
      </trkpt>
      <trkpt lat="29.842924" lon="-99.798524">
        <ele>556.9</ele>
      </trkpt>
      <trkpt lat="29.842924" lon="-99.798524">
        <ele>556.9</ele>
      </trkpt>
      <trkpt lat="29.842889" lon="-99.79802">
        <ele>556.9</ele>
      </trkpt>
      <trkpt lat="29.842889" lon="-99.79802">
        <ele>556.9</ele>
      </trkpt>
      <trkpt lat="29.842923" lon="-99.797637">
        <ele>558.0</ele>
      </trkpt>
      <trkpt lat="29.842923" lon="-99.797637">
        <ele>558.0</ele>
      </trkpt>
      <trkpt lat="29.842831" lon="-99.796824">
        <ele>555.8</ele>
      </trkpt>
      <trkpt lat="29.842831" lon="-99.796824">
        <ele>555.8</ele>
      </trkpt>
      <trkpt lat="29.842895" lon="-99.796695">
        <ele>557.3</ele>
      </trkpt>
      <trkpt lat="29.842895" lon="-99.796695">
        <ele>557.3</ele>
      </trkpt>
      <trkpt lat="29.843157" lon="-99.796594">
        <ele>562.1</ele>
      </trkpt>
      <trkpt lat="29.843157" lon="-99.796594">
        <ele>562.1</ele>
      </trkpt>
      <trkpt lat="29.843216" lon="-99.796471">
        <ele>563.6</ele>
      </trkpt>
      <trkpt lat="29.843216" lon="-99.796471">
        <ele>563.6</ele>
      </trkpt>
      <trkpt lat="29.843171" lon="-99.796205">
        <ele>563.2</ele>
      </trkpt>
      <trkpt lat="29.843171" lon="-99.796205">
        <ele>563.2</ele>
      </trkpt>
      <trkpt lat="29.843184" lon="-99.795894">
        <ele>562.7</ele>
      </trkpt>
      <trkpt lat="29.843184" lon="-99.795894">
        <ele>562.7</ele>
      </trkpt>
      <trkpt lat="29.843134" lon="-99.795717">
        <ele>561.2</ele>
      </trkpt>
      <trkpt lat="29.843134" lon="-99.795717">
        <ele>561.2</ele>
      </trkpt>
      <trkpt lat="29.842998" lon="-99.79547">
        <ele>558.6</ele>
      </trkpt>
      <trkpt lat="29.842998" lon="-99.79547">
        <ele>558.6</ele>
      </trkpt>
      <trkpt lat="29.842979" lon="-99.795342">
        <ele>557.9</ele>
      </trkpt>
      <trkpt lat="29.842979" lon="-99.795342">
        <ele>557.9</ele>
      </trkpt>
      <trkpt lat="29.843259" lon="-99.79498">
        <ele>558.0</ele>
      </trkpt>
      <trkpt lat="29.843259" lon="-99.79498">
        <ele>558.0</ele>
      </trkpt>
      <trkpt lat="29.843307" lon="-99.794789">
        <ele>557.6</ele>
      </trkpt>
      <trkpt lat="29.843307" lon="-99.794789">
        <ele>557.6</ele>
      </trkpt>
      <trkpt lat="29.843292" lon="-99.794435">
        <ele>556.5</ele>
      </trkpt>
      <trkpt lat="29.843292" lon="-99.794435">
        <ele>556.5</ele>
      </trkpt>
      <trkpt lat="29.843393" lon="-99.794145">
        <ele>556.5</ele>
      </trkpt>
      <trkpt lat="29.843393" lon="-99.794145">
        <ele>556.5</ele>
      </trkpt>
      <trkpt lat="29.843472" lon="-99.793949">
        <ele>556.6</ele>
      </trkpt>
      <trkpt lat="29.843472" lon="-99.793949">
        <ele>556.6</ele>
      </trkpt>
      <trkpt lat="29.843794" lon="-99.793604">
        <ele>559.4</ele>
      </trkpt>
      <trkpt lat="29.843794" lon="-99.793604">
        <ele>559.4</ele>
      </trkpt>
      <trkpt lat="29.843931" lon="-99.793524">
        <ele>561.8</ele>
      </trkpt>
      <trkpt lat="29.843931" lon="-99.793524">
        <ele>561.8</ele>
      </trkpt>
      <trkpt lat="29.844109" lon="-99.793235">
        <ele>565.1</ele>
      </trkpt>
      <trkpt lat="29.844109" lon="-99.793235">
        <ele>565.1</ele>
      </trkpt>
      <trkpt lat="29.844278" lon="-99.792994">
        <ele>568.1</ele>
      </trkpt>
      <trkpt lat="29.844278" lon="-99.792994">
        <ele>568.1</ele>
      </trkpt>
      <trkpt lat="29.844299" lon="-99.792817">
        <ele>568.2</ele>
      </trkpt>
      <trkpt lat="29.844299" lon="-99.792817">
        <ele>568.2</ele>
      </trkpt>
      <trkpt lat="29.844209" lon="-99.792447">
        <ele>565.3</ele>
      </trkpt>
      <trkpt lat="29.844209" lon="-99.792447">
        <ele>565.3</ele>
      </trkpt>
      <trkpt lat="29.844188" lon="-99.792163">
        <ele>562.3</ele>
      </trkpt>
      <trkpt lat="29.844188" lon="-99.792163">
        <ele>562.3</ele>
      </trkpt>
      <trkpt lat="29.844249" lon="-99.79183">
        <ele>558.9</ele>
      </trkpt>
      <trkpt lat="29.844249" lon="-99.79183">
        <ele>558.9</ele>
      </trkpt>
      <trkpt lat="29.844249" lon="-99.79183">
        <ele>558.9</ele>
      </trkpt>
      <trkpt lat="29.845405" lon="-99.791293">
        <ele>557.4</ele>
      </trkpt>
      <trkpt lat="29.845405" lon="-99.791293">
        <ele>557.4</ele>
      </trkpt>
      <trkpt lat="29.84577" lon="-99.791082">
        <ele>557.3</ele>
      </trkpt>
      <trkpt lat="29.84577" lon="-99.791082">
        <ele>557.3</ele>
      </trkpt>
      <trkpt lat="29.846131" lon="-99.790931">
        <ele>557.7</ele>
      </trkpt>
      <trkpt lat="29.846131" lon="-99.790931">
        <ele>557.7</ele>
      </trkpt>
      <trkpt lat="29.846279" lon="-99.790796">
        <ele>557.1</ele>
      </trkpt>
      <trkpt lat="29.846279" lon="-99.790796">
        <ele>557.1</ele>
      </trkpt>
      <trkpt lat="29.846532" lon="-99.7904">
        <ele>554.8</ele>
      </trkpt>
      <trkpt lat="29.846532" lon="-99.7904">
        <ele>554.8</ele>
      </trkpt>
      <trkpt lat="29.846805" lon="-99.790164">
        <ele>554.6</ele>
      </trkpt>
      <trkpt lat="29.846805" lon="-99.790164">
        <ele>554.6</ele>
      </trkpt>
      <trkpt lat="29.847277" lon="-99.789917">
        <ele>555.0</ele>
      </trkpt>
      <trkpt lat="29.847277" lon="-99.789917">
        <ele>555.0</ele>
      </trkpt>
      <trkpt lat="29.847428" lon="-99.78974">
        <ele>553.9</ele>
      </trkpt>
      <trkpt lat="29.847428" lon="-99.78974">
        <ele>553.9</ele>
      </trkpt>
      <trkpt lat="29.84757" lon="-99.78959">
        <ele>552.9</ele>
      </trkpt>
      <trkpt lat="29.84756" lon="-99.78955">
        <ele>552.5</ele>
      </trkpt>
      <trkpt lat="29.84768" lon="-99.78952">
        <ele>552.5</ele>
      </trkpt>
      <trkpt lat="29.84782" lon="-99.78949">
        <ele>552.4</ele>
      </trkpt>
      <trkpt lat="29.84804" lon="-99.78945">
        <ele>552.0</ele>
      </trkpt>
      <trkpt lat="29.84826" lon="-99.78942">
        <ele>551.7</ele>
      </trkpt>
      <trkpt lat="29.84837" lon="-99.7894">
        <ele>551.5</ele>
      </trkpt>
      <trkpt lat="29.84839" lon="-99.7894">
        <ele>551.5</ele>
      </trkpt>
      <trkpt lat="29.84875" lon="-99.78934">
        <ele>551.1</ele>
      </trkpt>
      <trkpt lat="29.84876" lon="-99.78934">
        <ele>551.1</ele>
      </trkpt>
      <trkpt lat="29.84894" lon="-99.78931">
        <ele>550.8</ele>
      </trkpt>
      <trkpt lat="29.84911" lon="-99.78929">
        <ele>550.6</ele>
      </trkpt>
      <trkpt lat="29.84931" lon="-99.78927">
        <ele>550.3</ele>
      </trkpt>
      <trkpt lat="29.84956" lon="-99.78927">
        <ele>550.3</ele>
      </trkpt>
      <trkpt lat="29.84964" lon="-99.78927">
        <ele>549.8</ele>
      </trkpt>
      <trkpt lat="29.84982" lon="-99.78929">
        <ele>548.9</ele>
      </trkpt>
      <trkpt lat="29.84983" lon="-99.78929">
        <ele>549.0</ele>
      </trkpt>
      <trkpt lat="29.8499" lon="-99.78929">
        <ele>549.3</ele>
      </trkpt>
      <trkpt lat="29.84992" lon="-99.78929">
        <ele>549.3</ele>
      </trkpt>
      <trkpt lat="29.84999" lon="-99.78927">
        <ele>549.4</ele>
      </trkpt>
      <trkpt lat="29.85" lon="-99.78927">
        <ele>549.5</ele>
      </trkpt>
      <trkpt lat="29.85009" lon="-99.78925">
        <ele>549.7</ele>
      </trkpt>
      <trkpt lat="29.85018" lon="-99.78924">
        <ele>550.1</ele>
      </trkpt>
      <trkpt lat="29.85024" lon="-99.78924">
        <ele>550.3</ele>
      </trkpt>
      <trkpt lat="29.85054" lon="-99.78923">
        <ele>553.2</ele>
      </trkpt>
      <trkpt lat="29.85067" lon="-99.78922">
        <ele>554.3</ele>
      </trkpt>
      <trkpt lat="29.85072" lon="-99.78922">
        <ele>554.8</ele>
      </trkpt>
      <trkpt lat="29.85086" lon="-99.78921">
        <ele>555.5</ele>
      </trkpt>
      <trkpt lat="29.8509" lon="-99.78921">
        <ele>555.7</ele>
      </trkpt>
      <trkpt lat="29.8509" lon="-99.78921">
        <ele>555.7</ele>
      </trkpt>
      <trkpt lat="29.85097" lon="-99.7892">
        <ele>555.7</ele>
      </trkpt>
      <trkpt lat="29.85108" lon="-99.78919">
        <ele>555.9</ele>
      </trkpt>
      <trkpt lat="29.85126" lon="-99.78918">
        <ele>556.4</ele>
      </trkpt>
      <trkpt lat="29.85146" lon="-99.78917">
        <ele>555.3</ele>
      </trkpt>
      <trkpt lat="29.85174" lon="-99.78913">
        <ele>554.2</ele>
      </trkpt>
      <trkpt lat="29.8518" lon="-99.78913">
        <ele>554.3</ele>
      </trkpt>
      <trkpt lat="29.85183" lon="-99.78913">
        <ele>554.4</ele>
      </trkpt>
      <trkpt lat="29.85209" lon="-99.78916">
        <ele>557.1</ele>
      </trkpt>
      <trkpt lat="29.8522" lon="-99.78916">
        <ele>558.1</ele>
      </trkpt>
      <trkpt lat="29.85231" lon="-99.78918">
        <ele>559.1</ele>
      </trkpt>
      <trkpt lat="29.85251" lon="-99.78922">
        <ele>561.0</ele>
      </trkpt>
      <trkpt lat="29.8527" lon="-99.78926">
        <ele>563.2</ele>
      </trkpt>
      <trkpt lat="29.85277" lon="-99.78929">
        <ele>564.3</ele>
      </trkpt>
      <trkpt lat="29.85289" lon="-99.78933">
        <ele>565.7</ele>
      </trkpt>
      <trkpt lat="29.85303" lon="-99.78937">
        <ele>566.8</ele>
      </trkpt>
      <trkpt lat="29.8531" lon="-99.7894">
        <ele>567.5</ele>
      </trkpt>
      <trkpt lat="29.85325" lon="-99.78943">
        <ele>567.9</ele>
      </trkpt>
      <trkpt lat="29.85332" lon="-99.78946">
        <ele>568.4</ele>
      </trkpt>
      <trkpt lat="29.8534" lon="-99.78947">
        <ele>568.4</ele>
      </trkpt>
      <trkpt lat="29.85356" lon="-99.78951">
        <ele>568.6</ele>
      </trkpt>
      <trkpt lat="29.85357" lon="-99.78951">
        <ele>568.6</ele>
      </trkpt>
      <trkpt lat="29.85373" lon="-99.78955">
        <ele>568.7</ele>
      </trkpt>
      <trkpt lat="29.85392" lon="-99.7896">
        <ele>568.7</ele>
      </trkpt>
      <trkpt lat="29.8541" lon="-99.78964">
        <ele>568.5</ele>
      </trkpt>
      <trkpt lat="29.85426" lon="-99.78968">
        <ele>568.4</ele>
      </trkpt>
      <trkpt lat="29.85442" lon="-99.78972">
        <ele>568.5</ele>
      </trkpt>
      <trkpt lat="29.85444" lon="-99.78973">
        <ele>568.6</ele>
      </trkpt>
      <trkpt lat="29.85481" lon="-99.78983">
        <ele>569.6</ele>
      </trkpt>
      <trkpt lat="29.85498" lon="-99.78987">
        <ele>569.7</ele>
      </trkpt>
      <trkpt lat="29.85514" lon="-99.78992">
        <ele>569.8</ele>
      </trkpt>
      <trkpt lat="29.85516" lon="-99.78993">
        <ele>569.9</ele>
      </trkpt>
      <trkpt lat="29.85549" lon="-99.79001">
        <ele>570.0</ele>
      </trkpt>
      <trkpt lat="29.85552" lon="-99.79002">
        <ele>570.0</ele>
      </trkpt>
      <trkpt lat="29.8557" lon="-99.79005">
        <ele>570.0</ele>
      </trkpt>
      <trkpt lat="29.85579" lon="-99.79006">
        <ele>570.0</ele>
      </trkpt>
      <trkpt lat="29.85602" lon="-99.79009">
        <ele>570.1</ele>
      </trkpt>
      <trkpt lat="29.85603" lon="-99.79009">
        <ele>570.1</ele>
      </trkpt>
      <trkpt lat="29.85603" lon="-99.79009">
        <ele>570.1</ele>
      </trkpt>
      <trkpt lat="29.85615" lon="-99.7901">
        <ele>570.2</ele>
      </trkpt>
      <trkpt lat="29.85642" lon="-99.79013">
        <ele>570.2</ele>
      </trkpt>
      <trkpt lat="29.85674" lon="-99.79018">
        <ele>569.9</ele>
      </trkpt>
      <trkpt lat="29.85684" lon="-99.7902">
        <ele>569.7</ele>
      </trkpt>
      <trkpt lat="29.85695" lon="-99.79026">
        <ele>569.8</ele>
      </trkpt>
      <trkpt lat="29.85705" lon="-99.79036">
        <ele>570.2</ele>
      </trkpt>
      <trkpt lat="29.85706" lon="-99.79036">
        <ele>570.2</ele>
      </trkpt>
      <trkpt lat="29.85729" lon="-99.79059">
        <ele>570.5</ele>
      </trkpt>
      <trkpt lat="29.85735" lon="-99.79066">
        <ele>570.5</ele>
      </trkpt>
      <trkpt lat="29.8574" lon="-99.79074">
        <ele>570.6</ele>
      </trkpt>
      <trkpt lat="29.85745" lon="-99.79082">
        <ele>570.6</ele>
      </trkpt>
      <trkpt lat="29.85761" lon="-99.79108">
        <ele>570.4</ele>
      </trkpt>
      <trkpt lat="29.85764" lon="-99.79113">
        <ele>570.3</ele>
      </trkpt>
      <trkpt lat="29.85771" lon="-99.79126">
        <ele>570.1</ele>
      </trkpt>
      <trkpt lat="29.8578" lon="-99.79145">
        <ele>569.7</ele>
      </trkpt>
      <trkpt lat="29.85782" lon="-99.79149">
        <ele>569.6</ele>
      </trkpt>
      <trkpt lat="29.85789" lon="-99.79168">
        <ele>569.2</ele>
      </trkpt>
      <trkpt lat="29.85791" lon="-99.79173">
        <ele>569.1</ele>
      </trkpt>
      <trkpt lat="29.85796" lon="-99.79188">
        <ele>568.7</ele>
      </trkpt>
      <trkpt lat="29.85796" lon="-99.79188">
        <ele>568.7</ele>
      </trkpt>
      <trkpt lat="29.85797" lon="-99.79192">
        <ele>568.6</ele>
      </trkpt>
      <trkpt lat="29.85801" lon="-99.79207">
        <ele>568.2</ele>
      </trkpt>
      <trkpt lat="29.85801" lon="-99.79211">
        <ele>568.2</ele>
      </trkpt>
      <trkpt lat="29.85803" lon="-99.7922">
        <ele>567.7</ele>
      </trkpt>
      <trkpt lat="29.85804" lon="-99.79228">
        <ele>567.3</ele>
      </trkpt>
      <trkpt lat="29.85806" lon="-99.79249">
        <ele>566.0</ele>
      </trkpt>
      <trkpt lat="29.85806" lon="-99.79252">
        <ele>565.7</ele>
      </trkpt>
      <trkpt lat="29.85805" lon="-99.79264">
        <ele>564.6</ele>
      </trkpt>
      <trkpt lat="29.85803" lon="-99.79269">
        <ele>564.3</ele>
      </trkpt>
      <trkpt lat="29.85801" lon="-99.79274">
        <ele>564.0</ele>
      </trkpt>
      <trkpt lat="29.85793" lon="-99.79291">
        <ele>563.1</ele>
      </trkpt>
      <trkpt lat="29.85782" lon="-99.79317">
        <ele>558.4</ele>
      </trkpt>
      <trkpt lat="29.85779" lon="-99.79326">
        <ele>556.2</ele>
      </trkpt>
      <trkpt lat="29.85775" lon="-99.79337">
        <ele>555.2</ele>
      </trkpt>
      <trkpt lat="29.85772" lon="-99.79344">
        <ele>555.1</ele>
      </trkpt>
      <trkpt lat="29.85766" lon="-99.79363">
        <ele>555.2</ele>
      </trkpt>
      <trkpt lat="29.8576" lon="-99.79382">
        <ele>555.3</ele>
      </trkpt>
      <trkpt lat="29.8576" lon="-99.79383">
        <ele>555.3</ele>
      </trkpt>
      <trkpt lat="29.85756" lon="-99.79392">
        <ele>555.2</ele>
      </trkpt>
      <trkpt lat="29.85751" lon="-99.79399">
        <ele>555.2</ele>
      </trkpt>
      <trkpt lat="29.85751" lon="-99.794">
        <ele>555.2</ele>
      </trkpt>
      <trkpt lat="29.8574" lon="-99.79415">
        <ele>555.2</ele>
      </trkpt>
      <trkpt lat="29.85739" lon="-99.79416">
        <ele>555.2</ele>
      </trkpt>
      <trkpt lat="29.85734" lon="-99.79422">
        <ele>555.4</ele>
      </trkpt>
      <trkpt lat="29.85722" lon="-99.79433">
        <ele>555.3</ele>
      </trkpt>
      <trkpt lat="29.85697" lon="-99.79455">
        <ele>555.5</ele>
      </trkpt>
      <trkpt lat="29.85693" lon="-99.79459">
        <ele>555.8</ele>
      </trkpt>
      <trkpt lat="29.85684" lon="-99.79468">
        <ele>556.3</ele>
      </trkpt>
      <trkpt lat="29.85683" lon="-99.79469">
        <ele>556.4</ele>
      </trkpt>
      <trkpt lat="29.85676" lon="-99.79478">
        <ele>556.8</ele>
      </trkpt>
      <trkpt lat="29.85671" lon="-99.79484">
        <ele>557.2</ele>
      </trkpt>
      <trkpt lat="29.85668" lon="-99.79488">
        <ele>557.4</ele>
      </trkpt>
      <trkpt lat="29.85663" lon="-99.79499">
        <ele>557.9</ele>
      </trkpt>
      <trkpt lat="29.85662" lon="-99.79502">
        <ele>558.0</ele>
      </trkpt>
      <trkpt lat="29.85661" lon="-99.79512">
        <ele>558.5</ele>
      </trkpt>
      <trkpt lat="29.85661" lon="-99.79517">
        <ele>558.8</ele>
      </trkpt>
      <trkpt lat="29.85662" lon="-99.79527">
        <ele>559.5</ele>
      </trkpt>
      <trkpt lat="29.85665" lon="-99.79542">
        <ele>560.9</ele>
      </trkpt>
      <trkpt lat="29.85665" lon="-99.79543">
        <ele>560.9</ele>
      </trkpt>
      <trkpt lat="29.85671" lon="-99.79562">
        <ele>563.2</ele>
      </trkpt>
      <trkpt lat="29.85672" lon="-99.79564">
        <ele>563.6</ele>
      </trkpt>
      <trkpt lat="29.85679" lon="-99.7958">
        <ele>564.5</ele>
      </trkpt>
      <trkpt lat="29.8568" lon="-99.7958">
        <ele>564.9</ele>
      </trkpt>
      <trkpt lat="29.85684" lon="-99.79588">
        <ele>565.4</ele>
      </trkpt>
      <trkpt lat="29.8569" lon="-99.79598">
        <ele>566.2</ele>
      </trkpt>
      <trkpt lat="29.85699" lon="-99.79613">
        <ele>566.9</ele>
      </trkpt>
      <trkpt lat="29.857" lon="-99.79615">
        <ele>566.9</ele>
      </trkpt>
      <trkpt lat="29.85702" lon="-99.7962">
        <ele>566.6</ele>
      </trkpt>
      <trkpt lat="29.85704" lon="-99.79628">
        <ele>565.6</ele>
      </trkpt>
      <trkpt lat="29.85707" lon="-99.79633">
        <ele>565.5</ele>
      </trkpt>
      <trkpt lat="29.85709" lon="-99.79636">
        <ele>565.5</ele>
      </trkpt>
      <trkpt lat="29.8572" lon="-99.79648">
        <ele>566.0</ele>
      </trkpt>
      <trkpt lat="29.85721" lon="-99.7965">
        <ele>565.7</ele>
      </trkpt>
      <trkpt lat="29.85728" lon="-99.79657">
        <ele>565.5</ele>
      </trkpt>
      <trkpt lat="29.85734" lon="-99.79661">
        <ele>566.0</ele>
      </trkpt>
      <trkpt lat="29.85736" lon="-99.79663">
        <ele>566.0</ele>
      </trkpt>
      <trkpt lat="29.85749" lon="-99.79672">
        <ele>567.3</ele>
      </trkpt>
      <trkpt lat="29.8576" lon="-99.79685">
        <ele>567.7</ele>
      </trkpt>
      <trkpt lat="29.85762" lon="-99.79687">
        <ele>567.7</ele>
      </trkpt>
      <trkpt lat="29.85767" lon="-99.79692">
        <ele>567.7</ele>
      </trkpt>
      <trkpt lat="29.85776" lon="-99.79699">
        <ele>568.1</ele>
      </trkpt>
      <trkpt lat="29.85781" lon="-99.79702">
        <ele>568.6</ele>
      </trkpt>
      <trkpt lat="29.85792" lon="-99.79709">
        <ele>569.7</ele>
      </trkpt>
      <trkpt lat="29.85796" lon="-99.79712">
        <ele>569.8</ele>
      </trkpt>
      <trkpt lat="29.85804" lon="-99.79718">
        <ele>570.5</ele>
      </trkpt>
      <trkpt lat="29.85807" lon="-99.7972">
        <ele>570.7</ele>
      </trkpt>
      <trkpt lat="29.85813" lon="-99.79725">
        <ele>570.7</ele>
      </trkpt>
      <trkpt lat="29.85821" lon="-99.79733">
        <ele>569.9</ele>
      </trkpt>
      <trkpt lat="29.85836" lon="-99.79749">
        <ele>569.1</ele>
      </trkpt>
      <trkpt lat="29.85848" lon="-99.7976">
        <ele>569.5</ele>
      </trkpt>
      <trkpt lat="29.85876" lon="-99.79787">
        <ele>569.9</ele>
      </trkpt>
      <trkpt lat="29.85888" lon="-99.79798">
        <ele>570.3</ele>
      </trkpt>
      <trkpt lat="29.85903" lon="-99.79814">
        <ele>570.4</ele>
      </trkpt>
      <trkpt lat="29.85904" lon="-99.79815">
        <ele>570.5</ele>
      </trkpt>
      <trkpt lat="29.8591" lon="-99.79821">
        <ele>570.7</ele>
      </trkpt>
      <trkpt lat="29.85917" lon="-99.79828">
        <ele>571.0</ele>
      </trkpt>
      <trkpt lat="29.85921" lon="-99.79832">
        <ele>571.3</ele>
      </trkpt>
      <trkpt lat="29.85956" lon="-99.79866">
        <ele>576.3</ele>
      </trkpt>
      <trkpt lat="29.85958" lon="-99.79868">
        <ele>576.5</ele>
      </trkpt>
      <trkpt lat="29.85975" lon="-99.79886">
        <ele>578.1</ele>
      </trkpt>
      <trkpt lat="29.85975" lon="-99.79886">
        <ele>578.1</ele>
      </trkpt>
      <trkpt lat="29.86004" lon="-99.799188">
        <ele>579.2</ele>
      </trkpt>
      <trkpt lat="29.86004" lon="-99.799188">
        <ele>579.2</ele>
      </trkpt>
      <trkpt lat="29.86004" lon="-99.799188">
        <ele>579.2</ele>
      </trkpt>
      <trkpt lat="29.860847" lon="-99.799791">
        <ele>579.9</ele>
      </trkpt>
      <trkpt lat="29.860847" lon="-99.799791">
        <ele>579.9</ele>
      </trkpt>
      <trkpt lat="29.861379" lon="-99.800007">
        <ele>577.1</ele>
      </trkpt>
      <trkpt lat="29.861379" lon="-99.800007">
        <ele>577.1</ele>
      </trkpt>
      <trkpt lat="29.86153" lon="-99.799959">
        <ele>577.5</ele>
      </trkpt>
      <trkpt lat="29.86153" lon="-99.799959">
        <ele>577.5</ele>
      </trkpt>
      <trkpt lat="29.861714" lon="-99.800034">
        <ele>576.3</ele>
      </trkpt>
      <trkpt lat="29.861714" lon="-99.800034">
        <ele>576.3</ele>
      </trkpt>
      <trkpt lat="29.861791" lon="-99.800184">
        <ele>575.8</ele>
      </trkpt>
      <trkpt lat="29.861791" lon="-99.800184">
        <ele>575.8</ele>
      </trkpt>
      <trkpt lat="29.862382" lon="-99.800201">
        <ele>577.4</ele>
      </trkpt>
      <trkpt lat="29.862382" lon="-99.800201">
        <ele>577.4</ele>
      </trkpt>
      <trkpt lat="29.863158" lon="-99.800108">
        <ele>578.8</ele>
      </trkpt>
      <trkpt lat="29.863158" lon="-99.800108">
        <ele>578.8</ele>
      </trkpt>
      <trkpt lat="29.863455" lon="-99.80016">
        <ele>573.3</ele>
      </trkpt>
      <trkpt lat="29.863455" lon="-99.80016">
        <ele>573.3</ele>
      </trkpt>
      <trkpt lat="29.863797" lon="-99.80016">
        <ele>569.8</ele>
      </trkpt>
      <trkpt lat="29.863797" lon="-99.80016">
        <ele>569.8</ele>
      </trkpt>
      <trkpt lat="29.864081" lon="-99.8003">
        <ele>570.0</ele>
      </trkpt>
      <trkpt lat="29.864081" lon="-99.8003">
        <ele>570.0</ele>
      </trkpt>
      <trkpt lat="29.864081" lon="-99.8003">
        <ele>570.0</ele>
      </trkpt>
      <trkpt lat="29.864937" lon="-99.799975">
        <ele>572.6</ele>
      </trkpt>
      <trkpt lat="29.864937" lon="-99.799975">
        <ele>572.6</ele>
      </trkpt>
      <trkpt lat="29.865357" lon="-99.799928">
        <ele>577.3</ele>
      </trkpt>
      <trkpt lat="29.865357" lon="-99.799928">
        <ele>577.3</ele>
      </trkpt>
      <trkpt lat="29.865797" lon="-99.799811">
        <ele>579.0</ele>
      </trkpt>
      <trkpt lat="29.865797" lon="-99.799811">
        <ele>579.0</ele>
      </trkpt>
      <trkpt lat="29.86608" lon="-99.799824">
        <ele>579.7</ele>
      </trkpt>
      <trkpt lat="29.86608" lon="-99.799824">
        <ele>579.7</ele>
      </trkpt>
      <trkpt lat="29.866502" lon="-99.799848">
        <ele>577.5</ele>
      </trkpt>
      <trkpt lat="29.866502" lon="-99.799848">
        <ele>577.5</ele>
      </trkpt>
      <trkpt lat="29.866649" lon="-99.799913">
        <ele>575.8</ele>
      </trkpt>
      <trkpt lat="29.866649" lon="-99.799913">
        <ele>575.8</ele>
      </trkpt>
      <trkpt lat="29.867009" lon="-99.80023">
        <ele>577.0</ele>
      </trkpt>
      <trkpt lat="29.867009" lon="-99.80023">
        <ele>577.0</ele>
      </trkpt>
      <trkpt lat="29.867266" lon="-99.800375">
        <ele>581.8</ele>
      </trkpt>
      <trkpt lat="29.867266" lon="-99.800375">
        <ele>581.8</ele>
      </trkpt>
      <trkpt lat="29.867608" lon="-99.800692">
        <ele>578.4</ele>
      </trkpt>
      <trkpt lat="29.867608" lon="-99.800692">
        <ele>578.4</ele>
      </trkpt>
      <trkpt lat="29.867633" lon="-99.800831">
        <ele>579.1</ele>
      </trkpt>
      <trkpt lat="29.867633" lon="-99.800831">
        <ele>579.1</ele>
      </trkpt>
      <trkpt lat="29.867547" lon="-99.800842">
        <ele>581.0</ele>
      </trkpt>
      <trkpt lat="29.867547" lon="-99.800842">
        <ele>581.0</ele>
      </trkpt>
      <trkpt lat="29.867201" lon="-99.80067">
        <ele>585.4</ele>
      </trkpt>
      <trkpt lat="29.867201" lon="-99.80067">
        <ele>585.4</ele>
      </trkpt>
      <trkpt lat="29.866994" lon="-99.800627">
        <ele>587.2</ele>
      </trkpt>
      <trkpt lat="29.866994" lon="-99.800627">
        <ele>587.2</ele>
      </trkpt>
      <trkpt lat="29.86694" lon="-99.800745">
        <ele>589.1</ele>
      </trkpt>
      <trkpt lat="29.86694" lon="-99.800745">
        <ele>589.1</ele>
      </trkpt>
      <trkpt lat="29.867045" lon="-99.801121">
        <ele>593.6</ele>
      </trkpt>
      <trkpt lat="29.867045" lon="-99.801121">
        <ele>593.6</ele>
      </trkpt>
      <trkpt lat="29.86701" lon="-99.801207">
        <ele>595.7</ele>
      </trkpt>
      <trkpt lat="29.86701" lon="-99.801207">
        <ele>595.7</ele>
      </trkpt>
      <trkpt lat="29.866798" lon="-99.801105">
        <ele>595.6</ele>
      </trkpt>
      <trkpt lat="29.866798" lon="-99.801105">
        <ele>595.6</ele>
      </trkpt>
      <trkpt lat="29.866669" lon="-99.801034">
        <ele>595.3</ele>
      </trkpt>
      <trkpt lat="29.866669" lon="-99.801034">
        <ele>595.3</ele>
      </trkpt>
      <trkpt lat="29.866644" lon="-99.800744">
        <ele>591.4</ele>
      </trkpt>
      <trkpt lat="29.866644" lon="-99.800744">
        <ele>591.4</ele>
      </trkpt>
      <trkpt lat="29.866781" lon="-99.800588">
        <ele>588.4</ele>
      </trkpt>
      <trkpt lat="29.866781" lon="-99.800588">
        <ele>588.4</ele>
      </trkpt>
      <trkpt lat="29.867008" lon="-99.800589">
        <ele>586.6</ele>
      </trkpt>
      <trkpt lat="29.867008" lon="-99.800589">
        <ele>586.6</ele>
      </trkpt>
      <trkpt lat="29.867123" lon="-99.800629">
        <ele>585.9</ele>
      </trkpt>
      <trkpt lat="29.867123" lon="-99.800629">
        <ele>585.9</ele>
      </trkpt>
      <trkpt lat="29.867417" lon="-99.800755">
        <ele>582.7</ele>
      </trkpt>
      <trkpt lat="29.867417" lon="-99.800755">
        <ele>582.7</ele>
      </trkpt>
      <trkpt lat="29.867607" lon="-99.800855">
        <ele>579.9</ele>
      </trkpt>
      <trkpt lat="29.867607" lon="-99.800855">
        <ele>579.9</ele>
      </trkpt>
      <trkpt lat="29.867649" lon="-99.800761">
        <ele>578.2</ele>
      </trkpt>
      <trkpt lat="29.867649" lon="-99.800761">
        <ele>578.2</ele>
      </trkpt>
      <trkpt lat="29.867467" lon="-99.800561">
        <ele>580.4</ele>
      </trkpt>
      <trkpt lat="29.867467" lon="-99.800561">
        <ele>580.4</ele>
      </trkpt>
      <trkpt lat="29.867231" lon="-99.800355">
        <ele>581.4</ele>
      </trkpt>
      <trkpt lat="29.867231" lon="-99.800355">
        <ele>581.4</ele>
      </trkpt>
      <trkpt lat="29.867098" lon="-99.80028">
        <ele>578.6</ele>
      </trkpt>
      <trkpt lat="29.867098" lon="-99.80028">
        <ele>578.6</ele>
      </trkpt>
      <trkpt lat="29.866629" lon="-99.799904">
        <ele>576.2</ele>
      </trkpt>
      <trkpt lat="29.866629" lon="-99.799904">
        <ele>576.2</ele>
      </trkpt>
      <trkpt lat="29.866421" lon="-99.799821">
        <ele>577.6</ele>
      </trkpt>
      <trkpt lat="29.866421" lon="-99.799821">
        <ele>577.6</ele>
      </trkpt>
      <trkpt lat="29.865886" lon="-99.799815">
        <ele>579.4</ele>
      </trkpt>
      <trkpt lat="29.865886" lon="-99.799815">
        <ele>579.4</ele>
      </trkpt>
      <trkpt lat="29.865581" lon="-99.799868">
        <ele>579.1</ele>
      </trkpt>
      <trkpt lat="29.865581" lon="-99.799868">
        <ele>579.1</ele>
      </trkpt>
      <trkpt lat="29.865273" lon="-99.799937">
        <ele>576.3</ele>
      </trkpt>
      <trkpt lat="29.865273" lon="-99.799937">
        <ele>576.3</ele>
      </trkpt>
      <trkpt lat="29.864971" lon="-99.799971">
        <ele>573.0</ele>
      </trkpt>
      <trkpt lat="29.864971" lon="-99.799971">
        <ele>573.0</ele>
      </trkpt>
      <trkpt lat="29.864153" lon="-99.800273">
        <ele>569.8</ele>
      </trkpt>
      <trkpt lat="29.864153" lon="-99.800273">
        <ele>569.8</ele>
      </trkpt>
      <trkpt lat="29.86399" lon="-99.800255">
        <ele>569.3</ele>
      </trkpt>
      <trkpt lat="29.86399" lon="-99.800255">
        <ele>569.3</ele>
      </trkpt>
      <trkpt lat="29.863766" lon="-99.80016">
        <ele>570.0</ele>
      </trkpt>
      <trkpt lat="29.863766" lon="-99.80016">
        <ele>570.0</ele>
      </trkpt>
      <trkpt lat="29.863198" lon="-99.800115">
        <ele>578.1</ele>
      </trkpt>
      <trkpt lat="29.863198" lon="-99.800115">
        <ele>578.1</ele>
      </trkpt>
      <trkpt lat="29.862672" lon="-99.800166">
        <ele>579.5</ele>
      </trkpt>
      <trkpt lat="29.862672" lon="-99.800166">
        <ele>579.5</ele>
      </trkpt>
      <trkpt lat="29.862314" lon="-99.800199">
        <ele>577.3</ele>
      </trkpt>
      <trkpt lat="29.862314" lon="-99.800199">
        <ele>577.3</ele>
      </trkpt>
      <trkpt lat="29.861818" lon="-99.800186">
        <ele>576.0</ele>
      </trkpt>
      <trkpt lat="29.861818" lon="-99.800186">
        <ele>576.0</ele>
      </trkpt>
      <trkpt lat="29.86173" lon="-99.800064">
        <ele>576.4</ele>
      </trkpt>
      <trkpt lat="29.86173" lon="-99.800064">
        <ele>576.4</ele>
      </trkpt>
      <trkpt lat="29.861645" lon="-99.799962">
        <ele>576.1</ele>
      </trkpt>
      <trkpt lat="29.861645" lon="-99.799962">
        <ele>576.1</ele>
      </trkpt>
      <trkpt lat="29.861441" lon="-99.799987">
        <ele>577.4</ele>
      </trkpt>
      <trkpt lat="29.861441" lon="-99.799987">
        <ele>577.4</ele>
      </trkpt>
      <trkpt lat="29.861343" lon="-99.799993">
        <ele>577.7</ele>
      </trkpt>
      <trkpt lat="29.861343" lon="-99.799993">
        <ele>577.7</ele>
      </trkpt>
      <trkpt lat="29.860878" lon="-99.799804">
        <ele>580.0</ele>
      </trkpt>
      <trkpt lat="29.860878" lon="-99.799804">
        <ele>580.0</ele>
      </trkpt>
      <trkpt lat="29.860352" lon="-99.799421">
        <ele>580.2</ele>
      </trkpt>
      <trkpt lat="29.860352" lon="-99.799421">
        <ele>580.2</ele>
      </trkpt>
      <trkpt lat="29.859755" lon="-99.798922">
        <ele>577.2</ele>
      </trkpt>
      <trkpt lat="29.859755" lon="-99.798922">
        <ele>577.2</ele>
      </trkpt>
      <trkpt lat="29.859208" lon="-99.798377">
        <ele>570.5</ele>
      </trkpt>
      <trkpt lat="29.859208" lon="-99.798377">
        <ele>570.5</ele>
      </trkpt>
      <trkpt lat="29.858588" lon="-99.797761">
        <ele>568.3</ele>
      </trkpt>
      <trkpt lat="29.858588" lon="-99.797761">
        <ele>568.3</ele>
      </trkpt>
      <trkpt lat="29.858102" lon="-99.797274">
        <ele>569.1</ele>
      </trkpt>
      <trkpt lat="29.858102" lon="-99.797274">
        <ele>569.1</ele>
      </trkpt>
      <trkpt lat="29.857732" lon="-99.797023">
        <ele>566.2</ele>
      </trkpt>
      <trkpt lat="29.857732" lon="-99.797023">
        <ele>566.2</ele>
      </trkpt>
      <trkpt lat="29.857481" lon="-99.796714">
        <ele>567.1</ele>
      </trkpt>
      <trkpt lat="29.857481" lon="-99.796714">
        <ele>567.1</ele>
      </trkpt>
      <trkpt lat="29.857231" lon="-99.796575">
        <ele>564.1</ele>
      </trkpt>
      <trkpt lat="29.857231" lon="-99.796575">
        <ele>564.1</ele>
      </trkpt>
      <trkpt lat="29.857535" lon="-99.796955">
        <ele>562.6</ele>
      </trkpt>
      <trkpt lat="29.857535" lon="-99.796955">
        <ele>562.6</ele>
      </trkpt>
      <trkpt lat="29.858038" lon="-99.797509">
        <ele>561.0</ele>
      </trkpt>
      <trkpt lat="29.858038" lon="-99.797509">
        <ele>561.0</ele>
      </trkpt>
      <trkpt lat="29.858313" lon="-99.797722">
        <ele>562.5</ele>
      </trkpt>
      <trkpt lat="29.858313" lon="-99.797722">
        <ele>562.5</ele>
      </trkpt>
      <trkpt lat="29.8588" lon="-99.79814">
        <ele>565.8</ele>
      </trkpt>
      <trkpt lat="29.8588" lon="-99.79814">
        <ele>565.8</ele>
      </trkpt>
      <trkpt lat="29.859102" lon="-99.798436">
        <ele>567.6</ele>
      </trkpt>
      <trkpt lat="29.859102" lon="-99.798436">
        <ele>567.6</ele>
      </trkpt>
      <trkpt lat="29.859196" lon="-99.798565">
        <ele>568.0</ele>
      </trkpt>
      <trkpt lat="29.859196" lon="-99.798565">
        <ele>568.0</ele>
      </trkpt>
      <trkpt lat="29.859257" lon="-99.798707">
        <ele>567.5</ele>
      </trkpt>
      <trkpt lat="29.859257" lon="-99.798707">
        <ele>567.5</ele>
      </trkpt>
      <trkpt lat="29.859303" lon="-99.798892">
        <ele>567.3</ele>
      </trkpt>
      <trkpt lat="29.859303" lon="-99.798892">
        <ele>567.3</ele>
      </trkpt>
      <trkpt lat="29.859209" lon="-99.798999">
        <ele>567.3</ele>
      </trkpt>
      <trkpt lat="29.859209" lon="-99.798999">
        <ele>567.3</ele>
      </trkpt>
      <trkpt lat="29.85904" lon="-99.798823">
        <ele>566.0</ele>
      </trkpt>
      <trkpt lat="29.85904" lon="-99.798823">
        <ele>566.0</ele>
      </trkpt>
      <trkpt lat="29.858748" lon="-99.798598">
        <ele>565.4</ele>
      </trkpt>
      <trkpt lat="29.858748" lon="-99.798598">
        <ele>565.4</ele>
      </trkpt>
      <trkpt lat="29.858526" lon="-99.798415">
        <ele>565.3</ele>
      </trkpt>
      <trkpt lat="29.858526" lon="-99.798415">
        <ele>565.3</ele>
      </trkpt>
      <trkpt lat="29.858388" lon="-99.798367">
        <ele>567.1</ele>
      </trkpt>
      <trkpt lat="29.858388" lon="-99.798367">
        <ele>567.1</ele>
      </trkpt>
      <trkpt lat="29.858185" lon="-99.798043">
        <ele>560.9</ele>
      </trkpt>
      <trkpt lat="29.858185" lon="-99.798043">
        <ele>560.9</ele>
      </trkpt>
      <trkpt lat="29.857891" lon="-99.797753">
        <ele>559.5</ele>
      </trkpt>
      <trkpt lat="29.857891" lon="-99.797753">
        <ele>559.5</ele>
      </trkpt>
      <trkpt lat="29.857562" lon="-99.797474">
        <ele>558.9</ele>
      </trkpt>
      <trkpt lat="29.857562" lon="-99.797474">
        <ele>558.9</ele>
      </trkpt>
      <trkpt lat="29.857337" lon="-99.797283">
        <ele>558.8</ele>
      </trkpt>
      <trkpt lat="29.857337" lon="-99.797283">
        <ele>558.8</ele>
      </trkpt>
      <trkpt lat="29.857108" lon="-99.796993">
        <ele>558.8</ele>
      </trkpt>
      <trkpt lat="29.857108" lon="-99.796993">
        <ele>558.8</ele>
      </trkpt>
      <trkpt lat="29.856954" lon="-99.796681">
        <ele>558.6</ele>
      </trkpt>
      <trkpt lat="29.856954" lon="-99.796681">
        <ele>558.6</ele>
      </trkpt>
      <trkpt lat="29.856823" lon="-99.796353">
        <ele>558.9</ele>
      </trkpt>
      <trkpt lat="29.856823" lon="-99.796353">
        <ele>558.9</ele>
      </trkpt>
      <trkpt lat="29.856845" lon="-99.795961">
        <ele>564.4</ele>
      </trkpt>
      <trkpt lat="29.856845" lon="-99.795961">
        <ele>564.4</ele>
      </trkpt>
      <trkpt lat="29.856797" lon="-99.7958">
        <ele>564.8</ele>
      </trkpt>
      <trkpt lat="29.85672" lon="-99.79564">
        <ele>563.6</ele>
      </trkpt>
      <trkpt lat="29.85671" lon="-99.79562">
        <ele>563.2</ele>
      </trkpt>
      <trkpt lat="29.85665" lon="-99.79543">
        <ele>560.9</ele>
      </trkpt>
      <trkpt lat="29.85665" lon="-99.79542">
        <ele>560.9</ele>
      </trkpt>
      <trkpt lat="29.85662" lon="-99.79527">
        <ele>559.5</ele>
      </trkpt>
      <trkpt lat="29.85661" lon="-99.79512">
        <ele>558.5</ele>
      </trkpt>
      <trkpt lat="29.85662" lon="-99.79502">
        <ele>558.0</ele>
      </trkpt>
      <trkpt lat="29.85663" lon="-99.79499">
        <ele>557.9</ele>
      </trkpt>
      <trkpt lat="29.85668" lon="-99.79488">
        <ele>557.4</ele>
      </trkpt>
      <trkpt lat="29.85671" lon="-99.79484">
        <ele>557.2</ele>
      </trkpt>
      <trkpt lat="29.85676" lon="-99.79478">
        <ele>556.8</ele>
      </trkpt>
      <trkpt lat="29.85683" lon="-99.79469">
        <ele>556.4</ele>
      </trkpt>
      <trkpt lat="29.85684" lon="-99.79468">
        <ele>556.3</ele>
      </trkpt>
      <trkpt lat="29.85693" lon="-99.79459">
        <ele>555.8</ele>
      </trkpt>
      <trkpt lat="29.85697" lon="-99.79455">
        <ele>555.5</ele>
      </trkpt>
      <trkpt lat="29.85722" lon="-99.79433">
        <ele>555.3</ele>
      </trkpt>
      <trkpt lat="29.85734" lon="-99.79422">
        <ele>555.4</ele>
      </trkpt>
      <trkpt lat="29.85735" lon="-99.7942">
        <ele>555.3</ele>
      </trkpt>
      <trkpt lat="29.85735" lon="-99.7942">
        <ele>555.3</ele>
      </trkpt>
      <trkpt lat="29.85739" lon="-99.79416">
        <ele>555.2</ele>
      </trkpt>
      <trkpt lat="29.8574" lon="-99.79415">
        <ele>555.2</ele>
      </trkpt>
      <trkpt lat="29.85751" lon="-99.794">
        <ele>555.2</ele>
      </trkpt>
      <trkpt lat="29.85751" lon="-99.79399">
        <ele>555.2</ele>
      </trkpt>
      <trkpt lat="29.85756" lon="-99.79392">
        <ele>555.2</ele>
      </trkpt>
      <trkpt lat="29.8576" lon="-99.79383">
        <ele>555.3</ele>
      </trkpt>
      <trkpt lat="29.8576" lon="-99.79382">
        <ele>555.3</ele>
      </trkpt>
      <trkpt lat="29.85766" lon="-99.79363">
        <ele>555.2</ele>
      </trkpt>
      <trkpt lat="29.85772" lon="-99.79344">
        <ele>555.1</ele>
      </trkpt>
      <trkpt lat="29.85775" lon="-99.79337">
        <ele>555.2</ele>
      </trkpt>
      <trkpt lat="29.85779" lon="-99.79326">
        <ele>556.2</ele>
      </trkpt>
      <trkpt lat="29.85782" lon="-99.79317">
        <ele>558.4</ele>
      </trkpt>
      <trkpt lat="29.85793" lon="-99.79291">
        <ele>563.1</ele>
      </trkpt>
      <trkpt lat="29.85801" lon="-99.79274">
        <ele>564.0</ele>
      </trkpt>
      <trkpt lat="29.85803" lon="-99.79269">
        <ele>564.3</ele>
      </trkpt>
      <trkpt lat="29.85805" lon="-99.79264">
        <ele>564.6</ele>
      </trkpt>
      <trkpt lat="29.85806" lon="-99.79252">
        <ele>565.7</ele>
      </trkpt>
      <trkpt lat="29.85806" lon="-99.79249">
        <ele>566.0</ele>
      </trkpt>
      <trkpt lat="29.85804" lon="-99.79228">
        <ele>567.3</ele>
      </trkpt>
      <trkpt lat="29.85803" lon="-99.7922">
        <ele>567.7</ele>
      </trkpt>
      <trkpt lat="29.85801" lon="-99.79211">
        <ele>568.2</ele>
      </trkpt>
      <trkpt lat="29.85801" lon="-99.79207">
        <ele>568.2</ele>
      </trkpt>
      <trkpt lat="29.85797" lon="-99.79192">
        <ele>568.6</ele>
      </trkpt>
      <trkpt lat="29.85791" lon="-99.79173">
        <ele>569.1</ele>
      </trkpt>
      <trkpt lat="29.85789" lon="-99.79168">
        <ele>569.2</ele>
      </trkpt>
      <trkpt lat="29.85785" lon="-99.79159">
        <ele>569.5</ele>
      </trkpt>
      <trkpt lat="29.85785" lon="-99.79159">
        <ele>569.5</ele>
      </trkpt>
      <trkpt lat="29.85782" lon="-99.79149">
        <ele>569.6</ele>
      </trkpt>
      <trkpt lat="29.8578" lon="-99.79145">
        <ele>569.7</ele>
      </trkpt>
      <trkpt lat="29.85771" lon="-99.79126">
        <ele>570.1</ele>
      </trkpt>
      <trkpt lat="29.85764" lon="-99.79113">
        <ele>570.3</ele>
      </trkpt>
      <trkpt lat="29.85761" lon="-99.79108">
        <ele>570.4</ele>
      </trkpt>
      <trkpt lat="29.85745" lon="-99.79082">
        <ele>570.6</ele>
      </trkpt>
      <trkpt lat="29.8574" lon="-99.79074">
        <ele>570.6</ele>
      </trkpt>
      <trkpt lat="29.85735" lon="-99.79066">
        <ele>570.5</ele>
      </trkpt>
      <trkpt lat="29.85729" lon="-99.79059">
        <ele>570.5</ele>
      </trkpt>
      <trkpt lat="29.85706" lon="-99.79036">
        <ele>570.2</ele>
      </trkpt>
      <trkpt lat="29.85705" lon="-99.79036">
        <ele>570.2</ele>
      </trkpt>
      <trkpt lat="29.85695" lon="-99.79026">
        <ele>569.8</ele>
      </trkpt>
      <trkpt lat="29.85684" lon="-99.7902">
        <ele>569.7</ele>
      </trkpt>
      <trkpt lat="29.85674" lon="-99.79018">
        <ele>569.9</ele>
      </trkpt>
      <trkpt lat="29.85658" lon="-99.79016">
        <ele>570.2</ele>
      </trkpt>
      <trkpt lat="29.85658" lon="-99.79016">
        <ele>570.2</ele>
      </trkpt>
      <trkpt lat="29.85642" lon="-99.79013">
        <ele>570.2</ele>
      </trkpt>
      <trkpt lat="29.85615" lon="-99.7901">
        <ele>570.2</ele>
      </trkpt>
      <trkpt lat="29.85602" lon="-99.79009">
        <ele>570.1</ele>
      </trkpt>
      <trkpt lat="29.85579" lon="-99.79006">
        <ele>570.0</ele>
      </trkpt>
      <trkpt lat="29.8557" lon="-99.79005">
        <ele>570.0</ele>
      </trkpt>
      <trkpt lat="29.85552" lon="-99.79002">
        <ele>570.0</ele>
      </trkpt>
      <trkpt lat="29.85549" lon="-99.79001">
        <ele>570.0</ele>
      </trkpt>
      <trkpt lat="29.85516" lon="-99.78993">
        <ele>569.9</ele>
      </trkpt>
      <trkpt lat="29.85514" lon="-99.78992">
        <ele>569.8</ele>
      </trkpt>
      <trkpt lat="29.85498" lon="-99.78987">
        <ele>569.7</ele>
      </trkpt>
      <trkpt lat="29.85481" lon="-99.78983">
        <ele>569.6</ele>
      </trkpt>
      <trkpt lat="29.85444" lon="-99.78973">
        <ele>568.6</ele>
      </trkpt>
      <trkpt lat="29.85442" lon="-99.78972">
        <ele>568.5</ele>
      </trkpt>
      <trkpt lat="29.85426" lon="-99.78968">
        <ele>568.4</ele>
      </trkpt>
      <trkpt lat="29.8541" lon="-99.78964">
        <ele>568.5</ele>
      </trkpt>
      <trkpt lat="29.85392" lon="-99.7896">
        <ele>568.7</ele>
      </trkpt>
      <trkpt lat="29.85373" lon="-99.78955">
        <ele>568.7</ele>
      </trkpt>
      <trkpt lat="29.85357" lon="-99.78951">
        <ele>568.6</ele>
      </trkpt>
      <trkpt lat="29.85356" lon="-99.78951">
        <ele>568.6</ele>
      </trkpt>
      <trkpt lat="29.8534" lon="-99.78947">
        <ele>568.4</ele>
      </trkpt>
      <trkpt lat="29.85332" lon="-99.78946">
        <ele>568.4</ele>
      </trkpt>
      <trkpt lat="29.85325" lon="-99.78943">
        <ele>567.9</ele>
      </trkpt>
      <trkpt lat="29.8531" lon="-99.7894">
        <ele>567.5</ele>
      </trkpt>
      <trkpt lat="29.85303" lon="-99.78937">
        <ele>566.8</ele>
      </trkpt>
      <trkpt lat="29.85293" lon="-99.78935">
        <ele>566.2</ele>
      </trkpt>
      <trkpt lat="29.85293" lon="-99.78935">
        <ele>566.2</ele>
      </trkpt>
      <trkpt lat="29.85289" lon="-99.78933">
        <ele>565.7</ele>
      </trkpt>
      <trkpt lat="29.85277" lon="-99.78929">
        <ele>564.3</ele>
      </trkpt>
      <trkpt lat="29.8527" lon="-99.78926">
        <ele>563.2</ele>
      </trkpt>
      <trkpt lat="29.85251" lon="-99.78922">
        <ele>561.0</ele>
      </trkpt>
      <trkpt lat="29.85231" lon="-99.78918">
        <ele>559.1</ele>
      </trkpt>
      <trkpt lat="29.8522" lon="-99.78916">
        <ele>558.1</ele>
      </trkpt>
      <trkpt lat="29.85209" lon="-99.78916">
        <ele>557.1</ele>
      </trkpt>
      <trkpt lat="29.85183" lon="-99.78913">
        <ele>554.4</ele>
      </trkpt>
      <trkpt lat="29.8518" lon="-99.78913">
        <ele>554.3</ele>
      </trkpt>
      <trkpt lat="29.85174" lon="-99.78913">
        <ele>554.2</ele>
      </trkpt>
      <trkpt lat="29.85146" lon="-99.78917">
        <ele>555.3</ele>
      </trkpt>
      <trkpt lat="29.85126" lon="-99.78918">
        <ele>556.4</ele>
      </trkpt>
      <trkpt lat="29.85108" lon="-99.78919">
        <ele>555.9</ele>
      </trkpt>
      <trkpt lat="29.85097" lon="-99.7892">
        <ele>555.7</ele>
      </trkpt>
      <trkpt lat="29.8509" lon="-99.78921">
        <ele>555.7</ele>
      </trkpt>
      <trkpt lat="29.85086" lon="-99.78921">
        <ele>555.5</ele>
      </trkpt>
      <trkpt lat="29.85072" lon="-99.78922">
        <ele>554.8</ele>
      </trkpt>
      <trkpt lat="29.85067" lon="-99.78922">
        <ele>554.3</ele>
      </trkpt>
      <trkpt lat="29.85054" lon="-99.78923">
        <ele>553.2</ele>
      </trkpt>
      <trkpt lat="29.85024" lon="-99.78924">
        <ele>550.3</ele>
      </trkpt>
      <trkpt lat="29.85018" lon="-99.78924">
        <ele>550.1</ele>
      </trkpt>
      <trkpt lat="29.85009" lon="-99.78925">
        <ele>549.7</ele>
      </trkpt>
      <trkpt lat="29.85" lon="-99.78927">
        <ele>549.5</ele>
      </trkpt>
      <trkpt lat="29.84999" lon="-99.78927">
        <ele>549.4</ele>
      </trkpt>
      <trkpt lat="29.84992" lon="-99.78929">
        <ele>549.3</ele>
      </trkpt>
      <trkpt lat="29.8499" lon="-99.78929">
        <ele>549.3</ele>
      </trkpt>
      <trkpt lat="29.84984" lon="-99.78929">
        <ele>549.0</ele>
      </trkpt>
      <trkpt lat="29.84984" lon="-99.78929">
        <ele>549.0</ele>
      </trkpt>
      <trkpt lat="29.84983" lon="-99.78929">
        <ele>549.0</ele>
      </trkpt>
      <trkpt lat="29.84982" lon="-99.78929">
        <ele>548.9</ele>
      </trkpt>
      <trkpt lat="29.84964" lon="-99.78927">
        <ele>549.8</ele>
      </trkpt>
      <trkpt lat="29.84956" lon="-99.78927">
        <ele>550.3</ele>
      </trkpt>
      <trkpt lat="29.84931" lon="-99.78927">
        <ele>550.3</ele>
      </trkpt>
      <trkpt lat="29.84911" lon="-99.78929">
        <ele>550.6</ele>
      </trkpt>
      <trkpt lat="29.84894" lon="-99.78931">
        <ele>550.8</ele>
      </trkpt>
      <trkpt lat="29.84876" lon="-99.78934">
        <ele>551.1</ele>
      </trkpt>
      <trkpt lat="29.84875" lon="-99.78934">
        <ele>551.1</ele>
      </trkpt>
      <trkpt lat="29.84839" lon="-99.7894">
        <ele>551.5</ele>
      </trkpt>
      <trkpt lat="29.84837" lon="-99.7894">
        <ele>551.5</ele>
      </trkpt>
      <trkpt lat="29.84826" lon="-99.78942">
        <ele>551.7</ele>
      </trkpt>
      <trkpt lat="29.84804" lon="-99.78945">
        <ele>552.0</ele>
      </trkpt>
      <trkpt lat="29.84782" lon="-99.78949">
        <ele>552.4</ele>
      </trkpt>
      <trkpt lat="29.84768" lon="-99.78952">
        <ele>552.5</ele>
      </trkpt>
      <trkpt lat="29.84736" lon="-99.78959">
        <ele>552.2</ele>
      </trkpt>
      <trkpt lat="29.84724" lon="-99.78962">
        <ele>552.1</ele>
      </trkpt>
      <trkpt lat="29.84715" lon="-99.78964">
        <ele>551.9</ele>
      </trkpt>
      <trkpt lat="29.84713" lon="-99.78964">
        <ele>551.8</ele>
      </trkpt>
      <trkpt lat="29.84698" lon="-99.78968">
        <ele>551.5</ele>
      </trkpt>
      <trkpt lat="29.84668" lon="-99.78976">
        <ele>550.8</ele>
      </trkpt>
      <trkpt lat="29.84636" lon="-99.78988">
        <ele>549.9</ele>
      </trkpt>
      <trkpt lat="29.84628" lon="-99.78991">
        <ele>549.7</ele>
      </trkpt>
      <trkpt lat="29.84626" lon="-99.78992">
        <ele>549.6</ele>
      </trkpt>
      <trkpt lat="29.84615" lon="-99.78997">
        <ele>549.4</ele>
      </trkpt>
      <trkpt lat="29.84612" lon="-99.78998">
        <ele>549.3</ele>
      </trkpt>
      <trkpt lat="29.84596" lon="-99.79004">
        <ele>549.3</ele>
      </trkpt>
      <trkpt lat="29.84594" lon="-99.79004">
        <ele>549.2</ele>
      </trkpt>
      <trkpt lat="29.84556" lon="-99.79016">
        <ele>549.5</ele>
      </trkpt>
      <trkpt lat="29.84545" lon="-99.79021">
        <ele>549.7</ele>
      </trkpt>
      <trkpt lat="29.84526" lon="-99.7903">
        <ele>550.1</ele>
      </trkpt>
      <trkpt lat="29.84525" lon="-99.7903">
        <ele>550.0</ele>
      </trkpt>
      <trkpt lat="29.8451" lon="-99.79039">
        <ele>550.3</ele>
      </trkpt>
      <trkpt lat="29.84507" lon="-99.7904">
        <ele>550.3</ele>
      </trkpt>
      <trkpt lat="29.84494" lon="-99.79049">
        <ele>550.7</ele>
      </trkpt>
      <trkpt lat="29.84478" lon="-99.79058">
        <ele>551.0</ele>
      </trkpt>
      <trkpt lat="29.84472" lon="-99.79062">
        <ele>551.2</ele>
      </trkpt>
      <trkpt lat="29.84472" lon="-99.79062">
        <ele>551.2</ele>
      </trkpt>
      <trkpt lat="29.84465" lon="-99.79067">
        <ele>551.4</ele>
      </trkpt>
      <trkpt lat="29.84462" lon="-99.79068">
        <ele>551.4</ele>
      </trkpt>
      <trkpt lat="29.84442" lon="-99.79078">
        <ele>551.5</ele>
      </trkpt>
      <trkpt lat="29.84436" lon="-99.79084">
        <ele>551.7</ele>
      </trkpt>
      <trkpt lat="29.84412" lon="-99.79086">
        <ele>551.1</ele>
      </trkpt>
      <trkpt lat="29.8441" lon="-99.79086">
        <ele>551.1</ele>
      </trkpt>
      <trkpt lat="29.84398" lon="-99.79088">
        <ele>550.9</ele>
      </trkpt>
      <trkpt lat="29.84394" lon="-99.79089">
        <ele>550.8</ele>
      </trkpt>
      <trkpt lat="29.84377" lon="-99.79094">
        <ele>550.6</ele>
      </trkpt>
      <trkpt lat="29.84369" lon="-99.79095">
        <ele>550.4</ele>
      </trkpt>
      <trkpt lat="29.84362" lon="-99.79094">
        <ele>550.1</ele>
      </trkpt>
      <trkpt lat="29.84353" lon="-99.79092">
        <ele>549.7</ele>
      </trkpt>
      <trkpt lat="29.84341" lon="-99.79089">
        <ele>549.1</ele>
      </trkpt>
      <trkpt lat="29.84338" lon="-99.79088">
        <ele>549.0</ele>
      </trkpt>
      <trkpt lat="29.84325" lon="-99.79089">
        <ele>548.8</ele>
      </trkpt>
      <trkpt lat="29.84324" lon="-99.7909">
        <ele>548.8</ele>
      </trkpt>
      <trkpt lat="29.84319" lon="-99.79092">
        <ele>548.7</ele>
      </trkpt>
      <trkpt lat="29.84307" lon="-99.79097">
        <ele>548.2</ele>
      </trkpt>
      <trkpt lat="29.84305" lon="-99.79098">
        <ele>548.1</ele>
      </trkpt>
      <trkpt lat="29.84277" lon="-99.79113">
        <ele>548.0</ele>
      </trkpt>
      <trkpt lat="29.8427" lon="-99.79116">
        <ele>548.0</ele>
      </trkpt>
      <trkpt lat="29.84263" lon="-99.79118">
        <ele>548.0</ele>
      </trkpt>
      <trkpt lat="29.84258" lon="-99.79122">
        <ele>548.2</ele>
      </trkpt>
      <trkpt lat="29.84241" lon="-99.7913">
        <ele>548.2</ele>
      </trkpt>
      <trkpt lat="29.84237" lon="-99.79132">
        <ele>548.2</ele>
      </trkpt>
      <trkpt lat="29.84232" lon="-99.79138">
        <ele>548.4</ele>
      </trkpt>
      <trkpt lat="29.84221" lon="-99.79143">
        <ele>548.4</ele>
      </trkpt>
      <trkpt lat="29.84194" lon="-99.79151">
        <ele>547.9</ele>
      </trkpt>
      <trkpt lat="29.84193" lon="-99.79151">
        <ele>547.9</ele>
      </trkpt>
      <trkpt lat="29.84193" lon="-99.79151">
        <ele>547.9</ele>
      </trkpt>
      <trkpt lat="29.84185" lon="-99.79152">
        <ele>547.6</ele>
      </trkpt>
      <trkpt lat="29.84185" lon="-99.79152">
        <ele>547.6</ele>
      </trkpt>
      <trkpt lat="29.8418" lon="-99.79147">
        <ele>547.4</ele>
      </trkpt>
      <trkpt lat="29.84178" lon="-99.79144">
        <ele>547.2</ele>
      </trkpt>
      <trkpt lat="29.84175" lon="-99.79136">
        <ele>546.8</ele>
      </trkpt>
      <trkpt lat="29.84175" lon="-99.79125">
        <ele>546.4</ele>
      </trkpt>
      <trkpt lat="29.84179" lon="-99.79108">
        <ele>546.1</ele>
      </trkpt>
      <trkpt lat="29.84176" lon="-99.79091">
        <ele>546.4</ele>
      </trkpt>
      <trkpt lat="29.84178" lon="-99.79081">
        <ele>546.5</ele>
      </trkpt>
      <trkpt lat="29.84176" lon="-99.79073">
        <ele>546.6</ele>
      </trkpt>
      <trkpt lat="29.84173" lon="-99.79069">
        <ele>546.7</ele>
      </trkpt>
      <trkpt lat="29.84171" lon="-99.79066">
        <ele>546.7</ele>
      </trkpt>
      <trkpt lat="29.84163" lon="-99.79061">
        <ele>546.8</ele>
      </trkpt>
      <trkpt lat="29.84159" lon="-99.7906">
        <ele>546.9</ele>
      </trkpt>
      <trkpt lat="29.84158" lon="-99.7906">
        <ele>546.9</ele>
      </trkpt>
      <trkpt lat="29.84152" lon="-99.79059">
        <ele>546.9</ele>
      </trkpt>
      <trkpt lat="29.84144" lon="-99.79057">
        <ele>547.2</ele>
      </trkpt>
      <trkpt lat="29.84134" lon="-99.79056">
        <ele>547.5</ele>
      </trkpt>
      <trkpt lat="29.84122" lon="-99.79055">
        <ele>547.7</ele>
      </trkpt>
      <trkpt lat="29.84104" lon="-99.79055">
        <ele>547.4</ele>
      </trkpt>
      <trkpt lat="29.84103" lon="-99.79055">
        <ele>547.4</ele>
      </trkpt>
      <trkpt lat="29.84086" lon="-99.79055">
        <ele>546.7</ele>
      </trkpt>
      <trkpt lat="29.8407" lon="-99.79056">
        <ele>546.3</ele>
      </trkpt>
      <trkpt lat="29.84069" lon="-99.79056">
        <ele>546.3</ele>
      </trkpt>
      <trkpt lat="29.84068" lon="-99.79056">
        <ele>546.3</ele>
      </trkpt>
      <trkpt lat="29.84059" lon="-99.79055">
        <ele>546.9</ele>
      </trkpt>
      <trkpt lat="29.84048" lon="-99.79053">
        <ele>548.3</ele>
      </trkpt>
      <trkpt lat="29.84038" lon="-99.79051">
        <ele>548.7</ele>
      </trkpt>
      <trkpt lat="29.84028" lon="-99.79048">
        <ele>549.4</ele>
      </trkpt>
      <trkpt lat="29.84016" lon="-99.79044">
        <ele>550.6</ele>
      </trkpt>
      <trkpt lat="29.84008" lon="-99.79041">
        <ele>551.1</ele>
      </trkpt>
      <trkpt lat="29.83999" lon="-99.79037">
        <ele>551.6</ele>
      </trkpt>
      <trkpt lat="29.83987" lon="-99.79033">
        <ele>552.0</ele>
      </trkpt>
      <trkpt lat="29.83982" lon="-99.79031">
        <ele>552.3</ele>
      </trkpt>
      <trkpt lat="29.83977" lon="-99.79029">
        <ele>552.7</ele>
      </trkpt>
      <trkpt lat="29.83977" lon="-99.79029">
        <ele>552.7</ele>
      </trkpt>
      <trkpt lat="29.83967" lon="-99.79023">
        <ele>553.3</ele>
      </trkpt>
      <trkpt lat="29.83965" lon="-99.79022">
        <ele>553.4</ele>
      </trkpt>
      <trkpt lat="29.8395" lon="-99.79012">
        <ele>554.8</ele>
      </trkpt>
      <trkpt lat="29.8395" lon="-99.79011">
        <ele>555.0</ele>
      </trkpt>
      <trkpt lat="29.83937" lon="-99.79003">
        <ele>555.8</ele>
      </trkpt>
      <trkpt lat="29.83908" lon="-99.78981">
        <ele>557.3</ele>
      </trkpt>
      <trkpt lat="29.83899" lon="-99.78974">
        <ele>557.8</ele>
      </trkpt>
      <trkpt lat="29.83891" lon="-99.78966">
        <ele>558.3</ele>
      </trkpt>
      <trkpt lat="29.8389" lon="-99.78966">
        <ele>558.2</ele>
      </trkpt>
      <trkpt lat="29.83883" lon="-99.78958">
        <ele>558.7</ele>
      </trkpt>
      <trkpt lat="29.83876" lon="-99.78949">
        <ele>558.9</ele>
      </trkpt>
      <trkpt lat="29.8387" lon="-99.7894">
        <ele>559.0</ele>
      </trkpt>
      <trkpt lat="29.83866" lon="-99.78935">
        <ele>559.0</ele>
      </trkpt>
      <trkpt lat="29.83858" lon="-99.78922">
        <ele>559.0</ele>
      </trkpt>
      <trkpt lat="29.83856" lon="-99.78918">
        <ele>559.1</ele>
      </trkpt>
      <trkpt lat="29.83856" lon="-99.78917">
        <ele>559.1</ele>
      </trkpt>
      <trkpt lat="29.8385" lon="-99.78904">
        <ele>559.0</ele>
      </trkpt>
      <trkpt lat="29.83848" lon="-99.78899">
        <ele>559.0</ele>
      </trkpt>
      <trkpt lat="29.83843" lon="-99.78879">
        <ele>559.1</ele>
      </trkpt>
      <trkpt lat="29.83842" lon="-99.78875">
        <ele>559.1</ele>
      </trkpt>
      <trkpt lat="29.83842" lon="-99.78875">
        <ele>559.1</ele>
      </trkpt>
      <trkpt lat="29.83841" lon="-99.78867">
        <ele>559.2</ele>
      </trkpt>
      <trkpt lat="29.8384" lon="-99.78845">
        <ele>559.6</ele>
      </trkpt>
      <trkpt lat="29.8384" lon="-99.78833">
        <ele>559.8</ele>
      </trkpt>
      <trkpt lat="29.83841" lon="-99.78818">
        <ele>560.1</ele>
      </trkpt>
      <trkpt lat="29.83841" lon="-99.78817">
        <ele>560.1</ele>
      </trkpt>
      <trkpt lat="29.83842" lon="-99.78794">
        <ele>560.3</ele>
      </trkpt>
      <trkpt lat="29.83845" lon="-99.78755">
        <ele>560.3</ele>
      </trkpt>
      <trkpt lat="29.83844" lon="-99.78715">
        <ele>559.8</ele>
      </trkpt>
      <trkpt lat="29.83844" lon="-99.78701">
        <ele>559.5</ele>
      </trkpt>
      <trkpt lat="29.83844" lon="-99.78688">
        <ele>559.3</ele>
      </trkpt>
      <trkpt lat="29.83847" lon="-99.78676">
        <ele>559.4</ele>
      </trkpt>
      <trkpt lat="29.8385" lon="-99.78665">
        <ele>559.4</ele>
      </trkpt>
      <trkpt lat="29.83853" lon="-99.78653">
        <ele>559.4</ele>
      </trkpt>
      <trkpt lat="29.83854" lon="-99.78652">
        <ele>559.4</ele>
      </trkpt>
      <trkpt lat="29.8386" lon="-99.78634">
        <ele>559.6</ele>
      </trkpt>
      <trkpt lat="29.83866" lon="-99.78615">
        <ele>560.2</ele>
      </trkpt>
      <trkpt lat="29.83879" lon="-99.78576">
        <ele>562.5</ele>
      </trkpt>
      <trkpt lat="29.83896" lon="-99.78525">
        <ele>563.7</ele>
      </trkpt>
      <trkpt lat="29.83906" lon="-99.78499">
        <ele>564.3</ele>
      </trkpt>
      <trkpt lat="29.83906" lon="-99.78498">
        <ele>564.2</ele>
      </trkpt>
      <trkpt lat="29.83913" lon="-99.78479">
        <ele>564.6</ele>
      </trkpt>
      <trkpt lat="29.83918" lon="-99.78466">
        <ele>564.9</ele>
      </trkpt>
      <trkpt lat="29.83926" lon="-99.78441">
        <ele>565.1</ele>
      </trkpt>
      <trkpt lat="29.83928" lon="-99.78435">
        <ele>565.1</ele>
      </trkpt>
      <trkpt lat="29.83933" lon="-99.78422">
        <ele>565.2</ele>
      </trkpt>
      <trkpt lat="29.83939" lon="-99.78402">
        <ele>565.1</ele>
      </trkpt>
      <trkpt lat="29.83949" lon="-99.78373">
        <ele>564.9</ele>
      </trkpt>
      <trkpt lat="29.83959" lon="-99.78344">
        <ele>564.7</ele>
      </trkpt>
      <trkpt lat="29.83964" lon="-99.78331">
        <ele>564.6</ele>
      </trkpt>
      <trkpt lat="29.83964" lon="-99.78329">
        <ele>564.5</ele>
      </trkpt>
      <trkpt lat="29.83964" lon="-99.78329">
        <ele>564.5</ele>
      </trkpt>
      <trkpt lat="29.83966" lon="-99.78325">
        <ele>564.6</ele>
      </trkpt>
      <trkpt lat="29.83968" lon="-99.78318">
        <ele>564.5</ele>
      </trkpt>
      <trkpt lat="29.83971" lon="-99.78306">
        <ele>564.2</ele>
      </trkpt>
      <trkpt lat="29.83972" lon="-99.78305">
        <ele>564.3</ele>
      </trkpt>
      <trkpt lat="29.83975" lon="-99.78292">
        <ele>564.1</ele>
      </trkpt>
      <trkpt lat="29.83978" lon="-99.78279">
        <ele>563.8</ele>
      </trkpt>
      <trkpt lat="29.83981" lon="-99.78265">
        <ele>563.7</ele>
      </trkpt>
      <trkpt lat="29.83982" lon="-99.78253">
        <ele>563.4</ele>
      </trkpt>
      <trkpt lat="29.83983" lon="-99.78245">
        <ele>563.3</ele>
      </trkpt>
      <trkpt lat="29.83986" lon="-99.78224">
        <ele>563.0</ele>
      </trkpt>
      <trkpt lat="29.83988" lon="-99.78204">
        <ele>562.4</ele>
      </trkpt>
      <trkpt lat="29.83989" lon="-99.78201">
        <ele>562.2</ele>
      </trkpt>
      <trkpt lat="29.8399" lon="-99.78189">
        <ele>561.1</ele>
      </trkpt>
      <trkpt lat="29.8399" lon="-99.78184">
        <ele>560.8</ele>
      </trkpt>
      <trkpt lat="29.8399" lon="-99.78183">
        <ele>560.8</ele>
      </trkpt>
      <trkpt lat="29.8399" lon="-99.78177">
        <ele>560.7</ele>
      </trkpt>
      <trkpt lat="29.8399" lon="-99.78165">
        <ele>560.4</ele>
      </trkpt>
      <trkpt lat="29.83986" lon="-99.78143">
        <ele>559.8</ele>
      </trkpt>
      <trkpt lat="29.83986" lon="-99.78142">
        <ele>559.8</ele>
      </trkpt>
      <trkpt lat="29.83984" lon="-99.78127">
        <ele>559.4</ele>
      </trkpt>
      <trkpt lat="29.83983" lon="-99.78122">
        <ele>559.2</ele>
      </trkpt>
      <trkpt lat="29.83977" lon="-99.78081">
        <ele>558.1</ele>
      </trkpt>
      <trkpt lat="29.83974" lon="-99.78062">
        <ele>557.7</ele>
      </trkpt>
      <trkpt lat="29.83969" lon="-99.78022">
        <ele>556.7</ele>
      </trkpt>
      <trkpt lat="29.83968" lon="-99.7802">
        <ele>556.6</ele>
      </trkpt>
      <trkpt lat="29.83968" lon="-99.78019">
        <ele>556.6</ele>
      </trkpt>
      <trkpt lat="29.83966" lon="-99.77999">
        <ele>556.1</ele>
      </trkpt>
      <trkpt lat="29.83965" lon="-99.77983">
        <ele>555.7</ele>
      </trkpt>
      <trkpt lat="29.83965" lon="-99.77978">
        <ele>555.6</ele>
      </trkpt>
      <trkpt lat="29.83963" lon="-99.77957">
        <ele>554.8</ele>
      </trkpt>
      <trkpt lat="29.83961" lon="-99.77938">
        <ele>554.1</ele>
      </trkpt>
      <trkpt lat="29.83961" lon="-99.77937">
        <ele>554.1</ele>
      </trkpt>
      <trkpt lat="29.8396" lon="-99.77917">
        <ele>553.5</ele>
      </trkpt>
      <trkpt lat="29.8396" lon="-99.77916">
        <ele>553.5</ele>
      </trkpt>
      <trkpt lat="29.83958" lon="-99.77905">
        <ele>553.1</ele>
      </trkpt>
      <trkpt lat="29.83958" lon="-99.77902">
        <ele>553.0</ele>
      </trkpt>
      <trkpt lat="29.83958" lon="-99.77902">
        <ele>553.0</ele>
      </trkpt>
      <trkpt lat="29.83956" lon="-99.77895">
        <ele>552.7</ele>
      </trkpt>
      <trkpt lat="29.83953" lon="-99.77884">
        <ele>552.3</ele>
      </trkpt>
      <trkpt lat="29.83953" lon="-99.77884">
        <ele>552.3</ele>
      </trkpt>
      <trkpt lat="29.83941" lon="-99.7789">
        <ele>551.8</ele>
      </trkpt>
      <trkpt lat="29.83929" lon="-99.77896">
        <ele>551.2</ele>
      </trkpt>
      <trkpt lat="29.8392" lon="-99.77901">
        <ele>550.8</ele>
      </trkpt>
      <trkpt lat="29.83918" lon="-99.77903">
        <ele>550.7</ele>
      </trkpt>
      <trkpt lat="29.83907" lon="-99.7791">
        <ele>550.4</ele>
      </trkpt>
      <trkpt lat="29.83905" lon="-99.77912">
        <ele>550.3</ele>
      </trkpt>
      <trkpt lat="29.83899" lon="-99.77916">
        <ele>550.0</ele>
      </trkpt>
      <trkpt lat="29.83891" lon="-99.77923">
        <ele>549.7</ele>
      </trkpt>
      <trkpt lat="29.8389" lon="-99.77924">
        <ele>549.7</ele>
      </trkpt>
      <trkpt lat="29.83886" lon="-99.77928">
        <ele>549.7</ele>
      </trkpt>
      <trkpt lat="29.8388" lon="-99.77933">
        <ele>549.8</ele>
      </trkpt>
      <trkpt lat="29.83876" lon="-99.77937">
        <ele>549.9</ele>
      </trkpt>
      <trkpt lat="29.83868" lon="-99.77945">
        <ele>550.3</ele>
      </trkpt>
      <trkpt lat="29.83855" lon="-99.7796">
        <ele>550.8</ele>
      </trkpt>
      <trkpt lat="29.8384" lon="-99.77976">
        <ele>550.8</ele>
      </trkpt>
      <trkpt lat="29.83822" lon="-99.77999">
        <ele>550.7</ele>
      </trkpt>
      <trkpt lat="29.83788" lon="-99.7804">
        <ele>549.9</ele>
      </trkpt>
      <trkpt lat="29.83778" lon="-99.78053">
        <ele>549.9</ele>
      </trkpt>
      <trkpt lat="29.8375" lon="-99.78084">
        <ele>550.1</ele>
      </trkpt>
      <trkpt lat="29.83747" lon="-99.78086">
        <ele>550.1</ele>
      </trkpt>
      <trkpt lat="29.83724" lon="-99.78113">
        <ele>549.1</ele>
      </trkpt>
      <trkpt lat="29.83712" lon="-99.78128">
        <ele>548.6</ele>
      </trkpt>
      <trkpt lat="29.83691" lon="-99.78152">
        <ele>547.7</ele>
      </trkpt>
      <trkpt lat="29.83675" lon="-99.78174">
        <ele>547.3</ele>
      </trkpt>
      <trkpt lat="29.83654" lon="-99.78197">
        <ele>547.2</ele>
      </trkpt>
      <trkpt lat="29.83653" lon="-99.78197">
        <ele>547.0</ele>
      </trkpt>
      <trkpt lat="29.83641" lon="-99.78212">
        <ele>546.5</ele>
      </trkpt>
      <trkpt lat="29.83628" lon="-99.78226">
        <ele>542.0</ele>
      </trkpt>
      <trkpt lat="29.83628" lon="-99.78227">
        <ele>542.1</ele>
      </trkpt>
      <trkpt lat="29.83625" lon="-99.7823">
        <ele>540.9</ele>
      </trkpt>
      <trkpt lat="29.83616" lon="-99.78241">
        <ele>538.7</ele>
      </trkpt>
      <trkpt lat="29.83608" lon="-99.78251">
        <ele>538.1</ele>
      </trkpt>
      <trkpt lat="29.83607" lon="-99.78251">
        <ele>538.0</ele>
      </trkpt>
      <trkpt lat="29.83605" lon="-99.78254">
        <ele>538.0</ele>
      </trkpt>
      <trkpt lat="29.83603" lon="-99.78256">
        <ele>538.1</ele>
      </trkpt>
      <trkpt lat="29.83595" lon="-99.78266">
        <ele>538.0</ele>
      </trkpt>
      <trkpt lat="29.83593" lon="-99.78268">
        <ele>537.9</ele>
      </trkpt>
      <trkpt lat="29.83591" lon="-99.78271">
        <ele>538.0</ele>
      </trkpt>
      <trkpt lat="29.83582" lon="-99.7828">
        <ele>538.5</ele>
      </trkpt>
      <trkpt lat="29.83581" lon="-99.78281">
        <ele>538.5</ele>
      </trkpt>
      <trkpt lat="29.83578" lon="-99.78285">
        <ele>538.7</ele>
      </trkpt>
      <trkpt lat="29.83571" lon="-99.78292">
        <ele>538.8</ele>
      </trkpt>
      <trkpt lat="29.83563" lon="-99.78299">
        <ele>538.9</ele>
      </trkpt>
      <trkpt lat="29.8355" lon="-99.78311">
        <ele>539.0</ele>
      </trkpt>
      <trkpt lat="29.8354" lon="-99.78319">
        <ele>539.2</ele>
      </trkpt>
      <trkpt lat="29.83535" lon="-99.78323">
        <ele>539.2</ele>
      </trkpt>
      <trkpt lat="29.83535" lon="-99.78324">
        <ele>539.3</ele>
      </trkpt>
      <trkpt lat="29.8352" lon="-99.78335">
        <ele>539.4</ele>
      </trkpt>
      <trkpt lat="29.8351" lon="-99.78342">
        <ele>539.5</ele>
      </trkpt>
      <trkpt lat="29.83493" lon="-99.78356">
        <ele>539.9</ele>
      </trkpt>
      <trkpt lat="29.8349" lon="-99.78358">
        <ele>540.0</ele>
      </trkpt>
      <trkpt lat="29.83464" lon="-99.78379">
        <ele>540.8</ele>
      </trkpt>
      <trkpt lat="29.83445" lon="-99.78393">
        <ele>541.8</ele>
      </trkpt>
      <trkpt lat="29.83429" lon="-99.78403">
        <ele>542.6</ele>
      </trkpt>
      <trkpt lat="29.83415" lon="-99.7841">
        <ele>543.4</ele>
      </trkpt>
      <trkpt lat="29.83413" lon="-99.78411">
        <ele>543.5</ele>
      </trkpt>
      <trkpt lat="29.83403" lon="-99.78415">
        <ele>544.0</ele>
      </trkpt>
      <trkpt lat="29.83396" lon="-99.78417">
        <ele>544.3</ele>
      </trkpt>
      <trkpt lat="29.83391" lon="-99.78418">
        <ele>544.5</ele>
      </trkpt>
      <trkpt lat="29.8339" lon="-99.78419">
        <ele>544.5</ele>
      </trkpt>
      <trkpt lat="29.8339" lon="-99.78419">
        <ele>544.5</ele>
      </trkpt>
      <trkpt lat="29.83378" lon="-99.78421">
        <ele>545.0</ele>
      </trkpt>
      <trkpt lat="29.83367" lon="-99.78422">
        <ele>545.5</ele>
      </trkpt>
      <trkpt lat="29.83362" lon="-99.78422">
        <ele>545.7</ele>
      </trkpt>
      <trkpt lat="29.8336" lon="-99.78422">
        <ele>545.8</ele>
      </trkpt>
      <trkpt lat="29.83349" lon="-99.78422">
        <ele>546.2</ele>
      </trkpt>
      <trkpt lat="29.83348" lon="-99.78422">
        <ele>546.2</ele>
      </trkpt>
      <trkpt lat="29.83336" lon="-99.7842">
        <ele>546.6</ele>
      </trkpt>
      <trkpt lat="29.83324" lon="-99.78418">
        <ele>546.9</ele>
      </trkpt>
      <trkpt lat="29.83308" lon="-99.78415">
        <ele>547.1</ele>
      </trkpt>
      <trkpt lat="29.8329" lon="-99.7841">
        <ele>548.0</ele>
      </trkpt>
      <trkpt lat="29.83289" lon="-99.7841">
        <ele>548.1</ele>
      </trkpt>
      <trkpt lat="29.83278" lon="-99.78407">
        <ele>549.5</ele>
      </trkpt>
      <trkpt lat="29.83272" lon="-99.78406">
        <ele>550.3</ele>
      </trkpt>
      <trkpt lat="29.83254" lon="-99.78402">
        <ele>551.0</ele>
      </trkpt>
      <trkpt lat="29.83232" lon="-99.78397">
        <ele>551.2</ele>
      </trkpt>
      <trkpt lat="29.83207" lon="-99.78391">
        <ele>551.4</ele>
      </trkpt>
      <trkpt lat="29.83201" lon="-99.78389">
        <ele>551.3</ele>
      </trkpt>
      <trkpt lat="29.83184" lon="-99.78385">
        <ele>551.5</ele>
      </trkpt>
      <trkpt lat="29.83178" lon="-99.78384">
        <ele>551.7</ele>
      </trkpt>
      <trkpt lat="29.83164" lon="-99.78381">
        <ele>552.0</ele>
      </trkpt>
      <trkpt lat="29.83148" lon="-99.78377">
        <ele>552.4</ele>
      </trkpt>
      <trkpt lat="29.83135" lon="-99.78374">
        <ele>552.8</ele>
      </trkpt>
      <trkpt lat="29.83122" lon="-99.78371">
        <ele>553.1</ele>
      </trkpt>
      <trkpt lat="29.83113" lon="-99.78369">
        <ele>553.4</ele>
      </trkpt>
      <trkpt lat="29.83106" lon="-99.78368">
        <ele>553.8</ele>
      </trkpt>
      <trkpt lat="29.83099" lon="-99.78368">
        <ele>554.5</ele>
      </trkpt>
      <trkpt lat="29.83095" lon="-99.78368">
        <ele>554.9</ele>
      </trkpt>
      <trkpt lat="29.8309" lon="-99.78368">
        <ele>555.3</ele>
      </trkpt>
      <trkpt lat="29.83083" lon="-99.78369">
        <ele>556.0</ele>
      </trkpt>
      <trkpt lat="29.83077" lon="-99.7837">
        <ele>556.6</ele>
      </trkpt>
      <trkpt lat="29.83074" lon="-99.7837">
        <ele>556.8</ele>
      </trkpt>
      <trkpt lat="29.83062" lon="-99.78374">
        <ele>557.8</ele>
      </trkpt>
      <trkpt lat="29.8306" lon="-99.78375">
        <ele>558.0</ele>
      </trkpt>
      <trkpt lat="29.83053" lon="-99.78377">
        <ele>558.3</ele>
      </trkpt>
      <trkpt lat="29.83049" lon="-99.78379">
        <ele>558.5</ele>
      </trkpt>
      <trkpt lat="29.83045" lon="-99.78381">
        <ele>558.7</ele>
      </trkpt>
      <trkpt lat="29.83043" lon="-99.78382">
        <ele>558.8</ele>
      </trkpt>
      <trkpt lat="29.83036" lon="-99.78385">
        <ele>558.9</ele>
      </trkpt>
      <trkpt lat="29.83026" lon="-99.78389">
        <ele>558.9</ele>
      </trkpt>
      <trkpt lat="29.83022" lon="-99.78391">
        <ele>559.0</ele>
      </trkpt>
      <trkpt lat="29.83015" lon="-99.78394">
        <ele>559.1</ele>
      </trkpt>
      <trkpt lat="29.83012" lon="-99.78394">
        <ele>559.0</ele>
      </trkpt>
      <trkpt lat="29.83009" lon="-99.78395">
        <ele>559.0</ele>
      </trkpt>
      <trkpt lat="29.83005" lon="-99.78396">
        <ele>558.9</ele>
      </trkpt>
      <trkpt lat="29.82997" lon="-99.78397">
        <ele>558.6</ele>
      </trkpt>
      <trkpt lat="29.82995" lon="-99.78397">
        <ele>558.6</ele>
      </trkpt>
      <trkpt lat="29.82989" lon="-99.78397">
        <ele>558.3</ele>
      </trkpt>
      <trkpt lat="29.82975" lon="-99.78395">
        <ele>557.5</ele>
      </trkpt>
      <trkpt lat="29.82973" lon="-99.78395">
        <ele>557.4</ele>
      </trkpt>
      <trkpt lat="29.82959" lon="-99.78391">
        <ele>556.6</ele>
      </trkpt>
      <trkpt lat="29.82956" lon="-99.78391">
        <ele>556.5</ele>
      </trkpt>
      <trkpt lat="29.82944" lon="-99.78388">
        <ele>556.2</ele>
      </trkpt>
      <trkpt lat="29.82938" lon="-99.78387">
        <ele>555.6</ele>
      </trkpt>
      <trkpt lat="29.82933" lon="-99.78386">
        <ele>555.2</ele>
      </trkpt>
      <trkpt lat="29.82926" lon="-99.78384">
        <ele>554.7</ele>
      </trkpt>
      <trkpt lat="29.8292" lon="-99.78383">
        <ele>555.2</ele>
      </trkpt>
      <trkpt lat="29.82885" lon="-99.78374">
        <ele>555.4</ele>
      </trkpt>
      <trkpt lat="29.82873" lon="-99.78372">
        <ele>555.3</ele>
      </trkpt>
      <trkpt lat="29.82859" lon="-99.78368">
        <ele>554.9</ele>
      </trkpt>
      <trkpt lat="29.82848" lon="-99.78366">
        <ele>554.5</ele>
      </trkpt>
      <trkpt lat="29.8284" lon="-99.78364">
        <ele>554.2</ele>
      </trkpt>
      <trkpt lat="29.82828" lon="-99.78361">
        <ele>553.7</ele>
      </trkpt>
      <trkpt lat="29.82822" lon="-99.7836">
        <ele>553.4</ele>
      </trkpt>
      <trkpt lat="29.82787" lon="-99.78352">
        <ele>552.0</ele>
      </trkpt>
      <trkpt lat="29.82769" lon="-99.78348">
        <ele>550.8</ele>
      </trkpt>
      <trkpt lat="29.82751" lon="-99.78344">
        <ele>549.8</ele>
      </trkpt>
      <trkpt lat="29.82738" lon="-99.78341">
        <ele>549.6</ele>
      </trkpt>
      <trkpt lat="29.82734" lon="-99.7834">
        <ele>549.6</ele>
      </trkpt>
      <trkpt lat="29.82698" lon="-99.78331">
        <ele>549.2</ele>
      </trkpt>
      <trkpt lat="29.82677" lon="-99.78326">
        <ele>547.0</ele>
      </trkpt>
      <trkpt lat="29.82664" lon="-99.78322">
        <ele>544.5</ele>
      </trkpt>
      <trkpt lat="29.82649" lon="-99.78317">
        <ele>541.1</ele>
      </trkpt>
      <trkpt lat="29.82646" lon="-99.78315">
        <ele>540.5</ele>
      </trkpt>
      <trkpt lat="29.8264" lon="-99.78313">
        <ele>539.7</ele>
      </trkpt>
      <trkpt lat="29.8263" lon="-99.78308">
        <ele>538.5</ele>
      </trkpt>
      <trkpt lat="29.82625" lon="-99.78305">
        <ele>538.1</ele>
      </trkpt>
      <trkpt lat="29.82622" lon="-99.78304">
        <ele>538.0</ele>
      </trkpt>
      <trkpt lat="29.82615" lon="-99.783">
        <ele>537.8</ele>
      </trkpt>
      <trkpt lat="29.82603" lon="-99.78291">
        <ele>537.5</ele>
      </trkpt>
      <trkpt lat="29.82599" lon="-99.78287">
        <ele>537.4</ele>
      </trkpt>
      <trkpt lat="29.82586" lon="-99.78276">
        <ele>537.4</ele>
      </trkpt>
      <trkpt lat="29.82584" lon="-99.78274">
        <ele>537.4</ele>
      </trkpt>
      <trkpt lat="29.82571" lon="-99.7826">
        <ele>537.0</ele>
      </trkpt>
      <trkpt lat="29.82567" lon="-99.78256">
        <ele>537.0</ele>
      </trkpt>
      <trkpt lat="29.82558" lon="-99.78246">
        <ele>537.7</ele>
      </trkpt>
      <trkpt lat="29.82546" lon="-99.78231">
        <ele>540.7</ele>
      </trkpt>
      <trkpt lat="29.82533" lon="-99.78217">
        <ele>544.1</ele>
      </trkpt>
      <trkpt lat="29.82507" lon="-99.78188">
        <ele>545.1</ele>
      </trkpt>
      <trkpt lat="29.82482" lon="-99.78158">
        <ele>545.9</ele>
      </trkpt>
      <trkpt lat="29.82445" lon="-99.78115">
        <ele>549.4</ele>
      </trkpt>
      <trkpt lat="29.82444" lon="-99.78114">
        <ele>549.4</ele>
      </trkpt>
      <trkpt lat="29.82431" lon="-99.78099">
        <ele>549.4</ele>
      </trkpt>
      <trkpt lat="29.82411" lon="-99.78076">
        <ele>550.0</ele>
      </trkpt>
      <trkpt lat="29.82406" lon="-99.7807">
        <ele>550.4</ele>
      </trkpt>
      <trkpt lat="29.82393" lon="-99.78055">
        <ele>551.0</ele>
      </trkpt>
      <trkpt lat="29.82381" lon="-99.7804">
        <ele>550.8</ele>
      </trkpt>
      <trkpt lat="29.82376" lon="-99.78035">
        <ele>550.5</ele>
      </trkpt>
      <trkpt lat="29.82368" lon="-99.78026">
        <ele>549.9</ele>
      </trkpt>
      <trkpt lat="29.82358" lon="-99.78014">
        <ele>549.2</ele>
      </trkpt>
      <trkpt lat="29.82355" lon="-99.78011">
        <ele>549.1</ele>
      </trkpt>
      <trkpt lat="29.82342" lon="-99.77999">
        <ele>547.6</ele>
      </trkpt>
      <trkpt lat="29.82333" lon="-99.77991">
        <ele>546.0</ele>
      </trkpt>
      <trkpt lat="29.82311" lon="-99.77973">
        <ele>541.6</ele>
      </trkpt>
      <trkpt lat="29.82297" lon="-99.77964">
        <ele>539.9</ele>
      </trkpt>
      <trkpt lat="29.82296" lon="-99.77964">
        <ele>539.9</ele>
      </trkpt>
      <trkpt lat="29.82278" lon="-99.77953">
        <ele>538.8</ele>
      </trkpt>
      <trkpt lat="29.82262" lon="-99.77945">
        <ele>538.3</ele>
      </trkpt>
      <trkpt lat="29.82247" lon="-99.77939">
        <ele>538.2</ele>
      </trkpt>
      <trkpt lat="29.82232" lon="-99.77934">
        <ele>538.1</ele>
      </trkpt>
      <trkpt lat="29.8223" lon="-99.77933">
        <ele>538.1</ele>
      </trkpt>
      <trkpt lat="29.82218" lon="-99.7793">
        <ele>538.1</ele>
      </trkpt>
      <trkpt lat="29.82212" lon="-99.77929">
        <ele>538.1</ele>
      </trkpt>
      <trkpt lat="29.82194" lon="-99.77925">
        <ele>538.1</ele>
      </trkpt>
      <trkpt lat="29.82177" lon="-99.77921">
        <ele>538.1</ele>
      </trkpt>
      <trkpt lat="29.82176" lon="-99.7792">
        <ele>538.1</ele>
      </trkpt>
      <trkpt lat="29.82124" lon="-99.77909">
        <ele>538.2</ele>
      </trkpt>
      <trkpt lat="29.82106" lon="-99.77905">
        <ele>538.2</ele>
      </trkpt>
      <trkpt lat="29.82099" lon="-99.77904">
        <ele>538.2</ele>
      </trkpt>
      <trkpt lat="29.82056" lon="-99.77895">
        <ele>538.2</ele>
      </trkpt>
      <trkpt lat="29.82035" lon="-99.7789">
        <ele>537.6</ele>
      </trkpt>
      <trkpt lat="29.82018" lon="-99.77886">
        <ele>537.0</ele>
      </trkpt>
      <trkpt lat="29.82014" lon="-99.77885">
        <ele>537.0</ele>
      </trkpt>
      <trkpt lat="29.81993" lon="-99.7788">
        <ele>536.6</ele>
      </trkpt>
      <trkpt lat="29.81982" lon="-99.77876">
        <ele>536.4</ele>
      </trkpt>
      <trkpt lat="29.81965" lon="-99.77867">
        <ele>536.2</ele>
      </trkpt>
      <trkpt lat="29.8195" lon="-99.77854">
        <ele>536.1</ele>
      </trkpt>
      <trkpt lat="29.81939" lon="-99.77841">
        <ele>536.1</ele>
      </trkpt>
      <trkpt lat="29.81938" lon="-99.7784">
        <ele>536.1</ele>
      </trkpt>
      <trkpt lat="29.81929" lon="-99.77827">
        <ele>535.9</ele>
      </trkpt>
      <trkpt lat="29.81916" lon="-99.77809">
        <ele>535.7</ele>
      </trkpt>
      <trkpt lat="29.81911" lon="-99.77801">
        <ele>535.6</ele>
      </trkpt>
      <trkpt lat="29.81905" lon="-99.77793">
        <ele>535.5</ele>
      </trkpt>
      <trkpt lat="29.81898" lon="-99.77783">
        <ele>535.3</ele>
      </trkpt>
      <trkpt lat="29.81893" lon="-99.77777">
        <ele>535.3</ele>
      </trkpt>
      <trkpt lat="29.81882" lon="-99.77762">
        <ele>535.2</ele>
      </trkpt>
      <trkpt lat="29.81881" lon="-99.77761">
        <ele>535.2</ele>
      </trkpt>
      <trkpt lat="29.81869" lon="-99.77746">
        <ele>535.1</ele>
      </trkpt>
      <trkpt lat="29.81867" lon="-99.77744">
        <ele>535.0</ele>
      </trkpt>
      <trkpt lat="29.81855" lon="-99.77733">
        <ele>534.9</ele>
      </trkpt>
      <trkpt lat="29.81853" lon="-99.7773">
        <ele>534.9</ele>
      </trkpt>
      <trkpt lat="29.81839" lon="-99.77719">
        <ele>534.7</ele>
      </trkpt>
      <trkpt lat="29.81829" lon="-99.77712">
        <ele>534.6</ele>
      </trkpt>
      <trkpt lat="29.81809" lon="-99.77699">
        <ele>534.4</ele>
      </trkpt>
      <trkpt lat="29.81769" lon="-99.77678">
        <ele>534.2</ele>
      </trkpt>
      <trkpt lat="29.81744" lon="-99.77666">
        <ele>534.0</ele>
      </trkpt>
      <trkpt lat="29.81728" lon="-99.77657">
        <ele>533.9</ele>
      </trkpt>
      <trkpt lat="29.81722" lon="-99.77654">
        <ele>533.8</ele>
      </trkpt>
      <trkpt lat="29.81711" lon="-99.77649">
        <ele>533.7</ele>
      </trkpt>
      <trkpt lat="29.8166" lon="-99.77624">
        <ele>533.5</ele>
      </trkpt>
      <trkpt lat="29.81605" lon="-99.77596">
        <ele>533.0</ele>
      </trkpt>
      <trkpt lat="29.81552" lon="-99.7757">
        <ele>532.3</ele>
      </trkpt>
      <trkpt lat="29.81467" lon="-99.77527">
        <ele>530.8</ele>
      </trkpt>
      <trkpt lat="29.81449" lon="-99.77518">
        <ele>530.3</ele>
      </trkpt>
      <trkpt lat="29.81417" lon="-99.77502">
        <ele>529.5</ele>
      </trkpt>
      <trkpt lat="29.81391" lon="-99.77491">
        <ele>528.9</ele>
      </trkpt>
      <trkpt lat="29.81373" lon="-99.77484">
        <ele>528.4</ele>
      </trkpt>
      <trkpt lat="29.81365" lon="-99.77481">
        <ele>528.2</ele>
      </trkpt>
      <trkpt lat="29.81354" lon="-99.77477">
        <ele>528.0</ele>
      </trkpt>
      <trkpt lat="29.81348" lon="-99.77475">
        <ele>527.9</ele>
      </trkpt>
      <trkpt lat="29.81332" lon="-99.77471">
        <ele>527.7</ele>
      </trkpt>
      <trkpt lat="29.81312" lon="-99.77467">
        <ele>527.4</ele>
      </trkpt>
      <trkpt lat="29.81297" lon="-99.77464">
        <ele>527.2</ele>
      </trkpt>
      <trkpt lat="29.81278" lon="-99.77461">
        <ele>527.1</ele>
      </trkpt>
      <trkpt lat="29.81241" lon="-99.77456">
        <ele>526.9</ele>
      </trkpt>
      <trkpt lat="29.81223" lon="-99.77454">
        <ele>526.8</ele>
      </trkpt>
      <trkpt lat="29.81223" lon="-99.77454">
        <ele>526.8</ele>
      </trkpt>
      <trkpt lat="29.8122" lon="-99.77454">
        <ele>526.8</ele>
      </trkpt>
      <trkpt lat="29.81206" lon="-99.77452">
        <ele>526.7</ele>
      </trkpt>
      <trkpt lat="29.81192" lon="-99.77449">
        <ele>526.6</ele>
      </trkpt>
      <trkpt lat="29.81171" lon="-99.77443">
        <ele>526.3</ele>
      </trkpt>
      <trkpt lat="29.81153" lon="-99.77435">
        <ele>526.2</ele>
      </trkpt>
      <trkpt lat="29.81145" lon="-99.7743">
        <ele>526.2</ele>
      </trkpt>
      <trkpt lat="29.81138" lon="-99.77426">
        <ele>526.1</ele>
      </trkpt>
      <trkpt lat="29.81126" lon="-99.77418">
        <ele>526.0</ele>
      </trkpt>
      <trkpt lat="29.81113" lon="-99.77408">
        <ele>525.8</ele>
      </trkpt>
      <trkpt lat="29.81101" lon="-99.77397">
        <ele>525.7</ele>
      </trkpt>
      <trkpt lat="29.811" lon="-99.77396">
        <ele>525.6</ele>
      </trkpt>
      <trkpt lat="29.81093" lon="-99.77389">
        <ele>525.5</ele>
      </trkpt>
      <trkpt lat="29.81079" lon="-99.77373">
        <ele>525.2</ele>
      </trkpt>
      <trkpt lat="29.81068" lon="-99.77359">
        <ele>525.0</ele>
      </trkpt>
      <trkpt lat="29.81054" lon="-99.7734">
        <ele>524.7</ele>
      </trkpt>
      <trkpt lat="29.81031" lon="-99.77308">
        <ele>524.9</ele>
      </trkpt>
      <trkpt lat="29.81019" lon="-99.77292">
        <ele>524.9</ele>
      </trkpt>
      <trkpt lat="29.8101" lon="-99.77279">
        <ele>524.7</ele>
      </trkpt>
      <trkpt lat="29.80996" lon="-99.77261">
        <ele>524.9</ele>
      </trkpt>
      <trkpt lat="29.8099" lon="-99.77254">
        <ele>524.9</ele>
      </trkpt>
      <trkpt lat="29.80983" lon="-99.77246">
        <ele>525.0</ele>
      </trkpt>
      <trkpt lat="29.80971" lon="-99.77233">
        <ele>525.1</ele>
      </trkpt>
      <trkpt lat="29.80957" lon="-99.77218">
        <ele>525.3</ele>
      </trkpt>
      <trkpt lat="29.80951" lon="-99.77212">
        <ele>525.3</ele>
      </trkpt>
      <trkpt lat="29.80943" lon="-99.77205">
        <ele>525.6</ele>
      </trkpt>
      <trkpt lat="29.8093" lon="-99.77191">
        <ele>525.8</ele>
      </trkpt>
      <trkpt lat="29.80929" lon="-99.7719">
        <ele>525.8</ele>
      </trkpt>
      <trkpt lat="29.80912" lon="-99.77174">
        <ele>526.1</ele>
      </trkpt>
      <trkpt lat="29.80897" lon="-99.77161">
        <ele>526.1</ele>
      </trkpt>
      <trkpt lat="29.80887" lon="-99.77153">
        <ele>526.1</ele>
      </trkpt>
      <trkpt lat="29.80882" lon="-99.7715">
        <ele>526.3</ele>
      </trkpt>
      <trkpt lat="29.80871" lon="-99.77144">
        <ele>526.7</ele>
      </trkpt>
      <trkpt lat="29.8087" lon="-99.77143">
        <ele>526.7</ele>
      </trkpt>
      <trkpt lat="29.80854" lon="-99.77136">
        <ele>527.7</ele>
      </trkpt>
      <trkpt lat="29.80848" lon="-99.77133">
        <ele>528.1</ele>
      </trkpt>
      <trkpt lat="29.80838" lon="-99.77128">
        <ele>528.7</ele>
      </trkpt>
      <trkpt lat="29.80821" lon="-99.77121">
        <ele>530.0</ele>
      </trkpt>
      <trkpt lat="29.80808" lon="-99.77115">
        <ele>530.6</ele>
      </trkpt>
      <trkpt lat="29.80747" lon="-99.77089">
        <ele>532.1</ele>
      </trkpt>
      <trkpt lat="29.80737" lon="-99.77084">
        <ele>532.1</ele>
      </trkpt>
      <trkpt lat="29.80708" lon="-99.77072">
        <ele>532.6</ele>
      </trkpt>
      <trkpt lat="29.80692" lon="-99.77066">
        <ele>532.4</ele>
      </trkpt>
      <trkpt lat="29.80686" lon="-99.77065">
        <ele>532.4</ele>
      </trkpt>
      <trkpt lat="29.80685" lon="-99.77065">
        <ele>532.4</ele>
      </trkpt>
      <trkpt lat="29.80675" lon="-99.77064">
        <ele>531.2</ele>
      </trkpt>
      <trkpt lat="29.80667" lon="-99.77064">
        <ele>527.9</ele>
      </trkpt>
      <trkpt lat="29.80662" lon="-99.77064">
        <ele>527.2</ele>
      </trkpt>
      <trkpt lat="29.80657" lon="-99.77065">
        <ele>526.8</ele>
      </trkpt>
      <trkpt lat="29.80651" lon="-99.77067">
        <ele>527.0</ele>
      </trkpt>
      <trkpt lat="29.80641" lon="-99.77073">
        <ele>527.7</ele>
      </trkpt>
      <trkpt lat="29.80631" lon="-99.77079">
        <ele>528.4</ele>
      </trkpt>
      <trkpt lat="29.80615" lon="-99.77093">
        <ele>530.0</ele>
      </trkpt>
      <trkpt lat="29.80605" lon="-99.77102">
        <ele>531.2</ele>
      </trkpt>
      <trkpt lat="29.80592" lon="-99.77116">
        <ele>532.6</ele>
      </trkpt>
      <trkpt lat="29.80578" lon="-99.77129">
        <ele>533.6</ele>
      </trkpt>
      <trkpt lat="29.80568" lon="-99.77139">
        <ele>534.1</ele>
      </trkpt>
      <trkpt lat="29.80564" lon="-99.77142">
        <ele>534.1</ele>
      </trkpt>
      <trkpt lat="29.8055" lon="-99.77155">
        <ele>534.4</ele>
      </trkpt>
      <trkpt lat="29.80522" lon="-99.77182">
        <ele>533.9</ele>
      </trkpt>
      <trkpt lat="29.80508" lon="-99.77195">
        <ele>533.4</ele>
      </trkpt>
      <trkpt lat="29.80422" lon="-99.77275">
        <ele>527.4</ele>
      </trkpt>
      <trkpt lat="29.8037" lon="-99.77324">
        <ele>524.1</ele>
      </trkpt>
      <trkpt lat="29.80353" lon="-99.77341">
        <ele>523.9</ele>
      </trkpt>
      <trkpt lat="29.80339" lon="-99.77354">
        <ele>523.7</ele>
      </trkpt>
      <trkpt lat="29.80312" lon="-99.7738">
        <ele>523.8</ele>
      </trkpt>
      <trkpt lat="29.80289" lon="-99.77402">
        <ele>523.8</ele>
      </trkpt>
      <trkpt lat="29.8027" lon="-99.77421">
        <ele>523.9</ele>
      </trkpt>
      <trkpt lat="29.80259" lon="-99.77434">
        <ele>524.0</ele>
      </trkpt>
      <trkpt lat="29.80258" lon="-99.77436">
        <ele>524.0</ele>
      </trkpt>
      <trkpt lat="29.80251" lon="-99.77444">
        <ele>524.1</ele>
      </trkpt>
      <trkpt lat="29.8024" lon="-99.77459">
        <ele>524.1</ele>
      </trkpt>
      <trkpt lat="29.80226" lon="-99.77481">
        <ele>523.9</ele>
      </trkpt>
      <trkpt lat="29.8022" lon="-99.77492">
        <ele>523.7</ele>
      </trkpt>
      <trkpt lat="29.80206" lon="-99.77521">
        <ele>523.2</ele>
      </trkpt>
      <trkpt lat="29.8019" lon="-99.7756">
        <ele>522.7</ele>
      </trkpt>
      <trkpt lat="29.8016" lon="-99.77633">
        <ele>522.1</ele>
      </trkpt>
      <trkpt lat="29.80136" lon="-99.77694">
        <ele>522.0</ele>
      </trkpt>
      <trkpt lat="29.80114" lon="-99.77747">
        <ele>522.2</ele>
      </trkpt>
      <trkpt lat="29.80102" lon="-99.77773">
        <ele>522.3</ele>
      </trkpt>
      <trkpt lat="29.80098" lon="-99.77782">
        <ele>522.4</ele>
      </trkpt>
      <trkpt lat="29.80088" lon="-99.778">
        <ele>522.5</ele>
      </trkpt>
      <trkpt lat="29.80087" lon="-99.77802">
        <ele>522.5</ele>
      </trkpt>
      <trkpt lat="29.80078" lon="-99.77816">
        <ele>522.6</ele>
      </trkpt>
      <trkpt lat="29.80078" lon="-99.77817">
        <ele>522.6</ele>
      </trkpt>
      <trkpt lat="29.80067" lon="-99.77831">
        <ele>522.7</ele>
      </trkpt>
      <trkpt lat="29.80052" lon="-99.77851">
        <ele>522.9</ele>
      </trkpt>
      <trkpt lat="29.80029" lon="-99.77878">
        <ele>522.9</ele>
      </trkpt>
      <trkpt lat="29.80018" lon="-99.77892">
        <ele>523.0</ele>
      </trkpt>
      <trkpt lat="29.80017" lon="-99.77893">
        <ele>523.0</ele>
      </trkpt>
      <trkpt lat="29.79992" lon="-99.77922">
        <ele>522.9</ele>
      </trkpt>
      <trkpt lat="29.79963" lon="-99.77956">
        <ele>522.8</ele>
      </trkpt>
      <trkpt lat="29.79917" lon="-99.78012">
        <ele>522.4</ele>
      </trkpt>
      <trkpt lat="29.79916" lon="-99.78013">
        <ele>522.4</ele>
      </trkpt>
      <trkpt lat="29.79904" lon="-99.78027">
        <ele>522.3</ele>
      </trkpt>
      <trkpt lat="29.79879" lon="-99.78056">
        <ele>522.2</ele>
      </trkpt>
      <trkpt lat="29.79866" lon="-99.78071">
        <ele>522.1</ele>
      </trkpt>
      <trkpt lat="29.79865" lon="-99.78072">
        <ele>522.1</ele>
      </trkpt>
      <trkpt lat="29.79854" lon="-99.78086">
        <ele>522.2</ele>
      </trkpt>
      <trkpt lat="29.79841" lon="-99.78101">
        <ele>522.3</ele>
      </trkpt>
      <trkpt lat="29.79828" lon="-99.78115">
        <ele>522.3</ele>
      </trkpt>
      <trkpt lat="29.79827" lon="-99.78117">
        <ele>522.3</ele>
      </trkpt>
      <trkpt lat="29.79816" lon="-99.7813">
        <ele>522.2</ele>
      </trkpt>
      <trkpt lat="29.79796" lon="-99.78153">
        <ele>522.1</ele>
      </trkpt>
      <trkpt lat="29.79776" lon="-99.78178">
        <ele>521.9</ele>
      </trkpt>
      <trkpt lat="29.79766" lon="-99.78188">
        <ele>521.8</ele>
      </trkpt>
      <trkpt lat="29.79759" lon="-99.78194">
        <ele>521.7</ele>
      </trkpt>
      <trkpt lat="29.79749" lon="-99.78202">
        <ele>521.5</ele>
      </trkpt>
      <trkpt lat="29.79742" lon="-99.78207">
        <ele>521.4</ele>
      </trkpt>
      <trkpt lat="29.79731" lon="-99.78212">
        <ele>521.2</ele>
      </trkpt>
      <trkpt lat="29.79731" lon="-99.78213">
        <ele>521.2</ele>
      </trkpt>
      <trkpt lat="29.79721" lon="-99.78217">
        <ele>521.1</ele>
      </trkpt>
      <trkpt lat="29.79718" lon="-99.78218">
        <ele>521.0</ele>
      </trkpt>
      <trkpt lat="29.79714" lon="-99.78219">
        <ele>521.0</ele>
      </trkpt>
      <trkpt lat="29.79708" lon="-99.78222">
        <ele>520.9</ele>
      </trkpt>
      <trkpt lat="29.79705" lon="-99.78223">
        <ele>520.9</ele>
      </trkpt>
      <trkpt lat="29.79683" lon="-99.7823">
        <ele>520.6</ele>
      </trkpt>
      <trkpt lat="29.79645" lon="-99.7824">
        <ele>520.5</ele>
      </trkpt>
      <trkpt lat="29.7963" lon="-99.78243">
        <ele>520.4</ele>
      </trkpt>
      <trkpt lat="29.79627" lon="-99.78244">
        <ele>520.4</ele>
      </trkpt>
      <trkpt lat="29.7961" lon="-99.78249">
        <ele>520.4</ele>
      </trkpt>
      <trkpt lat="29.79594" lon="-99.78253">
        <ele>520.4</ele>
      </trkpt>
      <trkpt lat="29.79558" lon="-99.78262">
        <ele>520.5</ele>
      </trkpt>
      <trkpt lat="29.79543" lon="-99.78266">
        <ele>520.6</ele>
      </trkpt>
      <trkpt lat="29.79538" lon="-99.78267">
        <ele>520.6</ele>
      </trkpt>
      <trkpt lat="29.7952" lon="-99.78271">
        <ele>520.7</ele>
      </trkpt>
      <trkpt lat="29.79495" lon="-99.78272">
        <ele>520.6</ele>
      </trkpt>
      <trkpt lat="29.79486" lon="-99.78272">
        <ele>520.6</ele>
      </trkpt>
      <trkpt lat="29.79469" lon="-99.78269">
        <ele>520.5</ele>
      </trkpt>
      <trkpt lat="29.79461" lon="-99.78268">
        <ele>520.4</ele>
      </trkpt>
      <trkpt lat="29.79445" lon="-99.78263">
        <ele>520.2</ele>
      </trkpt>
      <trkpt lat="29.79445" lon="-99.78263">
        <ele>520.2</ele>
      </trkpt>
      <trkpt lat="29.79439" lon="-99.78262">
        <ele>520.2</ele>
      </trkpt>
      <trkpt lat="29.79412" lon="-99.78251">
        <ele>519.8</ele>
      </trkpt>
      <trkpt lat="29.79409" lon="-99.7825">
        <ele>519.8</ele>
      </trkpt>
      <trkpt lat="29.7939" lon="-99.78243">
        <ele>519.6</ele>
      </trkpt>
      <trkpt lat="29.7939" lon="-99.78243">
        <ele>519.6</ele>
      </trkpt>
      <trkpt lat="29.7939" lon="-99.78251">
        <ele>519.7</ele>
      </trkpt>
      <trkpt lat="29.7939" lon="-99.78251">
        <ele>519.7</ele>
      </trkpt>
      <trkpt lat="29.79389" lon="-99.78284">
        <ele>520.3</ele>
      </trkpt>
      <trkpt lat="29.79391" lon="-99.78295">
        <ele>520.5</ele>
      </trkpt>
      <trkpt lat="29.79394" lon="-99.78315">
        <ele>520.8</ele>
      </trkpt>
      <trkpt lat="29.79397" lon="-99.78334">
        <ele>521.1</ele>
      </trkpt>
      <trkpt lat="29.79402" lon="-99.78356">
        <ele>521.3</ele>
      </trkpt>
      <trkpt lat="29.79407" lon="-99.78376">
        <ele>521.5</ele>
      </trkpt>
      <trkpt lat="29.79409" lon="-99.78387">
        <ele>521.6</ele>
      </trkpt>
      <trkpt lat="29.79409" lon="-99.78387">
        <ele>521.6</ele>
      </trkpt>
      <trkpt lat="29.7941" lon="-99.78393">
        <ele>521.7</ele>
      </trkpt>
      <trkpt lat="29.7941" lon="-99.78396">
        <ele>521.7</ele>
      </trkpt>
      <trkpt lat="29.79412" lon="-99.78417">
        <ele>521.8</ele>
      </trkpt>
      <trkpt lat="29.79413" lon="-99.78437">
        <ele>522.0</ele>
      </trkpt>
      <trkpt lat="29.79414" lon="-99.78442">
        <ele>522.0</ele>
      </trkpt>
      <trkpt lat="29.79424" lon="-99.78453">
        <ele>522.2</ele>
      </trkpt>
      <trkpt lat="29.79437" lon="-99.78468">
        <ele>522.6</ele>
      </trkpt>
      <trkpt lat="29.79449" lon="-99.7848">
        <ele>523.0</ele>
      </trkpt>
      <trkpt lat="29.79454" lon="-99.78494">
        <ele>523.2</ele>
      </trkpt>
      <trkpt lat="29.79464" lon="-99.7852">
        <ele>523.6</ele>
      </trkpt>
      <trkpt lat="29.79471" lon="-99.78539">
        <ele>523.9</ele>
      </trkpt>
      <trkpt lat="29.79479" lon="-99.78558">
        <ele>524.2</ele>
      </trkpt>
      <trkpt lat="29.79491" lon="-99.78591">
        <ele>524.9</ele>
      </trkpt>
      <trkpt lat="29.79506" lon="-99.78634">
        <ele>525.3</ele>
      </trkpt>
      <trkpt lat="29.79513" lon="-99.78654">
        <ele>525.5</ele>
      </trkpt>
      <trkpt lat="29.79516" lon="-99.78662">
        <ele>525.5</ele>
      </trkpt>
      <trkpt lat="29.79517" lon="-99.78674">
        <ele>525.4</ele>
      </trkpt>
      <trkpt lat="29.79517" lon="-99.78677">
        <ele>525.4</ele>
      </trkpt>
      <trkpt lat="29.79517" lon="-99.78677">
        <ele>525.4</ele>
      </trkpt>
      <trkpt lat="29.79518" lon="-99.78685">
        <ele>525.4</ele>
      </trkpt>
      <trkpt lat="29.79519" lon="-99.78694">
        <ele>525.3</ele>
      </trkpt>
      <trkpt lat="29.79528" lon="-99.78756">
        <ele>524.8</ele>
      </trkpt>
      <trkpt lat="29.79531" lon="-99.78776">
        <ele>524.8</ele>
      </trkpt>
      <trkpt lat="29.79533" lon="-99.78785">
        <ele>524.8</ele>
      </trkpt>
      <trkpt lat="29.79533" lon="-99.78797">
        <ele>524.8</ele>
      </trkpt>
      <trkpt lat="29.79533" lon="-99.78805">
        <ele>524.7</ele>
      </trkpt>
      <trkpt lat="29.79534" lon="-99.78817">
        <ele>524.7</ele>
      </trkpt>
      <trkpt lat="29.79536" lon="-99.78838">
        <ele>524.7</ele>
      </trkpt>
      <trkpt lat="29.79538" lon="-99.78863">
        <ele>524.8</ele>
      </trkpt>
      <trkpt lat="29.79543" lon="-99.78921">
        <ele>524.8</ele>
      </trkpt>
      <trkpt lat="29.79546" lon="-99.78955">
        <ele>524.9</ele>
      </trkpt>
      <trkpt lat="29.7955" lon="-99.78982">
        <ele>525.0</ele>
      </trkpt>
      <trkpt lat="29.79551" lon="-99.78991">
        <ele>525.0</ele>
      </trkpt>
      <trkpt lat="29.79558" lon="-99.79026">
        <ele>524.9</ele>
      </trkpt>
      <trkpt lat="29.79562" lon="-99.79042">
        <ele>524.8</ele>
      </trkpt>
      <trkpt lat="29.79565" lon="-99.79048">
        <ele>524.8</ele>
      </trkpt>
      <trkpt lat="29.79576" lon="-99.79065">
        <ele>524.8</ele>
      </trkpt>
      <trkpt lat="29.79609" lon="-99.79106">
        <ele>525.1</ele>
      </trkpt>
      <trkpt lat="29.79639" lon="-99.79143">
        <ele>525.2</ele>
      </trkpt>
      <trkpt lat="29.79664" lon="-99.79174">
        <ele>525.1</ele>
      </trkpt>
      <trkpt lat="29.79685" lon="-99.79195">
        <ele>525.1</ele>
      </trkpt>
      <trkpt lat="29.79698" lon="-99.79208">
        <ele>525.1</ele>
      </trkpt>
      <trkpt lat="29.79712" lon="-99.79221">
        <ele>525.2</ele>
      </trkpt>
      <trkpt lat="29.79712" lon="-99.79221">
        <ele>525.2</ele>
      </trkpt>
      <trkpt lat="29.79749" lon="-99.79257">
        <ele>525.3</ele>
      </trkpt>
      <trkpt lat="29.79776" lon="-99.7928">
        <ele>525.4</ele>
      </trkpt>
      <trkpt lat="29.79825" lon="-99.79321">
        <ele>525.5</ele>
      </trkpt>
      <trkpt lat="29.7985" lon="-99.79337">
        <ele>525.6</ele>
      </trkpt>
      <trkpt lat="29.79855" lon="-99.79341">
        <ele>525.6</ele>
      </trkpt>
      <trkpt lat="29.79891" lon="-99.7936">
        <ele>525.8</ele>
      </trkpt>
      <trkpt lat="29.79899" lon="-99.79365">
        <ele>526.0</ele>
      </trkpt>
      <trkpt lat="29.799" lon="-99.79366">
        <ele>526.0</ele>
      </trkpt>
      <trkpt lat="29.79908" lon="-99.79374">
        <ele>526.1</ele>
      </trkpt>
      <trkpt lat="29.79915" lon="-99.79382">
        <ele>526.2</ele>
      </trkpt>
      <trkpt lat="29.79929" lon="-99.794">
        <ele>526.3</ele>
      </trkpt>
      <trkpt lat="29.79937" lon="-99.7941">
        <ele>526.4</ele>
      </trkpt>
      <trkpt lat="29.79949" lon="-99.79424">
        <ele>526.7</ele>
      </trkpt>
      <trkpt lat="29.79953" lon="-99.79428">
        <ele>526.9</ele>
      </trkpt>
      <trkpt lat="29.79962" lon="-99.79437">
        <ele>527.4</ele>
      </trkpt>
      <trkpt lat="29.79979" lon="-99.79453">
        <ele>528.7</ele>
      </trkpt>
      <trkpt lat="29.79997" lon="-99.79468">
        <ele>530.5</ele>
      </trkpt>
      <trkpt lat="29.80005" lon="-99.79477">
        <ele>531.2</ele>
      </trkpt>
      <trkpt lat="29.80005" lon="-99.79477">
        <ele>531.2</ele>
      </trkpt>
      <trkpt lat="29.80012" lon="-99.79484">
        <ele>531.9</ele>
      </trkpt>
      <trkpt lat="29.80018" lon="-99.79493">
        <ele>532.4</ele>
      </trkpt>
      <trkpt lat="29.80024" lon="-99.79501">
        <ele>532.9</ele>
      </trkpt>
      <trkpt lat="29.80034" lon="-99.79519">
        <ele>533.5</ele>
      </trkpt>
      <trkpt lat="29.80037" lon="-99.79526">
        <ele>533.6</ele>
      </trkpt>
      <trkpt lat="29.80045" lon="-99.79543">
        <ele>533.9</ele>
      </trkpt>
      <trkpt lat="29.80062" lon="-99.79589">
        <ele>532.1</ele>
      </trkpt>
      <trkpt lat="29.80067" lon="-99.79599">
        <ele>530.6</ele>
      </trkpt>
      <trkpt lat="29.80073" lon="-99.79605">
        <ele>529.6</ele>
      </trkpt>
      <trkpt lat="29.80079" lon="-99.79609">
        <ele>529.1</ele>
      </trkpt>
      <trkpt lat="29.80095" lon="-99.7962">
        <ele>529.0</ele>
      </trkpt>
      <trkpt lat="29.80109" lon="-99.79629">
        <ele>530.2</ele>
      </trkpt>
      <trkpt lat="29.80111" lon="-99.7963">
        <ele>530.4</ele>
      </trkpt>
      <trkpt lat="29.8012" lon="-99.79637">
        <ele>531.3</ele>
      </trkpt>
      <trkpt lat="29.80125" lon="-99.79642">
        <ele>531.9</ele>
      </trkpt>
      <trkpt lat="29.8013" lon="-99.79645">
        <ele>532.1</ele>
      </trkpt>
      <trkpt lat="29.80139" lon="-99.79654">
        <ele>532.7</ele>
      </trkpt>
      <trkpt lat="29.80139" lon="-99.79655">
        <ele>532.9</ele>
      </trkpt>
      <trkpt lat="29.80148" lon="-99.79668">
        <ele>533.7</ele>
      </trkpt>
      <trkpt lat="29.80152" lon="-99.79679">
        <ele>534.6</ele>
      </trkpt>
      <trkpt lat="29.80155" lon="-99.79691">
        <ele>535.8</ele>
      </trkpt>
      <trkpt lat="29.80155" lon="-99.79692">
        <ele>535.9</ele>
      </trkpt>
      <trkpt lat="29.80156" lon="-99.79704">
        <ele>537.1</ele>
      </trkpt>
      <trkpt lat="29.80156" lon="-99.79712">
        <ele>537.7</ele>
      </trkpt>
      <trkpt lat="29.80156" lon="-99.79717">
        <ele>537.9</ele>
      </trkpt>
      <trkpt lat="29.80153" lon="-99.79732">
        <ele>538.5</ele>
      </trkpt>
      <trkpt lat="29.80153" lon="-99.79733">
        <ele>538.5</ele>
      </trkpt>
      <trkpt lat="29.80149" lon="-99.79741">
        <ele>538.8</ele>
      </trkpt>
      <trkpt lat="29.80145" lon="-99.7975">
        <ele>539.0</ele>
      </trkpt>
      <trkpt lat="29.80144" lon="-99.7975">
        <ele>539.0</ele>
      </trkpt>
      <trkpt lat="29.8014" lon="-99.79759">
        <ele>539.0</ele>
      </trkpt>
      <trkpt lat="29.80129" lon="-99.79777">
        <ele>539.0</ele>
      </trkpt>
      <trkpt lat="29.80127" lon="-99.7978">
        <ele>539.1</ele>
      </trkpt>
      <trkpt lat="29.80127" lon="-99.7978">
        <ele>539.1</ele>
      </trkpt>
      <trkpt lat="29.80124" lon="-99.79785">
        <ele>539.1</ele>
      </trkpt>
      <trkpt lat="29.80113" lon="-99.79801">
        <ele>539.4</ele>
      </trkpt>
      <trkpt lat="29.80112" lon="-99.79804">
        <ele>539.4</ele>
      </trkpt>
      <trkpt lat="29.80103" lon="-99.79819">
        <ele>539.6</ele>
      </trkpt>
      <trkpt lat="29.80096" lon="-99.79832">
        <ele>539.6</ele>
      </trkpt>
      <trkpt lat="29.80091" lon="-99.79844">
        <ele>539.8</ele>
      </trkpt>
      <trkpt lat="29.80085" lon="-99.79855">
        <ele>540.0</ele>
      </trkpt>
      <trkpt lat="29.80079" lon="-99.79865">
        <ele>540.2</ele>
      </trkpt>
      <trkpt lat="29.80066" lon="-99.79889">
        <ele>540.9</ele>
      </trkpt>
      <trkpt lat="29.80055" lon="-99.7991">
        <ele>541.5</ele>
      </trkpt>
      <trkpt lat="29.80041" lon="-99.79932">
        <ele>542.2</ele>
      </trkpt>
      <trkpt lat="29.80035" lon="-99.7994">
        <ele>542.4</ele>
      </trkpt>
      <trkpt lat="29.80026" lon="-99.79952">
        <ele>542.5</ele>
      </trkpt>
      <trkpt lat="29.80023" lon="-99.79955">
        <ele>542.5</ele>
      </trkpt>
      <trkpt lat="29.8001" lon="-99.7997">
        <ele>542.7</ele>
      </trkpt>
      <trkpt lat="29.80009" lon="-99.79972">
        <ele>542.8</ele>
      </trkpt>
      <trkpt lat="29.79983" lon="-99.79998">
        <ele>543.4</ele>
      </trkpt>
      <trkpt lat="29.79952" lon="-99.80029">
        <ele>544.1</ele>
      </trkpt>
      <trkpt lat="29.7993" lon="-99.80054">
        <ele>544.5</ele>
      </trkpt>
      <trkpt lat="29.79925" lon="-99.8006">
        <ele>544.6</ele>
      </trkpt>
      <trkpt lat="29.79869" lon="-99.8013">
        <ele>545.1</ele>
      </trkpt>
      <trkpt lat="29.79857" lon="-99.80145">
        <ele>545.1</ele>
      </trkpt>
      <trkpt lat="29.7982" lon="-99.8019">
        <ele>545.2</ele>
      </trkpt>
      <trkpt lat="29.79817" lon="-99.80195">
        <ele>545.3</ele>
      </trkpt>
      <trkpt lat="29.79808" lon="-99.80206">
        <ele>545.5</ele>
      </trkpt>
      <trkpt lat="29.798" lon="-99.80216">
        <ele>545.6</ele>
      </trkpt>
      <trkpt lat="29.79791" lon="-99.80227">
        <ele>545.8</ele>
      </trkpt>
      <trkpt lat="29.79775" lon="-99.80249">
        <ele>546.2</ele>
      </trkpt>
      <trkpt lat="29.79743" lon="-99.80295">
        <ele>547.2</ele>
      </trkpt>
      <trkpt lat="29.79739" lon="-99.80301">
        <ele>547.3</ele>
      </trkpt>
      <trkpt lat="29.79721" lon="-99.80329">
        <ele>548.0</ele>
      </trkpt>
      <trkpt lat="29.79679" lon="-99.80399">
        <ele>551.0</ele>
      </trkpt>
      <trkpt lat="29.79677" lon="-99.80403">
        <ele>551.1</ele>
      </trkpt>
      <trkpt lat="29.79649" lon="-99.80451">
        <ele>552.1</ele>
      </trkpt>
      <trkpt lat="29.79646" lon="-99.80457">
        <ele>552.3</ele>
      </trkpt>
      <trkpt lat="29.79638" lon="-99.80472">
        <ele>552.7</ele>
      </trkpt>
      <trkpt lat="29.79629" lon="-99.8049">
        <ele>553.0</ele>
      </trkpt>
      <trkpt lat="29.7962" lon="-99.80506">
        <ele>553.0</ele>
      </trkpt>
      <trkpt lat="29.79613" lon="-99.80516">
        <ele>552.9</ele>
      </trkpt>
      <trkpt lat="29.7961" lon="-99.80519">
        <ele>552.8</ele>
      </trkpt>
      <trkpt lat="29.79607" lon="-99.80521">
        <ele>552.7</ele>
      </trkpt>
      <trkpt lat="29.79601" lon="-99.80524">
        <ele>552.5</ele>
      </trkpt>
      <trkpt lat="29.79601" lon="-99.80524">
        <ele>552.5</ele>
      </trkpt>
      <trkpt lat="29.79598" lon="-99.80526">
        <ele>552.5</ele>
      </trkpt>
      <trkpt lat="29.79588" lon="-99.80529">
        <ele>552.1</ele>
      </trkpt>
      <trkpt lat="29.79576" lon="-99.80531">
        <ele>551.7</ele>
      </trkpt>
      <trkpt lat="29.79574" lon="-99.80531">
        <ele>551.7</ele>
      </trkpt>
      <trkpt lat="29.79568" lon="-99.80531">
        <ele>551.5</ele>
      </trkpt>
      <trkpt lat="29.79568" lon="-99.80531">
        <ele>551.5</ele>
      </trkpt>
      <trkpt lat="29.795676" lon="-99.805197">
        <ele>551.3</ele>
      </trkpt>
      <trkpt lat="29.795676" lon="-99.805197">
        <ele>551.3</ele>
      </trkpt>
      <trkpt lat="29.795862" lon="-99.804827">
        <ele>551.2</ele>
      </trkpt>
      <trkpt lat="29.795862" lon="-99.804827">
        <ele>551.2</ele>
      </trkpt>
      <trkpt lat="29.796114" lon="-99.804327">
        <ele>550.1</ele>
      </trkpt>
      <trkpt lat="29.796114" lon="-99.804327">
        <ele>550.1</ele>
      </trkpt>
      <trkpt lat="29.796191" lon="-99.804138">
        <ele>549.4</ele>
      </trkpt>
      <trkpt lat="29.796191" lon="-99.804138">
        <ele>549.4</ele>
      </trkpt>
      <trkpt lat="29.796404" lon="-99.803694">
        <ele>547.9</ele>
      </trkpt>
      <trkpt lat="29.796404" lon="-99.803694">
        <ele>547.9</ele>
      </trkpt>
      <trkpt lat="29.796551" lon="-99.803339">
        <ele>546.6</ele>
      </trkpt>
      <trkpt lat="29.796551" lon="-99.803339">
        <ele>546.6</ele>
      </trkpt>
      <trkpt lat="29.796724" lon="-99.803036">
        <ele>545.4</ele>
      </trkpt>
      <trkpt lat="29.796724" lon="-99.803036">
        <ele>545.4</ele>
      </trkpt>
      <trkpt lat="29.797022" lon="-99.802412">
        <ele>543.4</ele>
      </trkpt>
      <trkpt lat="29.797022" lon="-99.802412">
        <ele>543.4</ele>
      </trkpt>
      <trkpt lat="29.797146" lon="-99.802179">
        <ele>542.8</ele>
      </trkpt>
      <trkpt lat="29.797146" lon="-99.802179">
        <ele>542.8</ele>
      </trkpt>
      <trkpt lat="29.797253" lon="-99.801908">
        <ele>542.1</ele>
      </trkpt>
      <trkpt lat="29.797253" lon="-99.801908">
        <ele>542.1</ele>
      </trkpt>
      <trkpt lat="29.797352" lon="-99.801772">
        <ele>541.8</ele>
      </trkpt>
      <trkpt lat="29.797352" lon="-99.801772">
        <ele>541.8</ele>
      </trkpt>
      <trkpt lat="29.79747" lon="-99.801478">
        <ele>541.1</ele>
      </trkpt>
      <trkpt lat="29.79747" lon="-99.801478">
        <ele>541.1</ele>
      </trkpt>
      <trkpt lat="29.797595" lon="-99.801245">
        <ele>540.6</ele>
      </trkpt>
      <trkpt lat="29.797595" lon="-99.801245">
        <ele>540.6</ele>
      </trkpt>
      <trkpt lat="29.797728" lon="-99.80097">
        <ele>539.8</ele>
      </trkpt>
      <trkpt lat="29.797728" lon="-99.80097">
        <ele>539.8</ele>
      </trkpt>
      <trkpt lat="29.797924" lon="-99.800639">
        <ele>538.9</ele>
      </trkpt>
      <trkpt lat="29.797924" lon="-99.800639">
        <ele>538.9</ele>
      </trkpt>
      <trkpt lat="29.798015" lon="-99.800492">
        <ele>538.3</ele>
      </trkpt>
      <trkpt lat="29.798015" lon="-99.800492">
        <ele>538.3</ele>
      </trkpt>
      <trkpt lat="29.798152" lon="-99.800124">
        <ele>536.4</ele>
      </trkpt>
      <trkpt lat="29.798152" lon="-99.800124">
        <ele>536.4</ele>
      </trkpt>
      <trkpt lat="29.798284" lon="-99.799858">
        <ele>536.3</ele>
      </trkpt>
      <trkpt lat="29.798284" lon="-99.799858">
        <ele>536.3</ele>
      </trkpt>
      <trkpt lat="29.798536" lon="-99.799391">
        <ele>536.3</ele>
      </trkpt>
      <trkpt lat="29.798536" lon="-99.799391">
        <ele>536.3</ele>
      </trkpt>
      <trkpt lat="29.798586" lon="-99.799351">
        <ele>536.3</ele>
      </trkpt>
      <trkpt lat="29.798586" lon="-99.799351">
        <ele>536.3</ele>
      </trkpt>
      <trkpt lat="29.798762" lon="-99.799268">
        <ele>536.6</ele>
      </trkpt>
      <trkpt lat="29.798762" lon="-99.799268">
        <ele>536.6</ele>
      </trkpt>
      <trkpt lat="29.798938" lon="-99.799206">
        <ele>536.7</ele>
      </trkpt>
      <trkpt lat="29.798938" lon="-99.799206">
        <ele>536.7</ele>
      </trkpt>
      <trkpt lat="29.7991" lon="-99.799228">
        <ele>537.4</ele>
      </trkpt>
      <trkpt lat="29.7991" lon="-99.799228">
        <ele>537.4</ele>
      </trkpt>
      <trkpt lat="29.79918" lon="-99.799153">
        <ele>537.7</ele>
      </trkpt>
      <trkpt lat="29.79918" lon="-99.799153">
        <ele>537.7</ele>
      </trkpt>
      <trkpt lat="29.799186" lon="-99.798968">
        <ele>537.3</ele>
      </trkpt>
      <trkpt lat="29.799186" lon="-99.798968">
        <ele>537.3</ele>
      </trkpt>
      <trkpt lat="29.799166" lon="-99.798777">
        <ele>536.9</ele>
      </trkpt>
      <trkpt lat="29.799166" lon="-99.798777">
        <ele>536.9</ele>
      </trkpt>
      <trkpt lat="29.799137" lon="-99.798632">
        <ele>536.5</ele>
      </trkpt>
      <trkpt lat="29.799137" lon="-99.798632">
        <ele>536.5</ele>
      </trkpt>
      <trkpt lat="29.799146" lon="-99.798402">
        <ele>535.8</ele>
      </trkpt>
      <trkpt lat="29.799146" lon="-99.798402">
        <ele>535.8</ele>
      </trkpt>
      <trkpt lat="29.799086" lon="-99.798238">
        <ele>535.0</ele>
      </trkpt>
      <trkpt lat="29.799086" lon="-99.798238">
        <ele>535.0</ele>
      </trkpt>
      <trkpt lat="29.799297" lon="-99.797879">
        <ele>534.5</ele>
      </trkpt>
      <trkpt lat="29.799297" lon="-99.797879">
        <ele>534.5</ele>
      </trkpt>
      <trkpt lat="29.799317" lon="-99.797753">
        <ele>534.1</ele>
      </trkpt>
      <trkpt lat="29.799317" lon="-99.797753">
        <ele>534.1</ele>
      </trkpt>
      <trkpt lat="29.799179" lon="-99.797575">
        <ele>532.8</ele>
      </trkpt>
      <trkpt lat="29.799179" lon="-99.797575">
        <ele>532.8</ele>
      </trkpt>
      <trkpt lat="29.799" lon="-99.79746">
        <ele>531.6</ele>
      </trkpt>
      <trkpt lat="29.799" lon="-99.79746">
        <ele>531.6</ele>
      </trkpt>
      <trkpt lat="29.798797" lon="-99.797463">
        <ele>530.7</ele>
      </trkpt>
      <trkpt lat="29.798797" lon="-99.797463">
        <ele>530.7</ele>
      </trkpt>
      <trkpt lat="29.798658" lon="-99.797372">
        <ele>529.6</ele>
      </trkpt>
      <trkpt lat="29.798658" lon="-99.797372">
        <ele>529.6</ele>
      </trkpt>
      <trkpt lat="29.798599" lon="-99.797162">
        <ele>528.7</ele>
      </trkpt>
      <trkpt lat="29.798599" lon="-99.797162">
        <ele>528.7</ele>
      </trkpt>
      <trkpt lat="29.79863" lon="-99.796945">
        <ele>528.2</ele>
      </trkpt>
      <trkpt lat="29.79863" lon="-99.796945">
        <ele>528.2</ele>
      </trkpt>
      <trkpt lat="29.798552" lon="-99.796709">
        <ele>527.1</ele>
      </trkpt>
      <trkpt lat="29.798552" lon="-99.796709">
        <ele>527.1</ele>
      </trkpt>
      <trkpt lat="29.798418" lon="-99.796491">
        <ele>526.9</ele>
      </trkpt>
      <trkpt lat="29.798418" lon="-99.796491">
        <ele>526.9</ele>
      </trkpt>
      <trkpt lat="29.798236" lon="-99.796392">
        <ele>527.1</ele>
      </trkpt>
      <trkpt lat="29.798236" lon="-99.796392">
        <ele>527.1</ele>
      </trkpt>
      <trkpt lat="29.798079" lon="-99.796234">
        <ele>527.2</ele>
      </trkpt>
      <trkpt lat="29.798079" lon="-99.796234">
        <ele>527.2</ele>
      </trkpt>
      <trkpt lat="29.79798" lon="-99.796057">
        <ele>527.3</ele>
      </trkpt>
      <trkpt lat="29.79798" lon="-99.796057">
        <ele>527.3</ele>
      </trkpt>
      <trkpt lat="29.79786" lon="-99.796003">
        <ele>527.6</ele>
      </trkpt>
      <trkpt lat="29.79786" lon="-99.796003">
        <ele>527.6</ele>
      </trkpt>
      <trkpt lat="29.797765" lon="-99.796108">
        <ele>527.8</ele>
      </trkpt>
      <trkpt lat="29.797765" lon="-99.796108">
        <ele>527.8</ele>
      </trkpt>
      <trkpt lat="29.79765" lon="-99.796205">
        <ele>528.1</ele>
      </trkpt>
      <trkpt lat="29.79765" lon="-99.796205">
        <ele>528.1</ele>
      </trkpt>
      <trkpt lat="29.797528" lon="-99.796172">
        <ele>528.5</ele>
      </trkpt>
      <trkpt lat="29.797528" lon="-99.796172">
        <ele>528.5</ele>
      </trkpt>
      <trkpt lat="29.797483" lon="-99.796001">
        <ele>528.5</ele>
      </trkpt>
      <trkpt lat="29.797483" lon="-99.796001">
        <ele>528.5</ele>
      </trkpt>
      <trkpt lat="29.797395" lon="-99.795767">
        <ele>528.4</ele>
      </trkpt>
      <trkpt lat="29.797395" lon="-99.795767">
        <ele>528.4</ele>
      </trkpt>
      <trkpt lat="29.797317" lon="-99.795445">
        <ele>528.0</ele>
      </trkpt>
      <trkpt lat="29.797317" lon="-99.795445">
        <ele>528.0</ele>
      </trkpt>
      <trkpt lat="29.797291" lon="-99.795207">
        <ele>527.7</ele>
      </trkpt>
      <trkpt lat="29.797291" lon="-99.795207">
        <ele>527.7</ele>
      </trkpt>
      <trkpt lat="29.797308" lon="-99.79492">
        <ele>527.2</ele>
      </trkpt>
      <trkpt lat="29.797308" lon="-99.79492">
        <ele>527.2</ele>
      </trkpt>
      <trkpt lat="29.797209" lon="-99.794689">
        <ele>527.0</ele>
      </trkpt>
      <trkpt lat="29.797209" lon="-99.794689">
        <ele>527.0</ele>
      </trkpt>
      <trkpt lat="29.797155" lon="-99.794373">
        <ele>526.7</ele>
      </trkpt>
      <trkpt lat="29.797155" lon="-99.794373">
        <ele>526.7</ele>
      </trkpt>
      <trkpt lat="29.797084" lon="-99.794247">
        <ele>526.7</ele>
      </trkpt>
      <trkpt lat="29.797084" lon="-99.794247">
        <ele>526.7</ele>
      </trkpt>
      <trkpt lat="29.79691" lon="-99.793992">
        <ele>526.7</ele>
      </trkpt>
      <trkpt lat="29.79691" lon="-99.793992">
        <ele>526.7</ele>
      </trkpt>
      <trkpt lat="29.796659" lon="-99.793764">
        <ele>526.7</ele>
      </trkpt>
      <trkpt lat="29.796659" lon="-99.793764">
        <ele>526.7</ele>
      </trkpt>
      <trkpt lat="29.79652" lon="-99.793466">
        <ele>526.6</ele>
      </trkpt>
      <trkpt lat="29.79652" lon="-99.793466">
        <ele>526.6</ele>
      </trkpt>
      <trkpt lat="29.796195" lon="-99.792848">
        <ele>525.6</ele>
      </trkpt>
      <trkpt lat="29.796195" lon="-99.792848">
        <ele>525.6</ele>
      </trkpt>
      <trkpt lat="29.795651" lon="-99.792325">
        <ele>524.4</ele>
      </trkpt>
      <trkpt lat="29.795651" lon="-99.792325">
        <ele>524.4</ele>
      </trkpt>
      <trkpt lat="29.795449" lon="-99.792161">
        <ele>524.3</ele>
      </trkpt>
      <trkpt lat="29.795449" lon="-99.792161">
        <ele>524.3</ele>
      </trkpt>
      <trkpt lat="29.79491" lon="-99.79244">
        <ele>529.4</ele>
      </trkpt>
      <trkpt lat="29.79491" lon="-99.79244">
        <ele>529.4</ele>
      </trkpt>
      <trkpt lat="29.794756" lon="-99.792427">
        <ele>532.4</ele>
      </trkpt>
      <trkpt lat="29.794756" lon="-99.792427">
        <ele>532.4</ele>
      </trkpt>
      <trkpt lat="29.794475" lon="-99.792282">
        <ele>536.3</ele>
      </trkpt>
      <trkpt lat="29.794475" lon="-99.792282">
        <ele>536.3</ele>
      </trkpt>
      <trkpt lat="29.794235" lon="-99.791962">
        <ele>534.9</ele>
      </trkpt>
      <trkpt lat="29.794235" lon="-99.791962">
        <ele>534.9</ele>
      </trkpt>
      <trkpt lat="29.79386" lon="-99.791451">
        <ele>536.9</ele>
      </trkpt>
      <trkpt lat="29.79386" lon="-99.791451">
        <ele>536.9</ele>
      </trkpt>
      <trkpt lat="29.793855" lon="-99.791362">
        <ele>536.6</ele>
      </trkpt>
      <trkpt lat="29.793855" lon="-99.791362">
        <ele>536.6</ele>
      </trkpt>
      <trkpt lat="29.793954" lon="-99.791129">
        <ele>534.2</ele>
      </trkpt>
      <trkpt lat="29.793954" lon="-99.791129">
        <ele>534.2</ele>
      </trkpt>
      <trkpt lat="29.793966" lon="-99.790807">
        <ele>532.0</ele>
      </trkpt>
      <trkpt lat="29.793966" lon="-99.790807">
        <ele>532.0</ele>
      </trkpt>
      <trkpt lat="29.794075" lon="-99.790614">
        <ele>530.0</ele>
      </trkpt>
      <trkpt lat="29.794075" lon="-99.790614">
        <ele>530.0</ele>
      </trkpt>
      <trkpt lat="29.794103" lon="-99.790528">
        <ele>529.5</ele>
      </trkpt>
      <trkpt lat="29.794103" lon="-99.790528">
        <ele>529.5</ele>
      </trkpt>
      <trkpt lat="29.794047" lon="-99.790147">
        <ele>528.9</ele>
      </trkpt>
      <trkpt lat="29.794047" lon="-99.790147">
        <ele>528.9</ele>
      </trkpt>
      <trkpt lat="29.794134" lon="-99.789653">
        <ele>527.0</ele>
      </trkpt>
      <trkpt lat="29.794134" lon="-99.789653">
        <ele>527.0</ele>
      </trkpt>
      <trkpt lat="29.794131" lon="-99.789463">
        <ele>526.6</ele>
      </trkpt>
      <trkpt lat="29.794131" lon="-99.789463">
        <ele>526.6</ele>
      </trkpt>
      <trkpt lat="29.794066" lon="-99.789303">
        <ele>526.8</ele>
      </trkpt>
      <trkpt lat="29.794066" lon="-99.789303">
        <ele>526.8</ele>
      </trkpt>
      <trkpt lat="29.793787" lon="-99.788965">
        <ele>527.9</ele>
      </trkpt>
      <trkpt lat="29.793787" lon="-99.788965">
        <ele>527.9</ele>
      </trkpt>
      <trkpt lat="29.793658" lon="-99.788779">
        <ele>528.2</ele>
      </trkpt>
      <trkpt lat="29.793658" lon="-99.788779">
        <ele>528.2</ele>
      </trkpt>
      <trkpt lat="29.793337" lon="-99.78839">
        <ele>528.5</ele>
      </trkpt>
      <trkpt lat="29.793337" lon="-99.78839">
        <ele>528.5</ele>
      </trkpt>
      <trkpt lat="29.793216" lon="-99.788212">
        <ele>528.4</ele>
      </trkpt>
      <trkpt lat="29.793216" lon="-99.788212">
        <ele>528.4</ele>
      </trkpt>
      <trkpt lat="29.793093" lon="-99.788057">
        <ele>528.6</ele>
      </trkpt>
      <trkpt lat="29.793093" lon="-99.788057">
        <ele>528.6</ele>
      </trkpt>
      <trkpt lat="29.793025" lon="-99.787681">
        <ele>527.8</ele>
      </trkpt>
      <trkpt lat="29.793025" lon="-99.787681">
        <ele>527.8</ele>
      </trkpt>
      <trkpt lat="29.792945" lon="-99.787481">
        <ele>527.6</ele>
      </trkpt>
      <trkpt lat="29.792945" lon="-99.787481">
        <ele>527.6</ele>
      </trkpt>
      <trkpt lat="29.79274" lon="-99.78702">
        <ele>526.6</ele>
      </trkpt>
      <trkpt lat="29.79274" lon="-99.78702">
        <ele>526.6</ele>
      </trkpt>
      <trkpt lat="29.792636" lon="-99.786786">
        <ele>527.3</ele>
      </trkpt>
      <trkpt lat="29.792636" lon="-99.786786">
        <ele>527.3</ele>
      </trkpt>
      <trkpt lat="29.792593" lon="-99.786402">
        <ele>527.6</ele>
      </trkpt>
      <trkpt lat="29.792593" lon="-99.786402">
        <ele>527.6</ele>
      </trkpt>
      <trkpt lat="29.792454" lon="-99.786156">
        <ele>528.4</ele>
      </trkpt>
      <trkpt lat="29.792454" lon="-99.786156">
        <ele>528.4</ele>
      </trkpt>
      <trkpt lat="29.792383" lon="-99.785655">
        <ele>529.3</ele>
      </trkpt>
      <trkpt lat="29.792383" lon="-99.785655">
        <ele>529.3</ele>
      </trkpt>
      <trkpt lat="29.791975" lon="-99.784833">
        <ele>530.9</ele>
      </trkpt>
      <trkpt lat="29.791975" lon="-99.784833">
        <ele>530.9</ele>
      </trkpt>
      <trkpt lat="29.791939" lon="-99.784543">
        <ele>530.3</ele>
      </trkpt>
      <trkpt lat="29.791939" lon="-99.784543">
        <ele>530.3</ele>
      </trkpt>
      <trkpt lat="29.791877" lon="-99.784174">
        <ele>529.6</ele>
      </trkpt>
      <trkpt lat="29.791877" lon="-99.784174">
        <ele>529.6</ele>
      </trkpt>
      <trkpt lat="29.791877" lon="-99.784174">
        <ele>529.6</ele>
      </trkpt>
      <trkpt lat="29.791552" lon="-99.783152">
        <ele>528.0</ele>
      </trkpt>
      <trkpt lat="29.791552" lon="-99.783152">
        <ele>528.0</ele>
      </trkpt>
      <trkpt lat="29.791442" lon="-99.782878">
        <ele>527.4</ele>
      </trkpt>
      <trkpt lat="29.791442" lon="-99.782878">
        <ele>527.4</ele>
      </trkpt>
      <trkpt lat="29.791435" lon="-99.782561">
        <ele>525.9</ele>
      </trkpt>
      <trkpt lat="29.791435" lon="-99.782561">
        <ele>525.9</ele>
      </trkpt>
      <trkpt lat="29.791377" lon="-99.782234">
        <ele>524.2</ele>
      </trkpt>
      <trkpt lat="29.791377" lon="-99.782234">
        <ele>524.2</ele>
      </trkpt>
      <trkpt lat="29.79124" lon="-99.781864">
        <ele>522.8</ele>
      </trkpt>
      <trkpt lat="29.79124" lon="-99.781864">
        <ele>522.8</ele>
      </trkpt>
      <trkpt lat="29.791056" lon="-99.781515">
        <ele>521.9</ele>
      </trkpt>
      <trkpt lat="29.791056" lon="-99.781515">
        <ele>521.9</ele>
      </trkpt>
      <trkpt lat="29.791044" lon="-99.781102">
        <ele>520.7</ele>
      </trkpt>
      <trkpt lat="29.791044" lon="-99.781102">
        <ele>520.7</ele>
      </trkpt>
      <trkpt lat="29.791121" lon="-99.781033">
        <ele>520.0</ele>
      </trkpt>
      <trkpt lat="29.79116" lon="-99.78097">
        <ele>519.6</ele>
      </trkpt>
      <trkpt lat="29.79093" lon="-99.78075">
        <ele>520.1</ele>
      </trkpt>
      <trkpt lat="29.79079" lon="-99.78062">
        <ele>520.4</ele>
      </trkpt>
      <trkpt lat="29.79065" lon="-99.7805">
        <ele>520.9</ele>
      </trkpt>
      <trkpt lat="29.79007" lon="-99.77998">
        <ele>526.2</ele>
      </trkpt>
      <trkpt lat="29.7898" lon="-99.77973">
        <ele>526.9</ele>
      </trkpt>
      <trkpt lat="29.78966" lon="-99.7796">
        <ele>527.0</ele>
      </trkpt>
      <trkpt lat="29.78957" lon="-99.77952">
        <ele>527.0</ele>
      </trkpt>
      <trkpt lat="29.78957" lon="-99.77952">
        <ele>527.0</ele>
      </trkpt>
      <trkpt lat="29.78955" lon="-99.7795">
        <ele>527.0</ele>
      </trkpt>
      <trkpt lat="29.78952" lon="-99.77947">
        <ele>526.8</ele>
      </trkpt>
      <trkpt lat="29.78938" lon="-99.77934">
        <ele>526.2</ele>
      </trkpt>
      <trkpt lat="29.78937" lon="-99.77933">
        <ele>526.3</ele>
      </trkpt>
      <trkpt lat="29.78924" lon="-99.77918">
        <ele>527.3</ele>
      </trkpt>
      <trkpt lat="29.78918" lon="-99.77912">
        <ele>527.8</ele>
      </trkpt>
      <trkpt lat="29.78913" lon="-99.77908">
        <ele>528.2</ele>
      </trkpt>
      <trkpt lat="29.78907" lon="-99.77901">
        <ele>528.5</ele>
      </trkpt>
      <trkpt lat="29.789" lon="-99.77893">
        <ele>528.7</ele>
      </trkpt>
      <trkpt lat="29.78894" lon="-99.77887">
        <ele>528.8</ele>
      </trkpt>
      <trkpt lat="29.78885" lon="-99.77875">
        <ele>528.9</ele>
      </trkpt>
      <trkpt lat="29.78883" lon="-99.77872">
        <ele>528.9</ele>
      </trkpt>
      <trkpt lat="29.78866" lon="-99.77849">
        <ele>528.9</ele>
      </trkpt>
      <trkpt lat="29.78862" lon="-99.77844">
        <ele>528.8</ele>
      </trkpt>
      <trkpt lat="29.78853" lon="-99.7783">
        <ele>528.3</ele>
      </trkpt>
      <trkpt lat="29.78851" lon="-99.77827">
        <ele>528.2</ele>
      </trkpt>
      <trkpt lat="29.78844" lon="-99.77815">
        <ele>528.1</ele>
      </trkpt>
      <trkpt lat="29.78841" lon="-99.7781">
        <ele>528.2</ele>
      </trkpt>
      <trkpt lat="29.78835" lon="-99.778">
        <ele>528.3</ele>
      </trkpt>
      <trkpt lat="29.78831" lon="-99.77793">
        <ele>528.4</ele>
      </trkpt>
      <trkpt lat="29.78824" lon="-99.7778">
        <ele>528.5</ele>
      </trkpt>
      <trkpt lat="29.78805" lon="-99.77744">
        <ele>529.2</ele>
      </trkpt>
      <trkpt lat="29.78803" lon="-99.77739">
        <ele>529.2</ele>
      </trkpt>
      <trkpt lat="29.78794" lon="-99.77721">
        <ele>529.6</ele>
      </trkpt>
      <trkpt lat="29.78785" lon="-99.77704">
        <ele>530.0</ele>
      </trkpt>
      <trkpt lat="29.78784" lon="-99.77701">
        <ele>529.8</ele>
      </trkpt>
      <trkpt lat="29.78776" lon="-99.77686">
        <ele>529.5</ele>
      </trkpt>
      <trkpt lat="29.78768" lon="-99.77669">
        <ele>529.7</ele>
      </trkpt>
      <trkpt lat="29.78767" lon="-99.77668">
        <ele>529.9</ele>
      </trkpt>
      <trkpt lat="29.78758" lon="-99.7765">
        <ele>530.1</ele>
      </trkpt>
      <trkpt lat="29.78749" lon="-99.7763">
        <ele>529.6</ele>
      </trkpt>
      <trkpt lat="29.78741" lon="-99.77613">
        <ele>528.9</ele>
      </trkpt>
      <trkpt lat="29.78738" lon="-99.77607">
        <ele>529.0</ele>
      </trkpt>
      <trkpt lat="29.78717" lon="-99.77558">
        <ele>529.8</ele>
      </trkpt>
      <trkpt lat="29.78709" lon="-99.77539">
        <ele>529.7</ele>
      </trkpt>
      <trkpt lat="29.78702" lon="-99.77522">
        <ele>529.4</ele>
      </trkpt>
      <trkpt lat="29.78702" lon="-99.7752">
        <ele>529.3</ele>
      </trkpt>
      <trkpt lat="29.78689" lon="-99.77487">
        <ele>527.9</ele>
      </trkpt>
      <trkpt lat="29.78687" lon="-99.77482">
        <ele>527.8</ele>
      </trkpt>
      <trkpt lat="29.78681" lon="-99.77466">
        <ele>527.8</ele>
      </trkpt>
      <trkpt lat="29.78666" lon="-99.77425">
        <ele>528.8</ele>
      </trkpt>
      <trkpt lat="29.78661" lon="-99.77409">
        <ele>528.5</ele>
      </trkpt>
      <trkpt lat="29.7866" lon="-99.77406">
        <ele>528.4</ele>
      </trkpt>
      <trkpt lat="29.78648" lon="-99.77371">
        <ele>525.1</ele>
      </trkpt>
      <trkpt lat="29.78643" lon="-99.77356">
        <ele>522.5</ele>
      </trkpt>
      <trkpt lat="29.7864" lon="-99.77348">
        <ele>521.1</ele>
      </trkpt>
      <trkpt lat="29.78636" lon="-99.77337">
        <ele>519.8</ele>
      </trkpt>
      <trkpt lat="29.78633" lon="-99.77328">
        <ele>519.1</ele>
      </trkpt>
      <trkpt lat="29.78622" lon="-99.77294">
        <ele>517.5</ele>
      </trkpt>
      <trkpt lat="29.78616" lon="-99.77279">
        <ele>517.0</ele>
      </trkpt>
      <trkpt lat="29.78609" lon="-99.7726">
        <ele>516.3</ele>
      </trkpt>
      <trkpt lat="29.78606" lon="-99.77252">
        <ele>516.0</ele>
      </trkpt>
      <trkpt lat="29.78602" lon="-99.77243">
        <ele>515.7</ele>
      </trkpt>
      <trkpt lat="29.78596" lon="-99.77234">
        <ele>515.6</ele>
      </trkpt>
      <trkpt lat="29.78591" lon="-99.77225">
        <ele>515.4</ele>
      </trkpt>
      <trkpt lat="29.78586" lon="-99.77217">
        <ele>515.3</ele>
      </trkpt>
      <trkpt lat="29.78582" lon="-99.77212">
        <ele>515.4</ele>
      </trkpt>
      <trkpt lat="29.78579" lon="-99.77208">
        <ele>515.4</ele>
      </trkpt>
      <trkpt lat="29.78573" lon="-99.77202">
        <ele>515.6</ele>
      </trkpt>
      <trkpt lat="29.78566" lon="-99.77195">
        <ele>515.8</ele>
      </trkpt>
      <trkpt lat="29.78558" lon="-99.77188">
        <ele>516.1</ele>
      </trkpt>
      <trkpt lat="29.78552" lon="-99.77183">
        <ele>516.3</ele>
      </trkpt>
      <trkpt lat="29.78544" lon="-99.77177">
        <ele>516.5</ele>
      </trkpt>
      <trkpt lat="29.78534" lon="-99.77171">
        <ele>517.0</ele>
      </trkpt>
      <trkpt lat="29.78534" lon="-99.77171">
        <ele>517.0</ele>
      </trkpt>
      <trkpt lat="29.78529" lon="-99.77168">
        <ele>517.2</ele>
      </trkpt>
      <trkpt lat="29.78513" lon="-99.77158">
        <ele>517.4</ele>
      </trkpt>
      <trkpt lat="29.7851" lon="-99.77157">
        <ele>517.5</ele>
      </trkpt>
      <trkpt lat="29.78466" lon="-99.77134">
        <ele>518.9</ele>
      </trkpt>
      <trkpt lat="29.78463" lon="-99.77134">
        <ele>519.1</ele>
      </trkpt>
      <trkpt lat="29.78451" lon="-99.77129">
        <ele>519.3</ele>
      </trkpt>
      <trkpt lat="29.78446" lon="-99.77127">
        <ele>519.4</ele>
      </trkpt>
      <trkpt lat="29.78429" lon="-99.77121">
        <ele>519.5</ele>
      </trkpt>
      <trkpt lat="29.78428" lon="-99.7712">
        <ele>519.4</ele>
      </trkpt>
      <trkpt lat="29.78415" lon="-99.77117">
        <ele>519.4</ele>
      </trkpt>
      <trkpt lat="29.78412" lon="-99.77116">
        <ele>519.3</ele>
      </trkpt>
      <trkpt lat="29.784" lon="-99.77113">
        <ele>519.2</ele>
      </trkpt>
      <trkpt lat="29.78394" lon="-99.77112">
        <ele>519.3</ele>
      </trkpt>
      <trkpt lat="29.78388" lon="-99.77111">
        <ele>519.3</ele>
      </trkpt>
      <trkpt lat="29.78378" lon="-99.7711">
        <ele>519.3</ele>
      </trkpt>
      <trkpt lat="29.7837" lon="-99.77109">
        <ele>519.3</ele>
      </trkpt>
      <trkpt lat="29.78348" lon="-99.77108">
        <ele>519.3</ele>
      </trkpt>
      <trkpt lat="29.78337" lon="-99.77108">
        <ele>519.4</ele>
      </trkpt>
      <trkpt lat="29.78326" lon="-99.77109">
        <ele>519.6</ele>
      </trkpt>
      <trkpt lat="29.78305" lon="-99.77111">
        <ele>519.8</ele>
      </trkpt>
      <trkpt lat="29.78304" lon="-99.77111">
        <ele>519.8</ele>
      </trkpt>
      <trkpt lat="29.78288" lon="-99.77114">
        <ele>519.9</ele>
      </trkpt>
      <trkpt lat="29.78287" lon="-99.77114">
        <ele>519.9</ele>
      </trkpt>
      <trkpt lat="29.78269" lon="-99.77118">
        <ele>519.7</ele>
      </trkpt>
      <trkpt lat="29.78266" lon="-99.77119">
        <ele>519.6</ele>
      </trkpt>
      <trkpt lat="29.78251" lon="-99.77123">
        <ele>519.4</ele>
      </trkpt>
      <trkpt lat="29.78233" lon="-99.77128">
        <ele>519.1</ele>
      </trkpt>
      <trkpt lat="29.78177" lon="-99.77143">
        <ele>518.3</ele>
      </trkpt>
      <trkpt lat="29.78129" lon="-99.77156">
        <ele>518.1</ele>
      </trkpt>
      <trkpt lat="29.78114" lon="-99.77161">
        <ele>518.2</ele>
      </trkpt>
      <trkpt lat="29.78099" lon="-99.77164">
        <ele>518.1</ele>
      </trkpt>
      <trkpt lat="29.78094" lon="-99.77165">
        <ele>518.0</ele>
      </trkpt>
      <trkpt lat="29.78082" lon="-99.77167">
        <ele>517.9</ele>
      </trkpt>
      <trkpt lat="29.78076" lon="-99.77168">
        <ele>517.7</ele>
      </trkpt>
      <trkpt lat="29.78075" lon="-99.77169">
        <ele>517.8</ele>
      </trkpt>
      <trkpt lat="29.7806" lon="-99.77171">
        <ele>517.4</ele>
      </trkpt>
      <trkpt lat="29.78058" lon="-99.77171">
        <ele>517.4</ele>
      </trkpt>
      <trkpt lat="29.78047" lon="-99.77172">
        <ele>517.2</ele>
      </trkpt>
      <trkpt lat="29.7804" lon="-99.77172">
        <ele>517.0</ele>
      </trkpt>
      <trkpt lat="29.7802" lon="-99.77173">
        <ele>516.5</ele>
      </trkpt>
      <trkpt lat="29.78005" lon="-99.77174">
        <ele>516.0</ele>
      </trkpt>
      <trkpt lat="29.77991" lon="-99.77173">
        <ele>515.4</ele>
      </trkpt>
      <trkpt lat="29.77968" lon="-99.77172">
        <ele>514.3</ele>
      </trkpt>
      <trkpt lat="29.7795" lon="-99.77171">
        <ele>513.4</ele>
      </trkpt>
      <trkpt lat="29.77942" lon="-99.7717">
        <ele>513.1</ele>
      </trkpt>
      <trkpt lat="29.77872" lon="-99.77167">
        <ele>513.7</ele>
      </trkpt>
      <trkpt lat="29.77858" lon="-99.77167">
        <ele>513.9</ele>
      </trkpt>
      <trkpt lat="29.77858" lon="-99.77167">
        <ele>513.9</ele>
      </trkpt>
      <trkpt lat="29.77849" lon="-99.77167">
        <ele>514.0</ele>
      </trkpt>
      <trkpt lat="29.778" lon="-99.77164">
        <ele>514.7</ele>
      </trkpt>
      <trkpt lat="29.77764" lon="-99.77163">
        <ele>514.5</ele>
      </trkpt>
      <trkpt lat="29.77746" lon="-99.77162">
        <ele>514.2</ele>
      </trkpt>
      <trkpt lat="29.77719" lon="-99.77161">
        <ele>513.8</ele>
      </trkpt>
      <trkpt lat="29.77621" lon="-99.77155">
        <ele>512.0</ele>
      </trkpt>
      <trkpt lat="29.77603" lon="-99.77154">
        <ele>511.5</ele>
      </trkpt>
      <trkpt lat="29.7759" lon="-99.77154">
        <ele>511.4</ele>
      </trkpt>
      <trkpt lat="29.77576" lon="-99.77153">
        <ele>511.3</ele>
      </trkpt>
      <trkpt lat="29.77522" lon="-99.77151">
        <ele>510.8</ele>
      </trkpt>
      <trkpt lat="29.77492" lon="-99.77149">
        <ele>510.4</ele>
      </trkpt>
      <trkpt lat="29.77468" lon="-99.77148">
        <ele>510.2</ele>
      </trkpt>
      <trkpt lat="29.7745" lon="-99.77147">
        <ele>509.9</ele>
      </trkpt>
      <trkpt lat="29.77325" lon="-99.7714">
        <ele>509.3</ele>
      </trkpt>
      <trkpt lat="29.77307" lon="-99.77139">
        <ele>509.3</ele>
      </trkpt>
      <trkpt lat="29.77271" lon="-99.77137">
        <ele>509.3</ele>
      </trkpt>
      <trkpt lat="29.77254" lon="-99.77136">
        <ele>509.2</ele>
      </trkpt>
      <trkpt lat="29.77235" lon="-99.77133">
        <ele>509.1</ele>
      </trkpt>
      <trkpt lat="29.77232" lon="-99.77133">
        <ele>509.1</ele>
      </trkpt>
      <trkpt lat="29.77219" lon="-99.7713">
        <ele>508.9</ele>
      </trkpt>
      <trkpt lat="29.77218" lon="-99.7713">
        <ele>508.9</ele>
      </trkpt>
      <trkpt lat="29.77217" lon="-99.7713">
        <ele>508.9</ele>
      </trkpt>
      <trkpt lat="29.772" lon="-99.77126">
        <ele>508.7</ele>
      </trkpt>
      <trkpt lat="29.77199" lon="-99.77125">
        <ele>508.7</ele>
      </trkpt>
      <trkpt lat="29.77183" lon="-99.7712">
        <ele>508.5</ele>
      </trkpt>
      <trkpt lat="29.77182" lon="-99.7712">
        <ele>508.5</ele>
      </trkpt>
      <trkpt lat="29.77179" lon="-99.77119">
        <ele>508.4</ele>
      </trkpt>
      <trkpt lat="29.77166" lon="-99.77113">
        <ele>508.2</ele>
      </trkpt>
      <trkpt lat="29.77165" lon="-99.77113">
        <ele>508.2</ele>
      </trkpt>
      <trkpt lat="29.77162" lon="-99.77112">
        <ele>508.1</ele>
      </trkpt>
      <trkpt lat="29.77149" lon="-99.77105">
        <ele>507.9</ele>
      </trkpt>
      <trkpt lat="29.77146" lon="-99.77104">
        <ele>507.8</ele>
      </trkpt>
      <trkpt lat="29.77127" lon="-99.77093">
        <ele>507.4</ele>
      </trkpt>
      <trkpt lat="29.77107" lon="-99.7708">
        <ele>506.9</ele>
      </trkpt>
      <trkpt lat="29.77099" lon="-99.77074">
        <ele>506.7</ele>
      </trkpt>
      <trkpt lat="29.77089" lon="-99.77066">
        <ele>506.4</ele>
      </trkpt>
      <trkpt lat="29.77073" lon="-99.77051">
        <ele>506.0</ele>
      </trkpt>
      <trkpt lat="29.7707" lon="-99.77049">
        <ele>505.9</ele>
      </trkpt>
      <trkpt lat="29.77058" lon="-99.77036">
        <ele>505.6</ele>
      </trkpt>
      <trkpt lat="29.77047" lon="-99.77023">
        <ele>505.2</ele>
      </trkpt>
      <trkpt lat="29.77043" lon="-99.77019">
        <ele>505.2</ele>
      </trkpt>
      <trkpt lat="29.77043" lon="-99.77019">
        <ele>505.2</ele>
      </trkpt>
      <trkpt lat="29.7704" lon="-99.77015">
        <ele>505.1</ele>
      </trkpt>
      <trkpt lat="29.77034" lon="-99.77008">
        <ele>504.9</ele>
      </trkpt>
      <trkpt lat="29.77026" lon="-99.76999">
        <ele>504.7</ele>
      </trkpt>
      <trkpt lat="29.77021" lon="-99.76994">
        <ele>504.6</ele>
      </trkpt>
      <trkpt lat="29.77021" lon="-99.76993">
        <ele>504.6</ele>
      </trkpt>
      <trkpt lat="29.77008" lon="-99.7698">
        <ele>504.3</ele>
      </trkpt>
      <trkpt lat="29.77006" lon="-99.76979">
        <ele>504.3</ele>
      </trkpt>
      <trkpt lat="29.76999" lon="-99.76972">
        <ele>504.1</ele>
      </trkpt>
      <trkpt lat="29.76993" lon="-99.76968">
        <ele>504.0</ele>
      </trkpt>
      <trkpt lat="29.76979" lon="-99.76957">
        <ele>503.6</ele>
      </trkpt>
      <trkpt lat="29.76962" lon="-99.76946">
        <ele>503.2</ele>
      </trkpt>
      <trkpt lat="29.76961" lon="-99.76945">
        <ele>503.1</ele>
      </trkpt>
      <trkpt lat="29.7695" lon="-99.76939">
        <ele>502.8</ele>
      </trkpt>
      <trkpt lat="29.76935" lon="-99.76933">
        <ele>502.3</ele>
      </trkpt>
      <trkpt lat="29.76925" lon="-99.76928">
        <ele>502.0</ele>
      </trkpt>
      <trkpt lat="29.76913" lon="-99.76924">
        <ele>501.6</ele>
      </trkpt>
      <trkpt lat="29.76902" lon="-99.76922">
        <ele>501.2</ele>
      </trkpt>
      <trkpt lat="29.7689" lon="-99.76919">
        <ele>500.7</ele>
      </trkpt>
      <trkpt lat="29.76884" lon="-99.76918">
        <ele>500.5</ele>
      </trkpt>
      <trkpt lat="29.76872" lon="-99.76916">
        <ele>500.2</ele>
      </trkpt>
      <trkpt lat="29.76854" lon="-99.76913">
        <ele>500.7</ele>
      </trkpt>
      <trkpt lat="29.76843" lon="-99.76911">
        <ele>501.2</ele>
      </trkpt>
      <trkpt lat="29.76837" lon="-99.7691">
        <ele>501.5</ele>
      </trkpt>
      <trkpt lat="29.76801" lon="-99.76904">
        <ele>501.9</ele>
      </trkpt>
      <trkpt lat="29.76783" lon="-99.76901">
        <ele>501.8</ele>
      </trkpt>
      <trkpt lat="29.76773" lon="-99.769">
        <ele>501.8</ele>
      </trkpt>
      <trkpt lat="29.76765" lon="-99.76898">
        <ele>501.9</ele>
      </trkpt>
      <trkpt lat="29.76759" lon="-99.76897">
        <ele>502.0</ele>
      </trkpt>
      <trkpt lat="29.76736" lon="-99.76893">
        <ele>502.6</ele>
      </trkpt>
      <trkpt lat="29.7673" lon="-99.76892">
        <ele>502.7</ele>
      </trkpt>
      <trkpt lat="29.76704" lon="-99.76888">
        <ele>503.2</ele>
      </trkpt>
      <trkpt lat="29.76694" lon="-99.76887">
        <ele>503.5</ele>
      </trkpt>
      <trkpt lat="29.76658" lon="-99.76881">
        <ele>505.2</ele>
      </trkpt>
      <trkpt lat="29.76605" lon="-99.76874">
        <ele>508.5</ele>
      </trkpt>
      <trkpt lat="29.76601" lon="-99.76873">
        <ele>508.6</ele>
      </trkpt>
      <trkpt lat="29.76572" lon="-99.76869">
        <ele>509.5</ele>
      </trkpt>
      <trkpt lat="29.76534" lon="-99.76863">
        <ele>511.6</ele>
      </trkpt>
      <trkpt lat="29.76514" lon="-99.7686">
        <ele>512.0</ele>
      </trkpt>
      <trkpt lat="29.76506" lon="-99.76858">
        <ele>511.7</ele>
      </trkpt>
      <trkpt lat="29.76486" lon="-99.76854">
        <ele>510.5</ele>
      </trkpt>
      <trkpt lat="29.76471" lon="-99.76851">
        <ele>510.4</ele>
      </trkpt>
      <trkpt lat="29.76459" lon="-99.76848">
        <ele>510.4</ele>
      </trkpt>
      <trkpt lat="29.76447" lon="-99.76844">
        <ele>510.2</ele>
      </trkpt>
      <trkpt lat="29.76432" lon="-99.76838">
        <ele>510.1</ele>
      </trkpt>
      <trkpt lat="29.76421" lon="-99.76834">
        <ele>510.0</ele>
      </trkpt>
      <trkpt lat="29.76409" lon="-99.76828">
        <ele>509.9</ele>
      </trkpt>
      <trkpt lat="29.76401" lon="-99.76824">
        <ele>509.9</ele>
      </trkpt>
      <trkpt lat="29.76394" lon="-99.7682">
        <ele>509.9</ele>
      </trkpt>
      <trkpt lat="29.76384" lon="-99.76814">
        <ele>510.0</ele>
      </trkpt>
      <trkpt lat="29.76381" lon="-99.76812">
        <ele>510.0</ele>
      </trkpt>
      <trkpt lat="29.76371" lon="-99.76805">
        <ele>509.9</ele>
      </trkpt>
      <trkpt lat="29.76369" lon="-99.76804">
        <ele>509.9</ele>
      </trkpt>
      <trkpt lat="29.7636" lon="-99.76797">
        <ele>509.7</ele>
      </trkpt>
      <trkpt lat="29.76354" lon="-99.76793">
        <ele>509.7</ele>
      </trkpt>
      <trkpt lat="29.76348" lon="-99.76788">
        <ele>509.5</ele>
      </trkpt>
      <trkpt lat="29.76342" lon="-99.76783">
        <ele>509.1</ele>
      </trkpt>
      <trkpt lat="29.76311" lon="-99.76754">
        <ele>507.4</ele>
      </trkpt>
      <trkpt lat="29.76292" lon="-99.76736">
        <ele>500.9</ele>
      </trkpt>
      <trkpt lat="29.76274" lon="-99.76716">
        <ele>504.4</ele>
      </trkpt>
      <trkpt lat="29.76268" lon="-99.7671">
        <ele>507.2</ele>
      </trkpt>
      <trkpt lat="29.76255" lon="-99.76697">
        <ele>511.3</ele>
      </trkpt>
      <trkpt lat="29.7624" lon="-99.76683">
        <ele>514.3</ele>
      </trkpt>
      <trkpt lat="29.76232" lon="-99.76676">
        <ele>515.8</ele>
      </trkpt>
      <trkpt lat="29.76231" lon="-99.76676">
        <ele>515.9</ele>
      </trkpt>
      <trkpt lat="29.7622" lon="-99.76667">
        <ele>515.6</ele>
      </trkpt>
      <trkpt lat="29.76217" lon="-99.76665">
        <ele>515.5</ele>
      </trkpt>
      <trkpt lat="29.76207" lon="-99.76658">
        <ele>515.6</ele>
      </trkpt>
      <trkpt lat="29.76202" lon="-99.76654">
        <ele>515.3</ele>
      </trkpt>
      <trkpt lat="29.762" lon="-99.76654">
        <ele>515.6</ele>
      </trkpt>
      <trkpt lat="29.7619" lon="-99.76648">
        <ele>515.8</ele>
      </trkpt>
      <trkpt lat="29.76185" lon="-99.76646">
        <ele>515.9</ele>
      </trkpt>
      <trkpt lat="29.76178" lon="-99.76643">
        <ele>516.1</ele>
      </trkpt>
      <trkpt lat="29.76168" lon="-99.7664">
        <ele>516.9</ele>
      </trkpt>
      <trkpt lat="29.7614" lon="-99.76629">
        <ele>518.1</ele>
      </trkpt>
      <trkpt lat="29.76115" lon="-99.76619">
        <ele>518.5</ele>
      </trkpt>
      <trkpt lat="29.761" lon="-99.76612">
        <ele>518.5</ele>
      </trkpt>
      <trkpt lat="29.76089" lon="-99.76606">
        <ele>518.3</ele>
      </trkpt>
      <trkpt lat="29.76084" lon="-99.76604">
        <ele>518.5</ele>
      </trkpt>
      <trkpt lat="29.76077" lon="-99.766">
        <ele>518.4</ele>
      </trkpt>
      <trkpt lat="29.76064" lon="-99.76592">
        <ele>518.1</ele>
      </trkpt>
      <trkpt lat="29.7605" lon="-99.76582">
        <ele>517.3</ele>
      </trkpt>
      <trkpt lat="29.76041" lon="-99.76576">
        <ele>517.0</ele>
      </trkpt>
      <trkpt lat="29.76025" lon="-99.76563">
        <ele>515.4</ele>
      </trkpt>
      <trkpt lat="29.76022" lon="-99.76561">
        <ele>515.2</ele>
      </trkpt>
      <trkpt lat="29.76008" lon="-99.76549">
        <ele>514.3</ele>
      </trkpt>
      <trkpt lat="29.76004" lon="-99.76546">
        <ele>514.2</ele>
      </trkpt>
      <trkpt lat="29.75993" lon="-99.76537">
        <ele>513.1</ele>
      </trkpt>
      <trkpt lat="29.75984" lon="-99.76528">
        <ele>509.2</ele>
      </trkpt>
      <trkpt lat="29.75979" lon="-99.76524">
        <ele>507.3</ele>
      </trkpt>
      <trkpt lat="29.75973" lon="-99.7652">
        <ele>506.2</ele>
      </trkpt>
      <trkpt lat="29.75969" lon="-99.76518">
        <ele>505.9</ele>
      </trkpt>
      <trkpt lat="29.75963" lon="-99.76515">
        <ele>505.7</ele>
      </trkpt>
      <trkpt lat="29.75958" lon="-99.76512">
        <ele>505.3</ele>
      </trkpt>
      <trkpt lat="29.75946" lon="-99.7651">
        <ele>505.4</ele>
      </trkpt>
      <trkpt lat="29.75945" lon="-99.7651">
        <ele>505.5</ele>
      </trkpt>
      <trkpt lat="29.75938" lon="-99.76509">
        <ele>505.2</ele>
      </trkpt>
      <trkpt lat="29.75932" lon="-99.76509">
        <ele>505.2</ele>
      </trkpt>
      <trkpt lat="29.75918" lon="-99.76509">
        <ele>505.0</ele>
      </trkpt>
      <trkpt lat="29.7591" lon="-99.7651">
        <ele>504.9</ele>
      </trkpt>
      <trkpt lat="29.75905" lon="-99.7651">
        <ele>504.6</ele>
      </trkpt>
      <trkpt lat="29.75892" lon="-99.76512">
        <ele>504.3</ele>
      </trkpt>
      <trkpt lat="29.75885" lon="-99.76513">
        <ele>504.1</ele>
      </trkpt>
      <trkpt lat="29.75874" lon="-99.76515">
        <ele>504.0</ele>
      </trkpt>
      <trkpt lat="29.75868" lon="-99.76515">
        <ele>503.6</ele>
      </trkpt>
      <trkpt lat="29.75856" lon="-99.76515">
        <ele>503.0</ele>
      </trkpt>
      <trkpt lat="29.75846" lon="-99.76515">
        <ele>502.6</ele>
      </trkpt>
      <trkpt lat="29.75834" lon="-99.76516">
        <ele>502.5</ele>
      </trkpt>
      <trkpt lat="29.7582" lon="-99.76513">
        <ele>501.8</ele>
      </trkpt>
      <trkpt lat="29.7581" lon="-99.76513">
        <ele>501.8</ele>
      </trkpt>
      <trkpt lat="29.75804" lon="-99.76512">
        <ele>501.6</ele>
      </trkpt>
      <trkpt lat="29.75796" lon="-99.7651">
        <ele>501.4</ele>
      </trkpt>
      <trkpt lat="29.75788" lon="-99.76509">
        <ele>501.3</ele>
      </trkpt>
      <trkpt lat="29.75777" lon="-99.76506">
        <ele>501.1</ele>
      </trkpt>
      <trkpt lat="29.75768" lon="-99.76503">
        <ele>500.7</ele>
      </trkpt>
      <trkpt lat="29.75762" lon="-99.76501">
        <ele>500.4</ele>
      </trkpt>
      <trkpt lat="29.75758" lon="-99.765">
        <ele>500.2</ele>
      </trkpt>
      <trkpt lat="29.75746" lon="-99.76495">
        <ele>499.6</ele>
      </trkpt>
      <trkpt lat="29.75728" lon="-99.76488">
        <ele>499.1</ele>
      </trkpt>
      <trkpt lat="29.75717" lon="-99.76483">
        <ele>498.9</ele>
      </trkpt>
      <trkpt lat="29.75699" lon="-99.76474">
        <ele>498.7</ele>
      </trkpt>
      <trkpt lat="29.75666" lon="-99.76458">
        <ele>498.5</ele>
      </trkpt>
      <trkpt lat="29.75639" lon="-99.76445">
        <ele>498.2</ele>
      </trkpt>
      <trkpt lat="29.75629" lon="-99.7644">
        <ele>498.2</ele>
      </trkpt>
      <trkpt lat="29.75623" lon="-99.76438">
        <ele>498.2</ele>
      </trkpt>
      <trkpt lat="29.75615" lon="-99.76434">
        <ele>498.2</ele>
      </trkpt>
      <trkpt lat="29.75598" lon="-99.76427">
        <ele>498.3</ele>
      </trkpt>
      <trkpt lat="29.75578" lon="-99.76421">
        <ele>498.4</ele>
      </trkpt>
      <trkpt lat="29.75564" lon="-99.76417">
        <ele>498.6</ele>
      </trkpt>
      <trkpt lat="29.75536" lon="-99.7641">
        <ele>498.7</ele>
      </trkpt>
      <trkpt lat="29.755" lon="-99.76404">
        <ele>498.4</ele>
      </trkpt>
      <trkpt lat="29.7549" lon="-99.76403">
        <ele>498.4</ele>
      </trkpt>
      <trkpt lat="29.75459" lon="-99.76398">
        <ele>498.5</ele>
      </trkpt>
      <trkpt lat="29.75454" lon="-99.76397">
        <ele>498.6</ele>
      </trkpt>
      <trkpt lat="29.75436" lon="-99.76395">
        <ele>498.7</ele>
      </trkpt>
      <trkpt lat="29.75383" lon="-99.76387">
        <ele>498.9</ele>
      </trkpt>
      <trkpt lat="29.75365" lon="-99.76384">
        <ele>499.0</ele>
      </trkpt>
      <trkpt lat="29.75347" lon="-99.76381">
        <ele>499.4</ele>
      </trkpt>
      <trkpt lat="29.75279" lon="-99.76371">
        <ele>500.5</ele>
      </trkpt>
      <trkpt lat="29.75244" lon="-99.76366">
        <ele>500.9</ele>
      </trkpt>
      <trkpt lat="29.75226" lon="-99.76363">
        <ele>500.9</ele>
      </trkpt>
      <trkpt lat="29.75218" lon="-99.76362">
        <ele>501.0</ele>
      </trkpt>
      <trkpt lat="29.75191" lon="-99.76358">
        <ele>500.9</ele>
      </trkpt>
      <trkpt lat="29.75144" lon="-99.76352">
        <ele>500.6</ele>
      </trkpt>
      <trkpt lat="29.75135" lon="-99.7635">
        <ele>500.5</ele>
      </trkpt>
      <trkpt lat="29.7511" lon="-99.76347">
        <ele>500.8</ele>
      </trkpt>
      <trkpt lat="29.751" lon="-99.76346">
        <ele>501.0</ele>
      </trkpt>
      <trkpt lat="29.75063" lon="-99.76341">
        <ele>501.5</ele>
      </trkpt>
      <trkpt lat="29.7501" lon="-99.76334">
        <ele>502.2</ele>
      </trkpt>
      <trkpt lat="29.74999" lon="-99.76332">
        <ele>502.3</ele>
      </trkpt>
      <trkpt lat="29.74965" lon="-99.76328">
        <ele>502.5</ele>
      </trkpt>
      <trkpt lat="29.74863" lon="-99.76313">
        <ele>502.9</ele>
      </trkpt>
      <trkpt lat="29.74777" lon="-99.76301">
        <ele>502.6</ele>
      </trkpt>
      <trkpt lat="29.74775" lon="-99.76301">
        <ele>502.6</ele>
      </trkpt>
      <trkpt lat="29.74759" lon="-99.76299">
        <ele>502.5</ele>
      </trkpt>
      <trkpt lat="29.74688" lon="-99.76289">
        <ele>501.9</ele>
      </trkpt>
      <trkpt lat="29.74671" lon="-99.76287">
        <ele>501.9</ele>
      </trkpt>
      <trkpt lat="29.7467" lon="-99.76287">
        <ele>501.9</ele>
      </trkpt>
      <trkpt lat="29.74636" lon="-99.76282">
        <ele>501.8</ele>
      </trkpt>
      <trkpt lat="29.74613" lon="-99.76279">
        <ele>501.9</ele>
      </trkpt>
      <trkpt lat="29.74533" lon="-99.76268">
        <ele>502.1</ele>
      </trkpt>
      <trkpt lat="29.74511" lon="-99.76265">
        <ele>501.9</ele>
      </trkpt>
      <trkpt lat="29.74493" lon="-99.76262">
        <ele>501.5</ele>
      </trkpt>
      <trkpt lat="29.74456" lon="-99.76257">
        <ele>499.9</ele>
      </trkpt>
      <trkpt lat="29.74422" lon="-99.76252">
        <ele>499.5</ele>
      </trkpt>
      <trkpt lat="29.74304" lon="-99.76235">
        <ele>499.3</ele>
      </trkpt>
      <trkpt lat="29.74261" lon="-99.76229">
        <ele>499.2</ele>
      </trkpt>
      <trkpt lat="29.74261" lon="-99.76229">
        <ele>499.2</ele>
      </trkpt>
      <trkpt lat="29.74185" lon="-99.76219">
        <ele>499.3</ele>
      </trkpt>
      <trkpt lat="29.7417" lon="-99.76217">
        <ele>499.3</ele>
      </trkpt>
      <trkpt lat="29.74167" lon="-99.76216">
        <ele>499.3</ele>
      </trkpt>
      <trkpt lat="29.741" lon="-99.76207">
        <ele>499.2</ele>
      </trkpt>
      <trkpt lat="29.74082" lon="-99.76205">
        <ele>499.2</ele>
      </trkpt>
      <trkpt lat="29.74067" lon="-99.76203">
        <ele>499.1</ele>
      </trkpt>
      <trkpt lat="29.74067" lon="-99.76203">
        <ele>499.1</ele>
      </trkpt>
      <trkpt lat="29.740578" lon="-99.762145">
        <ele>499.4</ele>
      </trkpt>
      <trkpt lat="29.740578" lon="-99.762145">
        <ele>499.4</ele>
      </trkpt>
      <trkpt lat="29.740606" lon="-99.762257">
        <ele>499.8</ele>
      </trkpt>
      <trkpt lat="29.740606" lon="-99.762257">
        <ele>499.8</ele>
      </trkpt>
      <trkpt lat="29.740773" lon="-99.762383">
        <ele>500.3</ele>
      </trkpt>
      <trkpt lat="29.740773" lon="-99.762383">
        <ele>500.3</ele>
      </trkpt>
      <trkpt lat="29.740817" lon="-99.762496">
        <ele>500.8</ele>
      </trkpt>
      <trkpt lat="29.740817" lon="-99.762496">
        <ele>500.8</ele>
      </trkpt>
      <trkpt lat="29.740825" lon="-99.762669">
        <ele>501.5</ele>
      </trkpt>
      <trkpt lat="29.740825" lon="-99.762669">
        <ele>501.5</ele>
      </trkpt>
      <trkpt lat="29.740897" lon="-99.762861">
        <ele>502.3</ele>
      </trkpt>
      <trkpt lat="29.740897" lon="-99.762861">
        <ele>502.3</ele>
      </trkpt>
      <trkpt lat="29.740896" lon="-99.763397">
        <ele>504.3</ele>
      </trkpt>
      <trkpt lat="29.740896" lon="-99.763397">
        <ele>504.3</ele>
      </trkpt>
      <trkpt lat="29.740831" lon="-99.764041">
        <ele>507.5</ele>
      </trkpt>
      <trkpt lat="29.740831" lon="-99.764041">
        <ele>507.5</ele>
      </trkpt>
      <trkpt lat="29.740761" lon="-99.764198">
        <ele>508.2</ele>
      </trkpt>
      <trkpt lat="29.740761" lon="-99.764198">
        <ele>508.2</ele>
      </trkpt>
      <trkpt lat="29.740635" lon="-99.764335">
        <ele>508.6</ele>
      </trkpt>
      <trkpt lat="29.740635" lon="-99.764335">
        <ele>508.6</ele>
      </trkpt>
      <trkpt lat="29.740757" lon="-99.764429">
        <ele>509.2</ele>
      </trkpt>
      <trkpt lat="29.740757" lon="-99.764429">
        <ele>509.2</ele>
      </trkpt>
      <trkpt lat="29.740778" lon="-99.764593">
        <ele>510.0</ele>
      </trkpt>
      <trkpt lat="29.740778" lon="-99.764593">
        <ele>510.0</ele>
      </trkpt>
      <trkpt lat="29.740803" lon="-99.764807">
        <ele>510.9</ele>
      </trkpt>
      <trkpt lat="29.740803" lon="-99.764807">
        <ele>510.9</ele>
      </trkpt>
      <trkpt lat="29.740755" lon="-99.765114">
        <ele>511.6</ele>
      </trkpt>
      <trkpt lat="29.740755" lon="-99.765114">
        <ele>511.6</ele>
      </trkpt>
      <trkpt lat="29.740746" lon="-99.765364">
        <ele>512.1</ele>
      </trkpt>
      <trkpt lat="29.740746" lon="-99.765364">
        <ele>512.1</ele>
      </trkpt>
      <trkpt lat="29.740712" lon="-99.765526">
        <ele>512.4</ele>
      </trkpt>
      <trkpt lat="29.740712" lon="-99.765526">
        <ele>512.4</ele>
      </trkpt>
      <trkpt lat="29.740697" lon="-99.765735">
        <ele>512.8</ele>
      </trkpt>
      <trkpt lat="29.740697" lon="-99.765735">
        <ele>512.8</ele>
      </trkpt>
      <trkpt lat="29.740643" lon="-99.765857">
        <ele>512.8</ele>
      </trkpt>
      <trkpt lat="29.740643" lon="-99.765857">
        <ele>512.8</ele>
      </trkpt>
      <trkpt lat="29.740774" lon="-99.766462">
        <ele>514.4</ele>
      </trkpt>
      <trkpt lat="29.740774" lon="-99.766462">
        <ele>514.4</ele>
      </trkpt>
      <trkpt lat="29.740861" lon="-99.766572">
        <ele>515.0</ele>
      </trkpt>
      <trkpt lat="29.740861" lon="-99.766572">
        <ele>515.0</ele>
      </trkpt>
      <trkpt lat="29.740878" lon="-99.766712">
        <ele>515.3</ele>
      </trkpt>
      <trkpt lat="29.740878" lon="-99.766712">
        <ele>515.3</ele>
      </trkpt>
      <trkpt lat="29.741035" lon="-99.766827">
        <ele>516.2</ele>
      </trkpt>
      <trkpt lat="29.741035" lon="-99.766827">
        <ele>516.2</ele>
      </trkpt>
      <trkpt lat="29.741057" lon="-99.766917">
        <ele>516.4</ele>
      </trkpt>
      <trkpt lat="29.741057" lon="-99.766917">
        <ele>516.4</ele>
      </trkpt>
      <trkpt lat="29.740988" lon="-99.767079">
        <ele>516.3</ele>
      </trkpt>
      <trkpt lat="29.740988" lon="-99.767079">
        <ele>516.3</ele>
      </trkpt>
      <trkpt lat="29.740795" lon="-99.767294">
        <ele>515.7</ele>
      </trkpt>
      <trkpt lat="29.740795" lon="-99.767294">
        <ele>515.7</ele>
      </trkpt>
      <trkpt lat="29.740704" lon="-99.76731">
        <ele>515.3</ele>
      </trkpt>
      <trkpt lat="29.740704" lon="-99.76731">
        <ele>515.3</ele>
      </trkpt>
      <trkpt lat="29.740667" lon="-99.767368">
        <ele>515.2</ele>
      </trkpt>
      <trkpt lat="29.740667" lon="-99.767368">
        <ele>515.2</ele>
      </trkpt>
      <trkpt lat="29.740685" lon="-99.767594">
        <ele>515.4</ele>
      </trkpt>
      <trkpt lat="29.740685" lon="-99.767594">
        <ele>515.4</ele>
      </trkpt>
      <trkpt lat="29.740583" lon="-99.767773">
        <ele>515.1</ele>
      </trkpt>
      <trkpt lat="29.740583" lon="-99.767773">
        <ele>515.1</ele>
      </trkpt>
      <trkpt lat="29.740582" lon="-99.767845">
        <ele>515.1</ele>
      </trkpt>
      <trkpt lat="29.740582" lon="-99.767845">
        <ele>515.1</ele>
      </trkpt>
      <trkpt lat="29.740628" lon="-99.767899">
        <ele>515.3</ele>
      </trkpt>
      <trkpt lat="29.740628" lon="-99.767899">
        <ele>515.3</ele>
      </trkpt>
      <trkpt lat="29.740747" lon="-99.767915">
        <ele>515.9</ele>
      </trkpt>
      <trkpt lat="29.740747" lon="-99.767915">
        <ele>515.9</ele>
      </trkpt>
      <trkpt lat="29.740901" lon="-99.76807">
        <ele>517.0</ele>
      </trkpt>
      <trkpt lat="29.740901" lon="-99.76807">
        <ele>517.0</ele>
      </trkpt>
      <trkpt lat="29.74088" lon="-99.768229">
        <ele>517.1</ele>
      </trkpt>
      <trkpt lat="29.74088" lon="-99.768229">
        <ele>517.1</ele>
      </trkpt>
      <trkpt lat="29.74102" lon="-99.768391">
        <ele>518.3</ele>
      </trkpt>
      <trkpt lat="29.74102" lon="-99.768391">
        <ele>518.3</ele>
      </trkpt>
      <trkpt lat="29.741177" lon="-99.768606">
        <ele>519.9</ele>
      </trkpt>
      <trkpt lat="29.741177" lon="-99.768606">
        <ele>519.9</ele>
      </trkpt>
      <trkpt lat="29.741182" lon="-99.768666">
        <ele>520.1</ele>
      </trkpt>
      <trkpt lat="29.741182" lon="-99.768666">
        <ele>520.1</ele>
      </trkpt>
      <trkpt lat="29.741119" lon="-99.768846">
        <ele>519.8</ele>
      </trkpt>
      <trkpt lat="29.741119" lon="-99.768846">
        <ele>519.8</ele>
      </trkpt>
      <trkpt lat="29.74103" lon="-99.768988">
        <ele>519.3</ele>
      </trkpt>
      <trkpt lat="29.74103" lon="-99.768988">
        <ele>519.3</ele>
      </trkpt>
      <trkpt lat="29.740876" lon="-99.769012">
        <ele>518.2</ele>
      </trkpt>
      <trkpt lat="29.740876" lon="-99.769012">
        <ele>518.2</ele>
      </trkpt>
      <trkpt lat="29.740851" lon="-99.769101">
        <ele>518.0</ele>
      </trkpt>
      <trkpt lat="29.740851" lon="-99.769101">
        <ele>518.0</ele>
      </trkpt>
      <trkpt lat="29.741023" lon="-99.769224">
        <ele>519.1</ele>
      </trkpt>
      <trkpt lat="29.741023" lon="-99.769224">
        <ele>519.1</ele>
      </trkpt>
      <trkpt lat="29.741161" lon="-99.769161">
        <ele>520.5</ele>
      </trkpt>
      <trkpt lat="29.741161" lon="-99.769161">
        <ele>520.5</ele>
      </trkpt>
      <trkpt lat="29.741233" lon="-99.769204">
        <ele>521.1</ele>
      </trkpt>
      <trkpt lat="29.741233" lon="-99.769204">
        <ele>521.1</ele>
      </trkpt>
      <trkpt lat="29.741265" lon="-99.769305">
        <ele>521.6</ele>
      </trkpt>
      <trkpt lat="29.741265" lon="-99.769305">
        <ele>521.6</ele>
      </trkpt>
      <trkpt lat="29.741259" lon="-99.769397">
        <ele>521.6</ele>
      </trkpt>
      <trkpt lat="29.741259" lon="-99.769397">
        <ele>521.6</ele>
      </trkpt>
      <trkpt lat="29.741321" lon="-99.76955">
        <ele>522.4</ele>
      </trkpt>
      <trkpt lat="29.741321" lon="-99.76955">
        <ele>522.4</ele>
      </trkpt>
      <trkpt lat="29.741326" lon="-99.769609">
        <ele>522.6</ele>
      </trkpt>
      <trkpt lat="29.741326" lon="-99.769609">
        <ele>522.6</ele>
      </trkpt>
      <trkpt lat="29.741296" lon="-99.769763">
        <ele>522.4</ele>
      </trkpt>
      <trkpt lat="29.741296" lon="-99.769763">
        <ele>522.4</ele>
      </trkpt>
      <trkpt lat="29.741363" lon="-99.769916">
        <ele>523.3</ele>
      </trkpt>
      <trkpt lat="29.741363" lon="-99.769916">
        <ele>523.3</ele>
      </trkpt>
      <trkpt lat="29.741381" lon="-99.770073">
        <ele>523.6</ele>
      </trkpt>
      <trkpt lat="29.741381" lon="-99.770073">
        <ele>523.6</ele>
      </trkpt>
      <trkpt lat="29.741307" lon="-99.770125">
        <ele>522.7</ele>
      </trkpt>
      <trkpt lat="29.741307" lon="-99.770125">
        <ele>522.7</ele>
      </trkpt>
      <trkpt lat="29.741134" lon="-99.770093">
        <ele>520.7</ele>
      </trkpt>
      <trkpt lat="29.741134" lon="-99.770093">
        <ele>520.7</ele>
      </trkpt>
      <trkpt lat="29.741059" lon="-99.769971">
        <ele>520.2</ele>
      </trkpt>
      <trkpt lat="29.741059" lon="-99.769971">
        <ele>520.2</ele>
      </trkpt>
      <trkpt lat="29.74097" lon="-99.769803">
        <ele>519.4</ele>
      </trkpt>
      <trkpt lat="29.74097" lon="-99.769803">
        <ele>519.4</ele>
      </trkpt>
      <trkpt lat="29.740897" lon="-99.769821">
        <ele>519.4</ele>
      </trkpt>
      <trkpt lat="29.740897" lon="-99.769821">
        <ele>519.4</ele>
      </trkpt>
      <trkpt lat="29.740915" lon="-99.769956">
        <ele>519.8</ele>
      </trkpt>
      <trkpt lat="29.740915" lon="-99.769956">
        <ele>519.8</ele>
      </trkpt>
      <trkpt lat="29.740663" lon="-99.770293">
        <ele>523.8</ele>
      </trkpt>
      <trkpt lat="29.740663" lon="-99.770293">
        <ele>523.8</ele>
      </trkpt>
      <trkpt lat="29.740622" lon="-99.770556">
        <ele>526.4</ele>
      </trkpt>
      <trkpt lat="29.740622" lon="-99.770556">
        <ele>526.4</ele>
      </trkpt>
      <trkpt lat="29.740753" lon="-99.770801">
        <ele>528.3</ele>
      </trkpt>
      <trkpt lat="29.740753" lon="-99.770801">
        <ele>528.3</ele>
      </trkpt>
      <trkpt lat="29.740927" lon="-99.770989">
        <ele>528.3</ele>
      </trkpt>
      <trkpt lat="29.740927" lon="-99.770989">
        <ele>528.3</ele>
      </trkpt>
      <trkpt lat="29.741073" lon="-99.770964">
        <ele>526.6</ele>
      </trkpt>
      <trkpt lat="29.741073" lon="-99.770964">
        <ele>526.6</ele>
      </trkpt>
      <trkpt lat="29.741137" lon="-99.771011">
        <ele>526.1</ele>
      </trkpt>
      <trkpt lat="29.741137" lon="-99.771011">
        <ele>526.1</ele>
      </trkpt>
      <trkpt lat="29.741164" lon="-99.771257">
        <ele>527.7</ele>
      </trkpt>
      <trkpt lat="29.741164" lon="-99.771257">
        <ele>527.7</ele>
      </trkpt>
      <trkpt lat="29.741198" lon="-99.771348">
        <ele>527.8</ele>
      </trkpt>
      <trkpt lat="29.741198" lon="-99.771348">
        <ele>527.8</ele>
      </trkpt>
      <trkpt lat="29.741162" lon="-99.771408">
        <ele>528.6</ele>
      </trkpt>
      <trkpt lat="29.741162" lon="-99.771408">
        <ele>528.6</ele>
      </trkpt>
      <trkpt lat="29.741006" lon="-99.77135">
        <ele>530.3</ele>
      </trkpt>
      <trkpt lat="29.741006" lon="-99.77135">
        <ele>530.3</ele>
      </trkpt>
      <trkpt lat="29.740879" lon="-99.771323">
        <ele>531.6</ele>
      </trkpt>
      <trkpt lat="29.740879" lon="-99.771323">
        <ele>531.6</ele>
      </trkpt>
      <trkpt lat="29.740928" lon="-99.771525">
        <ele>533.1</ele>
      </trkpt>
      <trkpt lat="29.740928" lon="-99.771525">
        <ele>533.1</ele>
      </trkpt>
      <trkpt lat="29.740875" lon="-99.771734">
        <ele>535.8</ele>
      </trkpt>
      <trkpt lat="29.740875" lon="-99.771734">
        <ele>535.8</ele>
      </trkpt>
      <trkpt lat="29.74078" lon="-99.771873">
        <ele>539.6</ele>
      </trkpt>
      <trkpt lat="29.74078" lon="-99.771873">
        <ele>539.6</ele>
      </trkpt>
      <trkpt lat="29.740623" lon="-99.771862">
        <ele>542.5</ele>
      </trkpt>
      <trkpt lat="29.740623" lon="-99.771862">
        <ele>542.5</ele>
      </trkpt>
      <trkpt lat="29.74022" lon="-99.771715">
        <ele>549.0</ele>
      </trkpt>
      <trkpt lat="29.74022" lon="-99.771715">
        <ele>549.0</ele>
      </trkpt>
      <trkpt lat="29.739807" lon="-99.771586">
        <ele>556.2</ele>
      </trkpt>
      <trkpt lat="29.739807" lon="-99.771586">
        <ele>556.2</ele>
      </trkpt>
      <trkpt lat="29.739413" lon="-99.771436">
        <ele>562.9</ele>
      </trkpt>
      <trkpt lat="29.739413" lon="-99.771436">
        <ele>562.9</ele>
      </trkpt>
      <trkpt lat="29.739214" lon="-99.771348">
        <ele>564.3</ele>
      </trkpt>
      <trkpt lat="29.739214" lon="-99.771348">
        <ele>564.3</ele>
      </trkpt>
      <trkpt lat="29.739092" lon="-99.771267">
        <ele>564.0</ele>
      </trkpt>
      <trkpt lat="29.739092" lon="-99.771267">
        <ele>564.0</ele>
      </trkpt>
      <trkpt lat="29.738827" lon="-99.771119">
        <ele>565.3</ele>
      </trkpt>
      <trkpt lat="29.738827" lon="-99.771119">
        <ele>565.3</ele>
      </trkpt>
      <trkpt lat="29.738288" lon="-99.7708">
        <ele>574.0</ele>
      </trkpt>
      <trkpt lat="29.738288" lon="-99.7708">
        <ele>574.0</ele>
      </trkpt>
      <trkpt lat="29.73808" lon="-99.770699">
        <ele>575.7</ele>
      </trkpt>
      <trkpt lat="29.73808" lon="-99.770699">
        <ele>575.7</ele>
      </trkpt>
      <trkpt lat="29.737849" lon="-99.770662">
        <ele>578.0</ele>
      </trkpt>
      <trkpt lat="29.737849" lon="-99.770662">
        <ele>578.0</ele>
      </trkpt>
      <trkpt lat="29.737433" lon="-99.770324">
        <ele>577.7</ele>
      </trkpt>
      <trkpt lat="29.737433" lon="-99.770324">
        <ele>577.7</ele>
      </trkpt>
      <trkpt lat="29.737139" lon="-99.770093">
        <ele>582.1</ele>
      </trkpt>
      <trkpt lat="29.737139" lon="-99.770093">
        <ele>582.1</ele>
      </trkpt>
      <trkpt lat="29.736783" lon="-99.769737">
        <ele>589.5</ele>
      </trkpt>
      <trkpt lat="29.736783" lon="-99.769737">
        <ele>589.5</ele>
      </trkpt>
      <trkpt lat="29.736699" lon="-99.769551">
        <ele>590.5</ele>
      </trkpt>
      <trkpt lat="29.736699" lon="-99.769551">
        <ele>590.5</ele>
      </trkpt>
      <trkpt lat="29.736555" lon="-99.769392">
        <ele>595.4</ele>
      </trkpt>
      <trkpt lat="29.736555" lon="-99.769392">
        <ele>595.4</ele>
      </trkpt>
      <trkpt lat="29.736578" lon="-99.769262">
        <ele>595.6</ele>
      </trkpt>
      <trkpt lat="29.736578" lon="-99.769262">
        <ele>595.6</ele>
      </trkpt>
      <trkpt lat="29.736675" lon="-99.769053">
        <ele>591.2</ele>
      </trkpt>
      <trkpt lat="29.736675" lon="-99.769053">
        <ele>591.2</ele>
      </trkpt>
      <trkpt lat="29.737061" lon="-99.769745">
        <ele>581.9</ele>
      </trkpt>
      <trkpt lat="29.737061" lon="-99.769745">
        <ele>581.9</ele>
      </trkpt>
      <trkpt lat="29.737061" lon="-99.769745">
        <ele>581.9</ele>
      </trkpt>
      <trkpt lat="29.737858" lon="-99.770453">
        <ele>571.7</ele>
      </trkpt>
      <trkpt lat="29.737858" lon="-99.770453">
        <ele>571.7</ele>
      </trkpt>
      <trkpt lat="29.737499" lon="-99.769541">
        <ele>558.0</ele>
      </trkpt>
      <trkpt lat="29.737499" lon="-99.769541">
        <ele>558.0</ele>
      </trkpt>
      <trkpt lat="29.738082" lon="-99.770174">
        <ele>555.5</ele>
      </trkpt>
      <trkpt lat="29.738082" lon="-99.770174">
        <ele>555.5</ele>
      </trkpt>
      <trkpt lat="29.738673" lon="-99.770463">
        <ele>549.4</ele>
      </trkpt>
      <trkpt lat="29.738673" lon="-99.770463">
        <ele>549.4</ele>
      </trkpt>
      <trkpt lat="29.738398" lon="-99.769927">
        <ele>543.1</ele>
      </trkpt>
      <trkpt lat="29.738398" lon="-99.769927">
        <ele>543.1</ele>
      </trkpt>
      <trkpt lat="29.738398" lon="-99.769927">
        <ele>543.1</ele>
      </trkpt>
      <trkpt lat="29.739514" lon="-99.770578">
        <ele>536.1</ele>
      </trkpt>
      <trkpt lat="29.740629" lon="-99.771228">
        <ele>532.9</ele>
      </trkpt>
      <trkpt lat="29.740629" lon="-99.771228">
        <ele>532.9</ele>
      </trkpt>
      <trkpt lat="29.740504" lon="-99.771054">
        <ele>532.4</ele>
      </trkpt>
      <trkpt lat="29.740504" lon="-99.771054">
        <ele>532.4</ele>
      </trkpt>
      <trkpt lat="29.740462" lon="-99.770937">
        <ele>531.7</ele>
      </trkpt>
      <trkpt lat="29.740462" lon="-99.770937">
        <ele>531.7</ele>
      </trkpt>
      <trkpt lat="29.740346" lon="-99.770778">
        <ele>530.7</ele>
      </trkpt>
      <trkpt lat="29.740346" lon="-99.770778">
        <ele>530.7</ele>
      </trkpt>
      <trkpt lat="29.740214" lon="-99.770398">
        <ele>528.2</ele>
      </trkpt>
      <trkpt lat="29.740214" lon="-99.770398">
        <ele>528.2</ele>
      </trkpt>
      <trkpt lat="29.740106" lon="-99.770326">
        <ele>528.8</ele>
      </trkpt>
      <trkpt lat="29.740106" lon="-99.770326">
        <ele>528.8</ele>
      </trkpt>
      <trkpt lat="29.740003" lon="-99.770226">
        <ele>529.0</ele>
      </trkpt>
      <trkpt lat="29.740003" lon="-99.770226">
        <ele>529.0</ele>
      </trkpt>
      <trkpt lat="29.739932" lon="-99.770208">
        <ele>529.4</ele>
      </trkpt>
      <trkpt lat="29.739932" lon="-99.770208">
        <ele>529.4</ele>
      </trkpt>
      <trkpt lat="29.739793" lon="-99.770066">
        <ele>529.2</ele>
      </trkpt>
      <trkpt lat="29.739793" lon="-99.770066">
        <ele>529.2</ele>
      </trkpt>
      <trkpt lat="29.739666" lon="-99.770012">
        <ele>529.6</ele>
      </trkpt>
      <trkpt lat="29.739666" lon="-99.770012">
        <ele>529.6</ele>
      </trkpt>
      <trkpt lat="29.739528" lon="-99.770015">
        <ele>530.7</ele>
      </trkpt>
      <trkpt lat="29.739528" lon="-99.770015">
        <ele>530.7</ele>
      </trkpt>
      <trkpt lat="29.73941" lon="-99.769889">
        <ele>530.3</ele>
      </trkpt>
      <trkpt lat="29.73941" lon="-99.769889">
        <ele>530.3</ele>
      </trkpt>
      <trkpt lat="29.739327" lon="-99.76983">
        <ele>530.3</ele>
      </trkpt>
      <trkpt lat="29.739327" lon="-99.76983">
        <ele>530.3</ele>
      </trkpt>
      <trkpt lat="29.739226" lon="-99.769457">
        <ele>526.8</ele>
      </trkpt>
      <trkpt lat="29.739226" lon="-99.769457">
        <ele>526.8</ele>
      </trkpt>
      <trkpt lat="29.738875" lon="-99.769035">
        <ele>525.3</ele>
      </trkpt>
      <trkpt lat="29.738875" lon="-99.769035">
        <ele>525.3</ele>
      </trkpt>
      <trkpt lat="29.738774" lon="-99.769024">
        <ele>526.2</ele>
      </trkpt>
      <trkpt lat="29.738774" lon="-99.769024">
        <ele>526.2</ele>
      </trkpt>
      <trkpt lat="29.738696" lon="-99.768847">
        <ele>526.1</ele>
      </trkpt>
      <trkpt lat="29.738696" lon="-99.768847">
        <ele>526.1</ele>
      </trkpt>
      <trkpt lat="29.738736" lon="-99.768627">
        <ele>525.1</ele>
      </trkpt>
      <trkpt lat="29.738736" lon="-99.768627">
        <ele>525.1</ele>
      </trkpt>
      <trkpt lat="29.738719" lon="-99.768442">
        <ele>524.5</ele>
      </trkpt>
      <trkpt lat="29.738719" lon="-99.768442">
        <ele>524.5</ele>
      </trkpt>
      <trkpt lat="29.738722" lon="-99.768273">
        <ele>523.4</ele>
      </trkpt>
      <trkpt lat="29.738722" lon="-99.768273">
        <ele>523.4</ele>
      </trkpt>
      <trkpt lat="29.738662" lon="-99.768108">
        <ele>522.7</ele>
      </trkpt>
      <trkpt lat="29.738662" lon="-99.768108">
        <ele>522.7</ele>
      </trkpt>
      <trkpt lat="29.73836" lon="-99.767818">
        <ele>523.1</ele>
      </trkpt>
      <trkpt lat="29.73836" lon="-99.767818">
        <ele>523.1</ele>
      </trkpt>
      <trkpt lat="29.73831" lon="-99.767534">
        <ele>522.8</ele>
      </trkpt>
      <trkpt lat="29.73831" lon="-99.767534">
        <ele>522.8</ele>
      </trkpt>
      <trkpt lat="29.738017" lon="-99.767082">
        <ele>523.7</ele>
      </trkpt>
      <trkpt lat="29.738017" lon="-99.767082">
        <ele>523.7</ele>
      </trkpt>
      <trkpt lat="29.73777" lon="-99.766893">
        <ele>525.0</ele>
      </trkpt>
      <trkpt lat="29.73777" lon="-99.766893">
        <ele>525.0</ele>
      </trkpt>
      <trkpt lat="29.737435" lon="-99.766468">
        <ele>523.9</ele>
      </trkpt>
      <trkpt lat="29.737435" lon="-99.766468">
        <ele>523.9</ele>
      </trkpt>
      <trkpt lat="29.737504" lon="-99.766417">
        <ele>522.7</ele>
      </trkpt>
      <trkpt lat="29.737504" lon="-99.766417">
        <ele>522.7</ele>
      </trkpt>
      <trkpt lat="29.737691" lon="-99.7665">
        <ele>522.0</ele>
      </trkpt>
      <trkpt lat="29.737691" lon="-99.7665">
        <ele>522.0</ele>
      </trkpt>
      <trkpt lat="29.737825" lon="-99.766629">
        <ele>521.9</ele>
      </trkpt>
      <trkpt lat="29.737825" lon="-99.766629">
        <ele>521.9</ele>
      </trkpt>
      <trkpt lat="29.737903" lon="-99.766584">
        <ele>520.7</ele>
      </trkpt>
      <trkpt lat="29.737903" lon="-99.766584">
        <ele>520.7</ele>
      </trkpt>
      <trkpt lat="29.737853" lon="-99.766449">
        <ele>519.9</ele>
      </trkpt>
      <trkpt lat="29.737853" lon="-99.766449">
        <ele>519.9</ele>
      </trkpt>
      <trkpt lat="29.737752" lon="-99.766415">
        <ele>520.5</ele>
      </trkpt>
      <trkpt lat="29.737752" lon="-99.766415">
        <ele>520.5</ele>
      </trkpt>
      <trkpt lat="29.737611" lon="-99.766271">
        <ele>520.2</ele>
      </trkpt>
      <trkpt lat="29.737611" lon="-99.766271">
        <ele>520.2</ele>
      </trkpt>
      <trkpt lat="29.737445" lon="-99.766161">
        <ele>520.0</ele>
      </trkpt>
      <trkpt lat="29.737445" lon="-99.766161">
        <ele>520.0</ele>
      </trkpt>
      <trkpt lat="29.737094" lon="-99.766033">
        <ele>519.9</ele>
      </trkpt>
      <trkpt lat="29.737094" lon="-99.766033">
        <ele>519.9</ele>
      </trkpt>
      <trkpt lat="29.736981" lon="-99.765942">
        <ele>518.9</ele>
      </trkpt>
      <trkpt lat="29.736981" lon="-99.765942">
        <ele>518.9</ele>
      </trkpt>
      <trkpt lat="29.736654" lon="-99.765904">
        <ele>518.9</ele>
      </trkpt>
      <trkpt lat="29.736654" lon="-99.765904">
        <ele>518.9</ele>
      </trkpt>
      <trkpt lat="29.736315" lon="-99.765759">
        <ele>516.5</ele>
      </trkpt>
      <trkpt lat="29.736315" lon="-99.765759">
        <ele>516.5</ele>
      </trkpt>
      <trkpt lat="29.736023" lon="-99.765807">
        <ele>516.8</ele>
      </trkpt>
      <trkpt lat="29.736023" lon="-99.765807">
        <ele>516.8</ele>
      </trkpt>
      <trkpt lat="29.735871" lon="-99.765802">
        <ele>516.5</ele>
      </trkpt>
      <trkpt lat="29.735871" lon="-99.765802">
        <ele>516.5</ele>
      </trkpt>
      <trkpt lat="29.735625" lon="-99.765871">
        <ele>516.7</ele>
      </trkpt>
      <trkpt lat="29.735625" lon="-99.765871">
        <ele>516.7</ele>
      </trkpt>
      <trkpt lat="29.735419" lon="-99.765896">
        <ele>516.1</ele>
      </trkpt>
      <trkpt lat="29.735419" lon="-99.765896">
        <ele>516.1</ele>
      </trkpt>
      <trkpt lat="29.735273" lon="-99.765992">
        <ele>516.7</ele>
      </trkpt>
      <trkpt lat="29.735273" lon="-99.765992">
        <ele>516.7</ele>
      </trkpt>
      <trkpt lat="29.735129" lon="-99.765998">
        <ele>516.0</ele>
      </trkpt>
      <trkpt lat="29.735129" lon="-99.765998">
        <ele>516.0</ele>
      </trkpt>
      <trkpt lat="29.734962" lon="-99.765965">
        <ele>514.7</ele>
      </trkpt>
      <trkpt lat="29.734962" lon="-99.765965">
        <ele>514.7</ele>
      </trkpt>
      <trkpt lat="29.734791" lon="-99.766008">
        <ele>514.1</ele>
      </trkpt>
      <trkpt lat="29.734791" lon="-99.766008">
        <ele>514.1</ele>
      </trkpt>
      <trkpt lat="29.734615" lon="-99.76613">
        <ele>513.9</ele>
      </trkpt>
      <trkpt lat="29.734615" lon="-99.76613">
        <ele>513.9</ele>
      </trkpt>
      <trkpt lat="29.734372" lon="-99.766233">
        <ele>512.9</ele>
      </trkpt>
      <trkpt lat="29.734372" lon="-99.766233">
        <ele>512.9</ele>
      </trkpt>
      <trkpt lat="29.734315" lon="-99.766273">
        <ele>513.0</ele>
      </trkpt>
      <trkpt lat="29.734315" lon="-99.766273">
        <ele>513.0</ele>
      </trkpt>
      <trkpt lat="29.734188" lon="-99.766262">
        <ele>512.2</ele>
      </trkpt>
      <trkpt lat="29.734188" lon="-99.766262">
        <ele>512.2</ele>
      </trkpt>
      <trkpt lat="29.733875" lon="-99.766469">
        <ele>511.9</ele>
      </trkpt>
      <trkpt lat="29.733875" lon="-99.766469">
        <ele>511.9</ele>
      </trkpt>
      <trkpt lat="29.733585" lon="-99.766812">
        <ele>512.5</ele>
      </trkpt>
      <trkpt lat="29.733585" lon="-99.766812">
        <ele>512.5</ele>
      </trkpt>
      <trkpt lat="29.733409" lon="-99.766898">
        <ele>511.8</ele>
      </trkpt>
      <trkpt lat="29.733409" lon="-99.766898">
        <ele>511.8</ele>
      </trkpt>
      <trkpt lat="29.733282" lon="-99.767056">
        <ele>511.9</ele>
      </trkpt>
      <trkpt lat="29.733282" lon="-99.767056">
        <ele>511.9</ele>
      </trkpt>
      <trkpt lat="29.733013" lon="-99.767386">
        <ele>511.7</ele>
      </trkpt>
      <trkpt lat="29.733013" lon="-99.767386">
        <ele>511.7</ele>
      </trkpt>
      <trkpt lat="29.732868" lon="-99.767528">
        <ele>511.5</ele>
      </trkpt>
      <trkpt lat="29.732868" lon="-99.767528">
        <ele>511.5</ele>
      </trkpt>
      <trkpt lat="29.732813" lon="-99.767737">
        <ele>511.9</ele>
      </trkpt>
      <trkpt lat="29.732813" lon="-99.767737">
        <ele>511.9</ele>
      </trkpt>
      <trkpt lat="29.732819" lon="-99.767928">
        <ele>512.9</ele>
      </trkpt>
      <trkpt lat="29.732819" lon="-99.767928">
        <ele>512.9</ele>
      </trkpt>
      <trkpt lat="29.732804" lon="-99.768132">
        <ele>513.5</ele>
      </trkpt>
      <trkpt lat="29.732804" lon="-99.768132">
        <ele>513.5</ele>
      </trkpt>
      <trkpt lat="29.732845" lon="-99.768317">
        <ele>514.6</ele>
      </trkpt>
      <trkpt lat="29.732845" lon="-99.768317">
        <ele>514.6</ele>
      </trkpt>
      <trkpt lat="29.732958" lon="-99.768738">
        <ele>517.1</ele>
      </trkpt>
      <trkpt lat="29.732958" lon="-99.768738">
        <ele>517.1</ele>
      </trkpt>
      <trkpt lat="29.732956" lon="-99.768936">
        <ele>517.4</ele>
      </trkpt>
      <trkpt lat="29.732956" lon="-99.768936">
        <ele>517.4</ele>
      </trkpt>
      <trkpt lat="29.733009" lon="-99.769065">
        <ele>518.4</ele>
      </trkpt>
      <trkpt lat="29.733009" lon="-99.769065">
        <ele>518.4</ele>
      </trkpt>
      <trkpt lat="29.733026" lon="-99.769312">
        <ele>518.8</ele>
      </trkpt>
      <trkpt lat="29.733026" lon="-99.769312">
        <ele>518.8</ele>
      </trkpt>
      <trkpt lat="29.73313" lon="-99.769513">
        <ele>520.1</ele>
      </trkpt>
      <trkpt lat="29.73313" lon="-99.769513">
        <ele>520.1</ele>
      </trkpt>
      <trkpt lat="29.733098" lon="-99.769636">
        <ele>519.7</ele>
      </trkpt>
      <trkpt lat="29.733098" lon="-99.769636">
        <ele>519.7</ele>
      </trkpt>
      <trkpt lat="29.73309" lon="-99.769846">
        <ele>519.4</ele>
      </trkpt>
      <trkpt lat="29.73309" lon="-99.769846">
        <ele>519.4</ele>
      </trkpt>
      <trkpt lat="29.73297" lon="-99.770154">
        <ele>517.8</ele>
      </trkpt>
      <trkpt lat="29.73297" lon="-99.770154">
        <ele>517.8</ele>
      </trkpt>
      <trkpt lat="29.732955" lon="-99.770344">
        <ele>517.4</ele>
      </trkpt>
      <trkpt lat="29.732955" lon="-99.770344">
        <ele>517.4</ele>
      </trkpt>
      <trkpt lat="29.732926" lon="-99.770543">
        <ele>516.9</ele>
      </trkpt>
      <trkpt lat="29.732926" lon="-99.770543">
        <ele>516.9</ele>
      </trkpt>
      <trkpt lat="29.733016" lon="-99.77065">
        <ele>517.3</ele>
      </trkpt>
      <trkpt lat="29.733016" lon="-99.77065">
        <ele>517.3</ele>
      </trkpt>
      <trkpt lat="29.733254" lon="-99.770975">
        <ele>517.9</ele>
      </trkpt>
      <trkpt lat="29.733254" lon="-99.770975">
        <ele>517.9</ele>
      </trkpt>
      <trkpt lat="29.733225" lon="-99.771232">
        <ele>516.7</ele>
      </trkpt>
      <trkpt lat="29.733225" lon="-99.771232">
        <ele>516.7</ele>
      </trkpt>
      <trkpt lat="29.733341" lon="-99.771377">
        <ele>516.8</ele>
      </trkpt>
      <trkpt lat="29.733341" lon="-99.771377">
        <ele>516.8</ele>
      </trkpt>
      <trkpt lat="29.733456" lon="-99.771479">
        <ele>517.1</ele>
      </trkpt>
      <trkpt lat="29.733456" lon="-99.771479">
        <ele>517.1</ele>
      </trkpt>
      <trkpt lat="29.733765" lon="-99.771608">
        <ele>518.9</ele>
      </trkpt>
      <trkpt lat="29.733765" lon="-99.771608">
        <ele>518.9</ele>
      </trkpt>
      <trkpt lat="29.733901" lon="-99.771761">
        <ele>519.3</ele>
      </trkpt>
      <trkpt lat="29.733901" lon="-99.771761">
        <ele>519.3</ele>
      </trkpt>
      <trkpt lat="29.733942" lon="-99.771956">
        <ele>518.4</ele>
      </trkpt>
      <trkpt lat="29.733942" lon="-99.771956">
        <ele>518.4</ele>
      </trkpt>
      <trkpt lat="29.733854" lon="-99.772042">
        <ele>517.0</ele>
      </trkpt>
      <trkpt lat="29.733854" lon="-99.772042">
        <ele>517.0</ele>
      </trkpt>
      <trkpt lat="29.733681" lon="-99.772048">
        <ele>515.6</ele>
      </trkpt>
      <trkpt lat="29.733681" lon="-99.772048">
        <ele>515.6</ele>
      </trkpt>
      <trkpt lat="29.73327" lon="-99.771866">
        <ele>514.4</ele>
      </trkpt>
      <trkpt lat="29.73327" lon="-99.771866">
        <ele>514.4</ele>
      </trkpt>
      <trkpt lat="29.733162" lon="-99.771807">
        <ele>514.1</ele>
      </trkpt>
      <trkpt lat="29.733162" lon="-99.771807">
        <ele>514.1</ele>
      </trkpt>
      <trkpt lat="29.732974" lon="-99.771737">
        <ele>513.2</ele>
      </trkpt>
      <trkpt lat="29.732974" lon="-99.771737">
        <ele>513.2</ele>
      </trkpt>
      <trkpt lat="29.732781" lon="-99.771635">
        <ele>512.5</ele>
      </trkpt>
      <trkpt lat="29.732781" lon="-99.771635">
        <ele>512.5</ele>
      </trkpt>
      <trkpt lat="29.732631" lon="-99.771507">
        <ele>512.4</ele>
      </trkpt>
      <trkpt lat="29.732631" lon="-99.771507">
        <ele>512.4</ele>
      </trkpt>
      <trkpt lat="29.732555" lon="-99.771536">
        <ele>512.1</ele>
      </trkpt>
      <trkpt lat="29.732555" lon="-99.771536">
        <ele>512.1</ele>
      </trkpt>
      <trkpt lat="29.73257" lon="-99.771641">
        <ele>511.7</ele>
      </trkpt>
      <trkpt lat="29.73257" lon="-99.771641">
        <ele>511.7</ele>
      </trkpt>
      <trkpt lat="29.732657" lon="-99.771735">
        <ele>511.6</ele>
      </trkpt>
      <trkpt lat="29.732657" lon="-99.771735">
        <ele>511.6</ele>
      </trkpt>
      <trkpt lat="29.732647" lon="-99.771829">
        <ele>511.4</ele>
      </trkpt>
      <trkpt lat="29.732647" lon="-99.771829">
        <ele>511.4</ele>
      </trkpt>
      <trkpt lat="29.732513" lon="-99.771944">
        <ele>510.9</ele>
      </trkpt>
      <trkpt lat="29.732513" lon="-99.771944">
        <ele>510.9</ele>
      </trkpt>
      <trkpt lat="29.732193" lon="-99.771973">
        <ele>511.2</ele>
      </trkpt>
      <trkpt lat="29.732193" lon="-99.771973">
        <ele>511.2</ele>
      </trkpt>
      <trkpt lat="29.73201" lon="-99.772011">
        <ele>511.3</ele>
      </trkpt>
      <trkpt lat="29.73201" lon="-99.772011">
        <ele>511.3</ele>
      </trkpt>
      <trkpt lat="29.731867" lon="-99.771949">
        <ele>511.3</ele>
      </trkpt>
      <trkpt lat="29.731867" lon="-99.771949">
        <ele>511.3</ele>
      </trkpt>
      <trkpt lat="29.731728" lon="-99.771955">
        <ele>511.7</ele>
      </trkpt>
      <trkpt lat="29.731728" lon="-99.771955">
        <ele>511.7</ele>
      </trkpt>
      <trkpt lat="29.731496" lon="-99.772081">
        <ele>512.8</ele>
      </trkpt>
      <trkpt lat="29.731496" lon="-99.772081">
        <ele>512.8</ele>
      </trkpt>
      <trkpt lat="29.73115" lon="-99.772006">
        <ele>512.4</ele>
      </trkpt>
      <trkpt lat="29.73115" lon="-99.772006">
        <ele>512.4</ele>
      </trkpt>
      <trkpt lat="29.730954" lon="-99.771979">
        <ele>512.2</ele>
      </trkpt>
      <trkpt lat="29.730954" lon="-99.771979">
        <ele>512.2</ele>
      </trkpt>
      <trkpt lat="29.73085" lon="-99.771898">
        <ele>512.0</ele>
      </trkpt>
      <trkpt lat="29.73085" lon="-99.771898">
        <ele>512.0</ele>
      </trkpt>
      <trkpt lat="29.730744" lon="-99.771694">
        <ele>511.4</ele>
      </trkpt>
      <trkpt lat="29.730744" lon="-99.771694">
        <ele>511.4</ele>
      </trkpt>
      <trkpt lat="29.730817" lon="-99.77163">
        <ele>511.2</ele>
      </trkpt>
      <trkpt lat="29.730817" lon="-99.77163">
        <ele>511.2</ele>
      </trkpt>
      <trkpt lat="29.730933" lon="-99.77156">
        <ele>511.0</ele>
      </trkpt>
      <trkpt lat="29.730933" lon="-99.77156">
        <ele>511.0</ele>
      </trkpt>
      <trkpt lat="29.731493" lon="-99.771071">
        <ele>510.0</ele>
      </trkpt>
      <trkpt lat="29.731493" lon="-99.771071">
        <ele>510.0</ele>
      </trkpt>
      <trkpt lat="29.731639" lon="-99.771029">
        <ele>510.3</ele>
      </trkpt>
      <trkpt lat="29.731639" lon="-99.771029">
        <ele>510.3</ele>
      </trkpt>
      <trkpt lat="29.731733" lon="-99.770945">
        <ele>510.7</ele>
      </trkpt>
      <trkpt lat="29.731733" lon="-99.770945">
        <ele>510.7</ele>
      </trkpt>
      <trkpt lat="29.731991" lon="-99.77081">
        <ele>511.8</ele>
      </trkpt>
      <trkpt lat="29.731991" lon="-99.77081">
        <ele>511.8</ele>
      </trkpt>
      <trkpt lat="29.732031" lon="-99.770748">
        <ele>511.9</ele>
      </trkpt>
      <trkpt lat="29.732031" lon="-99.770748">
        <ele>511.9</ele>
      </trkpt>
      <trkpt lat="29.732037" lon="-99.770662">
        <ele>512.0</ele>
      </trkpt>
      <trkpt lat="29.732037" lon="-99.770662">
        <ele>512.0</ele>
      </trkpt>
      <trkpt lat="29.732115" lon="-99.770528">
        <ele>512.5</ele>
      </trkpt>
      <trkpt lat="29.732115" lon="-99.770528">
        <ele>512.5</ele>
      </trkpt>
      <trkpt lat="29.732105" lon="-99.770416">
        <ele>512.4</ele>
      </trkpt>
      <trkpt lat="29.732105" lon="-99.770416">
        <ele>512.4</ele>
      </trkpt>
      <trkpt lat="29.73205" lon="-99.7703">
        <ele>512.1</ele>
      </trkpt>
      <trkpt lat="29.73205" lon="-99.7703">
        <ele>512.1</ele>
      </trkpt>
      <trkpt lat="29.731939" lon="-99.770185">
        <ele>511.7</ele>
      </trkpt>
      <trkpt lat="29.731939" lon="-99.770185">
        <ele>511.7</ele>
      </trkpt>
      <trkpt lat="29.73192" lon="-99.769965">
        <ele>511.5</ele>
      </trkpt>
      <trkpt lat="29.73192" lon="-99.769965">
        <ele>511.5</ele>
      </trkpt>
      <trkpt lat="29.731793" lon="-99.76975">
        <ele>510.8</ele>
      </trkpt>
      <trkpt lat="29.731793" lon="-99.76975">
        <ele>510.8</ele>
      </trkpt>
      <trkpt lat="29.731715" lon="-99.769512">
        <ele>510.3</ele>
      </trkpt>
      <trkpt lat="29.731715" lon="-99.769512">
        <ele>510.3</ele>
      </trkpt>
      <trkpt lat="29.731504" lon="-99.769286">
        <ele>509.3</ele>
      </trkpt>
      <trkpt lat="29.731504" lon="-99.769286">
        <ele>509.3</ele>
      </trkpt>
      <trkpt lat="29.731451" lon="-99.769152">
        <ele>509.0</ele>
      </trkpt>
      <trkpt lat="29.731451" lon="-99.769152">
        <ele>509.0</ele>
      </trkpt>
      <trkpt lat="29.731465" lon="-99.769056">
        <ele>509.0</ele>
      </trkpt>
      <trkpt lat="29.731465" lon="-99.769056">
        <ele>509.0</ele>
      </trkpt>
      <trkpt lat="29.731548" lon="-99.768957">
        <ele>509.1</ele>
      </trkpt>
      <trkpt lat="29.731548" lon="-99.768957">
        <ele>509.1</ele>
      </trkpt>
      <trkpt lat="29.731613" lon="-99.76883">
        <ele>509.2</ele>
      </trkpt>
      <trkpt lat="29.731613" lon="-99.76883">
        <ele>509.2</ele>
      </trkpt>
      <trkpt lat="29.731574" lon="-99.768675">
        <ele>508.8</ele>
      </trkpt>
      <trkpt lat="29.731574" lon="-99.768675">
        <ele>508.8</ele>
      </trkpt>
      <trkpt lat="29.731465" lon="-99.76853">
        <ele>508.0</ele>
      </trkpt>
      <trkpt lat="29.731465" lon="-99.76853">
        <ele>508.0</ele>
      </trkpt>
      <trkpt lat="29.731418" lon="-99.768281">
        <ele>507.4</ele>
      </trkpt>
      <trkpt lat="29.731418" lon="-99.768281">
        <ele>507.4</ele>
      </trkpt>
      <trkpt lat="29.731626" lon="-99.768157">
        <ele>507.9</ele>
      </trkpt>
      <trkpt lat="29.731626" lon="-99.768157">
        <ele>507.9</ele>
      </trkpt>
      <trkpt lat="29.731893" lon="-99.768101">
        <ele>508.8</ele>
      </trkpt>
      <trkpt lat="29.731893" lon="-99.768101">
        <ele>508.8</ele>
      </trkpt>
      <trkpt lat="29.732071" lon="-99.767889">
        <ele>509.1</ele>
      </trkpt>
      <trkpt lat="29.732071" lon="-99.767889">
        <ele>509.1</ele>
      </trkpt>
      <trkpt lat="29.732271" lon="-99.767306">
        <ele>508.6</ele>
      </trkpt>
      <trkpt lat="29.732271" lon="-99.767306">
        <ele>508.6</ele>
      </trkpt>
      <trkpt lat="29.732419" lon="-99.767112">
        <ele>508.6</ele>
      </trkpt>
      <trkpt lat="29.732419" lon="-99.767112">
        <ele>508.6</ele>
      </trkpt>
      <trkpt lat="29.732682" lon="-99.766926">
        <ele>508.8</ele>
      </trkpt>
      <trkpt lat="29.732682" lon="-99.766926">
        <ele>508.8</ele>
      </trkpt>
      <trkpt lat="29.732999" lon="-99.766562">
        <ele>508.5</ele>
      </trkpt>
      <trkpt lat="29.732999" lon="-99.766562">
        <ele>508.5</ele>
      </trkpt>
      <trkpt lat="29.733258" lon="-99.766326">
        <ele>508.4</ele>
      </trkpt>
      <trkpt lat="29.733258" lon="-99.766326">
        <ele>508.4</ele>
      </trkpt>
      <trkpt lat="29.733378" lon="-99.766249">
        <ele>508.5</ele>
      </trkpt>
      <trkpt lat="29.733378" lon="-99.766249">
        <ele>508.5</ele>
      </trkpt>
      <trkpt lat="29.733589" lon="-99.766187">
        <ele>509.1</ele>
      </trkpt>
      <trkpt lat="29.733589" lon="-99.766187">
        <ele>509.1</ele>
      </trkpt>
      <trkpt lat="29.733793" lon="-99.76623">
        <ele>510.3</ele>
      </trkpt>
      <trkpt lat="29.733793" lon="-99.76623">
        <ele>510.3</ele>
      </trkpt>
      <trkpt lat="29.733995" lon="-99.766149">
        <ele>510.7</ele>
      </trkpt>
      <trkpt lat="29.733995" lon="-99.766149">
        <ele>510.7</ele>
      </trkpt>
      <trkpt lat="29.734071" lon="-99.766088">
        <ele>510.6</ele>
      </trkpt>
      <trkpt lat="29.734071" lon="-99.766088">
        <ele>510.6</ele>
      </trkpt>
      <trkpt lat="29.734188" lon="-99.766026">
        <ele>510.6</ele>
      </trkpt>
      <trkpt lat="29.734188" lon="-99.766026">
        <ele>510.6</ele>
      </trkpt>
      <trkpt lat="29.734278" lon="-99.765849">
        <ele>509.9</ele>
      </trkpt>
      <trkpt lat="29.734278" lon="-99.765849">
        <ele>509.9</ele>
      </trkpt>
      <trkpt lat="29.734356" lon="-99.765779">
        <ele>509.9</ele>
      </trkpt>
      <trkpt lat="29.734356" lon="-99.765779">
        <ele>509.9</ele>
      </trkpt>
      <trkpt lat="29.734639" lon="-99.765745">
        <ele>511.0</ele>
      </trkpt>
      <trkpt lat="29.734639" lon="-99.765745">
        <ele>511.0</ele>
      </trkpt>
      <trkpt lat="29.734731" lon="-99.765654">
        <ele>510.7</ele>
      </trkpt>
      <trkpt lat="29.734731" lon="-99.765654">
        <ele>510.7</ele>
      </trkpt>
      <trkpt lat="29.734812" lon="-99.765595">
        <ele>510.5</ele>
      </trkpt>
      <trkpt lat="29.734812" lon="-99.765595">
        <ele>510.5</ele>
      </trkpt>
      <trkpt lat="29.734948" lon="-99.765485">
        <ele>510.2</ele>
      </trkpt>
      <trkpt lat="29.734948" lon="-99.765485">
        <ele>510.2</ele>
      </trkpt>
      <trkpt lat="29.735205" lon="-99.765404">
        <ele>510.3</ele>
      </trkpt>
      <trkpt lat="29.735205" lon="-99.765404">
        <ele>510.3</ele>
      </trkpt>
      <trkpt lat="29.735321" lon="-99.76542">
        <ele>510.7</ele>
      </trkpt>
      <trkpt lat="29.735321" lon="-99.76542">
        <ele>510.7</ele>
      </trkpt>
      <trkpt lat="29.735427" lon="-99.765401">
        <ele>510.8</ele>
      </trkpt>
      <trkpt lat="29.735427" lon="-99.765401">
        <ele>510.8</ele>
      </trkpt>
      <trkpt lat="29.735682" lon="-99.7653">
        <ele>510.7</ele>
      </trkpt>
      <trkpt lat="29.735682" lon="-99.7653">
        <ele>510.7</ele>
      </trkpt>
      <trkpt lat="29.73611" lon="-99.765383">
        <ele>511.6</ele>
      </trkpt>
      <trkpt lat="29.73611" lon="-99.765383">
        <ele>511.6</ele>
      </trkpt>
      <trkpt lat="29.736303" lon="-99.765372">
        <ele>511.7</ele>
      </trkpt>
      <trkpt lat="29.736303" lon="-99.765372">
        <ele>511.7</ele>
      </trkpt>
      <trkpt lat="29.736556" lon="-99.765312">
        <ele>511.8</ele>
      </trkpt>
      <trkpt lat="29.736556" lon="-99.765312">
        <ele>511.8</ele>
      </trkpt>
      <trkpt lat="29.736699" lon="-99.765323">
        <ele>512.0</ele>
      </trkpt>
      <trkpt lat="29.736699" lon="-99.765323">
        <ele>512.0</ele>
      </trkpt>
      <trkpt lat="29.736896" lon="-99.765242">
        <ele>511.6</ele>
      </trkpt>
      <trkpt lat="29.736896" lon="-99.765242">
        <ele>511.6</ele>
      </trkpt>
      <trkpt lat="29.736904" lon="-99.765156">
        <ele>511.2</ele>
      </trkpt>
      <trkpt lat="29.736904" lon="-99.765156">
        <ele>511.2</ele>
      </trkpt>
      <trkpt lat="29.736865" lon="-99.765049">
        <ele>510.6</ele>
      </trkpt>
      <trkpt lat="29.736865" lon="-99.765049">
        <ele>510.6</ele>
      </trkpt>
      <trkpt lat="29.736918" lon="-99.764968">
        <ele>510.2</ele>
      </trkpt>
      <trkpt lat="29.736918" lon="-99.764968">
        <ele>510.2</ele>
      </trkpt>
      <trkpt lat="29.737015" lon="-99.764859">
        <ele>509.7</ele>
      </trkpt>
      <trkpt lat="29.737015" lon="-99.764859">
        <ele>509.7</ele>
      </trkpt>
      <trkpt lat="29.737413" lon="-99.764827">
        <ele>509.5</ele>
      </trkpt>
      <trkpt lat="29.737413" lon="-99.764827">
        <ele>509.5</ele>
      </trkpt>
      <trkpt lat="29.737667" lon="-99.764891">
        <ele>509.7</ele>
      </trkpt>
      <trkpt lat="29.737667" lon="-99.764891">
        <ele>509.7</ele>
      </trkpt>
      <trkpt lat="29.73813" lon="-99.764945">
        <ele>509.5</ele>
      </trkpt>
      <trkpt lat="29.73813" lon="-99.764945">
        <ele>509.5</ele>
      </trkpt>
      <trkpt lat="29.738542" lon="-99.765127">
        <ele>509.7</ele>
      </trkpt>
      <trkpt lat="29.738542" lon="-99.765127">
        <ele>509.7</ele>
      </trkpt>
      <trkpt lat="29.738717" lon="-99.765065">
        <ele>509.2</ele>
      </trkpt>
      <trkpt lat="29.738717" lon="-99.765065">
        <ele>509.2</ele>
      </trkpt>
      <trkpt lat="29.739064" lon="-99.764904">
        <ele>508.2</ele>
      </trkpt>
      <trkpt lat="29.739064" lon="-99.764904">
        <ele>508.2</ele>
      </trkpt>
      <trkpt lat="29.739514" lon="-99.764877">
        <ele>507.8</ele>
      </trkpt>
      <trkpt lat="29.739514" lon="-99.764877">
        <ele>507.8</ele>
      </trkpt>
      <trkpt lat="29.739743" lon="-99.764759">
        <ele>508.0</ele>
      </trkpt>
      <trkpt lat="29.739743" lon="-99.764759">
        <ele>508.0</ele>
      </trkpt>
      <trkpt lat="29.740001" lon="-99.764566">
        <ele>507.9</ele>
      </trkpt>
      <trkpt lat="29.740001" lon="-99.764566">
        <ele>507.9</ele>
      </trkpt>
      <trkpt lat="29.740343" lon="-99.764485">
        <ele>508.5</ele>
      </trkpt>
      <trkpt lat="29.740343" lon="-99.764485">
        <ele>508.5</ele>
      </trkpt>
      <trkpt lat="29.740541" lon="-99.764385">
        <ele>508.6</ele>
      </trkpt>
      <trkpt lat="29.740541" lon="-99.764385">
        <ele>508.6</ele>
      </trkpt>
      <trkpt lat="29.740568" lon="-99.764337">
        <ele>508.5</ele>
      </trkpt>
      <trkpt lat="29.740568" lon="-99.764337">
        <ele>508.5</ele>
      </trkpt>
      <trkpt lat="29.740441" lon="-99.764321">
        <ele>508.1</ele>
      </trkpt>
      <trkpt lat="29.740441" lon="-99.764321">
        <ele>508.1</ele>
      </trkpt>
      <trkpt lat="29.740351" lon="-99.764214">
        <ele>507.5</ele>
      </trkpt>
      <trkpt lat="29.740351" lon="-99.764214">
        <ele>507.5</ele>
      </trkpt>
      <trkpt lat="29.740247" lon="-99.764077">
        <ele>506.7</ele>
      </trkpt>
      <trkpt lat="29.740247" lon="-99.764077">
        <ele>506.7</ele>
      </trkpt>
      <trkpt lat="29.740209" lon="-99.763956">
        <ele>506.1</ele>
      </trkpt>
      <trkpt lat="29.740209" lon="-99.763956">
        <ele>506.1</ele>
      </trkpt>
      <trkpt lat="29.740119" lon="-99.763897">
        <ele>505.8</ele>
      </trkpt>
      <trkpt lat="29.740119" lon="-99.763897">
        <ele>505.8</ele>
      </trkpt>
      <trkpt lat="29.739974" lon="-99.763895">
        <ele>505.6</ele>
      </trkpt>
      <trkpt lat="29.739974" lon="-99.763895">
        <ele>505.6</ele>
      </trkpt>
      <trkpt lat="29.739882" lon="-99.763935">
        <ele>505.6</ele>
      </trkpt>
      <trkpt lat="29.739882" lon="-99.763935">
        <ele>505.6</ele>
      </trkpt>
      <trkpt lat="29.739822" lon="-99.763889">
        <ele>505.4</ele>
      </trkpt>
      <trkpt lat="29.739822" lon="-99.763889">
        <ele>505.4</ele>
      </trkpt>
      <trkpt lat="29.739847" lon="-99.7636">
        <ele>504.4</ele>
      </trkpt>
      <trkpt lat="29.739847" lon="-99.7636">
        <ele>504.4</ele>
      </trkpt>
      <trkpt lat="29.739792" lon="-99.763369">
        <ele>503.7</ele>
      </trkpt>
      <trkpt lat="29.739792" lon="-99.763369">
        <ele>503.7</ele>
      </trkpt>
      <trkpt lat="29.739828" lon="-99.763227">
        <ele>503.3</ele>
      </trkpt>
      <trkpt lat="29.739828" lon="-99.763227">
        <ele>503.3</ele>
      </trkpt>
      <trkpt lat="29.739787" lon="-99.763136">
        <ele>503.0</ele>
      </trkpt>
      <trkpt lat="29.739787" lon="-99.763136">
        <ele>503.0</ele>
      </trkpt>
      <trkpt lat="29.739688" lon="-99.763103">
        <ele>502.9</ele>
      </trkpt>
      <trkpt lat="29.739688" lon="-99.763103">
        <ele>502.9</ele>
      </trkpt>
      <trkpt lat="29.739592" lon="-99.763187">
        <ele>503.1</ele>
      </trkpt>
      <trkpt lat="29.739592" lon="-99.763187">
        <ele>503.1</ele>
      </trkpt>
      <trkpt lat="29.739469" lon="-99.763248">
        <ele>503.3</ele>
      </trkpt>
      <trkpt lat="29.739469" lon="-99.763248">
        <ele>503.3</ele>
      </trkpt>
      <trkpt lat="29.739361" lon="-99.763216">
        <ele>503.2</ele>
      </trkpt>
      <trkpt lat="29.739361" lon="-99.763216">
        <ele>503.2</ele>
      </trkpt>
      <trkpt lat="29.739304" lon="-99.763106">
        <ele>502.9</ele>
      </trkpt>
      <trkpt lat="29.739304" lon="-99.763106">
        <ele>502.9</ele>
      </trkpt>
      <trkpt lat="29.739233" lon="-99.763068">
        <ele>502.8</ele>
      </trkpt>
      <trkpt lat="29.739233" lon="-99.763068">
        <ele>502.8</ele>
      </trkpt>
      <trkpt lat="29.739085" lon="-99.763162">
        <ele>502.9</ele>
      </trkpt>
      <trkpt lat="29.739085" lon="-99.763162">
        <ele>502.9</ele>
      </trkpt>
      <trkpt lat="29.738954" lon="-99.76316">
        <ele>502.9</ele>
      </trkpt>
      <trkpt lat="29.738954" lon="-99.76316">
        <ele>502.9</ele>
      </trkpt>
      <trkpt lat="29.738761" lon="-99.763237">
        <ele>503.0</ele>
      </trkpt>
      <trkpt lat="29.738761" lon="-99.763237">
        <ele>503.0</ele>
      </trkpt>
      <trkpt lat="29.738604" lon="-99.7632">
        <ele>502.8</ele>
      </trkpt>
      <trkpt lat="29.738604" lon="-99.7632">
        <ele>502.8</ele>
      </trkpt>
      <trkpt lat="29.738319" lon="-99.76339">
        <ele>503.1</ele>
      </trkpt>
      <trkpt lat="29.738319" lon="-99.76339">
        <ele>503.1</ele>
      </trkpt>
      <trkpt lat="29.738206" lon="-99.763315">
        <ele>502.8</ele>
      </trkpt>
      <trkpt lat="29.738206" lon="-99.763315">
        <ele>502.8</ele>
      </trkpt>
      <trkpt lat="29.738161" lon="-99.763154">
        <ele>502.2</ele>
      </trkpt>
      <trkpt lat="29.738161" lon="-99.763154">
        <ele>502.2</ele>
      </trkpt>
      <trkpt lat="29.738043" lon="-99.763028">
        <ele>501.7</ele>
      </trkpt>
      <trkpt lat="29.738043" lon="-99.763028">
        <ele>501.7</ele>
      </trkpt>
      <trkpt lat="29.737925" lon="-99.762953">
        <ele>501.3</ele>
      </trkpt>
      <trkpt lat="29.737925" lon="-99.762953">
        <ele>501.3</ele>
      </trkpt>
      <trkpt lat="29.737908" lon="-99.762865">
        <ele>501.0</ele>
      </trkpt>
      <trkpt lat="29.737908" lon="-99.762865">
        <ele>501.0</ele>
      </trkpt>
      <trkpt lat="29.737939" lon="-99.762771">
        <ele>500.7</ele>
      </trkpt>
      <trkpt lat="29.737939" lon="-99.762771">
        <ele>500.7</ele>
      </trkpt>
      <trkpt lat="29.737871" lon="-99.762698">
        <ele>500.3</ele>
      </trkpt>
      <trkpt lat="29.737871" lon="-99.762698">
        <ele>500.3</ele>
      </trkpt>
      <trkpt lat="29.737805" lon="-99.762588">
        <ele>499.9</ele>
      </trkpt>
      <trkpt lat="29.737805" lon="-99.762588">
        <ele>499.9</ele>
      </trkpt>
      <trkpt lat="29.737723" lon="-99.762503">
        <ele>499.7</ele>
      </trkpt>
      <trkpt lat="29.737723" lon="-99.762503">
        <ele>499.7</ele>
      </trkpt>
      <trkpt lat="29.737631" lon="-99.762473">
        <ele>499.6</ele>
      </trkpt>
      <trkpt lat="29.737631" lon="-99.762473">
        <ele>499.6</ele>
      </trkpt>
      <trkpt lat="29.73749" lon="-99.762537">
        <ele>499.7</ele>
      </trkpt>
      <trkpt lat="29.73749" lon="-99.762537">
        <ele>499.7</ele>
      </trkpt>
      <trkpt lat="29.737365" lon="-99.762535">
        <ele>499.8</ele>
      </trkpt>
      <trkpt lat="29.737365" lon="-99.762535">
        <ele>499.8</ele>
      </trkpt>
      <trkpt lat="29.737227" lon="-99.76258">
        <ele>499.9</ele>
      </trkpt>
      <trkpt lat="29.737227" lon="-99.76258">
        <ele>499.9</ele>
      </trkpt>
      <trkpt lat="29.737028" lon="-99.762444">
        <ele>499.5</ele>
      </trkpt>
      <trkpt lat="29.737028" lon="-99.762444">
        <ele>499.5</ele>
      </trkpt>
      <trkpt lat="29.736905" lon="-99.762559">
        <ele>499.8</ele>
      </trkpt>
      <trkpt lat="29.736905" lon="-99.762559">
        <ele>499.8</ele>
      </trkpt>
      <trkpt lat="29.736876" lon="-99.762747">
        <ele>500.4</ele>
      </trkpt>
      <trkpt lat="29.736876" lon="-99.762747">
        <ele>500.4</ele>
      </trkpt>
      <trkpt lat="29.737064" lon="-99.763098">
        <ele>501.7</ele>
      </trkpt>
      <trkpt lat="29.737064" lon="-99.763098">
        <ele>501.7</ele>
      </trkpt>
      <trkpt lat="29.737053" lon="-99.763208">
        <ele>502.1</ele>
      </trkpt>
      <trkpt lat="29.737053" lon="-99.763208">
        <ele>502.1</ele>
      </trkpt>
      <trkpt lat="29.737113" lon="-99.763425">
        <ele>502.9</ele>
      </trkpt>
      <trkpt lat="29.737113" lon="-99.763425">
        <ele>502.9</ele>
      </trkpt>
      <trkpt lat="29.737078" lon="-99.763527">
        <ele>503.3</ele>
      </trkpt>
      <trkpt lat="29.737078" lon="-99.763527">
        <ele>503.3</ele>
      </trkpt>
      <trkpt lat="29.736939" lon="-99.763736">
        <ele>503.9</ele>
      </trkpt>
      <trkpt lat="29.736939" lon="-99.763736">
        <ele>503.9</ele>
      </trkpt>
      <trkpt lat="29.73712" lon="-99.764326">
        <ele>506.8</ele>
      </trkpt>
      <trkpt lat="29.73712" lon="-99.764326">
        <ele>506.8</ele>
      </trkpt>
      <trkpt lat="29.737055" lon="-99.764557">
        <ele>508.1</ele>
      </trkpt>
      <trkpt lat="29.737055" lon="-99.764557">
        <ele>508.1</ele>
      </trkpt>
      <trkpt lat="29.737087" lon="-99.76468">
        <ele>508.8</ele>
      </trkpt>
      <trkpt lat="29.737087" lon="-99.76468">
        <ele>508.8</ele>
      </trkpt>
      <trkpt lat="29.736965" lon="-99.764855">
        <ele>509.6</ele>
      </trkpt>
      <trkpt lat="29.736965" lon="-99.764855">
        <ele>509.6</ele>
      </trkpt>
      <trkpt lat="29.736682" lon="-99.764868">
        <ele>509.5</ele>
      </trkpt>
      <trkpt lat="29.736682" lon="-99.764868">
        <ele>509.5</ele>
      </trkpt>
      <trkpt lat="29.736349" lon="-99.764943">
        <ele>509.6</ele>
      </trkpt>
      <trkpt lat="29.736349" lon="-99.764943">
        <ele>509.6</ele>
      </trkpt>
      <trkpt lat="29.735948" lon="-99.765022">
        <ele>509.4</ele>
      </trkpt>
      <trkpt lat="29.735948" lon="-99.765022">
        <ele>509.4</ele>
      </trkpt>
      <trkpt lat="29.735403" lon="-99.765311">
        <ele>510.3</ele>
      </trkpt>
      <trkpt lat="29.735403" lon="-99.765311">
        <ele>510.3</ele>
      </trkpt>
      <trkpt lat="29.735217" lon="-99.765372">
        <ele>510.2</ele>
      </trkpt>
      <trkpt lat="29.735217" lon="-99.765372">
        <ele>510.2</ele>
      </trkpt>
      <trkpt lat="29.734918" lon="-99.765399">
        <ele>509.5</ele>
      </trkpt>
      <trkpt lat="29.734918" lon="-99.765399">
        <ele>509.5</ele>
      </trkpt>
      <trkpt lat="29.73465" lon="-99.765516">
        <ele>509.5</ele>
      </trkpt>
      <trkpt lat="29.73465" lon="-99.765516">
        <ele>509.5</ele>
      </trkpt>
      <trkpt lat="29.734378" lon="-99.765631">
        <ele>509.1</ele>
      </trkpt>
      <trkpt lat="29.734378" lon="-99.765631">
        <ele>509.1</ele>
      </trkpt>
      <trkpt lat="29.734027" lon="-99.765867">
        <ele>509.1</ele>
      </trkpt>
      <trkpt lat="29.734027" lon="-99.765867">
        <ele>509.1</ele>
      </trkpt>
      <trkpt lat="29.733806" lon="-99.766062">
        <ele>509.4</ele>
      </trkpt>
      <trkpt lat="29.733806" lon="-99.766062">
        <ele>509.4</ele>
      </trkpt>
      <trkpt lat="29.733586" lon="-99.766153">
        <ele>508.9</ele>
      </trkpt>
      <trkpt lat="29.733586" lon="-99.766153">
        <ele>508.9</ele>
      </trkpt>
      <trkpt lat="29.733426" lon="-99.766102">
        <ele>508.0</ele>
      </trkpt>
      <trkpt lat="29.733426" lon="-99.766102">
        <ele>508.0</ele>
      </trkpt>
      <trkpt lat="29.733263" lon="-99.76611">
        <ele>507.4</ele>
      </trkpt>
      <trkpt lat="29.733263" lon="-99.76611">
        <ele>507.4</ele>
      </trkpt>
      <trkpt lat="29.733071" lon="-99.766091">
        <ele>506.6</ele>
      </trkpt>
      <trkpt lat="29.733071" lon="-99.766091">
        <ele>506.6</ele>
      </trkpt>
      <trkpt lat="29.732916" lon="-99.766121">
        <ele>506.2</ele>
      </trkpt>
      <trkpt lat="29.732916" lon="-99.766121">
        <ele>506.2</ele>
      </trkpt>
      <trkpt lat="29.732769" lon="-99.766223">
        <ele>506.2</ele>
      </trkpt>
      <trkpt lat="29.732769" lon="-99.766223">
        <ele>506.2</ele>
      </trkpt>
      <trkpt lat="29.7326" lon="-99.766287">
        <ele>505.9</ele>
      </trkpt>
      <trkpt lat="29.7326" lon="-99.766287">
        <ele>505.9</ele>
      </trkpt>
      <trkpt lat="29.732496" lon="-99.7664">
        <ele>506.0</ele>
      </trkpt>
      <trkpt lat="29.732496" lon="-99.7664">
        <ele>506.0</ele>
      </trkpt>
      <trkpt lat="29.732402" lon="-99.766416">
        <ele>505.8</ele>
      </trkpt>
      <trkpt lat="29.732402" lon="-99.766416">
        <ele>505.8</ele>
      </trkpt>
      <trkpt lat="29.732275" lon="-99.766362">
        <ele>505.2</ele>
      </trkpt>
      <trkpt lat="29.732275" lon="-99.766362">
        <ele>505.2</ele>
      </trkpt>
      <trkpt lat="29.732199" lon="-99.766394">
        <ele>505.1</ele>
      </trkpt>
      <trkpt lat="29.732199" lon="-99.766394">
        <ele>505.1</ele>
      </trkpt>
      <trkpt lat="29.732107" lon="-99.766512">
        <ele>505.3</ele>
      </trkpt>
      <trkpt lat="29.732107" lon="-99.766512">
        <ele>505.3</ele>
      </trkpt>
      <trkpt lat="29.731955" lon="-99.766596">
        <ele>505.2</ele>
      </trkpt>
      <trkpt lat="29.731955" lon="-99.766596">
        <ele>505.2</ele>
      </trkpt>
      <trkpt lat="29.731893" lon="-99.766708">
        <ele>505.4</ele>
      </trkpt>
      <trkpt lat="29.731893" lon="-99.766708">
        <ele>505.4</ele>
      </trkpt>
      <trkpt lat="29.731875" lon="-99.766866">
        <ele>505.9</ele>
      </trkpt>
      <trkpt lat="29.731875" lon="-99.766866">
        <ele>505.9</ele>
      </trkpt>
      <trkpt lat="29.731825" lon="-99.766992">
        <ele>506.1</ele>
      </trkpt>
      <trkpt lat="29.731825" lon="-99.766992">
        <ele>506.1</ele>
      </trkpt>
      <trkpt lat="29.731673" lon="-99.767102">
        <ele>505.9</ele>
      </trkpt>
      <trkpt lat="29.731673" lon="-99.767102">
        <ele>505.9</ele>
      </trkpt>
      <trkpt lat="29.731581" lon="-99.767027">
        <ele>505.4</ele>
      </trkpt>
      <trkpt lat="29.731581" lon="-99.767027">
        <ele>505.4</ele>
      </trkpt>
      <trkpt lat="29.731387" lon="-99.767002">
        <ele>504.9</ele>
      </trkpt>
      <trkpt lat="29.731387" lon="-99.767002">
        <ele>504.9</ele>
      </trkpt>
      <trkpt lat="29.731138" lon="-99.766922">
        <ele>504.2</ele>
      </trkpt>
      <trkpt lat="29.731138" lon="-99.766922">
        <ele>504.2</ele>
      </trkpt>
      <trkpt lat="29.730935" lon="-99.76697">
        <ele>503.9</ele>
      </trkpt>
      <trkpt lat="29.730935" lon="-99.76697">
        <ele>503.9</ele>
      </trkpt>
      <trkpt lat="29.730742" lon="-99.767168">
        <ele>503.6</ele>
      </trkpt>
      <trkpt lat="29.730742" lon="-99.767168">
        <ele>503.6</ele>
      </trkpt>
      <trkpt lat="29.730558" lon="-99.76705">
        <ele>502.9</ele>
      </trkpt>
      <trkpt lat="29.730558" lon="-99.76705">
        <ele>502.9</ele>
      </trkpt>
      <trkpt lat="29.730309" lon="-99.766991">
        <ele>502.1</ele>
      </trkpt>
      <trkpt lat="29.730309" lon="-99.766991">
        <ele>502.1</ele>
      </trkpt>
      <trkpt lat="29.730087" lon="-99.766841">
        <ele>501.2</ele>
      </trkpt>
      <trkpt lat="29.730087" lon="-99.766841">
        <ele>501.2</ele>
      </trkpt>
      <trkpt lat="29.729983" lon="-99.766696">
        <ele>500.7</ele>
      </trkpt>
      <trkpt lat="29.729983" lon="-99.766696">
        <ele>500.7</ele>
      </trkpt>
      <trkpt lat="29.729823" lon="-99.766573">
        <ele>500.0</ele>
      </trkpt>
      <trkpt lat="29.729823" lon="-99.766573">
        <ele>500.0</ele>
      </trkpt>
      <trkpt lat="29.729624" lon="-99.766498">
        <ele>499.5</ele>
      </trkpt>
      <trkpt lat="29.729624" lon="-99.766498">
        <ele>499.5</ele>
      </trkpt>
      <trkpt lat="29.729488" lon="-99.766514">
        <ele>499.1</ele>
      </trkpt>
      <trkpt lat="29.729488" lon="-99.766514">
        <ele>499.1</ele>
      </trkpt>
      <trkpt lat="29.72913" lon="-99.766386">
        <ele>497.9</ele>
      </trkpt>
      <trkpt lat="29.72913" lon="-99.766386">
        <ele>497.9</ele>
      </trkpt>
      <trkpt lat="29.728959" lon="-99.766343">
        <ele>497.3</ele>
      </trkpt>
      <trkpt lat="29.728959" lon="-99.766343">
        <ele>497.3</ele>
      </trkpt>
      <trkpt lat="29.728753" lon="-99.766164">
        <ele>496.3</ele>
      </trkpt>
      <trkpt lat="29.728753" lon="-99.766164">
        <ele>496.3</ele>
      </trkpt>
      <trkpt lat="29.728372" lon="-99.766081">
        <ele>495.1</ele>
      </trkpt>
      <trkpt lat="29.728372" lon="-99.766081">
        <ele>495.1</ele>
      </trkpt>
      <trkpt lat="29.728194" lon="-99.765945">
        <ele>494.6</ele>
      </trkpt>
      <trkpt lat="29.728194" lon="-99.765945">
        <ele>494.6</ele>
      </trkpt>
      <trkpt lat="29.727895" lon="-99.765765">
        <ele>493.9</ele>
      </trkpt>
      <trkpt lat="29.727895" lon="-99.765765">
        <ele>493.9</ele>
      </trkpt>
      <trkpt lat="29.727689" lon="-99.765711">
        <ele>493.5</ele>
      </trkpt>
      <trkpt lat="29.727689" lon="-99.765711">
        <ele>493.5</ele>
      </trkpt>
      <trkpt lat="29.727549" lon="-99.765591">
        <ele>493.2</ele>
      </trkpt>
      <trkpt lat="29.727549" lon="-99.765591">
        <ele>493.2</ele>
      </trkpt>
      <trkpt lat="29.727431" lon="-99.765417">
        <ele>492.8</ele>
      </trkpt>
      <trkpt lat="29.727431" lon="-99.765417">
        <ele>492.8</ele>
      </trkpt>
      <trkpt lat="29.727167" lon="-99.765191">
        <ele>492.2</ele>
      </trkpt>
      <trkpt lat="29.727167" lon="-99.765191">
        <ele>492.2</ele>
      </trkpt>
      <trkpt lat="29.727107" lon="-99.765055">
        <ele>491.9</ele>
      </trkpt>
      <trkpt lat="29.727107" lon="-99.765055">
        <ele>491.9</ele>
      </trkpt>
      <trkpt lat="29.727069" lon="-99.764979">
        <ele>491.7</ele>
      </trkpt>
      <trkpt lat="29.727069" lon="-99.764979">
        <ele>491.7</ele>
      </trkpt>
      <trkpt lat="29.727058" lon="-99.764888">
        <ele>491.6</ele>
      </trkpt>
      <trkpt lat="29.727058" lon="-99.764888">
        <ele>491.6</ele>
      </trkpt>
      <trkpt lat="29.727104" lon="-99.764719">
        <ele>491.5</ele>
      </trkpt>
      <trkpt lat="29.727104" lon="-99.764719">
        <ele>491.5</ele>
      </trkpt>
      <trkpt lat="29.727119" lon="-99.764422">
        <ele>491.3</ele>
      </trkpt>
      <trkpt lat="29.727119" lon="-99.764422">
        <ele>491.3</ele>
      </trkpt>
      <trkpt lat="29.727067" lon="-99.764137">
        <ele>491.0</ele>
      </trkpt>
      <trkpt lat="29.727067" lon="-99.764137">
        <ele>491.0</ele>
      </trkpt>
      <trkpt lat="29.726905" lon="-99.763628">
        <ele>490.6</ele>
      </trkpt>
      <trkpt lat="29.72689" lon="-99.76357">
        <ele>490.5</ele>
      </trkpt>
      <trkpt lat="29.72675" lon="-99.7628">
        <ele>489.5</ele>
      </trkpt>
      <trkpt lat="29.72675" lon="-99.7628">
        <ele>489.5</ele>
      </trkpt>
      <trkpt lat="29.72672" lon="-99.76262">
        <ele>489.2</ele>
      </trkpt>
      <trkpt lat="29.72669" lon="-99.76247">
        <ele>488.9</ele>
      </trkpt>
      <trkpt lat="29.72669" lon="-99.76247">
        <ele>488.9</ele>
      </trkpt>
      <trkpt lat="29.72655" lon="-99.76166">
        <ele>487.6</ele>
      </trkpt>
      <trkpt lat="29.72655" lon="-99.76166">
        <ele>487.6</ele>
      </trkpt>
      <trkpt lat="29.72637" lon="-99.76169">
        <ele>487.5</ele>
      </trkpt>
      <trkpt lat="29.72637" lon="-99.76169">
        <ele>487.5</ele>
      </trkpt>
      <trkpt lat="29.72608" lon="-99.76174">
        <ele>487.4</ele>
      </trkpt>
      <trkpt lat="29.72572" lon="-99.76181">
        <ele>487.4</ele>
      </trkpt>
      <trkpt lat="29.72498" lon="-99.76194">
        <ele>487.3</ele>
      </trkpt>
      <trkpt lat="29.72422" lon="-99.76208">
        <ele>486.6</ele>
      </trkpt>
      <trkpt lat="29.7239" lon="-99.76214">
        <ele>486.2</ele>
      </trkpt>
      <trkpt lat="29.7239" lon="-99.76214">
        <ele>486.2</ele>
      </trkpt>
      <trkpt lat="29.72387" lon="-99.76214">
        <ele>486.2</ele>
      </trkpt>
      <trkpt lat="29.72369" lon="-99.76217">
        <ele>485.8</ele>
      </trkpt>
      <trkpt lat="29.72351" lon="-99.76221">
        <ele>485.1</ele>
      </trkpt>
      <trkpt lat="29.72333" lon="-99.76224">
        <ele>484.4</ele>
      </trkpt>
      <trkpt lat="29.72326" lon="-99.76224">
        <ele>484.1</ele>
      </trkpt>
      <trkpt lat="29.72321" lon="-99.76223">
        <ele>483.8</ele>
      </trkpt>
      <trkpt lat="29.72319" lon="-99.76223">
        <ele>483.7</ele>
      </trkpt>
      <trkpt lat="29.72315" lon="-99.76222">
        <ele>483.4</ele>
      </trkpt>
      <trkpt lat="29.72311" lon="-99.76221">
        <ele>483.2</ele>
      </trkpt>
      <trkpt lat="29.72309" lon="-99.7622">
        <ele>483.1</ele>
      </trkpt>
      <trkpt lat="29.72304" lon="-99.76217">
        <ele>482.8</ele>
      </trkpt>
      <trkpt lat="29.72299" lon="-99.76213">
        <ele>482.7</ele>
      </trkpt>
      <trkpt lat="29.72297" lon="-99.76211">
        <ele>482.6</ele>
      </trkpt>
      <trkpt lat="29.72271" lon="-99.76187">
        <ele>482.5</ele>
      </trkpt>
      <trkpt lat="29.72238" lon="-99.76155">
        <ele>483.4</ele>
      </trkpt>
      <trkpt lat="29.72236" lon="-99.76148">
        <ele>483.3</ele>
      </trkpt>
      <trkpt lat="29.72231" lon="-99.76135">
        <ele>483.0</ele>
      </trkpt>
      <trkpt lat="29.72225" lon="-99.76124">
        <ele>482.9</ele>
      </trkpt>
      <trkpt lat="29.72211" lon="-99.76102">
        <ele>482.8</ele>
      </trkpt>
      <trkpt lat="29.722" lon="-99.76086">
        <ele>483.0</ele>
      </trkpt>
      <trkpt lat="29.72198" lon="-99.76083">
        <ele>483.1</ele>
      </trkpt>
      <trkpt lat="29.72192" lon="-99.76079">
        <ele>483.5</ele>
      </trkpt>
      <trkpt lat="29.72187" lon="-99.76077">
        <ele>483.9</ele>
      </trkpt>
      <trkpt lat="29.7213" lon="-99.7607">
        <ele>488.2</ele>
      </trkpt>
      <trkpt lat="29.72112" lon="-99.76068">
        <ele>488.2</ele>
      </trkpt>
      <trkpt lat="29.72083" lon="-99.76064">
        <ele>488.6</ele>
      </trkpt>
      <trkpt lat="29.72053" lon="-99.76062">
        <ele>488.8</ele>
      </trkpt>
      <trkpt lat="29.72013" lon="-99.76057">
        <ele>488.6</ele>
      </trkpt>
      <trkpt lat="29.72007" lon="-99.76056">
        <ele>488.6</ele>
      </trkpt>
      <trkpt lat="29.71996" lon="-99.76055">
        <ele>488.7</ele>
      </trkpt>
      <trkpt lat="29.71946" lon="-99.76049">
        <ele>488.4</ele>
      </trkpt>
      <trkpt lat="29.71934" lon="-99.76047">
        <ele>488.3</ele>
      </trkpt>
      <trkpt lat="29.71926" lon="-99.76046">
        <ele>488.2</ele>
      </trkpt>
      <trkpt lat="29.71925" lon="-99.76046">
        <ele>488.2</ele>
      </trkpt>
      <trkpt lat="29.71883" lon="-99.76041">
        <ele>488.1</ele>
      </trkpt>
      <trkpt lat="29.71849" lon="-99.76036">
        <ele>487.5</ele>
      </trkpt>
      <trkpt lat="29.71847" lon="-99.76036">
        <ele>487.4</ele>
      </trkpt>
      <trkpt lat="29.71796" lon="-99.76029">
        <ele>485.0</ele>
      </trkpt>
      <trkpt lat="29.71766" lon="-99.76024">
        <ele>483.9</ele>
      </trkpt>
      <trkpt lat="29.71755" lon="-99.76023">
        <ele>483.4</ele>
      </trkpt>
      <trkpt lat="29.71748" lon="-99.76022">
        <ele>483.1</ele>
      </trkpt>
      <trkpt lat="29.71741" lon="-99.76021">
        <ele>482.8</ele>
      </trkpt>
      <trkpt lat="29.71712" lon="-99.76017">
        <ele>481.5</ele>
      </trkpt>
      <trkpt lat="29.71705" lon="-99.76016">
        <ele>481.2</ele>
      </trkpt>
      <trkpt lat="29.71694" lon="-99.76014">
        <ele>480.8</ele>
      </trkpt>
      <trkpt lat="29.71668" lon="-99.7601">
        <ele>480.0</ele>
      </trkpt>
      <trkpt lat="29.71654" lon="-99.76008">
        <ele>479.7</ele>
      </trkpt>
      <trkpt lat="29.71654" lon="-99.76008">
        <ele>479.7</ele>
      </trkpt>
      <trkpt lat="29.71639" lon="-99.76006">
        <ele>479.2</ele>
      </trkpt>
      <trkpt lat="29.71623" lon="-99.76007">
        <ele>479.0</ele>
      </trkpt>
      <trkpt lat="29.71616" lon="-99.76007">
        <ele>478.9</ele>
      </trkpt>
      <trkpt lat="29.71595" lon="-99.76008">
        <ele>478.8</ele>
      </trkpt>
      <trkpt lat="29.7158" lon="-99.76011">
        <ele>478.8</ele>
      </trkpt>
      <trkpt lat="29.71575" lon="-99.76012">
        <ele>478.8</ele>
      </trkpt>
      <trkpt lat="29.71562" lon="-99.76016">
        <ele>478.9</ele>
      </trkpt>
      <trkpt lat="29.71543" lon="-99.76026">
        <ele>479.2</ele>
      </trkpt>
      <trkpt lat="29.71534" lon="-99.76031">
        <ele>479.3</ele>
      </trkpt>
      <trkpt lat="29.71518" lon="-99.76041">
        <ele>479.7</ele>
      </trkpt>
      <trkpt lat="29.7146" lon="-99.76041">
        <ele>479.9</ele>
      </trkpt>
      <trkpt lat="29.7146" lon="-99.76041">
        <ele>479.9</ele>
      </trkpt>
      <trkpt lat="29.71455" lon="-99.76039">
        <ele>480.0</ele>
      </trkpt>
      <trkpt lat="29.7145" lon="-99.76037">
        <ele>480.0</ele>
      </trkpt>
      <trkpt lat="29.71444" lon="-99.76035">
        <ele>480.1</ele>
      </trkpt>
      <trkpt lat="29.71438" lon="-99.76034">
        <ele>480.1</ele>
      </trkpt>
      <trkpt lat="29.71436" lon="-99.76033">
        <ele>480.1</ele>
      </trkpt>
      <trkpt lat="29.71434" lon="-99.76033">
        <ele>480.1</ele>
      </trkpt>
      <trkpt lat="29.71428" lon="-99.76032">
        <ele>480.1</ele>
      </trkpt>
      <trkpt lat="29.7142" lon="-99.76031">
        <ele>480.0</ele>
      </trkpt>
      <trkpt lat="29.71407" lon="-99.76029">
        <ele>480.0</ele>
      </trkpt>
      <trkpt lat="29.7138" lon="-99.76026">
        <ele>479.8</ele>
      </trkpt>
      <trkpt lat="29.71368" lon="-99.76024">
        <ele>479.6</ele>
      </trkpt>
      <trkpt lat="29.71344" lon="-99.76021">
        <ele>479.3</ele>
      </trkpt>
      <trkpt lat="29.71292" lon="-99.76015">
        <ele>478.6</ele>
      </trkpt>
      <trkpt lat="29.7126" lon="-99.76012">
        <ele>478.3</ele>
      </trkpt>
      <trkpt lat="29.7126" lon="-99.76012">
        <ele>478.3</ele>
      </trkpt>
      <trkpt lat="29.71207" lon="-99.76006">
        <ele>477.9</ele>
      </trkpt>
      <trkpt lat="29.71185" lon="-99.76003">
        <ele>477.8</ele>
      </trkpt>
      <trkpt lat="29.71159" lon="-99.75999">
        <ele>477.6</ele>
      </trkpt>
      <trkpt lat="29.71129" lon="-99.75995">
        <ele>477.6</ele>
      </trkpt>
      <trkpt lat="29.71082" lon="-99.75987">
        <ele>477.9</ele>
      </trkpt>
      <trkpt lat="29.71065" lon="-99.75984">
        <ele>478.1</ele>
      </trkpt>
      <trkpt lat="29.71047" lon="-99.75981">
        <ele>478.4</ele>
      </trkpt>
      <trkpt lat="29.71045" lon="-99.75981">
        <ele>478.4</ele>
      </trkpt>
      <trkpt lat="29.71029" lon="-99.75978">
        <ele>478.9</ele>
      </trkpt>
      <trkpt lat="29.70997" lon="-99.75973">
        <ele>479.9</ele>
      </trkpt>
      <trkpt lat="29.70958" lon="-99.75967">
        <ele>481.3</ele>
      </trkpt>
      <trkpt lat="29.70957" lon="-99.75967">
        <ele>481.3</ele>
      </trkpt>
      <trkpt lat="29.7094" lon="-99.75964">
        <ele>481.9</ele>
      </trkpt>
      <trkpt lat="29.70938" lon="-99.75964">
        <ele>482.0</ele>
      </trkpt>
      <trkpt lat="29.70908" lon="-99.75959">
        <ele>482.6</ele>
      </trkpt>
      <trkpt lat="29.70871" lon="-99.75952">
        <ele>482.9</ele>
      </trkpt>
      <trkpt lat="29.70803" lon="-99.75941">
        <ele>483.0</ele>
      </trkpt>
      <trkpt lat="29.70761" lon="-99.75934">
        <ele>482.7</ele>
      </trkpt>
      <trkpt lat="29.70747" lon="-99.75932">
        <ele>482.6</ele>
      </trkpt>
      <trkpt lat="29.70736" lon="-99.75929">
        <ele>482.5</ele>
      </trkpt>
      <trkpt lat="29.70727" lon="-99.75927">
        <ele>482.5</ele>
      </trkpt>
      <trkpt lat="29.70715" lon="-99.75923">
        <ele>482.3</ele>
      </trkpt>
      <trkpt lat="29.7071" lon="-99.75922">
        <ele>482.3</ele>
      </trkpt>
      <trkpt lat="29.70705" lon="-99.7592">
        <ele>482.2</ele>
      </trkpt>
      <trkpt lat="29.70696" lon="-99.75916">
        <ele>482.1</ele>
      </trkpt>
      <trkpt lat="29.70689" lon="-99.75914">
        <ele>482.0</ele>
      </trkpt>
      <trkpt lat="29.70681" lon="-99.75909">
        <ele>481.9</ele>
      </trkpt>
      <trkpt lat="29.70671" lon="-99.75904">
        <ele>481.8</ele>
      </trkpt>
      <trkpt lat="29.70661" lon="-99.75898">
        <ele>481.6</ele>
      </trkpt>
      <trkpt lat="29.70654" lon="-99.75893">
        <ele>481.3</ele>
      </trkpt>
      <trkpt lat="29.70646" lon="-99.75887">
        <ele>481.0</ele>
      </trkpt>
      <trkpt lat="29.70638" lon="-99.75881">
        <ele>480.7</ele>
      </trkpt>
      <trkpt lat="29.70628" lon="-99.75873">
        <ele>480.4</ele>
      </trkpt>
      <trkpt lat="29.70621" lon="-99.75866">
        <ele>480.1</ele>
      </trkpt>
      <trkpt lat="29.70612" lon="-99.75858">
        <ele>479.7</ele>
      </trkpt>
      <trkpt lat="29.70606" lon="-99.75851">
        <ele>479.3</ele>
      </trkpt>
      <trkpt lat="29.70601" lon="-99.75846">
        <ele>479.1</ele>
      </trkpt>
      <trkpt lat="29.70596" lon="-99.7584">
        <ele>478.8</ele>
      </trkpt>
      <trkpt lat="29.70591" lon="-99.75833">
        <ele>478.5</ele>
      </trkpt>
      <trkpt lat="29.70584" lon="-99.75824">
        <ele>478.1</ele>
      </trkpt>
      <trkpt lat="29.70577" lon="-99.75813">
        <ele>477.7</ele>
      </trkpt>
      <trkpt lat="29.70571" lon="-99.75804">
        <ele>477.4</ele>
      </trkpt>
      <trkpt lat="29.70552" lon="-99.75767">
        <ele>476.8</ele>
      </trkpt>
      <trkpt lat="29.7054" lon="-99.75739">
        <ele>476.3</ele>
      </trkpt>
      <trkpt lat="29.70534" lon="-99.75726">
        <ele>476.0</ele>
      </trkpt>
      <trkpt lat="29.70522" lon="-99.75701">
        <ele>475.5</ele>
      </trkpt>
      <trkpt lat="29.7051" lon="-99.75676">
        <ele>475.3</ele>
      </trkpt>
      <trkpt lat="29.70505" lon="-99.75667">
        <ele>475.2</ele>
      </trkpt>
      <trkpt lat="29.70501" lon="-99.75658">
        <ele>475.1</ele>
      </trkpt>
      <trkpt lat="29.70495" lon="-99.75649">
        <ele>475.0</ele>
      </trkpt>
      <trkpt lat="29.70487" lon="-99.75635">
        <ele>474.8</ele>
      </trkpt>
      <trkpt lat="29.70485" lon="-99.75632">
        <ele>474.8</ele>
      </trkpt>
      <trkpt lat="29.70474" lon="-99.75615">
        <ele>474.5</ele>
      </trkpt>
      <trkpt lat="29.70469" lon="-99.75608">
        <ele>474.4</ele>
      </trkpt>
      <trkpt lat="29.70463" lon="-99.75599">
        <ele>474.3</ele>
      </trkpt>
      <trkpt lat="29.70452" lon="-99.75583">
        <ele>474.0</ele>
      </trkpt>
      <trkpt lat="29.70446" lon="-99.75574">
        <ele>473.9</ele>
      </trkpt>
      <trkpt lat="29.70428" lon="-99.75552">
        <ele>473.6</ele>
      </trkpt>
      <trkpt lat="29.70415" lon="-99.75535">
        <ele>473.4</ele>
      </trkpt>
      <trkpt lat="29.70395" lon="-99.75511">
        <ele>473.0</ele>
      </trkpt>
      <trkpt lat="29.70378" lon="-99.75494">
        <ele>472.8</ele>
      </trkpt>
      <trkpt lat="29.70377" lon="-99.75494">
        <ele>472.8</ele>
      </trkpt>
      <trkpt lat="29.70368" lon="-99.75488">
        <ele>472.7</ele>
      </trkpt>
      <trkpt lat="29.70358" lon="-99.75481">
        <ele>472.6</ele>
      </trkpt>
      <trkpt lat="29.70345" lon="-99.75475">
        <ele>472.6</ele>
      </trkpt>
      <trkpt lat="29.70333" lon="-99.7547">
        <ele>472.5</ele>
      </trkpt>
      <trkpt lat="29.70318" lon="-99.75465">
        <ele>472.5</ele>
      </trkpt>
      <trkpt lat="29.70289" lon="-99.75456">
        <ele>472.4</ele>
      </trkpt>
      <trkpt lat="29.70249" lon="-99.75444">
        <ele>472.3</ele>
      </trkpt>
      <trkpt lat="29.70144" lon="-99.75414">
        <ele>471.9</ele>
      </trkpt>
      <trkpt lat="29.70123" lon="-99.75409">
        <ele>471.8</ele>
      </trkpt>
      <trkpt lat="29.70074" lon="-99.75394">
        <ele>471.7</ele>
      </trkpt>
      <trkpt lat="29.70035" lon="-99.75383">
        <ele>471.5</ele>
      </trkpt>
      <trkpt lat="29.70006" lon="-99.75375">
        <ele>471.4</ele>
      </trkpt>
      <trkpt lat="29.69917" lon="-99.75349">
        <ele>470.9</ele>
      </trkpt>
      <trkpt lat="29.69795" lon="-99.75314">
        <ele>469.7</ele>
      </trkpt>
      <trkpt lat="29.69748" lon="-99.75301">
        <ele>469.5</ele>
      </trkpt>
      <trkpt lat="29.69729" lon="-99.75297">
        <ele>469.5</ele>
      </trkpt>
      <trkpt lat="29.69717" lon="-99.75295">
        <ele>469.5</ele>
      </trkpt>
      <trkpt lat="29.69704" lon="-99.75294">
        <ele>469.5</ele>
      </trkpt>
      <trkpt lat="29.69693" lon="-99.75296">
        <ele>469.4</ele>
      </trkpt>
      <trkpt lat="29.69689" lon="-99.75296">
        <ele>469.4</ele>
      </trkpt>
      <trkpt lat="29.69682" lon="-99.75297">
        <ele>469.3</ele>
      </trkpt>
      <trkpt lat="29.69674" lon="-99.75299">
        <ele>469.2</ele>
      </trkpt>
      <trkpt lat="29.69671" lon="-99.753">
        <ele>469.2</ele>
      </trkpt>
      <trkpt lat="29.69663" lon="-99.75303">
        <ele>469.1</ele>
      </trkpt>
      <trkpt lat="29.69654" lon="-99.75307">
        <ele>469.0</ele>
      </trkpt>
      <trkpt lat="29.69645" lon="-99.75312">
        <ele>468.8</ele>
      </trkpt>
      <trkpt lat="29.6964" lon="-99.75316">
        <ele>468.7</ele>
      </trkpt>
      <trkpt lat="29.69632" lon="-99.75321">
        <ele>468.6</ele>
      </trkpt>
      <trkpt lat="29.69628" lon="-99.75325">
        <ele>468.6</ele>
      </trkpt>
      <trkpt lat="29.69621" lon="-99.75331">
        <ele>468.4</ele>
      </trkpt>
      <trkpt lat="29.69609" lon="-99.75342">
        <ele>468.3</ele>
      </trkpt>
      <trkpt lat="29.69596" lon="-99.75355">
        <ele>468.1</ele>
      </trkpt>
      <trkpt lat="29.69592" lon="-99.75359">
        <ele>468.1</ele>
      </trkpt>
      <trkpt lat="29.69586" lon="-99.75365">
        <ele>468.0</ele>
      </trkpt>
      <trkpt lat="29.69583" lon="-99.75368">
        <ele>468.0</ele>
      </trkpt>
      <trkpt lat="29.69573" lon="-99.75377">
        <ele>467.8</ele>
      </trkpt>
      <trkpt lat="29.69569" lon="-99.75382">
        <ele>467.8</ele>
      </trkpt>
      <trkpt lat="29.69568" lon="-99.75382">
        <ele>467.8</ele>
      </trkpt>
      <trkpt lat="29.69559" lon="-99.75391">
        <ele>467.7</ele>
      </trkpt>
      <trkpt lat="29.69555" lon="-99.75396">
        <ele>467.6</ele>
      </trkpt>
      <trkpt lat="29.69547" lon="-99.75403">
        <ele>467.5</ele>
      </trkpt>
      <trkpt lat="29.69535" lon="-99.75413">
        <ele>467.3</ele>
      </trkpt>
      <trkpt lat="29.69529" lon="-99.75418">
        <ele>467.2</ele>
      </trkpt>
      <trkpt lat="29.69523" lon="-99.75422">
        <ele>467.1</ele>
      </trkpt>
      <trkpt lat="29.69515" lon="-99.75425">
        <ele>466.9</ele>
      </trkpt>
      <trkpt lat="29.69508" lon="-99.75429">
        <ele>466.8</ele>
      </trkpt>
      <trkpt lat="29.69496" lon="-99.75431">
        <ele>466.6</ele>
      </trkpt>
      <trkpt lat="29.69492" lon="-99.75431">
        <ele>466.5</ele>
      </trkpt>
      <trkpt lat="29.69487" lon="-99.75432">
        <ele>466.4</ele>
      </trkpt>
      <trkpt lat="29.69476" lon="-99.75431">
        <ele>466.3</ele>
      </trkpt>
      <trkpt lat="29.69463" lon="-99.75428">
        <ele>466.1</ele>
      </trkpt>
      <trkpt lat="29.69436" lon="-99.7542">
        <ele>465.6</ele>
      </trkpt>
      <trkpt lat="29.69424" lon="-99.75416">
        <ele>465.6</ele>
      </trkpt>
      <trkpt lat="29.69411" lon="-99.75412">
        <ele>465.8</ele>
      </trkpt>
      <trkpt lat="29.69394" lon="-99.75407">
        <ele>465.9</ele>
      </trkpt>
      <trkpt lat="29.69354" lon="-99.75395">
        <ele>466.3</ele>
      </trkpt>
      <trkpt lat="29.69327" lon="-99.75385">
        <ele>466.8</ele>
      </trkpt>
      <trkpt lat="29.69325" lon="-99.75384">
        <ele>466.9</ele>
      </trkpt>
      <trkpt lat="29.69312" lon="-99.75378">
        <ele>467.2</ele>
      </trkpt>
      <trkpt lat="29.69292" lon="-99.75366">
        <ele>467.7</ele>
      </trkpt>
      <trkpt lat="29.6926" lon="-99.75344">
        <ele>468.4</ele>
      </trkpt>
      <trkpt lat="29.69209" lon="-99.75308">
        <ele>468.3</ele>
      </trkpt>
      <trkpt lat="29.69194" lon="-99.75297">
        <ele>468.1</ele>
      </trkpt>
      <trkpt lat="29.69188" lon="-99.75293">
        <ele>468.0</ele>
      </trkpt>
      <trkpt lat="29.69178" lon="-99.75286">
        <ele>467.8</ele>
      </trkpt>
      <trkpt lat="29.69173" lon="-99.75281">
        <ele>467.8</ele>
      </trkpt>
      <trkpt lat="29.6916" lon="-99.75272">
        <ele>467.6</ele>
      </trkpt>
      <trkpt lat="29.69115" lon="-99.75239">
        <ele>466.7</ele>
      </trkpt>
      <trkpt lat="29.69099" lon="-99.75226">
        <ele>466.4</ele>
      </trkpt>
      <trkpt lat="29.69078" lon="-99.75209">
        <ele>466.1</ele>
      </trkpt>
      <trkpt lat="29.69074" lon="-99.75205">
        <ele>466.0</ele>
      </trkpt>
      <trkpt lat="29.69058" lon="-99.75189">
        <ele>465.8</ele>
      </trkpt>
      <trkpt lat="29.69047" lon="-99.75178">
        <ele>465.7</ele>
      </trkpt>
      <trkpt lat="29.69008" lon="-99.75134">
        <ele>465.6</ele>
      </trkpt>
      <trkpt lat="29.6897" lon="-99.75091">
        <ele>465.7</ele>
      </trkpt>
      <trkpt lat="29.68957" lon="-99.75077">
        <ele>465.8</ele>
      </trkpt>
      <trkpt lat="29.68943" lon="-99.75061">
        <ele>465.8</ele>
      </trkpt>
      <trkpt lat="29.68885" lon="-99.74996">
        <ele>466.1</ele>
      </trkpt>
      <trkpt lat="29.68857" lon="-99.74966">
        <ele>466.2</ele>
      </trkpt>
      <trkpt lat="29.68827" lon="-99.74934">
        <ele>466.4</ele>
      </trkpt>
      <trkpt lat="29.68751" lon="-99.74866">
        <ele>466.8</ele>
      </trkpt>
      <trkpt lat="29.6874" lon="-99.74857">
        <ele>466.9</ele>
      </trkpt>
      <trkpt lat="29.68654" lon="-99.74782">
        <ele>467.4</ele>
      </trkpt>
      <trkpt lat="29.68643" lon="-99.74772">
        <ele>467.6</ele>
      </trkpt>
      <trkpt lat="29.6864" lon="-99.74769">
        <ele>467.7</ele>
      </trkpt>
      <trkpt lat="29.68625" lon="-99.74757">
        <ele>467.8</ele>
      </trkpt>
      <trkpt lat="29.68607" lon="-99.74742">
        <ele>468.2</ele>
      </trkpt>
      <trkpt lat="29.68581" lon="-99.74723">
        <ele>468.4</ele>
      </trkpt>
      <trkpt lat="29.68507" lon="-99.7467">
        <ele>470.6</ele>
      </trkpt>
      <trkpt lat="29.68446" lon="-99.74626">
        <ele>472.0</ele>
      </trkpt>
      <trkpt lat="29.68388" lon="-99.74585">
        <ele>472.8</ele>
      </trkpt>
      <trkpt lat="29.68385" lon="-99.74582">
        <ele>472.8</ele>
      </trkpt>
      <trkpt lat="29.68373" lon="-99.74574">
        <ele>472.8</ele>
      </trkpt>
      <trkpt lat="29.6837" lon="-99.74571">
        <ele>472.8</ele>
      </trkpt>
      <trkpt lat="29.6832" lon="-99.74535">
        <ele>472.2</ele>
      </trkpt>
      <trkpt lat="29.68312" lon="-99.7453">
        <ele>472.0</ele>
      </trkpt>
      <trkpt lat="29.68275" lon="-99.74503">
        <ele>471.2</ele>
      </trkpt>
      <trkpt lat="29.68229" lon="-99.74471">
        <ele>471.5</ele>
      </trkpt>
      <trkpt lat="29.68219" lon="-99.74464">
        <ele>471.4</ele>
      </trkpt>
      <trkpt lat="29.68213" lon="-99.7446">
        <ele>471.3</ele>
      </trkpt>
      <trkpt lat="29.6819" lon="-99.74442">
        <ele>470.9</ele>
      </trkpt>
      <trkpt lat="29.68168" lon="-99.74427">
        <ele>470.6</ele>
      </trkpt>
      <trkpt lat="29.68156" lon="-99.74418">
        <ele>470.4</ele>
      </trkpt>
      <trkpt lat="29.68152" lon="-99.74416">
        <ele>470.3</ele>
      </trkpt>
      <trkpt lat="29.6813" lon="-99.744">
        <ele>469.5</ele>
      </trkpt>
      <trkpt lat="29.68117" lon="-99.74392">
        <ele>469.4</ele>
      </trkpt>
      <trkpt lat="29.68105" lon="-99.74385">
        <ele>469.2</ele>
      </trkpt>
      <trkpt lat="29.68103" lon="-99.74384">
        <ele>469.1</ele>
      </trkpt>
      <trkpt lat="29.68093" lon="-99.74379">
        <ele>468.7</ele>
      </trkpt>
      <trkpt lat="29.68089" lon="-99.74377">
        <ele>468.4</ele>
      </trkpt>
      <trkpt lat="29.68087" lon="-99.74376">
        <ele>468.2</ele>
      </trkpt>
      <trkpt lat="29.68076" lon="-99.74372">
        <ele>467.4</ele>
      </trkpt>
      <trkpt lat="29.68055" lon="-99.74365">
        <ele>465.9</ele>
      </trkpt>
      <trkpt lat="29.68037" lon="-99.74358">
        <ele>464.9</ele>
      </trkpt>
      <trkpt lat="29.6802" lon="-99.74353">
        <ele>463.8</ele>
      </trkpt>
      <trkpt lat="29.68009" lon="-99.7435">
        <ele>463.2</ele>
      </trkpt>
      <trkpt lat="29.68003" lon="-99.74346">
        <ele>462.9</ele>
      </trkpt>
      <trkpt lat="29.67986" lon="-99.74339">
        <ele>462.2</ele>
      </trkpt>
      <trkpt lat="29.67971" lon="-99.74328">
        <ele>463.3</ele>
      </trkpt>
      <trkpt lat="29.67962" lon="-99.74321">
        <ele>464.8</ele>
      </trkpt>
      <trkpt lat="29.67958" lon="-99.74316">
        <ele>465.4</ele>
      </trkpt>
      <trkpt lat="29.67947" lon="-99.74305">
        <ele>466.2</ele>
      </trkpt>
      <trkpt lat="29.67947" lon="-99.74305">
        <ele>466.2</ele>
      </trkpt>
      <trkpt lat="29.67955" lon="-99.74293">
        <ele>467.5</ele>
      </trkpt>
      <trkpt lat="29.67965" lon="-99.74275">
        <ele>468.9</ele>
      </trkpt>
      <trkpt lat="29.67975" lon="-99.74258">
        <ele>470.0</ele>
      </trkpt>
      <trkpt lat="29.67982" lon="-99.74246">
        <ele>470.4</ele>
      </trkpt>
      <trkpt lat="29.67995" lon="-99.74224">
        <ele>471.2</ele>
      </trkpt>
      <trkpt lat="29.67999" lon="-99.74218">
        <ele>471.4</ele>
      </trkpt>
      <trkpt lat="29.68005" lon="-99.74208">
        <ele>471.7</ele>
      </trkpt>
      <trkpt lat="29.68005" lon="-99.74207">
        <ele>471.8</ele>
      </trkpt>
      <trkpt lat="29.68012" lon="-99.74192">
        <ele>472.6</ele>
      </trkpt>
      <trkpt lat="29.68014" lon="-99.74189">
        <ele>472.8</ele>
      </trkpt>
      <trkpt lat="29.68019" lon="-99.74176">
        <ele>473.6</ele>
      </trkpt>
      <trkpt lat="29.68025" lon="-99.74158">
        <ele>474.5</ele>
      </trkpt>
      <trkpt lat="29.6803" lon="-99.7414">
        <ele>475.4</ele>
      </trkpt>
      <trkpt lat="29.68033" lon="-99.74122">
        <ele>476.1</ele>
      </trkpt>
      <trkpt lat="29.68036" lon="-99.74104">
        <ele>476.7</ele>
      </trkpt>
      <trkpt lat="29.68038" lon="-99.74085">
        <ele>477.3</ele>
      </trkpt>
      <trkpt lat="29.68042" lon="-99.74048">
        <ele>478.5</ele>
      </trkpt>
      <trkpt lat="29.68044" lon="-99.74028">
        <ele>479.1</ele>
      </trkpt>
      <trkpt lat="29.68048" lon="-99.73987">
        <ele>480.1</ele>
      </trkpt>
      <trkpt lat="29.6805" lon="-99.73966">
        <ele>480.7</ele>
      </trkpt>
      <trkpt lat="29.68052" lon="-99.73946">
        <ele>481.3</ele>
      </trkpt>
      <trkpt lat="29.68054" lon="-99.73928">
        <ele>481.9</ele>
      </trkpt>
      <trkpt lat="29.68063" lon="-99.73871">
        <ele>484.0</ele>
      </trkpt>
      <trkpt lat="29.68068" lon="-99.73844">
        <ele>485.0</ele>
      </trkpt>
      <trkpt lat="29.68081" lon="-99.73783">
        <ele>487.6</ele>
      </trkpt>
      <trkpt lat="29.68083" lon="-99.73771">
        <ele>488.2</ele>
      </trkpt>
      <trkpt lat="29.68085" lon="-99.7375">
        <ele>489.2</ele>
      </trkpt>
      <trkpt lat="29.68085" lon="-99.73742">
        <ele>489.4</ele>
      </trkpt>
      <trkpt lat="29.68086" lon="-99.73732">
        <ele>489.7</ele>
      </trkpt>
      <trkpt lat="29.68083" lon="-99.73709">
        <ele>490.2</ele>
      </trkpt>
      <trkpt lat="29.68081" lon="-99.73702">
        <ele>490.3</ele>
      </trkpt>
      <trkpt lat="29.68077" lon="-99.73686">
        <ele>490.6</ele>
      </trkpt>
      <trkpt lat="29.68076" lon="-99.73682">
        <ele>490.6</ele>
      </trkpt>
      <trkpt lat="29.68057" lon="-99.73623">
        <ele>491.2</ele>
      </trkpt>
      <trkpt lat="29.68051" lon="-99.73604">
        <ele>491.4</ele>
      </trkpt>
      <trkpt lat="29.6805" lon="-99.73601">
        <ele>491.4</ele>
      </trkpt>
      <trkpt lat="29.68041" lon="-99.73568">
        <ele>491.4</ele>
      </trkpt>
      <trkpt lat="29.6804" lon="-99.73565">
        <ele>491.4</ele>
      </trkpt>
      <trkpt lat="29.68035" lon="-99.73545">
        <ele>491.2</ele>
      </trkpt>
      <trkpt lat="29.6803" lon="-99.73525">
        <ele>491.2</ele>
      </trkpt>
      <trkpt lat="29.68023" lon="-99.73491">
        <ele>490.9</ele>
      </trkpt>
      <trkpt lat="29.68017" lon="-99.73457">
        <ele>490.3</ele>
      </trkpt>
      <trkpt lat="29.68015" lon="-99.73444">
        <ele>490.0</ele>
      </trkpt>
      <trkpt lat="29.68015" lon="-99.73441">
        <ele>490.0</ele>
      </trkpt>
      <trkpt lat="29.68014" lon="-99.7343">
        <ele>489.8</ele>
      </trkpt>
      <trkpt lat="29.68015" lon="-99.73423">
        <ele>489.9</ele>
      </trkpt>
      <trkpt lat="29.68016" lon="-99.73403">
        <ele>489.9</ele>
      </trkpt>
      <trkpt lat="29.68017" lon="-99.73399">
        <ele>490.0</ele>
      </trkpt>
      <trkpt lat="29.68018" lon="-99.73382">
        <ele>490.0</ele>
      </trkpt>
      <trkpt lat="29.68021" lon="-99.73341">
        <ele>490.3</ele>
      </trkpt>
      <trkpt lat="29.68023" lon="-99.7332">
        <ele>490.5</ele>
      </trkpt>
      <trkpt lat="29.68026" lon="-99.73285">
        <ele>490.6</ele>
      </trkpt>
      <trkpt lat="29.68027" lon="-99.73279">
        <ele>490.6</ele>
      </trkpt>
      <trkpt lat="29.6803" lon="-99.73235">
        <ele>490.5</ele>
      </trkpt>
      <trkpt lat="29.68033" lon="-99.73197">
        <ele>490.6</ele>
      </trkpt>
      <trkpt lat="29.68038" lon="-99.73134">
        <ele>490.7</ele>
      </trkpt>
      <trkpt lat="29.68042" lon="-99.73093">
        <ele>490.2</ele>
      </trkpt>
      <trkpt lat="29.68045" lon="-99.73052">
        <ele>489.8</ele>
      </trkpt>
      <trkpt lat="29.68046" lon="-99.73032">
        <ele>489.8</ele>
      </trkpt>
      <trkpt lat="29.68049" lon="-99.7299">
        <ele>489.7</ele>
      </trkpt>
      <trkpt lat="29.6805" lon="-99.72979">
        <ele>489.6</ele>
      </trkpt>
      <trkpt lat="29.68051" lon="-99.7297">
        <ele>489.6</ele>
      </trkpt>
      <trkpt lat="29.68054" lon="-99.72949">
        <ele>489.6</ele>
      </trkpt>
      <trkpt lat="29.68054" lon="-99.72942">
        <ele>489.6</ele>
      </trkpt>
      <trkpt lat="29.68059" lon="-99.72912">
        <ele>490.0</ele>
      </trkpt>
      <trkpt lat="29.68059" lon="-99.72912">
        <ele>490.0</ele>
      </trkpt>
      <trkpt lat="29.6806" lon="-99.72908">
        <ele>490.1</ele>
      </trkpt>
      <trkpt lat="29.6807" lon="-99.72867">
        <ele>490.7</ele>
      </trkpt>
      <trkpt lat="29.6808" lon="-99.72829">
        <ele>491.0</ele>
      </trkpt>
      <trkpt lat="29.68081" lon="-99.72825">
        <ele>491.0</ele>
      </trkpt>
      <trkpt lat="29.68085" lon="-99.72809">
        <ele>491.0</ele>
      </trkpt>
      <trkpt lat="29.68091" lon="-99.7279">
        <ele>490.9</ele>
      </trkpt>
      <trkpt lat="29.68103" lon="-99.7275">
        <ele>490.2</ele>
      </trkpt>
      <trkpt lat="29.68109" lon="-99.72731">
        <ele>489.8</ele>
      </trkpt>
      <trkpt lat="29.68116" lon="-99.72712">
        <ele>489.5</ele>
      </trkpt>
      <trkpt lat="29.68117" lon="-99.72709">
        <ele>489.4</ele>
      </trkpt>
      <trkpt lat="29.68122" lon="-99.72693">
        <ele>489.1</ele>
      </trkpt>
      <trkpt lat="29.68123" lon="-99.7269">
        <ele>489.1</ele>
      </trkpt>
      <trkpt lat="29.68132" lon="-99.7267">
        <ele>488.9</ele>
      </trkpt>
      <trkpt lat="29.68136" lon="-99.72658">
        <ele>488.7</ele>
      </trkpt>
      <trkpt lat="29.68147" lon="-99.72638">
        <ele>488.7</ele>
      </trkpt>
      <trkpt lat="29.68155" lon="-99.72619">
        <ele>488.2</ele>
      </trkpt>
      <trkpt lat="29.68164" lon="-99.72601">
        <ele>487.7</ele>
      </trkpt>
      <trkpt lat="29.68166" lon="-99.72595">
        <ele>487.5</ele>
      </trkpt>
      <trkpt lat="29.68173" lon="-99.72583">
        <ele>487.4</ele>
      </trkpt>
      <trkpt lat="29.6821" lon="-99.72512">
        <ele>486.1</ele>
      </trkpt>
      <trkpt lat="29.68219" lon="-99.72494">
        <ele>485.8</ele>
      </trkpt>
      <trkpt lat="29.68229" lon="-99.72477">
        <ele>485.6</ele>
      </trkpt>
      <trkpt lat="29.68249" lon="-99.7244">
        <ele>485.0</ele>
      </trkpt>
      <trkpt lat="29.68267" lon="-99.72407">
        <ele>484.4</ele>
      </trkpt>
      <trkpt lat="29.68272" lon="-99.72397">
        <ele>484.3</ele>
      </trkpt>
      <trkpt lat="29.68297" lon="-99.72362">
        <ele>483.7</ele>
      </trkpt>
      <trkpt lat="29.68324" lon="-99.72327">
        <ele>482.9</ele>
      </trkpt>
      <trkpt lat="29.68336" lon="-99.72312">
        <ele>482.4</ele>
      </trkpt>
      <trkpt lat="29.68349" lon="-99.72295">
        <ele>481.9</ele>
      </trkpt>
      <trkpt lat="29.6836" lon="-99.72281">
        <ele>481.7</ele>
      </trkpt>
      <trkpt lat="29.68372" lon="-99.72265">
        <ele>481.5</ele>
      </trkpt>
      <trkpt lat="29.68384" lon="-99.72249">
        <ele>481.5</ele>
      </trkpt>
      <trkpt lat="29.68388" lon="-99.72244">
        <ele>481.5</ele>
      </trkpt>
      <trkpt lat="29.68395" lon="-99.72234">
        <ele>481.5</ele>
      </trkpt>
      <trkpt lat="29.68419" lon="-99.72203">
        <ele>481.6</ele>
      </trkpt>
      <trkpt lat="29.68426" lon="-99.72194">
        <ele>481.6</ele>
      </trkpt>
      <trkpt lat="29.68431" lon="-99.72187">
        <ele>481.7</ele>
      </trkpt>
      <trkpt lat="29.68443" lon="-99.72172">
        <ele>481.7</ele>
      </trkpt>
      <trkpt lat="29.68514" lon="-99.72078">
        <ele>482.2</ele>
      </trkpt>
      <trkpt lat="29.68522" lon="-99.72066">
        <ele>482.2</ele>
      </trkpt>
      <trkpt lat="29.68558" lon="-99.72022">
        <ele>482.0</ele>
      </trkpt>
      <trkpt lat="29.68562" lon="-99.72017">
        <ele>482.0</ele>
      </trkpt>
      <trkpt lat="29.68569" lon="-99.72009">
        <ele>481.9</ele>
      </trkpt>
      <trkpt lat="29.68575" lon="-99.72002">
        <ele>481.9</ele>
      </trkpt>
      <trkpt lat="29.68598" lon="-99.71977">
        <ele>482.2</ele>
      </trkpt>
      <trkpt lat="29.68606" lon="-99.71967">
        <ele>482.3</ele>
      </trkpt>
      <trkpt lat="29.68613" lon="-99.71958">
        <ele>482.5</ele>
      </trkpt>
      <trkpt lat="29.6862" lon="-99.71947">
        <ele>482.9</ele>
      </trkpt>
      <trkpt lat="29.68623" lon="-99.71941">
        <ele>483.1</ele>
      </trkpt>
      <trkpt lat="29.68628" lon="-99.71929">
        <ele>483.6</ele>
      </trkpt>
      <trkpt lat="29.6863" lon="-99.71922">
        <ele>483.8</ele>
      </trkpt>
      <trkpt lat="29.68635" lon="-99.71906">
        <ele>484.5</ele>
      </trkpt>
      <trkpt lat="29.68636" lon="-99.71903">
        <ele>484.7</ele>
      </trkpt>
      <trkpt lat="29.68641" lon="-99.71887">
        <ele>485.4</ele>
      </trkpt>
      <trkpt lat="29.68647" lon="-99.7187">
        <ele>486.1</ele>
      </trkpt>
      <trkpt lat="29.6865" lon="-99.71865">
        <ele>486.3</ele>
      </trkpt>
      <trkpt lat="29.68655" lon="-99.71853">
        <ele>486.7</ele>
      </trkpt>
      <trkpt lat="29.68659" lon="-99.71847">
        <ele>486.9</ele>
      </trkpt>
      <trkpt lat="29.68665" lon="-99.71837">
        <ele>487.2</ele>
      </trkpt>
      <trkpt lat="29.68676" lon="-99.71822">
        <ele>487.7</ele>
      </trkpt>
      <trkpt lat="29.68682" lon="-99.71815">
        <ele>488.1</ele>
      </trkpt>
      <trkpt lat="29.68694" lon="-99.718">
        <ele>489.1</ele>
      </trkpt>
      <trkpt lat="29.687" lon="-99.71794">
        <ele>489.6</ele>
      </trkpt>
      <trkpt lat="29.68708" lon="-99.71786">
        <ele>490.3</ele>
      </trkpt>
      <trkpt lat="29.68712" lon="-99.71781">
        <ele>490.7</ele>
      </trkpt>
      <trkpt lat="29.68722" lon="-99.71773">
        <ele>491.4</ele>
      </trkpt>
      <trkpt lat="29.68726" lon="-99.7177">
        <ele>491.6</ele>
      </trkpt>
      <trkpt lat="29.68737" lon="-99.71762">
        <ele>492.1</ele>
      </trkpt>
      <trkpt lat="29.6874" lon="-99.7176">
        <ele>492.1</ele>
      </trkpt>
      <trkpt lat="29.68753" lon="-99.71752">
        <ele>492.1</ele>
      </trkpt>
      <trkpt lat="29.68772" lon="-99.7174">
        <ele>492.6</ele>
      </trkpt>
      <trkpt lat="29.688" lon="-99.71722">
        <ele>492.9</ele>
      </trkpt>
      <trkpt lat="29.68806" lon="-99.71719">
        <ele>493.1</ele>
      </trkpt>
      <trkpt lat="29.68827" lon="-99.71706">
        <ele>494.5</ele>
      </trkpt>
      <trkpt lat="29.6884" lon="-99.71695">
        <ele>494.8</ele>
      </trkpt>
      <trkpt lat="29.68848" lon="-99.7169">
        <ele>494.9</ele>
      </trkpt>
      <trkpt lat="29.68854" lon="-99.71686">
        <ele>495.1</ele>
      </trkpt>
      <trkpt lat="29.6888" lon="-99.7167">
        <ele>495.5</ele>
      </trkpt>
      <trkpt lat="29.68886" lon="-99.71666">
        <ele>495.6</ele>
      </trkpt>
      <trkpt lat="29.68896" lon="-99.71661">
        <ele>495.7</ele>
      </trkpt>
      <trkpt lat="29.68902" lon="-99.71658">
        <ele>495.7</ele>
      </trkpt>
      <trkpt lat="29.68918" lon="-99.7165">
        <ele>495.8</ele>
      </trkpt>
      <trkpt lat="29.68929" lon="-99.71646">
        <ele>495.9</ele>
      </trkpt>
      <trkpt lat="29.68934" lon="-99.71644">
        <ele>496.0</ele>
      </trkpt>
      <trkpt lat="29.68947" lon="-99.7164">
        <ele>496.2</ele>
      </trkpt>
      <trkpt lat="29.68964" lon="-99.71634">
        <ele>496.3</ele>
      </trkpt>
      <trkpt lat="29.68998" lon="-99.71621">
        <ele>496.9</ele>
      </trkpt>
      <trkpt lat="29.69014" lon="-99.71617">
        <ele>497.3</ele>
      </trkpt>
      <trkpt lat="29.6903" lon="-99.71615">
        <ele>497.6</ele>
      </trkpt>
      <trkpt lat="29.69052" lon="-99.71613">
        <ele>497.9</ele>
      </trkpt>
      <trkpt lat="29.6906" lon="-99.71612">
        <ele>498.0</ele>
      </trkpt>
      <trkpt lat="29.69069" lon="-99.71612">
        <ele>498.0</ele>
      </trkpt>
      <trkpt lat="29.69087" lon="-99.7161">
        <ele>498.1</ele>
      </trkpt>
      <trkpt lat="29.69094" lon="-99.7161">
        <ele>498.1</ele>
      </trkpt>
      <trkpt lat="29.69109" lon="-99.71609">
        <ele>498.1</ele>
      </trkpt>
      <trkpt lat="29.69123" lon="-99.71609">
        <ele>498.0</ele>
      </trkpt>
      <trkpt lat="29.69137" lon="-99.71611">
        <ele>498.0</ele>
      </trkpt>
      <trkpt lat="29.69149" lon="-99.71615">
        <ele>498.0</ele>
      </trkpt>
      <trkpt lat="29.69161" lon="-99.71622">
        <ele>498.0</ele>
      </trkpt>
      <trkpt lat="29.69172" lon="-99.7163">
        <ele>498.0</ele>
      </trkpt>
      <trkpt lat="29.69195" lon="-99.71648">
        <ele>498.1</ele>
      </trkpt>
      <trkpt lat="29.69205" lon="-99.71658">
        <ele>498.3</ele>
      </trkpt>
      <trkpt lat="29.69225" lon="-99.71676">
        <ele>498.6</ele>
      </trkpt>
      <trkpt lat="29.69231" lon="-99.7168">
        <ele>498.7</ele>
      </trkpt>
      <trkpt lat="29.69234" lon="-99.71682">
        <ele>498.7</ele>
      </trkpt>
      <trkpt lat="29.69245" lon="-99.71687">
        <ele>498.8</ele>
      </trkpt>
      <trkpt lat="29.69256" lon="-99.7169">
        <ele>499.0</ele>
      </trkpt>
      <trkpt lat="29.69265" lon="-99.71692">
        <ele>499.1</ele>
      </trkpt>
      <trkpt lat="29.6927" lon="-99.71693">
        <ele>499.2</ele>
      </trkpt>
      <trkpt lat="29.69283" lon="-99.71695">
        <ele>499.3</ele>
      </trkpt>
      <trkpt lat="29.69301" lon="-99.71697">
        <ele>499.5</ele>
      </trkpt>
      <trkpt lat="29.69319" lon="-99.717">
        <ele>499.7</ele>
      </trkpt>
      <trkpt lat="29.6934" lon="-99.71703">
        <ele>500.1</ele>
      </trkpt>
      <trkpt lat="29.69372" lon="-99.71708">
        <ele>501.3</ele>
      </trkpt>
      <trkpt lat="29.6939" lon="-99.71711">
        <ele>501.5</ele>
      </trkpt>
      <trkpt lat="29.69416" lon="-99.71715">
        <ele>501.2</ele>
      </trkpt>
      <trkpt lat="29.69426" lon="-99.71716">
        <ele>501.2</ele>
      </trkpt>
      <trkpt lat="29.69443" lon="-99.71719">
        <ele>501.1</ele>
      </trkpt>
      <trkpt lat="29.69457" lon="-99.71721">
        <ele>501.1</ele>
      </trkpt>
      <trkpt lat="29.69461" lon="-99.71721">
        <ele>501.1</ele>
      </trkpt>
      <trkpt lat="29.69479" lon="-99.71724">
        <ele>501.1</ele>
      </trkpt>
      <trkpt lat="29.69497" lon="-99.71727">
        <ele>501.2</ele>
      </trkpt>
      <trkpt lat="29.69533" lon="-99.71732">
        <ele>501.2</ele>
      </trkpt>
      <trkpt lat="29.6955" lon="-99.71735">
        <ele>501.2</ele>
      </trkpt>
      <trkpt lat="29.69568" lon="-99.71737">
        <ele>501.3</ele>
      </trkpt>
      <trkpt lat="29.69586" lon="-99.7174">
        <ele>501.4</ele>
      </trkpt>
      <trkpt lat="29.69604" lon="-99.71743">
        <ele>501.5</ele>
      </trkpt>
      <trkpt lat="29.69625" lon="-99.71746">
        <ele>501.6</ele>
      </trkpt>
      <trkpt lat="29.69675" lon="-99.71754">
        <ele>501.5</ele>
      </trkpt>
      <trkpt lat="29.69693" lon="-99.71757">
        <ele>501.3</ele>
      </trkpt>
      <trkpt lat="29.6973" lon="-99.71763">
        <ele>500.4</ele>
      </trkpt>
      <trkpt lat="29.69747" lon="-99.71765">
        <ele>499.9</ele>
      </trkpt>
      <trkpt lat="29.69813" lon="-99.71775">
        <ele>499.3</ele>
      </trkpt>
      <trkpt lat="29.69836" lon="-99.71779">
        <ele>499.2</ele>
      </trkpt>
      <trkpt lat="29.69854" lon="-99.71781">
        <ele>499.1</ele>
      </trkpt>
      <trkpt lat="29.69871" lon="-99.71784">
        <ele>498.9</ele>
      </trkpt>
      <trkpt lat="29.69893" lon="-99.71788">
        <ele>498.8</ele>
      </trkpt>
      <trkpt lat="29.69929" lon="-99.71793">
        <ele>498.7</ele>
      </trkpt>
      <trkpt lat="29.69969" lon="-99.71795">
        <ele>499.2</ele>
      </trkpt>
      <trkpt lat="29.6998" lon="-99.718">
        <ele>499.2</ele>
      </trkpt>
      <trkpt lat="29.70021" lon="-99.71808">
        <ele>499.4</ele>
      </trkpt>
      <trkpt lat="29.70036" lon="-99.7181">
        <ele>499.4</ele>
      </trkpt>
      <trkpt lat="29.70039" lon="-99.71811">
        <ele>499.4</ele>
      </trkpt>
      <trkpt lat="29.70057" lon="-99.71813">
        <ele>499.5</ele>
      </trkpt>
      <trkpt lat="29.70125" lon="-99.71824">
        <ele>499.2</ele>
      </trkpt>
      <trkpt lat="29.70146" lon="-99.71827">
        <ele>498.9</ele>
      </trkpt>
      <trkpt lat="29.70164" lon="-99.7183">
        <ele>498.6</ele>
      </trkpt>
      <trkpt lat="29.70182" lon="-99.71832">
        <ele>498.5</ele>
      </trkpt>
      <trkpt lat="29.70187" lon="-99.71833">
        <ele>498.5</ele>
      </trkpt>
      <trkpt lat="29.70213" lon="-99.71836">
        <ele>498.5</ele>
      </trkpt>
      <trkpt lat="29.70217" lon="-99.71837">
        <ele>498.5</ele>
      </trkpt>
      <trkpt lat="29.70221" lon="-99.71838">
        <ele>498.5</ele>
      </trkpt>
      <trkpt lat="29.70223" lon="-99.71839">
        <ele>498.5</ele>
      </trkpt>
      <trkpt lat="29.70232" lon="-99.7184">
        <ele>498.6</ele>
      </trkpt>
      <trkpt lat="29.70235" lon="-99.71841">
        <ele>498.6</ele>
      </trkpt>
      <trkpt lat="29.70251" lon="-99.71845">
        <ele>498.6</ele>
      </trkpt>
      <trkpt lat="29.7027" lon="-99.71849">
        <ele>498.7</ele>
      </trkpt>
      <trkpt lat="29.70288" lon="-99.71854">
        <ele>498.8</ele>
      </trkpt>
      <trkpt lat="29.70322" lon="-99.71863">
        <ele>499.1</ele>
      </trkpt>
      <trkpt lat="29.70341" lon="-99.71867">
        <ele>499.3</ele>
      </trkpt>
      <trkpt lat="29.70349" lon="-99.71869">
        <ele>499.4</ele>
      </trkpt>
      <trkpt lat="29.70358" lon="-99.71871">
        <ele>499.5</ele>
      </trkpt>
      <trkpt lat="29.70376" lon="-99.71874">
        <ele>499.7</ele>
      </trkpt>
      <trkpt lat="29.70389" lon="-99.71876">
        <ele>499.9</ele>
      </trkpt>
      <trkpt lat="29.70402" lon="-99.71877">
        <ele>500.0</ele>
      </trkpt>
      <trkpt lat="29.70412" lon="-99.71876">
        <ele>500.1</ele>
      </trkpt>
      <trkpt lat="29.70415" lon="-99.71876">
        <ele>500.1</ele>
      </trkpt>
      <trkpt lat="29.7043" lon="-99.71874">
        <ele>500.2</ele>
      </trkpt>
      <trkpt lat="29.70448" lon="-99.71872">
        <ele>500.4</ele>
      </trkpt>
      <trkpt lat="29.70458" lon="-99.71871">
        <ele>500.5</ele>
      </trkpt>
      <trkpt lat="29.70491" lon="-99.71867">
        <ele>501.0</ele>
      </trkpt>
      <trkpt lat="29.70508" lon="-99.71866">
        <ele>501.2</ele>
      </trkpt>
      <trkpt lat="29.70548" lon="-99.71864">
        <ele>501.8</ele>
      </trkpt>
      <trkpt lat="29.70568" lon="-99.71867">
        <ele>502.2</ele>
      </trkpt>
      <trkpt lat="29.7059" lon="-99.71866">
        <ele>502.8</ele>
      </trkpt>
      <trkpt lat="29.70624" lon="-99.71868">
        <ele>503.7</ele>
      </trkpt>
      <trkpt lat="29.70642" lon="-99.71871">
        <ele>504.1</ele>
      </trkpt>
      <trkpt lat="29.70658" lon="-99.71875">
        <ele>504.6</ele>
      </trkpt>
      <trkpt lat="29.70673" lon="-99.71879">
        <ele>505.1</ele>
      </trkpt>
      <trkpt lat="29.70674" lon="-99.71879">
        <ele>505.1</ele>
      </trkpt>
      <trkpt lat="29.7069" lon="-99.71884">
        <ele>505.5</ele>
      </trkpt>
      <trkpt lat="29.70737" lon="-99.71899">
        <ele>507.1</ele>
      </trkpt>
      <trkpt lat="29.70752" lon="-99.71903">
        <ele>507.7</ele>
      </trkpt>
      <trkpt lat="29.7076" lon="-99.71904">
        <ele>508.1</ele>
      </trkpt>
      <trkpt lat="29.70778" lon="-99.71908">
        <ele>508.6</ele>
      </trkpt>
      <trkpt lat="29.70796" lon="-99.71912">
        <ele>509.1</ele>
      </trkpt>
      <trkpt lat="29.70867" lon="-99.71927">
        <ele>512.1</ele>
      </trkpt>
      <trkpt lat="29.70956" lon="-99.71945">
        <ele>513.7</ele>
      </trkpt>
      <trkpt lat="29.71021" lon="-99.71958">
        <ele>514.3</ele>
      </trkpt>
      <trkpt lat="29.71038" lon="-99.71962">
        <ele>514.9</ele>
      </trkpt>
      <trkpt lat="29.71046" lon="-99.71964">
        <ele>515.2</ele>
      </trkpt>
      <trkpt lat="29.71074" lon="-99.71969">
        <ele>516.6</ele>
      </trkpt>
      <trkpt lat="29.71109" lon="-99.71977">
        <ele>518.6</ele>
      </trkpt>
      <trkpt lat="29.71119" lon="-99.71979">
        <ele>519.2</ele>
      </trkpt>
      <trkpt lat="29.71127" lon="-99.7198">
        <ele>519.7</ele>
      </trkpt>
      <trkpt lat="29.71144" lon="-99.71984">
        <ele>520.9</ele>
      </trkpt>
      <trkpt lat="29.71168" lon="-99.71989">
        <ele>522.4</ele>
      </trkpt>
      <trkpt lat="29.71174" lon="-99.7199">
        <ele>522.8</ele>
      </trkpt>
      <trkpt lat="29.71174" lon="-99.7199">
        <ele>522.8</ele>
      </trkpt>
      <trkpt lat="29.71195" lon="-99.71995">
        <ele>523.9</ele>
      </trkpt>
      <trkpt lat="29.71215" lon="-99.71998">
        <ele>524.8</ele>
      </trkpt>
      <trkpt lat="29.71228" lon="-99.72001">
        <ele>525.3</ele>
      </trkpt>
      <trkpt lat="29.71233" lon="-99.72002">
        <ele>525.5</ele>
      </trkpt>
      <trkpt lat="29.71251" lon="-99.72006">
        <ele>526.0</ele>
      </trkpt>
      <trkpt lat="29.71251" lon="-99.72006">
        <ele>526.0</ele>
      </trkpt>
      <trkpt lat="29.71243" lon="-99.72073">
        <ele>524.1</ele>
      </trkpt>
      <trkpt lat="29.71243" lon="-99.7208">
        <ele>522.8</ele>
      </trkpt>
      <trkpt lat="29.71242" lon="-99.72088">
        <ele>522.0</ele>
      </trkpt>
      <trkpt lat="29.71241" lon="-99.72094">
        <ele>522.0</ele>
      </trkpt>
      <trkpt lat="29.71232" lon="-99.72176">
        <ele>523.2</ele>
      </trkpt>
      <trkpt lat="29.71231" lon="-99.72188">
        <ele>522.7</ele>
      </trkpt>
      <trkpt lat="29.71231" lon="-99.72191">
        <ele>522.6</ele>
      </trkpt>
      <trkpt lat="29.7123" lon="-99.72197">
        <ele>522.6</ele>
      </trkpt>
      <trkpt lat="29.71228" lon="-99.72217">
        <ele>522.8</ele>
      </trkpt>
      <trkpt lat="29.71222" lon="-99.72273">
        <ele>524.5</ele>
      </trkpt>
      <trkpt lat="29.71221" lon="-99.72279">
        <ele>524.7</ele>
      </trkpt>
      <trkpt lat="29.71219" lon="-99.72299">
        <ele>525.3</ele>
      </trkpt>
      <trkpt lat="29.71216" lon="-99.72335">
        <ele>526.3</ele>
      </trkpt>
      <trkpt lat="29.71208" lon="-99.72396">
        <ele>527.2</ele>
      </trkpt>
      <trkpt lat="29.71206" lon="-99.72417">
        <ele>527.7</ele>
      </trkpt>
      <trkpt lat="29.71203" lon="-99.72437">
        <ele>528.4</ele>
      </trkpt>
      <trkpt lat="29.71203" lon="-99.72443">
        <ele>528.7</ele>
      </trkpt>
      <trkpt lat="29.71201" lon="-99.72458">
        <ele>529.5</ele>
      </trkpt>
      <trkpt lat="29.71199" lon="-99.72472">
        <ele>530.3</ele>
      </trkpt>
      <trkpt lat="29.71197" lon="-99.72491">
        <ele>531.4</ele>
      </trkpt>
      <trkpt lat="29.71197" lon="-99.72493">
        <ele>531.5</ele>
      </trkpt>
      <trkpt lat="29.71196" lon="-99.72499">
        <ele>531.7</ele>
      </trkpt>
      <trkpt lat="29.71195" lon="-99.72513">
        <ele>532.6</ele>
      </trkpt>
      <trkpt lat="29.71193" lon="-99.72534">
        <ele>534.0</ele>
      </trkpt>
      <trkpt lat="29.71192" lon="-99.7254">
        <ele>534.5</ele>
      </trkpt>
      <trkpt lat="29.7119" lon="-99.7256">
        <ele>536.1</ele>
      </trkpt>
      <trkpt lat="29.71184" lon="-99.72616">
        <ele>541.9</ele>
      </trkpt>
      <trkpt lat="29.71183" lon="-99.72622">
        <ele>542.4</ele>
      </trkpt>
      <trkpt lat="29.71182" lon="-99.72637">
        <ele>543.9</ele>
      </trkpt>
      <trkpt lat="29.71181" lon="-99.72643">
        <ele>544.3</ele>
      </trkpt>
      <trkpt lat="29.7118" lon="-99.72657">
        <ele>545.4</ele>
      </trkpt>
      <trkpt lat="29.71179" lon="-99.72663">
        <ele>545.6</ele>
      </trkpt>
      <trkpt lat="29.71178" lon="-99.72678">
        <ele>546.4</ele>
      </trkpt>
      <trkpt lat="29.71177" lon="-99.72684">
        <ele>546.6</ele>
      </trkpt>
      <trkpt lat="29.71176" lon="-99.72696">
        <ele>547.1</ele>
      </trkpt>
      <trkpt lat="29.71175" lon="-99.72704">
        <ele>547.2</ele>
      </trkpt>
      <trkpt lat="29.71173" lon="-99.72719">
        <ele>547.0</ele>
      </trkpt>
      <trkpt lat="29.7117" lon="-99.72739">
        <ele>546.1</ele>
      </trkpt>
      <trkpt lat="29.71163" lon="-99.72799">
        <ele>543.6</ele>
      </trkpt>
      <trkpt lat="29.71158" lon="-99.72855">
        <ele>543.3</ele>
      </trkpt>
      <trkpt lat="29.71157" lon="-99.72866">
        <ele>543.2</ele>
      </trkpt>
      <trkpt lat="29.71155" lon="-99.72904">
        <ele>543.0</ele>
      </trkpt>
      <trkpt lat="29.71156" lon="-99.72945">
        <ele>543.7</ele>
      </trkpt>
      <trkpt lat="29.71156" lon="-99.72947">
        <ele>543.7</ele>
      </trkpt>
      <trkpt lat="29.7116" lon="-99.72965">
        <ele>544.6</ele>
      </trkpt>
      <trkpt lat="29.71162" lon="-99.72977">
        <ele>545.1</ele>
      </trkpt>
      <trkpt lat="29.71164" lon="-99.72985">
        <ele>545.5</ele>
      </trkpt>
      <trkpt lat="29.71169" lon="-99.73005">
        <ele>546.4</ele>
      </trkpt>
      <trkpt lat="29.7117" lon="-99.73009">
        <ele>546.6</ele>
      </trkpt>
      <trkpt lat="29.71176" lon="-99.73024">
        <ele>547.5</ele>
      </trkpt>
      <trkpt lat="29.71179" lon="-99.73032">
        <ele>548.2</ele>
      </trkpt>
      <trkpt lat="29.71186" lon="-99.73049">
        <ele>550.5</ele>
      </trkpt>
      <trkpt lat="29.71192" lon="-99.73061">
        <ele>553.1</ele>
      </trkpt>
      <trkpt lat="29.71198" lon="-99.73071">
        <ele>555.2</ele>
      </trkpt>
      <trkpt lat="29.71202" lon="-99.73078">
        <ele>556.4</ele>
      </trkpt>
      <trkpt lat="29.71207" lon="-99.73085">
        <ele>557.7</ele>
      </trkpt>
      <trkpt lat="29.71214" lon="-99.73094">
        <ele>559.2</ele>
      </trkpt>
      <trkpt lat="29.7122" lon="-99.73102">
        <ele>559.7</ele>
      </trkpt>
      <trkpt lat="29.71226" lon="-99.73109">
        <ele>560.1</ele>
      </trkpt>
      <trkpt lat="29.71234" lon="-99.73118">
        <ele>560.1</ele>
      </trkpt>
      <trkpt lat="29.71239" lon="-99.73124">
        <ele>559.7</ele>
      </trkpt>
      <trkpt lat="29.71246" lon="-99.7313">
        <ele>559.2</ele>
      </trkpt>
      <trkpt lat="29.71253" lon="-99.73137">
        <ele>558.4</ele>
      </trkpt>
      <trkpt lat="29.71266" lon="-99.73148">
        <ele>557.0</ele>
      </trkpt>
      <trkpt lat="29.71267" lon="-99.73149">
        <ele>556.9</ele>
      </trkpt>
      <trkpt lat="29.71283" lon="-99.73159">
        <ele>552.9</ele>
      </trkpt>
      <trkpt lat="29.71296" lon="-99.73168">
        <ele>549.9</ele>
      </trkpt>
      <trkpt lat="29.71339" lon="-99.73198">
        <ele>544.1</ele>
      </trkpt>
      <trkpt lat="29.7136" lon="-99.73213">
        <ele>540.6</ele>
      </trkpt>
      <trkpt lat="29.71376" lon="-99.73223">
        <ele>538.0</ele>
      </trkpt>
      <trkpt lat="29.7138" lon="-99.73226">
        <ele>537.4</ele>
      </trkpt>
      <trkpt lat="29.71391" lon="-99.73234">
        <ele>535.8</ele>
      </trkpt>
      <trkpt lat="29.714" lon="-99.7324">
        <ele>534.9</ele>
      </trkpt>
      <trkpt lat="29.71406" lon="-99.73244">
        <ele>534.3</ele>
      </trkpt>
      <trkpt lat="29.71433" lon="-99.73263">
        <ele>531.2</ele>
      </trkpt>
      <trkpt lat="29.71437" lon="-99.73266">
        <ele>530.7</ele>
      </trkpt>
      <trkpt lat="29.71453" lon="-99.73277">
        <ele>528.9</ele>
      </trkpt>
      <trkpt lat="29.71468" lon="-99.73287">
        <ele>527.4</ele>
      </trkpt>
      <trkpt lat="29.7147" lon="-99.73289">
        <ele>527.3</ele>
      </trkpt>
      <trkpt lat="29.71483" lon="-99.73298">
        <ele>526.2</ele>
      </trkpt>
      <trkpt lat="29.71486" lon="-99.733">
        <ele>526.0</ele>
      </trkpt>
      <trkpt lat="29.71503" lon="-99.73314">
        <ele>524.7</ele>
      </trkpt>
      <trkpt lat="29.71516" lon="-99.73327">
        <ele>522.8</ele>
      </trkpt>
      <trkpt lat="29.71525" lon="-99.73337">
        <ele>520.8</ele>
      </trkpt>
      <trkpt lat="29.71532" lon="-99.73344">
        <ele>519.4</ele>
      </trkpt>
      <trkpt lat="29.71538" lon="-99.73352">
        <ele>518.2</ele>
      </trkpt>
      <trkpt lat="29.71549" lon="-99.73366">
        <ele>516.6</ele>
      </trkpt>
      <trkpt lat="29.7155" lon="-99.73367">
        <ele>516.5</ele>
      </trkpt>
      <trkpt lat="29.71564" lon="-99.73392">
        <ele>515.0</ele>
      </trkpt>
      <trkpt lat="29.71602" lon="-99.73476">
        <ele>512.5</ele>
      </trkpt>
      <trkpt lat="29.7161" lon="-99.73494">
        <ele>511.1</ele>
      </trkpt>
      <trkpt lat="29.71618" lon="-99.73513">
        <ele>509.7</ele>
      </trkpt>
      <trkpt lat="29.71642" lon="-99.73569">
        <ele>506.1</ele>
      </trkpt>
      <trkpt lat="29.7165" lon="-99.73587">
        <ele>505.1</ele>
      </trkpt>
      <trkpt lat="29.71658" lon="-99.73606">
        <ele>504.1</ele>
      </trkpt>
      <trkpt lat="29.71663" lon="-99.73619">
        <ele>503.5</ele>
      </trkpt>
      <trkpt lat="29.71666" lon="-99.73624">
        <ele>503.2</ele>
      </trkpt>
      <trkpt lat="29.71674" lon="-99.73643">
        <ele>502.4</ele>
      </trkpt>
      <trkpt lat="29.71681" lon="-99.73661">
        <ele>501.9</ele>
      </trkpt>
      <trkpt lat="29.71682" lon="-99.73662">
        <ele>501.8</ele>
      </trkpt>
      <trkpt lat="29.7169" lon="-99.7368">
        <ele>501.3</ele>
      </trkpt>
      <trkpt lat="29.71692" lon="-99.73683">
        <ele>501.2</ele>
      </trkpt>
      <trkpt lat="29.71699" lon="-99.73697">
        <ele>500.9</ele>
      </trkpt>
      <trkpt lat="29.71702" lon="-99.73702">
        <ele>500.8</ele>
      </trkpt>
      <trkpt lat="29.71709" lon="-99.73715">
        <ele>500.6</ele>
      </trkpt>
      <trkpt lat="29.71725" lon="-99.73746">
        <ele>499.8</ele>
      </trkpt>
      <trkpt lat="29.71748" lon="-99.73784">
        <ele>498.0</ele>
      </trkpt>
      <trkpt lat="29.71759" lon="-99.73801">
        <ele>497.6</ele>
      </trkpt>
      <trkpt lat="29.71763" lon="-99.73808">
        <ele>497.5</ele>
      </trkpt>
      <trkpt lat="29.71769" lon="-99.73818">
        <ele>497.3</ele>
      </trkpt>
      <trkpt lat="29.71779" lon="-99.73835">
        <ele>496.9</ele>
      </trkpt>
      <trkpt lat="29.71789" lon="-99.73852">
        <ele>496.6</ele>
      </trkpt>
      <trkpt lat="29.71797" lon="-99.73865">
        <ele>496.3</ele>
      </trkpt>
      <trkpt lat="29.71797" lon="-99.73865">
        <ele>496.3</ele>
      </trkpt>
      <trkpt lat="29.71799" lon="-99.7387">
        <ele>496.2</ele>
      </trkpt>
      <trkpt lat="29.71801" lon="-99.73872">
        <ele>496.2</ele>
      </trkpt>
      <trkpt lat="29.7183" lon="-99.73921">
        <ele>496.5</ele>
      </trkpt>
      <trkpt lat="29.7183" lon="-99.73921">
        <ele>496.5</ele>
      </trkpt>
      <trkpt lat="29.71837" lon="-99.73911">
        <ele>496.8</ele>
      </trkpt>
      <trkpt lat="29.71848" lon="-99.73897">
        <ele>497.1</ele>
      </trkpt>
      <trkpt lat="29.71853" lon="-99.73888">
        <ele>497.3</ele>
      </trkpt>
      <trkpt lat="29.71855" lon="-99.73885">
        <ele>497.4</ele>
      </trkpt>
      <trkpt lat="29.7186" lon="-99.73871">
        <ele>497.5</ele>
      </trkpt>
      <trkpt lat="29.71866" lon="-99.7385">
        <ele>497.5</ele>
      </trkpt>
      <trkpt lat="29.71879" lon="-99.73804">
        <ele>499.9</ele>
      </trkpt>
      <trkpt lat="29.71886" lon="-99.73781">
        <ele>501.0</ele>
      </trkpt>
      <trkpt lat="29.71902" lon="-99.73733">
        <ele>503.4</ele>
      </trkpt>
      <trkpt lat="29.7192" lon="-99.73687">
        <ele>506.2</ele>
      </trkpt>
      <trkpt lat="29.71925" lon="-99.73672">
        <ele>507.4</ele>
      </trkpt>
      <trkpt lat="29.7193" lon="-99.73664">
        <ele>508.0</ele>
      </trkpt>
      <trkpt lat="29.71934" lon="-99.73656">
        <ele>508.7</ele>
      </trkpt>
      <trkpt lat="29.7194" lon="-99.73649">
        <ele>509.3</ele>
      </trkpt>
      <trkpt lat="29.71947" lon="-99.73642">
        <ele>509.9</ele>
      </trkpt>
      <trkpt lat="29.71954" lon="-99.73636">
        <ele>510.5</ele>
      </trkpt>
      <trkpt lat="29.7196" lon="-99.73631">
        <ele>510.9</ele>
      </trkpt>
      <trkpt lat="29.71974" lon="-99.73621">
        <ele>511.8</ele>
      </trkpt>
      <trkpt lat="29.72021" lon="-99.73587">
        <ele>513.9</ele>
      </trkpt>
      <trkpt lat="29.72047" lon="-99.73568">
        <ele>514.7</ele>
      </trkpt>
      <trkpt lat="29.72074" lon="-99.73547">
        <ele>515.2</ele>
      </trkpt>
      <trkpt lat="29.72076" lon="-99.73545">
        <ele>515.3</ele>
      </trkpt>
      <trkpt lat="29.72077" lon="-99.73544">
        <ele>515.3</ele>
      </trkpt>
      <trkpt lat="29.72154" lon="-99.73487">
        <ele>517.0</ele>
      </trkpt>
      <trkpt lat="29.72189" lon="-99.73461">
        <ele>518.2</ele>
      </trkpt>
      <trkpt lat="29.7223" lon="-99.73431">
        <ele>519.8</ele>
      </trkpt>
      <trkpt lat="29.72254" lon="-99.73414">
        <ele>521.5</ele>
      </trkpt>
      <trkpt lat="29.72259" lon="-99.73407">
        <ele>522.0</ele>
      </trkpt>
      <trkpt lat="29.72263" lon="-99.73404">
        <ele>522.3</ele>
      </trkpt>
      <trkpt lat="29.7227" lon="-99.73395">
        <ele>522.7</ele>
      </trkpt>
      <trkpt lat="29.72274" lon="-99.73386">
        <ele>522.9</ele>
      </trkpt>
      <trkpt lat="29.72278" lon="-99.73374">
        <ele>523.1</ele>
      </trkpt>
      <trkpt lat="29.72283" lon="-99.73354">
        <ele>523.8</ele>
      </trkpt>
      <trkpt lat="29.72283" lon="-99.73332">
        <ele>524.0</ele>
      </trkpt>
      <trkpt lat="29.72284" lon="-99.73329">
        <ele>524.2</ele>
      </trkpt>
      <trkpt lat="29.72284" lon="-99.73312">
        <ele>524.1</ele>
      </trkpt>
      <trkpt lat="29.72285" lon="-99.73303">
        <ele>524.1</ele>
      </trkpt>
      <trkpt lat="29.72287" lon="-99.73275">
        <ele>524.2</ele>
      </trkpt>
      <trkpt lat="29.72289" lon="-99.73262">
        <ele>525.9</ele>
      </trkpt>
      <trkpt lat="29.72293" lon="-99.73238">
        <ele>528.4</ele>
      </trkpt>
      <trkpt lat="29.72295" lon="-99.7323">
        <ele>529.4</ele>
      </trkpt>
      <trkpt lat="29.72298" lon="-99.73221">
        <ele>530.7</ele>
      </trkpt>
      <trkpt lat="29.72302" lon="-99.73211">
        <ele>532.1</ele>
      </trkpt>
      <trkpt lat="29.72303" lon="-99.73206">
        <ele>532.5</ele>
      </trkpt>
      <trkpt lat="29.72311" lon="-99.73192">
        <ele>534.2</ele>
      </trkpt>
      <trkpt lat="29.72323" lon="-99.73177">
        <ele>536.4</ele>
      </trkpt>
      <trkpt lat="29.72326" lon="-99.73174">
        <ele>537.0</ele>
      </trkpt>
      <trkpt lat="29.72343" lon="-99.73151">
        <ele>541.0</ele>
      </trkpt>
      <trkpt lat="29.72346" lon="-99.73146">
        <ele>541.7</ele>
      </trkpt>
      <trkpt lat="29.72356" lon="-99.73132">
        <ele>544.2</ele>
      </trkpt>
      <trkpt lat="29.72367" lon="-99.73114">
        <ele>546.4</ele>
      </trkpt>
      <trkpt lat="29.72368" lon="-99.73113">
        <ele>546.6</ele>
      </trkpt>
      <trkpt lat="29.72371" lon="-99.73109">
        <ele>547.1</ele>
      </trkpt>
      <trkpt lat="29.72371" lon="-99.73109">
        <ele>547.1</ele>
      </trkpt>
      <trkpt lat="29.72374" lon="-99.73104">
        <ele>547.5</ele>
      </trkpt>
      <trkpt lat="29.72388" lon="-99.73086">
        <ele>549.4</ele>
      </trkpt>
      <trkpt lat="29.72397" lon="-99.73077">
        <ele>552.3</ele>
      </trkpt>
      <trkpt lat="29.72405" lon="-99.7307">
        <ele>555.5</ele>
      </trkpt>
      <trkpt lat="29.72406" lon="-99.73069">
        <ele>555.9</ele>
      </trkpt>
      <trkpt lat="29.72418" lon="-99.7306">
        <ele>558.4</ele>
      </trkpt>
      <trkpt lat="29.72421" lon="-99.73058">
        <ele>558.6</ele>
      </trkpt>
      <trkpt lat="29.72425" lon="-99.73056">
        <ele>558.8</ele>
      </trkpt>
      <trkpt lat="29.72433" lon="-99.73052">
        <ele>559.1</ele>
      </trkpt>
      <trkpt lat="29.72438" lon="-99.7305">
        <ele>559.3</ele>
      </trkpt>
      <trkpt lat="29.72444" lon="-99.73048">
        <ele>559.4</ele>
      </trkpt>
      <trkpt lat="29.72455" lon="-99.73045">
        <ele>559.3</ele>
      </trkpt>
      <trkpt lat="29.7246" lon="-99.73045">
        <ele>559.2</ele>
      </trkpt>
      <trkpt lat="29.72469" lon="-99.73046">
        <ele>559.3</ele>
      </trkpt>
      <trkpt lat="29.72478" lon="-99.73048">
        <ele>559.2</ele>
      </trkpt>
      <trkpt lat="29.7248" lon="-99.73049">
        <ele>559.1</ele>
      </trkpt>
      <trkpt lat="29.72488" lon="-99.73052">
        <ele>558.9</ele>
      </trkpt>
      <trkpt lat="29.72493" lon="-99.73055">
        <ele>558.7</ele>
      </trkpt>
      <trkpt lat="29.72497" lon="-99.73056">
        <ele>558.3</ele>
      </trkpt>
      <trkpt lat="29.72506" lon="-99.7306">
        <ele>557.5</ele>
      </trkpt>
      <trkpt lat="29.72529" lon="-99.73074">
        <ele>553.6</ele>
      </trkpt>
      <trkpt lat="29.72531" lon="-99.73075">
        <ele>553.3</ele>
      </trkpt>
      <trkpt lat="29.72546" lon="-99.73082">
        <ele>551.1</ele>
      </trkpt>
      <trkpt lat="29.72562" lon="-99.73091">
        <ele>549.0</ele>
      </trkpt>
      <trkpt lat="29.72567" lon="-99.73093">
        <ele>548.3</ele>
      </trkpt>
      <trkpt lat="29.72576" lon="-99.73097">
        <ele>547.0</ele>
      </trkpt>
      <trkpt lat="29.72579" lon="-99.73098">
        <ele>546.7</ele>
      </trkpt>
      <trkpt lat="29.72595" lon="-99.73104">
        <ele>544.6</ele>
      </trkpt>
      <trkpt lat="29.72612" lon="-99.7311">
        <ele>541.9</ele>
      </trkpt>
      <trkpt lat="29.72628" lon="-99.73114">
        <ele>538.7</ele>
      </trkpt>
      <trkpt lat="29.72631" lon="-99.73114">
        <ele>538.1</ele>
      </trkpt>
      <trkpt lat="29.72642" lon="-99.73115">
        <ele>535.8</ele>
      </trkpt>
      <trkpt lat="29.72649" lon="-99.73117">
        <ele>534.2</ele>
      </trkpt>
      <trkpt lat="29.72658" lon="-99.73119">
        <ele>531.9</ele>
      </trkpt>
      <trkpt lat="29.72667" lon="-99.7312">
        <ele>529.7</ele>
      </trkpt>
      <trkpt lat="29.72673" lon="-99.73121">
        <ele>528.8</ele>
      </trkpt>
      <trkpt lat="29.72682" lon="-99.73124">
        <ele>528.1</ele>
      </trkpt>
      <trkpt lat="29.72684" lon="-99.73124">
        <ele>528.0</ele>
      </trkpt>
      <trkpt lat="29.72689" lon="-99.73126">
        <ele>528.1</ele>
      </trkpt>
      <trkpt lat="29.72695" lon="-99.73127">
        <ele>528.3</ele>
      </trkpt>
      <trkpt lat="29.72702" lon="-99.73128">
        <ele>528.8</ele>
      </trkpt>
      <trkpt lat="29.72716" lon="-99.73127">
        <ele>529.7</ele>
      </trkpt>
      <trkpt lat="29.7272" lon="-99.73127">
        <ele>529.9</ele>
      </trkpt>
      <trkpt lat="29.72723" lon="-99.73126">
        <ele>530.2</ele>
      </trkpt>
      <trkpt lat="29.72732" lon="-99.73121">
        <ele>531.2</ele>
      </trkpt>
      <trkpt lat="29.72736" lon="-99.73118">
        <ele>531.7</ele>
      </trkpt>
      <trkpt lat="29.72741" lon="-99.73113">
        <ele>532.4</ele>
      </trkpt>
      <trkpt lat="29.72756" lon="-99.73095">
        <ele>534.7</ele>
      </trkpt>
      <trkpt lat="29.72761" lon="-99.73088">
        <ele>535.4</ele>
      </trkpt>
      <trkpt lat="29.72779" lon="-99.73066">
        <ele>537.4</ele>
      </trkpt>
      <trkpt lat="29.72786" lon="-99.73058">
        <ele>538.3</ele>
      </trkpt>
      <trkpt lat="29.72786" lon="-99.73058">
        <ele>538.3</ele>
      </trkpt>
      <trkpt lat="29.72795" lon="-99.73059">
        <ele>538.2</ele>
      </trkpt>
      <trkpt lat="29.72801" lon="-99.73064">
        <ele>537.5</ele>
      </trkpt>
      <trkpt lat="29.7281" lon="-99.73078">
        <ele>536.0</ele>
      </trkpt>
      <trkpt lat="29.72813" lon="-99.73083">
        <ele>535.6</ele>
      </trkpt>
      <trkpt lat="29.72817" lon="-99.73089">
        <ele>535.1</ele>
      </trkpt>
      <trkpt lat="29.72824" lon="-99.731">
        <ele>534.3</ele>
      </trkpt>
      <trkpt lat="29.72829" lon="-99.73112">
        <ele>533.4</ele>
      </trkpt>
      <trkpt lat="29.72834" lon="-99.73125">
        <ele>532.5</ele>
      </trkpt>
      <trkpt lat="29.72837" lon="-99.73138">
        <ele>531.6</ele>
      </trkpt>
      <trkpt lat="29.7284" lon="-99.73152">
        <ele>530.5</ele>
      </trkpt>
      <trkpt lat="29.72841" lon="-99.73159">
        <ele>529.9</ele>
      </trkpt>
      <trkpt lat="29.72843" lon="-99.73166">
        <ele>529.4</ele>
      </trkpt>
      <trkpt lat="29.72843" lon="-99.73172">
        <ele>528.8</ele>
      </trkpt>
      <trkpt lat="29.72844" lon="-99.73179">
        <ele>528.2</ele>
      </trkpt>
      <trkpt lat="29.72847" lon="-99.732">
        <ele>526.5</ele>
      </trkpt>
      <trkpt lat="29.72848" lon="-99.73213">
        <ele>525.8</ele>
      </trkpt>
      <trkpt lat="29.72849" lon="-99.7322">
        <ele>525.7</ele>
      </trkpt>
      <trkpt lat="29.72862" lon="-99.73323">
        <ele>519.7</ele>
      </trkpt>
      <trkpt lat="29.72862" lon="-99.73325">
        <ele>519.5</ele>
      </trkpt>
      <trkpt lat="29.7287" lon="-99.73386">
        <ele>516.7</ele>
      </trkpt>
      <trkpt lat="29.72873" lon="-99.73409">
        <ele>515.9</ele>
      </trkpt>
      <trkpt lat="29.72873" lon="-99.73418">
        <ele>515.6</ele>
      </trkpt>
      <trkpt lat="29.72874" lon="-99.73434">
        <ele>515.2</ele>
      </trkpt>
      <trkpt lat="29.72873" lon="-99.73447">
        <ele>514.8</ele>
      </trkpt>
      <trkpt lat="29.72871" lon="-99.73467">
        <ele>514.3</ele>
      </trkpt>
      <trkpt lat="29.7287" lon="-99.73475">
        <ele>514.1</ele>
      </trkpt>
      <trkpt lat="29.72869" lon="-99.7348">
        <ele>514.0</ele>
      </trkpt>
      <trkpt lat="29.72865" lon="-99.7352">
        <ele>512.8</ele>
      </trkpt>
      <trkpt lat="29.72865" lon="-99.73521">
        <ele>512.9</ele>
      </trkpt>
      <trkpt lat="29.72864" lon="-99.73528">
        <ele>512.9</ele>
      </trkpt>
      <trkpt lat="29.72863" lon="-99.73542">
        <ele>513.0</ele>
      </trkpt>
      <trkpt lat="29.72862" lon="-99.73551">
        <ele>513.1</ele>
      </trkpt>
      <trkpt lat="29.72859" lon="-99.73566">
        <ele>513.6</ele>
      </trkpt>
      <trkpt lat="29.72856" lon="-99.7359">
        <ele>514.1</ele>
      </trkpt>
      <trkpt lat="29.72855" lon="-99.73595">
        <ele>514.0</ele>
      </trkpt>
      <trkpt lat="29.72855" lon="-99.73603">
        <ele>514.0</ele>
      </trkpt>
      <trkpt lat="29.72855" lon="-99.73606">
        <ele>513.9</ele>
      </trkpt>
      <trkpt lat="29.72855" lon="-99.73606">
        <ele>513.9</ele>
      </trkpt>
      <trkpt lat="29.72854" lon="-99.7361">
        <ele>513.8</ele>
      </trkpt>
      <trkpt lat="29.72854" lon="-99.73624">
        <ele>513.4</ele>
      </trkpt>
      <trkpt lat="29.72854" lon="-99.73625">
        <ele>513.3</ele>
      </trkpt>
      <trkpt lat="29.72854" lon="-99.7364">
        <ele>512.8</ele>
      </trkpt>
      <trkpt lat="29.72856" lon="-99.73654">
        <ele>512.3</ele>
      </trkpt>
      <trkpt lat="29.72858" lon="-99.73668">
        <ele>511.7</ele>
      </trkpt>
      <trkpt lat="29.72867" lon="-99.73709">
        <ele>508.4</ele>
      </trkpt>
      <trkpt lat="29.72889" lon="-99.73796">
        <ele>501.5</ele>
      </trkpt>
      <trkpt lat="29.72891" lon="-99.73805">
        <ele>501.2</ele>
      </trkpt>
      <trkpt lat="29.72893" lon="-99.73811">
        <ele>501.1</ele>
      </trkpt>
      <trkpt lat="29.72902" lon="-99.73844">
        <ele>501.2</ele>
      </trkpt>
      <trkpt lat="29.72903" lon="-99.73847">
        <ele>501.3</ele>
      </trkpt>
      <trkpt lat="29.72912" lon="-99.7388">
        <ele>501.2</ele>
      </trkpt>
      <trkpt lat="29.7292" lon="-99.73903">
        <ele>500.7</ele>
      </trkpt>
      <trkpt lat="29.72922" lon="-99.73909">
        <ele>500.4</ele>
      </trkpt>
      <trkpt lat="29.72923" lon="-99.73911">
        <ele>500.2</ele>
      </trkpt>
      <trkpt lat="29.72926" lon="-99.73922">
        <ele>498.3</ele>
      </trkpt>
      <trkpt lat="29.72928" lon="-99.73929">
        <ele>496.9</ele>
      </trkpt>
      <trkpt lat="29.72929" lon="-99.73932">
        <ele>496.3</ele>
      </trkpt>
      <trkpt lat="29.72932" lon="-99.73942">
        <ele>495.7</ele>
      </trkpt>
      <trkpt lat="29.72934" lon="-99.73949">
        <ele>496.3</ele>
      </trkpt>
      <trkpt lat="29.7294" lon="-99.73971">
        <ele>499.9</ele>
      </trkpt>
      <trkpt lat="29.72946" lon="-99.73987">
        <ele>501.3</ele>
      </trkpt>
      <trkpt lat="29.72946" lon="-99.73987">
        <ele>501.3</ele>
      </trkpt>
      <trkpt lat="29.72942" lon="-99.74">
        <ele>501.2</ele>
      </trkpt>
      <trkpt lat="29.72938" lon="-99.74011">
        <ele>501.1</ele>
      </trkpt>
      <trkpt lat="29.72934" lon="-99.74027">
        <ele>501.2</ele>
      </trkpt>
      <trkpt lat="29.72932" lon="-99.74035">
        <ele>501.2</ele>
      </trkpt>
      <trkpt lat="29.7293" lon="-99.74047">
        <ele>501.2</ele>
      </trkpt>
      <trkpt lat="29.72928" lon="-99.74061">
        <ele>501.0</ele>
      </trkpt>
      <trkpt lat="29.72927" lon="-99.74067">
        <ele>501.0</ele>
      </trkpt>
      <trkpt lat="29.72921" lon="-99.74112">
        <ele>500.5</ele>
      </trkpt>
      <trkpt lat="29.72919" lon="-99.74129">
        <ele>500.1</ele>
      </trkpt>
      <trkpt lat="29.72918" lon="-99.74135">
        <ele>499.9</ele>
      </trkpt>
      <trkpt lat="29.72914" lon="-99.74168">
        <ele>498.7</ele>
      </trkpt>
      <trkpt lat="29.72913" lon="-99.74169">
        <ele>498.6</ele>
      </trkpt>
      <trkpt lat="29.72909" lon="-99.7419">
        <ele>497.2</ele>
      </trkpt>
      <trkpt lat="29.72907" lon="-99.742">
        <ele>496.4</ele>
      </trkpt>
      <trkpt lat="29.72904" lon="-99.7421">
        <ele>495.6</ele>
      </trkpt>
      <trkpt lat="29.72895" lon="-99.7425">
        <ele>492.6</ele>
      </trkpt>
      <trkpt lat="29.72891" lon="-99.74268">
        <ele>491.5</ele>
      </trkpt>
      <trkpt lat="29.72885" lon="-99.74287">
        <ele>490.8</ele>
      </trkpt>
      <trkpt lat="29.72874" lon="-99.74329">
        <ele>491.1</ele>
      </trkpt>
      <trkpt lat="29.72869" lon="-99.74349">
        <ele>490.7</ele>
      </trkpt>
      <trkpt lat="29.72863" lon="-99.74368">
        <ele>490.5</ele>
      </trkpt>
      <trkpt lat="29.72863" lon="-99.74371">
        <ele>490.6</ele>
      </trkpt>
      <trkpt lat="29.72849" lon="-99.74424">
        <ele>490.5</ele>
      </trkpt>
      <trkpt lat="29.72846" lon="-99.74432">
        <ele>490.6</ele>
      </trkpt>
      <trkpt lat="29.72846" lon="-99.74432">
        <ele>490.6</ele>
      </trkpt>
      <trkpt lat="29.72824" lon="-99.74422">
        <ele>489.9</ele>
      </trkpt>
      <trkpt lat="29.72813" lon="-99.74417">
        <ele>488.2</ele>
      </trkpt>
      <trkpt lat="29.72807" lon="-99.74415">
        <ele>487.0</ele>
      </trkpt>
      <trkpt lat="29.72801" lon="-99.74412">
        <ele>485.8</ele>
      </trkpt>
      <trkpt lat="29.7279" lon="-99.74409">
        <ele>484.8</ele>
      </trkpt>
      <trkpt lat="29.7278" lon="-99.74406">
        <ele>486.1</ele>
      </trkpt>
      <trkpt lat="29.72779" lon="-99.74406">
        <ele>486.3</ele>
      </trkpt>
      <trkpt lat="29.72773" lon="-99.74405">
        <ele>487.6</ele>
      </trkpt>
      <trkpt lat="29.7277" lon="-99.74405">
        <ele>488.3</ele>
      </trkpt>
      <trkpt lat="29.72761" lon="-99.74405">
        <ele>489.8</ele>
      </trkpt>
      <trkpt lat="29.7276" lon="-99.74406">
        <ele>489.9</ele>
      </trkpt>
      <trkpt lat="29.72755" lon="-99.74407">
        <ele>490.1</ele>
      </trkpt>
      <trkpt lat="29.7275" lon="-99.74408">
        <ele>490.2</ele>
      </trkpt>
      <trkpt lat="29.72739" lon="-99.74412">
        <ele>490.7</ele>
      </trkpt>
      <trkpt lat="29.72727" lon="-99.74416">
        <ele>491.0</ele>
      </trkpt>
      <trkpt lat="29.7272" lon="-99.74419">
        <ele>491.0</ele>
      </trkpt>
      <trkpt lat="29.72709" lon="-99.74422">
        <ele>491.0</ele>
      </trkpt>
      <trkpt lat="29.72703" lon="-99.74424">
        <ele>490.8</ele>
      </trkpt>
      <trkpt lat="29.727" lon="-99.74425">
        <ele>490.8</ele>
      </trkpt>
      <trkpt lat="29.72692" lon="-99.74427">
        <ele>490.7</ele>
      </trkpt>
      <trkpt lat="29.72685" lon="-99.74429">
        <ele>490.6</ele>
      </trkpt>
      <trkpt lat="29.72672" lon="-99.74432">
        <ele>490.5</ele>
      </trkpt>
      <trkpt lat="29.7265" lon="-99.74437">
        <ele>490.6</ele>
      </trkpt>
      <trkpt lat="29.72639" lon="-99.7444">
        <ele>490.6</ele>
      </trkpt>
      <trkpt lat="29.72633" lon="-99.74442">
        <ele>490.7</ele>
      </trkpt>
      <trkpt lat="29.72631" lon="-99.74442">
        <ele>490.7</ele>
      </trkpt>
      <trkpt lat="29.72619" lon="-99.74446">
        <ele>490.9</ele>
      </trkpt>
      <trkpt lat="29.72615" lon="-99.74447">
        <ele>491.0</ele>
      </trkpt>
      <trkpt lat="29.72608" lon="-99.7445">
        <ele>491.2</ele>
      </trkpt>
      <trkpt lat="29.72605" lon="-99.74452">
        <ele>491.3</ele>
      </trkpt>
      <trkpt lat="29.72599" lon="-99.74455">
        <ele>491.5</ele>
      </trkpt>
      <trkpt lat="29.72597" lon="-99.74456">
        <ele>491.6</ele>
      </trkpt>
      <trkpt lat="29.72589" lon="-99.74462">
        <ele>491.9</ele>
      </trkpt>
      <trkpt lat="29.72587" lon="-99.74463">
        <ele>492.0</ele>
      </trkpt>
      <trkpt lat="29.72586" lon="-99.74464">
        <ele>492.0</ele>
      </trkpt>
      <trkpt lat="29.72586" lon="-99.74464">
        <ele>492.0</ele>
      </trkpt>
      <trkpt lat="29.72584" lon="-99.74466">
        <ele>492.1</ele>
      </trkpt>
      <trkpt lat="29.72577" lon="-99.74472">
        <ele>492.3</ele>
      </trkpt>
      <trkpt lat="29.72574" lon="-99.74474">
        <ele>492.4</ele>
      </trkpt>
      <trkpt lat="29.72569" lon="-99.74479">
        <ele>492.6</ele>
      </trkpt>
      <trkpt lat="29.72559" lon="-99.74489">
        <ele>492.8</ele>
      </trkpt>
      <trkpt lat="29.72551" lon="-99.74497">
        <ele>492.8</ele>
      </trkpt>
      <trkpt lat="29.72547" lon="-99.74501">
        <ele>492.8</ele>
      </trkpt>
      <trkpt lat="29.72531" lon="-99.74517">
        <ele>492.6</ele>
      </trkpt>
      <trkpt lat="29.7252" lon="-99.74528">
        <ele>492.3</ele>
      </trkpt>
      <trkpt lat="29.72502" lon="-99.74539">
        <ele>492.2</ele>
      </trkpt>
      <trkpt lat="29.72485" lon="-99.74559">
        <ele>491.7</ele>
      </trkpt>
      <trkpt lat="29.72478" lon="-99.74566">
        <ele>491.6</ele>
      </trkpt>
      <trkpt lat="29.72475" lon="-99.74569">
        <ele>491.5</ele>
      </trkpt>
      <trkpt lat="29.7246" lon="-99.74585">
        <ele>491.1</ele>
      </trkpt>
      <trkpt lat="29.72449" lon="-99.74602">
        <ele>490.6</ele>
      </trkpt>
      <trkpt lat="29.72447" lon="-99.74605">
        <ele>490.6</ele>
      </trkpt>
      <trkpt lat="29.72432" lon="-99.74629">
        <ele>489.9</ele>
      </trkpt>
      <trkpt lat="29.72428" lon="-99.74635">
        <ele>489.7</ele>
      </trkpt>
      <trkpt lat="29.72425" lon="-99.74639">
        <ele>489.6</ele>
      </trkpt>
      <trkpt lat="29.72424" lon="-99.74641">
        <ele>489.5</ele>
      </trkpt>
      <trkpt lat="29.7242" lon="-99.74645">
        <ele>489.4</ele>
      </trkpt>
      <trkpt lat="29.72414" lon="-99.7465">
        <ele>489.2</ele>
      </trkpt>
      <trkpt lat="29.72406" lon="-99.74653">
        <ele>489.1</ele>
      </trkpt>
      <trkpt lat="29.72398" lon="-99.74655">
        <ele>489.1</ele>
      </trkpt>
      <trkpt lat="29.72397" lon="-99.74656">
        <ele>489.0</ele>
      </trkpt>
      <trkpt lat="29.72373" lon="-99.74662">
        <ele>488.9</ele>
      </trkpt>
      <trkpt lat="29.72368" lon="-99.74663">
        <ele>488.8</ele>
      </trkpt>
      <trkpt lat="29.72358" lon="-99.74666">
        <ele>488.7</ele>
      </trkpt>
      <trkpt lat="29.72349" lon="-99.7467">
        <ele>488.6</ele>
      </trkpt>
      <trkpt lat="29.72348" lon="-99.7467">
        <ele>488.6</ele>
      </trkpt>
      <trkpt lat="29.72339" lon="-99.74674">
        <ele>488.5</ele>
      </trkpt>
      <trkpt lat="29.7232" lon="-99.74685">
        <ele>488.1</ele>
      </trkpt>
      <trkpt lat="29.72301" lon="-99.74693">
        <ele>487.7</ele>
      </trkpt>
      <trkpt lat="29.72299" lon="-99.74694">
        <ele>487.7</ele>
      </trkpt>
      <trkpt lat="29.72284" lon="-99.747">
        <ele>487.4</ele>
      </trkpt>
      <trkpt lat="29.72272" lon="-99.74703">
        <ele>487.3</ele>
      </trkpt>
      <trkpt lat="29.7227" lon="-99.74704">
        <ele>487.3</ele>
      </trkpt>
      <trkpt lat="29.72253" lon="-99.74708">
        <ele>487.2</ele>
      </trkpt>
      <trkpt lat="29.72253" lon="-99.74708">
        <ele>487.2</ele>
      </trkpt>
      <trkpt lat="29.72279" lon="-99.74965">
        <ele>482.1</ele>
      </trkpt>
      <trkpt lat="29.7228" lon="-99.7497">
        <ele>482.0</ele>
      </trkpt>
      <trkpt lat="29.7228" lon="-99.7497">
        <ele>482.0</ele>
      </trkpt>
      <trkpt lat="29.72286" lon="-99.75026">
        <ele>481.7</ele>
      </trkpt>
      <trkpt lat="29.72288" lon="-99.75047">
        <ele>481.7</ele>
      </trkpt>
      <trkpt lat="29.72292" lon="-99.75089">
        <ele>481.5</ele>
      </trkpt>
      <trkpt lat="29.72297" lon="-99.75129">
        <ele>481.1</ele>
      </trkpt>
      <trkpt lat="29.72302" lon="-99.75181">
        <ele>480.5</ele>
      </trkpt>
      <trkpt lat="29.72314" lon="-99.75301">
        <ele>479.1</ele>
      </trkpt>
      <trkpt lat="29.72316" lon="-99.75332">
        <ele>478.8</ele>
      </trkpt>
      <trkpt lat="29.72317" lon="-99.75341">
        <ele>478.7</ele>
      </trkpt>
      <trkpt lat="29.72317" lon="-99.75349">
        <ele>478.6</ele>
      </trkpt>
      <trkpt lat="29.72318" lon="-99.75357">
        <ele>478.5</ele>
      </trkpt>
      <trkpt lat="29.72318" lon="-99.75366">
        <ele>478.4</ele>
      </trkpt>
      <trkpt lat="29.72318" lon="-99.7537">
        <ele>478.4</ele>
      </trkpt>
      <trkpt lat="29.72318" lon="-99.75374">
        <ele>478.4</ele>
      </trkpt>
      <trkpt lat="29.72318" lon="-99.75381">
        <ele>478.3</ele>
      </trkpt>
      <trkpt lat="29.72317" lon="-99.75389">
        <ele>478.2</ele>
      </trkpt>
      <trkpt lat="29.72317" lon="-99.75397">
        <ele>478.1</ele>
      </trkpt>
      <trkpt lat="29.72316" lon="-99.75403">
        <ele>478.1</ele>
      </trkpt>
      <trkpt lat="29.72315" lon="-99.75417">
        <ele>477.9</ele>
      </trkpt>
      <trkpt lat="29.72313" lon="-99.75431">
        <ele>477.8</ele>
      </trkpt>
      <trkpt lat="29.72311" lon="-99.75445">
        <ele>477.6</ele>
      </trkpt>
      <trkpt lat="29.7231" lon="-99.75454">
        <ele>477.5</ele>
      </trkpt>
      <trkpt lat="29.72308" lon="-99.75469">
        <ele>477.4</ele>
      </trkpt>
      <trkpt lat="29.72306" lon="-99.75483">
        <ele>477.3</ele>
      </trkpt>
      <trkpt lat="29.723" lon="-99.75517">
        <ele>476.9</ele>
      </trkpt>
      <trkpt lat="29.72294" lon="-99.75552">
        <ele>476.6</ele>
      </trkpt>
      <trkpt lat="29.72293" lon="-99.75562">
        <ele>476.5</ele>
      </trkpt>
      <trkpt lat="29.7229" lon="-99.75581">
        <ele>476.3</ele>
      </trkpt>
      <trkpt lat="29.72289" lon="-99.75594">
        <ele>476.2</ele>
      </trkpt>
      <trkpt lat="29.72289" lon="-99.75603">
        <ele>476.1</ele>
      </trkpt>
      <trkpt lat="29.7229" lon="-99.75612">
        <ele>476.0</ele>
      </trkpt>
      <trkpt lat="29.7229" lon="-99.75613">
        <ele>476.0</ele>
      </trkpt>
      <trkpt lat="29.7229" lon="-99.75621">
        <ele>475.9</ele>
      </trkpt>
      <trkpt lat="29.72291" lon="-99.75629">
        <ele>475.8</ele>
      </trkpt>
      <trkpt lat="29.72292" lon="-99.75631">
        <ele>475.8</ele>
      </trkpt>
      <trkpt lat="29.72292" lon="-99.75634">
        <ele>475.8</ele>
      </trkpt>
      <trkpt lat="29.72292" lon="-99.75635">
        <ele>475.8</ele>
      </trkpt>
      <trkpt lat="29.72294" lon="-99.75642">
        <ele>475.7</ele>
      </trkpt>
      <trkpt lat="29.72296" lon="-99.7565">
        <ele>475.6</ele>
      </trkpt>
      <trkpt lat="29.72296" lon="-99.75651">
        <ele>475.6</ele>
      </trkpt>
      <trkpt lat="29.723" lon="-99.75664">
        <ele>475.5</ele>
      </trkpt>
      <trkpt lat="29.72303" lon="-99.7567">
        <ele>475.5</ele>
      </trkpt>
      <trkpt lat="29.72304" lon="-99.75673">
        <ele>475.5</ele>
      </trkpt>
      <trkpt lat="29.72307" lon="-99.7568">
        <ele>475.7</ele>
      </trkpt>
      <trkpt lat="29.72311" lon="-99.75688">
        <ele>476.0</ele>
      </trkpt>
      <trkpt lat="29.72311" lon="-99.75689">
        <ele>476.1</ele>
      </trkpt>
      <trkpt lat="29.72313" lon="-99.75691">
        <ele>476.2</ele>
      </trkpt>
      <trkpt lat="29.72315" lon="-99.75695">
        <ele>476.3</ele>
      </trkpt>
      <trkpt lat="29.72321" lon="-99.75706">
        <ele>476.7</ele>
      </trkpt>
      <trkpt lat="29.72322" lon="-99.75708">
        <ele>476.8</ele>
      </trkpt>
      <trkpt lat="29.72326" lon="-99.75715">
        <ele>477.1</ele>
      </trkpt>
      <trkpt lat="29.7233" lon="-99.75723">
        <ele>477.3</ele>
      </trkpt>
      <trkpt lat="29.72332" lon="-99.75726">
        <ele>477.4</ele>
      </trkpt>
      <trkpt lat="29.72332" lon="-99.75727">
        <ele>477.4</ele>
      </trkpt>
      <trkpt lat="29.7234" lon="-99.75743">
        <ele>477.8</ele>
      </trkpt>
      <trkpt lat="29.72345" lon="-99.75754">
        <ele>478.4</ele>
      </trkpt>
      <trkpt lat="29.72349" lon="-99.75764">
        <ele>478.9</ele>
      </trkpt>
      <trkpt lat="29.72354" lon="-99.75779">
        <ele>479.5</ele>
      </trkpt>
      <trkpt lat="29.72357" lon="-99.75787">
        <ele>479.9</ele>
      </trkpt>
      <trkpt lat="29.72359" lon="-99.75796">
        <ele>480.2</ele>
      </trkpt>
      <trkpt lat="29.72362" lon="-99.75804">
        <ele>480.5</ele>
      </trkpt>
      <trkpt lat="29.72363" lon="-99.75812">
        <ele>480.8</ele>
      </trkpt>
      <trkpt lat="29.72365" lon="-99.7582">
        <ele>481.1</ele>
      </trkpt>
      <trkpt lat="29.72366" lon="-99.75827">
        <ele>481.3</ele>
      </trkpt>
      <trkpt lat="29.72368" lon="-99.75837">
        <ele>481.6</ele>
      </trkpt>
      <trkpt lat="29.72368" lon="-99.75839">
        <ele>481.7</ele>
      </trkpt>
      <trkpt lat="29.72369" lon="-99.75847">
        <ele>481.8</ele>
      </trkpt>
      <trkpt lat="29.72371" lon="-99.75858">
        <ele>482.0</ele>
      </trkpt>
      <trkpt lat="29.72371" lon="-99.7586">
        <ele>482.0</ele>
      </trkpt>
      <trkpt lat="29.72372" lon="-99.75867">
        <ele>482.2</ele>
      </trkpt>
      <trkpt lat="29.72374" lon="-99.75879">
        <ele>482.3</ele>
      </trkpt>
      <trkpt lat="29.72376" lon="-99.75894">
        <ele>482.6</ele>
      </trkpt>
      <trkpt lat="29.72379" lon="-99.75916">
        <ele>482.8</ele>
      </trkpt>
      <trkpt lat="29.72381" lon="-99.75933">
        <ele>483.0</ele>
      </trkpt>
      <trkpt lat="29.72383" lon="-99.75947">
        <ele>483.2</ele>
      </trkpt>
      <trkpt lat="29.72385" lon="-99.75962">
        <ele>483.3</ele>
      </trkpt>
      <trkpt lat="29.7239" lon="-99.75998">
        <ele>483.4</ele>
      </trkpt>
      <trkpt lat="29.72393" lon="-99.76019">
        <ele>483.5</ele>
      </trkpt>
      <trkpt lat="29.72393" lon="-99.76019">
        <ele>483.5</ele>
      </trkpt>
      <trkpt lat="29.72414" lon="-99.76015">
        <ele>483.6</ele>
      </trkpt>
      <trkpt lat="29.72431" lon="-99.76012">
        <ele>483.7</ele>
      </trkpt>
      <trkpt lat="29.72467" lon="-99.76006">
        <ele>483.6</ele>
      </trkpt>
      <trkpt lat="29.72519" lon="-99.75996">
        <ele>483.8</ele>
      </trkpt>
      <trkpt lat="29.72525" lon="-99.75996">
        <ele>483.8</ele>
      </trkpt>
      <trkpt lat="29.72529" lon="-99.75996">
        <ele>483.9</ele>
      </trkpt>
      <trkpt lat="29.72533" lon="-99.75997">
        <ele>483.9</ele>
      </trkpt>
      <trkpt lat="29.72537" lon="-99.75999">
        <ele>484.0</ele>
      </trkpt>
      <trkpt lat="29.72537" lon="-99.75999">
        <ele>484.0</ele>
      </trkpt>
      <trkpt lat="29.7254" lon="-99.76001">
        <ele>484.0</ele>
      </trkpt>
      <trkpt lat="29.72545" lon="-99.76007">
        <ele>484.2</ele>
      </trkpt>
      <trkpt lat="29.72547" lon="-99.76014">
        <ele>484.4</ele>
      </trkpt>
      <trkpt lat="29.72553" lon="-99.76056">
        <ele>485.3</ele>
      </trkpt>
      <trkpt lat="29.72555" lon="-99.76068">
        <ele>485.5</ele>
      </trkpt>
      <trkpt lat="29.72555" lon="-99.76068">
        <ele>485.5</ele>
      </trkpt>
      <trkpt lat="29.72555" lon="-99.76068">
        <ele>485.5</ele>
      </trkpt>
      <trkpt lat="29.72559" lon="-99.7609">
        <ele>485.8</ele>
      </trkpt>
      <trkpt lat="29.72559" lon="-99.7609">
        <ele>485.8</ele>
      </trkpt>
      <trkpt lat="29.72587" lon="-99.76087">
        <ele>486.2</ele>
      </trkpt>
      <trkpt lat="29.72589" lon="-99.76087">
        <ele>486.2</ele>
      </trkpt>
      <trkpt lat="29.72606" lon="-99.76086">
        <ele>486.3</ele>
      </trkpt>
      <trkpt lat="29.72607" lon="-99.76085">
        <ele>486.3</ele>
      </trkpt>
      <trkpt lat="29.72624" lon="-99.76084">
        <ele>486.4</ele>
      </trkpt>
      <trkpt lat="29.72624" lon="-99.76084">
        <ele>486.4</ele>
      </trkpt>
      <trkpt lat="29.72643" lon="-99.76082">
        <ele>486.5</ele>
      </trkpt>
      <trkpt lat="29.72643" lon="-99.76082">
        <ele>486.5</ele>
      </trkpt>
      <trkpt lat="29.72655" lon="-99.76166">
        <ele>487.6</ele>
      </trkpt>
      <trkpt lat="29.72668" lon="-99.76242">
        <ele>488.8</ele>
      </trkpt>
    </trkseg>
  </trk>
</gpx>
