<?xml version="1.0" encoding="UTF-8"?>
<gpx xmlns:gpxdata="http://www.cluetrust.com/XML/GPXDATA/1/0" xmlns:xsi="http://www.w3.org/2001/XMLSchema-instance" xmlns="http://www.topografix.com/GPX/1/1" version="1.1" creator="http://ridewithgps.com/" xsi:schemaLocation="http://www.topografix.com/GPX/1/1 http://www.topografix.com/GPX/1/1/gpx.xsd http://www.cluetrust.com/XML/GPXDATA/1/0 http://www.cluetrust.com/Schemas/gpxdata10.xsd">
  <metadata>
    <name>Valley of Tears--2026 Long Course</name>
    <link href="https://ridewithgps.com/routes/53711819">
      <text>Valley of Tears--2026 Long Course</text>
    </link>
    <time>2026-01-12T10:11:11Z</time>
  </metadata>
  <wpt lat="34.29967969004605" lon="-101.096424486414">
    <name>Aid 1</name>
    <cmt>aid_station</cmt>
    <sym>Dot</sym>
    <type>aid_station</type>
  </wpt>
  <wpt lat="34.44635229529308" lon="-101.0264257992792">
    <name>Aid 2</name>
    <cmt>aid_station</cmt>
    <sym>Dot</sym>
    <type>aid_station</type>
  </wpt>
  <wpt lat="34.39419355191818" lon="-100.89758416025886">
    <name>Start/Finish Aid </name>
    <cmt>aid_station</cmt>
    <sym>Dot</sym>
    <type>aid_station</type>
  </wpt>
  <wpt lat="34.30992000000019" lon="-100.6961500000001">
    <name>Aid 4</name>
    <cmt>aid_station</cmt>
    <sym>Dot</sym>
    <type>aid_station</type>
  </wpt>
  <wpt lat="34.481305680876105" lon="-100.77892234531852">
    <name>Aid 5</name>
    <cmt>aid_station</cmt>
    <sym>Dot</sym>
    <type>aid_station</type>
  </wpt>
  <trk>
    <name>Valley of Tears--2026 Long Course</name>
    <trkseg>
      <trkpt lat="34.39379" lon="-100.89758">
        <ele>712.6</ele>
      </trkpt>
      <trkpt lat="34.393295" lon="-100.89757">
        <ele>711.9</ele>
      </trkpt>
      <trkpt lat="34.3928" lon="-100.89756">
        <ele>711.2</ele>
      </trkpt>
      <trkpt lat="34.3928" lon="-100.898408">
        <ele>710.8</ele>
      </trkpt>
      <trkpt lat="34.3928" lon="-100.899255">
        <ele>710.6</ele>
      </trkpt>
      <trkpt lat="34.3928" lon="-100.900103">
        <ele>710.1</ele>
      </trkpt>
      <trkpt lat="34.3928" lon="-100.90095">
        <ele>709.9</ele>
      </trkpt>
      <trkpt lat="34.39278" lon="-100.90127">
        <ele>710.0</ele>
      </trkpt>
      <trkpt lat="34.39203" lon="-100.90113">
        <ele>708.8</ele>
      </trkpt>
      <trkpt lat="34.39137" lon="-100.901115">
        <ele>709.1</ele>
      </trkpt>
      <trkpt lat="34.39071" lon="-100.9011">
        <ele>709.5</ele>
      </trkpt>
      <trkpt lat="34.389881" lon="-100.901092">
        <ele>709.5</ele>
      </trkpt>
      <trkpt lat="34.389052" lon="-100.901084">
        <ele>709.4</ele>
      </trkpt>
      <trkpt lat="34.388223" lon="-100.901077">
        <ele>708.7</ele>
      </trkpt>
      <trkpt lat="34.387394" lon="-100.901069">
        <ele>708.5</ele>
      </trkpt>
      <trkpt lat="34.386566" lon="-100.901061">
        <ele>708.1</ele>
      </trkpt>
      <trkpt lat="34.385737" lon="-100.901053">
        <ele>707.8</ele>
      </trkpt>
      <trkpt lat="34.384908" lon="-100.901046">
        <ele>706.5</ele>
      </trkpt>
      <trkpt lat="34.384079" lon="-100.901038">
        <ele>704.7</ele>
      </trkpt>
      <trkpt lat="34.38325" lon="-100.90103">
        <ele>704.5</ele>
      </trkpt>
      <trkpt lat="34.382368" lon="-100.901016">
        <ele>706.3</ele>
      </trkpt>
      <trkpt lat="34.381486" lon="-100.901002">
        <ele>707.4</ele>
      </trkpt>
      <trkpt lat="34.380604" lon="-100.900988">
        <ele>706.3</ele>
      </trkpt>
      <trkpt lat="34.379722" lon="-100.900974">
        <ele>705.9</ele>
      </trkpt>
      <trkpt lat="34.37884" lon="-100.90096">
        <ele>706.3</ele>
      </trkpt>
      <trkpt lat="34.377958" lon="-100.900946">
        <ele>707.5</ele>
      </trkpt>
      <trkpt lat="34.377076" lon="-100.900932">
        <ele>708.1</ele>
      </trkpt>
      <trkpt lat="34.376194" lon="-100.900918">
        <ele>708.7</ele>
      </trkpt>
      <trkpt lat="34.375312" lon="-100.900904">
        <ele>709.9</ele>
      </trkpt>
      <trkpt lat="34.37443" lon="-100.90089">
        <ele>710.0</ele>
      </trkpt>
      <trkpt lat="34.373565" lon="-100.900893">
        <ele>710.4</ele>
      </trkpt>
      <trkpt lat="34.3727" lon="-100.900895">
        <ele>710.5</ele>
      </trkpt>
      <trkpt lat="34.371835" lon="-100.900898">
        <ele>710.0</ele>
      </trkpt>
      <trkpt lat="34.37097" lon="-100.9009">
        <ele>709.5</ele>
      </trkpt>
      <trkpt lat="34.37031" lon="-100.900893">
        <ele>708.3</ele>
      </trkpt>
      <trkpt lat="34.36965" lon="-100.900887">
        <ele>708.0</ele>
      </trkpt>
      <trkpt lat="34.36899" lon="-100.90088">
        <ele>707.7</ele>
      </trkpt>
      <trkpt lat="34.3681" lon="-100.900883">
        <ele>706.7</ele>
      </trkpt>
      <trkpt lat="34.36721" lon="-100.900887">
        <ele>706.4</ele>
      </trkpt>
      <trkpt lat="34.36632" lon="-100.90089">
        <ele>707.6</ele>
      </trkpt>
      <trkpt lat="34.3656" lon="-100.90085">
        <ele>708.4</ele>
      </trkpt>
      <trkpt lat="34.364907" lon="-100.90085">
        <ele>709.0</ele>
      </trkpt>
      <trkpt lat="34.364213" lon="-100.90085">
        <ele>707.6</ele>
      </trkpt>
      <trkpt lat="34.36352" lon="-100.90085">
        <ele>706.7</ele>
      </trkpt>
      <trkpt lat="34.36332" lon="-100.90089">
        <ele>706.9</ele>
      </trkpt>
      <trkpt lat="34.36325" lon="-100.90096">
        <ele>706.9</ele>
      </trkpt>
      <trkpt lat="34.36324" lon="-100.90097">
        <ele>706.9</ele>
      </trkpt>
      <trkpt lat="34.36317" lon="-100.90108">
        <ele>707.0</ele>
      </trkpt>
      <trkpt lat="34.36309" lon="-100.90135">
        <ele>707.1</ele>
      </trkpt>
      <trkpt lat="34.36309" lon="-100.902377">
        <ele>709.0</ele>
      </trkpt>
      <trkpt lat="34.36309" lon="-100.903405">
        <ele>710.9</ele>
      </trkpt>
      <trkpt lat="34.36309" lon="-100.904432">
        <ele>712.7</ele>
      </trkpt>
      <trkpt lat="34.36309" lon="-100.90546">
        <ele>713.7</ele>
      </trkpt>
      <trkpt lat="34.36309" lon="-100.906487">
        <ele>714.7</ele>
      </trkpt>
      <trkpt lat="34.36309" lon="-100.907515">
        <ele>715.8</ele>
      </trkpt>
      <trkpt lat="34.36309" lon="-100.908542">
        <ele>717.0</ele>
      </trkpt>
      <trkpt lat="34.36309" lon="-100.90957">
        <ele>718.3</ele>
      </trkpt>
      <trkpt lat="34.36306" lon="-100.91003">
        <ele>719.0</ele>
      </trkpt>
      <trkpt lat="34.36299" lon="-100.91025">
        <ele>719.1</ele>
      </trkpt>
      <trkpt lat="34.36288" lon="-100.91038">
        <ele>719.1</ele>
      </trkpt>
      <trkpt lat="34.36277" lon="-100.91047">
        <ele>719.1</ele>
      </trkpt>
      <trkpt lat="34.36261" lon="-100.91056">
        <ele>719.1</ele>
      </trkpt>
      <trkpt lat="34.36172" lon="-100.910545">
        <ele>719.0</ele>
      </trkpt>
      <trkpt lat="34.36083" lon="-100.91053">
        <ele>719.8</ele>
      </trkpt>
      <trkpt lat="34.359975" lon="-100.910485">
        <ele>719.9</ele>
      </trkpt>
      <trkpt lat="34.35912" lon="-100.91044">
        <ele>719.5</ele>
      </trkpt>
      <trkpt lat="34.358645" lon="-100.91043">
        <ele>718.8</ele>
      </trkpt>
      <trkpt lat="34.35817" lon="-100.91042">
        <ele>718.5</ele>
      </trkpt>
      <trkpt lat="34.357492" lon="-100.910412">
        <ele>717.7</ele>
      </trkpt>
      <trkpt lat="34.356815" lon="-100.910405">
        <ele>716.9</ele>
      </trkpt>
      <trkpt lat="34.356137" lon="-100.910397">
        <ele>716.1</ele>
      </trkpt>
      <trkpt lat="34.35546" lon="-100.91039">
        <ele>715.7</ele>
      </trkpt>
      <trkpt lat="34.354673" lon="-100.910398">
        <ele>715.5</ele>
      </trkpt>
      <trkpt lat="34.353887" lon="-100.910407">
        <ele>715.5</ele>
      </trkpt>
      <trkpt lat="34.3531" lon="-100.910415">
        <ele>715.7</ele>
      </trkpt>
      <trkpt lat="34.352313" lon="-100.910423">
        <ele>715.8</ele>
      </trkpt>
      <trkpt lat="34.351527" lon="-100.910432">
        <ele>715.2</ele>
      </trkpt>
      <trkpt lat="34.35074" lon="-100.91044">
        <ele>715.0</ele>
      </trkpt>
      <trkpt lat="34.349982" lon="-100.910454">
        <ele>714.5</ele>
      </trkpt>
      <trkpt lat="34.349224" lon="-100.910468">
        <ele>714.4</ele>
      </trkpt>
      <trkpt lat="34.348466" lon="-100.910482">
        <ele>714.7</ele>
      </trkpt>
      <trkpt lat="34.347708" lon="-100.910496">
        <ele>714.5</ele>
      </trkpt>
      <trkpt lat="34.34695" lon="-100.91051">
        <ele>712.6</ele>
      </trkpt>
      <trkpt lat="34.346083" lon="-100.91051">
        <ele>710.0</ele>
      </trkpt>
      <trkpt lat="34.345215" lon="-100.91051">
        <ele>707.7</ele>
      </trkpt>
      <trkpt lat="34.344348" lon="-100.91051">
        <ele>706.6</ele>
      </trkpt>
      <trkpt lat="34.34348" lon="-100.91051">
        <ele>705.7</ele>
      </trkpt>
      <trkpt lat="34.342805" lon="-100.910525">
        <ele>705.1</ele>
      </trkpt>
      <trkpt lat="34.34213" lon="-100.91054">
        <ele>705.6</ele>
      </trkpt>
      <trkpt lat="34.34213" lon="-100.911487">
        <ele>704.3</ele>
      </trkpt>
      <trkpt lat="34.34213" lon="-100.912435">
        <ele>704.0</ele>
      </trkpt>
      <trkpt lat="34.34213" lon="-100.913382">
        <ele>704.0</ele>
      </trkpt>
      <trkpt lat="34.34213" lon="-100.91433">
        <ele>704.6</ele>
      </trkpt>
      <trkpt lat="34.34214" lon="-100.915155">
        <ele>704.2</ele>
      </trkpt>
      <trkpt lat="34.34215" lon="-100.91598">
        <ele>702.8</ele>
      </trkpt>
      <trkpt lat="34.34216" lon="-100.916805">
        <ele>702.5</ele>
      </trkpt>
      <trkpt lat="34.34217" lon="-100.91763">
        <ele>702.8</ele>
      </trkpt>
      <trkpt lat="34.34216" lon="-100.918665">
        <ele>702.9</ele>
      </trkpt>
      <trkpt lat="34.34215" lon="-100.9197">
        <ele>704.1</ele>
      </trkpt>
      <trkpt lat="34.343036" lon="-100.919694">
        <ele>705.5</ele>
      </trkpt>
      <trkpt lat="34.343921" lon="-100.919689">
        <ele>708.2</ele>
      </trkpt>
      <trkpt lat="34.344807" lon="-100.919683">
        <ele>709.2</ele>
      </trkpt>
      <trkpt lat="34.345693" lon="-100.919677">
        <ele>709.6</ele>
      </trkpt>
      <trkpt lat="34.346579" lon="-100.919671">
        <ele>710.1</ele>
      </trkpt>
      <trkpt lat="34.347464" lon="-100.919666">
        <ele>711.5</ele>
      </trkpt>
      <trkpt lat="34.34835" lon="-100.91966">
        <ele>712.8</ele>
      </trkpt>
      <trkpt lat="34.34835" lon="-100.920713">
        <ele>711.5</ele>
      </trkpt>
      <trkpt lat="34.34835" lon="-100.921767">
        <ele>711.3</ele>
      </trkpt>
      <trkpt lat="34.34835" lon="-100.92282">
        <ele>711.4</ele>
      </trkpt>
      <trkpt lat="34.34834" lon="-100.923765">
        <ele>711.7</ele>
      </trkpt>
      <trkpt lat="34.34833" lon="-100.92471">
        <ele>712.0</ele>
      </trkpt>
      <trkpt lat="34.34832" lon="-100.925655">
        <ele>712.3</ele>
      </trkpt>
      <trkpt lat="34.34831" lon="-100.9266">
        <ele>712.9</ele>
      </trkpt>
      <trkpt lat="34.3483" lon="-100.927545">
        <ele>713.6</ele>
      </trkpt>
      <trkpt lat="34.34829" lon="-100.92849">
        <ele>714.8</ele>
      </trkpt>
      <trkpt lat="34.348279" lon="-100.929441">
        <ele>714.3</ele>
      </trkpt>
      <trkpt lat="34.348267" lon="-100.930393">
        <ele>713.6</ele>
      </trkpt>
      <trkpt lat="34.348256" lon="-100.931344">
        <ele>713.4</ele>
      </trkpt>
      <trkpt lat="34.348244" lon="-100.932296">
        <ele>713.3</ele>
      </trkpt>
      <trkpt lat="34.348233" lon="-100.933247">
        <ele>713.0</ele>
      </trkpt>
      <trkpt lat="34.348221" lon="-100.934199">
        <ele>712.9</ele>
      </trkpt>
      <trkpt lat="34.34821" lon="-100.93515">
        <ele>712.9</ele>
      </trkpt>
      <trkpt lat="34.34821" lon="-100.935905">
        <ele>713.0</ele>
      </trkpt>
      <trkpt lat="34.34821" lon="-100.93666">
        <ele>713.2</ele>
      </trkpt>
      <trkpt lat="34.34824" lon="-100.93706">
        <ele>713.5</ele>
      </trkpt>
      <trkpt lat="34.34832" lon="-100.9372">
        <ele>713.5</ele>
      </trkpt>
      <trkpt lat="34.34851" lon="-100.93724">
        <ele>713.7</ele>
      </trkpt>
      <trkpt lat="34.34916" lon="-100.937233">
        <ele>714.4</ele>
      </trkpt>
      <trkpt lat="34.34981" lon="-100.937227">
        <ele>715.2</ele>
      </trkpt>
      <trkpt lat="34.35046" lon="-100.93722">
        <ele>716.0</ele>
      </trkpt>
      <trkpt lat="34.350468" lon="-100.938052">
        <ele>715.9</ele>
      </trkpt>
      <trkpt lat="34.350475" lon="-100.938885">
        <ele>716.1</ele>
      </trkpt>
      <trkpt lat="34.350483" lon="-100.939717">
        <ele>715.6</ele>
      </trkpt>
      <trkpt lat="34.35049" lon="-100.94055">
        <ele>715.0</ele>
      </trkpt>
      <trkpt lat="34.350483" lon="-100.941387">
        <ele>714.1</ele>
      </trkpt>
      <trkpt lat="34.350477" lon="-100.942223">
        <ele>713.3</ele>
      </trkpt>
      <trkpt lat="34.35047" lon="-100.94306">
        <ele>712.9</ele>
      </trkpt>
      <trkpt lat="34.350483" lon="-100.943807">
        <ele>713.9</ele>
      </trkpt>
      <trkpt lat="34.350497" lon="-100.944553">
        <ele>714.5</ele>
      </trkpt>
      <trkpt lat="34.35051" lon="-100.9453">
        <ele>715.6</ele>
      </trkpt>
      <trkpt lat="34.350518" lon="-100.946172">
        <ele>717.1</ele>
      </trkpt>
      <trkpt lat="34.350525" lon="-100.947045">
        <ele>718.3</ele>
      </trkpt>
      <trkpt lat="34.350533" lon="-100.947917">
        <ele>719.4</ele>
      </trkpt>
      <trkpt lat="34.35054" lon="-100.94879">
        <ele>721.5</ele>
      </trkpt>
      <trkpt lat="34.350545" lon="-100.9498">
        <ele>723.9</ele>
      </trkpt>
      <trkpt lat="34.35055" lon="-100.95081">
        <ele>725.7</ele>
      </trkpt>
      <trkpt lat="34.35054" lon="-100.95189">
        <ele>726.5</ele>
      </trkpt>
      <trkpt lat="34.35053" lon="-100.95297">
        <ele>728.1</ele>
      </trkpt>
      <trkpt lat="34.35054" lon="-100.953775">
        <ele>728.7</ele>
      </trkpt>
      <trkpt lat="34.35055" lon="-100.95458">
        <ele>729.1</ele>
      </trkpt>
      <trkpt lat="34.35053" lon="-100.95475">
        <ele>729.2</ele>
      </trkpt>
      <trkpt lat="34.35044" lon="-100.95489">
        <ele>729.4</ele>
      </trkpt>
      <trkpt lat="34.3504" lon="-100.95503">
        <ele>729.4</ele>
      </trkpt>
      <trkpt lat="34.35037" lon="-100.95524">
        <ele>729.4</ele>
      </trkpt>
      <trkpt lat="34.350376" lon="-100.956216">
        <ele>730.1</ele>
      </trkpt>
      <trkpt lat="34.350382" lon="-100.957192">
        <ele>731.0</ele>
      </trkpt>
      <trkpt lat="34.350388" lon="-100.958168">
        <ele>732.2</ele>
      </trkpt>
      <trkpt lat="34.350394" lon="-100.959144">
        <ele>732.9</ele>
      </trkpt>
      <trkpt lat="34.3504" lon="-100.96012">
        <ele>734.4</ele>
      </trkpt>
      <trkpt lat="34.350413" lon="-100.961106">
        <ele>735.0</ele>
      </trkpt>
      <trkpt lat="34.350425" lon="-100.962092">
        <ele>735.7</ele>
      </trkpt>
      <trkpt lat="34.350438" lon="-100.963079">
        <ele>736.5</ele>
      </trkpt>
      <trkpt lat="34.35045" lon="-100.964065">
        <ele>738.1</ele>
      </trkpt>
      <trkpt lat="34.350463" lon="-100.965051">
        <ele>738.8</ele>
      </trkpt>
      <trkpt lat="34.350475" lon="-100.966037">
        <ele>739.7</ele>
      </trkpt>
      <trkpt lat="34.350488" lon="-100.967024">
        <ele>740.3</ele>
      </trkpt>
      <trkpt lat="34.3505" lon="-100.96801">
        <ele>741.0</ele>
      </trkpt>
      <trkpt lat="34.350505" lon="-100.969082">
        <ele>741.3</ele>
      </trkpt>
      <trkpt lat="34.35051" lon="-100.970155">
        <ele>741.8</ele>
      </trkpt>
      <trkpt lat="34.350515" lon="-100.971227">
        <ele>742.3</ele>
      </trkpt>
      <trkpt lat="34.35052" lon="-100.9723">
        <ele>742.5</ele>
      </trkpt>
      <trkpt lat="34.349649" lon="-100.972297">
        <ele>740.2</ele>
      </trkpt>
      <trkpt lat="34.348778" lon="-100.972293">
        <ele>739.9</ele>
      </trkpt>
      <trkpt lat="34.347907" lon="-100.97229">
        <ele>741.4</ele>
      </trkpt>
      <trkpt lat="34.347036" lon="-100.972287">
        <ele>742.7</ele>
      </trkpt>
      <trkpt lat="34.346164" lon="-100.972283">
        <ele>744.1</ele>
      </trkpt>
      <trkpt lat="34.345293" lon="-100.97228">
        <ele>744.4</ele>
      </trkpt>
      <trkpt lat="34.344422" lon="-100.972277">
        <ele>744.2</ele>
      </trkpt>
      <trkpt lat="34.343551" lon="-100.972273">
        <ele>744.7</ele>
      </trkpt>
      <trkpt lat="34.34268" lon="-100.97227">
        <ele>743.3</ele>
      </trkpt>
      <trkpt lat="34.341812" lon="-100.972278">
        <ele>742.5</ele>
      </trkpt>
      <trkpt lat="34.340945" lon="-100.972285">
        <ele>742.4</ele>
      </trkpt>
      <trkpt lat="34.340077" lon="-100.972293">
        <ele>742.9</ele>
      </trkpt>
      <trkpt lat="34.33921" lon="-100.9723">
        <ele>745.2</ele>
      </trkpt>
      <trkpt lat="34.339213" lon="-100.973257">
        <ele>744.8</ele>
      </trkpt>
      <trkpt lat="34.339215" lon="-100.974215">
        <ele>745.2</ele>
      </trkpt>
      <trkpt lat="34.339218" lon="-100.975172">
        <ele>746.4</ele>
      </trkpt>
      <trkpt lat="34.33922" lon="-100.97613">
        <ele>747.1</ele>
      </trkpt>
      <trkpt lat="34.339223" lon="-100.977087">
        <ele>747.6</ele>
      </trkpt>
      <trkpt lat="34.339225" lon="-100.978045">
        <ele>748.0</ele>
      </trkpt>
      <trkpt lat="34.339228" lon="-100.979002">
        <ele>749.0</ele>
      </trkpt>
      <trkpt lat="34.33923" lon="-100.97996">
        <ele>749.8</ele>
      </trkpt>
      <trkpt lat="34.33925" lon="-100.98074">
        <ele>750.8</ele>
      </trkpt>
      <trkpt lat="34.33927" lon="-100.98152">
        <ele>752.4</ele>
      </trkpt>
      <trkpt lat="34.33926" lon="-100.982155">
        <ele>753.3</ele>
      </trkpt>
      <trkpt lat="34.33925" lon="-100.98279">
        <ele>754.3</ele>
      </trkpt>
      <trkpt lat="34.339253" lon="-100.983789">
        <ele>754.7</ele>
      </trkpt>
      <trkpt lat="34.339256" lon="-100.984787">
        <ele>755.6</ele>
      </trkpt>
      <trkpt lat="34.339259" lon="-100.985786">
        <ele>755.6</ele>
      </trkpt>
      <trkpt lat="34.339261" lon="-100.986784">
        <ele>755.6</ele>
      </trkpt>
      <trkpt lat="34.339264" lon="-100.987783">
        <ele>755.7</ele>
      </trkpt>
      <trkpt lat="34.339267" lon="-100.988781">
        <ele>755.9</ele>
      </trkpt>
      <trkpt lat="34.33927" lon="-100.98978">
        <ele>757.5</ele>
      </trkpt>
      <trkpt lat="34.3399" lon="-100.98978">
        <ele>757.7</ele>
      </trkpt>
      <trkpt lat="34.34062" lon="-100.98998">
        <ele>758.4</ele>
      </trkpt>
      <trkpt lat="34.34086" lon="-100.99009">
        <ele>759.1</ele>
      </trkpt>
      <trkpt lat="34.34124" lon="-100.99034">
        <ele>759.1</ele>
      </trkpt>
      <trkpt lat="34.34159" lon="-100.99065">
        <ele>759.8</ele>
      </trkpt>
      <trkpt lat="34.34193" lon="-100.99103">
        <ele>760.1</ele>
      </trkpt>
      <trkpt lat="34.34216" lon="-100.99137">
        <ele>760.7</ele>
      </trkpt>
      <trkpt lat="34.34243" lon="-100.99195">
        <ele>760.9</ele>
      </trkpt>
      <trkpt lat="34.34256" lon="-100.99231">
        <ele>761.2</ele>
      </trkpt>
      <trkpt lat="34.34266" lon="-100.99271">
        <ele>761.3</ele>
      </trkpt>
      <trkpt lat="34.3427" lon="-100.99302">
        <ele>761.4</ele>
      </trkpt>
      <trkpt lat="34.342735" lon="-100.993625">
        <ele>761.4</ele>
      </trkpt>
      <trkpt lat="34.34277" lon="-100.99423">
        <ele>761.5</ele>
      </trkpt>
      <trkpt lat="34.342805" lon="-100.995315">
        <ele>761.9</ele>
      </trkpt>
      <trkpt lat="34.34284" lon="-100.9964">
        <ele>762.0</ele>
      </trkpt>
      <trkpt lat="34.342838" lon="-100.997428">
        <ele>761.9</ele>
      </trkpt>
      <trkpt lat="34.342836" lon="-100.998456">
        <ele>762.1</ele>
      </trkpt>
      <trkpt lat="34.342834" lon="-100.999484">
        <ele>762.1</ele>
      </trkpt>
      <trkpt lat="34.342832" lon="-101.000512">
        <ele>761.9</ele>
      </trkpt>
      <trkpt lat="34.34283" lon="-101.00154">
        <ele>761.6</ele>
      </trkpt>
      <trkpt lat="34.34284" lon="-101.002475">
        <ele>761.3</ele>
      </trkpt>
      <trkpt lat="34.34285" lon="-101.00341">
        <ele>761.7</ele>
      </trkpt>
      <trkpt lat="34.342841" lon="-101.004344">
        <ele>762.0</ele>
      </trkpt>
      <trkpt lat="34.342833" lon="-101.005279">
        <ele>762.2</ele>
      </trkpt>
      <trkpt lat="34.342824" lon="-101.006213">
        <ele>762.1</ele>
      </trkpt>
      <trkpt lat="34.342816" lon="-101.007147">
        <ele>761.9</ele>
      </trkpt>
      <trkpt lat="34.342807" lon="-101.008081">
        <ele>761.7</ele>
      </trkpt>
      <trkpt lat="34.342799" lon="-101.009016">
        <ele>762.1</ele>
      </trkpt>
      <trkpt lat="34.34279" lon="-101.00995">
        <ele>761.7</ele>
      </trkpt>
      <trkpt lat="34.342797" lon="-101.01077">
        <ele>760.8</ele>
      </trkpt>
      <trkpt lat="34.342803" lon="-101.01159">
        <ele>760.3</ele>
      </trkpt>
      <trkpt lat="34.34281" lon="-101.01241">
        <ele>760.0</ele>
      </trkpt>
      <trkpt lat="34.342803" lon="-101.013318">
        <ele>759.6</ele>
      </trkpt>
      <trkpt lat="34.342795" lon="-101.014225">
        <ele>759.5</ele>
      </trkpt>
      <trkpt lat="34.342788" lon="-101.015133">
        <ele>759.5</ele>
      </trkpt>
      <trkpt lat="34.34278" lon="-101.01604">
        <ele>759.6</ele>
      </trkpt>
      <trkpt lat="34.34278" lon="-101.01698">
        <ele>759.7</ele>
      </trkpt>
      <trkpt lat="34.34278" lon="-101.01792">
        <ele>759.6</ele>
      </trkpt>
      <trkpt lat="34.34278" lon="-101.01886">
        <ele>759.7</ele>
      </trkpt>
      <trkpt lat="34.34278" lon="-101.0198">
        <ele>759.7</ele>
      </trkpt>
      <trkpt lat="34.34278" lon="-101.02074">
        <ele>759.7</ele>
      </trkpt>
      <trkpt lat="34.34277" lon="-101.021517">
        <ele>759.9</ele>
      </trkpt>
      <trkpt lat="34.34276" lon="-101.022293">
        <ele>760.3</ele>
      </trkpt>
      <trkpt lat="34.34275" lon="-101.02307">
        <ele>760.8</ele>
      </trkpt>
      <trkpt lat="34.34277" lon="-101.02347">
        <ele>761.7</ele>
      </trkpt>
      <trkpt lat="34.34279" lon="-101.02363">
        <ele>761.9</ele>
      </trkpt>
      <trkpt lat="34.34274" lon="-101.02378">
        <ele>762.0</ele>
      </trkpt>
      <trkpt lat="34.34269" lon="-101.02436">
        <ele>761.8</ele>
      </trkpt>
      <trkpt lat="34.34265" lon="-101.02454">
        <ele>761.8</ele>
      </trkpt>
      <trkpt lat="34.34258" lon="-101.02465">
        <ele>761.9</ele>
      </trkpt>
      <trkpt lat="34.34246" lon="-101.02474">
        <ele>761.9</ele>
      </trkpt>
      <trkpt lat="34.34195" lon="-101.024755">
        <ele>761.3</ele>
      </trkpt>
      <trkpt lat="34.34144" lon="-101.02477">
        <ele>760.6</ele>
      </trkpt>
      <trkpt lat="34.340697" lon="-101.024763">
        <ele>759.3</ele>
      </trkpt>
      <trkpt lat="34.339953" lon="-101.024757">
        <ele>758.6</ele>
      </trkpt>
      <trkpt lat="34.33921" lon="-101.02475">
        <ele>759.5</ele>
      </trkpt>
      <trkpt lat="34.339219" lon="-101.025821">
        <ele>757.7</ele>
      </trkpt>
      <trkpt lat="34.339228" lon="-101.026892">
        <ele>758.0</ele>
      </trkpt>
      <trkpt lat="34.339236" lon="-101.027964">
        <ele>758.3</ele>
      </trkpt>
      <trkpt lat="34.339245" lon="-101.029035">
        <ele>758.7</ele>
      </trkpt>
      <trkpt lat="34.339254" lon="-101.030106">
        <ele>759.2</ele>
      </trkpt>
      <trkpt lat="34.339263" lon="-101.031177">
        <ele>759.8</ele>
      </trkpt>
      <trkpt lat="34.339271" lon="-101.032249">
        <ele>760.1</ele>
      </trkpt>
      <trkpt lat="34.33928" lon="-101.03332">
        <ele>761.5</ele>
      </trkpt>
      <trkpt lat="34.33925" lon="-101.03346">
        <ele>761.6</ele>
      </trkpt>
      <trkpt lat="34.33915" lon="-101.0335">
        <ele>761.6</ele>
      </trkpt>
      <trkpt lat="34.33839" lon="-101.03348">
        <ele>761.4</ele>
      </trkpt>
      <trkpt lat="34.33763" lon="-101.03346">
        <ele>762.0</ele>
      </trkpt>
      <trkpt lat="34.33749" lon="-101.03354">
        <ele>762.1</ele>
      </trkpt>
      <trkpt lat="34.33745" lon="-101.03364">
        <ele>762.1</ele>
      </trkpt>
      <trkpt lat="34.33744" lon="-101.03464">
        <ele>762.0</ele>
      </trkpt>
      <trkpt lat="34.33743" lon="-101.03564">
        <ele>762.2</ele>
      </trkpt>
      <trkpt lat="34.33742" lon="-101.03664">
        <ele>762.4</ele>
      </trkpt>
      <trkpt lat="34.33743" lon="-101.037692">
        <ele>762.5</ele>
      </trkpt>
      <trkpt lat="34.33744" lon="-101.038745">
        <ele>762.6</ele>
      </trkpt>
      <trkpt lat="34.33745" lon="-101.039797">
        <ele>763.0</ele>
      </trkpt>
      <trkpt lat="34.33746" lon="-101.04085">
        <ele>763.4</ele>
      </trkpt>
      <trkpt lat="34.337465" lon="-101.0415">
        <ele>764.2</ele>
      </trkpt>
      <trkpt lat="34.33747" lon="-101.04215">
        <ele>765.7</ele>
      </trkpt>
      <trkpt lat="34.33668" lon="-101.042147">
        <ele>764.4</ele>
      </trkpt>
      <trkpt lat="34.33589" lon="-101.042145">
        <ele>763.1</ele>
      </trkpt>
      <trkpt lat="34.3351" lon="-101.042142">
        <ele>762.7</ele>
      </trkpt>
      <trkpt lat="34.33431" lon="-101.04214">
        <ele>762.9</ele>
      </trkpt>
      <trkpt lat="34.333445" lon="-101.04214">
        <ele>763.2</ele>
      </trkpt>
      <trkpt lat="34.33258" lon="-101.04214">
        <ele>763.5</ele>
      </trkpt>
      <trkpt lat="34.33195" lon="-101.04227">
        <ele>763.3</ele>
      </trkpt>
      <trkpt lat="34.33109" lon="-101.042273">
        <ele>763.0</ele>
      </trkpt>
      <trkpt lat="34.33023" lon="-101.042277">
        <ele>762.7</ele>
      </trkpt>
      <trkpt lat="34.32937" lon="-101.04228">
        <ele>762.5</ele>
      </trkpt>
      <trkpt lat="34.328603" lon="-101.04228">
        <ele>762.3</ele>
      </trkpt>
      <trkpt lat="34.327837" lon="-101.04228">
        <ele>762.4</ele>
      </trkpt>
      <trkpt lat="34.32707" lon="-101.04228">
        <ele>762.5</ele>
      </trkpt>
      <trkpt lat="34.326303" lon="-101.04228">
        <ele>762.2</ele>
      </trkpt>
      <trkpt lat="34.325537" lon="-101.04228">
        <ele>762.1</ele>
      </trkpt>
      <trkpt lat="34.32477" lon="-101.04228">
        <ele>762.2</ele>
      </trkpt>
      <trkpt lat="34.323955" lon="-101.042287">
        <ele>761.6</ele>
      </trkpt>
      <trkpt lat="34.32314" lon="-101.042293">
        <ele>761.2</ele>
      </trkpt>
      <trkpt lat="34.322325" lon="-101.0423">
        <ele>760.8</ele>
      </trkpt>
      <trkpt lat="34.32151" lon="-101.042307">
        <ele>760.5</ele>
      </trkpt>
      <trkpt lat="34.320695" lon="-101.042313">
        <ele>760.3</ele>
      </trkpt>
      <trkpt lat="34.31988" lon="-101.04232">
        <ele>759.9</ele>
      </trkpt>
      <trkpt lat="34.31921" lon="-101.04232">
        <ele>759.5</ele>
      </trkpt>
      <trkpt lat="34.31854" lon="-101.04232">
        <ele>759.3</ele>
      </trkpt>
      <trkpt lat="34.31787" lon="-101.04232">
        <ele>760.9</ele>
      </trkpt>
      <trkpt lat="34.317869" lon="-101.043385">
        <ele>759.7</ele>
      </trkpt>
      <trkpt lat="34.317868" lon="-101.04445">
        <ele>759.4</ele>
      </trkpt>
      <trkpt lat="34.317866" lon="-101.045515">
        <ele>759.6</ele>
      </trkpt>
      <trkpt lat="34.317865" lon="-101.04658">
        <ele>759.5</ele>
      </trkpt>
      <trkpt lat="34.317864" lon="-101.047645">
        <ele>759.7</ele>
      </trkpt>
      <trkpt lat="34.317863" lon="-101.04871">
        <ele>759.9</ele>
      </trkpt>
      <trkpt lat="34.317862" lon="-101.049775">
        <ele>760.8</ele>
      </trkpt>
      <trkpt lat="34.31786" lon="-101.05084">
        <ele>761.8</ele>
      </trkpt>
      <trkpt lat="34.317859" lon="-101.051905">
        <ele>763.4</ele>
      </trkpt>
      <trkpt lat="34.317858" lon="-101.05297">
        <ele>766.3</ele>
      </trkpt>
      <trkpt lat="34.317857" lon="-101.054035">
        <ele>765.8</ele>
      </trkpt>
      <trkpt lat="34.317855" lon="-101.0551">
        <ele>765.1</ele>
      </trkpt>
      <trkpt lat="34.317854" lon="-101.056165">
        <ele>763.7</ele>
      </trkpt>
      <trkpt lat="34.317853" lon="-101.05723">
        <ele>763.2</ele>
      </trkpt>
      <trkpt lat="34.317851" lon="-101.058295">
        <ele>763.4</ele>
      </trkpt>
      <trkpt lat="34.31785" lon="-101.05936">
        <ele>765.1</ele>
      </trkpt>
      <trkpt lat="34.317071" lon="-101.059337">
        <ele>765.0</ele>
      </trkpt>
      <trkpt lat="34.316293" lon="-101.059314">
        <ele>765.2</ele>
      </trkpt>
      <trkpt lat="34.315514" lon="-101.059291">
        <ele>765.6</ele>
      </trkpt>
      <trkpt lat="34.314736" lon="-101.059269">
        <ele>765.8</ele>
      </trkpt>
      <trkpt lat="34.313957" lon="-101.059246">
        <ele>765.5</ele>
      </trkpt>
      <trkpt lat="34.313179" lon="-101.059223">
        <ele>765.5</ele>
      </trkpt>
      <trkpt lat="34.3124" lon="-101.0592">
        <ele>764.1</ele>
      </trkpt>
      <trkpt lat="34.311585" lon="-101.059205">
        <ele>758.7</ele>
      </trkpt>
      <trkpt lat="34.31077" lon="-101.05921">
        <ele>756.2</ele>
      </trkpt>
      <trkpt lat="34.31041" lon="-101.05925">
        <ele>752.3</ele>
      </trkpt>
      <trkpt lat="34.30985" lon="-101.05948">
        <ele>749.8</ele>
      </trkpt>
      <trkpt lat="34.30929" lon="-101.05971">
        <ele>749.7</ele>
      </trkpt>
      <trkpt lat="34.3085" lon="-101.06006">
        <ele>749.5</ele>
      </trkpt>
      <trkpt lat="34.30771" lon="-101.06041">
        <ele>749.4</ele>
      </trkpt>
      <trkpt lat="34.30722" lon="-101.0606">
        <ele>749.4</ele>
      </trkpt>
      <trkpt lat="34.30679" lon="-101.06072">
        <ele>748.9</ele>
      </trkpt>
      <trkpt lat="34.30614" lon="-101.06072">
        <ele>748.5</ele>
      </trkpt>
      <trkpt lat="34.30591" lon="-101.06068">
        <ele>748.7</ele>
      </trkpt>
      <trkpt lat="34.30552" lon="-101.06057">
        <ele>749.2</ele>
      </trkpt>
      <trkpt lat="34.30535" lon="-101.06139">
        <ele>751.9</ele>
      </trkpt>
      <trkpt lat="34.30534" lon="-101.0617">
        <ele>752.4</ele>
      </trkpt>
      <trkpt lat="34.30546" lon="-101.06246">
        <ele>753.4</ele>
      </trkpt>
      <trkpt lat="34.30558" lon="-101.06322">
        <ele>755.5</ele>
      </trkpt>
      <trkpt lat="34.30561" lon="-101.06385">
        <ele>759.6</ele>
      </trkpt>
      <trkpt lat="34.30559" lon="-101.06488">
        <ele>767.3</ele>
      </trkpt>
      <trkpt lat="34.30555" lon="-101.06555">
        <ele>769.7</ele>
      </trkpt>
      <trkpt lat="34.30541" lon="-101.06659">
        <ele>771.3</ele>
      </trkpt>
      <trkpt lat="34.30526" lon="-101.067573">
        <ele>772.0</ele>
      </trkpt>
      <trkpt lat="34.30511" lon="-101.068555">
        <ele>772.2</ele>
      </trkpt>
      <trkpt lat="34.30496" lon="-101.069538">
        <ele>772.5</ele>
      </trkpt>
      <trkpt lat="34.30481" lon="-101.07052">
        <ele>772.8</ele>
      </trkpt>
      <trkpt lat="34.30467" lon="-101.071505">
        <ele>773.1</ele>
      </trkpt>
      <trkpt lat="34.30453" lon="-101.07249">
        <ele>773.5</ele>
      </trkpt>
      <trkpt lat="34.304433" lon="-101.073526">
        <ele>774.8</ele>
      </trkpt>
      <trkpt lat="34.304335" lon="-101.074563">
        <ele>776.0</ele>
      </trkpt>
      <trkpt lat="34.304238" lon="-101.075599">
        <ele>776.7</ele>
      </trkpt>
      <trkpt lat="34.30414" lon="-101.076635">
        <ele>777.8</ele>
      </trkpt>
      <trkpt lat="34.304043" lon="-101.077671">
        <ele>779.1</ele>
      </trkpt>
      <trkpt lat="34.303945" lon="-101.078708">
        <ele>780.4</ele>
      </trkpt>
      <trkpt lat="34.303848" lon="-101.079744">
        <ele>780.8</ele>
      </trkpt>
      <trkpt lat="34.30375" lon="-101.08078">
        <ele>780.8</ele>
      </trkpt>
      <trkpt lat="34.303675" lon="-101.081695">
        <ele>781.0</ele>
      </trkpt>
      <trkpt lat="34.3036" lon="-101.08261">
        <ele>781.2</ele>
      </trkpt>
      <trkpt lat="34.30355" lon="-101.08343">
        <ele>781.3</ele>
      </trkpt>
      <trkpt lat="34.30352" lon="-101.08445">
        <ele>781.3</ele>
      </trkpt>
      <trkpt lat="34.303525" lon="-101.085495">
        <ele>781.4</ele>
      </trkpt>
      <trkpt lat="34.30353" lon="-101.08654">
        <ele>782.5</ele>
      </trkpt>
      <trkpt lat="34.303535" lon="-101.087585">
        <ele>783.5</ele>
      </trkpt>
      <trkpt lat="34.30354" lon="-101.08863">
        <ele>785.4</ele>
      </trkpt>
      <trkpt lat="34.30353" lon="-101.08955">
        <ele>787.5</ele>
      </trkpt>
      <trkpt lat="34.30343" lon="-101.09023">
        <ele>787.9</ele>
      </trkpt>
      <trkpt lat="34.30333" lon="-101.09058">
        <ele>788.1</ele>
      </trkpt>
      <trkpt lat="34.30321" lon="-101.0909">
        <ele>788.2</ele>
      </trkpt>
      <trkpt lat="34.30307" lon="-101.09121">
        <ele>788.1</ele>
      </trkpt>
      <trkpt lat="34.30292" lon="-101.09148">
        <ele>788.1</ele>
      </trkpt>
      <trkpt lat="34.30266" lon="-101.09184">
        <ele>788.2</ele>
      </trkpt>
      <trkpt lat="34.30251" lon="-101.09202">
        <ele>788.6</ele>
      </trkpt>
      <trkpt lat="34.3019" lon="-101.092647">
        <ele>789.6</ele>
      </trkpt>
      <trkpt lat="34.30129" lon="-101.093273">
        <ele>790.7</ele>
      </trkpt>
      <trkpt lat="34.30068" lon="-101.0939">
        <ele>790.6</ele>
      </trkpt>
      <trkpt lat="34.30046" lon="-101.09417">
        <ele>790.3</ele>
      </trkpt>
      <trkpt lat="34.30019" lon="-101.09461">
        <ele>789.3</ele>
      </trkpt>
      <trkpt lat="34.30006" lon="-101.09485">
        <ele>789.0</ele>
      </trkpt>
      <trkpt lat="34.29988" lon="-101.0953">
        <ele>788.2</ele>
      </trkpt>
      <trkpt lat="34.29981" lon="-101.09556">
        <ele>787.8</ele>
      </trkpt>
      <trkpt lat="34.29971" lon="-101.09613">
        <ele>787.4</ele>
      </trkpt>
      <trkpt lat="34.29968" lon="-101.0964">
        <ele>787.6</ele>
      </trkpt>
      <trkpt lat="34.29968" lon="-101.096424">
        <ele>788.1</ele>
      </trkpt>
      <trkpt lat="34.29967" lon="-101.09719">
        <ele>789.1</ele>
      </trkpt>
      <trkpt lat="34.300431" lon="-101.09679">
        <ele>787.9</ele>
      </trkpt>
      <trkpt lat="34.301192" lon="-101.09639">
        <ele>787.5</ele>
      </trkpt>
      <trkpt lat="34.301952" lon="-101.09599">
        <ele>786.9</ele>
      </trkpt>
      <trkpt lat="34.302713" lon="-101.09559">
        <ele>786.0</ele>
      </trkpt>
      <trkpt lat="34.303474" lon="-101.09519">
        <ele>784.9</ele>
      </trkpt>
      <trkpt lat="34.304235" lon="-101.09479">
        <ele>784.5</ele>
      </trkpt>
      <trkpt lat="34.304995" lon="-101.09439">
        <ele>783.5</ele>
      </trkpt>
      <trkpt lat="34.305756" lon="-101.09399">
        <ele>782.9</ele>
      </trkpt>
      <trkpt lat="34.306517" lon="-101.09359">
        <ele>781.7</ele>
      </trkpt>
      <trkpt lat="34.307278" lon="-101.09319">
        <ele>781.1</ele>
      </trkpt>
      <trkpt lat="34.308038" lon="-101.09279">
        <ele>780.0</ele>
      </trkpt>
      <trkpt lat="34.308799" lon="-101.09239">
        <ele>779.3</ele>
      </trkpt>
      <trkpt lat="34.30956" lon="-101.09199">
        <ele>778.4</ele>
      </trkpt>
      <trkpt lat="34.310383" lon="-101.091563">
        <ele>777.0</ele>
      </trkpt>
      <trkpt lat="34.311205" lon="-101.091135">
        <ele>776.1</ele>
      </trkpt>
      <trkpt lat="34.312028" lon="-101.090708">
        <ele>775.0</ele>
      </trkpt>
      <trkpt lat="34.31285" lon="-101.09028">
        <ele>774.3</ele>
      </trkpt>
      <trkpt lat="34.313673" lon="-101.089853">
        <ele>773.2</ele>
      </trkpt>
      <trkpt lat="34.314495" lon="-101.089425">
        <ele>772.3</ele>
      </trkpt>
      <trkpt lat="34.315318" lon="-101.088998">
        <ele>771.7</ele>
      </trkpt>
      <trkpt lat="34.31614" lon="-101.08857">
        <ele>771.3</ele>
      </trkpt>
      <trkpt lat="34.31682" lon="-101.088227">
        <ele>771.2</ele>
      </trkpt>
      <trkpt lat="34.3175" lon="-101.087883">
        <ele>771.2</ele>
      </trkpt>
      <trkpt lat="34.31818" lon="-101.08754">
        <ele>771.2</ele>
      </trkpt>
      <trkpt lat="34.318995" lon="-101.087112">
        <ele>771.2</ele>
      </trkpt>
      <trkpt lat="34.31981" lon="-101.086684">
        <ele>771.1</ele>
      </trkpt>
      <trkpt lat="34.320625" lon="-101.086257">
        <ele>771.5</ele>
      </trkpt>
      <trkpt lat="34.32144" lon="-101.085829">
        <ele>772.2</ele>
      </trkpt>
      <trkpt lat="34.322255" lon="-101.085401">
        <ele>772.7</ele>
      </trkpt>
      <trkpt lat="34.32307" lon="-101.084973">
        <ele>773.5</ele>
      </trkpt>
      <trkpt lat="34.323885" lon="-101.084545">
        <ele>774.0</ele>
      </trkpt>
      <trkpt lat="34.3247" lon="-101.084117">
        <ele>774.7</ele>
      </trkpt>
      <trkpt lat="34.325515" lon="-101.083689">
        <ele>775.4</ele>
      </trkpt>
      <trkpt lat="34.32633" lon="-101.083262">
        <ele>775.9</ele>
      </trkpt>
      <trkpt lat="34.327145" lon="-101.082834">
        <ele>776.7</ele>
      </trkpt>
      <trkpt lat="34.32796" lon="-101.082406">
        <ele>777.1</ele>
      </trkpt>
      <trkpt lat="34.328775" lon="-101.081978">
        <ele>777.7</ele>
      </trkpt>
      <trkpt lat="34.32959" lon="-101.08155">
        <ele>778.4</ele>
      </trkpt>
      <trkpt lat="34.33032" lon="-101.08117">
        <ele>778.9</ele>
      </trkpt>
      <trkpt lat="34.33105" lon="-101.08079">
        <ele>779.6</ele>
      </trkpt>
      <trkpt lat="34.33178" lon="-101.08041">
        <ele>780.1</ele>
      </trkpt>
      <trkpt lat="34.33251" lon="-101.08003">
        <ele>780.6</ele>
      </trkpt>
      <trkpt lat="34.33324" lon="-101.07965">
        <ele>781.2</ele>
      </trkpt>
      <trkpt lat="34.33397" lon="-101.07927">
        <ele>781.8</ele>
      </trkpt>
      <trkpt lat="34.3347" lon="-101.07889">
        <ele>782.1</ele>
      </trkpt>
      <trkpt lat="34.33535" lon="-101.078543">
        <ele>782.6</ele>
      </trkpt>
      <trkpt lat="34.336" lon="-101.078195">
        <ele>783.3</ele>
      </trkpt>
      <trkpt lat="34.33665" lon="-101.077848">
        <ele>784.0</ele>
      </trkpt>
      <trkpt lat="34.3373" lon="-101.0775">
        <ele>784.7</ele>
      </trkpt>
      <trkpt lat="34.338068" lon="-101.07711">
        <ele>785.2</ele>
      </trkpt>
      <trkpt lat="34.338835" lon="-101.07672">
        <ele>785.8</ele>
      </trkpt>
      <trkpt lat="34.339603" lon="-101.07633">
        <ele>786.3</ele>
      </trkpt>
      <trkpt lat="34.34037" lon="-101.07594">
        <ele>787.0</ele>
      </trkpt>
      <trkpt lat="34.341073" lon="-101.075562">
        <ele>787.4</ele>
      </trkpt>
      <trkpt lat="34.341777" lon="-101.075183">
        <ele>787.4</ele>
      </trkpt>
      <trkpt lat="34.34248" lon="-101.074805">
        <ele>787.9</ele>
      </trkpt>
      <trkpt lat="34.343183" lon="-101.074427">
        <ele>788.2</ele>
      </trkpt>
      <trkpt lat="34.343887" lon="-101.074048">
        <ele>788.4</ele>
      </trkpt>
      <trkpt lat="34.34459" lon="-101.07367">
        <ele>788.7</ele>
      </trkpt>
      <trkpt lat="34.345357" lon="-101.073283">
        <ele>789.1</ele>
      </trkpt>
      <trkpt lat="34.346123" lon="-101.072897">
        <ele>789.5</ele>
      </trkpt>
      <trkpt lat="34.34689" lon="-101.07251">
        <ele>789.8</ele>
      </trkpt>
      <trkpt lat="34.347635" lon="-101.072115">
        <ele>790.1</ele>
      </trkpt>
      <trkpt lat="34.34838" lon="-101.07172">
        <ele>790.5</ele>
      </trkpt>
      <trkpt lat="34.349125" lon="-101.071325">
        <ele>790.4</ele>
      </trkpt>
      <trkpt lat="34.34987" lon="-101.07093">
        <ele>790.3</ele>
      </trkpt>
      <trkpt lat="34.350658" lon="-101.070518">
        <ele>790.1</ele>
      </trkpt>
      <trkpt lat="34.351446" lon="-101.070106">
        <ele>790.1</ele>
      </trkpt>
      <trkpt lat="34.352235" lon="-101.069695">
        <ele>789.7</ele>
      </trkpt>
      <trkpt lat="34.353023" lon="-101.069283">
        <ele>789.3</ele>
      </trkpt>
      <trkpt lat="34.353811" lon="-101.068871">
        <ele>789.1</ele>
      </trkpt>
      <trkpt lat="34.354599" lon="-101.068459">
        <ele>788.8</ele>
      </trkpt>
      <trkpt lat="34.355387" lon="-101.068047">
        <ele>788.4</ele>
      </trkpt>
      <trkpt lat="34.356175" lon="-101.067636">
        <ele>788.1</ele>
      </trkpt>
      <trkpt lat="34.356964" lon="-101.067224">
        <ele>787.6</ele>
      </trkpt>
      <trkpt lat="34.357752" lon="-101.066812">
        <ele>787.3</ele>
      </trkpt>
      <trkpt lat="34.35854" lon="-101.0664">
        <ele>787.3</ele>
      </trkpt>
      <trkpt lat="34.359327" lon="-101.06597">
        <ele>787.1</ele>
      </trkpt>
      <trkpt lat="34.360113" lon="-101.06554">
        <ele>786.8</ele>
      </trkpt>
      <trkpt lat="34.3609" lon="-101.06511">
        <ele>786.5</ele>
      </trkpt>
      <trkpt lat="34.361618" lon="-101.06472">
        <ele>786.4</ele>
      </trkpt>
      <trkpt lat="34.362335" lon="-101.06433">
        <ele>786.2</ele>
      </trkpt>
      <trkpt lat="34.363053" lon="-101.06394">
        <ele>785.9</ele>
      </trkpt>
      <trkpt lat="34.36377" lon="-101.06355">
        <ele>785.7</ele>
      </trkpt>
      <trkpt lat="34.3645" lon="-101.063177">
        <ele>785.5</ele>
      </trkpt>
      <trkpt lat="34.36523" lon="-101.062803">
        <ele>785.4</ele>
      </trkpt>
      <trkpt lat="34.365939" lon="-101.062441">
        <ele>784.9</ele>
      </trkpt>
      <trkpt lat="34.36594" lon="-101.06244">
        <ele>784.9</ele>
      </trkpt>
      <trkpt lat="34.36596" lon="-101.06242">
        <ele>784.9</ele>
      </trkpt>
      <trkpt lat="34.36596" lon="-101.06243">
        <ele>784.9</ele>
      </trkpt>
      <trkpt lat="34.36596" lon="-101.06243">
        <ele>784.9</ele>
      </trkpt>
      <trkpt lat="34.36596" lon="-101.06247">
        <ele>785.0</ele>
      </trkpt>
      <trkpt lat="34.365959" lon="-101.062471">
        <ele>785.0</ele>
      </trkpt>
      <trkpt lat="34.365957" lon="-101.063078">
        <ele>786.0</ele>
      </trkpt>
      <trkpt lat="34.365953" lon="-101.064097">
        <ele>786.4</ele>
      </trkpt>
      <trkpt lat="34.36595" lon="-101.065115">
        <ele>786.5</ele>
      </trkpt>
      <trkpt lat="34.365947" lon="-101.066133">
        <ele>787.2</ele>
      </trkpt>
      <trkpt lat="34.365943" lon="-101.067152">
        <ele>788.4</ele>
      </trkpt>
      <trkpt lat="34.36594" lon="-101.06817">
        <ele>790.4</ele>
      </trkpt>
      <trkpt lat="34.36594" lon="-101.069176">
        <ele>791.8</ele>
      </trkpt>
      <trkpt lat="34.36594" lon="-101.070181">
        <ele>792.6</ele>
      </trkpt>
      <trkpt lat="34.36594" lon="-101.071187">
        <ele>793.6</ele>
      </trkpt>
      <trkpt lat="34.36594" lon="-101.072192">
        <ele>794.8</ele>
      </trkpt>
      <trkpt lat="34.36594" lon="-101.073198">
        <ele>795.4</ele>
      </trkpt>
      <trkpt lat="34.36594" lon="-101.074203">
        <ele>796.7</ele>
      </trkpt>
      <trkpt lat="34.36594" lon="-101.075209">
        <ele>797.9</ele>
      </trkpt>
      <trkpt lat="34.36594" lon="-101.076214">
        <ele>799.1</ele>
      </trkpt>
      <trkpt lat="34.36594" lon="-101.07722">
        <ele>802.0</ele>
      </trkpt>
      <trkpt lat="34.36682" lon="-101.07719">
        <ele>802.9</ele>
      </trkpt>
      <trkpt lat="34.367365" lon="-101.077195">
        <ele>803.3</ele>
      </trkpt>
      <trkpt lat="34.36791" lon="-101.0772">
        <ele>803.6</ele>
      </trkpt>
      <trkpt lat="34.368734" lon="-101.077199">
        <ele>804.5</ele>
      </trkpt>
      <trkpt lat="34.369559" lon="-101.077197">
        <ele>802.3</ele>
      </trkpt>
      <trkpt lat="34.370383" lon="-101.077196">
        <ele>799.1</ele>
      </trkpt>
      <trkpt lat="34.371207" lon="-101.077194">
        <ele>796.3</ele>
      </trkpt>
      <trkpt lat="34.372031" lon="-101.077193">
        <ele>795.5</ele>
      </trkpt>
      <trkpt lat="34.372856" lon="-101.077191">
        <ele>796.3</ele>
      </trkpt>
      <trkpt lat="34.37368" lon="-101.07719">
        <ele>798.0</ele>
      </trkpt>
      <trkpt lat="34.374517" lon="-101.077202">
        <ele>798.6</ele>
      </trkpt>
      <trkpt lat="34.375355" lon="-101.077215">
        <ele>799.6</ele>
      </trkpt>
      <trkpt lat="34.376192" lon="-101.077227">
        <ele>798.1</ele>
      </trkpt>
      <trkpt lat="34.37703" lon="-101.07724">
        <ele>793.8</ele>
      </trkpt>
      <trkpt lat="34.377877" lon="-101.077233">
        <ele>792.9</ele>
      </trkpt>
      <trkpt lat="34.378725" lon="-101.077225">
        <ele>793.2</ele>
      </trkpt>
      <trkpt lat="34.379572" lon="-101.077218">
        <ele>793.3</ele>
      </trkpt>
      <trkpt lat="34.38042" lon="-101.07721">
        <ele>793.0</ele>
      </trkpt>
      <trkpt lat="34.38041" lon="-101.07721">
        <ele>793.0</ele>
      </trkpt>
      <trkpt lat="34.38083" lon="-101.07721">
        <ele>793.6</ele>
      </trkpt>
      <trkpt lat="34.380835" lon="-101.077765">
        <ele>793.5</ele>
      </trkpt>
      <trkpt lat="34.38084" lon="-101.07832">
        <ele>794.5</ele>
      </trkpt>
      <trkpt lat="34.38168" lon="-101.078325">
        <ele>793.9</ele>
      </trkpt>
      <trkpt lat="34.38252" lon="-101.07833">
        <ele>794.1</ele>
      </trkpt>
      <trkpt lat="34.383393" lon="-101.078325">
        <ele>794.3</ele>
      </trkpt>
      <trkpt lat="34.384265" lon="-101.07832">
        <ele>795.0</ele>
      </trkpt>
      <trkpt lat="34.385138" lon="-101.078315">
        <ele>797.9</ele>
      </trkpt>
      <trkpt lat="34.38601" lon="-101.07831">
        <ele>800.5</ele>
      </trkpt>
      <trkpt lat="34.386833" lon="-101.078317">
        <ele>802.1</ele>
      </trkpt>
      <trkpt lat="34.387656" lon="-101.078324">
        <ele>802.9</ele>
      </trkpt>
      <trkpt lat="34.388479" lon="-101.078331">
        <ele>802.7</ele>
      </trkpt>
      <trkpt lat="34.389301" lon="-101.078339">
        <ele>802.7</ele>
      </trkpt>
      <trkpt lat="34.390124" lon="-101.078346">
        <ele>802.7</ele>
      </trkpt>
      <trkpt lat="34.390947" lon="-101.078353">
        <ele>802.6</ele>
      </trkpt>
      <trkpt lat="34.39177" lon="-101.07836">
        <ele>802.2</ele>
      </trkpt>
      <trkpt lat="34.39187" lon="-101.0784">
        <ele>801.8</ele>
      </trkpt>
      <trkpt lat="34.39195" lon="-101.07845">
        <ele>801.8</ele>
      </trkpt>
      <trkpt lat="34.39224" lon="-101.07882">
        <ele>800.9</ele>
      </trkpt>
      <trkpt lat="34.3923" lon="-101.07885">
        <ele>800.8</ele>
      </trkpt>
      <trkpt lat="34.39238" lon="-101.07885">
        <ele>800.8</ele>
      </trkpt>
      <trkpt lat="34.39247" lon="-101.07878">
        <ele>800.7</ele>
      </trkpt>
      <trkpt lat="34.3925" lon="-101.07872">
        <ele>800.6</ele>
      </trkpt>
      <trkpt lat="34.39251" lon="-101.07768">
        <ele>799.4</ele>
      </trkpt>
      <trkpt lat="34.392508" lon="-101.076658">
        <ele>800.4</ele>
      </trkpt>
      <trkpt lat="34.392507" lon="-101.075637">
        <ele>803.7</ele>
      </trkpt>
      <trkpt lat="34.392505" lon="-101.074615">
        <ele>802.5</ele>
      </trkpt>
      <trkpt lat="34.392503" lon="-101.073593">
        <ele>801.9</ele>
      </trkpt>
      <trkpt lat="34.392502" lon="-101.072572">
        <ele>801.5</ele>
      </trkpt>
      <trkpt lat="34.3925" lon="-101.07155">
        <ele>799.2</ele>
      </trkpt>
      <trkpt lat="34.392503" lon="-101.070485">
        <ele>793.9</ele>
      </trkpt>
      <trkpt lat="34.392505" lon="-101.06942">
        <ele>791.0</ele>
      </trkpt>
      <trkpt lat="34.392508" lon="-101.068355">
        <ele>789.8</ele>
      </trkpt>
      <trkpt lat="34.39251" lon="-101.06729">
        <ele>789.1</ele>
      </trkpt>
      <trkpt lat="34.39264" lon="-101.06729">
        <ele>788.8</ele>
      </trkpt>
      <trkpt lat="34.39351" lon="-101.067302">
        <ele>789.4</ele>
      </trkpt>
      <trkpt lat="34.39438" lon="-101.067315">
        <ele>791.1</ele>
      </trkpt>
      <trkpt lat="34.39525" lon="-101.067327">
        <ele>795.7</ele>
      </trkpt>
      <trkpt lat="34.39612" lon="-101.06734">
        <ele>800.6</ele>
      </trkpt>
      <trkpt lat="34.396965" lon="-101.06734">
        <ele>801.7</ele>
      </trkpt>
      <trkpt lat="34.39781" lon="-101.06734">
        <ele>798.7</ele>
      </trkpt>
      <trkpt lat="34.398655" lon="-101.06734">
        <ele>797.4</ele>
      </trkpt>
      <trkpt lat="34.3995" lon="-101.06734">
        <ele>797.0</ele>
      </trkpt>
      <trkpt lat="34.400345" lon="-101.06734">
        <ele>797.5</ele>
      </trkpt>
      <trkpt lat="34.40119" lon="-101.06734">
        <ele>799.4</ele>
      </trkpt>
      <trkpt lat="34.402055" lon="-101.067345">
        <ele>799.7</ele>
      </trkpt>
      <trkpt lat="34.40292" lon="-101.06735">
        <ele>798.5</ele>
      </trkpt>
      <trkpt lat="34.403527" lon="-101.067337">
        <ele>798.2</ele>
      </trkpt>
      <trkpt lat="34.404133" lon="-101.067323">
        <ele>798.7</ele>
      </trkpt>
      <trkpt lat="34.40474" lon="-101.06731">
        <ele>799.8</ele>
      </trkpt>
      <trkpt lat="34.405555" lon="-101.06731">
        <ele>800.8</ele>
      </trkpt>
      <trkpt lat="34.40637" lon="-101.06731">
        <ele>801.8</ele>
      </trkpt>
      <trkpt lat="34.407" lon="-101.0673">
        <ele>802.9</ele>
      </trkpt>
      <trkpt lat="34.40705" lon="-101.0673">
        <ele>802.2</ele>
      </trkpt>
      <trkpt lat="34.40784" lon="-101.06726">
        <ele>803.0</ele>
      </trkpt>
      <trkpt lat="34.40857" lon="-101.06711">
        <ele>803.6</ele>
      </trkpt>
      <trkpt lat="34.4091" lon="-101.06717">
        <ele>804.1</ele>
      </trkpt>
      <trkpt lat="34.40983" lon="-101.06698">
        <ele>804.2</ele>
      </trkpt>
      <trkpt lat="34.41027" lon="-101.067165">
        <ele>804.6</ele>
      </trkpt>
      <trkpt lat="34.41071" lon="-101.06735">
        <ele>804.9</ele>
      </trkpt>
      <trkpt lat="34.411457" lon="-101.06735">
        <ele>805.3</ele>
      </trkpt>
      <trkpt lat="34.412203" lon="-101.06735">
        <ele>805.8</ele>
      </trkpt>
      <trkpt lat="34.41295" lon="-101.06735">
        <ele>805.6</ele>
      </trkpt>
      <trkpt lat="34.41299" lon="-101.06734">
        <ele>803.9</ele>
      </trkpt>
      <trkpt lat="34.41301" lon="-101.06744">
        <ele>804.1</ele>
      </trkpt>
      <trkpt lat="34.41317" lon="-101.0679">
        <ele>804.4</ele>
      </trkpt>
      <trkpt lat="34.41323" lon="-101.0686">
        <ele>805.3</ele>
      </trkpt>
      <trkpt lat="34.41328" lon="-101.06878">
        <ele>805.4</ele>
      </trkpt>
      <trkpt lat="34.41342" lon="-101.06892">
        <ele>805.4</ele>
      </trkpt>
      <trkpt lat="34.41402" lon="-101.06922">
        <ele>805.7</ele>
      </trkpt>
      <trkpt lat="34.41478" lon="-101.06972">
        <ele>807.4</ele>
      </trkpt>
      <trkpt lat="34.41492" lon="-101.06985">
        <ele>807.4</ele>
      </trkpt>
      <trkpt lat="34.41507" lon="-101.07003">
        <ele>807.8</ele>
      </trkpt>
      <trkpt lat="34.41523" lon="-101.07034">
        <ele>808.6</ele>
      </trkpt>
      <trkpt lat="34.41531" lon="-101.07057">
        <ele>808.7</ele>
      </trkpt>
      <trkpt lat="34.41533" lon="-101.07085">
        <ele>809.3</ele>
      </trkpt>
      <trkpt lat="34.41529" lon="-101.07141">
        <ele>809.8</ele>
      </trkpt>
      <trkpt lat="34.4156" lon="-101.07154">
        <ele>807.6</ele>
      </trkpt>
      <trkpt lat="34.41579" lon="-101.07168">
        <ele>807.2</ele>
      </trkpt>
      <trkpt lat="34.41602" lon="-101.07178">
        <ele>806.5</ele>
      </trkpt>
      <trkpt lat="34.41609" lon="-101.07203">
        <ele>805.1</ele>
      </trkpt>
      <trkpt lat="34.41659" lon="-101.07218">
        <ele>796.6</ele>
      </trkpt>
      <trkpt lat="34.41659" lon="-101.07243">
        <ele>796.4</ele>
      </trkpt>
      <trkpt lat="34.41663" lon="-101.07257">
        <ele>796.1</ele>
      </trkpt>
      <trkpt lat="34.41696" lon="-101.07307">
        <ele>796.5</ele>
      </trkpt>
      <trkpt lat="34.41699" lon="-101.07346">
        <ele>796.0</ele>
      </trkpt>
      <trkpt lat="34.41704" lon="-101.07361">
        <ele>796.1</ele>
      </trkpt>
      <trkpt lat="34.41733" lon="-101.07393">
        <ele>796.9</ele>
      </trkpt>
      <trkpt lat="34.41789" lon="-101.07416">
        <ele>802.0</ele>
      </trkpt>
      <trkpt lat="34.41867" lon="-101.07444">
        <ele>806.5</ele>
      </trkpt>
      <trkpt lat="34.41891" lon="-101.07445">
        <ele>809.0</ele>
      </trkpt>
      <trkpt lat="34.41897" lon="-101.07451">
        <ele>808.8</ele>
      </trkpt>
      <trkpt lat="34.41927" lon="-101.07481">
        <ele>807.7</ele>
      </trkpt>
      <trkpt lat="34.41953" lon="-101.07492">
        <ele>810.7</ele>
      </trkpt>
      <trkpt lat="34.41975" lon="-101.07526">
        <ele>811.1</ele>
      </trkpt>
      <trkpt lat="34.41995" lon="-101.07541">
        <ele>810.3</ele>
      </trkpt>
      <trkpt lat="34.42011" lon="-101.0755">
        <ele>811.3</ele>
      </trkpt>
      <trkpt lat="34.42037" lon="-101.07606">
        <ele>811.9</ele>
      </trkpt>
      <trkpt lat="34.42048" lon="-101.07617">
        <ele>812.6</ele>
      </trkpt>
      <trkpt lat="34.42059" lon="-101.07621">
        <ele>813.1</ele>
      </trkpt>
      <trkpt lat="34.42097" lon="-101.0762">
        <ele>813.5</ele>
      </trkpt>
      <trkpt lat="34.42103" lon="-101.0761">
        <ele>812.8</ele>
      </trkpt>
      <trkpt lat="34.42093" lon="-101.07597">
        <ele>813.0</ele>
      </trkpt>
      <trkpt lat="34.420508" lon="-101.075292">
        <ele>813.5</ele>
      </trkpt>
      <trkpt lat="34.420085" lon="-101.074615">
        <ele>814.9</ele>
      </trkpt>
      <trkpt lat="34.419663" lon="-101.073937">
        <ele>812.9</ele>
      </trkpt>
      <trkpt lat="34.41924" lon="-101.07326">
        <ele>808.8</ele>
      </trkpt>
      <trkpt lat="34.419295" lon="-101.072715">
        <ele>808.7</ele>
      </trkpt>
      <trkpt lat="34.41935" lon="-101.07217">
        <ele>812.2</ele>
      </trkpt>
      <trkpt lat="34.419335" lon="-101.07162">
        <ele>811.5</ele>
      </trkpt>
      <trkpt lat="34.41932" lon="-101.07107">
        <ele>811.6</ele>
      </trkpt>
      <trkpt lat="34.419185" lon="-101.07051">
        <ele>812.7</ele>
      </trkpt>
      <trkpt lat="34.41905" lon="-101.06995">
        <ele>812.0</ele>
      </trkpt>
      <trkpt lat="34.41905" lon="-101.06978">
        <ele>811.5</ele>
      </trkpt>
      <trkpt lat="34.41886" lon="-101.06887">
        <ele>808.7</ele>
      </trkpt>
      <trkpt lat="34.41867" lon="-101.06796">
        <ele>807.6</ele>
      </trkpt>
      <trkpt lat="34.41848" lon="-101.06705">
        <ele>807.5</ele>
      </trkpt>
      <trkpt lat="34.41847" lon="-101.06682">
        <ele>807.2</ele>
      </trkpt>
      <trkpt lat="34.41862" lon="-101.0663">
        <ele>806.3</ele>
      </trkpt>
      <trkpt lat="34.418877" lon="-101.065627">
        <ele>803.0</ele>
      </trkpt>
      <trkpt lat="34.419133" lon="-101.064953">
        <ele>803.2</ele>
      </trkpt>
      <trkpt lat="34.41939" lon="-101.06428">
        <ele>807.1</ele>
      </trkpt>
      <trkpt lat="34.41975" lon="-101.06428">
        <ele>805.2</ele>
      </trkpt>
      <trkpt lat="34.41996" lon="-101.06425">
        <ele>804.1</ele>
      </trkpt>
      <trkpt lat="34.42022" lon="-101.06408">
        <ele>799.8</ele>
      </trkpt>
      <trkpt lat="34.42033" lon="-101.06394">
        <ele>798.4</ele>
      </trkpt>
      <trkpt lat="34.4205" lon="-101.06377">
        <ele>796.7</ele>
      </trkpt>
      <trkpt lat="34.42053" lon="-101.06354">
        <ele>795.9</ele>
      </trkpt>
      <trkpt lat="34.42057" lon="-101.06349">
        <ele>795.8</ele>
      </trkpt>
      <trkpt lat="34.42112" lon="-101.06336">
        <ele>797.8</ele>
      </trkpt>
      <trkpt lat="34.42126" lon="-101.06331">
        <ele>799.1</ele>
      </trkpt>
      <trkpt lat="34.42162" lon="-101.06309">
        <ele>796.8</ele>
      </trkpt>
      <trkpt lat="34.42179" lon="-101.06287">
        <ele>796.2</ele>
      </trkpt>
      <trkpt lat="34.42191" lon="-101.06282">
        <ele>796.2</ele>
      </trkpt>
      <trkpt lat="34.42205" lon="-101.06282">
        <ele>796.1</ele>
      </trkpt>
      <trkpt lat="34.42251" lon="-101.06287">
        <ele>790.8</ele>
      </trkpt>
      <trkpt lat="34.42261" lon="-101.06283">
        <ele>789.6</ele>
      </trkpt>
      <trkpt lat="34.4227" lon="-101.06275">
        <ele>788.5</ele>
      </trkpt>
      <trkpt lat="34.42279" lon="-101.06261">
        <ele>788.2</ele>
      </trkpt>
      <trkpt lat="34.4229" lon="-101.06233">
        <ele>785.2</ele>
      </trkpt>
      <trkpt lat="34.423" lon="-101.06225">
        <ele>783.0</ele>
      </trkpt>
      <trkpt lat="34.42319" lon="-101.06237">
        <ele>779.8</ele>
      </trkpt>
      <trkpt lat="34.42348" lon="-101.0623">
        <ele>777.5</ele>
      </trkpt>
      <trkpt lat="34.42362" lon="-101.0622">
        <ele>775.8</ele>
      </trkpt>
      <trkpt lat="34.42375" lon="-101.0622">
        <ele>773.7</ele>
      </trkpt>
      <trkpt lat="34.42401" lon="-101.06234">
        <ele>770.5</ele>
      </trkpt>
      <trkpt lat="34.42401" lon="-101.06233">
        <ele>770.3</ele>
      </trkpt>
      <trkpt lat="34.4242" lon="-101.06242">
        <ele>769.6</ele>
      </trkpt>
      <trkpt lat="34.42441" lon="-101.06243">
        <ele>769.2</ele>
      </trkpt>
      <trkpt lat="34.42452" lon="-101.06246">
        <ele>769.1</ele>
      </trkpt>
      <trkpt lat="34.42478" lon="-101.06265">
        <ele>769.8</ele>
      </trkpt>
      <trkpt lat="34.4249" lon="-101.06269">
        <ele>769.2</ele>
      </trkpt>
      <trkpt lat="34.4251" lon="-101.06257">
        <ele>767.6</ele>
      </trkpt>
      <trkpt lat="34.42539" lon="-101.06246">
        <ele>767.8</ele>
      </trkpt>
      <trkpt lat="34.42552" lon="-101.06233">
        <ele>768.3</ele>
      </trkpt>
      <trkpt lat="34.42566" lon="-101.06217">
        <ele>767.9</ele>
      </trkpt>
      <trkpt lat="34.42571" lon="-101.06215">
        <ele>767.4</ele>
      </trkpt>
      <trkpt lat="34.42579" lon="-101.06215">
        <ele>766.3</ele>
      </trkpt>
      <trkpt lat="34.42595" lon="-101.06224">
        <ele>765.0</ele>
      </trkpt>
      <trkpt lat="34.42623" lon="-101.06228">
        <ele>765.0</ele>
      </trkpt>
      <trkpt lat="34.42642" lon="-101.06242">
        <ele>766.0</ele>
      </trkpt>
      <trkpt lat="34.42652" lon="-101.06252">
        <ele>766.5</ele>
      </trkpt>
      <trkpt lat="34.42677" lon="-101.06305">
        <ele>766.3</ele>
      </trkpt>
      <trkpt lat="34.42738" lon="-101.06358">
        <ele>766.3</ele>
      </trkpt>
      <trkpt lat="34.42754" lon="-101.06364">
        <ele>765.7</ele>
      </trkpt>
      <trkpt lat="34.4279" lon="-101.06372">
        <ele>764.1</ele>
      </trkpt>
      <trkpt lat="34.42826" lon="-101.06391">
        <ele>763.8</ele>
      </trkpt>
      <trkpt lat="34.42859" lon="-101.06394">
        <ele>763.0</ele>
      </trkpt>
      <trkpt lat="34.42906" lon="-101.06408">
        <ele>759.3</ele>
      </trkpt>
      <trkpt lat="34.42967" lon="-101.06417">
        <ele>753.5</ele>
      </trkpt>
      <trkpt lat="34.43007" lon="-101.06439">
        <ele>749.5</ele>
      </trkpt>
      <trkpt lat="34.43021" lon="-101.06452">
        <ele>748.3</ele>
      </trkpt>
      <trkpt lat="34.43031" lon="-101.06466">
        <ele>747.7</ele>
      </trkpt>
      <trkpt lat="34.43035" lon="-101.06479">
        <ele>746.2</ele>
      </trkpt>
      <trkpt lat="34.43038" lon="-101.06525">
        <ele>741.3</ele>
      </trkpt>
      <trkpt lat="34.43041" lon="-101.06534">
        <ele>740.0</ele>
      </trkpt>
      <trkpt lat="34.43045" lon="-101.06542">
        <ele>738.8</ele>
      </trkpt>
      <trkpt lat="34.43049" lon="-101.06546">
        <ele>738.4</ele>
      </trkpt>
      <trkpt lat="34.43064" lon="-101.06543">
        <ele>737.4</ele>
      </trkpt>
      <trkpt lat="34.43069" lon="-101.06546">
        <ele>737.1</ele>
      </trkpt>
      <trkpt lat="34.43077" lon="-101.06582">
        <ele>738.1</ele>
      </trkpt>
      <trkpt lat="34.43076" lon="-101.06587">
        <ele>739.2</ele>
      </trkpt>
      <trkpt lat="34.43072" lon="-101.06591">
        <ele>739.2</ele>
      </trkpt>
      <trkpt lat="34.43053" lon="-101.06591">
        <ele>740.3</ele>
      </trkpt>
      <trkpt lat="34.43034" lon="-101.06597">
        <ele>742.3</ele>
      </trkpt>
      <trkpt lat="34.43025" lon="-101.06602">
        <ele>742.6</ele>
      </trkpt>
      <trkpt lat="34.43019" lon="-101.06609">
        <ele>742.9</ele>
      </trkpt>
      <trkpt lat="34.43012" lon="-101.06622">
        <ele>744.7</ele>
      </trkpt>
      <trkpt lat="34.43007" lon="-101.06667">
        <ele>750.9</ele>
      </trkpt>
      <trkpt lat="34.4301" lon="-101.06685">
        <ele>750.9</ele>
      </trkpt>
      <trkpt lat="34.4304" lon="-101.06766">
        <ele>752.5</ele>
      </trkpt>
      <trkpt lat="34.43047" lon="-101.06775">
        <ele>751.8</ele>
      </trkpt>
      <trkpt lat="34.43062" lon="-101.06788">
        <ele>751.0</ele>
      </trkpt>
      <trkpt lat="34.43088" lon="-101.06799">
        <ele>749.2</ele>
      </trkpt>
      <trkpt lat="34.43137" lon="-101.06811">
        <ele>742.3</ele>
      </trkpt>
      <trkpt lat="34.43173" lon="-101.06824">
        <ele>739.0</ele>
      </trkpt>
      <trkpt lat="34.43225" lon="-101.06856">
        <ele>735.9</ele>
      </trkpt>
      <trkpt lat="34.43246" lon="-101.06882">
        <ele>736.9</ele>
      </trkpt>
      <trkpt lat="34.43276" lon="-101.06893">
        <ele>734.7</ele>
      </trkpt>
      <trkpt lat="34.43295" lon="-101.06896">
        <ele>736.5</ele>
      </trkpt>
      <trkpt lat="34.43344" lon="-101.06874">
        <ele>739.1</ele>
      </trkpt>
      <trkpt lat="34.43387" lon="-101.06869">
        <ele>739.4</ele>
      </trkpt>
      <trkpt lat="34.43468" lon="-101.06896">
        <ele>748.1</ele>
      </trkpt>
      <trkpt lat="34.43481" lon="-101.06896">
        <ele>749.2</ele>
      </trkpt>
      <trkpt lat="34.43497" lon="-101.06891">
        <ele>749.1</ele>
      </trkpt>
      <trkpt lat="34.43518" lon="-101.06878">
        <ele>748.3</ele>
      </trkpt>
      <trkpt lat="34.43532" lon="-101.06864">
        <ele>747.9</ele>
      </trkpt>
      <trkpt lat="34.43544" lon="-101.06848">
        <ele>747.2</ele>
      </trkpt>
      <trkpt lat="34.43583" lon="-101.0679">
        <ele>744.3</ele>
      </trkpt>
      <trkpt lat="34.4359" lon="-101.06766">
        <ele>741.9</ele>
      </trkpt>
      <trkpt lat="34.43599" lon="-101.06748">
        <ele>738.9</ele>
      </trkpt>
      <trkpt lat="34.43609" lon="-101.06731">
        <ele>736.9</ele>
      </trkpt>
      <trkpt lat="34.43615" lon="-101.06726">
        <ele>736.4</ele>
      </trkpt>
      <trkpt lat="34.43621" lon="-101.0673">
        <ele>736.3</ele>
      </trkpt>
      <trkpt lat="34.43633" lon="-101.06739">
        <ele>736.2</ele>
      </trkpt>
      <trkpt lat="34.43645" lon="-101.06744">
        <ele>736.7</ele>
      </trkpt>
      <trkpt lat="34.43674" lon="-101.06739">
        <ele>738.8</ele>
      </trkpt>
      <trkpt lat="34.43685" lon="-101.06743">
        <ele>739.6</ele>
      </trkpt>
      <trkpt lat="34.43702" lon="-101.0677">
        <ele>742.0</ele>
      </trkpt>
      <trkpt lat="34.43719" lon="-101.06784">
        <ele>743.0</ele>
      </trkpt>
      <trkpt lat="34.43744" lon="-101.06828">
        <ele>744.5</ele>
      </trkpt>
      <trkpt lat="34.43783" lon="-101.0686">
        <ele>745.9</ele>
      </trkpt>
      <trkpt lat="34.43822" lon="-101.06905">
        <ele>749.1</ele>
      </trkpt>
      <trkpt lat="34.4383" lon="-101.06906">
        <ele>749.0</ele>
      </trkpt>
      <trkpt lat="34.43829" lon="-101.06897">
        <ele>748.9</ele>
      </trkpt>
      <trkpt lat="34.4383" lon="-101.06878">
        <ele>748.9</ele>
      </trkpt>
      <trkpt lat="34.43845" lon="-101.06846">
        <ele>748.9</ele>
      </trkpt>
      <trkpt lat="34.43871" lon="-101.0682">
        <ele>748.9</ele>
      </trkpt>
      <trkpt lat="34.43919" lon="-101.067905">
        <ele>748.4</ele>
      </trkpt>
      <trkpt lat="34.43967" lon="-101.06761">
        <ele>747.9</ele>
      </trkpt>
      <trkpt lat="34.43976" lon="-101.06754">
        <ele>747.9</ele>
      </trkpt>
      <trkpt lat="34.43999" lon="-101.06734">
        <ele>747.8</ele>
      </trkpt>
      <trkpt lat="34.44025" lon="-101.06703">
        <ele>747.3</ele>
      </trkpt>
      <trkpt lat="34.44036" lon="-101.06685">
        <ele>747.2</ele>
      </trkpt>
      <trkpt lat="34.44052" lon="-101.06654">
        <ele>747.1</ele>
      </trkpt>
      <trkpt lat="34.440755" lon="-101.065895">
        <ele>748.3</ele>
      </trkpt>
      <trkpt lat="34.44099" lon="-101.06525">
        <ele>750.5</ele>
      </trkpt>
      <trkpt lat="34.441305" lon="-101.06462">
        <ele>747.1</ele>
      </trkpt>
      <trkpt lat="34.44162" lon="-101.06399">
        <ele>742.7</ele>
      </trkpt>
      <trkpt lat="34.44177" lon="-101.06363">
        <ele>743.6</ele>
      </trkpt>
      <trkpt lat="34.44194" lon="-101.06301">
        <ele>748.0</ele>
      </trkpt>
      <trkpt lat="34.44202" lon="-101.06238">
        <ele>748.9</ele>
      </trkpt>
      <trkpt lat="34.44205" lon="-101.06171">
        <ele>743.1</ele>
      </trkpt>
      <trkpt lat="34.44208" lon="-101.06104">
        <ele>730.9</ele>
      </trkpt>
      <trkpt lat="34.44204" lon="-101.06038">
        <ele>722.3</ele>
      </trkpt>
      <trkpt lat="34.44194" lon="-101.05973">
        <ele>716.0</ele>
      </trkpt>
      <trkpt lat="34.44186" lon="-101.05946">
        <ele>715.8</ele>
      </trkpt>
      <trkpt lat="34.44173" lon="-101.05929">
        <ele>717.1</ele>
      </trkpt>
      <trkpt lat="34.44166" lon="-101.05924">
        <ele>718.2</ele>
      </trkpt>
      <trkpt lat="34.44107" lon="-101.0592">
        <ele>730.2</ele>
      </trkpt>
      <trkpt lat="34.44095" lon="-101.05915">
        <ele>733.0</ele>
      </trkpt>
      <trkpt lat="34.44056" lon="-101.05897">
        <ele>739.4</ele>
      </trkpt>
      <trkpt lat="34.44039" lon="-101.05879">
        <ele>741.8</ele>
      </trkpt>
      <trkpt lat="34.44029" lon="-101.05858">
        <ele>743.0</ele>
      </trkpt>
      <trkpt lat="34.44027" lon="-101.05843">
        <ele>743.1</ele>
      </trkpt>
      <trkpt lat="34.44025" lon="-101.05776">
        <ele>741.2</ele>
      </trkpt>
      <trkpt lat="34.44021" lon="-101.05746">
        <ele>740.8</ele>
      </trkpt>
      <trkpt lat="34.44016" lon="-101.05732">
        <ele>740.6</ele>
      </trkpt>
      <trkpt lat="34.4399" lon="-101.05675">
        <ele>741.8</ele>
      </trkpt>
      <trkpt lat="34.43968" lon="-101.05638">
        <ele>743.3</ele>
      </trkpt>
      <trkpt lat="34.43955" lon="-101.0562">
        <ele>744.4</ele>
      </trkpt>
      <trkpt lat="34.43954" lon="-101.0562">
        <ele>744.1</ele>
      </trkpt>
      <trkpt lat="34.43958" lon="-101.05607">
        <ele>744.4</ele>
      </trkpt>
      <trkpt lat="34.43998" lon="-101.05605">
        <ele>744.0</ele>
      </trkpt>
      <trkpt lat="34.44033" lon="-101.05613">
        <ele>744.1</ele>
      </trkpt>
      <trkpt lat="34.44057" lon="-101.05611">
        <ele>744.1</ele>
      </trkpt>
      <trkpt lat="34.44072" lon="-101.05606">
        <ele>744.3</ele>
      </trkpt>
      <trkpt lat="34.44139" lon="-101.05611">
        <ele>744.9</ele>
      </trkpt>
      <trkpt lat="34.44167" lon="-101.05596">
        <ele>744.9</ele>
      </trkpt>
      <trkpt lat="34.44185" lon="-101.05575">
        <ele>744.6</ele>
      </trkpt>
      <trkpt lat="34.44215" lon="-101.05537">
        <ele>743.7</ele>
      </trkpt>
      <trkpt lat="34.44238" lon="-101.05519">
        <ele>742.8</ele>
      </trkpt>
      <trkpt lat="34.44252" lon="-101.05498">
        <ele>741.0</ele>
      </trkpt>
      <trkpt lat="34.4426" lon="-101.05475">
        <ele>739.3</ele>
      </trkpt>
      <trkpt lat="34.44267" lon="-101.05449">
        <ele>737.7</ele>
      </trkpt>
      <trkpt lat="34.44254" lon="-101.05425">
        <ele>738.0</ele>
      </trkpt>
      <trkpt lat="34.44252" lon="-101.05396">
        <ele>739.1</ele>
      </trkpt>
      <trkpt lat="34.4425" lon="-101.05394">
        <ele>740.3</ele>
      </trkpt>
      <trkpt lat="34.4429" lon="-101.05351">
        <ele>740.6</ele>
      </trkpt>
      <trkpt lat="34.4432" lon="-101.0532">
        <ele>740.8</ele>
      </trkpt>
      <trkpt lat="34.44332" lon="-101.05293">
        <ele>741.3</ele>
      </trkpt>
      <trkpt lat="34.44386" lon="-101.05236">
        <ele>741.6</ele>
      </trkpt>
      <trkpt lat="34.44426" lon="-101.05187">
        <ele>740.0</ele>
      </trkpt>
      <trkpt lat="34.44426" lon="-101.05188">
        <ele>740.0</ele>
      </trkpt>
      <trkpt lat="34.44464" lon="-101.05127">
        <ele>739.0</ele>
      </trkpt>
      <trkpt lat="34.44478" lon="-101.0512">
        <ele>738.9</ele>
      </trkpt>
      <trkpt lat="34.44544" lon="-101.05127">
        <ele>738.0</ele>
      </trkpt>
      <trkpt lat="34.44606" lon="-101.05141">
        <ele>735.1</ele>
      </trkpt>
      <trkpt lat="34.44678" lon="-101.0519">
        <ele>728.5</ele>
      </trkpt>
      <trkpt lat="34.44733" lon="-101.05199">
        <ele>722.4</ele>
      </trkpt>
      <trkpt lat="34.44776" lon="-101.05217">
        <ele>718.0</ele>
      </trkpt>
      <trkpt lat="34.44826" lon="-101.05248">
        <ele>714.2</ele>
      </trkpt>
      <trkpt lat="34.44846" lon="-101.05254">
        <ele>713.9</ele>
      </trkpt>
      <trkpt lat="34.44853" lon="-101.05252">
        <ele>713.7</ele>
      </trkpt>
      <trkpt lat="34.44873" lon="-101.05223">
        <ele>712.5</ele>
      </trkpt>
      <trkpt lat="34.44877" lon="-101.05214">
        <ele>712.1</ele>
      </trkpt>
      <trkpt lat="34.4489" lon="-101.05163">
        <ele>709.2</ele>
      </trkpt>
      <trkpt lat="34.44891" lon="-101.05156">
        <ele>709.2</ele>
      </trkpt>
      <trkpt lat="34.44874" lon="-101.05128">
        <ele>707.2</ele>
      </trkpt>
      <trkpt lat="34.4486" lon="-101.05114">
        <ele>706.2</ele>
      </trkpt>
      <trkpt lat="34.44859" lon="-101.05105">
        <ele>705.1</ele>
      </trkpt>
      <trkpt lat="34.44861" lon="-101.05102">
        <ele>705.1</ele>
      </trkpt>
      <trkpt lat="34.44863" lon="-101.051">
        <ele>705.1</ele>
      </trkpt>
      <trkpt lat="34.44872" lon="-101.051">
        <ele>702.9</ele>
      </trkpt>
      <trkpt lat="34.44956" lon="-101.05112">
        <ele>696.9</ele>
      </trkpt>
      <trkpt lat="34.44961" lon="-101.05087">
        <ele>695.8</ele>
      </trkpt>
      <trkpt lat="34.44952" lon="-101.05031">
        <ele>695.5</ele>
      </trkpt>
      <trkpt lat="34.44943" lon="-101.04975">
        <ele>695.5</ele>
      </trkpt>
      <trkpt lat="34.44944" lon="-101.04909">
        <ele>694.8</ele>
      </trkpt>
      <trkpt lat="34.44953" lon="-101.049">
        <ele>694.9</ele>
      </trkpt>
      <trkpt lat="34.45015" lon="-101.04876">
        <ele>694.2</ele>
      </trkpt>
      <trkpt lat="34.45037" lon="-101.04854">
        <ele>693.7</ele>
      </trkpt>
      <trkpt lat="34.45048" lon="-101.04836">
        <ele>693.0</ele>
      </trkpt>
      <trkpt lat="34.45063" lon="-101.04818">
        <ele>692.9</ele>
      </trkpt>
      <trkpt lat="34.45081" lon="-101.04735">
        <ele>693.6</ele>
      </trkpt>
      <trkpt lat="34.4509" lon="-101.04706">
        <ele>692.9</ele>
      </trkpt>
      <trkpt lat="34.45089" lon="-101.04685">
        <ele>692.7</ele>
      </trkpt>
      <trkpt lat="34.45079" lon="-101.04667">
        <ele>692.2</ele>
      </trkpt>
      <trkpt lat="34.45072" lon="-101.04626">
        <ele>693.0</ele>
      </trkpt>
      <trkpt lat="34.450665" lon="-101.04552">
        <ele>692.0</ele>
      </trkpt>
      <trkpt lat="34.45061" lon="-101.04478">
        <ele>691.5</ele>
      </trkpt>
      <trkpt lat="34.45057" lon="-101.04451">
        <ele>691.2</ele>
      </trkpt>
      <trkpt lat="34.45034" lon="-101.04385">
        <ele>691.5</ele>
      </trkpt>
      <trkpt lat="34.45002" lon="-101.04322">
        <ele>690.4</ele>
      </trkpt>
      <trkpt lat="34.449607" lon="-101.04247">
        <ele>690.0</ele>
      </trkpt>
      <trkpt lat="34.449193" lon="-101.04172">
        <ele>689.3</ele>
      </trkpt>
      <trkpt lat="34.44878" lon="-101.04097">
        <ele>688.7</ele>
      </trkpt>
      <trkpt lat="34.44866" lon="-101.04048">
        <ele>689.1</ele>
      </trkpt>
      <trkpt lat="34.44866" lon="-101.0403">
        <ele>689.2</ele>
      </trkpt>
      <trkpt lat="34.44878" lon="-101.03956">
        <ele>689.6</ele>
      </trkpt>
      <trkpt lat="34.4489" lon="-101.03882">
        <ele>689.7</ele>
      </trkpt>
      <trkpt lat="34.44899" lon="-101.03798">
        <ele>690.8</ele>
      </trkpt>
      <trkpt lat="34.448805" lon="-101.03738">
        <ele>690.6</ele>
      </trkpt>
      <trkpt lat="34.44862" lon="-101.03678">
        <ele>693.8</ele>
      </trkpt>
      <trkpt lat="34.44821" lon="-101.03641">
        <ele>693.8</ele>
      </trkpt>
      <trkpt lat="34.44778" lon="-101.03598">
        <ele>690.9</ele>
      </trkpt>
      <trkpt lat="34.44751" lon="-101.0356">
        <ele>688.0</ele>
      </trkpt>
      <trkpt lat="34.44733" lon="-101.03504">
        <ele>686.4</ele>
      </trkpt>
      <trkpt lat="34.44727" lon="-101.03458">
        <ele>685.7</ele>
      </trkpt>
      <trkpt lat="34.44732" lon="-101.03445">
        <ele>685.7</ele>
      </trkpt>
      <trkpt lat="34.44746" lon="-101.03426">
        <ele>685.3</ele>
      </trkpt>
      <trkpt lat="34.44774" lon="-101.03381">
        <ele>684.5</ele>
      </trkpt>
      <trkpt lat="34.44814" lon="-101.03327">
        <ele>684.2</ele>
      </trkpt>
      <trkpt lat="34.44864" lon="-101.03283">
        <ele>684.4</ele>
      </trkpt>
      <trkpt lat="34.44875" lon="-101.03265">
        <ele>684.6</ele>
      </trkpt>
      <trkpt lat="34.44878" lon="-101.03247">
        <ele>684.7</ele>
      </trkpt>
      <trkpt lat="34.448615" lon="-101.031575">
        <ele>684.6</ele>
      </trkpt>
      <trkpt lat="34.44845" lon="-101.03068">
        <ele>684.4</ele>
      </trkpt>
      <trkpt lat="34.44833" lon="-101.03014">
        <ele>685.2</ele>
      </trkpt>
      <trkpt lat="34.44821" lon="-101.0296">
        <ele>687.0</ele>
      </trkpt>
      <trkpt lat="34.44807" lon="-101.02908">
        <ele>688.2</ele>
      </trkpt>
      <trkpt lat="34.44795" lon="-101.0288">
        <ele>688.9</ele>
      </trkpt>
      <trkpt lat="34.447505" lon="-101.02826">
        <ele>691.6</ele>
      </trkpt>
      <trkpt lat="34.44706" lon="-101.02772">
        <ele>691.9</ele>
      </trkpt>
      <trkpt lat="34.44703" lon="-101.02741">
        <ele>692.3</ele>
      </trkpt>
      <trkpt lat="34.44709" lon="-101.02696">
        <ele>692.5</ele>
      </trkpt>
      <trkpt lat="34.44703" lon="-101.02692">
        <ele>692.5</ele>
      </trkpt>
      <trkpt lat="34.44709" lon="-101.02696">
        <ele>692.5</ele>
      </trkpt>
      <trkpt lat="34.446655" lon="-101.026645">
        <ele>693.9</ele>
      </trkpt>
      <trkpt lat="34.446352" lon="-101.026426">
        <ele>695.5</ele>
      </trkpt>
      <trkpt lat="34.44622" lon="-101.02633">
        <ele>697.4</ele>
      </trkpt>
      <trkpt lat="34.44551" lon="-101.025885">
        <ele>709.0</ele>
      </trkpt>
      <trkpt lat="34.4448" lon="-101.02544">
        <ele>716.6</ele>
      </trkpt>
      <trkpt lat="34.44436" lon="-101.02513">
        <ele>721.5</ele>
      </trkpt>
      <trkpt lat="34.44385" lon="-101.02465">
        <ele>724.1</ele>
      </trkpt>
      <trkpt lat="34.44352" lon="-101.02428">
        <ele>726.2</ele>
      </trkpt>
      <trkpt lat="34.44345" lon="-101.02414">
        <ele>726.5</ele>
      </trkpt>
      <trkpt lat="34.44322" lon="-101.02347">
        <ele>732.1</ele>
      </trkpt>
      <trkpt lat="34.44297" lon="-101.02311">
        <ele>735.5</ele>
      </trkpt>
      <trkpt lat="34.44286" lon="-101.02302">
        <ele>736.6</ele>
      </trkpt>
      <trkpt lat="34.44245" lon="-101.022795">
        <ele>740.4</ele>
      </trkpt>
      <trkpt lat="34.44204" lon="-101.02257">
        <ele>741.2</ele>
      </trkpt>
      <trkpt lat="34.441365" lon="-101.02228">
        <ele>739.8</ele>
      </trkpt>
      <trkpt lat="34.44069" lon="-101.02199">
        <ele>739.5</ele>
      </trkpt>
      <trkpt lat="34.44056" lon="-101.02195">
        <ele>739.3</ele>
      </trkpt>
      <trkpt lat="34.43985" lon="-101.02217">
        <ele>737.8</ele>
      </trkpt>
      <trkpt lat="34.43967" lon="-101.02217">
        <ele>737.7</ele>
      </trkpt>
      <trkpt lat="34.43957" lon="-101.02213">
        <ele>737.7</ele>
      </trkpt>
      <trkpt lat="34.43898" lon="-101.02177">
        <ele>738.1</ele>
      </trkpt>
      <trkpt lat="34.43889" lon="-101.02169">
        <ele>738.5</ele>
      </trkpt>
      <trkpt lat="34.43849" lon="-101.0211">
        <ele>738.4</ele>
      </trkpt>
      <trkpt lat="34.4382" lon="-101.02087">
        <ele>738.3</ele>
      </trkpt>
      <trkpt lat="34.437725" lon="-101.020535">
        <ele>737.5</ele>
      </trkpt>
      <trkpt lat="34.43725" lon="-101.0202">
        <ele>737.2</ele>
      </trkpt>
      <trkpt lat="34.43686" lon="-101.01998">
        <ele>737.9</ele>
      </trkpt>
      <trkpt lat="34.43641" lon="-101.01977">
        <ele>741.7</ele>
      </trkpt>
      <trkpt lat="34.43604" lon="-101.01953">
        <ele>743.5</ele>
      </trkpt>
      <trkpt lat="34.43539" lon="-101.01899">
        <ele>741.8</ele>
      </trkpt>
      <trkpt lat="34.43501" lon="-101.01874">
        <ele>743.5</ele>
      </trkpt>
      <trkpt lat="34.434205" lon="-101.018405">
        <ele>748.4</ele>
      </trkpt>
      <trkpt lat="34.4334" lon="-101.01807">
        <ele>752.8</ele>
      </trkpt>
      <trkpt lat="34.43321" lon="-101.01807">
        <ele>753.1</ele>
      </trkpt>
      <trkpt lat="34.43308" lon="-101.0181">
        <ele>753.1</ele>
      </trkpt>
      <trkpt lat="34.43288" lon="-101.01819">
        <ele>752.9</ele>
      </trkpt>
      <trkpt lat="34.43225" lon="-101.018615">
        <ele>751.8</ele>
      </trkpt>
      <trkpt lat="34.43162" lon="-101.01904">
        <ele>749.5</ele>
      </trkpt>
      <trkpt lat="34.43151" lon="-101.0191">
        <ele>749.5</ele>
      </trkpt>
      <trkpt lat="34.43124" lon="-101.01948">
        <ele>749.0</ele>
      </trkpt>
      <trkpt lat="34.43092" lon="-101.02007">
        <ele>749.0</ele>
      </trkpt>
      <trkpt lat="34.430635" lon="-101.020495">
        <ele>750.2</ele>
      </trkpt>
      <trkpt lat="34.43035" lon="-101.02092">
        <ele>752.1</ele>
      </trkpt>
      <trkpt lat="34.429683" lon="-101.02156">
        <ele>749.7</ele>
      </trkpt>
      <trkpt lat="34.429015" lon="-101.0222">
        <ele>749.0</ele>
      </trkpt>
      <trkpt lat="34.428348" lon="-101.02284">
        <ele>749.8</ele>
      </trkpt>
      <trkpt lat="34.42768" lon="-101.02348">
        <ele>748.3</ele>
      </trkpt>
      <trkpt lat="34.42724" lon="-101.023925">
        <ele>748.6</ele>
      </trkpt>
      <trkpt lat="34.4268" lon="-101.02437">
        <ele>750.3</ele>
      </trkpt>
      <trkpt lat="34.42608" lon="-101.02499">
        <ele>753.1</ele>
      </trkpt>
      <trkpt lat="34.42581" lon="-101.02526">
        <ele>754.3</ele>
      </trkpt>
      <trkpt lat="34.42537" lon="-101.02576">
        <ele>757.8</ele>
      </trkpt>
      <trkpt lat="34.42521" lon="-101.02593">
        <ele>758.1</ele>
      </trkpt>
      <trkpt lat="34.42469" lon="-101.02638">
        <ele>761.6</ele>
      </trkpt>
      <trkpt lat="34.42446" lon="-101.02666">
        <ele>765.5</ele>
      </trkpt>
      <trkpt lat="34.4242" lon="-101.02715">
        <ele>766.3</ele>
      </trkpt>
      <trkpt lat="34.42415" lon="-101.0272">
        <ele>766.4</ele>
      </trkpt>
      <trkpt lat="34.42406" lon="-101.02727">
        <ele>766.7</ele>
      </trkpt>
      <trkpt lat="34.42383" lon="-101.02736">
        <ele>768.2</ele>
      </trkpt>
      <trkpt lat="34.42333" lon="-101.0275">
        <ele>771.8</ele>
      </trkpt>
      <trkpt lat="34.42307" lon="-101.02763">
        <ele>772.3</ele>
      </trkpt>
      <trkpt lat="34.42291" lon="-101.02772">
        <ele>773.0</ele>
      </trkpt>
      <trkpt lat="34.4225" lon="-101.02813">
        <ele>775.7</ele>
      </trkpt>
      <trkpt lat="34.42209" lon="-101.02854">
        <ele>782.4</ele>
      </trkpt>
      <trkpt lat="34.42204" lon="-101.02862">
        <ele>782.8</ele>
      </trkpt>
      <trkpt lat="34.42195" lon="-101.02893">
        <ele>784.7</ele>
      </trkpt>
      <trkpt lat="34.42185" lon="-101.0298">
        <ele>785.7</ele>
      </trkpt>
      <trkpt lat="34.421835" lon="-101.030415">
        <ele>785.9</ele>
      </trkpt>
      <trkpt lat="34.42182" lon="-101.03103">
        <ele>786.6</ele>
      </trkpt>
      <trkpt lat="34.42175" lon="-101.03193">
        <ele>786.1</ele>
      </trkpt>
      <trkpt lat="34.42169" lon="-101.03215">
        <ele>785.8</ele>
      </trkpt>
      <trkpt lat="34.4216" lon="-101.03229">
        <ele>785.2</ele>
      </trkpt>
      <trkpt lat="34.42147" lon="-101.03242">
        <ele>784.9</ele>
      </trkpt>
      <trkpt lat="34.42132" lon="-101.03247">
        <ele>784.4</ele>
      </trkpt>
      <trkpt lat="34.420434" lon="-101.032464">
        <ele>784.2</ele>
      </trkpt>
      <trkpt lat="34.419549" lon="-101.032459">
        <ele>785.6</ele>
      </trkpt>
      <trkpt lat="34.418663" lon="-101.032453">
        <ele>783.6</ele>
      </trkpt>
      <trkpt lat="34.417778" lon="-101.032447">
        <ele>782.0</ele>
      </trkpt>
      <trkpt lat="34.416892" lon="-101.032442">
        <ele>781.7</ele>
      </trkpt>
      <trkpt lat="34.416006" lon="-101.032436">
        <ele>782.0</ele>
      </trkpt>
      <trkpt lat="34.415121" lon="-101.032431">
        <ele>781.5</ele>
      </trkpt>
      <trkpt lat="34.414235" lon="-101.032425">
        <ele>780.5</ele>
      </trkpt>
      <trkpt lat="34.413349" lon="-101.032419">
        <ele>780.4</ele>
      </trkpt>
      <trkpt lat="34.412464" lon="-101.032414">
        <ele>780.6</ele>
      </trkpt>
      <trkpt lat="34.411578" lon="-101.032408">
        <ele>780.2</ele>
      </trkpt>
      <trkpt lat="34.410692" lon="-101.032402">
        <ele>779.2</ele>
      </trkpt>
      <trkpt lat="34.409807" lon="-101.032397">
        <ele>778.1</ele>
      </trkpt>
      <trkpt lat="34.408921" lon="-101.032391">
        <ele>777.4</ele>
      </trkpt>
      <trkpt lat="34.408036" lon="-101.032386">
        <ele>776.9</ele>
      </trkpt>
      <trkpt lat="34.40715" lon="-101.03238">
        <ele>777.9</ele>
      </trkpt>
      <trkpt lat="34.40715" lon="-101.03214">
        <ele>777.5</ele>
      </trkpt>
      <trkpt lat="34.40715" lon="-101.03215">
        <ele>777.5</ele>
      </trkpt>
      <trkpt lat="34.407151" lon="-101.031116">
        <ele>776.6</ele>
      </trkpt>
      <trkpt lat="34.407152" lon="-101.030082">
        <ele>776.1</ele>
      </trkpt>
      <trkpt lat="34.407153" lon="-101.029048">
        <ele>775.8</ele>
      </trkpt>
      <trkpt lat="34.407153" lon="-101.028013">
        <ele>775.5</ele>
      </trkpt>
      <trkpt lat="34.407154" lon="-101.026979">
        <ele>775.3</ele>
      </trkpt>
      <trkpt lat="34.407155" lon="-101.025945">
        <ele>775.2</ele>
      </trkpt>
      <trkpt lat="34.407156" lon="-101.024911">
        <ele>775.0</ele>
      </trkpt>
      <trkpt lat="34.407157" lon="-101.023877">
        <ele>774.8</ele>
      </trkpt>
      <trkpt lat="34.407158" lon="-101.022843">
        <ele>774.6</ele>
      </trkpt>
      <trkpt lat="34.407158" lon="-101.021808">
        <ele>774.4</ele>
      </trkpt>
      <trkpt lat="34.407159" lon="-101.020774">
        <ele>774.2</ele>
      </trkpt>
      <trkpt lat="34.40716" lon="-101.01974">
        <ele>774.4</ele>
      </trkpt>
      <trkpt lat="34.407167" lon="-101.018693">
        <ele>774.2</ele>
      </trkpt>
      <trkpt lat="34.407173" lon="-101.017647">
        <ele>774.0</ele>
      </trkpt>
      <trkpt lat="34.40718" lon="-101.0166">
        <ele>774.2</ele>
      </trkpt>
      <trkpt lat="34.407187" lon="-101.015553">
        <ele>775.0</ele>
      </trkpt>
      <trkpt lat="34.407193" lon="-101.014507">
        <ele>775.7</ele>
      </trkpt>
      <trkpt lat="34.4072" lon="-101.01346">
        <ele>778.7</ele>
      </trkpt>
      <trkpt lat="34.407201" lon="-101.012405">
        <ele>781.9</ele>
      </trkpt>
      <trkpt lat="34.407202" lon="-101.01135">
        <ele>785.0</ele>
      </trkpt>
      <trkpt lat="34.407203" lon="-101.010295">
        <ele>786.8</ele>
      </trkpt>
      <trkpt lat="34.407204" lon="-101.00924">
        <ele>789.0</ele>
      </trkpt>
      <trkpt lat="34.407205" lon="-101.008185">
        <ele>787.8</ele>
      </trkpt>
      <trkpt lat="34.407206" lon="-101.00713">
        <ele>784.6</ele>
      </trkpt>
      <trkpt lat="34.407207" lon="-101.006075">
        <ele>782.0</ele>
      </trkpt>
      <trkpt lat="34.407208" lon="-101.00502">
        <ele>779.9</ele>
      </trkpt>
      <trkpt lat="34.407209" lon="-101.003965">
        <ele>778.6</ele>
      </trkpt>
      <trkpt lat="34.40721" lon="-101.00291">
        <ele>777.7</ele>
      </trkpt>
      <trkpt lat="34.407216" lon="-101.00185">
        <ele>775.8</ele>
      </trkpt>
      <trkpt lat="34.407222" lon="-101.00079">
        <ele>773.5</ele>
      </trkpt>
      <trkpt lat="34.407228" lon="-100.99973">
        <ele>771.6</ele>
      </trkpt>
      <trkpt lat="34.407234" lon="-100.99867">
        <ele>770.9</ele>
      </trkpt>
      <trkpt lat="34.40724" lon="-100.99761">
        <ele>771.4</ele>
      </trkpt>
      <trkpt lat="34.407246" lon="-100.99655">
        <ele>769.7</ele>
      </trkpt>
      <trkpt lat="34.407252" lon="-100.99549">
        <ele>767.8</ele>
      </trkpt>
      <trkpt lat="34.407258" lon="-100.99443">
        <ele>766.5</ele>
      </trkpt>
      <trkpt lat="34.407264" lon="-100.99337">
        <ele>765.4</ele>
      </trkpt>
      <trkpt lat="34.40727" lon="-100.99231">
        <ele>760.0</ele>
      </trkpt>
      <trkpt lat="34.407267" lon="-100.991413">
        <ele>756.9</ele>
      </trkpt>
      <trkpt lat="34.407263" lon="-100.990517">
        <ele>752.5</ele>
      </trkpt>
      <trkpt lat="34.40726" lon="-100.98962">
        <ele>751.0</ele>
      </trkpt>
      <trkpt lat="34.40721" lon="-100.98953">
        <ele>750.3</ele>
      </trkpt>
      <trkpt lat="34.40709" lon="-100.98949">
        <ele>749.8</ele>
      </trkpt>
      <trkpt lat="34.406241" lon="-100.989493">
        <ele>745.6</ele>
      </trkpt>
      <trkpt lat="34.405393" lon="-100.989495">
        <ele>744.4</ele>
      </trkpt>
      <trkpt lat="34.404544" lon="-100.989498">
        <ele>744.5</ele>
      </trkpt>
      <trkpt lat="34.403695" lon="-100.9895">
        <ele>744.9</ele>
      </trkpt>
      <trkpt lat="34.402846" lon="-100.989503">
        <ele>745.5</ele>
      </trkpt>
      <trkpt lat="34.401997" lon="-100.989505">
        <ele>745.7</ele>
      </trkpt>
      <trkpt lat="34.401149" lon="-100.989508">
        <ele>746.9</ele>
      </trkpt>
      <trkpt lat="34.4003" lon="-100.98951">
        <ele>751.8</ele>
      </trkpt>
      <trkpt lat="34.399562" lon="-100.98952">
        <ele>755.9</ele>
      </trkpt>
      <trkpt lat="34.398825" lon="-100.98953">
        <ele>760.3</ele>
      </trkpt>
      <trkpt lat="34.398087" lon="-100.98954">
        <ele>763.9</ele>
      </trkpt>
      <trkpt lat="34.39735" lon="-100.98955">
        <ele>768.1</ele>
      </trkpt>
      <trkpt lat="34.39734" lon="-100.988617">
        <ele>764.4</ele>
      </trkpt>
      <trkpt lat="34.39733" lon="-100.987685">
        <ele>761.7</ele>
      </trkpt>
      <trkpt lat="34.39732" lon="-100.986752">
        <ele>761.1</ele>
      </trkpt>
      <trkpt lat="34.39731" lon="-100.98582">
        <ele>761.7</ele>
      </trkpt>
      <trkpt lat="34.397317" lon="-100.985">
        <ele>761.8</ele>
      </trkpt>
      <trkpt lat="34.397323" lon="-100.98418">
        <ele>763.0</ele>
      </trkpt>
      <trkpt lat="34.39733" lon="-100.98336">
        <ele>764.9</ele>
      </trkpt>
      <trkpt lat="34.397328" lon="-100.982331">
        <ele>763.5</ele>
      </trkpt>
      <trkpt lat="34.397326" lon="-100.981302">
        <ele>758.7</ele>
      </trkpt>
      <trkpt lat="34.397325" lon="-100.980273">
        <ele>755.9</ele>
      </trkpt>
      <trkpt lat="34.397323" lon="-100.979244">
        <ele>757.5</ele>
      </trkpt>
      <trkpt lat="34.397321" lon="-100.978215">
        <ele>752.8</ele>
      </trkpt>
      <trkpt lat="34.397319" lon="-100.977185">
        <ele>749.2</ele>
      </trkpt>
      <trkpt lat="34.397317" lon="-100.976156">
        <ele>750.4</ele>
      </trkpt>
      <trkpt lat="34.397316" lon="-100.975127">
        <ele>754.2</ele>
      </trkpt>
      <trkpt lat="34.397314" lon="-100.974098">
        <ele>754.1</ele>
      </trkpt>
      <trkpt lat="34.397312" lon="-100.973069">
        <ele>752.1</ele>
      </trkpt>
      <trkpt lat="34.39731" lon="-100.97204">
        <ele>757.2</ele>
      </trkpt>
      <trkpt lat="34.398187" lon="-100.972037">
        <ele>755.3</ele>
      </trkpt>
      <trkpt lat="34.399063" lon="-100.972033">
        <ele>751.8</ele>
      </trkpt>
      <trkpt lat="34.39994" lon="-100.97203">
        <ele>749.4</ele>
      </trkpt>
      <trkpt lat="34.39998" lon="-100.972">
        <ele>749.1</ele>
      </trkpt>
      <trkpt lat="34.40005" lon="-100.97189">
        <ele>749.1</ele>
      </trkpt>
      <trkpt lat="34.40007" lon="-100.9718">
        <ele>748.6</ele>
      </trkpt>
      <trkpt lat="34.400045" lon="-100.970815">
        <ele>748.9</ele>
      </trkpt>
      <trkpt lat="34.40002" lon="-100.96983">
        <ele>748.9</ele>
      </trkpt>
      <trkpt lat="34.399995" lon="-100.968845">
        <ele>747.1</ele>
      </trkpt>
      <trkpt lat="34.39997" lon="-100.96786">
        <ele>746.8</ele>
      </trkpt>
      <trkpt lat="34.40005" lon="-100.96769">
        <ele>746.6</ele>
      </trkpt>
      <trkpt lat="34.40014" lon="-100.96764">
        <ele>746.3</ele>
      </trkpt>
      <trkpt lat="34.400974" lon="-100.967637">
        <ele>743.4</ele>
      </trkpt>
      <trkpt lat="34.401808" lon="-100.967634">
        <ele>740.0</ele>
      </trkpt>
      <trkpt lat="34.402642" lon="-100.967631">
        <ele>737.6</ele>
      </trkpt>
      <trkpt lat="34.403476" lon="-100.967628">
        <ele>735.5</ele>
      </trkpt>
      <trkpt lat="34.40431" lon="-100.967625">
        <ele>733.9</ele>
      </trkpt>
      <trkpt lat="34.405144" lon="-100.967622">
        <ele>733.1</ele>
      </trkpt>
      <trkpt lat="34.405978" lon="-100.967619">
        <ele>732.7</ele>
      </trkpt>
      <trkpt lat="34.406812" lon="-100.967616">
        <ele>732.1</ele>
      </trkpt>
      <trkpt lat="34.407646" lon="-100.967613">
        <ele>731.8</ele>
      </trkpt>
      <trkpt lat="34.40848" lon="-100.96761">
        <ele>731.4</ele>
      </trkpt>
      <trkpt lat="34.40853" lon="-100.96759">
        <ele>731.4</ele>
      </trkpt>
      <trkpt lat="34.40856" lon="-100.96755">
        <ele>731.4</ele>
      </trkpt>
      <trkpt lat="34.408561" lon="-100.966492">
        <ele>730.6</ele>
      </trkpt>
      <trkpt lat="34.408562" lon="-100.965435">
        <ele>730.6</ele>
      </trkpt>
      <trkpt lat="34.408562" lon="-100.964377">
        <ele>730.6</ele>
      </trkpt>
      <trkpt lat="34.408563" lon="-100.963319">
        <ele>730.7</ele>
      </trkpt>
      <trkpt lat="34.408564" lon="-100.962262">
        <ele>730.7</ele>
      </trkpt>
      <trkpt lat="34.408565" lon="-100.961204">
        <ele>730.7</ele>
      </trkpt>
      <trkpt lat="34.408566" lon="-100.960146">
        <ele>731.0</ele>
      </trkpt>
      <trkpt lat="34.408566" lon="-100.959088">
        <ele>731.3</ele>
      </trkpt>
      <trkpt lat="34.408567" lon="-100.958031">
        <ele>731.3</ele>
      </trkpt>
      <trkpt lat="34.408568" lon="-100.956973">
        <ele>731.6</ele>
      </trkpt>
      <trkpt lat="34.408569" lon="-100.955915">
        <ele>731.5</ele>
      </trkpt>
      <trkpt lat="34.408569" lon="-100.954858">
        <ele>731.2</ele>
      </trkpt>
      <trkpt lat="34.40857" lon="-100.9538">
        <ele>730.7</ele>
      </trkpt>
      <trkpt lat="34.408568" lon="-100.952762">
        <ele>729.5</ele>
      </trkpt>
      <trkpt lat="34.408566" lon="-100.951725">
        <ele>729.0</ele>
      </trkpt>
      <trkpt lat="34.408565" lon="-100.950687">
        <ele>729.2</ele>
      </trkpt>
      <trkpt lat="34.408563" lon="-100.94965">
        <ele>729.9</ele>
      </trkpt>
      <trkpt lat="34.408561" lon="-100.948612">
        <ele>732.0</ele>
      </trkpt>
      <trkpt lat="34.408559" lon="-100.947575">
        <ele>734.1</ele>
      </trkpt>
      <trkpt lat="34.408557" lon="-100.946537">
        <ele>737.3</ele>
      </trkpt>
      <trkpt lat="34.408555" lon="-100.9455">
        <ele>739.8</ele>
      </trkpt>
      <trkpt lat="34.408553" lon="-100.944462">
        <ele>738.7</ele>
      </trkpt>
      <trkpt lat="34.408552" lon="-100.943425">
        <ele>735.3</ele>
      </trkpt>
      <trkpt lat="34.40855" lon="-100.942387">
        <ele>733.4</ele>
      </trkpt>
      <trkpt lat="34.408548" lon="-100.94135">
        <ele>732.6</ele>
      </trkpt>
      <trkpt lat="34.408546" lon="-100.940312">
        <ele>732.2</ele>
      </trkpt>
      <trkpt lat="34.408544" lon="-100.939275">
        <ele>732.3</ele>
      </trkpt>
      <trkpt lat="34.408542" lon="-100.938237">
        <ele>732.9</ele>
      </trkpt>
      <trkpt lat="34.40854" lon="-100.9372">
        <ele>734.1</ele>
      </trkpt>
      <trkpt lat="34.40849" lon="-100.93711">
        <ele>733.9</ele>
      </trkpt>
      <trkpt lat="34.40835" lon="-100.93698">
        <ele>733.8</ele>
      </trkpt>
      <trkpt lat="34.40812" lon="-100.93696">
        <ele>733.0</ele>
      </trkpt>
      <trkpt lat="34.40737" lon="-100.936963">
        <ele>731.8</ele>
      </trkpt>
      <trkpt lat="34.40662" lon="-100.936967">
        <ele>730.4</ele>
      </trkpt>
      <trkpt lat="34.40587" lon="-100.93697">
        <ele>729.5</ele>
      </trkpt>
      <trkpt lat="34.40512" lon="-100.936973">
        <ele>727.9</ele>
      </trkpt>
      <trkpt lat="34.40437" lon="-100.936977">
        <ele>727.0</ele>
      </trkpt>
      <trkpt lat="34.40362" lon="-100.93698">
        <ele>726.0</ele>
      </trkpt>
      <trkpt lat="34.402848" lon="-100.936982">
        <ele>724.4</ele>
      </trkpt>
      <trkpt lat="34.402077" lon="-100.936983">
        <ele>723.2</ele>
      </trkpt>
      <trkpt lat="34.401305" lon="-100.936985">
        <ele>722.3</ele>
      </trkpt>
      <trkpt lat="34.400533" lon="-100.936987">
        <ele>722.3</ele>
      </trkpt>
      <trkpt lat="34.399762" lon="-100.936988">
        <ele>724.2</ele>
      </trkpt>
      <trkpt lat="34.39899" lon="-100.93699">
        <ele>724.9</ele>
      </trkpt>
      <trkpt lat="34.398994" lon="-100.936047">
        <ele>723.8</ele>
      </trkpt>
      <trkpt lat="34.398999" lon="-100.935104">
        <ele>722.1</ele>
      </trkpt>
      <trkpt lat="34.399003" lon="-100.934161">
        <ele>722.2</ele>
      </trkpt>
      <trkpt lat="34.399007" lon="-100.933219">
        <ele>724.6</ele>
      </trkpt>
      <trkpt lat="34.399011" lon="-100.932276">
        <ele>725.1</ele>
      </trkpt>
      <trkpt lat="34.399016" lon="-100.931333">
        <ele>726.6</ele>
      </trkpt>
      <trkpt lat="34.39902" lon="-100.93039">
        <ele>727.9</ele>
      </trkpt>
      <trkpt lat="34.399014" lon="-100.92938">
        <ele>726.0</ele>
      </trkpt>
      <trkpt lat="34.399008" lon="-100.92837">
        <ele>726.4</ele>
      </trkpt>
      <trkpt lat="34.399002" lon="-100.92736">
        <ele>727.7</ele>
      </trkpt>
      <trkpt lat="34.398996" lon="-100.92635">
        <ele>728.1</ele>
      </trkpt>
      <trkpt lat="34.39899" lon="-100.92534">
        <ele>727.4</ele>
      </trkpt>
      <trkpt lat="34.398984" lon="-100.92433">
        <ele>727.4</ele>
      </trkpt>
      <trkpt lat="34.398978" lon="-100.92332">
        <ele>728.5</ele>
      </trkpt>
      <trkpt lat="34.398972" lon="-100.92231">
        <ele>730.4</ele>
      </trkpt>
      <trkpt lat="34.398966" lon="-100.9213">
        <ele>733.8</ele>
      </trkpt>
      <trkpt lat="34.39896" lon="-100.92029">
        <ele>731.9</ele>
      </trkpt>
      <trkpt lat="34.39893" lon="-100.91996">
        <ele>730.4</ele>
      </trkpt>
      <trkpt lat="34.39874" lon="-100.91906">
        <ele>725.5</ele>
      </trkpt>
      <trkpt lat="34.398744" lon="-100.918005">
        <ele>723.2</ele>
      </trkpt>
      <trkpt lat="34.398748" lon="-100.916951">
        <ele>721.2</ele>
      </trkpt>
      <trkpt lat="34.398753" lon="-100.915896">
        <ele>720.4</ele>
      </trkpt>
      <trkpt lat="34.398757" lon="-100.914841">
        <ele>719.9</ele>
      </trkpt>
      <trkpt lat="34.398761" lon="-100.913786">
        <ele>719.8</ele>
      </trkpt>
      <trkpt lat="34.398765" lon="-100.912732">
        <ele>719.8</ele>
      </trkpt>
      <trkpt lat="34.398769" lon="-100.911677">
        <ele>720.0</ele>
      </trkpt>
      <trkpt lat="34.398773" lon="-100.910622">
        <ele>721.2</ele>
      </trkpt>
      <trkpt lat="34.398777" lon="-100.909568">
        <ele>723.0</ele>
      </trkpt>
      <trkpt lat="34.398781" lon="-100.908513">
        <ele>723.8</ele>
      </trkpt>
      <trkpt lat="34.398786" lon="-100.907458">
        <ele>722.1</ele>
      </trkpt>
      <trkpt lat="34.39879" lon="-100.906404">
        <ele>720.7</ele>
      </trkpt>
      <trkpt lat="34.398794" lon="-100.905349">
        <ele>719.9</ele>
      </trkpt>
      <trkpt lat="34.398798" lon="-100.904294">
        <ele>718.7</ele>
      </trkpt>
      <trkpt lat="34.398802" lon="-100.903239">
        <ele>718.4</ele>
      </trkpt>
      <trkpt lat="34.398806" lon="-100.902185">
        <ele>718.1</ele>
      </trkpt>
      <trkpt lat="34.39881" lon="-100.90113">
        <ele>718.5</ele>
      </trkpt>
      <trkpt lat="34.39881" lon="-100.90114">
        <ele>718.4</ele>
      </trkpt>
      <trkpt lat="34.39882" lon="-100.900333">
        <ele>718.6</ele>
      </trkpt>
      <trkpt lat="34.39883" lon="-100.899527">
        <ele>720.3</ele>
      </trkpt>
      <trkpt lat="34.39884" lon="-100.89872">
        <ele>720.5</ele>
      </trkpt>
      <trkpt lat="34.398135" lon="-100.89872">
        <ele>718.1</ele>
      </trkpt>
      <trkpt lat="34.39743" lon="-100.89872">
        <ele>717.7</ele>
      </trkpt>
      <trkpt lat="34.396547" lon="-100.898733">
        <ele>714.7</ele>
      </trkpt>
      <trkpt lat="34.395663" lon="-100.898747">
        <ele>714.0</ele>
      </trkpt>
      <trkpt lat="34.39478" lon="-100.89876">
        <ele>713.6</ele>
      </trkpt>
      <trkpt lat="34.394045" lon="-100.89876">
        <ele>712.6</ele>
      </trkpt>
      <trkpt lat="34.39331" lon="-100.89876">
        <ele>712.0</ele>
      </trkpt>
      <trkpt lat="34.393315" lon="-100.898165">
        <ele>711.0</ele>
      </trkpt>
      <trkpt lat="34.39332" lon="-100.89757">
        <ele>711.9</ele>
      </trkpt>
      <trkpt lat="34.39379" lon="-100.89758">
        <ele>712.6</ele>
      </trkpt>
      <trkpt lat="34.394194" lon="-100.897584">
        <ele>713.0</ele>
      </trkpt>
      <trkpt lat="34.394437" lon="-100.897587">
        <ele>713.4</ele>
      </trkpt>
      <trkpt lat="34.395083" lon="-100.897593">
        <ele>713.5</ele>
      </trkpt>
      <trkpt lat="34.39573" lon="-100.8976">
        <ele>713.8</ele>
      </trkpt>
      <trkpt lat="34.395735" lon="-100.896745">
        <ele>714.8</ele>
      </trkpt>
      <trkpt lat="34.39574" lon="-100.89589">
        <ele>717.2</ele>
      </trkpt>
      <trkpt lat="34.395745" lon="-100.895035">
        <ele>718.2</ele>
      </trkpt>
      <trkpt lat="34.39575" lon="-100.89418">
        <ele>719.5</ele>
      </trkpt>
      <trkpt lat="34.39577" lon="-100.893167">
        <ele>719.6</ele>
      </trkpt>
      <trkpt lat="34.39579" lon="-100.892153">
        <ele>719.2</ele>
      </trkpt>
      <trkpt lat="34.39581" lon="-100.89114">
        <ele>719.6</ele>
      </trkpt>
      <trkpt lat="34.395815" lon="-100.890555">
        <ele>719.8</ele>
      </trkpt>
      <trkpt lat="34.39582" lon="-100.88997">
        <ele>721.0</ele>
      </trkpt>
      <trkpt lat="34.395813" lon="-100.889177">
        <ele>721.7</ele>
      </trkpt>
      <trkpt lat="34.395807" lon="-100.888383">
        <ele>722.9</ele>
      </trkpt>
      <trkpt lat="34.3958" lon="-100.88759">
        <ele>724.7</ele>
      </trkpt>
      <trkpt lat="34.39579" lon="-100.886725">
        <ele>724.7</ele>
      </trkpt>
      <trkpt lat="34.39578" lon="-100.88586">
        <ele>725.4</ele>
      </trkpt>
      <trkpt lat="34.39578" lon="-100.88504">
        <ele>725.6</ele>
      </trkpt>
      <trkpt lat="34.39578" lon="-100.88422">
        <ele>726.9</ele>
      </trkpt>
      <trkpt lat="34.39578" lon="-100.8834">
        <ele>729.5</ele>
      </trkpt>
      <trkpt lat="34.39505" lon="-100.8834">
        <ele>728.0</ele>
      </trkpt>
      <trkpt lat="34.39432" lon="-100.8834">
        <ele>726.8</ele>
      </trkpt>
      <trkpt lat="34.393585" lon="-100.883385">
        <ele>727.1</ele>
      </trkpt>
      <trkpt lat="34.39285" lon="-100.88337">
        <ele>726.5</ele>
      </trkpt>
      <trkpt lat="34.39202" lon="-100.88338">
        <ele>727.6</ele>
      </trkpt>
      <trkpt lat="34.39119" lon="-100.88339">
        <ele>727.2</ele>
      </trkpt>
      <trkpt lat="34.39036" lon="-100.8834">
        <ele>725.4</ele>
      </trkpt>
      <trkpt lat="34.389539" lon="-100.883399">
        <ele>723.1</ele>
      </trkpt>
      <trkpt lat="34.388718" lon="-100.883398">
        <ele>720.8</ele>
      </trkpt>
      <trkpt lat="34.387897" lon="-100.883397">
        <ele>718.1</ele>
      </trkpt>
      <trkpt lat="34.387076" lon="-100.883396">
        <ele>716.3</ele>
      </trkpt>
      <trkpt lat="34.386255" lon="-100.883395">
        <ele>714.3</ele>
      </trkpt>
      <trkpt lat="34.385435" lon="-100.883395">
        <ele>712.0</ele>
      </trkpt>
      <trkpt lat="34.384614" lon="-100.883394">
        <ele>709.8</ele>
      </trkpt>
      <trkpt lat="34.383793" lon="-100.883393">
        <ele>708.4</ele>
      </trkpt>
      <trkpt lat="34.382972" lon="-100.883392">
        <ele>707.7</ele>
      </trkpt>
      <trkpt lat="34.382151" lon="-100.883391">
        <ele>707.4</ele>
      </trkpt>
      <trkpt lat="34.38133" lon="-100.88339">
        <ele>707.6</ele>
      </trkpt>
      <trkpt lat="34.380875" lon="-100.883385">
        <ele>708.7</ele>
      </trkpt>
      <trkpt lat="34.38042" lon="-100.88338">
        <ele>709.4</ele>
      </trkpt>
      <trkpt lat="34.379703" lon="-100.883383">
        <ele>711.1</ele>
      </trkpt>
      <trkpt lat="34.378987" lon="-100.883387">
        <ele>709.2</ele>
      </trkpt>
      <trkpt lat="34.37827" lon="-100.88339">
        <ele>706.0</ele>
      </trkpt>
      <trkpt lat="34.377455" lon="-100.883384">
        <ele>705.9</ele>
      </trkpt>
      <trkpt lat="34.37664" lon="-100.883377">
        <ele>704.9</ele>
      </trkpt>
      <trkpt lat="34.375825" lon="-100.883371">
        <ele>703.7</ele>
      </trkpt>
      <trkpt lat="34.37501" lon="-100.883365">
        <ele>702.0</ele>
      </trkpt>
      <trkpt lat="34.374195" lon="-100.883359">
        <ele>699.5</ele>
      </trkpt>
      <trkpt lat="34.37338" lon="-100.883352">
        <ele>698.3</ele>
      </trkpt>
      <trkpt lat="34.372565" lon="-100.883346">
        <ele>698.3</ele>
      </trkpt>
      <trkpt lat="34.37175" lon="-100.88334">
        <ele>699.6</ele>
      </trkpt>
      <trkpt lat="34.37123" lon="-100.883325">
        <ele>699.5</ele>
      </trkpt>
      <trkpt lat="34.37071" lon="-100.88331">
        <ele>699.1</ele>
      </trkpt>
      <trkpt lat="34.369826" lon="-100.88331">
        <ele>699.7</ele>
      </trkpt>
      <trkpt lat="34.368941" lon="-100.88331">
        <ele>701.5</ele>
      </trkpt>
      <trkpt lat="34.368057" lon="-100.88331">
        <ele>703.0</ele>
      </trkpt>
      <trkpt lat="34.367173" lon="-100.88331">
        <ele>701.9</ele>
      </trkpt>
      <trkpt lat="34.366289" lon="-100.88331">
        <ele>704.3</ele>
      </trkpt>
      <trkpt lat="34.365404" lon="-100.88331">
        <ele>704.5</ele>
      </trkpt>
      <trkpt lat="34.36452" lon="-100.88331">
        <ele>701.8</ele>
      </trkpt>
      <trkpt lat="34.363795" lon="-100.883295">
        <ele>703.5</ele>
      </trkpt>
      <trkpt lat="34.36307" lon="-100.88328">
        <ele>706.3</ele>
      </trkpt>
      <trkpt lat="34.362345" lon="-100.883265">
        <ele>707.5</ele>
      </trkpt>
      <trkpt lat="34.36162" lon="-100.88325">
        <ele>708.3</ele>
      </trkpt>
      <trkpt lat="34.360993" lon="-100.88325">
        <ele>708.2</ele>
      </trkpt>
      <trkpt lat="34.360367" lon="-100.88325">
        <ele>707.7</ele>
      </trkpt>
      <trkpt lat="34.35974" lon="-100.88325">
        <ele>707.5</ele>
      </trkpt>
      <trkpt lat="34.35964" lon="-100.88321">
        <ele>707.6</ele>
      </trkpt>
      <trkpt lat="34.35957" lon="-100.88316">
        <ele>707.6</ele>
      </trkpt>
      <trkpt lat="34.35948" lon="-100.88307">
        <ele>707.8</ele>
      </trkpt>
      <trkpt lat="34.35944" lon="-100.88298">
        <ele>707.8</ele>
      </trkpt>
      <trkpt lat="34.3594" lon="-100.88284">
        <ele>708.1</ele>
      </trkpt>
      <trkpt lat="34.35939" lon="-100.88223">
        <ele>708.6</ele>
      </trkpt>
      <trkpt lat="34.359397" lon="-100.881227">
        <ele>708.3</ele>
      </trkpt>
      <trkpt lat="34.359403" lon="-100.880223">
        <ele>705.3</ele>
      </trkpt>
      <trkpt lat="34.35941" lon="-100.87922">
        <ele>703.7</ele>
      </trkpt>
      <trkpt lat="34.3594" lon="-100.87904">
        <ele>703.6</ele>
      </trkpt>
      <trkpt lat="34.35937" lon="-100.87892">
        <ele>702.6</ele>
      </trkpt>
      <trkpt lat="34.35928" lon="-100.8788">
        <ele>702.4</ele>
      </trkpt>
      <trkpt lat="34.35917" lon="-100.87872">
        <ele>701.9</ele>
      </trkpt>
      <trkpt lat="34.35901" lon="-100.87869">
        <ele>701.5</ele>
      </trkpt>
      <trkpt lat="34.358313" lon="-100.878687">
        <ele>700.0</ele>
      </trkpt>
      <trkpt lat="34.357615" lon="-100.878685">
        <ele>698.6</ele>
      </trkpt>
      <trkpt lat="34.356918" lon="-100.878682">
        <ele>696.1</ele>
      </trkpt>
      <trkpt lat="34.35622" lon="-100.87868">
        <ele>695.9</ele>
      </trkpt>
      <trkpt lat="34.355525" lon="-100.8787">
        <ele>696.2</ele>
      </trkpt>
      <trkpt lat="34.35483" lon="-100.87872">
        <ele>698.9</ele>
      </trkpt>
      <trkpt lat="34.353967" lon="-100.87872">
        <ele>698.1</ele>
      </trkpt>
      <trkpt lat="34.353103" lon="-100.87872">
        <ele>696.4</ele>
      </trkpt>
      <trkpt lat="34.35224" lon="-100.87872">
        <ele>696.1</ele>
      </trkpt>
      <trkpt lat="34.35216" lon="-100.8787">
        <ele>696.4</ele>
      </trkpt>
      <trkpt lat="34.35213" lon="-100.87855">
        <ele>696.5</ele>
      </trkpt>
      <trkpt lat="34.35214" lon="-100.87834">
        <ele>696.3</ele>
      </trkpt>
      <trkpt lat="34.35215" lon="-100.87824">
        <ele>696.0</ele>
      </trkpt>
      <trkpt lat="34.352148" lon="-100.877232">
        <ele>696.3</ele>
      </trkpt>
      <trkpt lat="34.352147" lon="-100.876223">
        <ele>697.1</ele>
      </trkpt>
      <trkpt lat="34.352145" lon="-100.875215">
        <ele>697.8</ele>
      </trkpt>
      <trkpt lat="34.352143" lon="-100.874207">
        <ele>696.7</ele>
      </trkpt>
      <trkpt lat="34.352142" lon="-100.873198">
        <ele>697.0</ele>
      </trkpt>
      <trkpt lat="34.35214" lon="-100.87219">
        <ele>696.8</ele>
      </trkpt>
      <trkpt lat="34.352148" lon="-100.871162">
        <ele>697.0</ele>
      </trkpt>
      <trkpt lat="34.352156" lon="-100.870134">
        <ele>697.5</ele>
      </trkpt>
      <trkpt lat="34.352164" lon="-100.869106">
        <ele>699.4</ele>
      </trkpt>
      <trkpt lat="34.352172" lon="-100.868078">
        <ele>701.0</ele>
      </trkpt>
      <trkpt lat="34.35218" lon="-100.86705">
        <ele>701.1</ele>
      </trkpt>
      <trkpt lat="34.352205" lon="-100.86641">
        <ele>701.4</ele>
      </trkpt>
      <trkpt lat="34.35223" lon="-100.86577">
        <ele>701.5</ele>
      </trkpt>
      <trkpt lat="34.35181" lon="-100.86556">
        <ele>700.2</ele>
      </trkpt>
      <trkpt lat="34.3516" lon="-100.86534">
        <ele>699.5</ele>
      </trkpt>
      <trkpt lat="34.35139" lon="-100.86507">
        <ele>699.0</ele>
      </trkpt>
      <trkpt lat="34.35125" lon="-100.86485">
        <ele>699.1</ele>
      </trkpt>
      <trkpt lat="34.35117" lon="-100.86467">
        <ele>699.2</ele>
      </trkpt>
      <trkpt lat="34.35111" lon="-100.86439">
        <ele>700.0</ele>
      </trkpt>
      <trkpt lat="34.3511" lon="-100.8637">
        <ele>700.0</ele>
      </trkpt>
      <trkpt lat="34.351105" lon="-100.862615">
        <ele>700.0</ele>
      </trkpt>
      <trkpt lat="34.35111" lon="-100.86153">
        <ele>700.0</ele>
      </trkpt>
      <trkpt lat="34.351115" lon="-100.860445">
        <ele>698.4</ele>
      </trkpt>
      <trkpt lat="34.35112" lon="-100.85936">
        <ele>698.4</ele>
      </trkpt>
      <trkpt lat="34.351125" lon="-100.858275">
        <ele>698.4</ele>
      </trkpt>
      <trkpt lat="34.35113" lon="-100.85719">
        <ele>698.4</ele>
      </trkpt>
      <trkpt lat="34.35125" lon="-100.8562">
        <ele>698.4</ele>
      </trkpt>
      <trkpt lat="34.35137" lon="-100.85521">
        <ele>697.3</ele>
      </trkpt>
      <trkpt lat="34.351415" lon="-100.854655">
        <ele>697.3</ele>
      </trkpt>
      <trkpt lat="34.35146" lon="-100.8541">
        <ele>697.3</ele>
      </trkpt>
      <trkpt lat="34.351473" lon="-100.85314">
        <ele>697.3</ele>
      </trkpt>
      <trkpt lat="34.351487" lon="-100.85218">
        <ele>697.3</ele>
      </trkpt>
      <trkpt lat="34.3515" lon="-100.85122">
        <ele>691.0</ele>
      </trkpt>
      <trkpt lat="34.351513" lon="-100.85026">
        <ele>691.0</ele>
      </trkpt>
      <trkpt lat="34.351527" lon="-100.8493">
        <ele>691.0</ele>
      </trkpt>
      <trkpt lat="34.35154" lon="-100.84834">
        <ele>691.0</ele>
      </trkpt>
      <trkpt lat="34.351548" lon="-100.847354">
        <ele>691.0</ele>
      </trkpt>
      <trkpt lat="34.351556" lon="-100.846368">
        <ele>691.0</ele>
      </trkpt>
      <trkpt lat="34.351564" lon="-100.845382">
        <ele>691.0</ele>
      </trkpt>
      <trkpt lat="34.351572" lon="-100.844396">
        <ele>688.8</ele>
      </trkpt>
      <trkpt lat="34.35158" lon="-100.84341">
        <ele>688.8</ele>
      </trkpt>
      <trkpt lat="34.35157" lon="-100.84245">
        <ele>688.8</ele>
      </trkpt>
      <trkpt lat="34.35156" lon="-100.84149">
        <ele>688.8</ele>
      </trkpt>
      <trkpt lat="34.35153" lon="-100.84125">
        <ele>688.8</ele>
      </trkpt>
      <trkpt lat="34.35145" lon="-100.84098">
        <ele>688.8</ele>
      </trkpt>
      <trkpt lat="34.35131" lon="-100.84069">
        <ele>688.8</ele>
      </trkpt>
      <trkpt lat="34.35123" lon="-100.84058">
        <ele>688.8</ele>
      </trkpt>
      <trkpt lat="34.35104" lon="-100.84033">
        <ele>688.0</ele>
      </trkpt>
      <trkpt lat="34.35066" lon="-100.84004">
        <ele>688.0</ele>
      </trkpt>
      <trkpt lat="34.35043" lon="-100.83995">
        <ele>688.0</ele>
      </trkpt>
      <trkpt lat="34.35013" lon="-100.83988">
        <ele>688.0</ele>
      </trkpt>
      <trkpt lat="34.34933" lon="-100.83986">
        <ele>688.0</ele>
      </trkpt>
      <trkpt lat="34.34853" lon="-100.83984">
        <ele>684.8</ele>
      </trkpt>
      <trkpt lat="34.34773" lon="-100.83982">
        <ele>684.8</ele>
      </trkpt>
      <trkpt lat="34.34738" lon="-100.83974">
        <ele>684.8</ele>
      </trkpt>
      <trkpt lat="34.3472" lon="-100.83967">
        <ele>684.8</ele>
      </trkpt>
      <trkpt lat="34.34686" lon="-100.83942">
        <ele>684.8</ele>
      </trkpt>
      <trkpt lat="34.34666" lon="-100.8392">
        <ele>684.8</ele>
      </trkpt>
      <trkpt lat="34.34658" lon="-100.83907">
        <ele>684.8</ele>
      </trkpt>
      <trkpt lat="34.34636" lon="-100.83861">
        <ele>684.8</ele>
      </trkpt>
      <trkpt lat="34.3463" lon="-100.83839">
        <ele>684.8</ele>
      </trkpt>
      <trkpt lat="34.34627" lon="-100.83798">
        <ele>684.8</ele>
      </trkpt>
      <trkpt lat="34.346285" lon="-100.837225">
        <ele>684.8</ele>
      </trkpt>
      <trkpt lat="34.3463" lon="-100.83647">
        <ele>684.8</ele>
      </trkpt>
      <trkpt lat="34.346336" lon="-100.835412">
        <ele>686.0</ele>
      </trkpt>
      <trkpt lat="34.346372" lon="-100.834354">
        <ele>686.0</ele>
      </trkpt>
      <trkpt lat="34.346408" lon="-100.833296">
        <ele>686.0</ele>
      </trkpt>
      <trkpt lat="34.346444" lon="-100.832238">
        <ele>686.0</ele>
      </trkpt>
      <trkpt lat="34.34648" lon="-100.83118">
        <ele>686.0</ele>
      </trkpt>
      <trkpt lat="34.346508" lon="-100.830276">
        <ele>686.0</ele>
      </trkpt>
      <trkpt lat="34.346536" lon="-100.829372">
        <ele>686.0</ele>
      </trkpt>
      <trkpt lat="34.346564" lon="-100.828468">
        <ele>686.0</ele>
      </trkpt>
      <trkpt lat="34.346592" lon="-100.827564">
        <ele>686.0</ele>
      </trkpt>
      <trkpt lat="34.34662" lon="-100.82666">
        <ele>683.4</ele>
      </trkpt>
      <trkpt lat="34.34663" lon="-100.825765">
        <ele>683.4</ele>
      </trkpt>
      <trkpt lat="34.34664" lon="-100.82487">
        <ele>683.4</ele>
      </trkpt>
      <trkpt lat="34.34667" lon="-100.82448">
        <ele>683.4</ele>
      </trkpt>
      <trkpt lat="34.34682" lon="-100.82388">
        <ele>683.4</ele>
      </trkpt>
      <trkpt lat="34.3469" lon="-100.8237">
        <ele>683.4</ele>
      </trkpt>
      <trkpt lat="34.34711" lon="-100.82335">
        <ele>683.4</ele>
      </trkpt>
      <trkpt lat="34.34733" lon="-100.82312">
        <ele>683.3</ele>
      </trkpt>
      <trkpt lat="34.34752" lon="-100.82295">
        <ele>683.3</ele>
      </trkpt>
      <trkpt lat="34.34797" lon="-100.822675">
        <ele>683.3</ele>
      </trkpt>
      <trkpt lat="34.34842" lon="-100.8224">
        <ele>683.4</ele>
      </trkpt>
      <trkpt lat="34.34867" lon="-100.82219">
        <ele>683.4</ele>
      </trkpt>
      <trkpt lat="34.34876" lon="-100.82211">
        <ele>683.4</ele>
      </trkpt>
      <trkpt lat="34.34894" lon="-100.82188">
        <ele>683.4</ele>
      </trkpt>
      <trkpt lat="34.34909" lon="-100.8216">
        <ele>683.4</ele>
      </trkpt>
      <trkpt lat="34.3492" lon="-100.82133">
        <ele>683.4</ele>
      </trkpt>
      <trkpt lat="34.34928" lon="-100.82084">
        <ele>683.4</ele>
      </trkpt>
      <trkpt lat="34.34929" lon="-100.819782">
        <ele>683.4</ele>
      </trkpt>
      <trkpt lat="34.3493" lon="-100.818724">
        <ele>683.4</ele>
      </trkpt>
      <trkpt lat="34.34931" lon="-100.817666">
        <ele>684.1</ele>
      </trkpt>
      <trkpt lat="34.34932" lon="-100.816608">
        <ele>684.1</ele>
      </trkpt>
      <trkpt lat="34.34933" lon="-100.81555">
        <ele>684.1</ele>
      </trkpt>
      <trkpt lat="34.34931" lon="-100.8153">
        <ele>684.1</ele>
      </trkpt>
      <trkpt lat="34.34928" lon="-100.81515">
        <ele>684.1</ele>
      </trkpt>
      <trkpt lat="34.34921" lon="-100.81497">
        <ele>684.1</ele>
      </trkpt>
      <trkpt lat="34.34905" lon="-100.81463">
        <ele>684.1</ele>
      </trkpt>
      <trkpt lat="34.34881" lon="-100.81432">
        <ele>684.1</ele>
      </trkpt>
      <trkpt lat="34.3484" lon="-100.814">
        <ele>684.1</ele>
      </trkpt>
      <trkpt lat="34.34825" lon="-100.81394">
        <ele>684.1</ele>
      </trkpt>
      <trkpt lat="34.34818" lon="-100.8139">
        <ele>684.1</ele>
      </trkpt>
      <trkpt lat="34.34789" lon="-100.81385">
        <ele>684.1</ele>
      </trkpt>
      <trkpt lat="34.34702" lon="-100.813832">
        <ele>684.1</ele>
      </trkpt>
      <trkpt lat="34.34615" lon="-100.813814">
        <ele>684.1</ele>
      </trkpt>
      <trkpt lat="34.34528" lon="-100.813796">
        <ele>683.1</ele>
      </trkpt>
      <trkpt lat="34.34441" lon="-100.813778">
        <ele>683.1</ele>
      </trkpt>
      <trkpt lat="34.34354" lon="-100.81376">
        <ele>683.1</ele>
      </trkpt>
      <trkpt lat="34.34329" lon="-100.81373">
        <ele>683.1</ele>
      </trkpt>
      <trkpt lat="34.343" lon="-100.81364">
        <ele>683.1</ele>
      </trkpt>
      <trkpt lat="34.34282" lon="-100.81354">
        <ele>683.1</ele>
      </trkpt>
      <trkpt lat="34.34251" lon="-100.81331">
        <ele>683.1</ele>
      </trkpt>
      <trkpt lat="34.34236" lon="-100.81314">
        <ele>683.1</ele>
      </trkpt>
      <trkpt lat="34.34221" lon="-100.81291">
        <ele>683.1</ele>
      </trkpt>
      <trkpt lat="34.34201" lon="-100.81226">
        <ele>683.1</ele>
      </trkpt>
      <trkpt lat="34.34197" lon="-100.81202">
        <ele>683.1</ele>
      </trkpt>
      <trkpt lat="34.341975" lon="-100.811065">
        <ele>683.1</ele>
      </trkpt>
      <trkpt lat="34.34198" lon="-100.81011">
        <ele>681.8</ele>
      </trkpt>
      <trkpt lat="34.341997" lon="-100.809283">
        <ele>681.8</ele>
      </trkpt>
      <trkpt lat="34.342013" lon="-100.808457">
        <ele>681.8</ele>
      </trkpt>
      <trkpt lat="34.34203" lon="-100.80763">
        <ele>681.8</ele>
      </trkpt>
      <trkpt lat="34.34199" lon="-100.80668">
        <ele>681.8</ele>
      </trkpt>
      <trkpt lat="34.34194" lon="-100.80647">
        <ele>681.8</ele>
      </trkpt>
      <trkpt lat="34.34186" lon="-100.80626">
        <ele>681.8</ele>
      </trkpt>
      <trkpt lat="34.34174" lon="-100.80603">
        <ele>681.8</ele>
      </trkpt>
      <trkpt lat="34.34147" lon="-100.8057">
        <ele>681.2</ele>
      </trkpt>
      <trkpt lat="34.34127" lon="-100.8055">
        <ele>681.2</ele>
      </trkpt>
      <trkpt lat="34.34101" lon="-100.80535">
        <ele>681.2</ele>
      </trkpt>
      <trkpt lat="34.34083" lon="-100.8053">
        <ele>681.2</ele>
      </trkpt>
      <trkpt lat="34.34037" lon="-100.80523">
        <ele>681.2</ele>
      </trkpt>
      <trkpt lat="34.33952" lon="-100.805213">
        <ele>681.2</ele>
      </trkpt>
      <trkpt lat="34.33867" lon="-100.805197">
        <ele>678.7</ele>
      </trkpt>
      <trkpt lat="34.33782" lon="-100.80518">
        <ele>678.7</ele>
      </trkpt>
      <trkpt lat="34.33697" lon="-100.805163">
        <ele>678.7</ele>
      </trkpt>
      <trkpt lat="34.33612" lon="-100.805147">
        <ele>678.7</ele>
      </trkpt>
      <trkpt lat="34.33527" lon="-100.80513">
        <ele>678.7</ele>
      </trkpt>
      <trkpt lat="34.33442" lon="-100.805113">
        <ele>678.7</ele>
      </trkpt>
      <trkpt lat="34.33357" lon="-100.805097">
        <ele>678.7</ele>
      </trkpt>
      <trkpt lat="34.33272" lon="-100.80508">
        <ele>678.7</ele>
      </trkpt>
      <trkpt lat="34.33187" lon="-100.805063">
        <ele>675.5</ele>
      </trkpt>
      <trkpt lat="34.33102" lon="-100.805047">
        <ele>675.5</ele>
      </trkpt>
      <trkpt lat="34.33017" lon="-100.80503">
        <ele>675.5</ele>
      </trkpt>
      <trkpt lat="34.32932" lon="-100.805013">
        <ele>675.5</ele>
      </trkpt>
      <trkpt lat="34.32847" lon="-100.804997">
        <ele>675.5</ele>
      </trkpt>
      <trkpt lat="34.32762" lon="-100.80498">
        <ele>675.5</ele>
      </trkpt>
      <trkpt lat="34.32682" lon="-100.80499">
        <ele>675.5</ele>
      </trkpt>
      <trkpt lat="34.326135" lon="-100.804965">
        <ele>675.5</ele>
      </trkpt>
      <trkpt lat="34.32545" lon="-100.80494">
        <ele>671.1</ele>
      </trkpt>
      <trkpt lat="34.32518" lon="-100.8049">
        <ele>671.1</ele>
      </trkpt>
      <trkpt lat="34.32491" lon="-100.80481">
        <ele>671.1</ele>
      </trkpt>
      <trkpt lat="34.32458" lon="-100.80464">
        <ele>671.1</ele>
      </trkpt>
      <trkpt lat="34.32438" lon="-100.80449">
        <ele>671.1</ele>
      </trkpt>
      <trkpt lat="34.32397" lon="-100.804">
        <ele>670.6</ele>
      </trkpt>
      <trkpt lat="34.3239" lon="-100.80391">
        <ele>670.6</ele>
      </trkpt>
      <trkpt lat="34.32375" lon="-100.80357">
        <ele>670.6</ele>
      </trkpt>
      <trkpt lat="34.32363" lon="-100.80325">
        <ele>670.6</ele>
      </trkpt>
      <trkpt lat="34.32356" lon="-100.8029">
        <ele>670.6</ele>
      </trkpt>
      <trkpt lat="34.32356" lon="-100.801975">
        <ele>670.6</ele>
      </trkpt>
      <trkpt lat="34.32356" lon="-100.80105">
        <ele>665.7</ele>
      </trkpt>
      <trkpt lat="34.323577" lon="-100.800187">
        <ele>665.7</ele>
      </trkpt>
      <trkpt lat="34.323593" lon="-100.799323">
        <ele>665.7</ele>
      </trkpt>
      <trkpt lat="34.32361" lon="-100.79846">
        <ele>665.7</ele>
      </trkpt>
      <trkpt lat="34.32362" lon="-100.797413">
        <ele>665.7</ele>
      </trkpt>
      <trkpt lat="34.32363" lon="-100.796367">
        <ele>665.7</ele>
      </trkpt>
      <trkpt lat="34.32364" lon="-100.79532">
        <ele>665.7</ele>
      </trkpt>
      <trkpt lat="34.32368" lon="-100.7944">
        <ele>662.2</ele>
      </trkpt>
      <trkpt lat="34.32372" lon="-100.79348">
        <ele>662.2</ele>
      </trkpt>
      <trkpt lat="34.32368" lon="-100.79268">
        <ele>662.2</ele>
      </trkpt>
      <trkpt lat="34.32362" lon="-100.79213">
        <ele>662.2</ele>
      </trkpt>
      <trkpt lat="34.32352" lon="-100.7916">
        <ele>662.2</ele>
      </trkpt>
      <trkpt lat="34.32342" lon="-100.7912">
        <ele>662.2</ele>
      </trkpt>
      <trkpt lat="34.323163" lon="-100.790323">
        <ele>662.2</ele>
      </trkpt>
      <trkpt lat="34.322907" lon="-100.789447">
        <ele>662.2</ele>
      </trkpt>
      <trkpt lat="34.32265" lon="-100.78857">
        <ele>659.2</ele>
      </trkpt>
      <trkpt lat="34.322365" lon="-100.78765">
        <ele>659.2</ele>
      </trkpt>
      <trkpt lat="34.32208" lon="-100.78673">
        <ele>659.2</ele>
      </trkpt>
      <trkpt lat="34.321883" lon="-100.78603">
        <ele>659.2</ele>
      </trkpt>
      <trkpt lat="34.321687" lon="-100.78533">
        <ele>661.8</ele>
      </trkpt>
      <trkpt lat="34.32149" lon="-100.78463">
        <ele>661.8</ele>
      </trkpt>
      <trkpt lat="34.32141" lon="-100.78423">
        <ele>661.8</ele>
      </trkpt>
      <trkpt lat="34.32134" lon="-100.78369">
        <ele>661.8</ele>
      </trkpt>
      <trkpt lat="34.32132" lon="-100.78329">
        <ele>661.8</ele>
      </trkpt>
      <trkpt lat="34.321328" lon="-100.782363">
        <ele>661.8</ele>
      </trkpt>
      <trkpt lat="34.321335" lon="-100.781435">
        <ele>661.8</ele>
      </trkpt>
      <trkpt lat="34.321343" lon="-100.780508">
        <ele>661.8</ele>
      </trkpt>
      <trkpt lat="34.32135" lon="-100.77958">
        <ele>661.8</ele>
      </trkpt>
      <trkpt lat="34.32134" lon="-100.77934">
        <ele>661.8</ele>
      </trkpt>
      <trkpt lat="34.32129" lon="-100.77902">
        <ele>661.8</ele>
      </trkpt>
      <trkpt lat="34.32108" lon="-100.77821">
        <ele>661.8</ele>
      </trkpt>
      <trkpt lat="34.32094" lon="-100.77781">
        <ele>661.8</ele>
      </trkpt>
      <trkpt lat="34.32069" lon="-100.77727">
        <ele>654.7</ele>
      </trkpt>
      <trkpt lat="34.3204" lon="-100.7767">
        <ele>654.7</ele>
      </trkpt>
      <trkpt lat="34.32023" lon="-100.77647">
        <ele>654.7</ele>
      </trkpt>
      <trkpt lat="34.31994" lon="-100.77614">
        <ele>654.7</ele>
      </trkpt>
      <trkpt lat="34.319485" lon="-100.77563">
        <ele>654.7</ele>
      </trkpt>
      <trkpt lat="34.31903" lon="-100.77512">
        <ele>654.7</ele>
      </trkpt>
      <trkpt lat="34.31874" lon="-100.77474">
        <ele>654.7</ele>
      </trkpt>
      <trkpt lat="34.31848" lon="-100.77436">
        <ele>654.7</ele>
      </trkpt>
      <trkpt lat="34.31833" lon="-100.7741">
        <ele>654.7</ele>
      </trkpt>
      <trkpt lat="34.31808" lon="-100.77356">
        <ele>654.7</ele>
      </trkpt>
      <trkpt lat="34.31782" lon="-100.77275">
        <ele>654.7</ele>
      </trkpt>
      <trkpt lat="34.31767" lon="-100.77181">
        <ele>658.5</ele>
      </trkpt>
      <trkpt lat="34.31764" lon="-100.77145">
        <ele>658.5</ele>
      </trkpt>
      <trkpt lat="34.317645" lon="-100.77042">
        <ele>658.5</ele>
      </trkpt>
      <trkpt lat="34.31765" lon="-100.76939">
        <ele>658.5</ele>
      </trkpt>
      <trkpt lat="34.317667" lon="-100.76854">
        <ele>658.5</ele>
      </trkpt>
      <trkpt lat="34.317683" lon="-100.76769">
        <ele>658.5</ele>
      </trkpt>
      <trkpt lat="34.3177" lon="-100.76684">
        <ele>658.5</ele>
      </trkpt>
      <trkpt lat="34.317716" lon="-100.765903">
        <ele>659.0</ele>
      </trkpt>
      <trkpt lat="34.317731" lon="-100.764966">
        <ele>659.0</ele>
      </trkpt>
      <trkpt lat="34.317747" lon="-100.764029">
        <ele>659.0</ele>
      </trkpt>
      <trkpt lat="34.317763" lon="-100.763091">
        <ele>659.0</ele>
      </trkpt>
      <trkpt lat="34.317779" lon="-100.762154">
        <ele>662.4</ele>
      </trkpt>
      <trkpt lat="34.317794" lon="-100.761217">
        <ele>662.4</ele>
      </trkpt>
      <trkpt lat="34.31781" lon="-100.76028">
        <ele>662.4</ele>
      </trkpt>
      <trkpt lat="34.317833" lon="-100.759348">
        <ele>662.0</ele>
      </trkpt>
      <trkpt lat="34.317855" lon="-100.758415">
        <ele>662.0</ele>
      </trkpt>
      <trkpt lat="34.317878" lon="-100.757483">
        <ele>662.0</ele>
      </trkpt>
      <trkpt lat="34.3179" lon="-100.75655">
        <ele>662.0</ele>
      </trkpt>
      <trkpt lat="34.31789" lon="-100.75566">
        <ele>662.0</ele>
      </trkpt>
      <trkpt lat="34.31784" lon="-100.75468">
        <ele>662.0</ele>
      </trkpt>
      <trkpt lat="34.31774" lon="-100.75381">
        <ele>652.4</ele>
      </trkpt>
      <trkpt lat="34.31761" lon="-100.75292">
        <ele>652.4</ele>
      </trkpt>
      <trkpt lat="34.31743" lon="-100.751953">
        <ele>652.4</ele>
      </trkpt>
      <trkpt lat="34.31725" lon="-100.750987">
        <ele>652.4</ele>
      </trkpt>
      <trkpt lat="34.31707" lon="-100.75002">
        <ele>652.4</ele>
      </trkpt>
      <trkpt lat="34.316864" lon="-100.749024">
        <ele>652.4</ele>
      </trkpt>
      <trkpt lat="34.316658" lon="-100.748028">
        <ele>652.4</ele>
      </trkpt>
      <trkpt lat="34.316452" lon="-100.747032">
        <ele>652.4</ele>
      </trkpt>
      <trkpt lat="34.316246" lon="-100.746036">
        <ele>652.4</ele>
      </trkpt>
      <trkpt lat="34.31604" lon="-100.74504">
        <ele>652.4</ele>
      </trkpt>
      <trkpt lat="34.31583" lon="-100.74423">
        <ele>652.4</ele>
      </trkpt>
      <trkpt lat="34.31569" lon="-100.74375">
        <ele>658.7</ele>
      </trkpt>
      <trkpt lat="34.3156" lon="-100.74352">
        <ele>658.7</ele>
      </trkpt>
      <trkpt lat="34.31533" lon="-100.74289">
        <ele>658.7</ele>
      </trkpt>
      <trkpt lat="34.315003" lon="-100.74219">
        <ele>658.7</ele>
      </trkpt>
      <trkpt lat="34.314677" lon="-100.74149">
        <ele>658.7</ele>
      </trkpt>
      <trkpt lat="34.31435" lon="-100.74079">
        <ele>658.7</ele>
      </trkpt>
      <trkpt lat="34.3141" lon="-100.74004">
        <ele>658.7</ele>
      </trkpt>
      <trkpt lat="34.31403" lon="-100.73971">
        <ele>658.7</ele>
      </trkpt>
      <trkpt lat="34.31391" lon="-100.73874">
        <ele>658.7</ele>
      </trkpt>
      <trkpt lat="34.3139" lon="-100.73779">
        <ele>658.7</ele>
      </trkpt>
      <trkpt lat="34.31398" lon="-100.736804">
        <ele>658.7</ele>
      </trkpt>
      <trkpt lat="34.31406" lon="-100.735819">
        <ele>658.7</ele>
      </trkpt>
      <trkpt lat="34.31414" lon="-100.734833">
        <ele>667.9</ele>
      </trkpt>
      <trkpt lat="34.31422" lon="-100.733848">
        <ele>667.9</ele>
      </trkpt>
      <trkpt lat="34.3143" lon="-100.732862">
        <ele>667.9</ele>
      </trkpt>
      <trkpt lat="34.31438" lon="-100.731877">
        <ele>667.9</ele>
      </trkpt>
      <trkpt lat="34.31446" lon="-100.730891">
        <ele>667.9</ele>
      </trkpt>
      <trkpt lat="34.31454" lon="-100.729906">
        <ele>667.9</ele>
      </trkpt>
      <trkpt lat="34.31462" lon="-100.72892">
        <ele>667.7</ele>
      </trkpt>
      <trkpt lat="34.31468" lon="-100.72834">
        <ele>667.7</ele>
      </trkpt>
      <trkpt lat="34.31474" lon="-100.72776">
        <ele>667.7</ele>
      </trkpt>
      <trkpt lat="34.31481" lon="-100.72675">
        <ele>664.5</ele>
      </trkpt>
      <trkpt lat="34.31488" lon="-100.72574">
        <ele>664.5</ele>
      </trkpt>
      <trkpt lat="34.31487" lon="-100.72504">
        <ele>664.5</ele>
      </trkpt>
      <trkpt lat="34.31483" lon="-100.72441">
        <ele>664.5</ele>
      </trkpt>
      <trkpt lat="34.31476" lon="-100.72391">
        <ele>664.5</ele>
      </trkpt>
      <trkpt lat="34.314615" lon="-100.72335">
        <ele>664.5</ele>
      </trkpt>
      <trkpt lat="34.31447" lon="-100.72279">
        <ele>664.5</ele>
      </trkpt>
      <trkpt lat="34.31426" lon="-100.72225">
        <ele>664.5</ele>
      </trkpt>
      <trkpt lat="34.31398" lon="-100.72167">
        <ele>664.5</ele>
      </trkpt>
      <trkpt lat="34.31341" lon="-100.72086">
        <ele>655.2</ele>
      </trkpt>
      <trkpt lat="34.3131" lon="-100.7205">
        <ele>655.2</ele>
      </trkpt>
      <trkpt lat="34.312675" lon="-100.72006">
        <ele>655.2</ele>
      </trkpt>
      <trkpt lat="34.31225" lon="-100.71962">
        <ele>655.2</ele>
      </trkpt>
      <trkpt lat="34.31171" lon="-100.71898">
        <ele>655.2</ele>
      </trkpt>
      <trkpt lat="34.31128" lon="-100.71824">
        <ele>655.2</ele>
      </trkpt>
      <trkpt lat="34.31098" lon="-100.71764">
        <ele>655.2</ele>
      </trkpt>
      <trkpt lat="34.31068" lon="-100.71667">
        <ele>652.6</ele>
      </trkpt>
      <trkpt lat="34.31057" lon="-100.71619">
        <ele>652.6</ele>
      </trkpt>
      <trkpt lat="34.31052" lon="-100.71576">
        <ele>652.6</ele>
      </trkpt>
      <trkpt lat="34.31048" lon="-100.71528">
        <ele>652.6</ele>
      </trkpt>
      <trkpt lat="34.310436" lon="-100.714194">
        <ele>652.6</ele>
      </trkpt>
      <trkpt lat="34.310392" lon="-100.713108">
        <ele>652.6</ele>
      </trkpt>
      <trkpt lat="34.310348" lon="-100.712022">
        <ele>663.7</ele>
      </trkpt>
      <trkpt lat="34.310304" lon="-100.710936">
        <ele>663.7</ele>
      </trkpt>
      <trkpt lat="34.31026" lon="-100.70985">
        <ele>663.7</ele>
      </trkpt>
      <trkpt lat="34.31026" lon="-100.709205">
        <ele>663.7</ele>
      </trkpt>
      <trkpt lat="34.31026" lon="-100.70856">
        <ele>663.7</ele>
      </trkpt>
      <trkpt lat="34.310223" lon="-100.707573">
        <ele>669.0</ele>
      </trkpt>
      <trkpt lat="34.310187" lon="-100.706587">
        <ele>669.0</ele>
      </trkpt>
      <trkpt lat="34.31015" lon="-100.7056">
        <ele>669.0</ele>
      </trkpt>
      <trkpt lat="34.310125" lon="-100.704747">
        <ele>669.0</ele>
      </trkpt>
      <trkpt lat="34.3101" lon="-100.703895">
        <ele>669.0</ele>
      </trkpt>
      <trkpt lat="34.310075" lon="-100.703042">
        <ele>669.0</ele>
      </trkpt>
      <trkpt lat="34.31005" lon="-100.70219">
        <ele>669.0</ele>
      </trkpt>
      <trkpt lat="34.31" lon="-100.70125">
        <ele>654.1</ele>
      </trkpt>
      <trkpt lat="34.30994" lon="-100.70063">
        <ele>654.1</ele>
      </trkpt>
      <trkpt lat="34.30981" lon="-100.69979">
        <ele>654.1</ele>
      </trkpt>
      <trkpt lat="34.30966" lon="-100.6992">
        <ele>654.1</ele>
      </trkpt>
      <trkpt lat="34.30943" lon="-100.69843">
        <ele>654.1</ele>
      </trkpt>
      <trkpt lat="34.30918" lon="-100.69778">
        <ele>654.1</ele>
      </trkpt>
      <trkpt lat="34.30895" lon="-100.69729">
        <ele>654.1</ele>
      </trkpt>
      <trkpt lat="34.30903" lon="-100.69717">
        <ele>654.1</ele>
      </trkpt>
      <trkpt lat="34.30902" lon="-100.69717">
        <ele>654.1</ele>
      </trkpt>
      <trkpt lat="34.30947" lon="-100.69666">
        <ele>654.1</ele>
      </trkpt>
      <trkpt lat="34.30992" lon="-100.69615">
        <ele>655.2</ele>
      </trkpt>
      <trkpt lat="34.30992" lon="-100.69615">
        <ele>654.1</ele>
      </trkpt>
      <trkpt lat="34.31063" lon="-100.69561">
        <ele>654.1</ele>
      </trkpt>
      <trkpt lat="34.31125" lon="-100.69534">
        <ele>653.5</ele>
      </trkpt>
      <trkpt lat="34.311813" lon="-100.69485">
        <ele>653.5</ele>
      </trkpt>
      <trkpt lat="34.312377" lon="-100.69436">
        <ele>653.5</ele>
      </trkpt>
      <trkpt lat="34.31294" lon="-100.69387">
        <ele>653.5</ele>
      </trkpt>
      <trkpt lat="34.313455" lon="-100.69358">
        <ele>653.5</ele>
      </trkpt>
      <trkpt lat="34.31397" lon="-100.69329">
        <ele>653.5</ele>
      </trkpt>
      <trkpt lat="34.31429" lon="-100.69315">
        <ele>653.5</ele>
      </trkpt>
      <trkpt lat="34.3147" lon="-100.69288">
        <ele>642.5</ele>
      </trkpt>
      <trkpt lat="34.31552" lon="-100.69244">
        <ele>642.5</ele>
      </trkpt>
      <trkpt lat="34.31634" lon="-100.692">
        <ele>642.5</ele>
      </trkpt>
      <trkpt lat="34.316765" lon="-100.69179">
        <ele>642.5</ele>
      </trkpt>
      <trkpt lat="34.31719" lon="-100.69158">
        <ele>642.5</ele>
      </trkpt>
      <trkpt lat="34.31764" lon="-100.69146">
        <ele>642.5</ele>
      </trkpt>
      <trkpt lat="34.31785" lon="-100.69145">
        <ele>642.5</ele>
      </trkpt>
      <trkpt lat="34.31863" lon="-100.69154">
        <ele>642.5</ele>
      </trkpt>
      <trkpt lat="34.31912" lon="-100.69161">
        <ele>642.5</ele>
      </trkpt>
      <trkpt lat="34.31961" lon="-100.69168">
        <ele>642.5</ele>
      </trkpt>
      <trkpt lat="34.31983" lon="-100.69168">
        <ele>620.7</ele>
      </trkpt>
      <trkpt lat="34.32036" lon="-100.69145">
        <ele>620.7</ele>
      </trkpt>
      <trkpt lat="34.321033" lon="-100.691197">
        <ele>620.7</ele>
      </trkpt>
      <trkpt lat="34.321707" lon="-100.690943">
        <ele>620.7</ele>
      </trkpt>
      <trkpt lat="34.32238" lon="-100.69069">
        <ele>620.7</ele>
      </trkpt>
      <trkpt lat="34.32316" lon="-100.690325">
        <ele>620.7</ele>
      </trkpt>
      <trkpt lat="34.32394" lon="-100.68996">
        <ele>620.7</ele>
      </trkpt>
      <trkpt lat="34.32436" lon="-100.68974">
        <ele>620.7</ele>
      </trkpt>
      <trkpt lat="34.32478" lon="-100.68952">
        <ele>620.7</ele>
      </trkpt>
      <trkpt lat="34.32517" lon="-100.68934">
        <ele>620.7</ele>
      </trkpt>
      <trkpt lat="34.32595" lon="-100.68891">
        <ele>627.8</ele>
      </trkpt>
      <trkpt lat="34.32606" lon="-100.68878">
        <ele>627.8</ele>
      </trkpt>
      <trkpt lat="34.3262" lon="-100.6885">
        <ele>627.8</ele>
      </trkpt>
      <trkpt lat="34.32649" lon="-100.68767">
        <ele>627.8</ele>
      </trkpt>
      <trkpt lat="34.32704" lon="-100.68792">
        <ele>625.5</ele>
      </trkpt>
      <trkpt lat="34.32778" lon="-100.68828">
        <ele>625.5</ele>
      </trkpt>
      <trkpt lat="34.32852" lon="-100.68864">
        <ele>625.5</ele>
      </trkpt>
      <trkpt lat="34.32861" lon="-100.68873">
        <ele>625.5</ele>
      </trkpt>
      <trkpt lat="34.32868" lon="-100.68886">
        <ele>625.5</ele>
      </trkpt>
      <trkpt lat="34.3289" lon="-100.68931">
        <ele>625.5</ele>
      </trkpt>
      <trkpt lat="34.32901" lon="-100.68961">
        <ele>625.5</ele>
      </trkpt>
      <trkpt lat="34.32914" lon="-100.68975">
        <ele>625.5</ele>
      </trkpt>
      <trkpt lat="34.32934" lon="-100.68981">
        <ele>625.5</ele>
      </trkpt>
      <trkpt lat="34.32986" lon="-100.69006">
        <ele>625.5</ele>
      </trkpt>
      <trkpt lat="34.33013" lon="-100.69015">
        <ele>625.5</ele>
      </trkpt>
      <trkpt lat="34.33058" lon="-100.69019">
        <ele>625.5</ele>
      </trkpt>
      <trkpt lat="34.33104" lon="-100.69017">
        <ele>604.8</ele>
      </trkpt>
      <trkpt lat="34.3315" lon="-100.69015">
        <ele>604.8</ele>
      </trkpt>
      <trkpt lat="34.33175" lon="-100.69019">
        <ele>604.8</ele>
      </trkpt>
      <trkpt lat="34.33194" lon="-100.69028">
        <ele>604.8</ele>
      </trkpt>
      <trkpt lat="34.33216" lon="-100.69043">
        <ele>604.8</ele>
      </trkpt>
      <trkpt lat="34.33236" lon="-100.69064">
        <ele>604.8</ele>
      </trkpt>
      <trkpt lat="34.33253" lon="-100.6907">
        <ele>604.8</ele>
      </trkpt>
      <trkpt lat="34.33259" lon="-100.6907">
        <ele>604.8</ele>
      </trkpt>
      <trkpt lat="34.33268" lon="-100.69051">
        <ele>604.8</ele>
      </trkpt>
      <trkpt lat="34.3327" lon="-100.69028">
        <ele>604.8</ele>
      </trkpt>
      <trkpt lat="34.3328" lon="-100.6902">
        <ele>604.8</ele>
      </trkpt>
      <trkpt lat="34.33307" lon="-100.69015">
        <ele>604.8</ele>
      </trkpt>
      <trkpt lat="34.33345" lon="-100.69003">
        <ele>604.8</ele>
      </trkpt>
      <trkpt lat="34.33361" lon="-100.68993">
        <ele>604.8</ele>
      </trkpt>
      <trkpt lat="34.33379" lon="-100.68976">
        <ele>604.8</ele>
      </trkpt>
      <trkpt lat="34.33393" lon="-100.6897">
        <ele>604.8</ele>
      </trkpt>
      <trkpt lat="34.33446" lon="-100.68963">
        <ele>604.8</ele>
      </trkpt>
      <trkpt lat="34.33475" lon="-100.68953">
        <ele>604.8</ele>
      </trkpt>
      <trkpt lat="34.33501" lon="-100.68939">
        <ele>604.8</ele>
      </trkpt>
      <trkpt lat="34.33538" lon="-100.68928">
        <ele>602.6</ele>
      </trkpt>
      <trkpt lat="34.33543" lon="-100.68921">
        <ele>602.0</ele>
      </trkpt>
      <trkpt lat="34.3355" lon="-100.68918">
        <ele>601.7</ele>
      </trkpt>
      <trkpt lat="34.336" lon="-100.68913">
        <ele>598.9</ele>
      </trkpt>
      <trkpt lat="34.3365" lon="-100.68908">
        <ele>598.0</ele>
      </trkpt>
      <trkpt lat="34.33667" lon="-100.68908">
        <ele>598.0</ele>
      </trkpt>
      <trkpt lat="34.33689" lon="-100.68912">
        <ele>598.3</ele>
      </trkpt>
      <trkpt lat="34.33709" lon="-100.68918">
        <ele>598.7</ele>
      </trkpt>
      <trkpt lat="34.33724" lon="-100.68917">
        <ele>599.0</ele>
      </trkpt>
      <trkpt lat="34.33734" lon="-100.68913">
        <ele>599.0</ele>
      </trkpt>
      <trkpt lat="34.33751" lon="-100.68904">
        <ele>599.0</ele>
      </trkpt>
      <trkpt lat="34.33774" lon="-100.68881">
        <ele>598.3</ele>
      </trkpt>
      <trkpt lat="34.33827" lon="-100.68836">
        <ele>597.1</ele>
      </trkpt>
      <trkpt lat="34.3384" lon="-100.68822">
        <ele>596.3</ele>
      </trkpt>
      <trkpt lat="34.33872" lon="-100.68782">
        <ele>593.9</ele>
      </trkpt>
      <trkpt lat="34.33883" lon="-100.68773">
        <ele>593.6</ele>
      </trkpt>
      <trkpt lat="34.33891" lon="-100.68769">
        <ele>593.0</ele>
      </trkpt>
      <trkpt lat="34.33946" lon="-100.68764">
        <ele>591.7</ele>
      </trkpt>
      <trkpt lat="34.33991" lon="-100.68751">
        <ele>590.6</ele>
      </trkpt>
      <trkpt lat="34.33997" lon="-100.68751">
        <ele>590.6</ele>
      </trkpt>
      <trkpt lat="34.34046" lon="-100.68765">
        <ele>588.0</ele>
      </trkpt>
      <trkpt lat="34.34082" lon="-100.68764">
        <ele>586.4</ele>
      </trkpt>
      <trkpt lat="34.34139" lon="-100.68755">
        <ele>582.9</ele>
      </trkpt>
      <trkpt lat="34.3417" lon="-100.68738">
        <ele>581.7</ele>
      </trkpt>
      <trkpt lat="34.34188" lon="-100.68733">
        <ele>581.2</ele>
      </trkpt>
      <trkpt lat="34.34193" lon="-100.68734">
        <ele>581.2</ele>
      </trkpt>
      <trkpt lat="34.34204" lon="-100.68742">
        <ele>580.8</ele>
      </trkpt>
      <trkpt lat="34.34213" lon="-100.68766">
        <ele>580.2</ele>
      </trkpt>
      <trkpt lat="34.34215" lon="-100.68778">
        <ele>579.8</ele>
      </trkpt>
      <trkpt lat="34.34216" lon="-100.68833">
        <ele>578.1</ele>
      </trkpt>
      <trkpt lat="34.3422" lon="-100.68854">
        <ele>578.0</ele>
      </trkpt>
      <trkpt lat="34.34231" lon="-100.68872">
        <ele>578.0</ele>
      </trkpt>
      <trkpt lat="34.34245" lon="-100.68887">
        <ele>578.1</ele>
      </trkpt>
      <trkpt lat="34.34259" lon="-100.68899">
        <ele>578.5</ele>
      </trkpt>
      <trkpt lat="34.34307" lon="-100.68953">
        <ele>580.0</ele>
      </trkpt>
      <trkpt lat="34.34335" lon="-100.68961">
        <ele>580.0</ele>
      </trkpt>
      <trkpt lat="34.34345" lon="-100.68962">
        <ele>580.0</ele>
      </trkpt>
      <trkpt lat="34.34372" lon="-100.68961">
        <ele>580.0</ele>
      </trkpt>
      <trkpt lat="34.34431" lon="-100.68932">
        <ele>580.0</ele>
      </trkpt>
      <trkpt lat="34.3448" lon="-100.68926">
        <ele>580.0</ele>
      </trkpt>
      <trkpt lat="34.3452" lon="-100.68934">
        <ele>580.0</ele>
      </trkpt>
      <trkpt lat="34.3455" lon="-100.68952">
        <ele>580.0</ele>
      </trkpt>
      <trkpt lat="34.34565" lon="-100.68949">
        <ele>580.0</ele>
      </trkpt>
      <trkpt lat="34.34581" lon="-100.68943">
        <ele>580.0</ele>
      </trkpt>
      <trkpt lat="34.34639" lon="-100.68891">
        <ele>580.0</ele>
      </trkpt>
      <trkpt lat="34.34692" lon="-100.68872">
        <ele>616.9</ele>
      </trkpt>
      <trkpt lat="34.34713" lon="-100.68867">
        <ele>616.9</ele>
      </trkpt>
      <trkpt lat="34.347635" lon="-100.688435">
        <ele>616.9</ele>
      </trkpt>
      <trkpt lat="34.34814" lon="-100.6882">
        <ele>616.9</ele>
      </trkpt>
      <trkpt lat="34.34826" lon="-100.68818">
        <ele>616.9</ele>
      </trkpt>
      <trkpt lat="34.34892" lon="-100.68818">
        <ele>616.9</ele>
      </trkpt>
      <trkpt lat="34.34947" lon="-100.68779">
        <ele>616.9</ele>
      </trkpt>
      <trkpt lat="34.34989" lon="-100.6876">
        <ele>616.9</ele>
      </trkpt>
      <trkpt lat="34.35025" lon="-100.68746">
        <ele>616.9</ele>
      </trkpt>
      <trkpt lat="34.350825" lon="-100.687125">
        <ele>616.9</ele>
      </trkpt>
      <trkpt lat="34.3514" lon="-100.68679">
        <ele>617.9</ele>
      </trkpt>
      <trkpt lat="34.351845" lon="-100.686565">
        <ele>619.3</ele>
      </trkpt>
      <trkpt lat="34.35229" lon="-100.68634">
        <ele>620.4</ele>
      </trkpt>
      <trkpt lat="34.35252" lon="-100.68631">
        <ele>621.5</ele>
      </trkpt>
      <trkpt lat="34.35267" lon="-100.68626">
        <ele>622.9</ele>
      </trkpt>
      <trkpt lat="34.35312" lon="-100.68617">
        <ele>625.5</ele>
      </trkpt>
      <trkpt lat="34.35351" lon="-100.68595">
        <ele>627.5</ele>
      </trkpt>
      <trkpt lat="34.35391" lon="-100.68569">
        <ele>627.1</ele>
      </trkpt>
      <trkpt lat="34.35405" lon="-100.68558">
        <ele>627.1</ele>
      </trkpt>
      <trkpt lat="34.35443" lon="-100.68536">
        <ele>628.4</ele>
      </trkpt>
      <trkpt lat="34.35455" lon="-100.6852">
        <ele>628.6</ele>
      </trkpt>
      <trkpt lat="34.35535" lon="-100.68482">
        <ele>626.8</ele>
      </trkpt>
      <trkpt lat="34.35567" lon="-100.68473">
        <ele>625.0</ele>
      </trkpt>
      <trkpt lat="34.35587" lon="-100.68459">
        <ele>622.8</ele>
      </trkpt>
      <trkpt lat="34.35612" lon="-100.68446">
        <ele>621.7</ele>
      </trkpt>
      <trkpt lat="34.35621" lon="-100.68438">
        <ele>620.7</ele>
      </trkpt>
      <trkpt lat="34.35632" lon="-100.68433">
        <ele>620.3</ele>
      </trkpt>
      <trkpt lat="34.35653" lon="-100.68429">
        <ele>619.3</ele>
      </trkpt>
      <trkpt lat="34.35672" lon="-100.68429">
        <ele>619.0</ele>
      </trkpt>
      <trkpt lat="34.35686" lon="-100.68435">
        <ele>619.0</ele>
      </trkpt>
      <trkpt lat="34.35717" lon="-100.68452">
        <ele>619.1</ele>
      </trkpt>
      <trkpt lat="34.35749" lon="-100.68478">
        <ele>618.2</ele>
      </trkpt>
      <trkpt lat="34.3577" lon="-100.68491">
        <ele>617.7</ele>
      </trkpt>
      <trkpt lat="34.35789" lon="-100.68492">
        <ele>617.2</ele>
      </trkpt>
      <trkpt lat="34.35808" lon="-100.68487">
        <ele>616.9</ele>
      </trkpt>
      <trkpt lat="34.35817" lon="-100.68482">
        <ele>616.9</ele>
      </trkpt>
      <trkpt lat="34.35826" lon="-100.68466">
        <ele>617.2</ele>
      </trkpt>
      <trkpt lat="34.35852" lon="-100.68442">
        <ele>618.3</ele>
      </trkpt>
      <trkpt lat="34.35862" lon="-100.68416">
        <ele>619.3</ele>
      </trkpt>
      <trkpt lat="34.35866" lon="-100.68406">
        <ele>620.2</ele>
      </trkpt>
      <trkpt lat="34.35865" lon="-100.68393">
        <ele>620.8</ele>
      </trkpt>
      <trkpt lat="34.3587" lon="-100.68366">
        <ele>622.6</ele>
      </trkpt>
      <trkpt lat="34.3587" lon="-100.68352">
        <ele>622.9</ele>
      </trkpt>
      <trkpt lat="34.35866" lon="-100.68341">
        <ele>623.1</ele>
      </trkpt>
      <trkpt lat="34.35867" lon="-100.68323">
        <ele>622.9</ele>
      </trkpt>
      <trkpt lat="34.35871" lon="-100.68313">
        <ele>622.9</ele>
      </trkpt>
      <trkpt lat="34.35894" lon="-100.68312">
        <ele>623.0</ele>
      </trkpt>
      <trkpt lat="34.3591" lon="-100.68303">
        <ele>622.4</ele>
      </trkpt>
      <trkpt lat="34.35954" lon="-100.6829">
        <ele>620.7</ele>
      </trkpt>
      <trkpt lat="34.3601" lon="-100.68281">
        <ele>618.9</ele>
      </trkpt>
      <trkpt lat="34.36061" lon="-100.68258">
        <ele>618.4</ele>
      </trkpt>
      <trkpt lat="34.36127" lon="-100.68239">
        <ele>618.5</ele>
      </trkpt>
      <trkpt lat="34.36152" lon="-100.68236">
        <ele>618.0</ele>
      </trkpt>
      <trkpt lat="34.36176" lon="-100.68227">
        <ele>617.7</ele>
      </trkpt>
      <trkpt lat="34.36188" lon="-100.68215">
        <ele>617.3</ele>
      </trkpt>
      <trkpt lat="34.36218" lon="-100.68179">
        <ele>615.2</ele>
      </trkpt>
      <trkpt lat="34.36249" lon="-100.68164">
        <ele>613.8</ele>
      </trkpt>
      <trkpt lat="34.36282" lon="-100.6816">
        <ele>611.7</ele>
      </trkpt>
      <trkpt lat="34.36329" lon="-100.68164">
        <ele>610.2</ele>
      </trkpt>
      <trkpt lat="34.36346" lon="-100.6816">
        <ele>609.1</ele>
      </trkpt>
      <trkpt lat="34.36397" lon="-100.68121">
        <ele>602.8</ele>
      </trkpt>
      <trkpt lat="34.36444" lon="-100.68091">
        <ele>600.5</ele>
      </trkpt>
      <trkpt lat="34.36491" lon="-100.68061">
        <ele>594.8</ele>
      </trkpt>
      <trkpt lat="34.36542" lon="-100.68039">
        <ele>589.3</ele>
      </trkpt>
      <trkpt lat="34.36557" lon="-100.68035">
        <ele>588.4</ele>
      </trkpt>
      <trkpt lat="34.36572" lon="-100.68035">
        <ele>587.3</ele>
      </trkpt>
      <trkpt lat="34.36593" lon="-100.68041">
        <ele>585.9</ele>
      </trkpt>
      <trkpt lat="34.36617" lon="-100.68053">
        <ele>584.6</ele>
      </trkpt>
      <trkpt lat="34.36626" lon="-100.6809">
        <ele>584.3</ele>
      </trkpt>
      <trkpt lat="34.36622" lon="-100.68143">
        <ele>583.3</ele>
      </trkpt>
      <trkpt lat="34.36621" lon="-100.68218">
        <ele>583.6</ele>
      </trkpt>
      <trkpt lat="34.36623" lon="-100.68247">
        <ele>583.9</ele>
      </trkpt>
      <trkpt lat="34.3663" lon="-100.68264">
        <ele>583.9</ele>
      </trkpt>
      <trkpt lat="34.36638" lon="-100.68276">
        <ele>583.9</ele>
      </trkpt>
      <trkpt lat="34.36654" lon="-100.6829">
        <ele>584.1</ele>
      </trkpt>
      <trkpt lat="34.36671" lon="-100.68299">
        <ele>584.6</ele>
      </trkpt>
      <trkpt lat="34.36718" lon="-100.68296">
        <ele>585.1</ele>
      </trkpt>
      <trkpt lat="34.36748" lon="-100.68291">
        <ele>584.8</ele>
      </trkpt>
      <trkpt lat="34.36769" lon="-100.68276">
        <ele>584.3</ele>
      </trkpt>
      <trkpt lat="34.36782" lon="-100.68258">
        <ele>584.4</ele>
      </trkpt>
      <trkpt lat="34.36805" lon="-100.68236">
        <ele>585.4</ele>
      </trkpt>
      <trkpt lat="34.36841" lon="-100.68209">
        <ele>587.5</ele>
      </trkpt>
      <trkpt lat="34.36851" lon="-100.682">
        <ele>589.3</ele>
      </trkpt>
      <trkpt lat="34.36867" lon="-100.68191">
        <ele>590.1</ele>
      </trkpt>
      <trkpt lat="34.36879" lon="-100.68187">
        <ele>590.7</ele>
      </trkpt>
      <trkpt lat="34.36894" lon="-100.68188">
        <ele>591.4</ele>
      </trkpt>
      <trkpt lat="34.36968" lon="-100.682165">
        <ele>594.2</ele>
      </trkpt>
      <trkpt lat="34.37042" lon="-100.68245">
        <ele>600.9</ele>
      </trkpt>
      <trkpt lat="34.3705" lon="-100.68246">
        <ele>600.9</ele>
      </trkpt>
      <trkpt lat="34.37071" lon="-100.68244">
        <ele>601.8</ele>
      </trkpt>
      <trkpt lat="34.37084" lon="-100.68242">
        <ele>601.9</ele>
      </trkpt>
      <trkpt lat="34.371325" lon="-100.68215">
        <ele>601.7</ele>
      </trkpt>
      <trkpt lat="34.37181" lon="-100.68188">
        <ele>605.0</ele>
      </trkpt>
      <trkpt lat="34.37209" lon="-100.68178">
        <ele>608.2</ele>
      </trkpt>
      <trkpt lat="34.37227" lon="-100.68164">
        <ele>611.6</ele>
      </trkpt>
      <trkpt lat="34.37251" lon="-100.68153">
        <ele>616.8</ele>
      </trkpt>
      <trkpt lat="34.37275" lon="-100.68151">
        <ele>619.7</ele>
      </trkpt>
      <trkpt lat="34.37291" lon="-100.68155">
        <ele>620.9</ele>
      </trkpt>
      <trkpt lat="34.37312" lon="-100.68166">
        <ele>621.9</ele>
      </trkpt>
      <trkpt lat="34.37354" lon="-100.68201">
        <ele>621.9</ele>
      </trkpt>
      <trkpt lat="34.37373" lon="-100.68211">
        <ele>622.1</ele>
      </trkpt>
      <trkpt lat="34.37403" lon="-100.68218">
        <ele>622.5</ele>
      </trkpt>
      <trkpt lat="34.374615" lon="-100.682145">
        <ele>622.4</ele>
      </trkpt>
      <trkpt lat="34.3752" lon="-100.68211">
        <ele>620.2</ele>
      </trkpt>
      <trkpt lat="34.3753" lon="-100.68214">
        <ele>619.9</ele>
      </trkpt>
      <trkpt lat="34.37563" lon="-100.68205">
        <ele>619.1</ele>
      </trkpt>
      <trkpt lat="34.37582" lon="-100.68196">
        <ele>618.9</ele>
      </trkpt>
      <trkpt lat="34.37628" lon="-100.68151">
        <ele>620.8</ele>
      </trkpt>
      <trkpt lat="34.37643" lon="-100.68143">
        <ele>621.1</ele>
      </trkpt>
      <trkpt lat="34.37653" lon="-100.68142">
        <ele>621.1</ele>
      </trkpt>
      <trkpt lat="34.37679" lon="-100.68147">
        <ele>621.9</ele>
      </trkpt>
      <trkpt lat="34.37689" lon="-100.68152">
        <ele>622.0</ele>
      </trkpt>
      <trkpt lat="34.377345" lon="-100.681815">
        <ele>623.2</ele>
      </trkpt>
      <trkpt lat="34.3778" lon="-100.68211">
        <ele>624.0</ele>
      </trkpt>
      <trkpt lat="34.37803" lon="-100.68223">
        <ele>623.3</ele>
      </trkpt>
      <trkpt lat="34.37817" lon="-100.68227">
        <ele>623.0</ele>
      </trkpt>
      <trkpt lat="34.37898" lon="-100.68236">
        <ele>622.8</ele>
      </trkpt>
      <trkpt lat="34.37936" lon="-100.68246">
        <ele>622.9</ele>
      </trkpt>
      <trkpt lat="34.37974" lon="-100.68259">
        <ele>622.9</ele>
      </trkpt>
      <trkpt lat="34.38061" lon="-100.682705">
        <ele>622.4</ele>
      </trkpt>
      <trkpt lat="34.38148" lon="-100.68282">
        <ele>625.3</ele>
      </trkpt>
      <trkpt lat="34.38235" lon="-100.682935">
        <ele>627.1</ele>
      </trkpt>
      <trkpt lat="34.38322" lon="-100.68305">
        <ele>629.5</ele>
      </trkpt>
      <trkpt lat="34.38369" lon="-100.68321">
        <ele>629.5</ele>
      </trkpt>
      <trkpt lat="34.38403" lon="-100.68327">
        <ele>629.8</ele>
      </trkpt>
      <trkpt lat="34.38432" lon="-100.68336">
        <ele>629.7</ele>
      </trkpt>
      <trkpt lat="34.38443" lon="-100.68344">
        <ele>629.6</ele>
      </trkpt>
      <trkpt lat="34.38452" lon="-100.68354">
        <ele>629.0</ele>
      </trkpt>
      <trkpt lat="34.38497" lon="-100.68416">
        <ele>631.5</ele>
      </trkpt>
      <trkpt lat="34.38519" lon="-100.68455">
        <ele>634.8</ele>
      </trkpt>
      <trkpt lat="34.38525" lon="-100.68473">
        <ele>635.1</ele>
      </trkpt>
      <trkpt lat="34.38526" lon="-100.68482">
        <ele>634.8</ele>
      </trkpt>
      <trkpt lat="34.385077" lon="-100.685583">
        <ele>633.4</ele>
      </trkpt>
      <trkpt lat="34.384893" lon="-100.686347">
        <ele>634.9</ele>
      </trkpt>
      <trkpt lat="34.38471" lon="-100.68711">
        <ele>633.0</ele>
      </trkpt>
      <trkpt lat="34.38455" lon="-100.68787">
        <ele>631.4</ele>
      </trkpt>
      <trkpt lat="34.38446" lon="-100.68818">
        <ele>631.4</ele>
      </trkpt>
      <trkpt lat="34.38442" lon="-100.68836">
        <ele>631.8</ele>
      </trkpt>
      <trkpt lat="34.38444" lon="-100.68849">
        <ele>631.8</ele>
      </trkpt>
      <trkpt lat="34.38463" lon="-100.68858">
        <ele>631.5</ele>
      </trkpt>
      <trkpt lat="34.38474" lon="-100.6886">
        <ele>631.5</ele>
      </trkpt>
      <trkpt lat="34.385345" lon="-100.688635">
        <ele>631.0</ele>
      </trkpt>
      <trkpt lat="34.38595" lon="-100.68867">
        <ele>630.4</ele>
      </trkpt>
      <trkpt lat="34.38628" lon="-100.68872">
        <ele>631.2</ele>
      </trkpt>
      <trkpt lat="34.386735" lon="-100.688745">
        <ele>635.8</ele>
      </trkpt>
      <trkpt lat="34.38719" lon="-100.68877">
        <ele>638.5</ele>
      </trkpt>
      <trkpt lat="34.3873" lon="-100.68876">
        <ele>638.7</ele>
      </trkpt>
      <trkpt lat="34.38755" lon="-100.68869">
        <ele>638.9</ele>
      </trkpt>
      <trkpt lat="34.38826" lon="-100.688345">
        <ele>638.2</ele>
      </trkpt>
      <trkpt lat="34.38897" lon="-100.688">
        <ele>638.5</ele>
      </trkpt>
      <trkpt lat="34.38905" lon="-100.68789">
        <ele>639.0</ele>
      </trkpt>
      <trkpt lat="34.3892" lon="-100.68757">
        <ele>639.5</ele>
      </trkpt>
      <trkpt lat="34.38929" lon="-100.68746">
        <ele>640.5</ele>
      </trkpt>
      <trkpt lat="34.3894" lon="-100.68742">
        <ele>640.8</ele>
      </trkpt>
      <trkpt lat="34.3895" lon="-100.68742">
        <ele>641.1</ele>
      </trkpt>
      <trkpt lat="34.38956" lon="-100.68743">
        <ele>641.1</ele>
      </trkpt>
      <trkpt lat="34.38962" lon="-100.68751">
        <ele>641.3</ele>
      </trkpt>
      <trkpt lat="34.38968" lon="-100.68764">
        <ele>641.3</ele>
      </trkpt>
      <trkpt lat="34.38982" lon="-100.68782">
        <ele>641.3</ele>
      </trkpt>
      <trkpt lat="34.38997" lon="-100.68796">
        <ele>641.4</ele>
      </trkpt>
      <trkpt lat="34.39034" lon="-100.68827">
        <ele>640.9</ele>
      </trkpt>
      <trkpt lat="34.39084" lon="-100.68859">
        <ele>640.5</ele>
      </trkpt>
      <trkpt lat="34.391305" lon="-100.68884">
        <ele>640.5</ele>
      </trkpt>
      <trkpt lat="34.39177" lon="-100.68909">
        <ele>641.5</ele>
      </trkpt>
      <trkpt lat="34.3921" lon="-100.68939">
        <ele>642.2</ele>
      </trkpt>
      <trkpt lat="34.392505" lon="-100.68966">
        <ele>643.3</ele>
      </trkpt>
      <trkpt lat="34.39291" lon="-100.68993">
        <ele>644.6</ele>
      </trkpt>
      <trkpt lat="34.39309" lon="-100.69015">
        <ele>645.3</ele>
      </trkpt>
      <trkpt lat="34.39326" lon="-100.69042">
        <ele>646.5</ele>
      </trkpt>
      <trkpt lat="34.39342" lon="-100.69056">
        <ele>646.7</ele>
      </trkpt>
      <trkpt lat="34.3935" lon="-100.69061">
        <ele>646.9</ele>
      </trkpt>
      <trkpt lat="34.39371" lon="-100.69069">
        <ele>647.1</ele>
      </trkpt>
      <trkpt lat="34.394275" lon="-100.6908">
        <ele>650.7</ele>
      </trkpt>
      <trkpt lat="34.39484" lon="-100.69091">
        <ele>651.4</ele>
      </trkpt>
      <trkpt lat="34.39504" lon="-100.69097">
        <ele>651.1</ele>
      </trkpt>
      <trkpt lat="34.39569" lon="-100.69132">
        <ele>651.2</ele>
      </trkpt>
      <trkpt lat="34.39618" lon="-100.691675">
        <ele>651.3</ele>
      </trkpt>
      <trkpt lat="34.39667" lon="-100.69203">
        <ele>650.7</ele>
      </trkpt>
      <trkpt lat="34.39691" lon="-100.69214">
        <ele>650.7</ele>
      </trkpt>
      <trkpt lat="34.39744" lon="-100.69231">
        <ele>651.4</ele>
      </trkpt>
      <trkpt lat="34.39797" lon="-100.69248">
        <ele>654.1</ele>
      </trkpt>
      <trkpt lat="34.39824" lon="-100.69261">
        <ele>657.1</ele>
      </trkpt>
      <trkpt lat="34.39835" lon="-100.69267">
        <ele>658.6</ele>
      </trkpt>
      <trkpt lat="34.39843" lon="-100.69276">
        <ele>659.9</ele>
      </trkpt>
      <trkpt lat="34.39847" lon="-100.69284">
        <ele>660.3</ele>
      </trkpt>
      <trkpt lat="34.39859" lon="-100.69351">
        <ele>659.7</ele>
      </trkpt>
      <trkpt lat="34.39866" lon="-100.69378">
        <ele>658.7</ele>
      </trkpt>
      <trkpt lat="34.39877" lon="-100.69402">
        <ele>658.2</ele>
      </trkpt>
      <trkpt lat="34.39902" lon="-100.69449">
        <ele>658.6</ele>
      </trkpt>
      <trkpt lat="34.39923" lon="-100.69478">
        <ele>659.1</ele>
      </trkpt>
      <trkpt lat="34.39943" lon="-100.69499">
        <ele>660.2</ele>
      </trkpt>
      <trkpt lat="34.399725" lon="-100.695415">
        <ele>661.9</ele>
      </trkpt>
      <trkpt lat="34.40002" lon="-100.69584">
        <ele>662.4</ele>
      </trkpt>
      <trkpt lat="34.40047" lon="-100.69638">
        <ele>662.8</ele>
      </trkpt>
      <trkpt lat="34.40077" lon="-100.69678">
        <ele>663.3</ele>
      </trkpt>
      <trkpt lat="34.40109" lon="-100.69718">
        <ele>663.5</ele>
      </trkpt>
      <trkpt lat="34.40145" lon="-100.69745">
        <ele>663.0</ele>
      </trkpt>
      <trkpt lat="34.40225" lon="-100.697875">
        <ele>662.4</ele>
      </trkpt>
      <trkpt lat="34.40305" lon="-100.6983">
        <ele>662.3</ele>
      </trkpt>
      <trkpt lat="34.40364" lon="-100.698545">
        <ele>662.9</ele>
      </trkpt>
      <trkpt lat="34.40423" lon="-100.69879">
        <ele>663.3</ele>
      </trkpt>
      <trkpt lat="34.40501" lon="-100.69906">
        <ele>664.3</ele>
      </trkpt>
      <trkpt lat="34.405545" lon="-100.699195">
        <ele>665.5</ele>
      </trkpt>
      <trkpt lat="34.40608" lon="-100.69933">
        <ele>667.6</ele>
      </trkpt>
      <trkpt lat="34.4067" lon="-100.69951">
        <ele>667.8</ele>
      </trkpt>
      <trkpt lat="34.40719" lon="-100.69969">
        <ele>667.9</ele>
      </trkpt>
      <trkpt lat="34.40768" lon="-100.69987">
        <ele>668.3</ele>
      </trkpt>
      <trkpt lat="34.40838" lon="-100.70021">
        <ele>668.1</ele>
      </trkpt>
      <trkpt lat="34.40856" lon="-100.70032">
        <ele>668.2</ele>
      </trkpt>
      <trkpt lat="34.40891" lon="-100.70064">
        <ele>668.0</ele>
      </trkpt>
      <trkpt lat="34.40932" lon="-100.70112">
        <ele>669.6</ele>
      </trkpt>
      <trkpt lat="34.40944" lon="-100.70117">
        <ele>669.6</ele>
      </trkpt>
      <trkpt lat="34.4099" lon="-100.70126">
        <ele>671.3</ele>
      </trkpt>
      <trkpt lat="34.41047" lon="-100.70161">
        <ele>671.7</ele>
      </trkpt>
      <trkpt lat="34.41124" lon="-100.70196">
        <ele>673.2</ele>
      </trkpt>
      <trkpt lat="34.41132" lon="-100.70206">
        <ele>673.9</ele>
      </trkpt>
      <trkpt lat="34.41151" lon="-100.70251">
        <ele>673.7</ele>
      </trkpt>
      <trkpt lat="34.411775" lon="-100.703075">
        <ele>672.3</ele>
      </trkpt>
      <trkpt lat="34.41204" lon="-100.70364">
        <ele>670.5</ele>
      </trkpt>
      <trkpt lat="34.41238" lon="-100.70425">
        <ele>669.4</ele>
      </trkpt>
      <trkpt lat="34.41268" lon="-100.70467">
        <ele>669.2</ele>
      </trkpt>
      <trkpt lat="34.41284" lon="-100.70483">
        <ele>669.2</ele>
      </trkpt>
      <trkpt lat="34.41301" lon="-100.70492">
        <ele>669.2</ele>
      </trkpt>
      <trkpt lat="34.41386" lon="-100.70512">
        <ele>669.8</ele>
      </trkpt>
      <trkpt lat="34.41417" lon="-100.70529">
        <ele>670.0</ele>
      </trkpt>
      <trkpt lat="34.41426" lon="-100.70542">
        <ele>669.9</ele>
      </trkpt>
      <trkpt lat="34.41453" lon="-100.70592">
        <ele>668.5</ele>
      </trkpt>
      <trkpt lat="34.41503" lon="-100.70658">
        <ele>667.4</ele>
      </trkpt>
      <trkpt lat="34.4151" lon="-100.70683">
        <ele>666.5</ele>
      </trkpt>
      <trkpt lat="34.4152" lon="-100.707445">
        <ele>663.5</ele>
      </trkpt>
      <trkpt lat="34.4153" lon="-100.70806">
        <ele>659.9</ele>
      </trkpt>
      <trkpt lat="34.41529" lon="-100.70824">
        <ele>658.9</ele>
      </trkpt>
      <trkpt lat="34.41522" lon="-100.7087">
        <ele>658.2</ele>
      </trkpt>
      <trkpt lat="34.41518" lon="-100.70913">
        <ele>658.0</ele>
      </trkpt>
      <trkpt lat="34.41519" lon="-100.70931">
        <ele>658.0</ele>
      </trkpt>
      <trkpt lat="34.41542" lon="-100.70999">
        <ele>660.6</ele>
      </trkpt>
      <trkpt lat="34.41561" lon="-100.71066">
        <ele>662.6</ele>
      </trkpt>
      <trkpt lat="34.4158" lon="-100.71133">
        <ele>663.9</ele>
      </trkpt>
      <trkpt lat="34.41584" lon="-100.71157">
        <ele>665.0</ele>
      </trkpt>
      <trkpt lat="34.41584" lon="-100.71174">
        <ele>665.5</ele>
      </trkpt>
      <trkpt lat="34.41588" lon="-100.71192">
        <ele>665.8</ele>
      </trkpt>
      <trkpt lat="34.41624" lon="-100.71281">
        <ele>669.4</ele>
      </trkpt>
      <trkpt lat="34.416624" lon="-100.713649">
        <ele>671.8</ele>
      </trkpt>
      <trkpt lat="34.417008" lon="-100.714487">
        <ele>672.9</ele>
      </trkpt>
      <trkpt lat="34.417391" lon="-100.715326">
        <ele>672.6</ele>
      </trkpt>
      <trkpt lat="34.417775" lon="-100.716165">
        <ele>673.2</ele>
      </trkpt>
      <trkpt lat="34.418159" lon="-100.717004">
        <ele>674.6</ele>
      </trkpt>
      <trkpt lat="34.418543" lon="-100.717842">
        <ele>675.2</ele>
      </trkpt>
      <trkpt lat="34.418926" lon="-100.718681">
        <ele>677.2</ele>
      </trkpt>
      <trkpt lat="34.41931" lon="-100.71952">
        <ele>675.3</ele>
      </trkpt>
      <trkpt lat="34.41972" lon="-100.7203">
        <ele>674.2</ele>
      </trkpt>
      <trkpt lat="34.42017" lon="-100.72104">
        <ele>673.9</ele>
      </trkpt>
      <trkpt lat="34.42049" lon="-100.721465">
        <ele>673.6</ele>
      </trkpt>
      <trkpt lat="34.42081" lon="-100.72189">
        <ele>673.4</ele>
      </trkpt>
      <trkpt lat="34.42114" lon="-100.72225">
        <ele>673.0</ele>
      </trkpt>
      <trkpt lat="34.42168" lon="-100.72265">
        <ele>672.7</ele>
      </trkpt>
      <trkpt lat="34.42205" lon="-100.72288">
        <ele>672.8</ele>
      </trkpt>
      <trkpt lat="34.42245" lon="-100.72306">
        <ele>673.2</ele>
      </trkpt>
      <trkpt lat="34.42292" lon="-100.72333">
        <ele>674.0</ele>
      </trkpt>
      <trkpt lat="34.42309" lon="-100.72346">
        <ele>674.6</ele>
      </trkpt>
      <trkpt lat="34.4234" lon="-100.72379">
        <ele>675.1</ele>
      </trkpt>
      <trkpt lat="34.42369" lon="-100.72422">
        <ele>676.6</ele>
      </trkpt>
      <trkpt lat="34.4238" lon="-100.7244">
        <ele>677.0</ele>
      </trkpt>
      <trkpt lat="34.42391" lon="-100.72472">
        <ele>677.3</ele>
      </trkpt>
      <trkpt lat="34.42395" lon="-100.72489">
        <ele>677.5</ele>
      </trkpt>
      <trkpt lat="34.42393" lon="-100.72512">
        <ele>677.6</ele>
      </trkpt>
      <trkpt lat="34.42389" lon="-100.72521">
        <ele>677.4</ele>
      </trkpt>
      <trkpt lat="34.42379" lon="-100.7253">
        <ele>677.1</ele>
      </trkpt>
      <trkpt lat="34.42371" lon="-100.72531">
        <ele>676.0</ele>
      </trkpt>
      <trkpt lat="34.42305" lon="-100.7253">
        <ele>673.6</ele>
      </trkpt>
      <trkpt lat="34.42292" lon="-100.72539">
        <ele>673.2</ele>
      </trkpt>
      <trkpt lat="34.42284" lon="-100.72561">
        <ele>672.9</ele>
      </trkpt>
      <trkpt lat="34.42281" lon="-100.72575">
        <ele>672.9</ele>
      </trkpt>
      <trkpt lat="34.4228" lon="-100.72594">
        <ele>673.0</ele>
      </trkpt>
      <trkpt lat="34.42257" lon="-100.72641">
        <ele>674.7</ele>
      </trkpt>
      <trkpt lat="34.42257" lon="-100.7266">
        <ele>675.4</ele>
      </trkpt>
      <trkpt lat="34.42265" lon="-100.72682">
        <ele>676.0</ele>
      </trkpt>
      <trkpt lat="34.42301" lon="-100.72755">
        <ele>680.3</ele>
      </trkpt>
      <trkpt lat="34.42336" lon="-100.72837">
        <ele>682.6</ele>
      </trkpt>
      <trkpt lat="34.42371" lon="-100.72919">
        <ele>682.9</ele>
      </trkpt>
      <trkpt lat="34.42383" lon="-100.72941">
        <ele>682.5</ele>
      </trkpt>
      <trkpt lat="34.42395" lon="-100.72951">
        <ele>682.5</ele>
      </trkpt>
      <trkpt lat="34.4241" lon="-100.72959">
        <ele>682.4</ele>
      </trkpt>
      <trkpt lat="34.4243" lon="-100.72964">
        <ele>681.8</ele>
      </trkpt>
      <trkpt lat="34.42478" lon="-100.72995">
        <ele>682.2</ele>
      </trkpt>
      <trkpt lat="34.42509" lon="-100.73022">
        <ele>683.8</ele>
      </trkpt>
      <trkpt lat="34.4252" lon="-100.73035">
        <ele>684.8</ele>
      </trkpt>
      <trkpt lat="34.42526" lon="-100.73044">
        <ele>685.9</ele>
      </trkpt>
      <trkpt lat="34.42532" lon="-100.73059">
        <ele>686.5</ele>
      </trkpt>
      <trkpt lat="34.42546" lon="-100.731145">
        <ele>687.0</ele>
      </trkpt>
      <trkpt lat="34.4256" lon="-100.7317">
        <ele>687.4</ele>
      </trkpt>
      <trkpt lat="34.42569" lon="-100.73193">
        <ele>687.0</ele>
      </trkpt>
      <trkpt lat="34.42609" lon="-100.73261">
        <ele>687.6</ele>
      </trkpt>
      <trkpt lat="34.42644" lon="-100.73316">
        <ele>688.2</ele>
      </trkpt>
      <trkpt lat="34.42661" lon="-100.73344">
        <ele>687.9</ele>
      </trkpt>
      <trkpt lat="34.42687" lon="-100.73403">
        <ele>685.5</ele>
      </trkpt>
      <trkpt lat="34.42726" lon="-100.73462">
        <ele>684.0</ele>
      </trkpt>
      <trkpt lat="34.427685" lon="-100.73522">
        <ele>683.8</ele>
      </trkpt>
      <trkpt lat="34.42811" lon="-100.73582">
        <ele>683.5</ele>
      </trkpt>
      <trkpt lat="34.42828" lon="-100.73596">
        <ele>683.5</ele>
      </trkpt>
      <trkpt lat="34.42879" lon="-100.73628">
        <ele>683.0</ele>
      </trkpt>
      <trkpt lat="34.42895" lon="-100.73636">
        <ele>683.0</ele>
      </trkpt>
      <trkpt lat="34.42927" lon="-100.73645">
        <ele>683.4</ele>
      </trkpt>
      <trkpt lat="34.43" lon="-100.73658">
        <ele>684.8</ele>
      </trkpt>
      <trkpt lat="34.43021" lon="-100.73667">
        <ele>685.6</ele>
      </trkpt>
      <trkpt lat="34.43066" lon="-100.73681">
        <ele>687.5</ele>
      </trkpt>
      <trkpt lat="34.43076" lon="-100.73695">
        <ele>687.7</ele>
      </trkpt>
      <trkpt lat="34.431" lon="-100.73752">
        <ele>687.4</ele>
      </trkpt>
      <trkpt lat="34.431295" lon="-100.73831">
        <ele>687.9</ele>
      </trkpt>
      <trkpt lat="34.43159" lon="-100.7391">
        <ele>689.4</ele>
      </trkpt>
      <trkpt lat="34.431945" lon="-100.74001">
        <ele>693.9</ele>
      </trkpt>
      <trkpt lat="34.4323" lon="-100.74092">
        <ele>692.0</ele>
      </trkpt>
      <trkpt lat="34.43256" lon="-100.741955">
        <ele>691.4</ele>
      </trkpt>
      <trkpt lat="34.43282" lon="-100.74299">
        <ele>688.9</ele>
      </trkpt>
      <trkpt lat="34.43309" lon="-100.74397">
        <ele>687.0</ele>
      </trkpt>
      <trkpt lat="34.43315" lon="-100.7445">
        <ele>687.3</ele>
      </trkpt>
      <trkpt lat="34.43311" lon="-100.7454">
        <ele>690.0</ele>
      </trkpt>
      <trkpt lat="34.433285" lon="-100.746055">
        <ele>692.8</ele>
      </trkpt>
      <trkpt lat="34.43346" lon="-100.74671">
        <ele>695.9</ele>
      </trkpt>
      <trkpt lat="34.43361" lon="-100.74737">
        <ele>695.3</ele>
      </trkpt>
      <trkpt lat="34.43371" lon="-100.74768">
        <ele>694.5</ele>
      </trkpt>
      <trkpt lat="34.43378" lon="-100.74781">
        <ele>693.4</ele>
      </trkpt>
      <trkpt lat="34.43389" lon="-100.74795">
        <ele>693.0</ele>
      </trkpt>
      <trkpt lat="34.434385" lon="-100.74833">
        <ele>691.1</ele>
      </trkpt>
      <trkpt lat="34.43488" lon="-100.74871">
        <ele>690.1</ele>
      </trkpt>
      <trkpt lat="34.43548" lon="-100.74898">
        <ele>690.2</ele>
      </trkpt>
      <trkpt lat="34.436103" lon="-100.74916">
        <ele>691.0</ele>
      </trkpt>
      <trkpt lat="34.436727" lon="-100.74934">
        <ele>691.9</ele>
      </trkpt>
      <trkpt lat="34.43735" lon="-100.74952">
        <ele>693.1</ele>
      </trkpt>
      <trkpt lat="34.43814" lon="-100.7497">
        <ele>695.4</ele>
      </trkpt>
      <trkpt lat="34.43898" lon="-100.74985">
        <ele>695.3</ele>
      </trkpt>
      <trkpt lat="34.4396" lon="-100.74993">
        <ele>695.6</ele>
      </trkpt>
      <trkpt lat="34.44022" lon="-100.75001">
        <ele>695.7</ele>
      </trkpt>
      <trkpt lat="34.44078" lon="-100.7501">
        <ele>694.9</ele>
      </trkpt>
      <trkpt lat="34.44153" lon="-100.75014">
        <ele>694.5</ele>
      </trkpt>
      <trkpt lat="34.44212" lon="-100.75001">
        <ele>694.5</ele>
      </trkpt>
      <trkpt lat="34.442885" lon="-100.74993">
        <ele>693.6</ele>
      </trkpt>
      <trkpt lat="34.44365" lon="-100.74985">
        <ele>693.6</ele>
      </trkpt>
      <trkpt lat="34.44395" lon="-100.74984">
        <ele>693.7</ele>
      </trkpt>
      <trkpt lat="34.44465" lon="-100.749862">
        <ele>694.9</ele>
      </trkpt>
      <trkpt lat="34.44535" lon="-100.749885">
        <ele>694.2</ele>
      </trkpt>
      <trkpt lat="34.44605" lon="-100.749907">
        <ele>692.8</ele>
      </trkpt>
      <trkpt lat="34.44675" lon="-100.74993">
        <ele>692.4</ele>
      </trkpt>
      <trkpt lat="34.44761" lon="-100.74999">
        <ele>691.3</ele>
      </trkpt>
      <trkpt lat="34.44849" lon="-100.75007">
        <ele>690.1</ele>
      </trkpt>
      <trkpt lat="34.449193" lon="-100.7502">
        <ele>689.5</ele>
      </trkpt>
      <trkpt lat="34.449897" lon="-100.75033">
        <ele>689.7</ele>
      </trkpt>
      <trkpt lat="34.4506" lon="-100.75046">
        <ele>690.2</ele>
      </trkpt>
      <trkpt lat="34.451" lon="-100.75047">
        <ele>691.1</ele>
      </trkpt>
      <trkpt lat="34.45134" lon="-100.75059">
        <ele>692.1</ele>
      </trkpt>
      <trkpt lat="34.45143" lon="-100.75064">
        <ele>692.3</ele>
      </trkpt>
      <trkpt lat="34.45154" lon="-100.75073">
        <ele>692.3</ele>
      </trkpt>
      <trkpt lat="34.45164" lon="-100.75086">
        <ele>691.7</ele>
      </trkpt>
      <trkpt lat="34.45216" lon="-100.751627">
        <ele>691.4</ele>
      </trkpt>
      <trkpt lat="34.45268" lon="-100.752393">
        <ele>692.5</ele>
      </trkpt>
      <trkpt lat="34.4532" lon="-100.75316">
        <ele>694.3</ele>
      </trkpt>
      <trkpt lat="34.453515" lon="-100.753575">
        <ele>695.4</ele>
      </trkpt>
      <trkpt lat="34.45383" lon="-100.75399">
        <ele>695.8</ele>
      </trkpt>
      <trkpt lat="34.45398" lon="-100.75408">
        <ele>696.0</ele>
      </trkpt>
      <trkpt lat="34.45432" lon="-100.75426">
        <ele>696.3</ele>
      </trkpt>
      <trkpt lat="34.45486" lon="-100.75444">
        <ele>696.6</ele>
      </trkpt>
      <trkpt lat="34.45553" lon="-100.75471">
        <ele>697.0</ele>
      </trkpt>
      <trkpt lat="34.4562" lon="-100.75498">
        <ele>696.4</ele>
      </trkpt>
      <trkpt lat="34.456975" lon="-100.755405">
        <ele>694.1</ele>
      </trkpt>
      <trkpt lat="34.45775" lon="-100.75583">
        <ele>691.0</ele>
      </trkpt>
      <trkpt lat="34.458" lon="-100.75605">
        <ele>688.7</ele>
      </trkpt>
      <trkpt lat="34.45847" lon="-100.75659">
        <ele>686.7</ele>
      </trkpt>
      <trkpt lat="34.45873" lon="-100.75695">
        <ele>686.9</ele>
      </trkpt>
      <trkpt lat="34.45889" lon="-100.75722">
        <ele>687.2</ele>
      </trkpt>
      <trkpt lat="34.45908" lon="-100.75759">
        <ele>689.0</ele>
      </trkpt>
      <trkpt lat="34.45931" lon="-100.75838">
        <ele>693.0</ele>
      </trkpt>
      <trkpt lat="34.45948" lon="-100.75883">
        <ele>694.8</ele>
      </trkpt>
      <trkpt lat="34.45964" lon="-100.75934">
        <ele>696.5</ele>
      </trkpt>
      <trkpt lat="34.46002" lon="-100.76026">
        <ele>700.2</ele>
      </trkpt>
      <trkpt lat="34.460435" lon="-100.76109">
        <ele>701.0</ele>
      </trkpt>
      <trkpt lat="34.46085" lon="-100.76192">
        <ele>699.1</ele>
      </trkpt>
      <trkpt lat="34.461105" lon="-100.762375">
        <ele>699.3</ele>
      </trkpt>
      <trkpt lat="34.46136" lon="-100.76283">
        <ele>701.1</ele>
      </trkpt>
      <trkpt lat="34.46163" lon="-100.76321">
        <ele>703.1</ele>
      </trkpt>
      <trkpt lat="34.46186" lon="-100.76337">
        <ele>703.6</ele>
      </trkpt>
      <trkpt lat="34.46194" lon="-100.7634">
        <ele>703.6</ele>
      </trkpt>
      <trkpt lat="34.46242" lon="-100.76342">
        <ele>703.0</ele>
      </trkpt>
      <trkpt lat="34.4629" lon="-100.76344">
        <ele>703.4</ele>
      </trkpt>
      <trkpt lat="34.46359" lon="-100.76342">
        <ele>703.9</ele>
      </trkpt>
      <trkpt lat="34.46428" lon="-100.7634">
        <ele>704.3</ele>
      </trkpt>
      <trkpt lat="34.465023" lon="-100.763427">
        <ele>701.9</ele>
      </trkpt>
      <trkpt lat="34.465767" lon="-100.763453">
        <ele>698.4</ele>
      </trkpt>
      <trkpt lat="34.46651" lon="-100.76348">
        <ele>694.8</ele>
      </trkpt>
      <trkpt lat="34.46711" lon="-100.76353">
        <ele>692.2</ele>
      </trkpt>
      <trkpt lat="34.46798" lon="-100.76354">
        <ele>692.0</ele>
      </trkpt>
      <trkpt lat="34.46831" lon="-100.76349">
        <ele>692.9</ele>
      </trkpt>
      <trkpt lat="34.46854" lon="-100.76331">
        <ele>694.5</ele>
      </trkpt>
      <trkpt lat="34.46861" lon="-100.76331">
        <ele>694.5</ele>
      </trkpt>
      <trkpt lat="34.46873" lon="-100.76332">
        <ele>694.9</ele>
      </trkpt>
      <trkpt lat="34.46878" lon="-100.76337">
        <ele>695.5</ele>
      </trkpt>
      <trkpt lat="34.46883" lon="-100.76362">
        <ele>695.8</ele>
      </trkpt>
      <trkpt lat="34.468811" lon="-100.764694">
        <ele>695.7</ele>
      </trkpt>
      <trkpt lat="34.468793" lon="-100.765769">
        <ele>697.5</ele>
      </trkpt>
      <trkpt lat="34.468774" lon="-100.766843">
        <ele>699.3</ele>
      </trkpt>
      <trkpt lat="34.468756" lon="-100.767917">
        <ele>697.8</ele>
      </trkpt>
      <trkpt lat="34.468737" lon="-100.768991">
        <ele>696.6</ele>
      </trkpt>
      <trkpt lat="34.468719" lon="-100.770066">
        <ele>698.3</ele>
      </trkpt>
      <trkpt lat="34.4687" lon="-100.77114">
        <ele>699.7</ele>
      </trkpt>
      <trkpt lat="34.46873" lon="-100.77163">
        <ele>701.3</ele>
      </trkpt>
      <trkpt lat="34.46882" lon="-100.77201">
        <ele>704.5</ele>
      </trkpt>
      <trkpt lat="34.46887" lon="-100.7721">
        <ele>704.5</ele>
      </trkpt>
      <trkpt lat="34.46894" lon="-100.77213">
        <ele>705.2</ele>
      </trkpt>
      <trkpt lat="34.46913" lon="-100.77217">
        <ele>705.5</ele>
      </trkpt>
      <trkpt lat="34.469753" lon="-100.77216">
        <ele>704.1</ele>
      </trkpt>
      <trkpt lat="34.470377" lon="-100.77215">
        <ele>702.4</ele>
      </trkpt>
      <trkpt lat="34.471" lon="-100.77214">
        <ele>701.5</ele>
      </trkpt>
      <trkpt lat="34.471627" lon="-100.77215">
        <ele>700.6</ele>
      </trkpt>
      <trkpt lat="34.472253" lon="-100.77216">
        <ele>699.3</ele>
      </trkpt>
      <trkpt lat="34.47288" lon="-100.77217">
        <ele>697.6</ele>
      </trkpt>
      <trkpt lat="34.47296" lon="-100.77221">
        <ele>697.6</ele>
      </trkpt>
      <trkpt lat="34.47302" lon="-100.77227">
        <ele>697.6</ele>
      </trkpt>
      <trkpt lat="34.47305" lon="-100.77235">
        <ele>697.6</ele>
      </trkpt>
      <trkpt lat="34.47303" lon="-100.77257">
        <ele>697.5</ele>
      </trkpt>
      <trkpt lat="34.472835" lon="-100.77318">
        <ele>697.7</ele>
      </trkpt>
      <trkpt lat="34.47264" lon="-100.77379">
        <ele>698.0</ele>
      </trkpt>
      <trkpt lat="34.47251" lon="-100.77425">
        <ele>697.6</ele>
      </trkpt>
      <trkpt lat="34.47246" lon="-100.77459">
        <ele>696.6</ele>
      </trkpt>
      <trkpt lat="34.47247" lon="-100.77481">
        <ele>696.1</ele>
      </trkpt>
      <trkpt lat="34.47266" lon="-100.77581">
        <ele>694.6</ele>
      </trkpt>
      <trkpt lat="34.47269" lon="-100.77656">
        <ele>694.6</ele>
      </trkpt>
      <trkpt lat="34.472755" lon="-100.777465">
        <ele>695.2</ele>
      </trkpt>
      <trkpt lat="34.47282" lon="-100.77837">
        <ele>699.2</ele>
      </trkpt>
      <trkpt lat="34.47288" lon="-100.77885">
        <ele>700.5</ele>
      </trkpt>
      <trkpt lat="34.47374" lon="-100.77857">
        <ele>701.2</ele>
      </trkpt>
      <trkpt lat="34.474407" lon="-100.77855">
        <ele>701.2</ele>
      </trkpt>
      <trkpt lat="34.475073" lon="-100.77853">
        <ele>701.4</ele>
      </trkpt>
      <trkpt lat="34.47574" lon="-100.77851">
        <ele>702.8</ele>
      </trkpt>
      <trkpt lat="34.476355" lon="-100.77854">
        <ele>702.0</ele>
      </trkpt>
      <trkpt lat="34.47697" lon="-100.77857">
        <ele>699.2</ele>
      </trkpt>
      <trkpt lat="34.477852" lon="-100.778572">
        <ele>694.9</ele>
      </trkpt>
      <trkpt lat="34.478734" lon="-100.778574">
        <ele>691.4</ele>
      </trkpt>
      <trkpt lat="34.479616" lon="-100.778576">
        <ele>689.6</ele>
      </trkpt>
      <trkpt lat="34.480498" lon="-100.778578">
        <ele>688.7</ele>
      </trkpt>
      <trkpt lat="34.48138" lon="-100.77858">
        <ele>689.9</ele>
      </trkpt>
      <trkpt lat="34.481306" lon="-100.778922">
        <ele>690.3</ele>
      </trkpt>
      <trkpt lat="34.481182" lon="-100.779492">
        <ele>690.2</ele>
      </trkpt>
      <trkpt lat="34.480984" lon="-100.780404">
        <ele>690.8</ele>
      </trkpt>
      <trkpt lat="34.480786" lon="-100.781316">
        <ele>692.3</ele>
      </trkpt>
      <trkpt lat="34.480588" lon="-100.782228">
        <ele>692.4</ele>
      </trkpt>
      <trkpt lat="34.48039" lon="-100.78314">
        <ele>693.7</ele>
      </trkpt>
      <trkpt lat="34.48029" lon="-100.78387">
        <ele>694.6</ele>
      </trkpt>
      <trkpt lat="34.48027" lon="-100.78414">
        <ele>694.7</ele>
      </trkpt>
      <trkpt lat="34.4803" lon="-100.78515">
        <ele>696.1</ele>
      </trkpt>
      <trkpt lat="34.480345" lon="-100.786232">
        <ele>697.0</ele>
      </trkpt>
      <trkpt lat="34.48039" lon="-100.787313">
        <ele>698.2</ele>
      </trkpt>
      <trkpt lat="34.480435" lon="-100.788395">
        <ele>699.2</ele>
      </trkpt>
      <trkpt lat="34.48048" lon="-100.789477">
        <ele>700.3</ele>
      </trkpt>
      <trkpt lat="34.480525" lon="-100.790558">
        <ele>701.1</ele>
      </trkpt>
      <trkpt lat="34.48057" lon="-100.79164">
        <ele>701.9</ele>
      </trkpt>
      <trkpt lat="34.480615" lon="-100.792525">
        <ele>702.5</ele>
      </trkpt>
      <trkpt lat="34.48066" lon="-100.79341">
        <ele>703.6</ele>
      </trkpt>
      <trkpt lat="34.480665" lon="-100.793965">
        <ele>703.8</ele>
      </trkpt>
      <trkpt lat="34.48067" lon="-100.79452">
        <ele>704.7</ele>
      </trkpt>
      <trkpt lat="34.48062" lon="-100.79508">
        <ele>705.2</ele>
      </trkpt>
      <trkpt lat="34.48057" lon="-100.79564">
        <ele>705.0</ele>
      </trkpt>
      <trkpt lat="34.48046" lon="-100.79631">
        <ele>705.9</ele>
      </trkpt>
      <trkpt lat="34.480265" lon="-100.79701">
        <ele>706.0</ele>
      </trkpt>
      <trkpt lat="34.48007" lon="-100.79771">
        <ele>706.1</ele>
      </trkpt>
      <trkpt lat="34.479743" lon="-100.798657">
        <ele>706.1</ele>
      </trkpt>
      <trkpt lat="34.479417" lon="-100.799603">
        <ele>705.9</ele>
      </trkpt>
      <trkpt lat="34.47909" lon="-100.80055">
        <ele>705.2</ele>
      </trkpt>
      <trkpt lat="34.47909" lon="-100.80056">
        <ele>705.2</ele>
      </trkpt>
      <trkpt lat="34.478767" lon="-100.80147">
        <ele>704.1</ele>
      </trkpt>
      <trkpt lat="34.478443" lon="-100.80238">
        <ele>703.4</ele>
      </trkpt>
      <trkpt lat="34.47812" lon="-100.80329">
        <ele>702.8</ele>
      </trkpt>
      <trkpt lat="34.477797" lon="-100.8042">
        <ele>702.3</ele>
      </trkpt>
      <trkpt lat="34.477473" lon="-100.80511">
        <ele>701.7</ele>
      </trkpt>
      <trkpt lat="34.47715" lon="-100.80602">
        <ele>701.1</ele>
      </trkpt>
      <trkpt lat="34.476865" lon="-100.80687">
        <ele>700.7</ele>
      </trkpt>
      <trkpt lat="34.47658" lon="-100.80772">
        <ele>700.4</ele>
      </trkpt>
      <trkpt lat="34.476295" lon="-100.80857">
        <ele>701.0</ele>
      </trkpt>
      <trkpt lat="34.47601" lon="-100.80942">
        <ele>701.3</ele>
      </trkpt>
      <trkpt lat="34.475685" lon="-100.810351">
        <ele>701.3</ele>
      </trkpt>
      <trkpt lat="34.475361" lon="-100.811282">
        <ele>701.3</ele>
      </trkpt>
      <trkpt lat="34.475036" lon="-100.812212">
        <ele>700.8</ele>
      </trkpt>
      <trkpt lat="34.474712" lon="-100.813143">
        <ele>699.8</ele>
      </trkpt>
      <trkpt lat="34.474387" lon="-100.814074">
        <ele>699.0</ele>
      </trkpt>
      <trkpt lat="34.474062" lon="-100.815005">
        <ele>698.0</ele>
      </trkpt>
      <trkpt lat="34.473738" lon="-100.815936">
        <ele>696.6</ele>
      </trkpt>
      <trkpt lat="34.473413" lon="-100.816866">
        <ele>695.8</ele>
      </trkpt>
      <trkpt lat="34.473089" lon="-100.817797">
        <ele>694.7</ele>
      </trkpt>
      <trkpt lat="34.472764" lon="-100.818728">
        <ele>693.7</ele>
      </trkpt>
      <trkpt lat="34.472439" lon="-100.819659">
        <ele>692.4</ele>
      </trkpt>
      <trkpt lat="34.472115" lon="-100.820589">
        <ele>691.6</ele>
      </trkpt>
      <trkpt lat="34.47179" lon="-100.82152">
        <ele>691.2</ele>
      </trkpt>
      <trkpt lat="34.47178" lon="-100.82231">
        <ele>691.2</ele>
      </trkpt>
      <trkpt lat="34.47175" lon="-100.82254">
        <ele>691.2</ele>
      </trkpt>
      <trkpt lat="34.47168" lon="-100.82277">
        <ele>691.2</ele>
      </trkpt>
      <trkpt lat="34.471425" lon="-100.823465">
        <ele>691.9</ele>
      </trkpt>
      <trkpt lat="34.47117" lon="-100.82416">
        <ele>691.9</ele>
      </trkpt>
      <trkpt lat="34.47116" lon="-100.82416">
        <ele>691.9</ele>
      </trkpt>
      <trkpt lat="34.470885" lon="-100.824915">
        <ele>691.8</ele>
      </trkpt>
      <trkpt lat="34.47061" lon="-100.82567">
        <ele>692.3</ele>
      </trkpt>
      <trkpt lat="34.47034" lon="-100.82648">
        <ele>691.8</ele>
      </trkpt>
      <trkpt lat="34.47007" lon="-100.82729">
        <ele>690.8</ele>
      </trkpt>
      <trkpt lat="34.469727" lon="-100.828257">
        <ele>690.4</ele>
      </trkpt>
      <trkpt lat="34.469383" lon="-100.829223">
        <ele>687.5</ele>
      </trkpt>
      <trkpt lat="34.46904" lon="-100.83019">
        <ele>684.8</ele>
      </trkpt>
      <trkpt lat="34.46904" lon="-100.8302">
        <ele>684.8</ele>
      </trkpt>
      <trkpt lat="34.46898" lon="-100.83064">
        <ele>684.4</ele>
      </trkpt>
      <trkpt lat="34.46897" lon="-100.83088">
        <ele>684.5</ele>
      </trkpt>
      <trkpt lat="34.46898" lon="-100.831745">
        <ele>685.6</ele>
      </trkpt>
      <trkpt lat="34.46899" lon="-100.83261">
        <ele>687.0</ele>
      </trkpt>
      <trkpt lat="34.468973" lon="-100.833663">
        <ele>689.9</ele>
      </trkpt>
      <trkpt lat="34.468955" lon="-100.834715">
        <ele>691.5</ele>
      </trkpt>
      <trkpt lat="34.468938" lon="-100.835768">
        <ele>691.2</ele>
      </trkpt>
      <trkpt lat="34.46892" lon="-100.83682">
        <ele>690.8</ele>
      </trkpt>
      <trkpt lat="34.468912" lon="-100.837832">
        <ele>688.9</ele>
      </trkpt>
      <trkpt lat="34.468904" lon="-100.838844">
        <ele>687.2</ele>
      </trkpt>
      <trkpt lat="34.468896" lon="-100.839856">
        <ele>686.6</ele>
      </trkpt>
      <trkpt lat="34.468888" lon="-100.840868">
        <ele>686.5</ele>
      </trkpt>
      <trkpt lat="34.46888" lon="-100.84188">
        <ele>686.7</ele>
      </trkpt>
      <trkpt lat="34.46882" lon="-100.84206">
        <ele>686.7</ele>
      </trkpt>
      <trkpt lat="34.46875" lon="-100.84212">
        <ele>686.6</ele>
      </trkpt>
      <trkpt lat="34.46874" lon="-100.84212">
        <ele>686.6</ele>
      </trkpt>
      <trkpt lat="34.4687" lon="-100.84216">
        <ele>686.6</ele>
      </trkpt>
      <trkpt lat="34.46853" lon="-100.8422">
        <ele>686.1</ele>
      </trkpt>
      <trkpt lat="34.46786" lon="-100.842205">
        <ele>685.0</ele>
      </trkpt>
      <trkpt lat="34.46719" lon="-100.84221">
        <ele>685.5</ele>
      </trkpt>
      <trkpt lat="34.467182" lon="-100.843299">
        <ele>684.6</ele>
      </trkpt>
      <trkpt lat="34.467175" lon="-100.844388">
        <ele>684.3</ele>
      </trkpt>
      <trkpt lat="34.467167" lon="-100.845478">
        <ele>684.6</ele>
      </trkpt>
      <trkpt lat="34.467159" lon="-100.846567">
        <ele>685.0</ele>
      </trkpt>
      <trkpt lat="34.467152" lon="-100.847656">
        <ele>686.5</ele>
      </trkpt>
      <trkpt lat="34.467144" lon="-100.848745">
        <ele>687.4</ele>
      </trkpt>
      <trkpt lat="34.467136" lon="-100.849835">
        <ele>688.6</ele>
      </trkpt>
      <trkpt lat="34.467129" lon="-100.850924">
        <ele>688.3</ele>
      </trkpt>
      <trkpt lat="34.467121" lon="-100.852013">
        <ele>688.3</ele>
      </trkpt>
      <trkpt lat="34.467113" lon="-100.853102">
        <ele>689.0</ele>
      </trkpt>
      <trkpt lat="34.467105" lon="-100.854192">
        <ele>690.6</ele>
      </trkpt>
      <trkpt lat="34.467098" lon="-100.855281">
        <ele>691.5</ele>
      </trkpt>
      <trkpt lat="34.46709" lon="-100.85637">
        <ele>694.6</ele>
      </trkpt>
      <trkpt lat="34.46708" lon="-100.857313">
        <ele>696.5</ele>
      </trkpt>
      <trkpt lat="34.46707" lon="-100.858257">
        <ele>696.7</ele>
      </trkpt>
      <trkpt lat="34.46706" lon="-100.8592">
        <ele>697.3</ele>
      </trkpt>
      <trkpt lat="34.46704" lon="-100.85943">
        <ele>697.3</ele>
      </trkpt>
      <trkpt lat="34.46701" lon="-100.85952">
        <ele>697.3</ele>
      </trkpt>
      <trkpt lat="34.46694" lon="-100.85961">
        <ele>697.2</ele>
      </trkpt>
      <trkpt lat="34.46684" lon="-100.85966">
        <ele>697.0</ele>
      </trkpt>
      <trkpt lat="34.46671" lon="-100.8597">
        <ele>697.0</ele>
      </trkpt>
      <trkpt lat="34.465928" lon="-100.859688">
        <ele>695.3</ele>
      </trkpt>
      <trkpt lat="34.465146" lon="-100.859676">
        <ele>694.3</ele>
      </trkpt>
      <trkpt lat="34.464364" lon="-100.859664">
        <ele>693.5</ele>
      </trkpt>
      <trkpt lat="34.463582" lon="-100.859652">
        <ele>693.3</ele>
      </trkpt>
      <trkpt lat="34.4628" lon="-100.85964">
        <ele>693.1</ele>
      </trkpt>
      <trkpt lat="34.462045" lon="-100.859625">
        <ele>693.2</ele>
      </trkpt>
      <trkpt lat="34.46129" lon="-100.85961">
        <ele>693.4</ele>
      </trkpt>
      <trkpt lat="34.460535" lon="-100.859595">
        <ele>693.8</ele>
      </trkpt>
      <trkpt lat="34.45978" lon="-100.85958">
        <ele>693.4</ele>
      </trkpt>
      <trkpt lat="34.459032" lon="-100.859588">
        <ele>691.3</ele>
      </trkpt>
      <trkpt lat="34.458285" lon="-100.859595">
        <ele>691.0</ele>
      </trkpt>
      <trkpt lat="34.457537" lon="-100.859603">
        <ele>691.4</ele>
      </trkpt>
      <trkpt lat="34.45679" lon="-100.85961">
        <ele>692.7</ele>
      </trkpt>
      <trkpt lat="34.456215" lon="-100.8596">
        <ele>694.0</ele>
      </trkpt>
      <trkpt lat="34.45564" lon="-100.85959">
        <ele>695.8</ele>
      </trkpt>
      <trkpt lat="34.454953" lon="-100.860055">
        <ele>696.8</ele>
      </trkpt>
      <trkpt lat="34.454265" lon="-100.86052">
        <ele>697.9</ele>
      </trkpt>
      <trkpt lat="34.453578" lon="-100.860985">
        <ele>698.6</ele>
      </trkpt>
      <trkpt lat="34.45289" lon="-100.86145">
        <ele>699.6</ele>
      </trkpt>
      <trkpt lat="34.45289" lon="-100.86146">
        <ele>699.6</ele>
      </trkpt>
      <trkpt lat="34.452156" lon="-100.86196">
        <ele>700.3</ele>
      </trkpt>
      <trkpt lat="34.451423" lon="-100.86246">
        <ele>700.7</ele>
      </trkpt>
      <trkpt lat="34.450689" lon="-100.86296">
        <ele>701.2</ele>
      </trkpt>
      <trkpt lat="34.449955" lon="-100.86346">
        <ele>701.4</ele>
      </trkpt>
      <trkpt lat="34.449221" lon="-100.86396">
        <ele>701.0</ele>
      </trkpt>
      <trkpt lat="34.448488" lon="-100.86446">
        <ele>700.6</ele>
      </trkpt>
      <trkpt lat="34.447754" lon="-100.86496">
        <ele>700.0</ele>
      </trkpt>
      <trkpt lat="34.44702" lon="-100.86546">
        <ele>699.7</ele>
      </trkpt>
      <trkpt lat="34.446314" lon="-100.865944">
        <ele>699.1</ele>
      </trkpt>
      <trkpt lat="34.445609" lon="-100.866429">
        <ele>698.5</ele>
      </trkpt>
      <trkpt lat="34.444903" lon="-100.866913">
        <ele>697.9</ele>
      </trkpt>
      <trkpt lat="34.444198" lon="-100.867398">
        <ele>697.4</ele>
      </trkpt>
      <trkpt lat="34.443492" lon="-100.867882">
        <ele>697.0</ele>
      </trkpt>
      <trkpt lat="34.442787" lon="-100.868367">
        <ele>696.9</ele>
      </trkpt>
      <trkpt lat="34.442081" lon="-100.868851">
        <ele>696.3</ele>
      </trkpt>
      <trkpt lat="34.441376" lon="-100.869336">
        <ele>695.7</ele>
      </trkpt>
      <trkpt lat="34.44067" lon="-100.86982">
        <ele>695.3</ele>
      </trkpt>
      <trkpt lat="34.439908" lon="-100.870337">
        <ele>694.9</ele>
      </trkpt>
      <trkpt lat="34.439146" lon="-100.870855">
        <ele>694.0</ele>
      </trkpt>
      <trkpt lat="34.438385" lon="-100.871372">
        <ele>693.6</ele>
      </trkpt>
      <trkpt lat="34.437623" lon="-100.871889">
        <ele>693.5</ele>
      </trkpt>
      <trkpt lat="34.436861" lon="-100.872407">
        <ele>693.1</ele>
      </trkpt>
      <trkpt lat="34.436099" lon="-100.872924">
        <ele>693.4</ele>
      </trkpt>
      <trkpt lat="34.435337" lon="-100.873441">
        <ele>694.0</ele>
      </trkpt>
      <trkpt lat="34.434575" lon="-100.873958">
        <ele>694.9</ele>
      </trkpt>
      <trkpt lat="34.433814" lon="-100.874476">
        <ele>695.9</ele>
      </trkpt>
      <trkpt lat="34.433052" lon="-100.874993">
        <ele>696.8</ele>
      </trkpt>
      <trkpt lat="34.43229" lon="-100.87551">
        <ele>697.5</ele>
      </trkpt>
      <trkpt lat="34.432" lon="-100.87572">
        <ele>698.0</ele>
      </trkpt>
      <trkpt lat="34.43157" lon="-100.87609">
        <ele>698.7</ele>
      </trkpt>
      <trkpt lat="34.43114" lon="-100.87646">
        <ele>699.0</ele>
      </trkpt>
      <trkpt lat="34.43064" lon="-100.87693">
        <ele>699.7</ele>
      </trkpt>
      <trkpt lat="34.4302" lon="-100.87738">
        <ele>700.3</ele>
      </trkpt>
      <trkpt lat="34.429606" lon="-100.87807">
        <ele>701.0</ele>
      </trkpt>
      <trkpt lat="34.429012" lon="-100.87876">
        <ele>702.0</ele>
      </trkpt>
      <trkpt lat="34.428418" lon="-100.87945">
        <ele>703.0</ele>
      </trkpt>
      <trkpt lat="34.427824" lon="-100.88014">
        <ele>703.8</ele>
      </trkpt>
      <trkpt lat="34.42723" lon="-100.88083">
        <ele>704.5</ele>
      </trkpt>
      <trkpt lat="34.426773" lon="-100.881397">
        <ele>705.5</ele>
      </trkpt>
      <trkpt lat="34.426317" lon="-100.881963">
        <ele>706.0</ele>
      </trkpt>
      <trkpt lat="34.42586" lon="-100.88253">
        <ele>706.8</ele>
      </trkpt>
      <trkpt lat="34.42541" lon="-100.88304">
        <ele>708.0</ele>
      </trkpt>
      <trkpt lat="34.42508" lon="-100.88338">
        <ele>708.3</ele>
      </trkpt>
      <trkpt lat="34.42449" lon="-100.88383">
        <ele>708.9</ele>
      </trkpt>
      <trkpt lat="34.4239" lon="-100.88411">
        <ele>709.2</ele>
      </trkpt>
      <trkpt lat="34.4233" lon="-100.88428">
        <ele>709.6</ele>
      </trkpt>
      <trkpt lat="34.422537" lon="-100.884353">
        <ele>710.0</ele>
      </trkpt>
      <trkpt lat="34.421773" lon="-100.884427">
        <ele>710.9</ele>
      </trkpt>
      <trkpt lat="34.42101" lon="-100.8845">
        <ele>712.0</ele>
      </trkpt>
      <trkpt lat="34.42056" lon="-100.88459">
        <ele>712.5</ele>
      </trkpt>
      <trkpt lat="34.42011" lon="-100.88472">
        <ele>713.1</ele>
      </trkpt>
      <trkpt lat="34.41992" lon="-100.88481">
        <ele>713.1</ele>
      </trkpt>
      <trkpt lat="34.41951" lon="-100.88502">
        <ele>713.5</ele>
      </trkpt>
      <trkpt lat="34.41903" lon="-100.88535">
        <ele>713.6</ele>
      </trkpt>
      <trkpt lat="34.41867" lon="-100.88568">
        <ele>714.0</ele>
      </trkpt>
      <trkpt lat="34.41837" lon="-100.88602">
        <ele>714.1</ele>
      </trkpt>
      <trkpt lat="34.41814" lon="-100.88635">
        <ele>714.2</ele>
      </trkpt>
      <trkpt lat="34.41773" lon="-100.88725">
        <ele>714.5</ele>
      </trkpt>
      <trkpt lat="34.41757" lon="-100.88772">
        <ele>714.5</ele>
      </trkpt>
      <trkpt lat="34.417305" lon="-100.88875">
        <ele>714.6</ele>
      </trkpt>
      <trkpt lat="34.41704" lon="-100.88978">
        <ele>715.0</ele>
      </trkpt>
      <trkpt lat="34.41679" lon="-100.89068">
        <ele>715.1</ele>
      </trkpt>
      <trkpt lat="34.416575" lon="-100.891195">
        <ele>715.2</ele>
      </trkpt>
      <trkpt lat="34.41636" lon="-100.89171">
        <ele>715.7</ele>
      </trkpt>
      <trkpt lat="34.41626" lon="-100.8919">
        <ele>716.0</ele>
      </trkpt>
      <trkpt lat="34.41591" lon="-100.89243">
        <ele>717.1</ele>
      </trkpt>
      <trkpt lat="34.41549" lon="-100.89301">
        <ele>717.5</ele>
      </trkpt>
      <trkpt lat="34.41521" lon="-100.89328">
        <ele>717.8</ele>
      </trkpt>
      <trkpt lat="34.414825" lon="-100.89357">
        <ele>718.2</ele>
      </trkpt>
      <trkpt lat="34.41444" lon="-100.89386">
        <ele>718.6</ele>
      </trkpt>
      <trkpt lat="34.41374" lon="-100.89417">
        <ele>719.3</ele>
      </trkpt>
      <trkpt lat="34.41326" lon="-100.8943">
        <ele>719.6</ele>
      </trkpt>
      <trkpt lat="34.4125" lon="-100.8944">
        <ele>720.4</ele>
      </trkpt>
      <trkpt lat="34.41222" lon="-100.89441">
        <ele>720.7</ele>
      </trkpt>
      <trkpt lat="34.411527" lon="-100.8944">
        <ele>721.0</ele>
      </trkpt>
      <trkpt lat="34.410833" lon="-100.89439">
        <ele>721.7</ele>
      </trkpt>
      <trkpt lat="34.41014" lon="-100.89438">
        <ele>722.6</ele>
      </trkpt>
      <trkpt lat="34.409585" lon="-100.894365">
        <ele>723.1</ele>
      </trkpt>
      <trkpt lat="34.40903" lon="-100.89435">
        <ele>723.6</ele>
      </trkpt>
      <trkpt lat="34.40827" lon="-100.894355">
        <ele>723.7</ele>
      </trkpt>
      <trkpt lat="34.40751" lon="-100.89436">
        <ele>724.6</ele>
      </trkpt>
      <trkpt lat="34.406815" lon="-100.894335">
        <ele>724.9</ele>
      </trkpt>
      <trkpt lat="34.40612" lon="-100.89431">
        <ele>725.4</ele>
      </trkpt>
      <trkpt lat="34.405323" lon="-100.894307">
        <ele>724.7</ele>
      </trkpt>
      <trkpt lat="34.404525" lon="-100.894305">
        <ele>723.9</ele>
      </trkpt>
      <trkpt lat="34.403728" lon="-100.894302">
        <ele>723.5</ele>
      </trkpt>
      <trkpt lat="34.40293" lon="-100.8943">
        <ele>722.8</ele>
      </trkpt>
      <trkpt lat="34.402275" lon="-100.89428">
        <ele>722.0</ele>
      </trkpt>
      <trkpt lat="34.40162" lon="-100.89426">
        <ele>721.6</ele>
      </trkpt>
      <trkpt lat="34.40096" lon="-100.89427">
        <ele>721.0</ele>
      </trkpt>
      <trkpt lat="34.4007" lon="-100.89431">
        <ele>720.3</ele>
      </trkpt>
      <trkpt lat="34.40032" lon="-100.89441">
        <ele>720.3</ele>
      </trkpt>
      <trkpt lat="34.39958" lon="-100.89476">
        <ele>719.7</ele>
      </trkpt>
      <trkpt lat="34.39923" lon="-100.89498">
        <ele>719.3</ele>
      </trkpt>
      <trkpt lat="34.39896" lon="-100.8952">
        <ele>719.1</ele>
      </trkpt>
      <trkpt lat="34.39854" lon="-100.8956">
        <ele>718.7</ele>
      </trkpt>
      <trkpt lat="34.39814" lon="-100.89619">
        <ele>718.5</ele>
      </trkpt>
      <trkpt lat="34.39788" lon="-100.89669">
        <ele>718.1</ele>
      </trkpt>
      <trkpt lat="34.3977" lon="-100.89718">
        <ele>717.7</ele>
      </trkpt>
      <trkpt lat="34.39756" lon="-100.89763">
        <ele>717.5</ele>
      </trkpt>
      <trkpt lat="34.39748" lon="-100.89811">
        <ele>717.4</ele>
      </trkpt>
      <trkpt lat="34.39743" lon="-100.89872">
        <ele>717.8</ele>
      </trkpt>
      <trkpt lat="34.396547" lon="-100.898733">
        <ele>714.7</ele>
      </trkpt>
      <trkpt lat="34.395663" lon="-100.898747">
        <ele>714.0</ele>
      </trkpt>
      <trkpt lat="34.39478" lon="-100.89876">
        <ele>713.6</ele>
      </trkpt>
      <trkpt lat="34.394045" lon="-100.89876">
        <ele>712.6</ele>
      </trkpt>
      <trkpt lat="34.39331" lon="-100.89876">
        <ele>712.0</ele>
      </trkpt>
      <trkpt lat="34.393315" lon="-100.898165">
        <ele>710.9</ele>
      </trkpt>
      <trkpt lat="34.39332" lon="-100.89757">
        <ele>711.9</ele>
      </trkpt>
      <trkpt lat="34.39379" lon="-100.89758">
        <ele>712.5</ele>
      </trkpt>
    </trkseg>
  </trk>
</gpx>
