<?xml version="1.0" encoding="UTF-8"?>
<gpx xmlns:xsi="http://www.w3.org/2001/XMLSchema-instance" xmlns="http://www.topografix.com/GPX/1/1" xmlns:gpxdata="http://www.cluetrust.com/XML/GPXDATA/1/0" xsi:schemaLocation="http://www.topografix.com/GPX/1/1 http://www.topografix.com/GPX/1/1/gpx.xsd http://www.cluetrust.com/XML/GPXDATA/1/0 http://www.cluetrust.com/Schemas/gpxdata10.xsd" version="1.1" creator="http://ridewithgps.com/">
  <metadata>
    <name>CCR Wire Donkey 34</name>
    <link href="https://ridewithgps.com/routes/41506009">
      <text>CCR Wire Donkey 34</text>
    </link>
    <time>2022-11-25T17:57:17Z</time>
  </metadata>
  <trk>
    <name>CCR Wire Donkey 34</name>
    <trkseg>
      <trkpt lat="30.04867" lon="-96.328">
        <ele>118.2</ele>
      </trkpt>
      <trkpt lat="30.04873" lon="-96.32808">
        <ele>118.1</ele>
      </trkpt>
      <trkpt lat="30.04881" lon="-96.32821">
        <ele>117.9</ele>
      </trkpt>
      <trkpt lat="30.04891" lon="-96.32837">
        <ele>117.6</ele>
      </trkpt>
      <trkpt lat="30.04906" lon="-96.32859">
        <ele>117.3</ele>
      </trkpt>
      <trkpt lat="30.0491" lon="-96.3286399">
        <ele>117.2</ele>
      </trkpt>
      <trkpt lat="30.04914" lon="-96.32871">
        <ele>117.0</ele>
      </trkpt>
      <trkpt lat="30.04925" lon="-96.32887">
        <ele>116.7</ele>
      </trkpt>
      <trkpt lat="30.04937" lon="-96.32903">
        <ele>116.5</ele>
      </trkpt>
      <trkpt lat="30.04954" lon="-96.32926">
        <ele>116.1</ele>
      </trkpt>
      <trkpt lat="30.0496" lon="-96.32935">
        <ele>116.0</ele>
      </trkpt>
      <trkpt lat="30.04971" lon="-96.32951">
        <ele>115.9</ele>
      </trkpt>
      <trkpt lat="30.04973" lon="-96.32954">
        <ele>115.9</ele>
      </trkpt>
      <trkpt lat="30.04974" lon="-96.32956">
        <ele>115.8</ele>
      </trkpt>
      <trkpt lat="30.04993" lon="-96.32982">
        <ele>116.1</ele>
      </trkpt>
      <trkpt lat="30.04994" lon="-96.32983">
        <ele>116.2</ele>
      </trkpt>
      <trkpt lat="30.04997" lon="-96.32988">
        <ele>116.2</ele>
      </trkpt>
      <trkpt lat="30.05005" lon="-96.32999">
        <ele>116.4</ele>
      </trkpt>
      <trkpt lat="30.05013" lon="-96.3301">
        <ele>116.8</ele>
      </trkpt>
      <trkpt lat="30.05017" lon="-96.33015">
        <ele>117.6</ele>
      </trkpt>
      <trkpt lat="30.0502" lon="-96.3302">
        <ele>117.9</ele>
      </trkpt>
      <trkpt lat="30.05028" lon="-96.33031">
        <ele>118.3</ele>
      </trkpt>
      <trkpt lat="30.05032" lon="-96.33036">
        <ele>118.3</ele>
      </trkpt>
      <trkpt lat="30.05054" lon="-96.33067">
        <ele>118.5</ele>
      </trkpt>
      <trkpt lat="30.05072" lon="-96.33092">
        <ele>119.4</ele>
      </trkpt>
      <trkpt lat="30.05088" lon="-96.33112">
        <ele>120.5</ele>
      </trkpt>
      <trkpt lat="30.05102" lon="-96.3313">
        <ele>121.3</ele>
      </trkpt>
      <trkpt lat="30.0512" lon="-96.33151">
        <ele>122.0</ele>
      </trkpt>
      <trkpt lat="30.05137" lon="-96.33169">
        <ele>122.4</ele>
      </trkpt>
      <trkpt lat="30.05139" lon="-96.33171">
        <ele>122.5</ele>
      </trkpt>
      <trkpt lat="30.05151" lon="-96.33183">
        <ele>123.2</ele>
      </trkpt>
      <trkpt lat="30.05155" lon="-96.33187">
        <ele>123.5</ele>
      </trkpt>
      <trkpt lat="30.05157" lon="-96.33189">
        <ele>123.6</ele>
      </trkpt>
      <trkpt lat="30.05171" lon="-96.33202">
        <ele>123.8</ele>
      </trkpt>
      <trkpt lat="30.05187" lon="-96.3321799">
        <ele>123.3</ele>
      </trkpt>
      <trkpt lat="30.05197" lon="-96.33227">
        <ele>122.8</ele>
      </trkpt>
      <trkpt lat="30.05198" lon="-96.33228">
        <ele>122.7</ele>
      </trkpt>
      <trkpt lat="30.05241" lon="-96.3326699">
        <ele>122.0</ele>
      </trkpt>
      <trkpt lat="30.05267" lon="-96.33291">
        <ele>121.9</ele>
      </trkpt>
      <trkpt lat="30.05277" lon="-96.333">
        <ele>121.9</ele>
      </trkpt>
      <trkpt lat="30.05283" lon="-96.33305">
        <ele>121.9</ele>
      </trkpt>
      <trkpt lat="30.05295" lon="-96.33317">
        <ele>121.9</ele>
      </trkpt>
      <trkpt lat="30.05297" lon="-96.33318">
        <ele>121.9</ele>
      </trkpt>
      <trkpt lat="30.05307" lon="-96.33328">
        <ele>121.8</ele>
      </trkpt>
      <trkpt lat="30.05311" lon="-96.33331">
        <ele>121.9</ele>
      </trkpt>
      <trkpt lat="30.05324" lon="-96.33343">
        <ele>121.9</ele>
      </trkpt>
      <trkpt lat="30.05334" lon="-96.3335199">
        <ele>121.7</ele>
      </trkpt>
      <trkpt lat="30.05355" lon="-96.33373">
        <ele>121.2</ele>
      </trkpt>
      <trkpt lat="30.05375" lon="-96.33395">
        <ele>121.2</ele>
      </trkpt>
      <trkpt lat="30.05381" lon="-96.33402">
        <ele>121.2</ele>
      </trkpt>
      <trkpt lat="30.05394" lon="-96.33417">
        <ele>121.1</ele>
      </trkpt>
      <trkpt lat="30.05409" lon="-96.3344">
        <ele>120.6</ele>
      </trkpt>
      <trkpt lat="30.05422" lon="-96.33461">
        <ele>119.8</ele>
      </trkpt>
      <trkpt lat="30.05436" lon="-96.33484">
        <ele>119.5</ele>
      </trkpt>
      <trkpt lat="30.05441" lon="-96.33495">
        <ele>120.5</ele>
      </trkpt>
      <trkpt lat="30.05446" lon="-96.33502">
        <ele>121.2</ele>
      </trkpt>
      <trkpt lat="30.05467" lon="-96.33539">
        <ele>122.5</ele>
      </trkpt>
      <trkpt lat="30.05475" lon="-96.33554">
        <ele>123.2</ele>
      </trkpt>
      <trkpt lat="30.05495" lon="-96.33589">
        <ele>125.2</ele>
      </trkpt>
      <trkpt lat="30.05501" lon="-96.336">
        <ele>125.4</ele>
      </trkpt>
      <trkpt lat="30.05514" lon="-96.33624">
        <ele>125.1</ele>
      </trkpt>
      <trkpt lat="30.05528" lon="-96.33648">
        <ele>123.6</ele>
      </trkpt>
      <trkpt lat="30.0554" lon="-96.3366999">
        <ele>122.3</ele>
      </trkpt>
      <trkpt lat="30.05558" lon="-96.33702">
        <ele>120.8</ele>
      </trkpt>
      <trkpt lat="30.05567" lon="-96.33717">
        <ele>120.1</ele>
      </trkpt>
      <trkpt lat="30.05584" lon="-96.33747">
        <ele>118.8</ele>
      </trkpt>
      <trkpt lat="30.05592" lon="-96.33758">
        <ele>117.8</ele>
      </trkpt>
      <trkpt lat="30.05602" lon="-96.3377">
        <ele>116.6</ele>
      </trkpt>
      <trkpt lat="30.05613" lon="-96.3378">
        <ele>115.8</ele>
      </trkpt>
      <trkpt lat="30.05619" lon="-96.33784">
        <ele>115.6</ele>
      </trkpt>
      <trkpt lat="30.05627" lon="-96.33788">
        <ele>115.2</ele>
      </trkpt>
      <trkpt lat="30.05631" lon="-96.3379099">
        <ele>114.9</ele>
      </trkpt>
      <trkpt lat="30.05633" lon="-96.33792">
        <ele>114.8</ele>
      </trkpt>
      <trkpt lat="30.05643" lon="-96.33795">
        <ele>114.3</ele>
      </trkpt>
      <trkpt lat="30.05649" lon="-96.33796">
        <ele>114.0</ele>
      </trkpt>
      <trkpt lat="30.05653" lon="-96.33797">
        <ele>113.8</ele>
      </trkpt>
      <trkpt lat="30.05663" lon="-96.33798">
        <ele>113.5</ele>
      </trkpt>
      <trkpt lat="30.05667" lon="-96.33798">
        <ele>113.4</ele>
      </trkpt>
      <trkpt lat="30.05679" lon="-96.33797">
        <ele>113.0</ele>
      </trkpt>
      <trkpt lat="30.05689" lon="-96.33796">
        <ele>112.9</ele>
      </trkpt>
      <trkpt lat="30.05702" lon="-96.33793">
        <ele>112.9</ele>
      </trkpt>
      <trkpt lat="30.05702" lon="-96.33793">
        <ele>112.9</ele>
      </trkpt>
      <trkpt lat="30.05715" lon="-96.33852">
        <ele>111.0</ele>
      </trkpt>
      <trkpt lat="30.05716" lon="-96.33854">
        <ele>110.8</ele>
      </trkpt>
      <trkpt lat="30.05718" lon="-96.33866">
        <ele>110.0</ele>
      </trkpt>
      <trkpt lat="30.0572" lon="-96.33872">
        <ele>109.7</ele>
      </trkpt>
      <trkpt lat="30.05726" lon="-96.33906">
        <ele>109.5</ele>
      </trkpt>
      <trkpt lat="30.05731" lon="-96.33936">
        <ele>108.6</ele>
      </trkpt>
      <trkpt lat="30.05734" lon="-96.33963">
        <ele>107.5</ele>
      </trkpt>
      <trkpt lat="30.05735" lon="-96.33984">
        <ele>107.0</ele>
      </trkpt>
      <trkpt lat="30.05735" lon="-96.33995">
        <ele>106.8</ele>
      </trkpt>
      <trkpt lat="30.05735" lon="-96.3399699">
        <ele>106.7</ele>
      </trkpt>
      <trkpt lat="30.05735" lon="-96.3400599">
        <ele>106.6</ele>
      </trkpt>
      <trkpt lat="30.05734" lon="-96.34016">
        <ele>106.2</ele>
      </trkpt>
      <trkpt lat="30.05733" lon="-96.34029">
        <ele>105.7</ele>
      </trkpt>
      <trkpt lat="30.0573" lon="-96.34056">
        <ele>104.7</ele>
      </trkpt>
      <trkpt lat="30.05726" lon="-96.34075">
        <ele>104.3</ele>
      </trkpt>
      <trkpt lat="30.05725" lon="-96.34078">
        <ele>104.2</ele>
      </trkpt>
      <trkpt lat="30.05725" lon="-96.34079">
        <ele>104.2</ele>
      </trkpt>
      <trkpt lat="30.05723" lon="-96.3409">
        <ele>103.9</ele>
      </trkpt>
      <trkpt lat="30.0572" lon="-96.34099">
        <ele>103.5</ele>
      </trkpt>
      <trkpt lat="30.05715" lon="-96.34116">
        <ele>103.1</ele>
      </trkpt>
      <trkpt lat="30.05714" lon="-96.34119">
        <ele>103.1</ele>
      </trkpt>
      <trkpt lat="30.05711" lon="-96.34127">
        <ele>103.0</ele>
      </trkpt>
      <trkpt lat="30.05709" lon="-96.34133">
        <ele>103.0</ele>
      </trkpt>
      <trkpt lat="30.05704" lon="-96.34146">
        <ele>102.9</ele>
      </trkpt>
      <trkpt lat="30.05698" lon="-96.34159">
        <ele>102.9</ele>
      </trkpt>
      <trkpt lat="30.0569" lon="-96.3417599">
        <ele>102.9</ele>
      </trkpt>
      <trkpt lat="30.05679" lon="-96.34195">
        <ele>102.5</ele>
      </trkpt>
      <trkpt lat="30.0567" lon="-96.34209">
        <ele>102.0</ele>
      </trkpt>
      <trkpt lat="30.05658" lon="-96.34228">
        <ele>101.4</ele>
      </trkpt>
      <trkpt lat="30.05638" lon="-96.34258">
        <ele>101.2</ele>
      </trkpt>
      <trkpt lat="30.0562" lon="-96.34284">
        <ele>101.1</ele>
      </trkpt>
      <trkpt lat="30.05617" lon="-96.34289">
        <ele>101.0</ele>
      </trkpt>
      <trkpt lat="30.05593" lon="-96.34324">
        <ele>100.3</ele>
      </trkpt>
      <trkpt lat="30.05586" lon="-96.34333">
        <ele>100.2</ele>
      </trkpt>
      <trkpt lat="30.05575" lon="-96.34348">
        <ele>99.7</ele>
      </trkpt>
      <trkpt lat="30.0556" lon="-96.34371">
        <ele>98.5</ele>
      </trkpt>
      <trkpt lat="30.05538" lon="-96.34403">
        <ele>98.1</ele>
      </trkpt>
      <trkpt lat="30.05534" lon="-96.34409">
        <ele>98.0</ele>
      </trkpt>
      <trkpt lat="30.05521" lon="-96.34428">
        <ele>98.0</ele>
      </trkpt>
      <trkpt lat="30.05516" lon="-96.34437">
        <ele>97.9</ele>
      </trkpt>
      <trkpt lat="30.05506" lon="-96.34454">
        <ele>97.8</ele>
      </trkpt>
      <trkpt lat="30.05494" lon="-96.34478">
        <ele>97.6</ele>
      </trkpt>
      <trkpt lat="30.0549" lon="-96.3449">
        <ele>97.6</ele>
      </trkpt>
      <trkpt lat="30.05483" lon="-96.34509">
        <ele>97.6</ele>
      </trkpt>
      <trkpt lat="30.05482" lon="-96.3451">
        <ele>97.6</ele>
      </trkpt>
      <trkpt lat="30.05479" lon="-96.34524">
        <ele>97.6</ele>
      </trkpt>
      <trkpt lat="30.05473" lon="-96.34548">
        <ele>96.5</ele>
      </trkpt>
      <trkpt lat="30.0547" lon="-96.34573">
        <ele>95.2</ele>
      </trkpt>
      <trkpt lat="30.05468" lon="-96.34595">
        <ele>94.4</ele>
      </trkpt>
      <trkpt lat="30.05466" lon="-96.34636">
        <ele>94.9</ele>
      </trkpt>
      <trkpt lat="30.05464" lon="-96.34658">
        <ele>97.3</ele>
      </trkpt>
      <trkpt lat="30.05464" lon="-96.34671">
        <ele>98.7</ele>
      </trkpt>
      <trkpt lat="30.0546" lon="-96.34698">
        <ele>100.7</ele>
      </trkpt>
      <trkpt lat="30.05456" lon="-96.3472">
        <ele>101.3</ele>
      </trkpt>
      <trkpt lat="30.05456" lon="-96.3472">
        <ele>101.3</ele>
      </trkpt>
      <trkpt lat="30.05465" lon="-96.34725">
        <ele>101.4</ele>
      </trkpt>
      <trkpt lat="30.05478" lon="-96.34729">
        <ele>101.7</ele>
      </trkpt>
      <trkpt lat="30.05479" lon="-96.34729">
        <ele>101.7</ele>
      </trkpt>
      <trkpt lat="30.0549" lon="-96.34732">
        <ele>102.0</ele>
      </trkpt>
      <trkpt lat="30.05495" lon="-96.34732">
        <ele>102.1</ele>
      </trkpt>
      <trkpt lat="30.05497" lon="-96.34732">
        <ele>102.1</ele>
      </trkpt>
      <trkpt lat="30.05499" lon="-96.34732">
        <ele>102.1</ele>
      </trkpt>
      <trkpt lat="30.05516" lon="-96.34726">
        <ele>102.1</ele>
      </trkpt>
      <trkpt lat="30.05525" lon="-96.34719">
        <ele>101.8</ele>
      </trkpt>
      <trkpt lat="30.05533" lon="-96.34711">
        <ele>101.5</ele>
      </trkpt>
      <trkpt lat="30.05541" lon="-96.34702">
        <ele>101.0</ele>
      </trkpt>
      <trkpt lat="30.05542" lon="-96.34701">
        <ele>100.9</ele>
      </trkpt>
      <trkpt lat="30.05555" lon="-96.34686">
        <ele>99.9</ele>
      </trkpt>
      <trkpt lat="30.05557" lon="-96.34684">
        <ele>99.8</ele>
      </trkpt>
      <trkpt lat="30.05564" lon="-96.34679">
        <ele>99.5</ele>
      </trkpt>
      <trkpt lat="30.0557" lon="-96.34676">
        <ele>99.3</ele>
      </trkpt>
      <trkpt lat="30.05577" lon="-96.3467299">
        <ele>99.1</ele>
      </trkpt>
      <trkpt lat="30.05614" lon="-96.34674">
        <ele>99.0</ele>
      </trkpt>
      <trkpt lat="30.05701" lon="-96.3468199">
        <ele>98.1</ele>
      </trkpt>
      <trkpt lat="30.05724" lon="-96.34686">
        <ele>98.4</ele>
      </trkpt>
      <trkpt lat="30.05748" lon="-96.34695">
        <ele>98.2</ele>
      </trkpt>
      <trkpt lat="30.05756" lon="-96.34698">
        <ele>98.2</ele>
      </trkpt>
      <trkpt lat="30.05798" lon="-96.34717">
        <ele>98.4</ele>
      </trkpt>
      <trkpt lat="30.05912" lon="-96.34772">
        <ele>101.0</ele>
      </trkpt>
      <trkpt lat="30.05932" lon="-96.34778">
        <ele>100.8</ele>
      </trkpt>
      <trkpt lat="30.05951" lon="-96.34784">
        <ele>101.0</ele>
      </trkpt>
      <trkpt lat="30.06006" lon="-96.34798">
        <ele>101.5</ele>
      </trkpt>
      <trkpt lat="30.06029" lon="-96.34809">
        <ele>101.7</ele>
      </trkpt>
      <trkpt lat="30.06043" lon="-96.34817">
        <ele>102.0</ele>
      </trkpt>
      <trkpt lat="30.06045" lon="-96.34819">
        <ele>102.1</ele>
      </trkpt>
      <trkpt lat="30.06053" lon="-96.34826">
        <ele>102.4</ele>
      </trkpt>
      <trkpt lat="30.06081" lon="-96.34854">
        <ele>103.9</ele>
      </trkpt>
      <trkpt lat="30.06096" lon="-96.34871">
        <ele>104.1</ele>
      </trkpt>
      <trkpt lat="30.06103" lon="-96.34878">
        <ele>104.1</ele>
      </trkpt>
      <trkpt lat="30.06146" lon="-96.3492">
        <ele>104.3</ele>
      </trkpt>
      <trkpt lat="30.06171" lon="-96.3494599">
        <ele>104.4</ele>
      </trkpt>
      <trkpt lat="30.06182" lon="-96.34953">
        <ele>104.3</ele>
      </trkpt>
      <trkpt lat="30.06183" lon="-96.34954">
        <ele>104.2</ele>
      </trkpt>
      <trkpt lat="30.06205" lon="-96.34966">
        <ele>104.5</ele>
      </trkpt>
      <trkpt lat="30.06213" lon="-96.34969">
        <ele>104.6</ele>
      </trkpt>
      <trkpt lat="30.06248" lon="-96.3498199">
        <ele>105.9</ele>
      </trkpt>
      <trkpt lat="30.06249" lon="-96.34983">
        <ele>105.9</ele>
      </trkpt>
      <trkpt lat="30.06292" lon="-96.34997">
        <ele>106.8</ele>
      </trkpt>
      <trkpt lat="30.06308" lon="-96.35002">
        <ele>106.9</ele>
      </trkpt>
      <trkpt lat="30.06335" lon="-96.3501">
        <ele>107.7</ele>
      </trkpt>
      <trkpt lat="30.06339" lon="-96.35012">
        <ele>107.9</ele>
      </trkpt>
      <trkpt lat="30.06375" lon="-96.35023">
        <ele>109.1</ele>
      </trkpt>
      <trkpt lat="30.06378" lon="-96.35024">
        <ele>109.2</ele>
      </trkpt>
      <trkpt lat="30.06391" lon="-96.35029">
        <ele>109.4</ele>
      </trkpt>
      <trkpt lat="30.06404" lon="-96.3503099">
        <ele>109.6</ele>
      </trkpt>
      <trkpt lat="30.06411" lon="-96.3503099">
        <ele>109.8</ele>
      </trkpt>
      <trkpt lat="30.06416" lon="-96.35029">
        <ele>109.8</ele>
      </trkpt>
      <trkpt lat="30.06423" lon="-96.35023">
        <ele>110.0</ele>
      </trkpt>
      <trkpt lat="30.06492" lon="-96.3495">
        <ele>111.5</ele>
      </trkpt>
      <trkpt lat="30.06561" lon="-96.34876">
        <ele>112.1</ele>
      </trkpt>
      <trkpt lat="30.06583" lon="-96.34853">
        <ele>112.2</ele>
      </trkpt>
      <trkpt lat="30.06589" lon="-96.34848">
        <ele>112.3</ele>
      </trkpt>
      <trkpt lat="30.06594" lon="-96.34845">
        <ele>112.5</ele>
      </trkpt>
      <trkpt lat="30.06602" lon="-96.34844">
        <ele>112.7</ele>
      </trkpt>
      <trkpt lat="30.06615" lon="-96.34845">
        <ele>113.1</ele>
      </trkpt>
      <trkpt lat="30.06622" lon="-96.34848">
        <ele>113.2</ele>
      </trkpt>
      <trkpt lat="30.06624" lon="-96.34849">
        <ele>113.3</ele>
      </trkpt>
      <trkpt lat="30.06632" lon="-96.34857">
        <ele>113.6</ele>
      </trkpt>
      <trkpt lat="30.06684" lon="-96.34924">
        <ele>115.4</ele>
      </trkpt>
      <trkpt lat="30.06696" lon="-96.3494">
        <ele>115.8</ele>
      </trkpt>
      <trkpt lat="30.06732" lon="-96.34985">
        <ele>116.5</ele>
      </trkpt>
      <trkpt lat="30.06791" lon="-96.3506">
        <ele>116.5</ele>
      </trkpt>
      <trkpt lat="30.06812" lon="-96.35089">
        <ele>116.1</ele>
      </trkpt>
      <trkpt lat="30.0682" lon="-96.351">
        <ele>116.0</ele>
      </trkpt>
      <trkpt lat="30.0682" lon="-96.351">
        <ele>116.0</ele>
      </trkpt>
      <trkpt lat="30.06781" lon="-96.35155">
        <ele>114.9</ele>
      </trkpt>
      <trkpt lat="30.06713" lon="-96.35252">
        <ele>112.0</ele>
      </trkpt>
      <trkpt lat="30.06683" lon="-96.35293">
        <ele>111.2</ele>
      </trkpt>
      <trkpt lat="30.06644" lon="-96.3535">
        <ele>110.8</ele>
      </trkpt>
      <trkpt lat="30.06587" lon="-96.3543">
        <ele>110.7</ele>
      </trkpt>
      <trkpt lat="30.06562" lon="-96.35465">
        <ele>109.5</ele>
      </trkpt>
      <trkpt lat="30.0656" lon="-96.35469">
        <ele>109.4</ele>
      </trkpt>
      <trkpt lat="30.06559" lon="-96.35479">
        <ele>109.0</ele>
      </trkpt>
      <trkpt lat="30.0656" lon="-96.35486">
        <ele>108.8</ele>
      </trkpt>
      <trkpt lat="30.06565" lon="-96.35496">
        <ele>108.5</ele>
      </trkpt>
      <trkpt lat="30.0658" lon="-96.35514">
        <ele>107.6</ele>
      </trkpt>
      <trkpt lat="30.06598" lon="-96.35536">
        <ele>106.5</ele>
      </trkpt>
      <trkpt lat="30.06617" lon="-96.3556">
        <ele>105.2</ele>
      </trkpt>
      <trkpt lat="30.06632" lon="-96.3558">
        <ele>104.1</ele>
      </trkpt>
      <trkpt lat="30.0664" lon="-96.3559">
        <ele>103.7</ele>
      </trkpt>
      <trkpt lat="30.06659" lon="-96.35614">
        <ele>102.9</ele>
      </trkpt>
      <trkpt lat="30.06664" lon="-96.3562199">
        <ele>102.7</ele>
      </trkpt>
      <trkpt lat="30.06675" lon="-96.35638">
        <ele>102.2</ele>
      </trkpt>
      <trkpt lat="30.06689" lon="-96.35666">
        <ele>101.4</ele>
      </trkpt>
      <trkpt lat="30.06693" lon="-96.35674">
        <ele>101.2</ele>
      </trkpt>
      <trkpt lat="30.06708" lon="-96.35704">
        <ele>100.1</ele>
      </trkpt>
      <trkpt lat="30.06713" lon="-96.35717">
        <ele>99.6</ele>
      </trkpt>
      <trkpt lat="30.06715" lon="-96.3573">
        <ele>99.1</ele>
      </trkpt>
      <trkpt lat="30.06713" lon="-96.35745">
        <ele>99.0</ele>
      </trkpt>
      <trkpt lat="30.06704" lon="-96.35808">
        <ele>99.1</ele>
      </trkpt>
      <trkpt lat="30.06699" lon="-96.3583699">
        <ele>98.5</ele>
      </trkpt>
      <trkpt lat="30.06695" lon="-96.35849">
        <ele>98.7</ele>
      </trkpt>
      <trkpt lat="30.06693" lon="-96.35851">
        <ele>98.8</ele>
      </trkpt>
      <trkpt lat="30.06689" lon="-96.35857">
        <ele>99.0</ele>
      </trkpt>
      <trkpt lat="30.06661" lon="-96.3589">
        <ele>99.0</ele>
      </trkpt>
      <trkpt lat="30.06655" lon="-96.35896">
        <ele>99.1</ele>
      </trkpt>
      <trkpt lat="30.06641" lon="-96.35911">
        <ele>100.5</ele>
      </trkpt>
      <trkpt lat="30.06639" lon="-96.35915">
        <ele>100.7</ele>
      </trkpt>
      <trkpt lat="30.06637" lon="-96.3592">
        <ele>101.0</ele>
      </trkpt>
      <trkpt lat="30.06637" lon="-96.35923">
        <ele>101.2</ele>
      </trkpt>
      <trkpt lat="30.06637" lon="-96.35925">
        <ele>101.2</ele>
      </trkpt>
      <trkpt lat="30.06637" lon="-96.35928">
        <ele>101.4</ele>
      </trkpt>
      <trkpt lat="30.0664" lon="-96.35935">
        <ele>101.5</ele>
      </trkpt>
      <trkpt lat="30.06648" lon="-96.35948">
        <ele>101.4</ele>
      </trkpt>
      <trkpt lat="30.06649" lon="-96.3595">
        <ele>101.4</ele>
      </trkpt>
      <trkpt lat="30.06669" lon="-96.35974">
        <ele>100.1</ele>
      </trkpt>
      <trkpt lat="30.06681" lon="-96.3598899">
        <ele>99.0</ele>
      </trkpt>
      <trkpt lat="30.06743" lon="-96.36064">
        <ele>93.7</ele>
      </trkpt>
      <trkpt lat="30.06753" lon="-96.36076">
        <ele>92.7</ele>
      </trkpt>
      <trkpt lat="30.06766" lon="-96.36096">
        <ele>90.6</ele>
      </trkpt>
      <trkpt lat="30.06771" lon="-96.36104">
        <ele>89.5</ele>
      </trkpt>
      <trkpt lat="30.06774" lon="-96.36113">
        <ele>88.8</ele>
      </trkpt>
      <trkpt lat="30.06775" lon="-96.36122">
        <ele>88.6</ele>
      </trkpt>
      <trkpt lat="30.06773" lon="-96.36135">
        <ele>88.7</ele>
      </trkpt>
      <trkpt lat="30.06772" lon="-96.3614">
        <ele>88.7</ele>
      </trkpt>
      <trkpt lat="30.06742" lon="-96.36201">
        <ele>86.9</ele>
      </trkpt>
      <trkpt lat="30.06707" lon="-96.36282">
        <ele>85.9</ele>
      </trkpt>
      <trkpt lat="30.06691" lon="-96.36319">
        <ele>86.3</ele>
      </trkpt>
      <trkpt lat="30.06679" lon="-96.3634299">
        <ele>87.5</ele>
      </trkpt>
      <trkpt lat="30.06666" lon="-96.36363">
        <ele>87.6</ele>
      </trkpt>
      <trkpt lat="30.06653" lon="-96.36376">
        <ele>87.7</ele>
      </trkpt>
      <trkpt lat="30.06641" lon="-96.36385">
        <ele>88.3</ele>
      </trkpt>
      <trkpt lat="30.06633" lon="-96.36391">
        <ele>88.8</ele>
      </trkpt>
      <trkpt lat="30.06572" lon="-96.36432">
        <ele>88.5</ele>
      </trkpt>
      <trkpt lat="30.06569" lon="-96.36434">
        <ele>88.5</ele>
      </trkpt>
      <trkpt lat="30.06561" lon="-96.3644">
        <ele>88.4</ele>
      </trkpt>
      <trkpt lat="30.06524" lon="-96.36467">
        <ele>87.2</ele>
      </trkpt>
      <trkpt lat="30.06466" lon="-96.36509">
        <ele>85.6</ele>
      </trkpt>
      <trkpt lat="30.06452" lon="-96.36523">
        <ele>84.7</ele>
      </trkpt>
      <trkpt lat="30.06443" lon="-96.36533">
        <ele>82.4</ele>
      </trkpt>
      <trkpt lat="30.0644" lon="-96.36535">
        <ele>82.3</ele>
      </trkpt>
      <trkpt lat="30.06428" lon="-96.36556">
        <ele>85.2</ele>
      </trkpt>
      <trkpt lat="30.06418" lon="-96.36573">
        <ele>86.1</ele>
      </trkpt>
      <trkpt lat="30.06401" lon="-96.36603">
        <ele>86.4</ele>
      </trkpt>
      <trkpt lat="30.064" lon="-96.36605">
        <ele>86.5</ele>
      </trkpt>
      <trkpt lat="30.06396" lon="-96.36615">
        <ele>86.6</ele>
      </trkpt>
      <trkpt lat="30.06378" lon="-96.36662">
        <ele>86.9</ele>
      </trkpt>
      <trkpt lat="30.06375" lon="-96.36668">
        <ele>86.8</ele>
      </trkpt>
      <trkpt lat="30.06347" lon="-96.36741">
        <ele>86.5</ele>
      </trkpt>
      <trkpt lat="30.06338" lon="-96.36763">
        <ele>85.7</ele>
      </trkpt>
      <trkpt lat="30.06326" lon="-96.36794">
        <ele>84.8</ele>
      </trkpt>
      <trkpt lat="30.06312" lon="-96.36825">
        <ele>83.8</ele>
      </trkpt>
      <trkpt lat="30.06299" lon="-96.36857">
        <ele>84.7</ele>
      </trkpt>
      <trkpt lat="30.06294" lon="-96.36867">
        <ele>84.8</ele>
      </trkpt>
      <trkpt lat="30.06261" lon="-96.36937">
        <ele>84.4</ele>
      </trkpt>
      <trkpt lat="30.0626" lon="-96.36939">
        <ele>84.3</ele>
      </trkpt>
      <trkpt lat="30.06222" lon="-96.3700999">
        <ele>83.9</ele>
      </trkpt>
      <trkpt lat="30.06215" lon="-96.37024">
        <ele>84.5</ele>
      </trkpt>
      <trkpt lat="30.06192" lon="-96.37062">
        <ele>85.6</ele>
      </trkpt>
      <trkpt lat="30.06191" lon="-96.37064">
        <ele>85.7</ele>
      </trkpt>
      <trkpt lat="30.06184" lon="-96.37072">
        <ele>85.5</ele>
      </trkpt>
      <trkpt lat="30.06175" lon="-96.37084">
        <ele>85.5</ele>
      </trkpt>
      <trkpt lat="30.06166" lon="-96.37091">
        <ele>85.0</ele>
      </trkpt>
      <trkpt lat="30.06161" lon="-96.3709499">
        <ele>84.3</ele>
      </trkpt>
      <trkpt lat="30.06145" lon="-96.37106">
        <ele>82.6</ele>
      </trkpt>
      <trkpt lat="30.06129" lon="-96.37118">
        <ele>81.8</ele>
      </trkpt>
      <trkpt lat="30.06122" lon="-96.37124">
        <ele>81.8</ele>
      </trkpt>
      <trkpt lat="30.06121" lon="-96.37125">
        <ele>81.8</ele>
      </trkpt>
      <trkpt lat="30.06106" lon="-96.37143">
        <ele>81.3</ele>
      </trkpt>
      <trkpt lat="30.06097" lon="-96.37156">
        <ele>81.2</ele>
      </trkpt>
      <trkpt lat="30.06089" lon="-96.37168">
        <ele>81.0</ele>
      </trkpt>
      <trkpt lat="30.0608" lon="-96.37187">
        <ele>80.7</ele>
      </trkpt>
      <trkpt lat="30.0607" lon="-96.37221">
        <ele>80.3</ele>
      </trkpt>
      <trkpt lat="30.06062" lon="-96.37253">
        <ele>80.0</ele>
      </trkpt>
      <trkpt lat="30.06059" lon="-96.37275">
        <ele>79.9</ele>
      </trkpt>
      <trkpt lat="30.06058" lon="-96.3729199">
        <ele>79.9</ele>
      </trkpt>
      <trkpt lat="30.06059" lon="-96.37308">
        <ele>79.9</ele>
      </trkpt>
      <trkpt lat="30.06061" lon="-96.37333">
        <ele>79.9</ele>
      </trkpt>
      <trkpt lat="30.06062" lon="-96.3734">
        <ele>79.9</ele>
      </trkpt>
      <trkpt lat="30.06068" lon="-96.3738599">
        <ele>80.0</ele>
      </trkpt>
      <trkpt lat="30.0607" lon="-96.3742199">
        <ele>79.6</ele>
      </trkpt>
      <trkpt lat="30.06069" lon="-96.3743">
        <ele>79.4</ele>
      </trkpt>
      <trkpt lat="30.06068" lon="-96.37433">
        <ele>79.3</ele>
      </trkpt>
      <trkpt lat="30.06059" lon="-96.37449">
        <ele>79.0</ele>
      </trkpt>
      <trkpt lat="30.06048" lon="-96.37461">
        <ele>78.7</ele>
      </trkpt>
      <trkpt lat="30.05997" lon="-96.37509">
        <ele>77.4</ele>
      </trkpt>
      <trkpt lat="30.05963" lon="-96.37552">
        <ele>76.6</ele>
      </trkpt>
      <trkpt lat="30.05952" lon="-96.3757399">
        <ele>76.7</ele>
      </trkpt>
      <trkpt lat="30.0595" lon="-96.37581">
        <ele>76.8</ele>
      </trkpt>
      <trkpt lat="30.05935" lon="-96.37627">
        <ele>77.9</ele>
      </trkpt>
      <trkpt lat="30.05904" lon="-96.37724">
        <ele>79.4</ele>
      </trkpt>
      <trkpt lat="30.05877" lon="-96.37804">
        <ele>79.3</ele>
      </trkpt>
      <trkpt lat="30.05875" lon="-96.37808">
        <ele>79.3</ele>
      </trkpt>
      <trkpt lat="30.0587" lon="-96.37813">
        <ele>79.1</ele>
      </trkpt>
      <trkpt lat="30.05851" lon="-96.37828">
        <ele>78.8</ele>
      </trkpt>
      <trkpt lat="30.05748" lon="-96.37911">
        <ele>77.6</ele>
      </trkpt>
      <trkpt lat="30.05747" lon="-96.37912">
        <ele>77.6</ele>
      </trkpt>
      <trkpt lat="30.05729" lon="-96.37925">
        <ele>77.8</ele>
      </trkpt>
      <trkpt lat="30.05702" lon="-96.37947">
        <ele>78.0</ele>
      </trkpt>
      <trkpt lat="30.05702" lon="-96.37947">
        <ele>78.0</ele>
      </trkpt>
      <trkpt lat="30.05723" lon="-96.37974">
        <ele>79.4</ele>
      </trkpt>
      <trkpt lat="30.05751" lon="-96.38008">
        <ele>82.7</ele>
      </trkpt>
      <trkpt lat="30.05776" lon="-96.38038">
        <ele>82.8</ele>
      </trkpt>
      <trkpt lat="30.05802" lon="-96.3807">
        <ele>81.8</ele>
      </trkpt>
      <trkpt lat="30.05802" lon="-96.3807">
        <ele>81.8</ele>
      </trkpt>
      <trkpt lat="30.05787" lon="-96.38083">
        <ele>80.6</ele>
      </trkpt>
      <trkpt lat="30.05763" lon="-96.38108">
        <ele>79.2</ele>
      </trkpt>
      <trkpt lat="30.05761" lon="-96.3811">
        <ele>79.1</ele>
      </trkpt>
      <trkpt lat="30.05751" lon="-96.38121">
        <ele>78.7</ele>
      </trkpt>
      <trkpt lat="30.05747" lon="-96.38126">
        <ele>78.6</ele>
      </trkpt>
      <trkpt lat="30.05721" lon="-96.38153">
        <ele>79.4</ele>
      </trkpt>
      <trkpt lat="30.05615" lon="-96.38264">
        <ele>81.5</ele>
      </trkpt>
      <trkpt lat="30.05548" lon="-96.38334">
        <ele>84.1</ele>
      </trkpt>
      <trkpt lat="30.05528" lon="-96.38355">
        <ele>84.5</ele>
      </trkpt>
      <trkpt lat="30.05508" lon="-96.38376">
        <ele>84.7</ele>
      </trkpt>
      <trkpt lat="30.05481" lon="-96.38403">
        <ele>84.6</ele>
      </trkpt>
      <trkpt lat="30.05428" lon="-96.38458">
        <ele>82.2</ele>
      </trkpt>
      <trkpt lat="30.05427" lon="-96.38459">
        <ele>82.1</ele>
      </trkpt>
      <trkpt lat="30.05401" lon="-96.38487">
        <ele>80.8</ele>
      </trkpt>
      <trkpt lat="30.05397" lon="-96.38491">
        <ele>81.0</ele>
      </trkpt>
      <trkpt lat="30.05361" lon="-96.38529">
        <ele>85.8</ele>
      </trkpt>
      <trkpt lat="30.05294" lon="-96.38599">
        <ele>93.0</ele>
      </trkpt>
      <trkpt lat="30.05268" lon="-96.38627">
        <ele>95.1</ele>
      </trkpt>
      <trkpt lat="30.05241" lon="-96.38655">
        <ele>96.7</ele>
      </trkpt>
      <trkpt lat="30.05228" lon="-96.38669">
        <ele>96.4</ele>
      </trkpt>
      <trkpt lat="30.05227" lon="-96.38669">
        <ele>96.3</ele>
      </trkpt>
      <trkpt lat="30.05226" lon="-96.3867099">
        <ele>96.3</ele>
      </trkpt>
      <trkpt lat="30.05208" lon="-96.38693">
        <ele>95.2</ele>
      </trkpt>
      <trkpt lat="30.05204" lon="-96.38696">
        <ele>94.9</ele>
      </trkpt>
      <trkpt lat="30.05198" lon="-96.38699">
        <ele>94.4</ele>
      </trkpt>
      <trkpt lat="30.05194" lon="-96.38701">
        <ele>94.0</ele>
      </trkpt>
      <trkpt lat="30.05191" lon="-96.38702">
        <ele>93.7</ele>
      </trkpt>
      <trkpt lat="30.05188" lon="-96.38702">
        <ele>93.3</ele>
      </trkpt>
      <trkpt lat="30.05185" lon="-96.38702">
        <ele>93.0</ele>
      </trkpt>
      <trkpt lat="30.05182" lon="-96.38702">
        <ele>92.7</ele>
      </trkpt>
      <trkpt lat="30.05179" lon="-96.387">
        <ele>92.4</ele>
      </trkpt>
      <trkpt lat="30.05177" lon="-96.38698">
        <ele>92.1</ele>
      </trkpt>
      <trkpt lat="30.05174" lon="-96.38695">
        <ele>91.9</ele>
      </trkpt>
      <trkpt lat="30.0517" lon="-96.3869">
        <ele>91.5</ele>
      </trkpt>
      <trkpt lat="30.05145" lon="-96.3866">
        <ele>89.3</ele>
      </trkpt>
      <trkpt lat="30.05119" lon="-96.38628">
        <ele>86.1</ele>
      </trkpt>
      <trkpt lat="30.0509" lon="-96.38591">
        <ele>81.4</ele>
      </trkpt>
      <trkpt lat="30.05075" lon="-96.38575">
        <ele>79.2</ele>
      </trkpt>
      <trkpt lat="30.05069" lon="-96.38571">
        <ele>78.5</ele>
      </trkpt>
      <trkpt lat="30.05052" lon="-96.3856">
        <ele>76.6</ele>
      </trkpt>
      <trkpt lat="30.05037" lon="-96.38553">
        <ele>75.4</ele>
      </trkpt>
      <trkpt lat="30.05024" lon="-96.38546">
        <ele>74.6</ele>
      </trkpt>
      <trkpt lat="30.05008" lon="-96.3854099">
        <ele>74.1</ele>
      </trkpt>
      <trkpt lat="30.05003" lon="-96.3854">
        <ele>74.1</ele>
      </trkpt>
      <trkpt lat="30.05002" lon="-96.3854">
        <ele>74.1</ele>
      </trkpt>
      <trkpt lat="30.04987" lon="-96.38539">
        <ele>74.0</ele>
      </trkpt>
      <trkpt lat="30.04985" lon="-96.38539">
        <ele>74.1</ele>
      </trkpt>
      <trkpt lat="30.04963" lon="-96.3854">
        <ele>74.3</ele>
      </trkpt>
      <trkpt lat="30.04921" lon="-96.38546">
        <ele>73.8</ele>
      </trkpt>
      <trkpt lat="30.04904" lon="-96.3854999">
        <ele>73.6</ele>
      </trkpt>
      <trkpt lat="30.04882" lon="-96.3856">
        <ele>73.8</ele>
      </trkpt>
      <trkpt lat="30.0488" lon="-96.38562">
        <ele>73.9</ele>
      </trkpt>
      <trkpt lat="30.04873" lon="-96.3857">
        <ele>74.1</ele>
      </trkpt>
      <trkpt lat="30.04789" lon="-96.38657">
        <ele>74.8</ele>
      </trkpt>
      <trkpt lat="30.04786" lon="-96.38659">
        <ele>74.7</ele>
      </trkpt>
      <trkpt lat="30.04748" lon="-96.38698">
        <ele>77.1</ele>
      </trkpt>
      <trkpt lat="30.04746" lon="-96.38701">
        <ele>77.5</ele>
      </trkpt>
      <trkpt lat="30.04735" lon="-96.38712">
        <ele>79.1</ele>
      </trkpt>
      <trkpt lat="30.04668" lon="-96.38782">
        <ele>86.0</ele>
      </trkpt>
      <trkpt lat="30.04666" lon="-96.38784">
        <ele>86.2</ele>
      </trkpt>
      <trkpt lat="30.04655" lon="-96.38796">
        <ele>86.8</ele>
      </trkpt>
      <trkpt lat="30.04647" lon="-96.38804">
        <ele>87.1</ele>
      </trkpt>
      <trkpt lat="30.04641" lon="-96.38809">
        <ele>87.2</ele>
      </trkpt>
      <trkpt lat="30.0464" lon="-96.3881">
        <ele>87.3</ele>
      </trkpt>
      <trkpt lat="30.04634" lon="-96.38813">
        <ele>87.3</ele>
      </trkpt>
      <trkpt lat="30.04632" lon="-96.38814">
        <ele>87.3</ele>
      </trkpt>
      <trkpt lat="30.0463" lon="-96.38814">
        <ele>87.3</ele>
      </trkpt>
      <trkpt lat="30.04628" lon="-96.38814">
        <ele>87.3</ele>
      </trkpt>
      <trkpt lat="30.04626" lon="-96.38813">
        <ele>87.2</ele>
      </trkpt>
      <trkpt lat="30.04623" lon="-96.38812">
        <ele>87.0</ele>
      </trkpt>
      <trkpt lat="30.0462" lon="-96.38809">
        <ele>86.8</ele>
      </trkpt>
      <trkpt lat="30.04617" lon="-96.38806">
        <ele>86.5</ele>
      </trkpt>
      <trkpt lat="30.0461" lon="-96.38799">
        <ele>85.9</ele>
      </trkpt>
      <trkpt lat="30.0459" lon="-96.38773">
        <ele>83.0</ele>
      </trkpt>
      <trkpt lat="30.04555" lon="-96.38726">
        <ele>77.4</ele>
      </trkpt>
      <trkpt lat="30.04546" lon="-96.38715">
        <ele>76.3</ele>
      </trkpt>
      <trkpt lat="30.04539" lon="-96.38706">
        <ele>75.4</ele>
      </trkpt>
      <trkpt lat="30.0453" lon="-96.38695">
        <ele>74.2</ele>
      </trkpt>
      <trkpt lat="30.04506" lon="-96.38665">
        <ele>72.6</ele>
      </trkpt>
      <trkpt lat="30.04502" lon="-96.3866">
        <ele>72.4</ele>
      </trkpt>
      <trkpt lat="30.045" lon="-96.38657">
        <ele>72.3</ele>
      </trkpt>
      <trkpt lat="30.04485" lon="-96.38637">
        <ele>71.6</ele>
      </trkpt>
      <trkpt lat="30.04474" lon="-96.38625">
        <ele>71.3</ele>
      </trkpt>
      <trkpt lat="30.04468" lon="-96.38618">
        <ele>71.2</ele>
      </trkpt>
      <trkpt lat="30.04461" lon="-96.38612">
        <ele>71.1</ele>
      </trkpt>
      <trkpt lat="30.04456" lon="-96.38609">
        <ele>71.0</ele>
      </trkpt>
      <trkpt lat="30.04454" lon="-96.38608">
        <ele>71.0</ele>
      </trkpt>
      <trkpt lat="30.04449" lon="-96.38606">
        <ele>70.9</ele>
      </trkpt>
      <trkpt lat="30.04448" lon="-96.38605">
        <ele>70.9</ele>
      </trkpt>
      <trkpt lat="30.04439" lon="-96.38603">
        <ele>70.7</ele>
      </trkpt>
      <trkpt lat="30.04419" lon="-96.386">
        <ele>70.4</ele>
      </trkpt>
      <trkpt lat="30.04383" lon="-96.38603">
        <ele>70.0</ele>
      </trkpt>
      <trkpt lat="30.04359" lon="-96.38607">
        <ele>70.0</ele>
      </trkpt>
      <trkpt lat="30.04308" lon="-96.38624">
        <ele>70.0</ele>
      </trkpt>
      <trkpt lat="30.0429" lon="-96.38622">
        <ele>70.0</ele>
      </trkpt>
      <trkpt lat="30.04271" lon="-96.38615">
        <ele>70.0</ele>
      </trkpt>
      <trkpt lat="30.04249" lon="-96.38597">
        <ele>70.0</ele>
      </trkpt>
      <trkpt lat="30.04237" lon="-96.38583">
        <ele>70.0</ele>
      </trkpt>
      <trkpt lat="30.04223" lon="-96.38571">
        <ele>70.0</ele>
      </trkpt>
      <trkpt lat="30.04191" lon="-96.38556">
        <ele>69.9</ele>
      </trkpt>
      <trkpt lat="30.04155" lon="-96.38544">
        <ele>69.8</ele>
      </trkpt>
      <trkpt lat="30.04128" lon="-96.38531">
        <ele>69.7</ele>
      </trkpt>
      <trkpt lat="30.04126" lon="-96.3853">
        <ele>69.7</ele>
      </trkpt>
      <trkpt lat="30.04047" lon="-96.38473">
        <ele>69.3</ele>
      </trkpt>
      <trkpt lat="30.04021" lon="-96.38452">
        <ele>69.0</ele>
      </trkpt>
      <trkpt lat="30.04021" lon="-96.38451">
        <ele>69.0</ele>
      </trkpt>
      <trkpt lat="30.03999" lon="-96.38433">
        <ele>68.9</ele>
      </trkpt>
      <trkpt lat="30.03988" lon="-96.38424">
        <ele>68.9</ele>
      </trkpt>
      <trkpt lat="30.03971" lon="-96.38416">
        <ele>68.8</ele>
      </trkpt>
      <trkpt lat="30.03941" lon="-96.38407">
        <ele>68.4</ele>
      </trkpt>
      <trkpt lat="30.03932" lon="-96.38405">
        <ele>68.2</ele>
      </trkpt>
      <trkpt lat="30.03925" lon="-96.38405">
        <ele>68.1</ele>
      </trkpt>
      <trkpt lat="30.03917" lon="-96.38406">
        <ele>67.9</ele>
      </trkpt>
      <trkpt lat="30.03873" lon="-96.38437">
        <ele>67.5</ele>
      </trkpt>
      <trkpt lat="30.03866" lon="-96.38443">
        <ele>67.5</ele>
      </trkpt>
      <trkpt lat="30.03862" lon="-96.38444">
        <ele>67.6</ele>
      </trkpt>
      <trkpt lat="30.03855" lon="-96.38448">
        <ele>67.6</ele>
      </trkpt>
      <trkpt lat="30.03839" lon="-96.38453">
        <ele>67.6</ele>
      </trkpt>
      <trkpt lat="30.03813" lon="-96.38453">
        <ele>67.6</ele>
      </trkpt>
      <trkpt lat="30.03772" lon="-96.38445">
        <ele>67.8</ele>
      </trkpt>
      <trkpt lat="30.03769" lon="-96.38444">
        <ele>67.8</ele>
      </trkpt>
      <trkpt lat="30.03745" lon="-96.38441">
        <ele>67.9</ele>
      </trkpt>
      <trkpt lat="30.03722" lon="-96.38441">
        <ele>68.0</ele>
      </trkpt>
      <trkpt lat="30.03705" lon="-96.38443">
        <ele>68.1</ele>
      </trkpt>
      <trkpt lat="30.0365" lon="-96.38467">
        <ele>67.8</ele>
      </trkpt>
      <trkpt lat="30.03617" lon="-96.38481">
        <ele>67.6</ele>
      </trkpt>
      <trkpt lat="30.03528" lon="-96.38517">
        <ele>67.4</ele>
      </trkpt>
      <trkpt lat="30.0352" lon="-96.38518">
        <ele>67.3</ele>
      </trkpt>
      <trkpt lat="30.03514" lon="-96.38518">
        <ele>67.3</ele>
      </trkpt>
      <trkpt lat="30.03511" lon="-96.38517">
        <ele>67.3</ele>
      </trkpt>
      <trkpt lat="30.03507" lon="-96.38514">
        <ele>67.4</ele>
      </trkpt>
      <trkpt lat="30.03502" lon="-96.3851">
        <ele>67.4</ele>
      </trkpt>
      <trkpt lat="30.03476" lon="-96.38476">
        <ele>67.9</ele>
      </trkpt>
      <trkpt lat="30.03451" lon="-96.38443">
        <ele>68.3</ele>
      </trkpt>
      <trkpt lat="30.03428" lon="-96.38414">
        <ele>68.6</ele>
      </trkpt>
      <trkpt lat="30.03392" lon="-96.38369">
        <ele>69.2</ele>
      </trkpt>
      <trkpt lat="30.03367" lon="-96.38337">
        <ele>69.7</ele>
      </trkpt>
      <trkpt lat="30.0333" lon="-96.38288">
        <ele>70.9</ele>
      </trkpt>
      <trkpt lat="30.03317" lon="-96.38271">
        <ele>72.2</ele>
      </trkpt>
      <trkpt lat="30.03294" lon="-96.3824099">
        <ele>75.4</ele>
      </trkpt>
      <trkpt lat="30.03281" lon="-96.38223">
        <ele>77.5</ele>
      </trkpt>
      <trkpt lat="30.03246" lon="-96.38179">
        <ele>82.0</ele>
      </trkpt>
      <trkpt lat="30.03222" lon="-96.38149">
        <ele>84.9</ele>
      </trkpt>
      <trkpt lat="30.03196" lon="-96.38116">
        <ele>87.6</ele>
      </trkpt>
      <trkpt lat="30.03153" lon="-96.38061">
        <ele>91.3</ele>
      </trkpt>
      <trkpt lat="30.03149" lon="-96.38056">
        <ele>91.6</ele>
      </trkpt>
      <trkpt lat="30.03129" lon="-96.3803">
        <ele>92.3</ele>
      </trkpt>
      <trkpt lat="30.03125" lon="-96.38026">
        <ele>92.4</ele>
      </trkpt>
      <trkpt lat="30.03105" lon="-96.38">
        <ele>92.6</ele>
      </trkpt>
      <trkpt lat="30.03103" lon="-96.37998">
        <ele>92.6</ele>
      </trkpt>
      <trkpt lat="30.03102" lon="-96.37994">
        <ele>92.5</ele>
      </trkpt>
      <trkpt lat="30.03101" lon="-96.37991">
        <ele>92.5</ele>
      </trkpt>
      <trkpt lat="30.03101" lon="-96.37982">
        <ele>92.3</ele>
      </trkpt>
      <trkpt lat="30.03102" lon="-96.3797699">
        <ele>92.1</ele>
      </trkpt>
      <trkpt lat="30.03107" lon="-96.37969">
        <ele>91.7</ele>
      </trkpt>
      <trkpt lat="30.03139" lon="-96.37936">
        <ele>88.4</ele>
      </trkpt>
      <trkpt lat="30.03143" lon="-96.37932">
        <ele>88.1</ele>
      </trkpt>
      <trkpt lat="30.03166" lon="-96.37909">
        <ele>87.1</ele>
      </trkpt>
      <trkpt lat="30.0317" lon="-96.37904">
        <ele>87.3</ele>
      </trkpt>
      <trkpt lat="30.03179" lon="-96.37895">
        <ele>87.9</ele>
      </trkpt>
      <trkpt lat="30.03192" lon="-96.37881">
        <ele>89.1</ele>
      </trkpt>
      <trkpt lat="30.03197" lon="-96.37876">
        <ele>89.5</ele>
      </trkpt>
      <trkpt lat="30.03206" lon="-96.37867">
        <ele>90.3</ele>
      </trkpt>
      <trkpt lat="30.03246" lon="-96.37825">
        <ele>94.3</ele>
      </trkpt>
      <trkpt lat="30.03259" lon="-96.37811">
        <ele>95.2</ele>
      </trkpt>
      <trkpt lat="30.03263" lon="-96.3780699">
        <ele>95.4</ele>
      </trkpt>
      <trkpt lat="30.03272" lon="-96.37797">
        <ele>95.7</ele>
      </trkpt>
      <trkpt lat="30.03277" lon="-96.37793">
        <ele>95.7</ele>
      </trkpt>
      <trkpt lat="30.03286" lon="-96.37783">
        <ele>95.5</ele>
      </trkpt>
      <trkpt lat="30.03294" lon="-96.37774">
        <ele>95.2</ele>
      </trkpt>
      <trkpt lat="30.03299" lon="-96.37769">
        <ele>94.8</ele>
      </trkpt>
      <trkpt lat="30.03303" lon="-96.37765">
        <ele>94.5</ele>
      </trkpt>
      <trkpt lat="30.03313" lon="-96.37756">
        <ele>94.0</ele>
      </trkpt>
      <trkpt lat="30.03371" lon="-96.37696">
        <ele>92.8</ele>
      </trkpt>
      <trkpt lat="30.0338" lon="-96.3768599">
        <ele>92.6</ele>
      </trkpt>
      <trkpt lat="30.03386" lon="-96.3768">
        <ele>92.4</ele>
      </trkpt>
      <trkpt lat="30.0339" lon="-96.37672">
        <ele>92.4</ele>
      </trkpt>
      <trkpt lat="30.03391" lon="-96.37667">
        <ele>92.4</ele>
      </trkpt>
      <trkpt lat="30.0339" lon="-96.3765899">
        <ele>92.6</ele>
      </trkpt>
      <trkpt lat="30.03388" lon="-96.37652">
        <ele>92.8</ele>
      </trkpt>
      <trkpt lat="30.03386" lon="-96.3764999">
        <ele>93.0</ele>
      </trkpt>
      <trkpt lat="30.03385" lon="-96.37648">
        <ele>93.0</ele>
      </trkpt>
      <trkpt lat="30.03382" lon="-96.37646">
        <ele>93.1</ele>
      </trkpt>
      <trkpt lat="30.03362" lon="-96.3762">
        <ele>94.0</ele>
      </trkpt>
      <trkpt lat="30.03325" lon="-96.3757399">
        <ele>95.3</ele>
      </trkpt>
      <trkpt lat="30.03313" lon="-96.37559">
        <ele>95.3</ele>
      </trkpt>
      <trkpt lat="30.03309" lon="-96.37554">
        <ele>95.3</ele>
      </trkpt>
      <trkpt lat="30.03309" lon="-96.37553">
        <ele>95.2</ele>
      </trkpt>
      <trkpt lat="30.03301" lon="-96.37544">
        <ele>95.0</ele>
      </trkpt>
      <trkpt lat="30.03296" lon="-96.37538">
        <ele>94.8</ele>
      </trkpt>
      <trkpt lat="30.03289" lon="-96.37528">
        <ele>94.4</ele>
      </trkpt>
      <trkpt lat="30.03285" lon="-96.37524">
        <ele>94.3</ele>
      </trkpt>
      <trkpt lat="30.03252" lon="-96.37482">
        <ele>90.9</ele>
      </trkpt>
      <trkpt lat="30.03228" lon="-96.37452">
        <ele>88.4</ele>
      </trkpt>
      <trkpt lat="30.03216" lon="-96.37436">
        <ele>87.6</ele>
      </trkpt>
      <trkpt lat="30.03212" lon="-96.37431">
        <ele>87.4</ele>
      </trkpt>
      <trkpt lat="30.03204" lon="-96.37421">
        <ele>86.9</ele>
      </trkpt>
      <trkpt lat="30.032" lon="-96.37416">
        <ele>86.6</ele>
      </trkpt>
      <trkpt lat="30.03197" lon="-96.37412">
        <ele>86.4</ele>
      </trkpt>
      <trkpt lat="30.03191" lon="-96.37406">
        <ele>86.1</ele>
      </trkpt>
      <trkpt lat="30.03187" lon="-96.37402">
        <ele>86.0</ele>
      </trkpt>
      <trkpt lat="30.03178" lon="-96.37392">
        <ele>85.6</ele>
      </trkpt>
      <trkpt lat="30.03178" lon="-96.37392">
        <ele>85.6</ele>
      </trkpt>
      <trkpt lat="30.03193" lon="-96.37362">
        <ele>84.6</ele>
      </trkpt>
      <trkpt lat="30.03203" lon="-96.37345">
        <ele>84.2</ele>
      </trkpt>
      <trkpt lat="30.03213" lon="-96.37329">
        <ele>83.8</ele>
      </trkpt>
      <trkpt lat="30.03218" lon="-96.37323">
        <ele>83.7</ele>
      </trkpt>
      <trkpt lat="30.03229" lon="-96.37309">
        <ele>83.4</ele>
      </trkpt>
      <trkpt lat="30.0323" lon="-96.37308">
        <ele>83.4</ele>
      </trkpt>
      <trkpt lat="30.03232" lon="-96.37306">
        <ele>83.3</ele>
      </trkpt>
      <trkpt lat="30.03249" lon="-96.37287">
        <ele>82.7</ele>
      </trkpt>
      <trkpt lat="30.03284" lon="-96.37252">
        <ele>82.4</ele>
      </trkpt>
      <trkpt lat="30.03299" lon="-96.37237">
        <ele>82.7</ele>
      </trkpt>
      <trkpt lat="30.03311" lon="-96.3722499">
        <ele>82.7</ele>
      </trkpt>
      <trkpt lat="30.03312" lon="-96.37223">
        <ele>82.7</ele>
      </trkpt>
      <trkpt lat="30.03354" lon="-96.37182">
        <ele>83.5</ele>
      </trkpt>
      <trkpt lat="30.03381" lon="-96.37155">
        <ele>83.7</ele>
      </trkpt>
      <trkpt lat="30.03392" lon="-96.37144">
        <ele>83.7</ele>
      </trkpt>
      <trkpt lat="30.03394" lon="-96.37142">
        <ele>83.6</ele>
      </trkpt>
      <trkpt lat="30.03433" lon="-96.37103">
        <ele>83.4</ele>
      </trkpt>
      <trkpt lat="30.03447" lon="-96.37089">
        <ele>83.3</ele>
      </trkpt>
      <trkpt lat="30.03489" lon="-96.37047">
        <ele>82.9</ele>
      </trkpt>
      <trkpt lat="30.03494" lon="-96.37042">
        <ele>82.6</ele>
      </trkpt>
      <trkpt lat="30.03521" lon="-96.37014">
        <ele>82.8</ele>
      </trkpt>
      <trkpt lat="30.03562" lon="-96.36976">
        <ele>85.3</ele>
      </trkpt>
      <trkpt lat="30.03575" lon="-96.36963">
        <ele>86.4</ele>
      </trkpt>
      <trkpt lat="30.03585" lon="-96.36954">
        <ele>87.1</ele>
      </trkpt>
      <trkpt lat="30.03601" lon="-96.36941">
        <ele>87.6</ele>
      </trkpt>
      <trkpt lat="30.03633" lon="-96.3691599">
        <ele>88.1</ele>
      </trkpt>
      <trkpt lat="30.03641" lon="-96.36911">
        <ele>88.2</ele>
      </trkpt>
      <trkpt lat="30.03647" lon="-96.36906">
        <ele>88.2</ele>
      </trkpt>
      <trkpt lat="30.03665" lon="-96.36894">
        <ele>88.1</ele>
      </trkpt>
      <trkpt lat="30.03684" lon="-96.3687999">
        <ele>87.8</ele>
      </trkpt>
      <trkpt lat="30.03693" lon="-96.36873">
        <ele>87.8</ele>
      </trkpt>
      <trkpt lat="30.03702" lon="-96.36866">
        <ele>88.0</ele>
      </trkpt>
      <trkpt lat="30.03714" lon="-96.36857">
        <ele>88.2</ele>
      </trkpt>
      <trkpt lat="30.03731" lon="-96.36844">
        <ele>88.5</ele>
      </trkpt>
      <trkpt lat="30.03731" lon="-96.36843">
        <ele>88.5</ele>
      </trkpt>
      <trkpt lat="30.03742" lon="-96.36834">
        <ele>88.6</ele>
      </trkpt>
      <trkpt lat="30.03746" lon="-96.3683099">
        <ele>88.7</ele>
      </trkpt>
      <trkpt lat="30.03759" lon="-96.36817">
        <ele>89.6</ele>
      </trkpt>
      <trkpt lat="30.03767" lon="-96.3681">
        <ele>89.8</ele>
      </trkpt>
      <trkpt lat="30.0378" lon="-96.36794">
        <ele>89.9</ele>
      </trkpt>
      <trkpt lat="30.0379" lon="-96.36782">
        <ele>89.9</ele>
      </trkpt>
      <trkpt lat="30.03797" lon="-96.36772">
        <ele>90.3</ele>
      </trkpt>
      <trkpt lat="30.0381" lon="-96.36754">
        <ele>90.9</ele>
      </trkpt>
      <trkpt lat="30.03822" lon="-96.3673699">
        <ele>91.7</ele>
      </trkpt>
      <trkpt lat="30.03833" lon="-96.36717">
        <ele>92.6</ele>
      </trkpt>
      <trkpt lat="30.03844" lon="-96.36694">
        <ele>93.3</ele>
      </trkpt>
      <trkpt lat="30.03851" lon="-96.36679">
        <ele>93.7</ele>
      </trkpt>
      <trkpt lat="30.03855" lon="-96.36668">
        <ele>94.1</ele>
      </trkpt>
      <trkpt lat="30.03855" lon="-96.36668">
        <ele>94.1</ele>
      </trkpt>
      <trkpt lat="30.03848" lon="-96.36665">
        <ele>94.3</ele>
      </trkpt>
      <trkpt lat="30.03845" lon="-96.36663">
        <ele>94.5</ele>
      </trkpt>
      <trkpt lat="30.03834" lon="-96.36655">
        <ele>95.1</ele>
      </trkpt>
      <trkpt lat="30.03833" lon="-96.36654">
        <ele>95.2</ele>
      </trkpt>
      <trkpt lat="30.03822" lon="-96.3664299">
        <ele>96.1</ele>
      </trkpt>
      <trkpt lat="30.0382" lon="-96.3664">
        <ele>96.4</ele>
      </trkpt>
      <trkpt lat="30.03808" lon="-96.36624">
        <ele>97.2</ele>
      </trkpt>
      <trkpt lat="30.03796" lon="-96.36608">
        <ele>98.3</ele>
      </trkpt>
      <trkpt lat="30.03794" lon="-96.36605">
        <ele>98.5</ele>
      </trkpt>
      <trkpt lat="30.03784" lon="-96.36593">
        <ele>99.4</ele>
      </trkpt>
      <trkpt lat="30.03772" lon="-96.36577">
        <ele>100.2</ele>
      </trkpt>
      <trkpt lat="30.03752" lon="-96.36551">
        <ele>100.8</ele>
      </trkpt>
      <trkpt lat="30.03748" lon="-96.36546">
        <ele>101.1</ele>
      </trkpt>
      <trkpt lat="30.03735" lon="-96.36532">
        <ele>102.2</ele>
      </trkpt>
      <trkpt lat="30.03725" lon="-96.3652">
        <ele>103.0</ele>
      </trkpt>
      <trkpt lat="30.03713" lon="-96.36505">
        <ele>103.5</ele>
      </trkpt>
      <trkpt lat="30.037" lon="-96.3649">
        <ele>104.1</ele>
      </trkpt>
      <trkpt lat="30.03687" lon="-96.36476">
        <ele>104.9</ele>
      </trkpt>
      <trkpt lat="30.03685" lon="-96.36473">
        <ele>105.0</ele>
      </trkpt>
      <trkpt lat="30.03674" lon="-96.36461">
        <ele>105.6</ele>
      </trkpt>
      <trkpt lat="30.03633" lon="-96.36421">
        <ele>106.7</ele>
      </trkpt>
      <trkpt lat="30.0363" lon="-96.3641899">
        <ele>106.8</ele>
      </trkpt>
      <trkpt lat="30.03564" lon="-96.36355">
        <ele>107.5</ele>
      </trkpt>
      <trkpt lat="30.03526" lon="-96.36319">
        <ele>109.2</ele>
      </trkpt>
      <trkpt lat="30.03494" lon="-96.3629">
        <ele>109.8</ele>
      </trkpt>
      <trkpt lat="30.03491" lon="-96.36287">
        <ele>109.8</ele>
      </trkpt>
      <trkpt lat="30.03481" lon="-96.36278">
        <ele>109.8</ele>
      </trkpt>
      <trkpt lat="30.03466" lon="-96.36264">
        <ele>109.8</ele>
      </trkpt>
      <trkpt lat="30.03452" lon="-96.3625">
        <ele>109.8</ele>
      </trkpt>
      <trkpt lat="30.03449" lon="-96.36248">
        <ele>109.8</ele>
      </trkpt>
      <trkpt lat="30.03424" lon="-96.36224">
        <ele>110.1</ele>
      </trkpt>
      <trkpt lat="30.03422" lon="-96.36221">
        <ele>110.1</ele>
      </trkpt>
      <trkpt lat="30.03411" lon="-96.3621">
        <ele>110.1</ele>
      </trkpt>
      <trkpt lat="30.03366" lon="-96.36167">
        <ele>108.3</ele>
      </trkpt>
      <trkpt lat="30.03341" lon="-96.36139">
        <ele>106.7</ele>
      </trkpt>
      <trkpt lat="30.03339" lon="-96.3613699">
        <ele>106.6</ele>
      </trkpt>
      <trkpt lat="30.03332" lon="-96.36125">
        <ele>106.4</ele>
      </trkpt>
      <trkpt lat="30.03321" lon="-96.36106">
        <ele>106.0</ele>
      </trkpt>
      <trkpt lat="30.0332" lon="-96.36104">
        <ele>106.0</ele>
      </trkpt>
      <trkpt lat="30.03313" lon="-96.36083">
        <ele>106.1</ele>
      </trkpt>
      <trkpt lat="30.03308" lon="-96.36048">
        <ele>106.7</ele>
      </trkpt>
      <trkpt lat="30.03299" lon="-96.35983">
        <ele>107.5</ele>
      </trkpt>
      <trkpt lat="30.03278" lon="-96.35839">
        <ele>106.2</ele>
      </trkpt>
      <trkpt lat="30.03265" lon="-96.35749">
        <ele>106.9</ele>
      </trkpt>
      <trkpt lat="30.03263" lon="-96.35736">
        <ele>106.8</ele>
      </trkpt>
      <trkpt lat="30.0326" lon="-96.3571599">
        <ele>106.6</ele>
      </trkpt>
      <trkpt lat="30.03235" lon="-96.35553">
        <ele>102.1</ele>
      </trkpt>
      <trkpt lat="30.03222" lon="-96.35468">
        <ele>102.4</ele>
      </trkpt>
      <trkpt lat="30.03221" lon="-96.35447">
        <ele>102.8</ele>
      </trkpt>
      <trkpt lat="30.03223" lon="-96.35439">
        <ele>102.8</ele>
      </trkpt>
      <trkpt lat="30.03226" lon="-96.3543399">
        <ele>102.6</ele>
      </trkpt>
      <trkpt lat="30.03226" lon="-96.35433">
        <ele>102.6</ele>
      </trkpt>
      <trkpt lat="30.03231" lon="-96.3542499">
        <ele>102.3</ele>
      </trkpt>
      <trkpt lat="30.03253" lon="-96.35402">
        <ele>101.5</ele>
      </trkpt>
      <trkpt lat="30.0328" lon="-96.35375">
        <ele>100.9</ele>
      </trkpt>
      <trkpt lat="30.03288" lon="-96.35366">
        <ele>100.6</ele>
      </trkpt>
      <trkpt lat="30.033" lon="-96.35352">
        <ele>99.9</ele>
      </trkpt>
      <trkpt lat="30.03303" lon="-96.35346">
        <ele>99.7</ele>
      </trkpt>
      <trkpt lat="30.03304" lon="-96.35342">
        <ele>99.5</ele>
      </trkpt>
      <trkpt lat="30.03304" lon="-96.35341">
        <ele>99.5</ele>
      </trkpt>
      <trkpt lat="30.03304" lon="-96.3533999">
        <ele>99.5</ele>
      </trkpt>
      <trkpt lat="30.03303" lon="-96.35334">
        <ele>99.3</ele>
      </trkpt>
      <trkpt lat="30.03302" lon="-96.35329">
        <ele>99.1</ele>
      </trkpt>
      <trkpt lat="30.03278" lon="-96.35299">
        <ele>98.4</ele>
      </trkpt>
      <trkpt lat="30.03261" lon="-96.35277">
        <ele>97.8</ele>
      </trkpt>
      <trkpt lat="30.03242" lon="-96.35253">
        <ele>97.4</ele>
      </trkpt>
      <trkpt lat="30.03217" lon="-96.35222">
        <ele>96.5</ele>
      </trkpt>
      <trkpt lat="30.03144" lon="-96.3513">
        <ele>94.6</ele>
      </trkpt>
      <trkpt lat="30.03088" lon="-96.3505799">
        <ele>91.9</ele>
      </trkpt>
      <trkpt lat="30.03087" lon="-96.35057">
        <ele>91.8</ele>
      </trkpt>
      <trkpt lat="30.03022" lon="-96.3497299">
        <ele>89.0</ele>
      </trkpt>
      <trkpt lat="30.03016" lon="-96.34965">
        <ele>88.7</ele>
      </trkpt>
      <trkpt lat="30.03001" lon="-96.3494599">
        <ele>88.0</ele>
      </trkpt>
      <trkpt lat="30.0288" lon="-96.34791">
        <ele>83.0</ele>
      </trkpt>
      <trkpt lat="30.02818" lon="-96.34715">
        <ele>80.0</ele>
      </trkpt>
      <trkpt lat="30.02796" lon="-96.34688">
        <ele>77.0</ele>
      </trkpt>
      <trkpt lat="30.02732" lon="-96.34606">
        <ele>84.6</ele>
      </trkpt>
      <trkpt lat="30.02696" lon="-96.34559">
        <ele>85.2</ele>
      </trkpt>
      <trkpt lat="30.02655" lon="-96.34506">
        <ele>85.0</ele>
      </trkpt>
      <trkpt lat="30.02636" lon="-96.34482">
        <ele>84.6</ele>
      </trkpt>
      <trkpt lat="30.02576" lon="-96.34405">
        <ele>82.1</ele>
      </trkpt>
      <trkpt lat="30.0254" lon="-96.34359">
        <ele>81.5</ele>
      </trkpt>
      <trkpt lat="30.02516" lon="-96.3432799">
        <ele>82.0</ele>
      </trkpt>
      <trkpt lat="30.02444" lon="-96.34235">
        <ele>89.0</ele>
      </trkpt>
      <trkpt lat="30.0242" lon="-96.34204">
        <ele>90.7</ele>
      </trkpt>
      <trkpt lat="30.02407" lon="-96.34189">
        <ele>91.7</ele>
      </trkpt>
      <trkpt lat="30.02374" lon="-96.34146">
        <ele>92.8</ele>
      </trkpt>
      <trkpt lat="30.02371" lon="-96.34143">
        <ele>92.9</ele>
      </trkpt>
      <trkpt lat="30.02359" lon="-96.34127">
        <ele>93.1</ele>
      </trkpt>
      <trkpt lat="30.02309" lon="-96.34067">
        <ele>93.9</ele>
      </trkpt>
      <trkpt lat="30.02309" lon="-96.34067">
        <ele>93.9</ele>
      </trkpt>
      <trkpt lat="30.02208" lon="-96.34081">
        <ele>94.7</ele>
      </trkpt>
      <trkpt lat="30.0213" lon="-96.3409099">
        <ele>96.0</ele>
      </trkpt>
      <trkpt lat="30.02125" lon="-96.34092">
        <ele>96.0</ele>
      </trkpt>
      <trkpt lat="30.02072" lon="-96.34099">
        <ele>95.4</ele>
      </trkpt>
      <trkpt lat="30.02071" lon="-96.34099">
        <ele>95.4</ele>
      </trkpt>
      <trkpt lat="30.02019" lon="-96.34107">
        <ele>94.9</ele>
      </trkpt>
      <trkpt lat="30.01962" lon="-96.34115">
        <ele>93.7</ele>
      </trkpt>
      <trkpt lat="30.01947" lon="-96.34117">
        <ele>93.1</ele>
      </trkpt>
      <trkpt lat="30.01912" lon="-96.34122">
        <ele>91.9</ele>
      </trkpt>
      <trkpt lat="30.01857" lon="-96.3413">
        <ele>92.0</ele>
      </trkpt>
      <trkpt lat="30.01844" lon="-96.34132">
        <ele>92.0</ele>
      </trkpt>
      <trkpt lat="30.01822" lon="-96.34135">
        <ele>92.3</ele>
      </trkpt>
      <trkpt lat="30.01775" lon="-96.34141">
        <ele>94.2</ele>
      </trkpt>
      <trkpt lat="30.01714" lon="-96.3414899">
        <ele>95.1</ele>
      </trkpt>
      <trkpt lat="30.01679" lon="-96.34154">
        <ele>95.6</ele>
      </trkpt>
      <trkpt lat="30.01643" lon="-96.3415799">
        <ele>95.7</ele>
      </trkpt>
      <trkpt lat="30.01616" lon="-96.3416">
        <ele>95.7</ele>
      </trkpt>
      <trkpt lat="30.01584" lon="-96.34162">
        <ele>95.7</ele>
      </trkpt>
      <trkpt lat="30.01546" lon="-96.34166">
        <ele>95.9</ele>
      </trkpt>
      <trkpt lat="30.0151" lon="-96.3416699">
        <ele>95.8</ele>
      </trkpt>
      <trkpt lat="30.01501" lon="-96.3416699">
        <ele>95.7</ele>
      </trkpt>
      <trkpt lat="30.01489" lon="-96.34166">
        <ele>95.7</ele>
      </trkpt>
      <trkpt lat="30.01489" lon="-96.34166">
        <ele>95.7</ele>
      </trkpt>
      <trkpt lat="30.01486" lon="-96.34207">
        <ele>96.2</ele>
      </trkpt>
      <trkpt lat="30.01485" lon="-96.34215">
        <ele>96.2</ele>
      </trkpt>
      <trkpt lat="30.01475" lon="-96.34351">
        <ele>94.5</ele>
      </trkpt>
      <trkpt lat="30.0147" lon="-96.34414">
        <ele>94.4</ele>
      </trkpt>
      <trkpt lat="30.01463" lon="-96.34509">
        <ele>93.1</ele>
      </trkpt>
      <trkpt lat="30.0146" lon="-96.34528">
        <ele>91.9</ele>
      </trkpt>
      <trkpt lat="30.01457" lon="-96.34537">
        <ele>91.5</ele>
      </trkpt>
      <trkpt lat="30.01452" lon="-96.3455199">
        <ele>91.4</ele>
      </trkpt>
      <trkpt lat="30.01433" lon="-96.34603">
        <ele>91.4</ele>
      </trkpt>
      <trkpt lat="30.01412" lon="-96.34662">
        <ele>90.7</ele>
      </trkpt>
      <trkpt lat="30.01393" lon="-96.34716">
        <ele>88.4</ele>
      </trkpt>
      <trkpt lat="30.01378" lon="-96.34751">
        <ele>88.4</ele>
      </trkpt>
      <trkpt lat="30.01375" lon="-96.34757">
        <ele>88.3</ele>
      </trkpt>
      <trkpt lat="30.01363" lon="-96.34777">
        <ele>88.0</ele>
      </trkpt>
      <trkpt lat="30.01343" lon="-96.348">
        <ele>87.3</ele>
      </trkpt>
      <trkpt lat="30.01288" lon="-96.3486099">
        <ele>86.8</ele>
      </trkpt>
      <trkpt lat="30.01275" lon="-96.34876">
        <ele>86.5</ele>
      </trkpt>
      <trkpt lat="30.01267" lon="-96.34885">
        <ele>86.3</ele>
      </trkpt>
      <trkpt lat="30.01251" lon="-96.34907">
        <ele>85.7</ele>
      </trkpt>
      <trkpt lat="30.0125" lon="-96.34909">
        <ele>85.6</ele>
      </trkpt>
      <trkpt lat="30.01232" lon="-96.3494599">
        <ele>84.6</ele>
      </trkpt>
      <trkpt lat="30.01225" lon="-96.34961">
        <ele>82.5</ele>
      </trkpt>
      <trkpt lat="30.01203" lon="-96.35016">
        <ele>79.2</ele>
      </trkpt>
      <trkpt lat="30.01171" lon="-96.35093">
        <ele>75.7</ele>
      </trkpt>
      <trkpt lat="30.01156" lon="-96.3513">
        <ele>72.6</ele>
      </trkpt>
      <trkpt lat="30.0115" lon="-96.35144">
        <ele>71.5</ele>
      </trkpt>
      <trkpt lat="30.01145" lon="-96.35157">
        <ele>71.2</ele>
      </trkpt>
      <trkpt lat="30.01141" lon="-96.35173">
        <ele>71.4</ele>
      </trkpt>
      <trkpt lat="30.01119" lon="-96.35252">
        <ele>71.3</ele>
      </trkpt>
      <trkpt lat="30.01099" lon="-96.35324">
        <ele>68.3</ele>
      </trkpt>
      <trkpt lat="30.01088" lon="-96.35357">
        <ele>66.5</ele>
      </trkpt>
      <trkpt lat="30.01081" lon="-96.35369">
        <ele>66.1</ele>
      </trkpt>
      <trkpt lat="30.01071" lon="-96.35389">
        <ele>65.3</ele>
      </trkpt>
      <trkpt lat="30.01059" lon="-96.3541">
        <ele>65.0</ele>
      </trkpt>
      <trkpt lat="30.0105" lon="-96.35418">
        <ele>65.0</ele>
      </trkpt>
      <trkpt lat="30.01048" lon="-96.3542">
        <ele>64.9</ele>
      </trkpt>
      <trkpt lat="30.01033" lon="-96.3544">
        <ele>64.8</ele>
      </trkpt>
      <trkpt lat="30.01026" lon="-96.35449">
        <ele>64.7</ele>
      </trkpt>
      <trkpt lat="30.00996" lon="-96.35495">
        <ele>64.6</ele>
      </trkpt>
      <trkpt lat="30.00993" lon="-96.35498">
        <ele>64.6</ele>
      </trkpt>
      <trkpt lat="30.00972" lon="-96.35533">
        <ele>66.4</ele>
      </trkpt>
      <trkpt lat="30.00912" lon="-96.35624">
        <ele>73.3</ele>
      </trkpt>
      <trkpt lat="30.0089" lon="-96.35657">
        <ele>73.5</ele>
      </trkpt>
      <trkpt lat="30.00881" lon="-96.35673">
        <ele>73.2</ele>
      </trkpt>
      <trkpt lat="30.00876" lon="-96.3568">
        <ele>73.1</ele>
      </trkpt>
      <trkpt lat="30.00857" lon="-96.3571">
        <ele>72.5</ele>
      </trkpt>
      <trkpt lat="30.00838" lon="-96.35736">
        <ele>71.9</ele>
      </trkpt>
      <trkpt lat="30.00826" lon="-96.35755">
        <ele>71.6</ele>
      </trkpt>
      <trkpt lat="30.00826" lon="-96.35755">
        <ele>71.6</ele>
      </trkpt>
      <trkpt lat="30.00819" lon="-96.35767">
        <ele>71.3</ele>
      </trkpt>
      <trkpt lat="30.008" lon="-96.35797">
        <ele>70.5</ele>
      </trkpt>
      <trkpt lat="30.00797" lon="-96.358">
        <ele>70.4</ele>
      </trkpt>
      <trkpt lat="30.00776" lon="-96.3583">
        <ele>69.6</ele>
      </trkpt>
      <trkpt lat="30.00759" lon="-96.3585499">
        <ele>68.6</ele>
      </trkpt>
      <trkpt lat="30.00728" lon="-96.35888">
        <ele>67.1</ele>
      </trkpt>
      <trkpt lat="30.00698" lon="-96.3592">
        <ele>66.0</ele>
      </trkpt>
      <trkpt lat="30.00671" lon="-96.35948">
        <ele>65.0</ele>
      </trkpt>
      <trkpt lat="30.00655" lon="-96.35964">
        <ele>64.6</ele>
      </trkpt>
      <trkpt lat="30.00644" lon="-96.35975">
        <ele>64.2</ele>
      </trkpt>
      <trkpt lat="30.00637" lon="-96.35982">
        <ele>64.1</ele>
      </trkpt>
      <trkpt lat="30.00589" lon="-96.36029">
        <ele>64.2</ele>
      </trkpt>
      <trkpt lat="30.00589" lon="-96.36029">
        <ele>64.2</ele>
      </trkpt>
      <trkpt lat="30.00602" lon="-96.36078">
        <ele>65.5</ele>
      </trkpt>
      <trkpt lat="30.00607" lon="-96.36093">
        <ele>65.7</ele>
      </trkpt>
      <trkpt lat="30.00652" lon="-96.362">
        <ele>70.2</ele>
      </trkpt>
      <trkpt lat="30.00654" lon="-96.36217">
        <ele>70.6</ele>
      </trkpt>
      <trkpt lat="30.00654" lon="-96.36227">
        <ele>70.7</ele>
      </trkpt>
      <trkpt lat="30.00653" lon="-96.36239">
        <ele>70.7</ele>
      </trkpt>
      <trkpt lat="30.00652" lon="-96.36242">
        <ele>70.8</ele>
      </trkpt>
      <trkpt lat="30.00643" lon="-96.36286">
        <ele>71.7</ele>
      </trkpt>
      <trkpt lat="30.00642" lon="-96.363">
        <ele>72.8</ele>
      </trkpt>
      <trkpt lat="30.00645" lon="-96.36366">
        <ele>76.3</ele>
      </trkpt>
      <trkpt lat="30.0065" lon="-96.36422">
        <ele>79.4</ele>
      </trkpt>
      <trkpt lat="30.00656" lon="-96.3644599">
        <ele>80.1</ele>
      </trkpt>
      <trkpt lat="30.00657" lon="-96.36449">
        <ele>80.2</ele>
      </trkpt>
      <trkpt lat="30.00664" lon="-96.3647">
        <ele>80.4</ele>
      </trkpt>
      <trkpt lat="30.00672" lon="-96.36487">
        <ele>80.3</ele>
      </trkpt>
      <trkpt lat="30.00681" lon="-96.36505">
        <ele>79.6</ele>
      </trkpt>
      <trkpt lat="30.0069" lon="-96.36526">
        <ele>78.8</ele>
      </trkpt>
      <trkpt lat="30.00698" lon="-96.36544">
        <ele>78.0</ele>
      </trkpt>
      <trkpt lat="30.00709" lon="-96.3657999">
        <ele>75.2</ele>
      </trkpt>
      <trkpt lat="30.00714" lon="-96.36602">
        <ele>73.3</ele>
      </trkpt>
      <trkpt lat="30.00717" lon="-96.36615">
        <ele>72.6</ele>
      </trkpt>
      <trkpt lat="30.00719" lon="-96.36633">
        <ele>71.8</ele>
      </trkpt>
      <trkpt lat="30.0072" lon="-96.36636">
        <ele>71.7</ele>
      </trkpt>
      <trkpt lat="30.00728" lon="-96.3668">
        <ele>68.9</ele>
      </trkpt>
      <trkpt lat="30.0074" lon="-96.3672799">
        <ele>66.9</ele>
      </trkpt>
      <trkpt lat="30.00743" lon="-96.3673699">
        <ele>66.6</ele>
      </trkpt>
      <trkpt lat="30.00758" lon="-96.36788">
        <ele>64.8</ele>
      </trkpt>
      <trkpt lat="30.00761" lon="-96.36796">
        <ele>64.6</ele>
      </trkpt>
      <trkpt lat="30.00782" lon="-96.36853">
        <ele>63.7</ele>
      </trkpt>
      <trkpt lat="30.00803" lon="-96.36912">
        <ele>64.3</ele>
      </trkpt>
      <trkpt lat="30.00823" lon="-96.36963">
        <ele>64.2</ele>
      </trkpt>
      <trkpt lat="30.00827" lon="-96.36971">
        <ele>64.1</ele>
      </trkpt>
      <trkpt lat="30.00836" lon="-96.3698299">
        <ele>64.1</ele>
      </trkpt>
      <trkpt lat="30.00844" lon="-96.3699199">
        <ele>64.1</ele>
      </trkpt>
      <trkpt lat="30.00856" lon="-96.37002">
        <ele>64.2</ele>
      </trkpt>
      <trkpt lat="30.00896" lon="-96.37025">
        <ele>64.3</ele>
      </trkpt>
      <trkpt lat="30.00916" lon="-96.37036">
        <ele>64.3</ele>
      </trkpt>
      <trkpt lat="30.00934" lon="-96.37044">
        <ele>64.3</ele>
      </trkpt>
      <trkpt lat="30.00973" lon="-96.37062">
        <ele>64.3</ele>
      </trkpt>
      <trkpt lat="30.01032" lon="-96.37084">
        <ele>64.4</ele>
      </trkpt>
      <trkpt lat="30.01041" lon="-96.37088">
        <ele>64.2</ele>
      </trkpt>
      <trkpt lat="30.01045" lon="-96.37092">
        <ele>64.0</ele>
      </trkpt>
      <trkpt lat="30.0105" lon="-96.37099">
        <ele>64.0</ele>
      </trkpt>
      <trkpt lat="30.01052" lon="-96.37101">
        <ele>64.0</ele>
      </trkpt>
      <trkpt lat="30.01075" lon="-96.37128">
        <ele>64.2</ele>
      </trkpt>
      <trkpt lat="30.01086" lon="-96.37139">
        <ele>64.5</ele>
      </trkpt>
      <trkpt lat="30.01095" lon="-96.37147">
        <ele>64.9</ele>
      </trkpt>
      <trkpt lat="30.01101" lon="-96.37151">
        <ele>65.1</ele>
      </trkpt>
      <trkpt lat="30.01123" lon="-96.37159">
        <ele>65.6</ele>
      </trkpt>
      <trkpt lat="30.0114" lon="-96.37169">
        <ele>66.1</ele>
      </trkpt>
      <trkpt lat="30.01148" lon="-96.37174">
        <ele>66.4</ele>
      </trkpt>
      <trkpt lat="30.01162" lon="-96.37183">
        <ele>66.9</ele>
      </trkpt>
      <trkpt lat="30.01171" lon="-96.37191">
        <ele>67.3</ele>
      </trkpt>
      <trkpt lat="30.01178" lon="-96.37197">
        <ele>67.6</ele>
      </trkpt>
      <trkpt lat="30.01189" lon="-96.3721">
        <ele>68.3</ele>
      </trkpt>
      <trkpt lat="30.012" lon="-96.37223">
        <ele>69.1</ele>
      </trkpt>
      <trkpt lat="30.01206" lon="-96.37233">
        <ele>69.8</ele>
      </trkpt>
      <trkpt lat="30.01207" lon="-96.37237">
        <ele>70.1</ele>
      </trkpt>
      <trkpt lat="30.01211" lon="-96.3725">
        <ele>70.9</ele>
      </trkpt>
      <trkpt lat="30.01214" lon="-96.37271">
        <ele>72.3</ele>
      </trkpt>
      <trkpt lat="30.01213" lon="-96.37286">
        <ele>73.3</ele>
      </trkpt>
      <trkpt lat="30.01211" lon="-96.37302">
        <ele>74.3</ele>
      </trkpt>
      <trkpt lat="30.0121" lon="-96.37307">
        <ele>74.6</ele>
      </trkpt>
      <trkpt lat="30.01205" lon="-96.3731899">
        <ele>75.4</ele>
      </trkpt>
      <trkpt lat="30.01192" lon="-96.37339">
        <ele>76.9</ele>
      </trkpt>
      <trkpt lat="30.01164" lon="-96.37369">
        <ele>79.3</ele>
      </trkpt>
      <trkpt lat="30.01163" lon="-96.3737">
        <ele>79.4</ele>
      </trkpt>
      <trkpt lat="30.01112" lon="-96.37427">
        <ele>82.9</ele>
      </trkpt>
      <trkpt lat="30.01075" lon="-96.37468">
        <ele>83.4</ele>
      </trkpt>
      <trkpt lat="30.01073" lon="-96.3747">
        <ele>83.3</ele>
      </trkpt>
      <trkpt lat="30.01056" lon="-96.37492">
        <ele>82.9</ele>
      </trkpt>
      <trkpt lat="30.01003" lon="-96.37549">
        <ele>80.8</ele>
      </trkpt>
      <trkpt lat="30.01" lon="-96.37555">
        <ele>80.7</ele>
      </trkpt>
      <trkpt lat="30.00996" lon="-96.37568">
        <ele>80.5</ele>
      </trkpt>
      <trkpt lat="30.00996" lon="-96.37573">
        <ele>80.4</ele>
      </trkpt>
      <trkpt lat="30.00997" lon="-96.37577">
        <ele>80.4</ele>
      </trkpt>
      <trkpt lat="30.01011" lon="-96.37596">
        <ele>80.3</ele>
      </trkpt>
      <trkpt lat="30.01015" lon="-96.376">
        <ele>80.3</ele>
      </trkpt>
      <trkpt lat="30.0106" lon="-96.3765899">
        <ele>78.8</ele>
      </trkpt>
      <trkpt lat="30.01076" lon="-96.37682">
        <ele>78.1</ele>
      </trkpt>
      <trkpt lat="30.011" lon="-96.37722">
        <ele>76.9</ele>
      </trkpt>
      <trkpt lat="30.01101" lon="-96.37725">
        <ele>76.9</ele>
      </trkpt>
      <trkpt lat="30.01107" lon="-96.37735">
        <ele>77.2</ele>
      </trkpt>
      <trkpt lat="30.0112" lon="-96.37765">
        <ele>77.9</ele>
      </trkpt>
      <trkpt lat="30.01138" lon="-96.3781">
        <ele>78.8</ele>
      </trkpt>
      <trkpt lat="30.0115" lon="-96.37835">
        <ele>79.2</ele>
      </trkpt>
      <trkpt lat="30.01173" lon="-96.3786">
        <ele>80.2</ele>
      </trkpt>
      <trkpt lat="30.01205" lon="-96.37893">
        <ele>80.9</ele>
      </trkpt>
      <trkpt lat="30.01207" lon="-96.37896">
        <ele>80.9</ele>
      </trkpt>
      <trkpt lat="30.01211" lon="-96.3790099">
        <ele>80.9</ele>
      </trkpt>
      <trkpt lat="30.01259" lon="-96.37979">
        <ele>80.2</ele>
      </trkpt>
      <trkpt lat="30.01261" lon="-96.37982">
        <ele>80.3</ele>
      </trkpt>
      <trkpt lat="30.01282" lon="-96.38023">
        <ele>80.6</ele>
      </trkpt>
      <trkpt lat="30.01287" lon="-96.38037">
        <ele>80.6</ele>
      </trkpt>
      <trkpt lat="30.01321" lon="-96.38119">
        <ele>79.6</ele>
      </trkpt>
      <trkpt lat="30.01343" lon="-96.38173">
        <ele>78.6</ele>
      </trkpt>
      <trkpt lat="30.01375" lon="-96.38251">
        <ele>77.4</ele>
      </trkpt>
      <trkpt lat="30.01384" lon="-96.38271">
        <ele>77.1</ele>
      </trkpt>
      <trkpt lat="30.01393" lon="-96.38284">
        <ele>77.0</ele>
      </trkpt>
      <trkpt lat="30.01401" lon="-96.38292">
        <ele>77.0</ele>
      </trkpt>
      <trkpt lat="30.01406" lon="-96.38296">
        <ele>77.0</ele>
      </trkpt>
      <trkpt lat="30.01431" lon="-96.38313">
        <ele>76.9</ele>
      </trkpt>
      <trkpt lat="30.01431" lon="-96.38314">
        <ele>76.9</ele>
      </trkpt>
      <trkpt lat="30.01463" lon="-96.38333">
        <ele>75.5</ele>
      </trkpt>
      <trkpt lat="30.01479" lon="-96.38343">
        <ele>74.0</ele>
      </trkpt>
      <trkpt lat="30.01534" lon="-96.3837099">
        <ele>68.0</ele>
      </trkpt>
      <trkpt lat="30.01544" lon="-96.38377">
        <ele>67.3</ele>
      </trkpt>
      <trkpt lat="30.01575" lon="-96.38393">
        <ele>64.8</ele>
      </trkpt>
      <trkpt lat="30.01608" lon="-96.3841">
        <ele>65.9</ele>
      </trkpt>
      <trkpt lat="30.01625" lon="-96.38419">
        <ele>66.5</ele>
      </trkpt>
      <trkpt lat="30.01628" lon="-96.38421">
        <ele>66.6</ele>
      </trkpt>
      <trkpt lat="30.01641" lon="-96.38427">
        <ele>66.9</ele>
      </trkpt>
      <trkpt lat="30.01658" lon="-96.38435">
        <ele>67.9</ele>
      </trkpt>
      <trkpt lat="30.01707" lon="-96.3846">
        <ele>70.2</ele>
      </trkpt>
      <trkpt lat="30.01724" lon="-96.38468">
        <ele>71.6</ele>
      </trkpt>
      <trkpt lat="30.0173" lon="-96.38471">
        <ele>71.9</ele>
      </trkpt>
      <trkpt lat="30.0174" lon="-96.38476">
        <ele>72.2</ele>
      </trkpt>
      <trkpt lat="30.01757" lon="-96.38484">
        <ele>72.5</ele>
      </trkpt>
      <trkpt lat="30.01761" lon="-96.38486">
        <ele>72.6</ele>
      </trkpt>
      <trkpt lat="30.01773" lon="-96.38491">
        <ele>72.9</ele>
      </trkpt>
      <trkpt lat="30.01776" lon="-96.38493">
        <ele>73.1</ele>
      </trkpt>
      <trkpt lat="30.01792" lon="-96.38504">
        <ele>73.7</ele>
      </trkpt>
      <trkpt lat="30.01792" lon="-96.38504">
        <ele>73.7</ele>
      </trkpt>
      <trkpt lat="30.0179" lon="-96.38505">
        <ele>73.7</ele>
      </trkpt>
      <trkpt lat="30.01705" lon="-96.3859">
        <ele>65.6</ele>
      </trkpt>
      <trkpt lat="30.01678" lon="-96.38617">
        <ele>64.0</ele>
      </trkpt>
      <trkpt lat="30.01656" lon="-96.38639">
        <ele>64.0</ele>
      </trkpt>
      <trkpt lat="30.01624" lon="-96.3867099">
        <ele>63.6</ele>
      </trkpt>
      <trkpt lat="30.01602" lon="-96.38694">
        <ele>63.1</ele>
      </trkpt>
      <trkpt lat="30.01588" lon="-96.38707">
        <ele>62.7</ele>
      </trkpt>
      <trkpt lat="30.01558" lon="-96.38737">
        <ele>61.8</ele>
      </trkpt>
      <trkpt lat="30.01507" lon="-96.38789">
        <ele>61.0</ele>
      </trkpt>
      <trkpt lat="30.01483" lon="-96.38812">
        <ele>61.0</ele>
      </trkpt>
      <trkpt lat="30.01466" lon="-96.38829">
        <ele>61.0</ele>
      </trkpt>
      <trkpt lat="30.01452" lon="-96.38843">
        <ele>61.0</ele>
      </trkpt>
      <trkpt lat="30.01396" lon="-96.38898">
        <ele>61.8</ele>
      </trkpt>
      <trkpt lat="30.01394" lon="-96.389">
        <ele>62.3</ele>
      </trkpt>
      <trkpt lat="30.01359" lon="-96.3893499">
        <ele>63.8</ele>
      </trkpt>
      <trkpt lat="30.01333" lon="-96.38961">
        <ele>64.2</ele>
      </trkpt>
      <trkpt lat="30.0129" lon="-96.39005">
        <ele>64.4</ele>
      </trkpt>
      <trkpt lat="30.01278" lon="-96.39018">
        <ele>64.8</ele>
      </trkpt>
      <trkpt lat="30.0127" lon="-96.39028">
        <ele>65.2</ele>
      </trkpt>
      <trkpt lat="30.01266" lon="-96.39033">
        <ele>65.4</ele>
      </trkpt>
      <trkpt lat="30.01261" lon="-96.3904">
        <ele>65.7</ele>
      </trkpt>
      <trkpt lat="30.01238" lon="-96.39072">
        <ele>66.7</ele>
      </trkpt>
      <trkpt lat="30.01235" lon="-96.39077">
        <ele>66.9</ele>
      </trkpt>
      <trkpt lat="30.01224" lon="-96.39098">
        <ele>67.0</ele>
      </trkpt>
      <trkpt lat="30.01211" lon="-96.39122">
        <ele>67.1</ele>
      </trkpt>
      <trkpt lat="30.01128" lon="-96.39316">
        <ele>69.2</ele>
      </trkpt>
      <trkpt lat="30.01128" lon="-96.39316">
        <ele>69.2</ele>
      </trkpt>
      <trkpt lat="30.01141" lon="-96.39326">
        <ele>69.4</ele>
      </trkpt>
      <trkpt lat="30.01146" lon="-96.39332">
        <ele>69.5</ele>
      </trkpt>
      <trkpt lat="30.01151" lon="-96.39346">
        <ele>69.7</ele>
      </trkpt>
      <trkpt lat="30.01153" lon="-96.39352">
        <ele>69.8</ele>
      </trkpt>
      <trkpt lat="30.01153" lon="-96.39359">
        <ele>69.9</ele>
      </trkpt>
      <trkpt lat="30.0115" lon="-96.39384">
        <ele>70.4</ele>
      </trkpt>
      <trkpt lat="30.0114" lon="-96.39446">
        <ele>72.4</ele>
      </trkpt>
      <trkpt lat="30.01139" lon="-96.39448">
        <ele>72.5</ele>
      </trkpt>
      <trkpt lat="30.01124" lon="-96.39634">
        <ele>78.3</ele>
      </trkpt>
      <trkpt lat="30.01121" lon="-96.39661">
        <ele>78.3</ele>
      </trkpt>
      <trkpt lat="30.01121" lon="-96.39675">
        <ele>78.4</ele>
      </trkpt>
      <trkpt lat="30.0112" lon="-96.397">
        <ele>78.3</ele>
      </trkpt>
      <trkpt lat="30.0112" lon="-96.397">
        <ele>78.3</ele>
      </trkpt>
      <trkpt lat="30.01121" lon="-96.39754">
        <ele>78.1</ele>
      </trkpt>
      <trkpt lat="30.01121" lon="-96.39758">
        <ele>78.0</ele>
      </trkpt>
      <trkpt lat="30.01124" lon="-96.39867">
        <ele>79.4</ele>
      </trkpt>
      <trkpt lat="30.01126" lon="-96.39883">
        <ele>80.2</ele>
      </trkpt>
      <trkpt lat="30.01129" lon="-96.39906">
        <ele>81.3</ele>
      </trkpt>
      <trkpt lat="30.01132" lon="-96.39924">
        <ele>82.0</ele>
      </trkpt>
      <trkpt lat="30.01137" lon="-96.3996">
        <ele>83.5</ele>
      </trkpt>
      <trkpt lat="30.01148" lon="-96.40019">
        <ele>85.1</ele>
      </trkpt>
      <trkpt lat="30.01149" lon="-96.4003199">
        <ele>85.5</ele>
      </trkpt>
      <trkpt lat="30.01148" lon="-96.40036">
        <ele>85.6</ele>
      </trkpt>
      <trkpt lat="30.01144" lon="-96.40044">
        <ele>85.9</ele>
      </trkpt>
      <trkpt lat="30.01142" lon="-96.40049">
        <ele>86.2</ele>
      </trkpt>
      <trkpt lat="30.01133" lon="-96.4005899">
        <ele>87.3</ele>
      </trkpt>
      <trkpt lat="30.01107" lon="-96.40088">
        <ele>88.5</ele>
      </trkpt>
      <trkpt lat="30.01041" lon="-96.40159">
        <ele>83.8</ele>
      </trkpt>
      <trkpt lat="30.01" lon="-96.40203">
        <ele>81.7</ele>
      </trkpt>
      <trkpt lat="30.00919" lon="-96.4029">
        <ele>84.2</ele>
      </trkpt>
      <trkpt lat="30.00895" lon="-96.40313">
        <ele>84.5</ele>
      </trkpt>
      <trkpt lat="30.00894" lon="-96.4031399">
        <ele>84.5</ele>
      </trkpt>
      <trkpt lat="30.00868" lon="-96.4034099">
        <ele>84.1</ele>
      </trkpt>
      <trkpt lat="30.00842" lon="-96.40369">
        <ele>83.1</ele>
      </trkpt>
      <trkpt lat="30.00789" lon="-96.4042599">
        <ele>78.8</ele>
      </trkpt>
      <trkpt lat="30.00788" lon="-96.40427">
        <ele>78.7</ele>
      </trkpt>
      <trkpt lat="30.00782" lon="-96.40436">
        <ele>78.0</ele>
      </trkpt>
      <trkpt lat="30.00779" lon="-96.40445">
        <ele>77.6</ele>
      </trkpt>
      <trkpt lat="30.00778" lon="-96.40452">
        <ele>77.5</ele>
      </trkpt>
      <trkpt lat="30.0078" lon="-96.40463">
        <ele>77.4</ele>
      </trkpt>
      <trkpt lat="30.00782" lon="-96.40471">
        <ele>77.4</ele>
      </trkpt>
      <trkpt lat="30.00814" lon="-96.40533">
        <ele>77.6</ele>
      </trkpt>
      <trkpt lat="30.00832" lon="-96.40572">
        <ele>77.5</ele>
      </trkpt>
      <trkpt lat="30.00838" lon="-96.4058699">
        <ele>77.6</ele>
      </trkpt>
      <trkpt lat="30.0084" lon="-96.40598">
        <ele>77.5</ele>
      </trkpt>
      <trkpt lat="30.00841" lon="-96.40607">
        <ele>77.4</ele>
      </trkpt>
      <trkpt lat="30.00841" lon="-96.40617">
        <ele>77.2</ele>
      </trkpt>
      <trkpt lat="30.00838" lon="-96.4063199">
        <ele>76.8</ele>
      </trkpt>
      <trkpt lat="30.00836" lon="-96.40643">
        <ele>76.7</ele>
      </trkpt>
      <trkpt lat="30.00834" lon="-96.40674">
        <ele>77.6</ele>
      </trkpt>
      <trkpt lat="30.00834" lon="-96.40684">
        <ele>78.1</ele>
      </trkpt>
      <trkpt lat="30.00848" lon="-96.40758">
        <ele>80.7</ele>
      </trkpt>
      <trkpt lat="30.00865" lon="-96.40842">
        <ele>82.8</ele>
      </trkpt>
      <trkpt lat="30.00873" lon="-96.40883">
        <ele>82.9</ele>
      </trkpt>
      <trkpt lat="30.00876" lon="-96.40897">
        <ele>82.8</ele>
      </trkpt>
      <trkpt lat="30.00882" lon="-96.40927">
        <ele>82.8</ele>
      </trkpt>
      <trkpt lat="30.00884" lon="-96.4095">
        <ele>83.2</ele>
      </trkpt>
      <trkpt lat="30.00884" lon="-96.4095">
        <ele>83.2</ele>
      </trkpt>
      <trkpt lat="30.00887" lon="-96.40962">
        <ele>83.2</ele>
      </trkpt>
      <trkpt lat="30.00891" lon="-96.40969">
        <ele>82.9</ele>
      </trkpt>
      <trkpt lat="30.00899" lon="-96.4098">
        <ele>82.2</ele>
      </trkpt>
      <trkpt lat="30.00915" lon="-96.41">
        <ele>81.5</ele>
      </trkpt>
      <trkpt lat="30.00939" lon="-96.41031">
        <ele>82.1</ele>
      </trkpt>
      <trkpt lat="30.00941" lon="-96.41034">
        <ele>82.1</ele>
      </trkpt>
      <trkpt lat="30.00946" lon="-96.4104">
        <ele>82.5</ele>
      </trkpt>
      <trkpt lat="30.00972" lon="-96.41072">
        <ele>85.8</ele>
      </trkpt>
      <trkpt lat="30.00983" lon="-96.41087">
        <ele>87.7</ele>
      </trkpt>
      <trkpt lat="30.00987" lon="-96.41092">
        <ele>88.3</ele>
      </trkpt>
      <trkpt lat="30.01043" lon="-96.41165">
        <ele>93.1</ele>
      </trkpt>
      <trkpt lat="30.01047" lon="-96.4117">
        <ele>93.3</ele>
      </trkpt>
      <trkpt lat="30.01056" lon="-96.41183">
        <ele>93.7</ele>
      </trkpt>
      <trkpt lat="30.01069" lon="-96.41198">
        <ele>94.2</ele>
      </trkpt>
      <trkpt lat="30.01118" lon="-96.4126">
        <ele>93.6</ele>
      </trkpt>
      <trkpt lat="30.01151" lon="-96.41301">
        <ele>91.4</ele>
      </trkpt>
      <trkpt lat="30.01151" lon="-96.41301">
        <ele>91.4</ele>
      </trkpt>
      <trkpt lat="30.01176" lon="-96.41275">
        <ele>90.8</ele>
      </trkpt>
      <trkpt lat="30.01219" lon="-96.41231">
        <ele>89.6</ele>
      </trkpt>
      <trkpt lat="30.01246" lon="-96.41203">
        <ele>89.6</ele>
      </trkpt>
      <trkpt lat="30.01286" lon="-96.41161">
        <ele>90.7</ele>
      </trkpt>
      <trkpt lat="30.01302" lon="-96.41144">
        <ele>91.5</ele>
      </trkpt>
      <trkpt lat="30.01328" lon="-96.41117">
        <ele>93.1</ele>
      </trkpt>
      <trkpt lat="30.0134" lon="-96.41105">
        <ele>93.4</ele>
      </trkpt>
      <trkpt lat="30.01355" lon="-96.41089">
        <ele>93.5</ele>
      </trkpt>
      <trkpt lat="30.01367" lon="-96.41077">
        <ele>93.4</ele>
      </trkpt>
      <trkpt lat="30.01369" lon="-96.41074">
        <ele>93.4</ele>
      </trkpt>
      <trkpt lat="30.01377" lon="-96.4106599">
        <ele>93.1</ele>
      </trkpt>
      <trkpt lat="30.01449" lon="-96.40994">
        <ele>88.6</ele>
      </trkpt>
      <trkpt lat="30.01474" lon="-96.40968">
        <ele>87.7</ele>
      </trkpt>
      <trkpt lat="30.01477" lon="-96.40965">
        <ele>87.6</ele>
      </trkpt>
      <trkpt lat="30.01482" lon="-96.4096">
        <ele>87.4</ele>
      </trkpt>
      <trkpt lat="30.01584" lon="-96.40856">
        <ele>83.5</ele>
      </trkpt>
      <trkpt lat="30.01594" lon="-96.40845">
        <ele>82.7</ele>
      </trkpt>
      <trkpt lat="30.01635" lon="-96.40803">
        <ele>83.0</ele>
      </trkpt>
      <trkpt lat="30.01679" lon="-96.40758">
        <ele>82.9</ele>
      </trkpt>
      <trkpt lat="30.01693" lon="-96.40743">
        <ele>82.9</ele>
      </trkpt>
      <trkpt lat="30.01711" lon="-96.4072599">
        <ele>83.0</ele>
      </trkpt>
      <trkpt lat="30.01734" lon="-96.40709">
        <ele>83.5</ele>
      </trkpt>
      <trkpt lat="30.01743" lon="-96.40704">
        <ele>83.7</ele>
      </trkpt>
      <trkpt lat="30.01789" lon="-96.4067">
        <ele>83.6</ele>
      </trkpt>
      <trkpt lat="30.01811" lon="-96.40653">
        <ele>83.0</ele>
      </trkpt>
      <trkpt lat="30.01811" lon="-96.40653">
        <ele>83.0</ele>
      </trkpt>
      <trkpt lat="30.01819" lon="-96.40647">
        <ele>82.8</ele>
      </trkpt>
      <trkpt lat="30.01851" lon="-96.40624">
        <ele>81.9</ele>
      </trkpt>
      <trkpt lat="30.01926" lon="-96.4057">
        <ele>77.6</ele>
      </trkpt>
      <trkpt lat="30.01942" lon="-96.40559">
        <ele>76.4</ele>
      </trkpt>
      <trkpt lat="30.01988" lon="-96.40533">
        <ele>73.4</ele>
      </trkpt>
      <trkpt lat="30.02018" lon="-96.40518">
        <ele>72.4</ele>
      </trkpt>
      <trkpt lat="30.0204" lon="-96.40509">
        <ele>71.7</ele>
      </trkpt>
      <trkpt lat="30.02066" lon="-96.40498">
        <ele>70.6</ele>
      </trkpt>
      <trkpt lat="30.02143" lon="-96.40473">
        <ele>67.8</ele>
      </trkpt>
      <trkpt lat="30.02155" lon="-96.40469">
        <ele>67.4</ele>
      </trkpt>
      <trkpt lat="30.02196" lon="-96.40459">
        <ele>66.7</ele>
      </trkpt>
      <trkpt lat="30.02199" lon="-96.40458">
        <ele>66.8</ele>
      </trkpt>
      <trkpt lat="30.02326" lon="-96.40428">
        <ele>65.1</ele>
      </trkpt>
      <trkpt lat="30.02337" lon="-96.4042599">
        <ele>65.0</ele>
      </trkpt>
      <trkpt lat="30.02416" lon="-96.40411">
        <ele>64.6</ele>
      </trkpt>
      <trkpt lat="30.02444" lon="-96.40409">
        <ele>64.5</ele>
      </trkpt>
      <trkpt lat="30.02459" lon="-96.4041">
        <ele>64.5</ele>
      </trkpt>
      <trkpt lat="30.02485" lon="-96.40413">
        <ele>64.6</ele>
      </trkpt>
      <trkpt lat="30.02525" lon="-96.40418">
        <ele>67.1</ele>
      </trkpt>
      <trkpt lat="30.02571" lon="-96.4042">
        <ele>69.4</ele>
      </trkpt>
      <trkpt lat="30.02643" lon="-96.40427">
        <ele>70.8</ele>
      </trkpt>
      <trkpt lat="30.02673" lon="-96.40429">
        <ele>70.5</ele>
      </trkpt>
      <trkpt lat="30.02697" lon="-96.40432">
        <ele>70.0</ele>
      </trkpt>
      <trkpt lat="30.02733" lon="-96.40436">
        <ele>69.3</ele>
      </trkpt>
      <trkpt lat="30.02739" lon="-96.40437">
        <ele>69.1</ele>
      </trkpt>
      <trkpt lat="30.02768" lon="-96.4044">
        <ele>68.5</ele>
      </trkpt>
      <trkpt lat="30.02814" lon="-96.40446">
        <ele>66.5</ele>
      </trkpt>
      <trkpt lat="30.02827" lon="-96.40446">
        <ele>64.8</ele>
      </trkpt>
      <trkpt lat="30.0284" lon="-96.4044399">
        <ele>64.0</ele>
      </trkpt>
      <trkpt lat="30.0285" lon="-96.40443">
        <ele>64.0</ele>
      </trkpt>
      <trkpt lat="30.02862" lon="-96.4044">
        <ele>64.0</ele>
      </trkpt>
      <trkpt lat="30.02878" lon="-96.40436">
        <ele>64.0</ele>
      </trkpt>
      <trkpt lat="30.02892" lon="-96.40431">
        <ele>64.0</ele>
      </trkpt>
      <trkpt lat="30.02911" lon="-96.40419">
        <ele>64.0</ele>
      </trkpt>
      <trkpt lat="30.02918" lon="-96.40414">
        <ele>64.0</ele>
      </trkpt>
      <trkpt lat="30.02945" lon="-96.40394">
        <ele>64.0</ele>
      </trkpt>
      <trkpt lat="30.02967" lon="-96.4038">
        <ele>64.0</ele>
      </trkpt>
      <trkpt lat="30.0298" lon="-96.40372">
        <ele>64.0</ele>
      </trkpt>
      <trkpt lat="30.03002" lon="-96.4036">
        <ele>64.0</ele>
      </trkpt>
      <trkpt lat="30.03015" lon="-96.40351">
        <ele>64.0</ele>
      </trkpt>
      <trkpt lat="30.03043" lon="-96.40337">
        <ele>64.0</ele>
      </trkpt>
      <trkpt lat="30.03062" lon="-96.40329">
        <ele>64.0</ele>
      </trkpt>
      <trkpt lat="30.03067" lon="-96.40327">
        <ele>64.0</ele>
      </trkpt>
      <trkpt lat="30.03113" lon="-96.40312">
        <ele>66.3</ele>
      </trkpt>
      <trkpt lat="30.03117" lon="-96.40311">
        <ele>66.6</ele>
      </trkpt>
      <trkpt lat="30.03144" lon="-96.40304">
        <ele>67.6</ele>
      </trkpt>
      <trkpt lat="30.03153" lon="-96.40302">
        <ele>67.8</ele>
      </trkpt>
      <trkpt lat="30.03214" lon="-96.40291">
        <ele>69.3</ele>
      </trkpt>
      <trkpt lat="30.0325" lon="-96.40284">
        <ele>69.9</ele>
      </trkpt>
      <trkpt lat="30.0328" lon="-96.40278">
        <ele>70.5</ele>
      </trkpt>
      <trkpt lat="30.03285" lon="-96.40277">
        <ele>70.6</ele>
      </trkpt>
      <trkpt lat="30.03338" lon="-96.40266">
        <ele>71.3</ele>
      </trkpt>
      <trkpt lat="30.03373" lon="-96.40258">
        <ele>71.3</ele>
      </trkpt>
      <trkpt lat="30.03378" lon="-96.40257">
        <ele>71.3</ele>
      </trkpt>
      <trkpt lat="30.03424" lon="-96.40248">
        <ele>70.3</ele>
      </trkpt>
      <trkpt lat="30.03438" lon="-96.40246">
        <ele>70.1</ele>
      </trkpt>
      <trkpt lat="30.03482" lon="-96.4024">
        <ele>68.8</ele>
      </trkpt>
      <trkpt lat="30.03503" lon="-96.4023799">
        <ele>68.9</ele>
      </trkpt>
      <trkpt lat="30.03534" lon="-96.4023799">
        <ele>69.3</ele>
      </trkpt>
      <trkpt lat="30.03588" lon="-96.4023799">
        <ele>69.9</ele>
      </trkpt>
      <trkpt lat="30.03592" lon="-96.4023799">
        <ele>69.9</ele>
      </trkpt>
      <trkpt lat="30.03693" lon="-96.40242">
        <ele>69.4</ele>
      </trkpt>
      <trkpt lat="30.03724" lon="-96.40243">
        <ele>70.1</ele>
      </trkpt>
      <trkpt lat="30.0375" lon="-96.40245">
        <ele>70.2</ele>
      </trkpt>
      <trkpt lat="30.03807" lon="-96.4025">
        <ele>70.3</ele>
      </trkpt>
      <trkpt lat="30.03887" lon="-96.40258">
        <ele>70.4</ele>
      </trkpt>
      <trkpt lat="30.03914" lon="-96.40265">
        <ele>70.4</ele>
      </trkpt>
      <trkpt lat="30.04011" lon="-96.40293">
        <ele>70.8</ele>
      </trkpt>
      <trkpt lat="30.04035" lon="-96.40297">
        <ele>71.0</ele>
      </trkpt>
      <trkpt lat="30.04068" lon="-96.40302">
        <ele>71.3</ele>
      </trkpt>
      <trkpt lat="30.04083" lon="-96.40304">
        <ele>71.5</ele>
      </trkpt>
      <trkpt lat="30.04154" lon="-96.40308">
        <ele>72.4</ele>
      </trkpt>
      <trkpt lat="30.04158" lon="-96.40308">
        <ele>72.4</ele>
      </trkpt>
      <trkpt lat="30.04219" lon="-96.40309">
        <ele>72.8</ele>
      </trkpt>
      <trkpt lat="30.04268" lon="-96.40308">
        <ele>73.2</ele>
      </trkpt>
      <trkpt lat="30.04284" lon="-96.40308">
        <ele>73.5</ele>
      </trkpt>
      <trkpt lat="30.04328" lon="-96.40308">
        <ele>74.1</ele>
      </trkpt>
      <trkpt lat="30.04379" lon="-96.40306">
        <ele>74.7</ele>
      </trkpt>
      <trkpt lat="30.04392" lon="-96.4030499">
        <ele>74.8</ele>
      </trkpt>
      <trkpt lat="30.04397" lon="-96.40304">
        <ele>74.9</ele>
      </trkpt>
      <trkpt lat="30.04499" lon="-96.40293">
        <ele>76.1</ele>
      </trkpt>
      <trkpt lat="30.04504" lon="-96.40293">
        <ele>76.1</ele>
      </trkpt>
      <trkpt lat="30.04544" lon="-96.4029">
        <ele>77.0</ele>
      </trkpt>
      <trkpt lat="30.04565" lon="-96.4029">
        <ele>77.6</ele>
      </trkpt>
      <trkpt lat="30.04588" lon="-96.40291">
        <ele>78.3</ele>
      </trkpt>
      <trkpt lat="30.04637" lon="-96.40297">
        <ele>79.1</ele>
      </trkpt>
      <trkpt lat="30.04661" lon="-96.40301">
        <ele>79.2</ele>
      </trkpt>
      <trkpt lat="30.0469" lon="-96.40306">
        <ele>79.4</ele>
      </trkpt>
      <trkpt lat="30.04749" lon="-96.40317">
        <ele>80.1</ele>
      </trkpt>
      <trkpt lat="30.04838" lon="-96.40334">
        <ele>80.6</ele>
      </trkpt>
      <trkpt lat="30.04879" lon="-96.40342">
        <ele>79.0</ele>
      </trkpt>
      <trkpt lat="30.04909" lon="-96.40349">
        <ele>78.4</ele>
      </trkpt>
      <trkpt lat="30.04909" lon="-96.40349">
        <ele>78.4</ele>
      </trkpt>
      <trkpt lat="30.04978" lon="-96.40364">
        <ele>76.8</ele>
      </trkpt>
      <trkpt lat="30.04984" lon="-96.40365">
        <ele>76.7</ele>
      </trkpt>
      <trkpt lat="30.04999" lon="-96.40366">
        <ele>76.8</ele>
      </trkpt>
      <trkpt lat="30.05006" lon="-96.40366">
        <ele>77.0</ele>
      </trkpt>
      <trkpt lat="30.05013" lon="-96.40364">
        <ele>77.3</ele>
      </trkpt>
      <trkpt lat="30.05022" lon="-96.40358">
        <ele>77.8</ele>
      </trkpt>
      <trkpt lat="30.05028" lon="-96.40353">
        <ele>78.2</ele>
      </trkpt>
      <trkpt lat="30.05038" lon="-96.40342">
        <ele>78.7</ele>
      </trkpt>
      <trkpt lat="30.05039" lon="-96.4034099">
        <ele>78.7</ele>
      </trkpt>
      <trkpt lat="30.05052" lon="-96.40319">
        <ele>80.5</ele>
      </trkpt>
      <trkpt lat="30.05071" lon="-96.40288">
        <ele>81.8</ele>
      </trkpt>
      <trkpt lat="30.05123" lon="-96.40198">
        <ele>84.4</ele>
      </trkpt>
      <trkpt lat="30.05152" lon="-96.40148">
        <ele>84.8</ele>
      </trkpt>
      <trkpt lat="30.05171" lon="-96.4011">
        <ele>86.5</ele>
      </trkpt>
      <trkpt lat="30.05174" lon="-96.40103">
        <ele>86.7</ele>
      </trkpt>
      <trkpt lat="30.0518" lon="-96.40093">
        <ele>87.0</ele>
      </trkpt>
      <trkpt lat="30.05197" lon="-96.40074">
        <ele>87.6</ele>
      </trkpt>
      <trkpt lat="30.05237" lon="-96.40043">
        <ele>89.9</ele>
      </trkpt>
      <trkpt lat="30.05256" lon="-96.40028">
        <ele>90.7</ele>
      </trkpt>
      <trkpt lat="30.05289" lon="-96.39995">
        <ele>91.9</ele>
      </trkpt>
      <trkpt lat="30.05306" lon="-96.39976">
        <ele>92.4</ele>
      </trkpt>
      <trkpt lat="30.05314" lon="-96.39967">
        <ele>92.6</ele>
      </trkpt>
      <trkpt lat="30.05363" lon="-96.39914">
        <ele>94.0</ele>
      </trkpt>
      <trkpt lat="30.05372" lon="-96.39905">
        <ele>94.3</ele>
      </trkpt>
      <trkpt lat="30.05397" lon="-96.39876">
        <ele>95.7</ele>
      </trkpt>
      <trkpt lat="30.05426" lon="-96.3984399">
        <ele>97.1</ele>
      </trkpt>
      <trkpt lat="30.05436" lon="-96.39831">
        <ele>97.6</ele>
      </trkpt>
      <trkpt lat="30.05444" lon="-96.39819">
        <ele>98.3</ele>
      </trkpt>
      <trkpt lat="30.05482" lon="-96.3976799">
        <ele>100.3</ele>
      </trkpt>
      <trkpt lat="30.05509" lon="-96.39731">
        <ele>100.2</ele>
      </trkpt>
      <trkpt lat="30.05544" lon="-96.39694">
        <ele>100.0</ele>
      </trkpt>
      <trkpt lat="30.05663" lon="-96.39567">
        <ele>99.7</ele>
      </trkpt>
      <trkpt lat="30.05673" lon="-96.39556">
        <ele>99.5</ele>
      </trkpt>
      <trkpt lat="30.05761" lon="-96.3946799">
        <ele>98.6</ele>
      </trkpt>
      <trkpt lat="30.0577" lon="-96.39456">
        <ele>98.8</ele>
      </trkpt>
      <trkpt lat="30.0577" lon="-96.39456">
        <ele>98.8</ele>
      </trkpt>
      <trkpt lat="30.0578" lon="-96.39467">
        <ele>99.2</ele>
      </trkpt>
      <trkpt lat="30.05807" lon="-96.39501">
        <ele>99.9</ele>
      </trkpt>
      <trkpt lat="30.05856" lon="-96.3956199">
        <ele>101.7</ele>
      </trkpt>
      <trkpt lat="30.05903" lon="-96.39622">
        <ele>102.7</ele>
      </trkpt>
      <trkpt lat="30.05903" lon="-96.39622">
        <ele>102.7</ele>
      </trkpt>
      <trkpt lat="30.05904" lon="-96.39624">
        <ele>102.6</ele>
      </trkpt>
      <trkpt lat="30.05907" lon="-96.39627">
        <ele>102.6</ele>
      </trkpt>
      <trkpt lat="30.05975" lon="-96.39718">
        <ele>101.7</ele>
      </trkpt>
      <trkpt lat="30.05999" lon="-96.39749">
        <ele>101.5</ele>
      </trkpt>
      <trkpt lat="30.06006" lon="-96.39758">
        <ele>101.4</ele>
      </trkpt>
      <trkpt lat="30.06021" lon="-96.39776">
        <ele>101.1</ele>
      </trkpt>
      <trkpt lat="30.06042" lon="-96.39804">
        <ele>100.4</ele>
      </trkpt>
      <trkpt lat="30.06049" lon="-96.39809">
        <ele>100.4</ele>
      </trkpt>
      <trkpt lat="30.06049" lon="-96.3981">
        <ele>100.3</ele>
      </trkpt>
      <trkpt lat="30.06056" lon="-96.39813">
        <ele>100.3</ele>
      </trkpt>
      <trkpt lat="30.06067" lon="-96.39814">
        <ele>100.6</ele>
      </trkpt>
      <trkpt lat="30.06073" lon="-96.39813">
        <ele>100.7</ele>
      </trkpt>
      <trkpt lat="30.06078" lon="-96.3981">
        <ele>100.8</ele>
      </trkpt>
      <trkpt lat="30.06082" lon="-96.39806">
        <ele>100.9</ele>
      </trkpt>
      <trkpt lat="30.06109" lon="-96.39779">
        <ele>101.1</ele>
      </trkpt>
      <trkpt lat="30.0613" lon="-96.39757">
        <ele>100.9</ele>
      </trkpt>
      <trkpt lat="30.06138" lon="-96.39748">
        <ele>100.9</ele>
      </trkpt>
      <trkpt lat="30.06157" lon="-96.39729">
        <ele>100.0</ele>
      </trkpt>
      <trkpt lat="30.06158" lon="-96.39728">
        <ele>99.9</ele>
      </trkpt>
      <trkpt lat="30.06184" lon="-96.39702">
        <ele>97.4</ele>
      </trkpt>
      <trkpt lat="30.06197" lon="-96.39688">
        <ele>95.9</ele>
      </trkpt>
      <trkpt lat="30.06224" lon="-96.3966">
        <ele>92.3</ele>
      </trkpt>
      <trkpt lat="30.06238" lon="-96.39646">
        <ele>91.0</ele>
      </trkpt>
      <trkpt lat="30.0625" lon="-96.39634">
        <ele>90.7</ele>
      </trkpt>
      <trkpt lat="30.06251" lon="-96.39633">
        <ele>90.7</ele>
      </trkpt>
      <trkpt lat="30.06265" lon="-96.39619">
        <ele>91.1</ele>
      </trkpt>
      <trkpt lat="30.06278" lon="-96.39604">
        <ele>92.7</ele>
      </trkpt>
      <trkpt lat="30.06318" lon="-96.3956199">
        <ele>97.4</ele>
      </trkpt>
      <trkpt lat="30.06344" lon="-96.39534">
        <ele>100.4</ele>
      </trkpt>
      <trkpt lat="30.06371" lon="-96.39506">
        <ele>101.3</ele>
      </trkpt>
      <trkpt lat="30.06397" lon="-96.39478">
        <ele>99.6</ele>
      </trkpt>
      <trkpt lat="30.06405" lon="-96.3947">
        <ele>99.3</ele>
      </trkpt>
      <trkpt lat="30.06442" lon="-96.3943199">
        <ele>98.7</ele>
      </trkpt>
      <trkpt lat="30.06464" lon="-96.39409">
        <ele>99.5</ele>
      </trkpt>
      <trkpt lat="30.06509" lon="-96.39363">
        <ele>101.3</ele>
      </trkpt>
      <trkpt lat="30.06604" lon="-96.39268">
        <ele>95.5</ele>
      </trkpt>
      <trkpt lat="30.06621" lon="-96.3925">
        <ele>96.2</ele>
      </trkpt>
      <trkpt lat="30.06657" lon="-96.39211">
        <ele>97.2</ele>
      </trkpt>
      <trkpt lat="30.06661" lon="-96.39207">
        <ele>97.2</ele>
      </trkpt>
      <trkpt lat="30.06684" lon="-96.39184">
        <ele>97.0</ele>
      </trkpt>
      <trkpt lat="30.0673" lon="-96.39138">
        <ele>93.0</ele>
      </trkpt>
      <trkpt lat="30.06748" lon="-96.3912">
        <ele>91.4</ele>
      </trkpt>
      <trkpt lat="30.06768" lon="-96.39099">
        <ele>91.3</ele>
      </trkpt>
      <trkpt lat="30.06773" lon="-96.39096">
        <ele>91.5</ele>
      </trkpt>
      <trkpt lat="30.06777" lon="-96.39095">
        <ele>91.7</ele>
      </trkpt>
      <trkpt lat="30.06781" lon="-96.39094">
        <ele>92.0</ele>
      </trkpt>
      <trkpt lat="30.06811" lon="-96.39094">
        <ele>93.9</ele>
      </trkpt>
      <trkpt lat="30.06818" lon="-96.39094">
        <ele>94.0</ele>
      </trkpt>
      <trkpt lat="30.06818" lon="-96.39094">
        <ele>94.0</ele>
      </trkpt>
      <trkpt lat="30.06821" lon="-96.39096">
        <ele>94.0</ele>
      </trkpt>
      <trkpt lat="30.06824" lon="-96.39096">
        <ele>94.0</ele>
      </trkpt>
      <trkpt lat="30.06827" lon="-96.39096">
        <ele>94.0</ele>
      </trkpt>
      <trkpt lat="30.06832" lon="-96.39095">
        <ele>94.1</ele>
      </trkpt>
      <trkpt lat="30.06838" lon="-96.39093">
        <ele>94.3</ele>
      </trkpt>
      <trkpt lat="30.06843" lon="-96.3909">
        <ele>94.7</ele>
      </trkpt>
      <trkpt lat="30.06867" lon="-96.39067">
        <ele>97.2</ele>
      </trkpt>
      <trkpt lat="30.06906" lon="-96.39025">
        <ele>101.3</ele>
      </trkpt>
      <trkpt lat="30.06945" lon="-96.38983">
        <ele>104.3</ele>
      </trkpt>
      <trkpt lat="30.06975" lon="-96.38951">
        <ele>105.7</ele>
      </trkpt>
      <trkpt lat="30.06978" lon="-96.38948">
        <ele>105.7</ele>
      </trkpt>
      <trkpt lat="30.06993" lon="-96.38931">
        <ele>105.9</ele>
      </trkpt>
      <trkpt lat="30.07004" lon="-96.38918">
        <ele>105.9</ele>
      </trkpt>
      <trkpt lat="30.07018" lon="-96.38902">
        <ele>105.9</ele>
      </trkpt>
      <trkpt lat="30.07021" lon="-96.38899">
        <ele>105.9</ele>
      </trkpt>
      <trkpt lat="30.07023" lon="-96.38897">
        <ele>105.9</ele>
      </trkpt>
      <trkpt lat="30.07045" lon="-96.38875">
        <ele>105.4</ele>
      </trkpt>
      <trkpt lat="30.07113" lon="-96.38806">
        <ele>101.7</ele>
      </trkpt>
      <trkpt lat="30.0714" lon="-96.38779">
        <ele>101.6</ele>
      </trkpt>
      <trkpt lat="30.07185" lon="-96.38733">
        <ele>102.0</ele>
      </trkpt>
      <trkpt lat="30.07223" lon="-96.38693">
        <ele>101.1</ele>
      </trkpt>
      <trkpt lat="30.07235" lon="-96.38678">
        <ele>101.0</ele>
      </trkpt>
      <trkpt lat="30.07243" lon="-96.38665">
        <ele>101.0</ele>
      </trkpt>
      <trkpt lat="30.07245" lon="-96.38658">
        <ele>101.0</ele>
      </trkpt>
      <trkpt lat="30.07246" lon="-96.38649">
        <ele>101.0</ele>
      </trkpt>
      <trkpt lat="30.07245" lon="-96.38641">
        <ele>101.1</ele>
      </trkpt>
      <trkpt lat="30.07243" lon="-96.3863499">
        <ele>101.3</ele>
      </trkpt>
      <trkpt lat="30.07233" lon="-96.38621">
        <ele>102.6</ele>
      </trkpt>
      <trkpt lat="30.07229" lon="-96.38615">
        <ele>103.2</ele>
      </trkpt>
      <trkpt lat="30.07173" lon="-96.38544">
        <ele>107.6</ele>
      </trkpt>
      <trkpt lat="30.07148" lon="-96.38513">
        <ele>108.9</ele>
      </trkpt>
      <trkpt lat="30.07146" lon="-96.3851">
        <ele>109.0</ele>
      </trkpt>
      <trkpt lat="30.07144" lon="-96.38507">
        <ele>109.0</ele>
      </trkpt>
      <trkpt lat="30.07141" lon="-96.385">
        <ele>109.0</ele>
      </trkpt>
      <trkpt lat="30.07139" lon="-96.38495">
        <ele>109.0</ele>
      </trkpt>
      <trkpt lat="30.07137" lon="-96.38488">
        <ele>108.9</ele>
      </trkpt>
      <trkpt lat="30.07132" lon="-96.3846499">
        <ele>108.6</ele>
      </trkpt>
      <trkpt lat="30.07132" lon="-96.38455">
        <ele>108.3</ele>
      </trkpt>
      <trkpt lat="30.07128" lon="-96.38372">
        <ele>105.5</ele>
      </trkpt>
      <trkpt lat="30.07123" lon="-96.38247">
        <ele>99.9</ele>
      </trkpt>
      <trkpt lat="30.07122" lon="-96.38185">
        <ele>95.5</ele>
      </trkpt>
      <trkpt lat="30.07122" lon="-96.38167">
        <ele>94.6</ele>
      </trkpt>
      <trkpt lat="30.07123" lon="-96.38157">
        <ele>94.4</ele>
      </trkpt>
      <trkpt lat="30.07126" lon="-96.3814699">
        <ele>94.3</ele>
      </trkpt>
      <trkpt lat="30.07127" lon="-96.38144">
        <ele>94.3</ele>
      </trkpt>
      <trkpt lat="30.07132" lon="-96.38134">
        <ele>94.3</ele>
      </trkpt>
      <trkpt lat="30.07142" lon="-96.38121">
        <ele>94.8</ele>
      </trkpt>
      <trkpt lat="30.07149" lon="-96.38113">
        <ele>95.5</ele>
      </trkpt>
      <trkpt lat="30.07221" lon="-96.38037">
        <ele>103.1</ele>
      </trkpt>
      <trkpt lat="30.07275" lon="-96.3798">
        <ele>107.0</ele>
      </trkpt>
      <trkpt lat="30.07308" lon="-96.37945">
        <ele>108.6</ele>
      </trkpt>
      <trkpt lat="30.07374" lon="-96.37875">
        <ele>112.2</ele>
      </trkpt>
      <trkpt lat="30.07435" lon="-96.3781">
        <ele>115.4</ele>
      </trkpt>
      <trkpt lat="30.0744" lon="-96.37805">
        <ele>115.7</ele>
      </trkpt>
      <trkpt lat="30.07467" lon="-96.37776">
        <ele>116.1</ele>
      </trkpt>
      <trkpt lat="30.07488" lon="-96.3775299">
        <ele>115.2</ele>
      </trkpt>
      <trkpt lat="30.07507" lon="-96.37734">
        <ele>114.1</ele>
      </trkpt>
      <trkpt lat="30.0753" lon="-96.3771">
        <ele>113.0</ele>
      </trkpt>
      <trkpt lat="30.0756" lon="-96.37678">
        <ele>111.4</ele>
      </trkpt>
      <trkpt lat="30.07587" lon="-96.3764999">
        <ele>110.0</ele>
      </trkpt>
      <trkpt lat="30.07653" lon="-96.3758">
        <ele>107.7</ele>
      </trkpt>
      <trkpt lat="30.07689" lon="-96.37543">
        <ele>107.6</ele>
      </trkpt>
      <trkpt lat="30.07693" lon="-96.37538">
        <ele>107.7</ele>
      </trkpt>
      <trkpt lat="30.07719" lon="-96.3751">
        <ele>109.1</ele>
      </trkpt>
      <trkpt lat="30.07745" lon="-96.37481">
        <ele>110.9</ele>
      </trkpt>
      <trkpt lat="30.07785" lon="-96.37439">
        <ele>114.1</ele>
      </trkpt>
      <trkpt lat="30.07838" lon="-96.37382">
        <ele>117.1</ele>
      </trkpt>
      <trkpt lat="30.07858" lon="-96.37361">
        <ele>117.5</ele>
      </trkpt>
      <trkpt lat="30.07869" lon="-96.37349">
        <ele>117.6</ele>
      </trkpt>
      <trkpt lat="30.07871" lon="-96.37348">
        <ele>117.5</ele>
      </trkpt>
      <trkpt lat="30.07878" lon="-96.37341">
        <ele>117.5</ele>
      </trkpt>
      <trkpt lat="30.07906" lon="-96.37313">
        <ele>116.8</ele>
      </trkpt>
      <trkpt lat="30.07915" lon="-96.37304">
        <ele>116.4</ele>
      </trkpt>
      <trkpt lat="30.07932" lon="-96.37284">
        <ele>115.9</ele>
      </trkpt>
      <trkpt lat="30.07981" lon="-96.37233">
        <ele>113.7</ele>
      </trkpt>
      <trkpt lat="30.08021" lon="-96.37191">
        <ele>113.3</ele>
      </trkpt>
      <trkpt lat="30.0803" lon="-96.37182">
        <ele>113.6</ele>
      </trkpt>
      <trkpt lat="30.08046" lon="-96.37164">
        <ele>114.2</ele>
      </trkpt>
      <trkpt lat="30.0806" lon="-96.37149">
        <ele>114.8</ele>
      </trkpt>
      <trkpt lat="30.08062" lon="-96.37147">
        <ele>114.9</ele>
      </trkpt>
      <trkpt lat="30.08073" lon="-96.37135">
        <ele>115.4</ele>
      </trkpt>
      <trkpt lat="30.08099" lon="-96.37107">
        <ele>116.6</ele>
      </trkpt>
      <trkpt lat="30.08103" lon="-96.3710399">
        <ele>116.7</ele>
      </trkpt>
      <trkpt lat="30.0814" lon="-96.37064">
        <ele>118.6</ele>
      </trkpt>
      <trkpt lat="30.08159" lon="-96.37044">
        <ele>119.3</ele>
      </trkpt>
      <trkpt lat="30.08177" lon="-96.37027">
        <ele>119.8</ele>
      </trkpt>
      <trkpt lat="30.08177" lon="-96.37027">
        <ele>119.8</ele>
      </trkpt>
      <trkpt lat="30.08162" lon="-96.37006">
        <ele>119.9</ele>
      </trkpt>
      <trkpt lat="30.08145" lon="-96.36984">
        <ele>119.8</ele>
      </trkpt>
      <trkpt lat="30.08118" lon="-96.36949">
        <ele>119.6</ele>
      </trkpt>
      <trkpt lat="30.08108" lon="-96.36937">
        <ele>119.5</ele>
      </trkpt>
      <trkpt lat="30.08068" lon="-96.3688899">
        <ele>118.9</ele>
      </trkpt>
      <trkpt lat="30.08044" lon="-96.36861">
        <ele>118.7</ele>
      </trkpt>
      <trkpt lat="30.08028" lon="-96.36841">
        <ele>118.7</ele>
      </trkpt>
      <trkpt lat="30.08024" lon="-96.36836">
        <ele>118.7</ele>
      </trkpt>
      <trkpt lat="30.07991" lon="-96.36794">
        <ele>119.0</ele>
      </trkpt>
      <trkpt lat="30.07935" lon="-96.36721">
        <ele>118.8</ele>
      </trkpt>
      <trkpt lat="30.0791" lon="-96.3669">
        <ele>118.8</ele>
      </trkpt>
      <trkpt lat="30.0789" lon="-96.36665">
        <ele>119.0</ele>
      </trkpt>
      <trkpt lat="30.07887" lon="-96.36659">
        <ele>119.0</ele>
      </trkpt>
      <trkpt lat="30.07883" lon="-96.36652">
        <ele>119.0</ele>
      </trkpt>
      <trkpt lat="30.0788" lon="-96.3664">
        <ele>119.2</ele>
      </trkpt>
      <trkpt lat="30.07881" lon="-96.36626">
        <ele>119.5</ele>
      </trkpt>
      <trkpt lat="30.0789" lon="-96.36578">
        <ele>120.6</ele>
      </trkpt>
      <trkpt lat="30.07893" lon="-96.36558">
        <ele>120.9</ele>
      </trkpt>
      <trkpt lat="30.07897" lon="-96.36532">
        <ele>121.1</ele>
      </trkpt>
      <trkpt lat="30.07905" lon="-96.36483">
        <ele>120.6</ele>
      </trkpt>
      <trkpt lat="30.07913" lon="-96.36452">
        <ele>119.5</ele>
      </trkpt>
      <trkpt lat="30.07913" lon="-96.36452">
        <ele>119.5</ele>
      </trkpt>
      <trkpt lat="30.07907" lon="-96.36454">
        <ele>119.6</ele>
      </trkpt>
      <trkpt lat="30.07905" lon="-96.36454">
        <ele>119.6</ele>
      </trkpt>
      <trkpt lat="30.079" lon="-96.36454">
        <ele>119.6</ele>
      </trkpt>
      <trkpt lat="30.07897" lon="-96.36453">
        <ele>119.6</ele>
      </trkpt>
      <trkpt lat="30.07894" lon="-96.36452">
        <ele>119.6</ele>
      </trkpt>
      <trkpt lat="30.07891" lon="-96.36449">
        <ele>119.5</ele>
      </trkpt>
      <trkpt lat="30.07831" lon="-96.36373">
        <ele>119.2</ele>
      </trkpt>
      <trkpt lat="30.07807" lon="-96.3634299">
        <ele>118.8</ele>
      </trkpt>
      <trkpt lat="30.07771" lon="-96.36297">
        <ele>117.5</ele>
      </trkpt>
      <trkpt lat="30.0774" lon="-96.36258">
        <ele>116.5</ele>
      </trkpt>
      <trkpt lat="30.07709" lon="-96.36219">
        <ele>115.2</ele>
      </trkpt>
      <trkpt lat="30.07564" lon="-96.36036">
        <ele>107.4</ele>
      </trkpt>
      <trkpt lat="30.07513" lon="-96.35972">
        <ele>103.7</ele>
      </trkpt>
      <trkpt lat="30.07485" lon="-96.35937">
        <ele>101.5</ele>
      </trkpt>
      <trkpt lat="30.07479" lon="-96.3593">
        <ele>101.1</ele>
      </trkpt>
      <trkpt lat="30.0742" lon="-96.35857">
        <ele>97.6</ele>
      </trkpt>
      <trkpt lat="30.07399" lon="-96.35836">
        <ele>96.5</ele>
      </trkpt>
      <trkpt lat="30.07391" lon="-96.35826">
        <ele>96.3</ele>
      </trkpt>
      <trkpt lat="30.07296" lon="-96.35702">
        <ele>96.2</ele>
      </trkpt>
      <trkpt lat="30.07296" lon="-96.35702">
        <ele>96.2</ele>
      </trkpt>
      <trkpt lat="30.07331" lon="-96.35668">
        <ele>97.2</ele>
      </trkpt>
      <trkpt lat="30.07338" lon="-96.35662">
        <ele>97.2</ele>
      </trkpt>
      <trkpt lat="30.07393" lon="-96.35614">
        <ele>99.4</ele>
      </trkpt>
      <trkpt lat="30.07396" lon="-96.35612">
        <ele>99.6</ele>
      </trkpt>
      <trkpt lat="30.07419" lon="-96.35591">
        <ele>100.0</ele>
      </trkpt>
      <trkpt lat="30.07436" lon="-96.35577">
        <ele>99.8</ele>
      </trkpt>
      <trkpt lat="30.07453" lon="-96.35556">
        <ele>99.5</ele>
      </trkpt>
      <trkpt lat="30.07477" lon="-96.35523">
        <ele>99.7</ele>
      </trkpt>
      <trkpt lat="30.0749" lon="-96.35503">
        <ele>100.1</ele>
      </trkpt>
      <trkpt lat="30.07493" lon="-96.35497">
        <ele>100.2</ele>
      </trkpt>
      <trkpt lat="30.07496" lon="-96.35493">
        <ele>100.3</ele>
      </trkpt>
      <trkpt lat="30.07535" lon="-96.35428">
        <ele>102.1</ele>
      </trkpt>
      <trkpt lat="30.07538" lon="-96.35422">
        <ele>102.3</ele>
      </trkpt>
      <trkpt lat="30.07558" lon="-96.35388">
        <ele>102.9</ele>
      </trkpt>
      <trkpt lat="30.07564" lon="-96.35378">
        <ele>103.0</ele>
      </trkpt>
      <trkpt lat="30.07564" lon="-96.35378">
        <ele>103.0</ele>
      </trkpt>
      <trkpt lat="30.07605" lon="-96.35306">
        <ele>105.3</ele>
      </trkpt>
      <trkpt lat="30.07608" lon="-96.35301">
        <ele>105.4</ele>
      </trkpt>
      <trkpt lat="30.07619" lon="-96.35286">
        <ele>105.7</ele>
      </trkpt>
      <trkpt lat="30.07664" lon="-96.35229">
        <ele>106.9</ele>
      </trkpt>
      <trkpt lat="30.077" lon="-96.35183">
        <ele>107.4</ele>
      </trkpt>
      <trkpt lat="30.07714" lon="-96.35163">
        <ele>107.6</ele>
      </trkpt>
      <trkpt lat="30.0772" lon="-96.35149">
        <ele>108.1</ele>
      </trkpt>
      <trkpt lat="30.07723" lon="-96.3513">
        <ele>108.7</ele>
      </trkpt>
      <trkpt lat="30.07725" lon="-96.351">
        <ele>109.5</ele>
      </trkpt>
      <trkpt lat="30.0773" lon="-96.34995">
        <ele>112.6</ele>
      </trkpt>
      <trkpt lat="30.07731" lon="-96.34971">
        <ele>112.8</ele>
      </trkpt>
      <trkpt lat="30.07733" lon="-96.34951">
        <ele>113.1</ele>
      </trkpt>
      <trkpt lat="30.07733" lon="-96.3493699">
        <ele>113.2</ele>
      </trkpt>
      <trkpt lat="30.07734" lon="-96.34924">
        <ele>113.2</ele>
      </trkpt>
      <trkpt lat="30.07734" lon="-96.34922">
        <ele>113.2</ele>
      </trkpt>
      <trkpt lat="30.07735" lon="-96.34891">
        <ele>112.9</ele>
      </trkpt>
      <trkpt lat="30.07735" lon="-96.34891">
        <ele>112.9</ele>
      </trkpt>
      <trkpt lat="30.07719" lon="-96.34882">
        <ele>113.0</ele>
      </trkpt>
      <trkpt lat="30.07694" lon="-96.34867">
        <ele>113.2</ele>
      </trkpt>
      <trkpt lat="30.07694" lon="-96.34867">
        <ele>113.2</ele>
      </trkpt>
      <trkpt lat="30.077" lon="-96.34856">
        <ele>113.0</ele>
      </trkpt>
      <trkpt lat="30.07703" lon="-96.34847">
        <ele>112.9</ele>
      </trkpt>
      <trkpt lat="30.07704" lon="-96.34838">
        <ele>112.8</ele>
      </trkpt>
      <trkpt lat="30.07701" lon="-96.34807">
        <ele>112.8</ele>
      </trkpt>
      <trkpt lat="30.077" lon="-96.34801">
        <ele>112.8</ele>
      </trkpt>
      <trkpt lat="30.07696" lon="-96.34787">
        <ele>112.9</ele>
      </trkpt>
      <trkpt lat="30.07684" lon="-96.34748">
        <ele>113.8</ele>
      </trkpt>
      <trkpt lat="30.07652" lon="-96.34654">
        <ele>116.4</ele>
      </trkpt>
      <trkpt lat="30.07633" lon="-96.34598">
        <ele>117.9</ele>
      </trkpt>
      <trkpt lat="30.07631" lon="-96.34593">
        <ele>118.1</ele>
      </trkpt>
      <trkpt lat="30.07625" lon="-96.34577">
        <ele>118.6</ele>
      </trkpt>
      <trkpt lat="30.07623" lon="-96.34571">
        <ele>118.8</ele>
      </trkpt>
      <trkpt lat="30.07611" lon="-96.34537">
        <ele>119.3</ele>
      </trkpt>
      <trkpt lat="30.07611" lon="-96.34536">
        <ele>119.3</ele>
      </trkpt>
      <trkpt lat="30.07606" lon="-96.34527">
        <ele>119.2</ele>
      </trkpt>
      <trkpt lat="30.07604" lon="-96.34518">
        <ele>119.0</ele>
      </trkpt>
      <trkpt lat="30.07603" lon="-96.34514">
        <ele>118.8</ele>
      </trkpt>
      <trkpt lat="30.07602" lon="-96.34511">
        <ele>118.7</ele>
      </trkpt>
      <trkpt lat="30.07602" lon="-96.34508">
        <ele>118.6</ele>
      </trkpt>
      <trkpt lat="30.07603" lon="-96.34505">
        <ele>118.5</ele>
      </trkpt>
      <trkpt lat="30.07607" lon="-96.34495">
        <ele>118.2</ele>
      </trkpt>
      <trkpt lat="30.07608" lon="-96.34492">
        <ele>118.1</ele>
      </trkpt>
      <trkpt lat="30.0761" lon="-96.3449">
        <ele>118.0</ele>
      </trkpt>
      <trkpt lat="30.07616" lon="-96.34483">
        <ele>117.7</ele>
      </trkpt>
      <trkpt lat="30.07618" lon="-96.34482">
        <ele>117.6</ele>
      </trkpt>
      <trkpt lat="30.07619" lon="-96.3448">
        <ele>117.5</ele>
      </trkpt>
      <trkpt lat="30.07652" lon="-96.34452">
        <ele>116.3</ele>
      </trkpt>
      <trkpt lat="30.07686" lon="-96.34418">
        <ele>115.4</ele>
      </trkpt>
      <trkpt lat="30.07696" lon="-96.34408">
        <ele>115.2</ele>
      </trkpt>
      <trkpt lat="30.07737" lon="-96.34369">
        <ele>115.0</ele>
      </trkpt>
      <trkpt lat="30.07749" lon="-96.34358">
        <ele>115.3</ele>
      </trkpt>
      <trkpt lat="30.07808" lon="-96.34307">
        <ele>116.4</ele>
      </trkpt>
      <trkpt lat="30.07833" lon="-96.34283">
        <ele>116.3</ele>
      </trkpt>
      <trkpt lat="30.07834" lon="-96.34281">
        <ele>116.3</ele>
      </trkpt>
      <trkpt lat="30.07835" lon="-96.3427899">
        <ele>116.3</ele>
      </trkpt>
      <trkpt lat="30.07839" lon="-96.34268">
        <ele>116.2</ele>
      </trkpt>
      <trkpt lat="30.07841" lon="-96.34256">
        <ele>116.0</ele>
      </trkpt>
      <trkpt lat="30.07858" lon="-96.34156">
        <ele>112.8</ele>
      </trkpt>
      <trkpt lat="30.07858" lon="-96.34154">
        <ele>112.8</ele>
      </trkpt>
      <trkpt lat="30.07862" lon="-96.34128">
        <ele>112.0</ele>
      </trkpt>
      <trkpt lat="30.07877" lon="-96.34031">
        <ele>110.3</ele>
      </trkpt>
      <trkpt lat="30.07887" lon="-96.3396999">
        <ele>107.7</ele>
      </trkpt>
      <trkpt lat="30.07902" lon="-96.3386699">
        <ele>103.9</ele>
      </trkpt>
      <trkpt lat="30.07909" lon="-96.33827">
        <ele>103.0</ele>
      </trkpt>
      <trkpt lat="30.07918" lon="-96.33765">
        <ele>103.5</ele>
      </trkpt>
      <trkpt lat="30.07925" lon="-96.33719">
        <ele>104.8</ele>
      </trkpt>
      <trkpt lat="30.07934" lon="-96.33663">
        <ele>105.5</ele>
      </trkpt>
      <trkpt lat="30.07941" lon="-96.33622">
        <ele>105.5</ele>
      </trkpt>
      <trkpt lat="30.0795" lon="-96.33563">
        <ele>103.5</ele>
      </trkpt>
      <trkpt lat="30.07954" lon="-96.33543">
        <ele>102.9</ele>
      </trkpt>
      <trkpt lat="30.07954" lon="-96.33543">
        <ele>102.9</ele>
      </trkpt>
      <trkpt lat="30.07917" lon="-96.33534">
        <ele>102.4</ele>
      </trkpt>
      <trkpt lat="30.07864" lon="-96.33521">
        <ele>103.1</ele>
      </trkpt>
      <trkpt lat="30.07705" lon="-96.33487">
        <ele>96.9</ele>
      </trkpt>
      <trkpt lat="30.07697" lon="-96.33486">
        <ele>96.6</ele>
      </trkpt>
      <trkpt lat="30.07677" lon="-96.33483">
        <ele>95.8</ele>
      </trkpt>
      <trkpt lat="30.07669" lon="-96.33484">
        <ele>95.5</ele>
      </trkpt>
      <trkpt lat="30.07648" lon="-96.33486">
        <ele>93.1</ele>
      </trkpt>
      <trkpt lat="30.07645" lon="-96.33487">
        <ele>92.9</ele>
      </trkpt>
      <trkpt lat="30.07636" lon="-96.33488">
        <ele>92.6</ele>
      </trkpt>
      <trkpt lat="30.07585" lon="-96.3349999">
        <ele>97.2</ele>
      </trkpt>
      <trkpt lat="30.07568" lon="-96.33502">
        <ele>98.1</ele>
      </trkpt>
      <trkpt lat="30.07557" lon="-96.33504">
        <ele>99.2</ele>
      </trkpt>
      <trkpt lat="30.07544" lon="-96.33501">
        <ele>100.5</ele>
      </trkpt>
      <trkpt lat="30.07529" lon="-96.33499">
        <ele>100.8</ele>
      </trkpt>
      <trkpt lat="30.07513" lon="-96.33495">
        <ele>102.2</ele>
      </trkpt>
      <trkpt lat="30.07476" lon="-96.33485">
        <ele>105.2</ele>
      </trkpt>
      <trkpt lat="30.07451" lon="-96.33477">
        <ele>106.4</ele>
      </trkpt>
      <trkpt lat="30.07401" lon="-96.33463">
        <ele>108.3</ele>
      </trkpt>
      <trkpt lat="30.07363" lon="-96.33452">
        <ele>109.7</ele>
      </trkpt>
      <trkpt lat="30.07291" lon="-96.33433">
        <ele>112.2</ele>
      </trkpt>
      <trkpt lat="30.07241" lon="-96.33419">
        <ele>113.6</ele>
      </trkpt>
      <trkpt lat="30.0717" lon="-96.33401">
        <ele>114.2</ele>
      </trkpt>
      <trkpt lat="30.07142" lon="-96.33394">
        <ele>114.3</ele>
      </trkpt>
      <trkpt lat="30.07082" lon="-96.33378">
        <ele>112.8</ele>
      </trkpt>
      <trkpt lat="30.07028" lon="-96.33364">
        <ele>111.9</ele>
      </trkpt>
      <trkpt lat="30.0702" lon="-96.33362">
        <ele>111.6</ele>
      </trkpt>
      <trkpt lat="30.06963" lon="-96.33346">
        <ele>109.2</ele>
      </trkpt>
      <trkpt lat="30.06958" lon="-96.33345">
        <ele>109.0</ele>
      </trkpt>
      <trkpt lat="30.06943" lon="-96.33341">
        <ele>108.4</ele>
      </trkpt>
      <trkpt lat="30.06933" lon="-96.33341">
        <ele>107.9</ele>
      </trkpt>
      <trkpt lat="30.06926" lon="-96.33345">
        <ele>107.6</ele>
      </trkpt>
      <trkpt lat="30.0692" lon="-96.33351">
        <ele>107.4</ele>
      </trkpt>
      <trkpt lat="30.06911" lon="-96.3337899">
        <ele>106.2</ele>
      </trkpt>
      <trkpt lat="30.0691" lon="-96.33384">
        <ele>106.0</ele>
      </trkpt>
      <trkpt lat="30.06906" lon="-96.33408">
        <ele>104.9</ele>
      </trkpt>
      <trkpt lat="30.06904" lon="-96.33426">
        <ele>104.2</ele>
      </trkpt>
      <trkpt lat="30.069" lon="-96.33446">
        <ele>103.8</ele>
      </trkpt>
      <trkpt lat="30.06896" lon="-96.33471">
        <ele>104.0</ele>
      </trkpt>
      <trkpt lat="30.0689" lon="-96.33507">
        <ele>105.1</ele>
      </trkpt>
      <trkpt lat="30.06886" lon="-96.33527">
        <ele>105.8</ele>
      </trkpt>
      <trkpt lat="30.06877" lon="-96.33588">
        <ele>107.5</ele>
      </trkpt>
      <trkpt lat="30.06877" lon="-96.33589">
        <ele>107.7</ele>
      </trkpt>
      <trkpt lat="30.06868" lon="-96.33644">
        <ele>109.7</ele>
      </trkpt>
      <trkpt lat="30.0686" lon="-96.33691">
        <ele>111.6</ele>
      </trkpt>
      <trkpt lat="30.06856" lon="-96.33711">
        <ele>112.6</ele>
      </trkpt>
      <trkpt lat="30.0685" lon="-96.3375499">
        <ele>114.2</ele>
      </trkpt>
      <trkpt lat="30.06843" lon="-96.33793">
        <ele>116.4</ele>
      </trkpt>
      <trkpt lat="30.06842" lon="-96.33795">
        <ele>116.5</ele>
      </trkpt>
      <trkpt lat="30.06837" lon="-96.33829">
        <ele>117.6</ele>
      </trkpt>
      <trkpt lat="30.06835" lon="-96.33833">
        <ele>117.6</ele>
      </trkpt>
      <trkpt lat="30.06833" lon="-96.33839">
        <ele>117.7</ele>
      </trkpt>
      <trkpt lat="30.06827" lon="-96.33842">
        <ele>117.5</ele>
      </trkpt>
      <trkpt lat="30.06821" lon="-96.33844">
        <ele>117.2</ele>
      </trkpt>
      <trkpt lat="30.06819" lon="-96.33845">
        <ele>117.1</ele>
      </trkpt>
      <trkpt lat="30.06806" lon="-96.33839">
        <ele>116.1</ele>
      </trkpt>
      <trkpt lat="30.06766" lon="-96.33789">
        <ele>113.1</ele>
      </trkpt>
      <trkpt lat="30.06714" lon="-96.33721">
        <ele>110.6</ele>
      </trkpt>
      <trkpt lat="30.0666" lon="-96.33651">
        <ele>106.8</ele>
      </trkpt>
      <trkpt lat="30.06637" lon="-96.33623">
        <ele>105.8</ele>
      </trkpt>
      <trkpt lat="30.06589" lon="-96.33559">
        <ele>102.9</ele>
      </trkpt>
      <trkpt lat="30.06504" lon="-96.33451">
        <ele>108.4</ele>
      </trkpt>
      <trkpt lat="30.06492" lon="-96.33436">
        <ele>109.4</ele>
      </trkpt>
      <trkpt lat="30.06471" lon="-96.3341">
        <ele>110.5</ele>
      </trkpt>
      <trkpt lat="30.0647" lon="-96.33408">
        <ele>110.5</ele>
      </trkpt>
      <trkpt lat="30.06449" lon="-96.33382">
        <ele>109.6</ele>
      </trkpt>
      <trkpt lat="30.064" lon="-96.33322">
        <ele>106.6</ele>
      </trkpt>
      <trkpt lat="30.06339" lon="-96.33246">
        <ele>101.0</ele>
      </trkpt>
      <trkpt lat="30.06328" lon="-96.33233">
        <ele>100.4</ele>
      </trkpt>
      <trkpt lat="30.06316" lon="-96.33214">
        <ele>99.0</ele>
      </trkpt>
      <trkpt lat="30.06316" lon="-96.33214">
        <ele>99.0</ele>
      </trkpt>
      <trkpt lat="30.06316" lon="-96.33205">
        <ele>98.4</ele>
      </trkpt>
      <trkpt lat="30.06317" lon="-96.33196">
        <ele>97.8</ele>
      </trkpt>
      <trkpt lat="30.06321" lon="-96.33181">
        <ele>97.3</ele>
      </trkpt>
      <trkpt lat="30.06325" lon="-96.33167">
        <ele>97.3</ele>
      </trkpt>
      <trkpt lat="30.06333" lon="-96.33144">
        <ele>97.3</ele>
      </trkpt>
      <trkpt lat="30.06351" lon="-96.33065">
        <ele>97.3</ele>
      </trkpt>
      <trkpt lat="30.06354" lon="-96.33038">
        <ele>97.0</ele>
      </trkpt>
      <trkpt lat="30.06355" lon="-96.3298499">
        <ele>94.6</ele>
      </trkpt>
      <trkpt lat="30.06355" lon="-96.3297">
        <ele>94.5</ele>
      </trkpt>
      <trkpt lat="30.0636" lon="-96.32862">
        <ele>89.9</ele>
      </trkpt>
      <trkpt lat="30.0636" lon="-96.32861">
        <ele>89.8</ele>
      </trkpt>
      <trkpt lat="30.06361" lon="-96.32832">
        <ele>88.6</ele>
      </trkpt>
      <trkpt lat="30.06361" lon="-96.32829">
        <ele>88.9</ele>
      </trkpt>
      <trkpt lat="30.06365" lon="-96.32774">
        <ele>93.8</ele>
      </trkpt>
      <trkpt lat="30.06364" lon="-96.32771">
        <ele>94.0</ele>
      </trkpt>
      <trkpt lat="30.06368" lon="-96.32731">
        <ele>94.8</ele>
      </trkpt>
      <trkpt lat="30.06368" lon="-96.32713">
        <ele>94.1</ele>
      </trkpt>
      <trkpt lat="30.06368" lon="-96.3271199">
        <ele>94.1</ele>
      </trkpt>
      <trkpt lat="30.06363" lon="-96.32663">
        <ele>93.6</ele>
      </trkpt>
      <trkpt lat="30.06364" lon="-96.32646">
        <ele>93.3</ele>
      </trkpt>
      <trkpt lat="30.06368" lon="-96.32598">
        <ele>92.9</ele>
      </trkpt>
      <trkpt lat="30.06372" lon="-96.32567">
        <ele>92.5</ele>
      </trkpt>
      <trkpt lat="30.064" lon="-96.32383">
        <ele>93.0</ele>
      </trkpt>
      <trkpt lat="30.06409" lon="-96.32331">
        <ele>92.4</ele>
      </trkpt>
      <trkpt lat="30.06413" lon="-96.32301">
        <ele>91.4</ele>
      </trkpt>
      <trkpt lat="30.06428" lon="-96.32199">
        <ele>87.0</ele>
      </trkpt>
      <trkpt lat="30.06437" lon="-96.32143">
        <ele>85.6</ele>
      </trkpt>
      <trkpt lat="30.06439" lon="-96.32122">
        <ele>85.8</ele>
      </trkpt>
      <trkpt lat="30.0645" lon="-96.3206">
        <ele>87.7</ele>
      </trkpt>
      <trkpt lat="30.06463" lon="-96.31979">
        <ele>91.3</ele>
      </trkpt>
      <trkpt lat="30.0647" lon="-96.31938">
        <ele>92.8</ele>
      </trkpt>
      <trkpt lat="30.06475" lon="-96.3191">
        <ele>91.9</ele>
      </trkpt>
      <trkpt lat="30.06477" lon="-96.3189699">
        <ele>91.1</ele>
      </trkpt>
      <trkpt lat="30.0649" lon="-96.31827">
        <ele>88.8</ele>
      </trkpt>
      <trkpt lat="30.065" lon="-96.31782">
        <ele>89.3</ele>
      </trkpt>
      <trkpt lat="30.06502" lon="-96.31767">
        <ele>90.3</ele>
      </trkpt>
      <trkpt lat="30.06513" lon="-96.31695">
        <ele>95.5</ele>
      </trkpt>
      <trkpt lat="30.0652" lon="-96.31644">
        <ele>95.8</ele>
      </trkpt>
      <trkpt lat="30.06524" lon="-96.31623">
        <ele>95.7</ele>
      </trkpt>
      <trkpt lat="30.06525" lon="-96.31611">
        <ele>95.6</ele>
      </trkpt>
      <trkpt lat="30.06525" lon="-96.3160599">
        <ele>95.5</ele>
      </trkpt>
      <trkpt lat="30.06525" lon="-96.31604">
        <ele>95.4</ele>
      </trkpt>
      <trkpt lat="30.06523" lon="-96.316">
        <ele>95.4</ele>
      </trkpt>
      <trkpt lat="30.06518" lon="-96.31592">
        <ele>95.2</ele>
      </trkpt>
      <trkpt lat="30.06516" lon="-96.31591">
        <ele>95.2</ele>
      </trkpt>
      <trkpt lat="30.06512" lon="-96.31588">
        <ele>95.1</ele>
      </trkpt>
      <trkpt lat="30.0651" lon="-96.31587">
        <ele>95.1</ele>
      </trkpt>
      <trkpt lat="30.06448" lon="-96.31577">
        <ele>95.9</ele>
      </trkpt>
      <trkpt lat="30.06442" lon="-96.31576">
        <ele>96.0</ele>
      </trkpt>
      <trkpt lat="30.06432" lon="-96.31572">
        <ele>96.0</ele>
      </trkpt>
      <trkpt lat="30.06431" lon="-96.31571">
        <ele>96.0</ele>
      </trkpt>
      <trkpt lat="30.0643" lon="-96.3157">
        <ele>95.9</ele>
      </trkpt>
      <trkpt lat="30.06429" lon="-96.31569">
        <ele>95.9</ele>
      </trkpt>
      <trkpt lat="30.06429" lon="-96.31568">
        <ele>95.9</ele>
      </trkpt>
      <trkpt lat="30.06429" lon="-96.31567">
        <ele>95.8</ele>
      </trkpt>
      <trkpt lat="30.06428" lon="-96.3156">
        <ele>95.6</ele>
      </trkpt>
      <trkpt lat="30.0643" lon="-96.31529">
        <ele>94.9</ele>
      </trkpt>
      <trkpt lat="30.06434" lon="-96.31487">
        <ele>94.8</ele>
      </trkpt>
      <trkpt lat="30.06438" lon="-96.31428">
        <ele>96.3</ele>
      </trkpt>
      <trkpt lat="30.06441" lon="-96.31404">
        <ele>97.0</ele>
      </trkpt>
      <trkpt lat="30.06445" lon="-96.31363">
        <ele>97.2</ele>
      </trkpt>
      <trkpt lat="30.06458" lon="-96.31242">
        <ele>94.4</ele>
      </trkpt>
      <trkpt lat="30.06458" lon="-96.3123899">
        <ele>94.4</ele>
      </trkpt>
      <trkpt lat="30.06463" lon="-96.31177">
        <ele>91.0</ele>
      </trkpt>
      <trkpt lat="30.06466" lon="-96.31146">
        <ele>88.2</ele>
      </trkpt>
      <trkpt lat="30.06478" lon="-96.3103299">
        <ele>83.2</ele>
      </trkpt>
      <trkpt lat="30.06484" lon="-96.30971">
        <ele>80.4</ele>
      </trkpt>
      <trkpt lat="30.0649" lon="-96.30909">
        <ele>78.3</ele>
      </trkpt>
      <trkpt lat="30.06498" lon="-96.30826">
        <ele>76.8</ele>
      </trkpt>
      <trkpt lat="30.06504" lon="-96.30771">
        <ele>75.2</ele>
      </trkpt>
      <trkpt lat="30.06506" lon="-96.3075099">
        <ele>75.1</ele>
      </trkpt>
      <trkpt lat="30.06509" lon="-96.30723">
        <ele>77.7</ele>
      </trkpt>
      <trkpt lat="30.06512" lon="-96.30689">
        <ele>79.9</ele>
      </trkpt>
      <trkpt lat="30.06515" lon="-96.30646">
        <ele>82.4</ele>
      </trkpt>
      <trkpt lat="30.06519" lon="-96.30607">
        <ele>83.2</ele>
      </trkpt>
      <trkpt lat="30.06523" lon="-96.30565">
        <ele>83.8</ele>
      </trkpt>
      <trkpt lat="30.06523" lon="-96.30562">
        <ele>83.9</ele>
      </trkpt>
      <trkpt lat="30.06531" lon="-96.30549">
        <ele>83.8</ele>
      </trkpt>
      <trkpt lat="30.06532" lon="-96.30548">
        <ele>83.8</ele>
      </trkpt>
      <trkpt lat="30.06545" lon="-96.30535">
        <ele>83.4</ele>
      </trkpt>
      <trkpt lat="30.06584" lon="-96.30509">
        <ele>81.9</ele>
      </trkpt>
      <trkpt lat="30.06655" lon="-96.30463">
        <ele>79.1</ele>
      </trkpt>
      <trkpt lat="30.06687" lon="-96.30443">
        <ele>77.9</ele>
      </trkpt>
      <trkpt lat="30.06692" lon="-96.30439">
        <ele>77.8</ele>
      </trkpt>
      <trkpt lat="30.06711" lon="-96.30425">
        <ele>77.8</ele>
      </trkpt>
      <trkpt lat="30.06716" lon="-96.30419">
        <ele>78.0</ele>
      </trkpt>
      <trkpt lat="30.06725" lon="-96.3041">
        <ele>78.4</ele>
      </trkpt>
      <trkpt lat="30.06732" lon="-96.30397">
        <ele>79.3</ele>
      </trkpt>
      <trkpt lat="30.06741" lon="-96.30369">
        <ele>80.5</ele>
      </trkpt>
      <trkpt lat="30.0675" lon="-96.30325">
        <ele>82.8</ele>
      </trkpt>
      <trkpt lat="30.06759" lon="-96.30277">
        <ele>84.1</ele>
      </trkpt>
      <trkpt lat="30.06779" lon="-96.30154">
        <ele>87.0</ele>
      </trkpt>
      <trkpt lat="30.06782" lon="-96.30121">
        <ele>88.6</ele>
      </trkpt>
      <trkpt lat="30.06782" lon="-96.30117">
        <ele>88.7</ele>
      </trkpt>
      <trkpt lat="30.06786" lon="-96.30053">
        <ele>90.1</ele>
      </trkpt>
      <trkpt lat="30.06788" lon="-96.30038">
        <ele>90.1</ele>
      </trkpt>
      <trkpt lat="30.06792" lon="-96.30011">
        <ele>89.9</ele>
      </trkpt>
      <trkpt lat="30.06793" lon="-96.29998">
        <ele>89.3</ele>
      </trkpt>
      <trkpt lat="30.06794" lon="-96.29997">
        <ele>89.2</ele>
      </trkpt>
      <trkpt lat="30.06797" lon="-96.29979">
        <ele>88.3</ele>
      </trkpt>
      <trkpt lat="30.06807" lon="-96.29918">
        <ele>87.6</ele>
      </trkpt>
      <trkpt lat="30.06827" lon="-96.29804">
        <ele>84.0</ele>
      </trkpt>
      <trkpt lat="30.06832" lon="-96.2977">
        <ele>82.7</ele>
      </trkpt>
      <trkpt lat="30.06851" lon="-96.29647">
        <ele>81.6</ele>
      </trkpt>
      <trkpt lat="30.06863" lon="-96.29565">
        <ele>81.9</ele>
      </trkpt>
      <trkpt lat="30.0688" lon="-96.2944799">
        <ele>84.3</ele>
      </trkpt>
      <trkpt lat="30.06881" lon="-96.29442">
        <ele>84.3</ele>
      </trkpt>
      <trkpt lat="30.06897" lon="-96.2934">
        <ele>84.4</ele>
      </trkpt>
      <trkpt lat="30.06912" lon="-96.29238">
        <ele>87.4</ele>
      </trkpt>
      <trkpt lat="30.06913" lon="-96.29231">
        <ele>87.4</ele>
      </trkpt>
      <trkpt lat="30.06918" lon="-96.29197">
        <ele>86.2</ele>
      </trkpt>
      <trkpt lat="30.06935" lon="-96.29094">
        <ele>80.4</ele>
      </trkpt>
      <trkpt lat="30.06935" lon="-96.29092">
        <ele>80.3</ele>
      </trkpt>
      <trkpt lat="30.06946" lon="-96.29034">
        <ele>77.1</ele>
      </trkpt>
      <trkpt lat="30.06954" lon="-96.28993">
        <ele>75.3</ele>
      </trkpt>
      <trkpt lat="30.0696" lon="-96.28964">
        <ele>74.0</ele>
      </trkpt>
      <trkpt lat="30.06962" lon="-96.28952">
        <ele>73.9</ele>
      </trkpt>
      <trkpt lat="30.06962" lon="-96.28951">
        <ele>74.0</ele>
      </trkpt>
      <trkpt lat="30.06973" lon="-96.28891">
        <ele>78.0</ele>
      </trkpt>
      <trkpt lat="30.06997" lon="-96.28749">
        <ele>84.3</ele>
      </trkpt>
      <trkpt lat="30.0701" lon="-96.28676">
        <ele>85.7</ele>
      </trkpt>
      <trkpt lat="30.0701" lon="-96.28676">
        <ele>85.7</ele>
      </trkpt>
      <trkpt lat="30.06974" lon="-96.28667">
        <ele>84.1</ele>
      </trkpt>
      <trkpt lat="30.06886" lon="-96.28646">
        <ele>78.3</ele>
      </trkpt>
      <trkpt lat="30.06851" lon="-96.28638">
        <ele>75.7</ele>
      </trkpt>
      <trkpt lat="30.06815" lon="-96.2862899">
        <ele>73.4</ele>
      </trkpt>
      <trkpt lat="30.06798" lon="-96.28625">
        <ele>72.5</ele>
      </trkpt>
      <trkpt lat="30.06763" lon="-96.28616">
        <ele>70.8</ele>
      </trkpt>
      <trkpt lat="30.06728" lon="-96.28608">
        <ele>69.1</ele>
      </trkpt>
      <trkpt lat="30.06693" lon="-96.28599">
        <ele>68.5</ele>
      </trkpt>
      <trkpt lat="30.0664" lon="-96.28586">
        <ele>71.4</ele>
      </trkpt>
      <trkpt lat="30.06595" lon="-96.2857499">
        <ele>72.0</ele>
      </trkpt>
      <trkpt lat="30.06538" lon="-96.28563">
        <ele>70.0</ele>
      </trkpt>
      <trkpt lat="30.06515" lon="-96.28558">
        <ele>69.8</ele>
      </trkpt>
      <trkpt lat="30.06506" lon="-96.28556">
        <ele>69.9</ele>
      </trkpt>
      <trkpt lat="30.06462" lon="-96.28546">
        <ele>70.8</ele>
      </trkpt>
      <trkpt lat="30.06391" lon="-96.28529">
        <ele>73.9</ele>
      </trkpt>
      <trkpt lat="30.06285" lon="-96.28505">
        <ele>79.5</ele>
      </trkpt>
      <trkpt lat="30.06251" lon="-96.28497">
        <ele>81.0</ele>
      </trkpt>
      <trkpt lat="30.06218" lon="-96.2848999">
        <ele>81.8</ele>
      </trkpt>
      <trkpt lat="30.06197" lon="-96.28485">
        <ele>82.9</ele>
      </trkpt>
      <trkpt lat="30.06056" lon="-96.28454">
        <ele>87.7</ele>
      </trkpt>
      <trkpt lat="30.05985" lon="-96.28438">
        <ele>90.5</ele>
      </trkpt>
      <trkpt lat="30.0595" lon="-96.28429">
        <ele>91.2</ele>
      </trkpt>
      <trkpt lat="30.05898" lon="-96.28417">
        <ele>88.9</ele>
      </trkpt>
      <trkpt lat="30.05868" lon="-96.2841">
        <ele>87.8</ele>
      </trkpt>
      <trkpt lat="30.05858" lon="-96.28408">
        <ele>87.5</ele>
      </trkpt>
      <trkpt lat="30.05827" lon="-96.284">
        <ele>86.5</ele>
      </trkpt>
      <trkpt lat="30.05791" lon="-96.28391">
        <ele>85.2</ele>
      </trkpt>
      <trkpt lat="30.05756" lon="-96.28382">
        <ele>84.2</ele>
      </trkpt>
      <trkpt lat="30.05704" lon="-96.28369">
        <ele>85.3</ele>
      </trkpt>
      <trkpt lat="30.0569" lon="-96.28365">
        <ele>85.9</ele>
      </trkpt>
      <trkpt lat="30.05616" lon="-96.28348">
        <ele>89.0</ele>
      </trkpt>
      <trkpt lat="30.05599" lon="-96.28344">
        <ele>89.4</ele>
      </trkpt>
      <trkpt lat="30.05571" lon="-96.2833799">
        <ele>90.0</ele>
      </trkpt>
      <trkpt lat="30.05549" lon="-96.28333">
        <ele>89.9</ele>
      </trkpt>
      <trkpt lat="30.05514" lon="-96.28326">
        <ele>88.6</ele>
      </trkpt>
      <trkpt lat="30.05461" lon="-96.28315">
        <ele>86.1</ele>
      </trkpt>
      <trkpt lat="30.05426" lon="-96.28307">
        <ele>84.3</ele>
      </trkpt>
      <trkpt lat="30.05412" lon="-96.28305">
        <ele>82.9</ele>
      </trkpt>
      <trkpt lat="30.05373" lon="-96.28295">
        <ele>82.0</ele>
      </trkpt>
      <trkpt lat="30.05324" lon="-96.28283">
        <ele>81.9</ele>
      </trkpt>
      <trkpt lat="30.0532" lon="-96.28282">
        <ele>81.8</ele>
      </trkpt>
      <trkpt lat="30.05282" lon="-96.28274">
        <ele>80.8</ele>
      </trkpt>
      <trkpt lat="30.05249" lon="-96.28267">
        <ele>81.8</ele>
      </trkpt>
      <trkpt lat="30.05214" lon="-96.28259">
        <ele>83.6</ele>
      </trkpt>
      <trkpt lat="30.05161" lon="-96.28246">
        <ele>86.7</ele>
      </trkpt>
      <trkpt lat="30.05126" lon="-96.28238">
        <ele>88.2</ele>
      </trkpt>
      <trkpt lat="30.0509" lon="-96.2823">
        <ele>88.9</ele>
      </trkpt>
      <trkpt lat="30.0508" lon="-96.28228">
        <ele>88.9</ele>
      </trkpt>
      <trkpt lat="30.05054" lon="-96.28224">
        <ele>88.4</ele>
      </trkpt>
      <trkpt lat="30.05038" lon="-96.28219">
        <ele>87.9</ele>
      </trkpt>
      <trkpt lat="30.05038" lon="-96.28219">
        <ele>87.9</ele>
      </trkpt>
      <trkpt lat="30.05034" lon="-96.28246">
        <ele>87.6</ele>
      </trkpt>
      <trkpt lat="30.05032" lon="-96.2826">
        <ele>88.0</ele>
      </trkpt>
      <trkpt lat="30.05022" lon="-96.28337">
        <ele>90.0</ele>
      </trkpt>
      <trkpt lat="30.05021" lon="-96.28342">
        <ele>90.0</ele>
      </trkpt>
      <trkpt lat="30.05015" lon="-96.28388">
        <ele>90.5</ele>
      </trkpt>
      <trkpt lat="30.05002" lon="-96.28485">
        <ele>92.8</ele>
      </trkpt>
      <trkpt lat="30.04999" lon="-96.28507">
        <ele>93.6</ele>
      </trkpt>
      <trkpt lat="30.04991" lon="-96.28558">
        <ele>96.1</ele>
      </trkpt>
      <trkpt lat="30.04983" lon="-96.28608">
        <ele>98.7</ele>
      </trkpt>
      <trkpt lat="30.04975" lon="-96.2866">
        <ele>99.9</ele>
      </trkpt>
      <trkpt lat="30.04961" lon="-96.28748">
        <ele>103.7</ele>
      </trkpt>
      <trkpt lat="30.04959" lon="-96.28762">
        <ele>104.0</ele>
      </trkpt>
      <trkpt lat="30.04957" lon="-96.28773">
        <ele>104.0</ele>
      </trkpt>
      <trkpt lat="30.04955" lon="-96.28789">
        <ele>104.1</ele>
      </trkpt>
      <trkpt lat="30.04953" lon="-96.28803">
        <ele>104.1</ele>
      </trkpt>
      <trkpt lat="30.04949" lon="-96.2883">
        <ele>104.1</ele>
      </trkpt>
      <trkpt lat="30.04944" lon="-96.2886">
        <ele>103.8</ele>
      </trkpt>
      <trkpt lat="30.04943" lon="-96.28879">
        <ele>103.0</ele>
      </trkpt>
      <trkpt lat="30.04939" lon="-96.28919">
        <ele>100.0</ele>
      </trkpt>
      <trkpt lat="30.04938" lon="-96.28933">
        <ele>99.5</ele>
      </trkpt>
      <trkpt lat="30.04935" lon="-96.2897">
        <ele>97.5</ele>
      </trkpt>
      <trkpt lat="30.04934" lon="-96.28975">
        <ele>97.3</ele>
      </trkpt>
      <trkpt lat="30.04931" lon="-96.28992">
        <ele>96.8</ele>
      </trkpt>
      <trkpt lat="30.04927" lon="-96.2901">
        <ele>97.3</ele>
      </trkpt>
      <trkpt lat="30.04926" lon="-96.29012">
        <ele>97.4</ele>
      </trkpt>
      <trkpt lat="30.04925" lon="-96.29015">
        <ele>97.6</ele>
      </trkpt>
      <trkpt lat="30.04919" lon="-96.29034">
        <ele>99.2</ele>
      </trkpt>
      <trkpt lat="30.04918" lon="-96.29036">
        <ele>99.4</ele>
      </trkpt>
      <trkpt lat="30.04902" lon="-96.29094">
        <ele>103.1</ele>
      </trkpt>
      <trkpt lat="30.04897" lon="-96.29114">
        <ele>104.0</ele>
      </trkpt>
      <trkpt lat="30.04892" lon="-96.2913">
        <ele>105.2</ele>
      </trkpt>
      <trkpt lat="30.04891" lon="-96.29133">
        <ele>105.4</ele>
      </trkpt>
      <trkpt lat="30.04886" lon="-96.29153">
        <ele>106.2</ele>
      </trkpt>
      <trkpt lat="30.04886" lon="-96.29154">
        <ele>106.3</ele>
      </trkpt>
      <trkpt lat="30.04882" lon="-96.29173">
        <ele>106.4</ele>
      </trkpt>
      <trkpt lat="30.04873" lon="-96.29222">
        <ele>103.7</ele>
      </trkpt>
      <trkpt lat="30.04871" lon="-96.29234">
        <ele>103.0</ele>
      </trkpt>
      <trkpt lat="30.04867" lon="-96.29256">
        <ele>101.8</ele>
      </trkpt>
      <trkpt lat="30.04863" lon="-96.29275">
        <ele>100.7</ele>
      </trkpt>
      <trkpt lat="30.04858" lon="-96.29304">
        <ele>98.8</ele>
      </trkpt>
      <trkpt lat="30.04855" lon="-96.2933">
        <ele>95.8</ele>
      </trkpt>
      <trkpt lat="30.04852" lon="-96.29347">
        <ele>95.9</ele>
      </trkpt>
      <trkpt lat="30.04849" lon="-96.29371">
        <ele>98.0</ele>
      </trkpt>
      <trkpt lat="30.04847" lon="-96.2938099">
        <ele>98.6</ele>
      </trkpt>
      <trkpt lat="30.04843" lon="-96.29412">
        <ele>100.6</ele>
      </trkpt>
      <trkpt lat="30.0484" lon="-96.29432">
        <ele>102.0</ele>
      </trkpt>
      <trkpt lat="30.04831" lon="-96.29494">
        <ele>106.6</ele>
      </trkpt>
      <trkpt lat="30.04827" lon="-96.29525">
        <ele>109.5</ele>
      </trkpt>
      <trkpt lat="30.04822" lon="-96.29555">
        <ele>111.5</ele>
      </trkpt>
      <trkpt lat="30.04822" lon="-96.29561">
        <ele>112.1</ele>
      </trkpt>
      <trkpt lat="30.04816" lon="-96.2959599">
        <ele>113.0</ele>
      </trkpt>
      <trkpt lat="30.04811" lon="-96.29629">
        <ele>114.8</ele>
      </trkpt>
      <trkpt lat="30.04806" lon="-96.2966">
        <ele>114.6</ele>
      </trkpt>
      <trkpt lat="30.04804" lon="-96.2967">
        <ele>114.4</ele>
      </trkpt>
      <trkpt lat="30.04801" lon="-96.2968999">
        <ele>113.9</ele>
      </trkpt>
      <trkpt lat="30.04801" lon="-96.29691">
        <ele>113.9</ele>
      </trkpt>
      <trkpt lat="30.04798" lon="-96.29706">
        <ele>113.2</ele>
      </trkpt>
      <trkpt lat="30.04796" lon="-96.29722">
        <ele>112.7</ele>
      </trkpt>
      <trkpt lat="30.04794" lon="-96.29737">
        <ele>112.3</ele>
      </trkpt>
      <trkpt lat="30.04792" lon="-96.29746">
        <ele>111.8</ele>
      </trkpt>
      <trkpt lat="30.04782" lon="-96.29818">
        <ele>108.6</ele>
      </trkpt>
      <trkpt lat="30.04775" lon="-96.29859">
        <ele>107.8</ele>
      </trkpt>
      <trkpt lat="30.04765" lon="-96.2992">
        <ele>107.1</ele>
      </trkpt>
      <trkpt lat="30.04759" lon="-96.29955">
        <ele>107.6</ele>
      </trkpt>
      <trkpt lat="30.04755" lon="-96.2998099">
        <ele>108.3</ele>
      </trkpt>
      <trkpt lat="30.04752" lon="-96.30002">
        <ele>108.6</ele>
      </trkpt>
      <trkpt lat="30.04746" lon="-96.30043">
        <ele>108.5</ele>
      </trkpt>
      <trkpt lat="30.04742" lon="-96.30063">
        <ele>108.2</ele>
      </trkpt>
      <trkpt lat="30.04739" lon="-96.3008399">
        <ele>107.5</ele>
      </trkpt>
      <trkpt lat="30.04736" lon="-96.30103">
        <ele>106.6</ele>
      </trkpt>
      <trkpt lat="30.04726" lon="-96.30165">
        <ele>103.8</ele>
      </trkpt>
      <trkpt lat="30.04718" lon="-96.30214">
        <ele>102.9</ele>
      </trkpt>
      <trkpt lat="30.04711" lon="-96.30255">
        <ele>101.9</ele>
      </trkpt>
      <trkpt lat="30.04706" lon="-96.30286">
        <ele>101.3</ele>
      </trkpt>
      <trkpt lat="30.04694" lon="-96.3035699">
        <ele>99.8</ele>
      </trkpt>
      <trkpt lat="30.04684" lon="-96.30418">
        <ele>98.1</ele>
      </trkpt>
      <trkpt lat="30.04681" lon="-96.30438">
        <ele>97.8</ele>
      </trkpt>
      <trkpt lat="30.04677" lon="-96.30453">
        <ele>98.1</ele>
      </trkpt>
      <trkpt lat="30.04675" lon="-96.30459">
        <ele>98.2</ele>
      </trkpt>
      <trkpt lat="30.04673" lon="-96.30464">
        <ele>98.3</ele>
      </trkpt>
      <trkpt lat="30.04671" lon="-96.30468">
        <ele>98.4</ele>
      </trkpt>
      <trkpt lat="30.04668" lon="-96.30472">
        <ele>98.5</ele>
      </trkpt>
      <trkpt lat="30.04665" lon="-96.30474">
        <ele>98.6</ele>
      </trkpt>
      <trkpt lat="30.04661" lon="-96.30476">
        <ele>98.8</ele>
      </trkpt>
      <trkpt lat="30.04659" lon="-96.30477">
        <ele>98.8</ele>
      </trkpt>
      <trkpt lat="30.04656" lon="-96.3047799">
        <ele>99.0</ele>
      </trkpt>
      <trkpt lat="30.04655" lon="-96.3047799">
        <ele>99.0</ele>
      </trkpt>
      <trkpt lat="30.04653" lon="-96.3047799">
        <ele>99.1</ele>
      </trkpt>
      <trkpt lat="30.04644" lon="-96.30476">
        <ele>99.5</ele>
      </trkpt>
      <trkpt lat="30.04581" lon="-96.30466">
        <ele>102.5</ele>
      </trkpt>
      <trkpt lat="30.04563" lon="-96.30462">
        <ele>103.5</ele>
      </trkpt>
      <trkpt lat="30.04547" lon="-96.30459">
        <ele>104.1</ele>
      </trkpt>
      <trkpt lat="30.04517" lon="-96.30454">
        <ele>104.3</ele>
      </trkpt>
      <trkpt lat="30.04511" lon="-96.30453">
        <ele>104.3</ele>
      </trkpt>
      <trkpt lat="30.0451" lon="-96.30453">
        <ele>104.3</ele>
      </trkpt>
      <trkpt lat="30.04505" lon="-96.30453">
        <ele>104.3</ele>
      </trkpt>
      <trkpt lat="30.04502" lon="-96.30453">
        <ele>104.3</ele>
      </trkpt>
      <trkpt lat="30.04499" lon="-96.30455">
        <ele>104.2</ele>
      </trkpt>
      <trkpt lat="30.04496" lon="-96.30456">
        <ele>104.2</ele>
      </trkpt>
      <trkpt lat="30.04493" lon="-96.30458">
        <ele>104.2</ele>
      </trkpt>
      <trkpt lat="30.0449" lon="-96.30461">
        <ele>104.2</ele>
      </trkpt>
      <trkpt lat="30.04488" lon="-96.30464">
        <ele>104.2</ele>
      </trkpt>
      <trkpt lat="30.04487" lon="-96.30467">
        <ele>104.1</ele>
      </trkpt>
      <trkpt lat="30.04485" lon="-96.30471">
        <ele>104.1</ele>
      </trkpt>
      <trkpt lat="30.04482" lon="-96.30484">
        <ele>104.0</ele>
      </trkpt>
      <trkpt lat="30.04479" lon="-96.30508">
        <ele>103.4</ele>
      </trkpt>
      <trkpt lat="30.04477" lon="-96.3051799">
        <ele>103.1</ele>
      </trkpt>
      <trkpt lat="30.04477" lon="-96.30524">
        <ele>102.9</ele>
      </trkpt>
      <trkpt lat="30.04475" lon="-96.30537">
        <ele>102.3</ele>
      </trkpt>
      <trkpt lat="30.04468" lon="-96.30578">
        <ele>100.6</ele>
      </trkpt>
      <trkpt lat="30.04465" lon="-96.30599">
        <ele>99.8</ele>
      </trkpt>
      <trkpt lat="30.04464" lon="-96.30605">
        <ele>99.6</ele>
      </trkpt>
      <trkpt lat="30.04455" lon="-96.3066">
        <ele>98.8</ele>
      </trkpt>
      <trkpt lat="30.04449" lon="-96.30701">
        <ele>100.9</ele>
      </trkpt>
      <trkpt lat="30.04448" lon="-96.30706">
        <ele>100.9</ele>
      </trkpt>
      <trkpt lat="30.04446" lon="-96.30721">
        <ele>101.1</ele>
      </trkpt>
      <trkpt lat="30.04433" lon="-96.308">
        <ele>102.8</ele>
      </trkpt>
      <trkpt lat="30.04426" lon="-96.30844">
        <ele>103.8</ele>
      </trkpt>
      <trkpt lat="30.04418" lon="-96.30886">
        <ele>104.3</ele>
      </trkpt>
      <trkpt lat="30.04415" lon="-96.30905">
        <ele>104.4</ele>
      </trkpt>
      <trkpt lat="30.04411" lon="-96.30925">
        <ele>104.6</ele>
      </trkpt>
      <trkpt lat="30.04395" lon="-96.31022">
        <ele>105.5</ele>
      </trkpt>
      <trkpt lat="30.04394" lon="-96.31027">
        <ele>105.6</ele>
      </trkpt>
      <trkpt lat="30.04392" lon="-96.31035">
        <ele>105.6</ele>
      </trkpt>
      <trkpt lat="30.04392" lon="-96.31039">
        <ele>105.7</ele>
      </trkpt>
      <trkpt lat="30.04383" lon="-96.31091">
        <ele>106.2</ele>
      </trkpt>
      <trkpt lat="30.04377" lon="-96.3112699">
        <ele>106.1</ele>
      </trkpt>
      <trkpt lat="30.04371" lon="-96.31162">
        <ele>105.9</ele>
      </trkpt>
      <trkpt lat="30.0437" lon="-96.31166">
        <ele>105.9</ele>
      </trkpt>
      <trkpt lat="30.04368" lon="-96.3117">
        <ele>105.9</ele>
      </trkpt>
      <trkpt lat="30.04365" lon="-96.31173">
        <ele>105.9</ele>
      </trkpt>
      <trkpt lat="30.04363" lon="-96.31174">
        <ele>106.0</ele>
      </trkpt>
      <trkpt lat="30.04362" lon="-96.31175">
        <ele>106.0</ele>
      </trkpt>
      <trkpt lat="30.0436" lon="-96.31177">
        <ele>106.0</ele>
      </trkpt>
      <trkpt lat="30.04358" lon="-96.31177">
        <ele>106.1</ele>
      </trkpt>
      <trkpt lat="30.04355" lon="-96.31178">
        <ele>106.1</ele>
      </trkpt>
      <trkpt lat="30.04353" lon="-96.31178">
        <ele>106.2</ele>
      </trkpt>
      <trkpt lat="30.04349" lon="-96.31178">
        <ele>106.3</ele>
      </trkpt>
      <trkpt lat="30.04334" lon="-96.31176">
        <ele>106.8</ele>
      </trkpt>
      <trkpt lat="30.04322" lon="-96.31173">
        <ele>107.0</ele>
      </trkpt>
      <trkpt lat="30.04317" lon="-96.3117199">
        <ele>107.1</ele>
      </trkpt>
      <trkpt lat="30.04309" lon="-96.31171">
        <ele>107.2</ele>
      </trkpt>
      <trkpt lat="30.0427" lon="-96.3116299">
        <ele>107.3</ele>
      </trkpt>
      <trkpt lat="30.04264" lon="-96.31162">
        <ele>107.2</ele>
      </trkpt>
      <trkpt lat="30.04246" lon="-96.31159">
        <ele>107.1</ele>
      </trkpt>
      <trkpt lat="30.04236" lon="-96.31158">
        <ele>107.0</ele>
      </trkpt>
      <trkpt lat="30.04231" lon="-96.31158">
        <ele>107.0</ele>
      </trkpt>
      <trkpt lat="30.04229" lon="-96.31158">
        <ele>106.9</ele>
      </trkpt>
      <trkpt lat="30.04225" lon="-96.31159">
        <ele>106.9</ele>
      </trkpt>
      <trkpt lat="30.04222" lon="-96.31161">
        <ele>106.9</ele>
      </trkpt>
      <trkpt lat="30.04221" lon="-96.31162">
        <ele>106.9</ele>
      </trkpt>
      <trkpt lat="30.04218" lon="-96.31164">
        <ele>106.9</ele>
      </trkpt>
      <trkpt lat="30.04214" lon="-96.31171">
        <ele>107.0</ele>
      </trkpt>
      <trkpt lat="30.04213" lon="-96.31174">
        <ele>107.0</ele>
      </trkpt>
      <trkpt lat="30.04208" lon="-96.31184">
        <ele>107.1</ele>
      </trkpt>
      <trkpt lat="30.04198" lon="-96.31202">
        <ele>107.2</ele>
      </trkpt>
      <trkpt lat="30.0418" lon="-96.31238">
        <ele>106.9</ele>
      </trkpt>
      <trkpt lat="30.04171" lon="-96.31256">
        <ele>106.6</ele>
      </trkpt>
      <trkpt lat="30.0416" lon="-96.31278">
        <ele>106.5</ele>
      </trkpt>
      <trkpt lat="30.04152" lon="-96.31295">
        <ele>106.7</ele>
      </trkpt>
      <trkpt lat="30.04142" lon="-96.3131499">
        <ele>107.9</ele>
      </trkpt>
      <trkpt lat="30.04126" lon="-96.31343">
        <ele>108.8</ele>
      </trkpt>
      <trkpt lat="30.04123" lon="-96.3135">
        <ele>108.9</ele>
      </trkpt>
      <trkpt lat="30.0412" lon="-96.31356">
        <ele>109.0</ele>
      </trkpt>
      <trkpt lat="30.04116" lon="-96.31365">
        <ele>109.3</ele>
      </trkpt>
      <trkpt lat="30.04115" lon="-96.3136899">
        <ele>109.4</ele>
      </trkpt>
      <trkpt lat="30.04114" lon="-96.31372">
        <ele>109.6</ele>
      </trkpt>
      <trkpt lat="30.04113" lon="-96.31379">
        <ele>109.9</ele>
      </trkpt>
      <trkpt lat="30.04112" lon="-96.31387">
        <ele>110.3</ele>
      </trkpt>
      <trkpt lat="30.04112" lon="-96.31389">
        <ele>110.4</ele>
      </trkpt>
      <trkpt lat="30.04111" lon="-96.31394">
        <ele>110.7</ele>
      </trkpt>
      <trkpt lat="30.04111" lon="-96.31405">
        <ele>111.2</ele>
      </trkpt>
      <trkpt lat="30.04111" lon="-96.31405">
        <ele>111.2</ele>
      </trkpt>
      <trkpt lat="30.04111" lon="-96.31415">
        <ele>111.7</ele>
      </trkpt>
      <trkpt lat="30.04112" lon="-96.31431">
        <ele>112.4</ele>
      </trkpt>
      <trkpt lat="30.04112" lon="-96.31441">
        <ele>112.7</ele>
      </trkpt>
      <trkpt lat="30.04113" lon="-96.31462">
        <ele>113.2</ele>
      </trkpt>
      <trkpt lat="30.04113" lon="-96.31464">
        <ele>113.3</ele>
      </trkpt>
      <trkpt lat="30.04114" lon="-96.31472">
        <ele>114.2</ele>
      </trkpt>
      <trkpt lat="30.04115" lon="-96.31486">
        <ele>115.8</ele>
      </trkpt>
      <trkpt lat="30.04115" lon="-96.31488">
        <ele>115.9</ele>
      </trkpt>
      <trkpt lat="30.04116" lon="-96.31493">
        <ele>116.1</ele>
      </trkpt>
      <trkpt lat="30.04117" lon="-96.31509">
        <ele>116.0</ele>
      </trkpt>
      <trkpt lat="30.04121" lon="-96.31534">
        <ele>115.9</ele>
      </trkpt>
      <trkpt lat="30.04123" lon="-96.3155">
        <ele>115.5</ele>
      </trkpt>
      <trkpt lat="30.04127" lon="-96.31575">
        <ele>114.6</ele>
      </trkpt>
      <trkpt lat="30.0413" lon="-96.31589">
        <ele>114.1</ele>
      </trkpt>
      <trkpt lat="30.04131" lon="-96.31595">
        <ele>113.9</ele>
      </trkpt>
      <trkpt lat="30.04132" lon="-96.31602">
        <ele>113.6</ele>
      </trkpt>
      <trkpt lat="30.04133" lon="-96.31605">
        <ele>113.5</ele>
      </trkpt>
      <trkpt lat="30.04134" lon="-96.31609">
        <ele>113.3</ele>
      </trkpt>
      <trkpt lat="30.04136" lon="-96.31616">
        <ele>113.0</ele>
      </trkpt>
      <trkpt lat="30.0414" lon="-96.31622">
        <ele>112.9</ele>
      </trkpt>
      <trkpt lat="30.04143" lon="-96.31627">
        <ele>112.8</ele>
      </trkpt>
      <trkpt lat="30.04149" lon="-96.31635">
        <ele>112.7</ele>
      </trkpt>
      <trkpt lat="30.04157" lon="-96.31644">
        <ele>112.5</ele>
      </trkpt>
      <trkpt lat="30.04159" lon="-96.31647">
        <ele>112.4</ele>
      </trkpt>
      <trkpt lat="30.04167" lon="-96.31655">
        <ele>112.4</ele>
      </trkpt>
      <trkpt lat="30.04199" lon="-96.31689">
        <ele>112.9</ele>
      </trkpt>
      <trkpt lat="30.04203" lon="-96.31694">
        <ele>113.1</ele>
      </trkpt>
      <trkpt lat="30.04212" lon="-96.31703">
        <ele>113.4</ele>
      </trkpt>
      <trkpt lat="30.04243" lon="-96.3173599">
        <ele>114.7</ele>
      </trkpt>
      <trkpt lat="30.04275" lon="-96.31772">
        <ele>116.5</ele>
      </trkpt>
      <trkpt lat="30.04277" lon="-96.31774">
        <ele>116.6</ele>
      </trkpt>
      <trkpt lat="30.0429" lon="-96.31788">
        <ele>117.2</ele>
      </trkpt>
      <trkpt lat="30.04303" lon="-96.3180299">
        <ele>117.8</ele>
      </trkpt>
      <trkpt lat="30.04315" lon="-96.31818">
        <ele>118.4</ele>
      </trkpt>
      <trkpt lat="30.04317" lon="-96.3182">
        <ele>118.5</ele>
      </trkpt>
      <trkpt lat="30.04324" lon="-96.3182999">
        <ele>118.9</ele>
      </trkpt>
      <trkpt lat="30.04334" lon="-96.31843">
        <ele>119.4</ele>
      </trkpt>
      <trkpt lat="30.04342" lon="-96.31856">
        <ele>120.0</ele>
      </trkpt>
      <trkpt lat="30.04344" lon="-96.31861">
        <ele>120.2</ele>
      </trkpt>
      <trkpt lat="30.04349" lon="-96.3187">
        <ele>120.4</ele>
      </trkpt>
      <trkpt lat="30.04353" lon="-96.31879">
        <ele>120.5</ele>
      </trkpt>
      <trkpt lat="30.04354" lon="-96.31881">
        <ele>120.5</ele>
      </trkpt>
      <trkpt lat="30.04356" lon="-96.31887">
        <ele>120.5</ele>
      </trkpt>
      <trkpt lat="30.04356" lon="-96.3188799">
        <ele>120.5</ele>
      </trkpt>
      <trkpt lat="30.04358" lon="-96.31895">
        <ele>120.4</ele>
      </trkpt>
      <trkpt lat="30.04359" lon="-96.31899">
        <ele>120.4</ele>
      </trkpt>
      <trkpt lat="30.0436" lon="-96.31902">
        <ele>120.3</ele>
      </trkpt>
      <trkpt lat="30.04361" lon="-96.31908">
        <ele>120.3</ele>
      </trkpt>
      <trkpt lat="30.04362" lon="-96.31914">
        <ele>120.1</ele>
      </trkpt>
      <trkpt lat="30.04362" lon="-96.31919">
        <ele>120.0</ele>
      </trkpt>
      <trkpt lat="30.04362" lon="-96.31921">
        <ele>120.0</ele>
      </trkpt>
      <trkpt lat="30.04361" lon="-96.31927">
        <ele>119.9</ele>
      </trkpt>
      <trkpt lat="30.04361" lon="-96.31928">
        <ele>119.9</ele>
      </trkpt>
      <trkpt lat="30.0436" lon="-96.3193299">
        <ele>119.9</ele>
      </trkpt>
      <trkpt lat="30.04359" lon="-96.31939">
        <ele>119.8</ele>
      </trkpt>
      <trkpt lat="30.04357" lon="-96.31943">
        <ele>119.9</ele>
      </trkpt>
      <trkpt lat="30.04354" lon="-96.31949">
        <ele>119.9</ele>
      </trkpt>
      <trkpt lat="30.04348" lon="-96.31957">
        <ele>120.0</ele>
      </trkpt>
      <trkpt lat="30.04348" lon="-96.31957">
        <ele>120.0</ele>
      </trkpt>
      <trkpt lat="30.0442" lon="-96.31973">
        <ele>114.5</ele>
      </trkpt>
      <trkpt lat="30.04454" lon="-96.31981">
        <ele>111.9</ele>
      </trkpt>
      <trkpt lat="30.04472" lon="-96.31985">
        <ele>111.2</ele>
      </trkpt>
      <trkpt lat="30.0449" lon="-96.31989">
        <ele>110.9</ele>
      </trkpt>
      <trkpt lat="30.04507" lon="-96.31993">
        <ele>110.6</ele>
      </trkpt>
      <trkpt lat="30.0452" lon="-96.31996">
        <ele>110.3</ele>
      </trkpt>
      <trkpt lat="30.04525" lon="-96.31998">
        <ele>110.3</ele>
      </trkpt>
      <trkpt lat="30.04535" lon="-96.32001">
        <ele>110.1</ele>
      </trkpt>
      <trkpt lat="30.04542" lon="-96.32005">
        <ele>110.0</ele>
      </trkpt>
      <trkpt lat="30.0455" lon="-96.3200899">
        <ele>109.9</ele>
      </trkpt>
      <trkpt lat="30.04557" lon="-96.32015">
        <ele>110.0</ele>
      </trkpt>
      <trkpt lat="30.04558" lon="-96.32016">
        <ele>110.0</ele>
      </trkpt>
      <trkpt lat="30.04565" lon="-96.32025">
        <ele>110.4</ele>
      </trkpt>
      <trkpt lat="30.04572" lon="-96.32035">
        <ele>111.0</ele>
      </trkpt>
      <trkpt lat="30.04581" lon="-96.32059">
        <ele>112.1</ele>
      </trkpt>
      <trkpt lat="30.04586" lon="-96.32073">
        <ele>112.5</ele>
      </trkpt>
      <trkpt lat="30.0459" lon="-96.32088">
        <ele>112.9</ele>
      </trkpt>
      <trkpt lat="30.04591" lon="-96.32101">
        <ele>113.0</ele>
      </trkpt>
      <trkpt lat="30.04592" lon="-96.32111">
        <ele>113.1</ele>
      </trkpt>
      <trkpt lat="30.04592" lon="-96.32122">
        <ele>113.3</ele>
      </trkpt>
      <trkpt lat="30.04592" lon="-96.32135">
        <ele>113.5</ele>
      </trkpt>
      <trkpt lat="30.04592" lon="-96.3214799">
        <ele>114.1</ele>
      </trkpt>
      <trkpt lat="30.04593" lon="-96.32158">
        <ele>114.4</ele>
      </trkpt>
      <trkpt lat="30.04594" lon="-96.32167">
        <ele>114.5</ele>
      </trkpt>
      <trkpt lat="30.04597" lon="-96.32182">
        <ele>114.3</ele>
      </trkpt>
      <trkpt lat="30.04601" lon="-96.32191">
        <ele>114.1</ele>
      </trkpt>
      <trkpt lat="30.04611" lon="-96.32207">
        <ele>113.8</ele>
      </trkpt>
      <trkpt lat="30.04612" lon="-96.32209">
        <ele>113.7</ele>
      </trkpt>
      <trkpt lat="30.04622" lon="-96.32226">
        <ele>113.6</ele>
      </trkpt>
      <trkpt lat="30.04622" lon="-96.32227">
        <ele>113.6</ele>
      </trkpt>
      <trkpt lat="30.04629" lon="-96.32243">
        <ele>113.4</ele>
      </trkpt>
      <trkpt lat="30.04631" lon="-96.32245">
        <ele>113.4</ele>
      </trkpt>
      <trkpt lat="30.04639" lon="-96.32265">
        <ele>113.8</ele>
      </trkpt>
      <trkpt lat="30.04646" lon="-96.3228199">
        <ele>114.2</ele>
      </trkpt>
      <trkpt lat="30.04652" lon="-96.3229999">
        <ele>114.5</ele>
      </trkpt>
      <trkpt lat="30.04659" lon="-96.32322">
        <ele>115.1</ele>
      </trkpt>
      <trkpt lat="30.04665" lon="-96.32341">
        <ele>115.4</ele>
      </trkpt>
      <trkpt lat="30.04667" lon="-96.32347">
        <ele>115.4</ele>
      </trkpt>
      <trkpt lat="30.04678" lon="-96.3238">
        <ele>115.8</ele>
      </trkpt>
      <trkpt lat="30.04683" lon="-96.32397">
        <ele>116.2</ele>
      </trkpt>
      <trkpt lat="30.04698" lon="-96.32444">
        <ele>116.4</ele>
      </trkpt>
      <trkpt lat="30.0471" lon="-96.32478">
        <ele>117.0</ele>
      </trkpt>
      <trkpt lat="30.04716" lon="-96.32494">
        <ele>117.2</ele>
      </trkpt>
      <trkpt lat="30.04729" lon="-96.32526">
        <ele>117.5</ele>
      </trkpt>
      <trkpt lat="30.0474" lon="-96.32554">
        <ele>117.8</ele>
      </trkpt>
      <trkpt lat="30.04751" lon="-96.32581">
        <ele>118.2</ele>
      </trkpt>
      <trkpt lat="30.04766" lon="-96.32615">
        <ele>118.6</ele>
      </trkpt>
      <trkpt lat="30.04781" lon="-96.32645">
        <ele>118.8</ele>
      </trkpt>
      <trkpt lat="30.04789" lon="-96.3266">
        <ele>118.8</ele>
      </trkpt>
      <trkpt lat="30.04819" lon="-96.32717">
        <ele>118.9</ele>
      </trkpt>
      <trkpt lat="30.04824" lon="-96.32727">
        <ele>118.9</ele>
      </trkpt>
      <trkpt lat="30.04844" lon="-96.32762">
        <ele>118.8</ele>
      </trkpt>
      <trkpt lat="30.04854" lon="-96.3277899">
        <ele>118.7</ele>
      </trkpt>
      <trkpt lat="30.04863" lon="-96.32793">
        <ele>118.4</ele>
      </trkpt>
      <trkpt lat="30.04867" lon="-96.328">
        <ele>118.2</ele>
      </trkpt>
      <trkpt lat="30.04867" lon="-96.328">
        <ele>118.2</ele>
      </trkpt>
    </trkseg>
  </trk>
</gpx>
