<?xml version="1.0" encoding="UTF-8"?>
<gpx xmlns:xsi="http://www.w3.org/2001/XMLSchema-instance" xmlns="http://www.topografix.com/GPX/1/1" xmlns:gpxdata="http://www.cluetrust.com/XML/GPXDATA/1/0" xsi:schemaLocation="http://www.topografix.com/GPX/1/1 http://www.topografix.com/GPX/1/1/gpx.xsd http://www.cluetrust.com/XML/GPXDATA/1/0 http://www.cluetrust.com/Schemas/gpxdata10.xsd" version="1.1" creator="http://ridewithgps.com/">
  <metadata>
    <name>CCR Wire Donkey 62</name>
    <link href="https://ridewithgps.com/routes/42002976">
      <text>CCR Wire Donkey 62</text>
    </link>
    <time>2023-02-13T15:52:26Z</time>
  </metadata>
  <trk>
    <name>CCR Wire Donkey 62</name>
    <trkseg>
      <trkpt lat="30.04863" lon="-96.32793">
        <ele>118.4</ele>
      </trkpt>
      <trkpt lat="30.04873" lon="-96.32808">
        <ele>118.1</ele>
      </trkpt>
      <trkpt lat="30.04881" lon="-96.32821">
        <ele>117.9</ele>
      </trkpt>
      <trkpt lat="30.04891" lon="-96.32837">
        <ele>117.6</ele>
      </trkpt>
      <trkpt lat="30.04906" lon="-96.32859">
        <ele>117.3</ele>
      </trkpt>
      <trkpt lat="30.0491" lon="-96.3286399">
        <ele>117.2</ele>
      </trkpt>
      <trkpt lat="30.04914" lon="-96.32871">
        <ele>117.0</ele>
      </trkpt>
      <trkpt lat="30.04925" lon="-96.32887">
        <ele>116.7</ele>
      </trkpt>
      <trkpt lat="30.04937" lon="-96.32903">
        <ele>116.5</ele>
      </trkpt>
      <trkpt lat="30.04954" lon="-96.32926">
        <ele>116.1</ele>
      </trkpt>
      <trkpt lat="30.0496" lon="-96.32935">
        <ele>116.0</ele>
      </trkpt>
      <trkpt lat="30.04971" lon="-96.32951">
        <ele>115.9</ele>
      </trkpt>
      <trkpt lat="30.04973" lon="-96.32954">
        <ele>115.9</ele>
      </trkpt>
      <trkpt lat="30.04974" lon="-96.32956">
        <ele>115.8</ele>
      </trkpt>
      <trkpt lat="30.04993" lon="-96.32982">
        <ele>116.1</ele>
      </trkpt>
      <trkpt lat="30.04994" lon="-96.32983">
        <ele>116.2</ele>
      </trkpt>
      <trkpt lat="30.04997" lon="-96.32988">
        <ele>116.2</ele>
      </trkpt>
      <trkpt lat="30.05005" lon="-96.32999">
        <ele>116.4</ele>
      </trkpt>
      <trkpt lat="30.05013" lon="-96.3301">
        <ele>116.8</ele>
      </trkpt>
      <trkpt lat="30.05017" lon="-96.33015">
        <ele>117.6</ele>
      </trkpt>
      <trkpt lat="30.0502" lon="-96.3302">
        <ele>117.9</ele>
      </trkpt>
      <trkpt lat="30.05028" lon="-96.33031">
        <ele>118.3</ele>
      </trkpt>
      <trkpt lat="30.05032" lon="-96.33036">
        <ele>118.3</ele>
      </trkpt>
      <trkpt lat="30.05054" lon="-96.33067">
        <ele>118.5</ele>
      </trkpt>
      <trkpt lat="30.05072" lon="-96.33092">
        <ele>119.4</ele>
      </trkpt>
      <trkpt lat="30.05088" lon="-96.33112">
        <ele>120.5</ele>
      </trkpt>
      <trkpt lat="30.05102" lon="-96.3313">
        <ele>121.3</ele>
      </trkpt>
      <trkpt lat="30.0512" lon="-96.33151">
        <ele>122.0</ele>
      </trkpt>
      <trkpt lat="30.05137" lon="-96.33169">
        <ele>122.4</ele>
      </trkpt>
      <trkpt lat="30.05139" lon="-96.33171">
        <ele>122.5</ele>
      </trkpt>
      <trkpt lat="30.05151" lon="-96.33183">
        <ele>123.2</ele>
      </trkpt>
      <trkpt lat="30.05155" lon="-96.33187">
        <ele>123.5</ele>
      </trkpt>
      <trkpt lat="30.05157" lon="-96.33189">
        <ele>123.6</ele>
      </trkpt>
      <trkpt lat="30.05171" lon="-96.33202">
        <ele>123.8</ele>
      </trkpt>
      <trkpt lat="30.05187" lon="-96.3321799">
        <ele>123.3</ele>
      </trkpt>
      <trkpt lat="30.05197" lon="-96.33227">
        <ele>122.8</ele>
      </trkpt>
      <trkpt lat="30.05198" lon="-96.33228">
        <ele>122.7</ele>
      </trkpt>
      <trkpt lat="30.05241" lon="-96.3326699">
        <ele>122.0</ele>
      </trkpt>
      <trkpt lat="30.05267" lon="-96.33291">
        <ele>121.9</ele>
      </trkpt>
      <trkpt lat="30.05277" lon="-96.333">
        <ele>121.9</ele>
      </trkpt>
      <trkpt lat="30.05283" lon="-96.33305">
        <ele>121.9</ele>
      </trkpt>
      <trkpt lat="30.05295" lon="-96.33317">
        <ele>121.9</ele>
      </trkpt>
      <trkpt lat="30.05297" lon="-96.33318">
        <ele>121.9</ele>
      </trkpt>
      <trkpt lat="30.05307" lon="-96.33328">
        <ele>121.8</ele>
      </trkpt>
      <trkpt lat="30.05311" lon="-96.33331">
        <ele>121.9</ele>
      </trkpt>
      <trkpt lat="30.05324" lon="-96.33343">
        <ele>121.9</ele>
      </trkpt>
      <trkpt lat="30.05334" lon="-96.3335199">
        <ele>121.7</ele>
      </trkpt>
      <trkpt lat="30.05355" lon="-96.33373">
        <ele>121.2</ele>
      </trkpt>
      <trkpt lat="30.05375" lon="-96.33395">
        <ele>121.2</ele>
      </trkpt>
      <trkpt lat="30.05381" lon="-96.33402">
        <ele>121.2</ele>
      </trkpt>
      <trkpt lat="30.05394" lon="-96.33417">
        <ele>121.1</ele>
      </trkpt>
      <trkpt lat="30.05409" lon="-96.3344">
        <ele>120.6</ele>
      </trkpt>
      <trkpt lat="30.05422" lon="-96.33461">
        <ele>119.8</ele>
      </trkpt>
      <trkpt lat="30.05436" lon="-96.33484">
        <ele>119.5</ele>
      </trkpt>
      <trkpt lat="30.05441" lon="-96.33495">
        <ele>120.5</ele>
      </trkpt>
      <trkpt lat="30.05446" lon="-96.33502">
        <ele>121.2</ele>
      </trkpt>
      <trkpt lat="30.05467" lon="-96.33539">
        <ele>122.5</ele>
      </trkpt>
      <trkpt lat="30.05475" lon="-96.33554">
        <ele>123.2</ele>
      </trkpt>
      <trkpt lat="30.05483" lon="-96.33568">
        <ele>124.1</ele>
      </trkpt>
      <trkpt lat="30.05495" lon="-96.33589">
        <ele>125.2</ele>
      </trkpt>
      <trkpt lat="30.05501" lon="-96.336">
        <ele>125.4</ele>
      </trkpt>
      <trkpt lat="30.05503" lon="-96.3360299">
        <ele>125.4</ele>
      </trkpt>
      <trkpt lat="30.05514" lon="-96.33624">
        <ele>125.1</ele>
      </trkpt>
      <trkpt lat="30.05528" lon="-96.33648">
        <ele>123.6</ele>
      </trkpt>
      <trkpt lat="30.0554" lon="-96.3366999">
        <ele>122.3</ele>
      </trkpt>
      <trkpt lat="30.05558" lon="-96.33702">
        <ele>120.8</ele>
      </trkpt>
      <trkpt lat="30.05567" lon="-96.33717">
        <ele>120.1</ele>
      </trkpt>
      <trkpt lat="30.05584" lon="-96.33747">
        <ele>118.8</ele>
      </trkpt>
      <trkpt lat="30.05592" lon="-96.33758">
        <ele>117.8</ele>
      </trkpt>
      <trkpt lat="30.05602" lon="-96.3377">
        <ele>116.6</ele>
      </trkpt>
      <trkpt lat="30.05613" lon="-96.3378">
        <ele>115.8</ele>
      </trkpt>
      <trkpt lat="30.05619" lon="-96.33784">
        <ele>115.6</ele>
      </trkpt>
      <trkpt lat="30.05627" lon="-96.33788">
        <ele>115.2</ele>
      </trkpt>
      <trkpt lat="30.05631" lon="-96.3379099">
        <ele>114.9</ele>
      </trkpt>
      <trkpt lat="30.05633" lon="-96.33792">
        <ele>114.8</ele>
      </trkpt>
      <trkpt lat="30.05643" lon="-96.33795">
        <ele>114.3</ele>
      </trkpt>
      <trkpt lat="30.05649" lon="-96.33796">
        <ele>114.0</ele>
      </trkpt>
      <trkpt lat="30.05653" lon="-96.33797">
        <ele>113.8</ele>
      </trkpt>
      <trkpt lat="30.05663" lon="-96.33798">
        <ele>113.5</ele>
      </trkpt>
      <trkpt lat="30.05667" lon="-96.33798">
        <ele>113.4</ele>
      </trkpt>
      <trkpt lat="30.05679" lon="-96.33797">
        <ele>113.0</ele>
      </trkpt>
      <trkpt lat="30.05689" lon="-96.33796">
        <ele>112.9</ele>
      </trkpt>
      <trkpt lat="30.05702" lon="-96.33793">
        <ele>112.9</ele>
      </trkpt>
      <trkpt lat="30.05702" lon="-96.33793">
        <ele>112.9</ele>
      </trkpt>
      <trkpt lat="30.05715" lon="-96.33852">
        <ele>111.0</ele>
      </trkpt>
      <trkpt lat="30.05716" lon="-96.33854">
        <ele>110.8</ele>
      </trkpt>
      <trkpt lat="30.05718" lon="-96.33866">
        <ele>110.0</ele>
      </trkpt>
      <trkpt lat="30.0572" lon="-96.33872">
        <ele>109.7</ele>
      </trkpt>
      <trkpt lat="30.05726" lon="-96.33906">
        <ele>109.5</ele>
      </trkpt>
      <trkpt lat="30.05731" lon="-96.33936">
        <ele>108.6</ele>
      </trkpt>
      <trkpt lat="30.05734" lon="-96.33963">
        <ele>107.5</ele>
      </trkpt>
      <trkpt lat="30.05735" lon="-96.33984">
        <ele>107.0</ele>
      </trkpt>
      <trkpt lat="30.05735" lon="-96.33995">
        <ele>106.8</ele>
      </trkpt>
      <trkpt lat="30.05735" lon="-96.3399699">
        <ele>106.7</ele>
      </trkpt>
      <trkpt lat="30.05735" lon="-96.3400599">
        <ele>106.6</ele>
      </trkpt>
      <trkpt lat="30.05734" lon="-96.34016">
        <ele>106.2</ele>
      </trkpt>
      <trkpt lat="30.05733" lon="-96.34029">
        <ele>105.7</ele>
      </trkpt>
      <trkpt lat="30.0573" lon="-96.34056">
        <ele>104.7</ele>
      </trkpt>
      <trkpt lat="30.05729" lon="-96.34059">
        <ele>104.7</ele>
      </trkpt>
      <trkpt lat="30.05726" lon="-96.34075">
        <ele>104.3</ele>
      </trkpt>
      <trkpt lat="30.05725" lon="-96.34078">
        <ele>104.2</ele>
      </trkpt>
      <trkpt lat="30.05725" lon="-96.34079">
        <ele>104.2</ele>
      </trkpt>
      <trkpt lat="30.05723" lon="-96.3409">
        <ele>103.9</ele>
      </trkpt>
      <trkpt lat="30.0572" lon="-96.34099">
        <ele>103.5</ele>
      </trkpt>
      <trkpt lat="30.05715" lon="-96.34116">
        <ele>103.1</ele>
      </trkpt>
      <trkpt lat="30.05714" lon="-96.34119">
        <ele>103.1</ele>
      </trkpt>
      <trkpt lat="30.05709" lon="-96.34133">
        <ele>103.0</ele>
      </trkpt>
      <trkpt lat="30.05704" lon="-96.34146">
        <ele>102.9</ele>
      </trkpt>
      <trkpt lat="30.05698" lon="-96.34159">
        <ele>102.9</ele>
      </trkpt>
      <trkpt lat="30.0569" lon="-96.3417599">
        <ele>102.9</ele>
      </trkpt>
      <trkpt lat="30.05679" lon="-96.34195">
        <ele>102.5</ele>
      </trkpt>
      <trkpt lat="30.0567" lon="-96.34209">
        <ele>102.0</ele>
      </trkpt>
      <trkpt lat="30.05658" lon="-96.34228">
        <ele>101.4</ele>
      </trkpt>
      <trkpt lat="30.05638" lon="-96.34258">
        <ele>101.2</ele>
      </trkpt>
      <trkpt lat="30.0562" lon="-96.34284">
        <ele>101.1</ele>
      </trkpt>
      <trkpt lat="30.05617" lon="-96.34289">
        <ele>101.0</ele>
      </trkpt>
      <trkpt lat="30.05593" lon="-96.34324">
        <ele>100.3</ele>
      </trkpt>
      <trkpt lat="30.05586" lon="-96.34333">
        <ele>100.2</ele>
      </trkpt>
      <trkpt lat="30.05575" lon="-96.34348">
        <ele>99.7</ele>
      </trkpt>
      <trkpt lat="30.0556" lon="-96.34371">
        <ele>98.5</ele>
      </trkpt>
      <trkpt lat="30.05538" lon="-96.34403">
        <ele>98.1</ele>
      </trkpt>
      <trkpt lat="30.05534" lon="-96.34409">
        <ele>98.0</ele>
      </trkpt>
      <trkpt lat="30.05521" lon="-96.34428">
        <ele>98.0</ele>
      </trkpt>
      <trkpt lat="30.05516" lon="-96.34437">
        <ele>97.9</ele>
      </trkpt>
      <trkpt lat="30.05506" lon="-96.34454">
        <ele>97.8</ele>
      </trkpt>
      <trkpt lat="30.05494" lon="-96.34478">
        <ele>97.6</ele>
      </trkpt>
      <trkpt lat="30.0549" lon="-96.3449">
        <ele>97.6</ele>
      </trkpt>
      <trkpt lat="30.05483" lon="-96.34509">
        <ele>97.6</ele>
      </trkpt>
      <trkpt lat="30.05482" lon="-96.3451">
        <ele>97.6</ele>
      </trkpt>
      <trkpt lat="30.05479" lon="-96.34524">
        <ele>97.6</ele>
      </trkpt>
      <trkpt lat="30.05473" lon="-96.34548">
        <ele>96.5</ele>
      </trkpt>
      <trkpt lat="30.0547" lon="-96.34573">
        <ele>95.2</ele>
      </trkpt>
      <trkpt lat="30.05468" lon="-96.34595">
        <ele>94.4</ele>
      </trkpt>
      <trkpt lat="30.05466" lon="-96.34636">
        <ele>94.9</ele>
      </trkpt>
      <trkpt lat="30.05464" lon="-96.34658">
        <ele>97.3</ele>
      </trkpt>
      <trkpt lat="30.05464" lon="-96.34671">
        <ele>98.7</ele>
      </trkpt>
      <trkpt lat="30.0546" lon="-96.34698">
        <ele>100.7</ele>
      </trkpt>
      <trkpt lat="30.05456" lon="-96.3472">
        <ele>101.3</ele>
      </trkpt>
      <trkpt lat="30.05456" lon="-96.3472">
        <ele>101.3</ele>
      </trkpt>
      <trkpt lat="30.05465" lon="-96.34725">
        <ele>101.4</ele>
      </trkpt>
      <trkpt lat="30.05478" lon="-96.34729">
        <ele>101.7</ele>
      </trkpt>
      <trkpt lat="30.05479" lon="-96.34729">
        <ele>101.7</ele>
      </trkpt>
      <trkpt lat="30.0549" lon="-96.34732">
        <ele>102.0</ele>
      </trkpt>
      <trkpt lat="30.05495" lon="-96.34732">
        <ele>102.1</ele>
      </trkpt>
      <trkpt lat="30.05497" lon="-96.34732">
        <ele>102.1</ele>
      </trkpt>
      <trkpt lat="30.05499" lon="-96.34732">
        <ele>102.1</ele>
      </trkpt>
      <trkpt lat="30.05516" lon="-96.34726">
        <ele>102.1</ele>
      </trkpt>
      <trkpt lat="30.05525" lon="-96.34719">
        <ele>101.8</ele>
      </trkpt>
      <trkpt lat="30.05533" lon="-96.34711">
        <ele>101.5</ele>
      </trkpt>
      <trkpt lat="30.05541" lon="-96.34702">
        <ele>101.0</ele>
      </trkpt>
      <trkpt lat="30.05542" lon="-96.34701">
        <ele>100.9</ele>
      </trkpt>
      <trkpt lat="30.05555" lon="-96.34686">
        <ele>99.9</ele>
      </trkpt>
      <trkpt lat="30.05557" lon="-96.34684">
        <ele>99.8</ele>
      </trkpt>
      <trkpt lat="30.05564" lon="-96.34679">
        <ele>99.5</ele>
      </trkpt>
      <trkpt lat="30.0557" lon="-96.34676">
        <ele>99.3</ele>
      </trkpt>
      <trkpt lat="30.05577" lon="-96.3467299">
        <ele>99.1</ele>
      </trkpt>
      <trkpt lat="30.05614" lon="-96.34674">
        <ele>99.0</ele>
      </trkpt>
      <trkpt lat="30.05701" lon="-96.3468199">
        <ele>98.1</ele>
      </trkpt>
      <trkpt lat="30.05724" lon="-96.34686">
        <ele>98.4</ele>
      </trkpt>
      <trkpt lat="30.05748" lon="-96.34695">
        <ele>98.2</ele>
      </trkpt>
      <trkpt lat="30.05756" lon="-96.34698">
        <ele>98.2</ele>
      </trkpt>
      <trkpt lat="30.05798" lon="-96.34717">
        <ele>98.4</ele>
      </trkpt>
      <trkpt lat="30.05912" lon="-96.34772">
        <ele>101.0</ele>
      </trkpt>
      <trkpt lat="30.05932" lon="-96.34778">
        <ele>100.8</ele>
      </trkpt>
      <trkpt lat="30.05951" lon="-96.34784">
        <ele>101.0</ele>
      </trkpt>
      <trkpt lat="30.0599" lon="-96.34794">
        <ele>101.4</ele>
      </trkpt>
      <trkpt lat="30.06006" lon="-96.34798">
        <ele>101.5</ele>
      </trkpt>
      <trkpt lat="30.06029" lon="-96.34809">
        <ele>101.7</ele>
      </trkpt>
      <trkpt lat="30.06043" lon="-96.34817">
        <ele>102.0</ele>
      </trkpt>
      <trkpt lat="30.06045" lon="-96.34819">
        <ele>102.1</ele>
      </trkpt>
      <trkpt lat="30.06053" lon="-96.34826">
        <ele>102.4</ele>
      </trkpt>
      <trkpt lat="30.06081" lon="-96.34854">
        <ele>103.9</ele>
      </trkpt>
      <trkpt lat="30.06096" lon="-96.34871">
        <ele>104.1</ele>
      </trkpt>
      <trkpt lat="30.06103" lon="-96.34878">
        <ele>104.1</ele>
      </trkpt>
      <trkpt lat="30.06146" lon="-96.3492">
        <ele>104.3</ele>
      </trkpt>
      <trkpt lat="30.06171" lon="-96.3494599">
        <ele>104.4</ele>
      </trkpt>
      <trkpt lat="30.06182" lon="-96.34953">
        <ele>104.3</ele>
      </trkpt>
      <trkpt lat="30.06183" lon="-96.34954">
        <ele>104.2</ele>
      </trkpt>
      <trkpt lat="30.06205" lon="-96.34966">
        <ele>104.5</ele>
      </trkpt>
      <trkpt lat="30.06213" lon="-96.34969">
        <ele>104.6</ele>
      </trkpt>
      <trkpt lat="30.06248" lon="-96.3498199">
        <ele>105.9</ele>
      </trkpt>
      <trkpt lat="30.06249" lon="-96.34983">
        <ele>105.9</ele>
      </trkpt>
      <trkpt lat="30.06292" lon="-96.34997">
        <ele>106.8</ele>
      </trkpt>
      <trkpt lat="30.06308" lon="-96.35002">
        <ele>106.9</ele>
      </trkpt>
      <trkpt lat="30.06335" lon="-96.3501">
        <ele>107.7</ele>
      </trkpt>
      <trkpt lat="30.06339" lon="-96.35012">
        <ele>107.9</ele>
      </trkpt>
      <trkpt lat="30.06375" lon="-96.35023">
        <ele>109.1</ele>
      </trkpt>
      <trkpt lat="30.06378" lon="-96.35024">
        <ele>109.2</ele>
      </trkpt>
      <trkpt lat="30.06391" lon="-96.35029">
        <ele>109.4</ele>
      </trkpt>
      <trkpt lat="30.06404" lon="-96.3503099">
        <ele>109.6</ele>
      </trkpt>
      <trkpt lat="30.06411" lon="-96.3503099">
        <ele>109.8</ele>
      </trkpt>
      <trkpt lat="30.06416" lon="-96.35029">
        <ele>109.8</ele>
      </trkpt>
      <trkpt lat="30.06423" lon="-96.35023">
        <ele>110.0</ele>
      </trkpt>
      <trkpt lat="30.06492" lon="-96.3495">
        <ele>111.5</ele>
      </trkpt>
      <trkpt lat="30.06561" lon="-96.34876">
        <ele>112.1</ele>
      </trkpt>
      <trkpt lat="30.06583" lon="-96.34853">
        <ele>112.2</ele>
      </trkpt>
      <trkpt lat="30.06589" lon="-96.34848">
        <ele>112.3</ele>
      </trkpt>
      <trkpt lat="30.06594" lon="-96.34845">
        <ele>112.5</ele>
      </trkpt>
      <trkpt lat="30.06602" lon="-96.34844">
        <ele>112.7</ele>
      </trkpt>
      <trkpt lat="30.06615" lon="-96.34845">
        <ele>113.1</ele>
      </trkpt>
      <trkpt lat="30.06622" lon="-96.34848">
        <ele>113.2</ele>
      </trkpt>
      <trkpt lat="30.06624" lon="-96.34849">
        <ele>113.3</ele>
      </trkpt>
      <trkpt lat="30.06632" lon="-96.34857">
        <ele>113.6</ele>
      </trkpt>
      <trkpt lat="30.06684" lon="-96.34924">
        <ele>115.4</ele>
      </trkpt>
      <trkpt lat="30.06696" lon="-96.3494">
        <ele>115.8</ele>
      </trkpt>
      <trkpt lat="30.06732" lon="-96.34985">
        <ele>116.5</ele>
      </trkpt>
      <trkpt lat="30.06791" lon="-96.3506">
        <ele>116.5</ele>
      </trkpt>
      <trkpt lat="30.06812" lon="-96.35089">
        <ele>116.1</ele>
      </trkpt>
      <trkpt lat="30.0682" lon="-96.351">
        <ele>116.0</ele>
      </trkpt>
      <trkpt lat="30.0682" lon="-96.351">
        <ele>116.0</ele>
      </trkpt>
      <trkpt lat="30.06781" lon="-96.35155">
        <ele>114.9</ele>
      </trkpt>
      <trkpt lat="30.06713" lon="-96.35252">
        <ele>112.0</ele>
      </trkpt>
      <trkpt lat="30.06644" lon="-96.3535">
        <ele>110.8</ele>
      </trkpt>
      <trkpt lat="30.06587" lon="-96.3543">
        <ele>110.7</ele>
      </trkpt>
      <trkpt lat="30.06562" lon="-96.35465">
        <ele>109.5</ele>
      </trkpt>
      <trkpt lat="30.0656" lon="-96.35469">
        <ele>109.4</ele>
      </trkpt>
      <trkpt lat="30.06559" lon="-96.35479">
        <ele>109.0</ele>
      </trkpt>
      <trkpt lat="30.0656" lon="-96.35486">
        <ele>108.8</ele>
      </trkpt>
      <trkpt lat="30.06565" lon="-96.35496">
        <ele>108.5</ele>
      </trkpt>
      <trkpt lat="30.0658" lon="-96.35514">
        <ele>107.6</ele>
      </trkpt>
      <trkpt lat="30.06598" lon="-96.35536">
        <ele>106.5</ele>
      </trkpt>
      <trkpt lat="30.06617" lon="-96.3556">
        <ele>105.2</ele>
      </trkpt>
      <trkpt lat="30.06632" lon="-96.3558">
        <ele>104.1</ele>
      </trkpt>
      <trkpt lat="30.0664" lon="-96.3559">
        <ele>103.7</ele>
      </trkpt>
      <trkpt lat="30.06643" lon="-96.35593">
        <ele>103.5</ele>
      </trkpt>
      <trkpt lat="30.06659" lon="-96.35614">
        <ele>102.9</ele>
      </trkpt>
      <trkpt lat="30.06664" lon="-96.3562199">
        <ele>102.7</ele>
      </trkpt>
      <trkpt lat="30.06675" lon="-96.35638">
        <ele>102.2</ele>
      </trkpt>
      <trkpt lat="30.06689" lon="-96.35666">
        <ele>101.4</ele>
      </trkpt>
      <trkpt lat="30.06693" lon="-96.35674">
        <ele>101.2</ele>
      </trkpt>
      <trkpt lat="30.06708" lon="-96.35704">
        <ele>100.1</ele>
      </trkpt>
      <trkpt lat="30.06713" lon="-96.35717">
        <ele>99.6</ele>
      </trkpt>
      <trkpt lat="30.06715" lon="-96.3573">
        <ele>99.1</ele>
      </trkpt>
      <trkpt lat="30.06713" lon="-96.35745">
        <ele>99.0</ele>
      </trkpt>
      <trkpt lat="30.06704" lon="-96.35808">
        <ele>99.1</ele>
      </trkpt>
      <trkpt lat="30.06699" lon="-96.3583699">
        <ele>98.5</ele>
      </trkpt>
      <trkpt lat="30.06695" lon="-96.35849">
        <ele>98.7</ele>
      </trkpt>
      <trkpt lat="30.06693" lon="-96.35851">
        <ele>98.8</ele>
      </trkpt>
      <trkpt lat="30.06689" lon="-96.35857">
        <ele>99.0</ele>
      </trkpt>
      <trkpt lat="30.06661" lon="-96.3589">
        <ele>99.0</ele>
      </trkpt>
      <trkpt lat="30.06655" lon="-96.35896">
        <ele>99.1</ele>
      </trkpt>
      <trkpt lat="30.06641" lon="-96.35911">
        <ele>100.5</ele>
      </trkpt>
      <trkpt lat="30.06639" lon="-96.35915">
        <ele>100.7</ele>
      </trkpt>
      <trkpt lat="30.06637" lon="-96.3592">
        <ele>101.0</ele>
      </trkpt>
      <trkpt lat="30.06637" lon="-96.35923">
        <ele>101.2</ele>
      </trkpt>
      <trkpt lat="30.06637" lon="-96.35925">
        <ele>101.2</ele>
      </trkpt>
      <trkpt lat="30.06637" lon="-96.35928">
        <ele>101.4</ele>
      </trkpt>
      <trkpt lat="30.0664" lon="-96.35935">
        <ele>101.5</ele>
      </trkpt>
      <trkpt lat="30.06648" lon="-96.35948">
        <ele>101.4</ele>
      </trkpt>
      <trkpt lat="30.06649" lon="-96.3595">
        <ele>101.4</ele>
      </trkpt>
      <trkpt lat="30.06669" lon="-96.35974">
        <ele>100.1</ele>
      </trkpt>
      <trkpt lat="30.06681" lon="-96.3598899">
        <ele>99.0</ele>
      </trkpt>
      <trkpt lat="30.06743" lon="-96.36064">
        <ele>93.7</ele>
      </trkpt>
      <trkpt lat="30.06753" lon="-96.36076">
        <ele>92.7</ele>
      </trkpt>
      <trkpt lat="30.06766" lon="-96.36096">
        <ele>90.6</ele>
      </trkpt>
      <trkpt lat="30.06771" lon="-96.36104">
        <ele>89.5</ele>
      </trkpt>
      <trkpt lat="30.06774" lon="-96.36113">
        <ele>88.8</ele>
      </trkpt>
      <trkpt lat="30.06775" lon="-96.36122">
        <ele>88.6</ele>
      </trkpt>
      <trkpt lat="30.06773" lon="-96.36135">
        <ele>88.7</ele>
      </trkpt>
      <trkpt lat="30.06772" lon="-96.3614">
        <ele>88.7</ele>
      </trkpt>
      <trkpt lat="30.06742" lon="-96.36201">
        <ele>86.9</ele>
      </trkpt>
      <trkpt lat="30.06707" lon="-96.36282">
        <ele>85.9</ele>
      </trkpt>
      <trkpt lat="30.06691" lon="-96.36319">
        <ele>86.3</ele>
      </trkpt>
      <trkpt lat="30.06679" lon="-96.3634299">
        <ele>87.5</ele>
      </trkpt>
      <trkpt lat="30.06666" lon="-96.36363">
        <ele>87.6</ele>
      </trkpt>
      <trkpt lat="30.06653" lon="-96.36376">
        <ele>87.7</ele>
      </trkpt>
      <trkpt lat="30.06641" lon="-96.36385">
        <ele>88.3</ele>
      </trkpt>
      <trkpt lat="30.06633" lon="-96.36391">
        <ele>88.8</ele>
      </trkpt>
      <trkpt lat="30.06572" lon="-96.36432">
        <ele>88.5</ele>
      </trkpt>
      <trkpt lat="30.06569" lon="-96.36434">
        <ele>88.5</ele>
      </trkpt>
      <trkpt lat="30.06561" lon="-96.3644">
        <ele>88.4</ele>
      </trkpt>
      <trkpt lat="30.06524" lon="-96.36467">
        <ele>87.2</ele>
      </trkpt>
      <trkpt lat="30.06466" lon="-96.36509">
        <ele>85.6</ele>
      </trkpt>
      <trkpt lat="30.06452" lon="-96.36523">
        <ele>84.7</ele>
      </trkpt>
      <trkpt lat="30.06443" lon="-96.36533">
        <ele>82.4</ele>
      </trkpt>
      <trkpt lat="30.0644" lon="-96.36535">
        <ele>82.3</ele>
      </trkpt>
      <trkpt lat="30.06428" lon="-96.36556">
        <ele>85.2</ele>
      </trkpt>
      <trkpt lat="30.06418" lon="-96.36573">
        <ele>86.1</ele>
      </trkpt>
      <trkpt lat="30.06401" lon="-96.36603">
        <ele>86.4</ele>
      </trkpt>
      <trkpt lat="30.064" lon="-96.36605">
        <ele>86.5</ele>
      </trkpt>
      <trkpt lat="30.06396" lon="-96.36615">
        <ele>86.6</ele>
      </trkpt>
      <trkpt lat="30.06378" lon="-96.36662">
        <ele>86.9</ele>
      </trkpt>
      <trkpt lat="30.06375" lon="-96.36668">
        <ele>86.8</ele>
      </trkpt>
      <trkpt lat="30.06347" lon="-96.36741">
        <ele>86.5</ele>
      </trkpt>
      <trkpt lat="30.06338" lon="-96.36763">
        <ele>85.7</ele>
      </trkpt>
      <trkpt lat="30.06326" lon="-96.36794">
        <ele>84.8</ele>
      </trkpt>
      <trkpt lat="30.06312" lon="-96.36825">
        <ele>83.8</ele>
      </trkpt>
      <trkpt lat="30.06299" lon="-96.36857">
        <ele>84.7</ele>
      </trkpt>
      <trkpt lat="30.06294" lon="-96.36867">
        <ele>84.8</ele>
      </trkpt>
      <trkpt lat="30.06261" lon="-96.36937">
        <ele>84.4</ele>
      </trkpt>
      <trkpt lat="30.0626" lon="-96.36939">
        <ele>84.3</ele>
      </trkpt>
      <trkpt lat="30.06222" lon="-96.3700999">
        <ele>83.9</ele>
      </trkpt>
      <trkpt lat="30.06215" lon="-96.37024">
        <ele>84.5</ele>
      </trkpt>
      <trkpt lat="30.06192" lon="-96.37062">
        <ele>85.6</ele>
      </trkpt>
      <trkpt lat="30.06191" lon="-96.37064">
        <ele>85.7</ele>
      </trkpt>
      <trkpt lat="30.06184" lon="-96.37072">
        <ele>85.5</ele>
      </trkpt>
      <trkpt lat="30.06175" lon="-96.37084">
        <ele>85.5</ele>
      </trkpt>
      <trkpt lat="30.06166" lon="-96.37091">
        <ele>85.0</ele>
      </trkpt>
      <trkpt lat="30.06161" lon="-96.3709499">
        <ele>84.3</ele>
      </trkpt>
      <trkpt lat="30.06145" lon="-96.37106">
        <ele>82.6</ele>
      </trkpt>
      <trkpt lat="30.06129" lon="-96.37118">
        <ele>81.8</ele>
      </trkpt>
      <trkpt lat="30.06122" lon="-96.37124">
        <ele>81.8</ele>
      </trkpt>
      <trkpt lat="30.06121" lon="-96.37125">
        <ele>81.8</ele>
      </trkpt>
      <trkpt lat="30.06106" lon="-96.37143">
        <ele>81.3</ele>
      </trkpt>
      <trkpt lat="30.06097" lon="-96.37156">
        <ele>81.2</ele>
      </trkpt>
      <trkpt lat="30.06089" lon="-96.37168">
        <ele>81.0</ele>
      </trkpt>
      <trkpt lat="30.0608" lon="-96.37187">
        <ele>80.7</ele>
      </trkpt>
      <trkpt lat="30.0607" lon="-96.37221">
        <ele>80.3</ele>
      </trkpt>
      <trkpt lat="30.06062" lon="-96.37253">
        <ele>80.0</ele>
      </trkpt>
      <trkpt lat="30.06059" lon="-96.37275">
        <ele>79.9</ele>
      </trkpt>
      <trkpt lat="30.06058" lon="-96.3729199">
        <ele>79.9</ele>
      </trkpt>
      <trkpt lat="30.06059" lon="-96.37308">
        <ele>79.9</ele>
      </trkpt>
      <trkpt lat="30.06061" lon="-96.37333">
        <ele>79.9</ele>
      </trkpt>
      <trkpt lat="30.06062" lon="-96.3734">
        <ele>79.9</ele>
      </trkpt>
      <trkpt lat="30.06068" lon="-96.3738599">
        <ele>80.0</ele>
      </trkpt>
      <trkpt lat="30.0607" lon="-96.3742199">
        <ele>79.6</ele>
      </trkpt>
      <trkpt lat="30.06069" lon="-96.3743">
        <ele>79.4</ele>
      </trkpt>
      <trkpt lat="30.06068" lon="-96.37433">
        <ele>79.3</ele>
      </trkpt>
      <trkpt lat="30.06059" lon="-96.37449">
        <ele>79.0</ele>
      </trkpt>
      <trkpt lat="30.06048" lon="-96.37461">
        <ele>78.7</ele>
      </trkpt>
      <trkpt lat="30.05997" lon="-96.37509">
        <ele>77.4</ele>
      </trkpt>
      <trkpt lat="30.05963" lon="-96.37552">
        <ele>76.6</ele>
      </trkpt>
      <trkpt lat="30.05952" lon="-96.3757399">
        <ele>76.7</ele>
      </trkpt>
      <trkpt lat="30.0595" lon="-96.37581">
        <ele>76.8</ele>
      </trkpt>
      <trkpt lat="30.05935" lon="-96.37627">
        <ele>77.9</ele>
      </trkpt>
      <trkpt lat="30.05904" lon="-96.37724">
        <ele>79.4</ele>
      </trkpt>
      <trkpt lat="30.05877" lon="-96.37804">
        <ele>79.3</ele>
      </trkpt>
      <trkpt lat="30.05875" lon="-96.37808">
        <ele>79.3</ele>
      </trkpt>
      <trkpt lat="30.0587" lon="-96.37813">
        <ele>79.1</ele>
      </trkpt>
      <trkpt lat="30.05851" lon="-96.37828">
        <ele>78.8</ele>
      </trkpt>
      <trkpt lat="30.05748" lon="-96.37911">
        <ele>77.6</ele>
      </trkpt>
      <trkpt lat="30.05747" lon="-96.37912">
        <ele>77.6</ele>
      </trkpt>
      <trkpt lat="30.05729" lon="-96.37925">
        <ele>77.8</ele>
      </trkpt>
      <trkpt lat="30.05702" lon="-96.37947">
        <ele>78.0</ele>
      </trkpt>
      <trkpt lat="30.05702" lon="-96.37947">
        <ele>78.0</ele>
      </trkpt>
      <trkpt lat="30.05723" lon="-96.37974">
        <ele>79.4</ele>
      </trkpt>
      <trkpt lat="30.05751" lon="-96.38008">
        <ele>82.7</ele>
      </trkpt>
      <trkpt lat="30.05776" lon="-96.38038">
        <ele>82.8</ele>
      </trkpt>
      <trkpt lat="30.05802" lon="-96.3807">
        <ele>81.8</ele>
      </trkpt>
      <trkpt lat="30.05802" lon="-96.3807">
        <ele>81.8</ele>
      </trkpt>
      <trkpt lat="30.05787" lon="-96.38083">
        <ele>80.6</ele>
      </trkpt>
      <trkpt lat="30.05763" lon="-96.38108">
        <ele>79.2</ele>
      </trkpt>
      <trkpt lat="30.05761" lon="-96.3811">
        <ele>79.1</ele>
      </trkpt>
      <trkpt lat="30.05751" lon="-96.38121">
        <ele>78.7</ele>
      </trkpt>
      <trkpt lat="30.05747" lon="-96.38126">
        <ele>78.6</ele>
      </trkpt>
      <trkpt lat="30.05721" lon="-96.38153">
        <ele>79.4</ele>
      </trkpt>
      <trkpt lat="30.05615" lon="-96.38264">
        <ele>81.5</ele>
      </trkpt>
      <trkpt lat="30.05548" lon="-96.38334">
        <ele>84.1</ele>
      </trkpt>
      <trkpt lat="30.05528" lon="-96.38355">
        <ele>84.5</ele>
      </trkpt>
      <trkpt lat="30.05525" lon="-96.38358">
        <ele>84.5</ele>
      </trkpt>
      <trkpt lat="30.05508" lon="-96.38376">
        <ele>84.7</ele>
      </trkpt>
      <trkpt lat="30.05481" lon="-96.38403">
        <ele>84.6</ele>
      </trkpt>
      <trkpt lat="30.05428" lon="-96.38458">
        <ele>82.2</ele>
      </trkpt>
      <trkpt lat="30.05427" lon="-96.38459">
        <ele>82.1</ele>
      </trkpt>
      <trkpt lat="30.05401" lon="-96.38487">
        <ele>80.8</ele>
      </trkpt>
      <trkpt lat="30.05361" lon="-96.38529">
        <ele>85.8</ele>
      </trkpt>
      <trkpt lat="30.05294" lon="-96.38599">
        <ele>93.0</ele>
      </trkpt>
      <trkpt lat="30.05268" lon="-96.38627">
        <ele>95.1</ele>
      </trkpt>
      <trkpt lat="30.05241" lon="-96.38655">
        <ele>96.7</ele>
      </trkpt>
      <trkpt lat="30.05228" lon="-96.38669">
        <ele>96.4</ele>
      </trkpt>
      <trkpt lat="30.05227" lon="-96.38669">
        <ele>96.3</ele>
      </trkpt>
      <trkpt lat="30.05226" lon="-96.3867099">
        <ele>96.3</ele>
      </trkpt>
      <trkpt lat="30.05208" lon="-96.38693">
        <ele>95.2</ele>
      </trkpt>
      <trkpt lat="30.05204" lon="-96.38696">
        <ele>94.9</ele>
      </trkpt>
      <trkpt lat="30.05198" lon="-96.38699">
        <ele>94.4</ele>
      </trkpt>
      <trkpt lat="30.05194" lon="-96.38701">
        <ele>94.0</ele>
      </trkpt>
      <trkpt lat="30.05191" lon="-96.38702">
        <ele>93.7</ele>
      </trkpt>
      <trkpt lat="30.05188" lon="-96.38702">
        <ele>93.3</ele>
      </trkpt>
      <trkpt lat="30.05185" lon="-96.38702">
        <ele>93.0</ele>
      </trkpt>
      <trkpt lat="30.05182" lon="-96.38702">
        <ele>92.7</ele>
      </trkpt>
      <trkpt lat="30.05179" lon="-96.387">
        <ele>92.4</ele>
      </trkpt>
      <trkpt lat="30.05177" lon="-96.38698">
        <ele>92.1</ele>
      </trkpt>
      <trkpt lat="30.05174" lon="-96.38695">
        <ele>91.9</ele>
      </trkpt>
      <trkpt lat="30.0517" lon="-96.3869">
        <ele>91.5</ele>
      </trkpt>
      <trkpt lat="30.05145" lon="-96.3866">
        <ele>89.3</ele>
      </trkpt>
      <trkpt lat="30.05119" lon="-96.38628">
        <ele>86.1</ele>
      </trkpt>
      <trkpt lat="30.0509" lon="-96.38591">
        <ele>81.4</ele>
      </trkpt>
      <trkpt lat="30.05075" lon="-96.38575">
        <ele>79.2</ele>
      </trkpt>
      <trkpt lat="30.05069" lon="-96.38571">
        <ele>78.5</ele>
      </trkpt>
      <trkpt lat="30.05052" lon="-96.3856">
        <ele>76.6</ele>
      </trkpt>
      <trkpt lat="30.05037" lon="-96.38553">
        <ele>75.4</ele>
      </trkpt>
      <trkpt lat="30.05024" lon="-96.38546">
        <ele>74.6</ele>
      </trkpt>
      <trkpt lat="30.05008" lon="-96.3854099">
        <ele>74.1</ele>
      </trkpt>
      <trkpt lat="30.05003" lon="-96.3854">
        <ele>74.1</ele>
      </trkpt>
      <trkpt lat="30.05002" lon="-96.3854">
        <ele>74.1</ele>
      </trkpt>
      <trkpt lat="30.04987" lon="-96.38539">
        <ele>74.0</ele>
      </trkpt>
      <trkpt lat="30.04985" lon="-96.38539">
        <ele>74.1</ele>
      </trkpt>
      <trkpt lat="30.04963" lon="-96.3854">
        <ele>74.3</ele>
      </trkpt>
      <trkpt lat="30.04921" lon="-96.38546">
        <ele>73.8</ele>
      </trkpt>
      <trkpt lat="30.04904" lon="-96.3854999">
        <ele>73.6</ele>
      </trkpt>
      <trkpt lat="30.04882" lon="-96.3856">
        <ele>73.8</ele>
      </trkpt>
      <trkpt lat="30.0488" lon="-96.38562">
        <ele>73.9</ele>
      </trkpt>
      <trkpt lat="30.04873" lon="-96.3857">
        <ele>74.1</ele>
      </trkpt>
      <trkpt lat="30.04789" lon="-96.38657">
        <ele>74.8</ele>
      </trkpt>
      <trkpt lat="30.04786" lon="-96.38659">
        <ele>74.7</ele>
      </trkpt>
      <trkpt lat="30.04748" lon="-96.38698">
        <ele>77.1</ele>
      </trkpt>
      <trkpt lat="30.04746" lon="-96.38701">
        <ele>77.5</ele>
      </trkpt>
      <trkpt lat="30.04735" lon="-96.38712">
        <ele>79.1</ele>
      </trkpt>
      <trkpt lat="30.04668" lon="-96.38782">
        <ele>86.0</ele>
      </trkpt>
      <trkpt lat="30.04666" lon="-96.38784">
        <ele>86.2</ele>
      </trkpt>
      <trkpt lat="30.04655" lon="-96.38796">
        <ele>86.8</ele>
      </trkpt>
      <trkpt lat="30.04647" lon="-96.38804">
        <ele>87.1</ele>
      </trkpt>
      <trkpt lat="30.04641" lon="-96.38809">
        <ele>87.2</ele>
      </trkpt>
      <trkpt lat="30.0464" lon="-96.3881">
        <ele>87.3</ele>
      </trkpt>
      <trkpt lat="30.04634" lon="-96.38813">
        <ele>87.3</ele>
      </trkpt>
      <trkpt lat="30.04632" lon="-96.38814">
        <ele>87.3</ele>
      </trkpt>
      <trkpt lat="30.0463" lon="-96.38814">
        <ele>87.3</ele>
      </trkpt>
      <trkpt lat="30.04628" lon="-96.38814">
        <ele>87.3</ele>
      </trkpt>
      <trkpt lat="30.04626" lon="-96.38813">
        <ele>87.2</ele>
      </trkpt>
      <trkpt lat="30.04623" lon="-96.38812">
        <ele>87.0</ele>
      </trkpt>
      <trkpt lat="30.0462" lon="-96.38809">
        <ele>86.8</ele>
      </trkpt>
      <trkpt lat="30.04617" lon="-96.38806">
        <ele>86.5</ele>
      </trkpt>
      <trkpt lat="30.0461" lon="-96.38799">
        <ele>85.9</ele>
      </trkpt>
      <trkpt lat="30.0459" lon="-96.38773">
        <ele>83.0</ele>
      </trkpt>
      <trkpt lat="30.04555" lon="-96.38726">
        <ele>77.4</ele>
      </trkpt>
      <trkpt lat="30.04546" lon="-96.38715">
        <ele>76.3</ele>
      </trkpt>
      <trkpt lat="30.04539" lon="-96.38706">
        <ele>75.4</ele>
      </trkpt>
      <trkpt lat="30.0453" lon="-96.38695">
        <ele>74.2</ele>
      </trkpt>
      <trkpt lat="30.04506" lon="-96.38665">
        <ele>72.6</ele>
      </trkpt>
      <trkpt lat="30.04502" lon="-96.3866">
        <ele>72.4</ele>
      </trkpt>
      <trkpt lat="30.045" lon="-96.38657">
        <ele>72.3</ele>
      </trkpt>
      <trkpt lat="30.04485" lon="-96.38637">
        <ele>71.6</ele>
      </trkpt>
      <trkpt lat="30.04474" lon="-96.38625">
        <ele>71.3</ele>
      </trkpt>
      <trkpt lat="30.04468" lon="-96.38618">
        <ele>71.2</ele>
      </trkpt>
      <trkpt lat="30.04461" lon="-96.38612">
        <ele>71.1</ele>
      </trkpt>
      <trkpt lat="30.04456" lon="-96.38609">
        <ele>71.0</ele>
      </trkpt>
      <trkpt lat="30.04454" lon="-96.38608">
        <ele>71.0</ele>
      </trkpt>
      <trkpt lat="30.04449" lon="-96.38606">
        <ele>70.9</ele>
      </trkpt>
      <trkpt lat="30.04448" lon="-96.38605">
        <ele>70.9</ele>
      </trkpt>
      <trkpt lat="30.04439" lon="-96.38603">
        <ele>70.7</ele>
      </trkpt>
      <trkpt lat="30.04419" lon="-96.386">
        <ele>70.4</ele>
      </trkpt>
      <trkpt lat="30.04383" lon="-96.38603">
        <ele>70.0</ele>
      </trkpt>
      <trkpt lat="30.04359" lon="-96.38607">
        <ele>70.0</ele>
      </trkpt>
      <trkpt lat="30.04308" lon="-96.38624">
        <ele>70.0</ele>
      </trkpt>
      <trkpt lat="30.0429" lon="-96.38622">
        <ele>70.0</ele>
      </trkpt>
      <trkpt lat="30.04271" lon="-96.38615">
        <ele>70.0</ele>
      </trkpt>
      <trkpt lat="30.04249" lon="-96.38597">
        <ele>70.0</ele>
      </trkpt>
      <trkpt lat="30.04237" lon="-96.38583">
        <ele>70.0</ele>
      </trkpt>
      <trkpt lat="30.04223" lon="-96.38571">
        <ele>70.0</ele>
      </trkpt>
      <trkpt lat="30.04191" lon="-96.38556">
        <ele>69.9</ele>
      </trkpt>
      <trkpt lat="30.04155" lon="-96.38544">
        <ele>69.8</ele>
      </trkpt>
      <trkpt lat="30.04128" lon="-96.38531">
        <ele>69.7</ele>
      </trkpt>
      <trkpt lat="30.04126" lon="-96.3853">
        <ele>69.7</ele>
      </trkpt>
      <trkpt lat="30.04047" lon="-96.38473">
        <ele>69.3</ele>
      </trkpt>
      <trkpt lat="30.04021" lon="-96.38452">
        <ele>69.0</ele>
      </trkpt>
      <trkpt lat="30.04021" lon="-96.38451">
        <ele>69.0</ele>
      </trkpt>
      <trkpt lat="30.03999" lon="-96.38433">
        <ele>68.9</ele>
      </trkpt>
      <trkpt lat="30.03988" lon="-96.38424">
        <ele>68.9</ele>
      </trkpt>
      <trkpt lat="30.03971" lon="-96.38416">
        <ele>68.8</ele>
      </trkpt>
      <trkpt lat="30.03941" lon="-96.38407">
        <ele>68.4</ele>
      </trkpt>
      <trkpt lat="30.03932" lon="-96.38405">
        <ele>68.2</ele>
      </trkpt>
      <trkpt lat="30.03925" lon="-96.38405">
        <ele>68.1</ele>
      </trkpt>
      <trkpt lat="30.03917" lon="-96.38406">
        <ele>67.9</ele>
      </trkpt>
      <trkpt lat="30.03873" lon="-96.38437">
        <ele>67.5</ele>
      </trkpt>
      <trkpt lat="30.03866" lon="-96.38443">
        <ele>67.5</ele>
      </trkpt>
      <trkpt lat="30.03862" lon="-96.38444">
        <ele>67.6</ele>
      </trkpt>
      <trkpt lat="30.03855" lon="-96.38448">
        <ele>67.6</ele>
      </trkpt>
      <trkpt lat="30.03839" lon="-96.38453">
        <ele>67.6</ele>
      </trkpt>
      <trkpt lat="30.03813" lon="-96.38453">
        <ele>67.6</ele>
      </trkpt>
      <trkpt lat="30.03772" lon="-96.38445">
        <ele>67.8</ele>
      </trkpt>
      <trkpt lat="30.03769" lon="-96.38444">
        <ele>67.8</ele>
      </trkpt>
      <trkpt lat="30.03745" lon="-96.38441">
        <ele>67.9</ele>
      </trkpt>
      <trkpt lat="30.03722" lon="-96.38441">
        <ele>68.0</ele>
      </trkpt>
      <trkpt lat="30.03705" lon="-96.38443">
        <ele>68.1</ele>
      </trkpt>
      <trkpt lat="30.0365" lon="-96.38467">
        <ele>67.8</ele>
      </trkpt>
      <trkpt lat="30.03617" lon="-96.38481">
        <ele>67.6</ele>
      </trkpt>
      <trkpt lat="30.03528" lon="-96.38517">
        <ele>67.4</ele>
      </trkpt>
      <trkpt lat="30.0352" lon="-96.38518">
        <ele>67.3</ele>
      </trkpt>
      <trkpt lat="30.03514" lon="-96.38518">
        <ele>67.3</ele>
      </trkpt>
      <trkpt lat="30.03511" lon="-96.38517">
        <ele>67.3</ele>
      </trkpt>
      <trkpt lat="30.03507" lon="-96.38514">
        <ele>67.4</ele>
      </trkpt>
      <trkpt lat="30.03502" lon="-96.3851">
        <ele>67.4</ele>
      </trkpt>
      <trkpt lat="30.03476" lon="-96.38476">
        <ele>67.9</ele>
      </trkpt>
      <trkpt lat="30.03451" lon="-96.38443">
        <ele>68.3</ele>
      </trkpt>
      <trkpt lat="30.03428" lon="-96.38414">
        <ele>68.6</ele>
      </trkpt>
      <trkpt lat="30.03392" lon="-96.38369">
        <ele>69.2</ele>
      </trkpt>
      <trkpt lat="30.03367" lon="-96.38337">
        <ele>69.7</ele>
      </trkpt>
      <trkpt lat="30.0333" lon="-96.38288">
        <ele>70.9</ele>
      </trkpt>
      <trkpt lat="30.03317" lon="-96.38271">
        <ele>72.2</ele>
      </trkpt>
      <trkpt lat="30.03294" lon="-96.3824099">
        <ele>75.4</ele>
      </trkpt>
      <trkpt lat="30.03281" lon="-96.38223">
        <ele>77.5</ele>
      </trkpt>
      <trkpt lat="30.03246" lon="-96.38179">
        <ele>82.0</ele>
      </trkpt>
      <trkpt lat="30.03222" lon="-96.38149">
        <ele>84.9</ele>
      </trkpt>
      <trkpt lat="30.03196" lon="-96.38116">
        <ele>87.6</ele>
      </trkpt>
      <trkpt lat="30.03153" lon="-96.38061">
        <ele>91.3</ele>
      </trkpt>
      <trkpt lat="30.03149" lon="-96.38056">
        <ele>91.6</ele>
      </trkpt>
      <trkpt lat="30.03129" lon="-96.3803">
        <ele>92.3</ele>
      </trkpt>
      <trkpt lat="30.03125" lon="-96.38026">
        <ele>92.4</ele>
      </trkpt>
      <trkpt lat="30.03105" lon="-96.38">
        <ele>92.6</ele>
      </trkpt>
      <trkpt lat="30.03103" lon="-96.37998">
        <ele>92.6</ele>
      </trkpt>
      <trkpt lat="30.03102" lon="-96.37994">
        <ele>92.5</ele>
      </trkpt>
      <trkpt lat="30.03101" lon="-96.37991">
        <ele>92.5</ele>
      </trkpt>
      <trkpt lat="30.03101" lon="-96.37982">
        <ele>92.3</ele>
      </trkpt>
      <trkpt lat="30.03102" lon="-96.3797699">
        <ele>92.1</ele>
      </trkpt>
      <trkpt lat="30.03107" lon="-96.37969">
        <ele>91.7</ele>
      </trkpt>
      <trkpt lat="30.03139" lon="-96.37936">
        <ele>88.4</ele>
      </trkpt>
      <trkpt lat="30.03143" lon="-96.37932">
        <ele>88.1</ele>
      </trkpt>
      <trkpt lat="30.03166" lon="-96.37909">
        <ele>87.1</ele>
      </trkpt>
      <trkpt lat="30.0317" lon="-96.37904">
        <ele>87.3</ele>
      </trkpt>
      <trkpt lat="30.03179" lon="-96.37895">
        <ele>87.9</ele>
      </trkpt>
      <trkpt lat="30.03192" lon="-96.37881">
        <ele>89.1</ele>
      </trkpt>
      <trkpt lat="30.03197" lon="-96.37876">
        <ele>89.5</ele>
      </trkpt>
      <trkpt lat="30.03206" lon="-96.37867">
        <ele>90.3</ele>
      </trkpt>
      <trkpt lat="30.03246" lon="-96.37825">
        <ele>94.3</ele>
      </trkpt>
      <trkpt lat="30.03259" lon="-96.37811">
        <ele>95.2</ele>
      </trkpt>
      <trkpt lat="30.03263" lon="-96.3780699">
        <ele>95.4</ele>
      </trkpt>
      <trkpt lat="30.03272" lon="-96.37797">
        <ele>95.7</ele>
      </trkpt>
      <trkpt lat="30.03277" lon="-96.37793">
        <ele>95.7</ele>
      </trkpt>
      <trkpt lat="30.03286" lon="-96.37783">
        <ele>95.5</ele>
      </trkpt>
      <trkpt lat="30.03294" lon="-96.37774">
        <ele>95.2</ele>
      </trkpt>
      <trkpt lat="30.03299" lon="-96.37769">
        <ele>94.8</ele>
      </trkpt>
      <trkpt lat="30.03303" lon="-96.37765">
        <ele>94.5</ele>
      </trkpt>
      <trkpt lat="30.03313" lon="-96.37756">
        <ele>94.0</ele>
      </trkpt>
      <trkpt lat="30.03371" lon="-96.37696">
        <ele>92.8</ele>
      </trkpt>
      <trkpt lat="30.0338" lon="-96.3768599">
        <ele>92.6</ele>
      </trkpt>
      <trkpt lat="30.03386" lon="-96.3768">
        <ele>92.4</ele>
      </trkpt>
      <trkpt lat="30.0339" lon="-96.37672">
        <ele>92.4</ele>
      </trkpt>
      <trkpt lat="30.03391" lon="-96.37667">
        <ele>92.4</ele>
      </trkpt>
      <trkpt lat="30.0339" lon="-96.3765899">
        <ele>92.6</ele>
      </trkpt>
      <trkpt lat="30.03388" lon="-96.37652">
        <ele>92.8</ele>
      </trkpt>
      <trkpt lat="30.03386" lon="-96.3764999">
        <ele>93.0</ele>
      </trkpt>
      <trkpt lat="30.03385" lon="-96.37648">
        <ele>93.0</ele>
      </trkpt>
      <trkpt lat="30.03382" lon="-96.37646">
        <ele>93.1</ele>
      </trkpt>
      <trkpt lat="30.03362" lon="-96.3762">
        <ele>94.0</ele>
      </trkpt>
      <trkpt lat="30.03325" lon="-96.3757399">
        <ele>95.3</ele>
      </trkpt>
      <trkpt lat="30.03313" lon="-96.37559">
        <ele>95.3</ele>
      </trkpt>
      <trkpt lat="30.03309" lon="-96.37554">
        <ele>95.3</ele>
      </trkpt>
      <trkpt lat="30.03301" lon="-96.37544">
        <ele>95.0</ele>
      </trkpt>
      <trkpt lat="30.03296" lon="-96.37538">
        <ele>94.8</ele>
      </trkpt>
      <trkpt lat="30.03289" lon="-96.37528">
        <ele>94.4</ele>
      </trkpt>
      <trkpt lat="30.03285" lon="-96.37524">
        <ele>94.3</ele>
      </trkpt>
      <trkpt lat="30.03252" lon="-96.37482">
        <ele>90.9</ele>
      </trkpt>
      <trkpt lat="30.03228" lon="-96.37452">
        <ele>88.4</ele>
      </trkpt>
      <trkpt lat="30.03216" lon="-96.37436">
        <ele>87.6</ele>
      </trkpt>
      <trkpt lat="30.03212" lon="-96.37431">
        <ele>87.4</ele>
      </trkpt>
      <trkpt lat="30.03204" lon="-96.37421">
        <ele>86.9</ele>
      </trkpt>
      <trkpt lat="30.032" lon="-96.37416">
        <ele>86.6</ele>
      </trkpt>
      <trkpt lat="30.03197" lon="-96.37412">
        <ele>86.4</ele>
      </trkpt>
      <trkpt lat="30.03191" lon="-96.37406">
        <ele>86.1</ele>
      </trkpt>
      <trkpt lat="30.03187" lon="-96.37402">
        <ele>86.0</ele>
      </trkpt>
      <trkpt lat="30.03178" lon="-96.37392">
        <ele>85.6</ele>
      </trkpt>
      <trkpt lat="30.03178" lon="-96.37392">
        <ele>85.6</ele>
      </trkpt>
      <trkpt lat="30.03193" lon="-96.37362">
        <ele>84.6</ele>
      </trkpt>
      <trkpt lat="30.03203" lon="-96.37345">
        <ele>84.2</ele>
      </trkpt>
      <trkpt lat="30.03213" lon="-96.37329">
        <ele>83.8</ele>
      </trkpt>
      <trkpt lat="30.03218" lon="-96.37323">
        <ele>83.7</ele>
      </trkpt>
      <trkpt lat="30.03229" lon="-96.37309">
        <ele>83.4</ele>
      </trkpt>
      <trkpt lat="30.0323" lon="-96.37308">
        <ele>83.4</ele>
      </trkpt>
      <trkpt lat="30.03232" lon="-96.37306">
        <ele>83.3</ele>
      </trkpt>
      <trkpt lat="30.03249" lon="-96.37287">
        <ele>82.7</ele>
      </trkpt>
      <trkpt lat="30.03284" lon="-96.37252">
        <ele>82.4</ele>
      </trkpt>
      <trkpt lat="30.03299" lon="-96.37237">
        <ele>82.7</ele>
      </trkpt>
      <trkpt lat="30.03311" lon="-96.3722499">
        <ele>82.7</ele>
      </trkpt>
      <trkpt lat="30.03312" lon="-96.37223">
        <ele>82.7</ele>
      </trkpt>
      <trkpt lat="30.03354" lon="-96.37182">
        <ele>83.5</ele>
      </trkpt>
      <trkpt lat="30.03381" lon="-96.37155">
        <ele>83.7</ele>
      </trkpt>
      <trkpt lat="30.03392" lon="-96.37144">
        <ele>83.7</ele>
      </trkpt>
      <trkpt lat="30.03394" lon="-96.37142">
        <ele>83.6</ele>
      </trkpt>
      <trkpt lat="30.03433" lon="-96.37103">
        <ele>83.4</ele>
      </trkpt>
      <trkpt lat="30.03447" lon="-96.37089">
        <ele>83.3</ele>
      </trkpt>
      <trkpt lat="30.03489" lon="-96.37047">
        <ele>82.9</ele>
      </trkpt>
      <trkpt lat="30.03494" lon="-96.37042">
        <ele>82.6</ele>
      </trkpt>
      <trkpt lat="30.03521" lon="-96.37014">
        <ele>82.8</ele>
      </trkpt>
      <trkpt lat="30.03562" lon="-96.36976">
        <ele>85.3</ele>
      </trkpt>
      <trkpt lat="30.03575" lon="-96.36963">
        <ele>86.4</ele>
      </trkpt>
      <trkpt lat="30.03585" lon="-96.36954">
        <ele>87.1</ele>
      </trkpt>
      <trkpt lat="30.03601" lon="-96.36941">
        <ele>87.6</ele>
      </trkpt>
      <trkpt lat="30.03633" lon="-96.3691599">
        <ele>88.1</ele>
      </trkpt>
      <trkpt lat="30.03641" lon="-96.36911">
        <ele>88.2</ele>
      </trkpt>
      <trkpt lat="30.03647" lon="-96.36906">
        <ele>88.2</ele>
      </trkpt>
      <trkpt lat="30.03665" lon="-96.36894">
        <ele>88.1</ele>
      </trkpt>
      <trkpt lat="30.03684" lon="-96.3687999">
        <ele>87.8</ele>
      </trkpt>
      <trkpt lat="30.03693" lon="-96.36873">
        <ele>87.8</ele>
      </trkpt>
      <trkpt lat="30.03702" lon="-96.36866">
        <ele>88.0</ele>
      </trkpt>
      <trkpt lat="30.03714" lon="-96.36857">
        <ele>88.2</ele>
      </trkpt>
      <trkpt lat="30.03731" lon="-96.36844">
        <ele>88.5</ele>
      </trkpt>
      <trkpt lat="30.03731" lon="-96.36843">
        <ele>88.5</ele>
      </trkpt>
      <trkpt lat="30.03742" lon="-96.36834">
        <ele>88.6</ele>
      </trkpt>
      <trkpt lat="30.03746" lon="-96.3683099">
        <ele>88.7</ele>
      </trkpt>
      <trkpt lat="30.03759" lon="-96.36817">
        <ele>89.6</ele>
      </trkpt>
      <trkpt lat="30.03767" lon="-96.3681">
        <ele>89.8</ele>
      </trkpt>
      <trkpt lat="30.0378" lon="-96.36794">
        <ele>89.9</ele>
      </trkpt>
      <trkpt lat="30.0379" lon="-96.36782">
        <ele>89.9</ele>
      </trkpt>
      <trkpt lat="30.03797" lon="-96.36772">
        <ele>90.3</ele>
      </trkpt>
      <trkpt lat="30.0381" lon="-96.36754">
        <ele>90.9</ele>
      </trkpt>
      <trkpt lat="30.03822" lon="-96.3673699">
        <ele>91.7</ele>
      </trkpt>
      <trkpt lat="30.03833" lon="-96.36717">
        <ele>92.6</ele>
      </trkpt>
      <trkpt lat="30.03844" lon="-96.36694">
        <ele>93.3</ele>
      </trkpt>
      <trkpt lat="30.03851" lon="-96.36679">
        <ele>93.7</ele>
      </trkpt>
      <trkpt lat="30.03855" lon="-96.36668">
        <ele>94.1</ele>
      </trkpt>
      <trkpt lat="30.03855" lon="-96.36668">
        <ele>94.1</ele>
      </trkpt>
      <trkpt lat="30.03848" lon="-96.36665">
        <ele>94.3</ele>
      </trkpt>
      <trkpt lat="30.03845" lon="-96.36663">
        <ele>94.5</ele>
      </trkpt>
      <trkpt lat="30.03834" lon="-96.36655">
        <ele>95.1</ele>
      </trkpt>
      <trkpt lat="30.03833" lon="-96.36654">
        <ele>95.2</ele>
      </trkpt>
      <trkpt lat="30.03822" lon="-96.3664299">
        <ele>96.1</ele>
      </trkpt>
      <trkpt lat="30.0382" lon="-96.3664">
        <ele>96.4</ele>
      </trkpt>
      <trkpt lat="30.03808" lon="-96.36624">
        <ele>97.2</ele>
      </trkpt>
      <trkpt lat="30.03796" lon="-96.36608">
        <ele>98.3</ele>
      </trkpt>
      <trkpt lat="30.03794" lon="-96.36605">
        <ele>98.5</ele>
      </trkpt>
      <trkpt lat="30.03784" lon="-96.36593">
        <ele>99.4</ele>
      </trkpt>
      <trkpt lat="30.03772" lon="-96.36577">
        <ele>100.2</ele>
      </trkpt>
      <trkpt lat="30.03752" lon="-96.36551">
        <ele>100.8</ele>
      </trkpt>
      <trkpt lat="30.03748" lon="-96.36546">
        <ele>101.1</ele>
      </trkpt>
      <trkpt lat="30.03735" lon="-96.36532">
        <ele>102.2</ele>
      </trkpt>
      <trkpt lat="30.03725" lon="-96.3652">
        <ele>103.0</ele>
      </trkpt>
      <trkpt lat="30.03713" lon="-96.36505">
        <ele>103.5</ele>
      </trkpt>
      <trkpt lat="30.037" lon="-96.3649">
        <ele>104.1</ele>
      </trkpt>
      <trkpt lat="30.03687" lon="-96.36476">
        <ele>104.9</ele>
      </trkpt>
      <trkpt lat="30.03685" lon="-96.36473">
        <ele>105.0</ele>
      </trkpt>
      <trkpt lat="30.03674" lon="-96.36461">
        <ele>105.6</ele>
      </trkpt>
      <trkpt lat="30.03633" lon="-96.36421">
        <ele>106.7</ele>
      </trkpt>
      <trkpt lat="30.0363" lon="-96.3641899">
        <ele>106.8</ele>
      </trkpt>
      <trkpt lat="30.03564" lon="-96.36355">
        <ele>107.5</ele>
      </trkpt>
      <trkpt lat="30.03526" lon="-96.36319">
        <ele>109.2</ele>
      </trkpt>
      <trkpt lat="30.03494" lon="-96.3629">
        <ele>109.8</ele>
      </trkpt>
      <trkpt lat="30.03491" lon="-96.36287">
        <ele>109.8</ele>
      </trkpt>
      <trkpt lat="30.03481" lon="-96.36278">
        <ele>109.8</ele>
      </trkpt>
      <trkpt lat="30.03466" lon="-96.36264">
        <ele>109.8</ele>
      </trkpt>
      <trkpt lat="30.03452" lon="-96.3625">
        <ele>109.8</ele>
      </trkpt>
      <trkpt lat="30.03449" lon="-96.36248">
        <ele>109.8</ele>
      </trkpt>
      <trkpt lat="30.03424" lon="-96.36224">
        <ele>110.1</ele>
      </trkpt>
      <trkpt lat="30.03422" lon="-96.36221">
        <ele>110.1</ele>
      </trkpt>
      <trkpt lat="30.03411" lon="-96.3621">
        <ele>110.1</ele>
      </trkpt>
      <trkpt lat="30.03366" lon="-96.36167">
        <ele>108.3</ele>
      </trkpt>
      <trkpt lat="30.03341" lon="-96.36139">
        <ele>106.7</ele>
      </trkpt>
      <trkpt lat="30.03339" lon="-96.3613699">
        <ele>106.6</ele>
      </trkpt>
      <trkpt lat="30.03332" lon="-96.36125">
        <ele>106.4</ele>
      </trkpt>
      <trkpt lat="30.03323" lon="-96.3610999">
        <ele>106.1</ele>
      </trkpt>
      <trkpt lat="30.03321" lon="-96.36106">
        <ele>106.0</ele>
      </trkpt>
      <trkpt lat="30.0332" lon="-96.36104">
        <ele>106.0</ele>
      </trkpt>
      <trkpt lat="30.03313" lon="-96.36083">
        <ele>106.1</ele>
      </trkpt>
      <trkpt lat="30.03308" lon="-96.36048">
        <ele>106.7</ele>
      </trkpt>
      <trkpt lat="30.03299" lon="-96.35983">
        <ele>107.5</ele>
      </trkpt>
      <trkpt lat="30.03278" lon="-96.35839">
        <ele>106.2</ele>
      </trkpt>
      <trkpt lat="30.03265" lon="-96.35749">
        <ele>106.9</ele>
      </trkpt>
      <trkpt lat="30.03263" lon="-96.35736">
        <ele>106.8</ele>
      </trkpt>
      <trkpt lat="30.0326" lon="-96.3571599">
        <ele>106.6</ele>
      </trkpt>
      <trkpt lat="30.03235" lon="-96.35553">
        <ele>102.1</ele>
      </trkpt>
      <trkpt lat="30.03222" lon="-96.35468">
        <ele>102.4</ele>
      </trkpt>
      <trkpt lat="30.03221" lon="-96.35447">
        <ele>102.8</ele>
      </trkpt>
      <trkpt lat="30.03223" lon="-96.35439">
        <ele>102.8</ele>
      </trkpt>
      <trkpt lat="30.03226" lon="-96.3543399">
        <ele>102.6</ele>
      </trkpt>
      <trkpt lat="30.03226" lon="-96.35433">
        <ele>102.6</ele>
      </trkpt>
      <trkpt lat="30.03231" lon="-96.3542499">
        <ele>102.3</ele>
      </trkpt>
      <trkpt lat="30.03253" lon="-96.35402">
        <ele>101.5</ele>
      </trkpt>
      <trkpt lat="30.0328" lon="-96.35375">
        <ele>100.9</ele>
      </trkpt>
      <trkpt lat="30.03288" lon="-96.35366">
        <ele>100.6</ele>
      </trkpt>
      <trkpt lat="30.033" lon="-96.35352">
        <ele>99.9</ele>
      </trkpt>
      <trkpt lat="30.03303" lon="-96.35346">
        <ele>99.7</ele>
      </trkpt>
      <trkpt lat="30.03304" lon="-96.35342">
        <ele>99.5</ele>
      </trkpt>
      <trkpt lat="30.03304" lon="-96.35341">
        <ele>99.5</ele>
      </trkpt>
      <trkpt lat="30.03304" lon="-96.3533999">
        <ele>99.5</ele>
      </trkpt>
      <trkpt lat="30.03303" lon="-96.35334">
        <ele>99.3</ele>
      </trkpt>
      <trkpt lat="30.03302" lon="-96.35329">
        <ele>99.1</ele>
      </trkpt>
      <trkpt lat="30.03278" lon="-96.35299">
        <ele>98.4</ele>
      </trkpt>
      <trkpt lat="30.03261" lon="-96.35277">
        <ele>97.8</ele>
      </trkpt>
      <trkpt lat="30.03242" lon="-96.35253">
        <ele>97.4</ele>
      </trkpt>
      <trkpt lat="30.03217" lon="-96.35222">
        <ele>96.5</ele>
      </trkpt>
      <trkpt lat="30.03144" lon="-96.3513">
        <ele>94.6</ele>
      </trkpt>
      <trkpt lat="30.03088" lon="-96.3505799">
        <ele>91.9</ele>
      </trkpt>
      <trkpt lat="30.03087" lon="-96.35057">
        <ele>91.8</ele>
      </trkpt>
      <trkpt lat="30.03022" lon="-96.3497299">
        <ele>89.0</ele>
      </trkpt>
      <trkpt lat="30.03016" lon="-96.34965">
        <ele>88.7</ele>
      </trkpt>
      <trkpt lat="30.03001" lon="-96.3494599">
        <ele>88.0</ele>
      </trkpt>
      <trkpt lat="30.0288" lon="-96.34791">
        <ele>83.0</ele>
      </trkpt>
      <trkpt lat="30.02818" lon="-96.34715">
        <ele>80.0</ele>
      </trkpt>
      <trkpt lat="30.02796" lon="-96.34688">
        <ele>77.0</ele>
      </trkpt>
      <trkpt lat="30.02732" lon="-96.34606">
        <ele>84.6</ele>
      </trkpt>
      <trkpt lat="30.02696" lon="-96.34559">
        <ele>85.2</ele>
      </trkpt>
      <trkpt lat="30.02636" lon="-96.34482">
        <ele>84.6</ele>
      </trkpt>
      <trkpt lat="30.02576" lon="-96.34405">
        <ele>82.1</ele>
      </trkpt>
      <trkpt lat="30.0254" lon="-96.34359">
        <ele>81.5</ele>
      </trkpt>
      <trkpt lat="30.02516" lon="-96.3432799">
        <ele>82.0</ele>
      </trkpt>
      <trkpt lat="30.02444" lon="-96.34235">
        <ele>89.0</ele>
      </trkpt>
      <trkpt lat="30.0242" lon="-96.34204">
        <ele>90.7</ele>
      </trkpt>
      <trkpt lat="30.02407" lon="-96.34189">
        <ele>91.7</ele>
      </trkpt>
      <trkpt lat="30.02374" lon="-96.34146">
        <ele>92.8</ele>
      </trkpt>
      <trkpt lat="30.02371" lon="-96.34143">
        <ele>92.9</ele>
      </trkpt>
      <trkpt lat="30.02359" lon="-96.34127">
        <ele>93.1</ele>
      </trkpt>
      <trkpt lat="30.02309" lon="-96.34067">
        <ele>93.9</ele>
      </trkpt>
      <trkpt lat="30.02309" lon="-96.34067">
        <ele>93.9</ele>
      </trkpt>
      <trkpt lat="30.02208" lon="-96.34081">
        <ele>94.7</ele>
      </trkpt>
      <trkpt lat="30.0213" lon="-96.3409099">
        <ele>96.0</ele>
      </trkpt>
      <trkpt lat="30.02125" lon="-96.34092">
        <ele>96.0</ele>
      </trkpt>
      <trkpt lat="30.02072" lon="-96.34099">
        <ele>95.4</ele>
      </trkpt>
      <trkpt lat="30.02071" lon="-96.34099">
        <ele>95.4</ele>
      </trkpt>
      <trkpt lat="30.02019" lon="-96.34107">
        <ele>94.9</ele>
      </trkpt>
      <trkpt lat="30.01962" lon="-96.34115">
        <ele>93.7</ele>
      </trkpt>
      <trkpt lat="30.01947" lon="-96.34117">
        <ele>93.1</ele>
      </trkpt>
      <trkpt lat="30.01912" lon="-96.34122">
        <ele>91.9</ele>
      </trkpt>
      <trkpt lat="30.01857" lon="-96.3413">
        <ele>92.0</ele>
      </trkpt>
      <trkpt lat="30.01844" lon="-96.34132">
        <ele>92.0</ele>
      </trkpt>
      <trkpt lat="30.01822" lon="-96.34135">
        <ele>92.3</ele>
      </trkpt>
      <trkpt lat="30.01775" lon="-96.34141">
        <ele>94.2</ele>
      </trkpt>
      <trkpt lat="30.01714" lon="-96.3414899">
        <ele>95.1</ele>
      </trkpt>
      <trkpt lat="30.01679" lon="-96.34154">
        <ele>95.6</ele>
      </trkpt>
      <trkpt lat="30.01643" lon="-96.3415799">
        <ele>95.7</ele>
      </trkpt>
      <trkpt lat="30.01616" lon="-96.3416">
        <ele>95.7</ele>
      </trkpt>
      <trkpt lat="30.01584" lon="-96.34162">
        <ele>95.7</ele>
      </trkpt>
      <trkpt lat="30.01546" lon="-96.34166">
        <ele>95.9</ele>
      </trkpt>
      <trkpt lat="30.0151" lon="-96.3416699">
        <ele>95.8</ele>
      </trkpt>
      <trkpt lat="30.01501" lon="-96.3416699">
        <ele>95.7</ele>
      </trkpt>
      <trkpt lat="30.01489" lon="-96.34166">
        <ele>95.7</ele>
      </trkpt>
      <trkpt lat="30.01489" lon="-96.34166">
        <ele>95.7</ele>
      </trkpt>
      <trkpt lat="30.01486" lon="-96.34207">
        <ele>96.2</ele>
      </trkpt>
      <trkpt lat="30.01485" lon="-96.34215">
        <ele>96.2</ele>
      </trkpt>
      <trkpt lat="30.01475" lon="-96.34351">
        <ele>94.5</ele>
      </trkpt>
      <trkpt lat="30.0147" lon="-96.34414">
        <ele>94.4</ele>
      </trkpt>
      <trkpt lat="30.01463" lon="-96.34509">
        <ele>93.1</ele>
      </trkpt>
      <trkpt lat="30.0146" lon="-96.34528">
        <ele>91.9</ele>
      </trkpt>
      <trkpt lat="30.01457" lon="-96.34537">
        <ele>91.5</ele>
      </trkpt>
      <trkpt lat="30.01452" lon="-96.3455199">
        <ele>91.4</ele>
      </trkpt>
      <trkpt lat="30.01433" lon="-96.34603">
        <ele>91.4</ele>
      </trkpt>
      <trkpt lat="30.01412" lon="-96.34662">
        <ele>90.7</ele>
      </trkpt>
      <trkpt lat="30.01393" lon="-96.34716">
        <ele>88.4</ele>
      </trkpt>
      <trkpt lat="30.01378" lon="-96.34751">
        <ele>88.4</ele>
      </trkpt>
      <trkpt lat="30.01375" lon="-96.34757">
        <ele>88.3</ele>
      </trkpt>
      <trkpt lat="30.01363" lon="-96.34777">
        <ele>88.0</ele>
      </trkpt>
      <trkpt lat="30.01343" lon="-96.348">
        <ele>87.3</ele>
      </trkpt>
      <trkpt lat="30.01303" lon="-96.34844">
        <ele>86.8</ele>
      </trkpt>
      <trkpt lat="30.01288" lon="-96.3486099">
        <ele>86.8</ele>
      </trkpt>
      <trkpt lat="30.01275" lon="-96.34876">
        <ele>86.5</ele>
      </trkpt>
      <trkpt lat="30.01267" lon="-96.34885">
        <ele>86.3</ele>
      </trkpt>
      <trkpt lat="30.01251" lon="-96.34907">
        <ele>85.7</ele>
      </trkpt>
      <trkpt lat="30.0125" lon="-96.34909">
        <ele>85.6</ele>
      </trkpt>
      <trkpt lat="30.01232" lon="-96.3494599">
        <ele>84.6</ele>
      </trkpt>
      <trkpt lat="30.01225" lon="-96.34961">
        <ele>82.5</ele>
      </trkpt>
      <trkpt lat="30.01203" lon="-96.35016">
        <ele>79.2</ele>
      </trkpt>
      <trkpt lat="30.01171" lon="-96.35093">
        <ele>75.7</ele>
      </trkpt>
      <trkpt lat="30.01156" lon="-96.3513">
        <ele>72.6</ele>
      </trkpt>
      <trkpt lat="30.0115" lon="-96.35144">
        <ele>71.5</ele>
      </trkpt>
      <trkpt lat="30.01145" lon="-96.35157">
        <ele>71.2</ele>
      </trkpt>
      <trkpt lat="30.01141" lon="-96.35173">
        <ele>71.4</ele>
      </trkpt>
      <trkpt lat="30.01119" lon="-96.35252">
        <ele>71.3</ele>
      </trkpt>
      <trkpt lat="30.01099" lon="-96.35324">
        <ele>68.3</ele>
      </trkpt>
      <trkpt lat="30.01088" lon="-96.35357">
        <ele>66.5</ele>
      </trkpt>
      <trkpt lat="30.01081" lon="-96.35369">
        <ele>66.1</ele>
      </trkpt>
      <trkpt lat="30.01071" lon="-96.35389">
        <ele>65.3</ele>
      </trkpt>
      <trkpt lat="30.01059" lon="-96.3541">
        <ele>65.0</ele>
      </trkpt>
      <trkpt lat="30.0105" lon="-96.35418">
        <ele>65.0</ele>
      </trkpt>
      <trkpt lat="30.01048" lon="-96.3542">
        <ele>64.9</ele>
      </trkpt>
      <trkpt lat="30.01033" lon="-96.3544">
        <ele>64.8</ele>
      </trkpt>
      <trkpt lat="30.01026" lon="-96.35449">
        <ele>64.7</ele>
      </trkpt>
      <trkpt lat="30.00996" lon="-96.35495">
        <ele>64.6</ele>
      </trkpt>
      <trkpt lat="30.00993" lon="-96.35498">
        <ele>64.6</ele>
      </trkpt>
      <trkpt lat="30.00972" lon="-96.35533">
        <ele>66.4</ele>
      </trkpt>
      <trkpt lat="30.00912" lon="-96.35624">
        <ele>73.3</ele>
      </trkpt>
      <trkpt lat="30.0089" lon="-96.35657">
        <ele>73.5</ele>
      </trkpt>
      <trkpt lat="30.00881" lon="-96.35673">
        <ele>73.2</ele>
      </trkpt>
      <trkpt lat="30.00876" lon="-96.3568">
        <ele>73.1</ele>
      </trkpt>
      <trkpt lat="30.00857" lon="-96.3571">
        <ele>72.5</ele>
      </trkpt>
      <trkpt lat="30.00838" lon="-96.35736">
        <ele>71.9</ele>
      </trkpt>
      <trkpt lat="30.00819" lon="-96.35767">
        <ele>71.3</ele>
      </trkpt>
      <trkpt lat="30.008" lon="-96.35797">
        <ele>70.5</ele>
      </trkpt>
      <trkpt lat="30.00797" lon="-96.358">
        <ele>70.4</ele>
      </trkpt>
      <trkpt lat="30.00776" lon="-96.3583">
        <ele>69.6</ele>
      </trkpt>
      <trkpt lat="30.00759" lon="-96.3585499">
        <ele>68.6</ele>
      </trkpt>
      <trkpt lat="30.00728" lon="-96.35888">
        <ele>67.1</ele>
      </trkpt>
      <trkpt lat="30.00698" lon="-96.3592">
        <ele>66.0</ele>
      </trkpt>
      <trkpt lat="30.00671" lon="-96.35948">
        <ele>65.0</ele>
      </trkpt>
      <trkpt lat="30.00655" lon="-96.35964">
        <ele>64.6</ele>
      </trkpt>
      <trkpt lat="30.00644" lon="-96.35975">
        <ele>64.2</ele>
      </trkpt>
      <trkpt lat="30.00637" lon="-96.35982">
        <ele>64.1</ele>
      </trkpt>
      <trkpt lat="30.00589" lon="-96.36029">
        <ele>64.2</ele>
      </trkpt>
      <trkpt lat="30.00564" lon="-96.36049">
        <ele>64.4</ele>
      </trkpt>
      <trkpt lat="30.00549" lon="-96.36063">
        <ele>65.4</ele>
      </trkpt>
      <trkpt lat="30.00546" lon="-96.36066">
        <ele>65.6</ele>
      </trkpt>
      <trkpt lat="30.00478" lon="-96.36134">
        <ele>67.9</ele>
      </trkpt>
      <trkpt lat="30.00477" lon="-96.36134">
        <ele>67.8</ele>
      </trkpt>
      <trkpt lat="30.004" lon="-96.36211">
        <ele>70.3</ele>
      </trkpt>
      <trkpt lat="30.00396" lon="-96.36216">
        <ele>70.3</ele>
      </trkpt>
      <trkpt lat="30.0037" lon="-96.36244">
        <ele>70.9</ele>
      </trkpt>
      <trkpt lat="30.00364" lon="-96.36251">
        <ele>71.6</ele>
      </trkpt>
      <trkpt lat="30.0034" lon="-96.36278">
        <ele>74.4</ele>
      </trkpt>
      <trkpt lat="30.00326" lon="-96.36293">
        <ele>76.1</ele>
      </trkpt>
      <trkpt lat="30.00318" lon="-96.36301">
        <ele>76.9</ele>
      </trkpt>
      <trkpt lat="30.00313" lon="-96.36306">
        <ele>77.4</ele>
      </trkpt>
      <trkpt lat="30.00299" lon="-96.36319">
        <ele>78.3</ele>
      </trkpt>
      <trkpt lat="30.00296" lon="-96.36323">
        <ele>78.4</ele>
      </trkpt>
      <trkpt lat="30.00291" lon="-96.36328">
        <ele>78.5</ele>
      </trkpt>
      <trkpt lat="30.00277" lon="-96.3634299">
        <ele>78.7</ele>
      </trkpt>
      <trkpt lat="30.00273" lon="-96.36347">
        <ele>78.7</ele>
      </trkpt>
      <trkpt lat="30.00252" lon="-96.3637">
        <ele>78.0</ele>
      </trkpt>
      <trkpt lat="30.00251" lon="-96.36371">
        <ele>77.9</ele>
      </trkpt>
      <trkpt lat="30.00246" lon="-96.36375">
        <ele>77.4</ele>
      </trkpt>
      <trkpt lat="30.00193" lon="-96.36431">
        <ele>71.3</ele>
      </trkpt>
      <trkpt lat="30.00175" lon="-96.36451">
        <ele>69.1</ele>
      </trkpt>
      <trkpt lat="30.00158" lon="-96.36468">
        <ele>67.0</ele>
      </trkpt>
      <trkpt lat="30.00118" lon="-96.3651">
        <ele>63.4</ele>
      </trkpt>
      <trkpt lat="30.00112" lon="-96.36516">
        <ele>63.1</ele>
      </trkpt>
      <trkpt lat="30.00077" lon="-96.36552">
        <ele>61.4</ele>
      </trkpt>
      <trkpt lat="30.00037" lon="-96.36593">
        <ele>59.7</ele>
      </trkpt>
      <trkpt lat="29.99997" lon="-96.36635">
        <ele>58.7</ele>
      </trkpt>
      <trkpt lat="29.99957" lon="-96.36676">
        <ele>58.7</ele>
      </trkpt>
      <trkpt lat="29.99944" lon="-96.36689">
        <ele>58.7</ele>
      </trkpt>
      <trkpt lat="29.99926" lon="-96.36703">
        <ele>58.6</ele>
      </trkpt>
      <trkpt lat="29.999" lon="-96.36716">
        <ele>58.5</ele>
      </trkpt>
      <trkpt lat="29.99872" lon="-96.36726">
        <ele>58.4</ele>
      </trkpt>
      <trkpt lat="29.99852" lon="-96.3673699">
        <ele>58.2</ele>
      </trkpt>
      <trkpt lat="29.99842" lon="-96.36744">
        <ele>58.2</ele>
      </trkpt>
      <trkpt lat="29.99811" lon="-96.36773">
        <ele>58.2</ele>
      </trkpt>
      <trkpt lat="29.99699" lon="-96.36891">
        <ele>59.0</ele>
      </trkpt>
      <trkpt lat="29.9969" lon="-96.36901">
        <ele>59.3</ele>
      </trkpt>
      <trkpt lat="29.99611" lon="-96.3699">
        <ele>62.1</ele>
      </trkpt>
      <trkpt lat="29.99587" lon="-96.37017">
        <ele>63.5</ele>
      </trkpt>
      <trkpt lat="29.99572" lon="-96.37034">
        <ele>64.3</ele>
      </trkpt>
      <trkpt lat="29.99562" lon="-96.37047">
        <ele>64.5</ele>
      </trkpt>
      <trkpt lat="29.99538" lon="-96.37078">
        <ele>64.7</ele>
      </trkpt>
      <trkpt lat="29.99518" lon="-96.37105">
        <ele>64.0</ele>
      </trkpt>
      <trkpt lat="29.99472" lon="-96.37151">
        <ele>61.6</ele>
      </trkpt>
      <trkpt lat="29.9946" lon="-96.37164">
        <ele>61.2</ele>
      </trkpt>
      <trkpt lat="29.99409" lon="-96.37222">
        <ele>62.3</ele>
      </trkpt>
      <trkpt lat="29.99357" lon="-96.3728">
        <ele>63.5</ele>
      </trkpt>
      <trkpt lat="29.99344" lon="-96.37294">
        <ele>63.6</ele>
      </trkpt>
      <trkpt lat="29.99305" lon="-96.37337">
        <ele>63.9</ele>
      </trkpt>
      <trkpt lat="29.99252" lon="-96.37396">
        <ele>66.5</ele>
      </trkpt>
      <trkpt lat="29.99245" lon="-96.3740399">
        <ele>66.8</ele>
      </trkpt>
      <trkpt lat="29.99226" lon="-96.37423">
        <ele>67.1</ele>
      </trkpt>
      <trkpt lat="29.99159" lon="-96.37491">
        <ele>66.9</ele>
      </trkpt>
      <trkpt lat="29.99142" lon="-96.37508">
        <ele>66.9</ele>
      </trkpt>
      <trkpt lat="29.99115" lon="-96.37527">
        <ele>67.0</ele>
      </trkpt>
      <trkpt lat="29.99112" lon="-96.37529">
        <ele>67.1</ele>
      </trkpt>
      <trkpt lat="29.99081" lon="-96.37548">
        <ele>67.2</ele>
      </trkpt>
      <trkpt lat="29.99075" lon="-96.3755">
        <ele>67.2</ele>
      </trkpt>
      <trkpt lat="29.99065" lon="-96.37551">
        <ele>67.2</ele>
      </trkpt>
      <trkpt lat="29.99047" lon="-96.37551">
        <ele>67.2</ele>
      </trkpt>
      <trkpt lat="29.99018" lon="-96.37548">
        <ele>67.2</ele>
      </trkpt>
      <trkpt lat="29.98994" lon="-96.37545">
        <ele>67.3</ele>
      </trkpt>
      <trkpt lat="29.98987" lon="-96.37544">
        <ele>67.5</ele>
      </trkpt>
      <trkpt lat="29.98962" lon="-96.37545">
        <ele>68.1</ele>
      </trkpt>
      <trkpt lat="29.98947" lon="-96.37548">
        <ele>69.3</ele>
      </trkpt>
      <trkpt lat="29.98927" lon="-96.37549">
        <ele>71.6</ele>
      </trkpt>
      <trkpt lat="29.98923" lon="-96.37548">
        <ele>72.1</ele>
      </trkpt>
      <trkpt lat="29.98919" lon="-96.37548">
        <ele>72.3</ele>
      </trkpt>
      <trkpt lat="29.98905" lon="-96.3754">
        <ele>73.4</ele>
      </trkpt>
      <trkpt lat="29.9889" lon="-96.37518">
        <ele>75.0</ele>
      </trkpt>
      <trkpt lat="29.9882" lon="-96.37435">
        <ele>81.2</ele>
      </trkpt>
      <trkpt lat="29.98783" lon="-96.3739">
        <ele>83.7</ele>
      </trkpt>
      <trkpt lat="29.98745" lon="-96.37345">
        <ele>83.3</ele>
      </trkpt>
      <trkpt lat="29.98683" lon="-96.3727">
        <ele>79.1</ele>
      </trkpt>
      <trkpt lat="29.9868" lon="-96.37267">
        <ele>78.9</ele>
      </trkpt>
      <trkpt lat="29.98671" lon="-96.3725599">
        <ele>78.5</ele>
      </trkpt>
      <trkpt lat="29.98659" lon="-96.37249">
        <ele>77.9</ele>
      </trkpt>
      <trkpt lat="29.98654" lon="-96.37253">
        <ele>77.9</ele>
      </trkpt>
      <trkpt lat="29.98508" lon="-96.37426">
        <ele>80.7</ele>
      </trkpt>
      <trkpt lat="29.98416" lon="-96.37531">
        <ele>80.4</ele>
      </trkpt>
      <trkpt lat="29.98367" lon="-96.37588">
        <ele>80.8</ele>
      </trkpt>
      <trkpt lat="29.9832" lon="-96.37642">
        <ele>80.3</ele>
      </trkpt>
      <trkpt lat="29.98276" lon="-96.37693">
        <ele>81.1</ele>
      </trkpt>
      <trkpt lat="29.98229" lon="-96.37749">
        <ele>83.0</ele>
      </trkpt>
      <trkpt lat="29.98216" lon="-96.37757">
        <ele>82.9</ele>
      </trkpt>
      <trkpt lat="29.98097" lon="-96.3779799">
        <ele>85.3</ele>
      </trkpt>
      <trkpt lat="29.98088" lon="-96.37801">
        <ele>85.6</ele>
      </trkpt>
      <trkpt lat="29.98063" lon="-96.3781">
        <ele>86.7</ele>
      </trkpt>
      <trkpt lat="29.98043" lon="-96.37818">
        <ele>87.4</ele>
      </trkpt>
      <trkpt lat="29.98005" lon="-96.37852">
        <ele>91.1</ele>
      </trkpt>
      <trkpt lat="29.97982" lon="-96.37875">
        <ele>92.7</ele>
      </trkpt>
      <trkpt lat="29.97982" lon="-96.37875">
        <ele>92.7</ele>
      </trkpt>
      <trkpt lat="29.97994" lon="-96.37878">
        <ele>92.3</ele>
      </trkpt>
      <trkpt lat="29.98013" lon="-96.37891">
        <ele>92.2</ele>
      </trkpt>
      <trkpt lat="29.98023" lon="-96.37902">
        <ele>92.7</ele>
      </trkpt>
      <trkpt lat="29.98051" lon="-96.37938">
        <ele>94.4</ele>
      </trkpt>
      <trkpt lat="29.98083" lon="-96.37981">
        <ele>94.9</ele>
      </trkpt>
      <trkpt lat="29.98159" lon="-96.38077">
        <ele>93.6</ele>
      </trkpt>
      <trkpt lat="29.98195" lon="-96.38123">
        <ele>93.0</ele>
      </trkpt>
      <trkpt lat="29.98207" lon="-96.38139">
        <ele>92.3</ele>
      </trkpt>
      <trkpt lat="29.9822" lon="-96.3815599">
        <ele>91.6</ele>
      </trkpt>
      <trkpt lat="29.98267" lon="-96.38216">
        <ele>89.6</ele>
      </trkpt>
      <trkpt lat="29.98304" lon="-96.38262">
        <ele>88.3</ele>
      </trkpt>
      <trkpt lat="29.98345" lon="-96.38314">
        <ele>86.9</ele>
      </trkpt>
      <trkpt lat="29.98351" lon="-96.38324">
        <ele>87.1</ele>
      </trkpt>
      <trkpt lat="29.98353" lon="-96.38326">
        <ele>87.1</ele>
      </trkpt>
      <trkpt lat="29.9836" lon="-96.38341">
        <ele>87.4</ele>
      </trkpt>
      <trkpt lat="29.98378" lon="-96.38388">
        <ele>88.1</ele>
      </trkpt>
      <trkpt lat="29.9838" lon="-96.38392">
        <ele>88.1</ele>
      </trkpt>
      <trkpt lat="29.98414" lon="-96.38491">
        <ele>89.4</ele>
      </trkpt>
      <trkpt lat="29.98438" lon="-96.38557">
        <ele>89.5</ele>
      </trkpt>
      <trkpt lat="29.98463" lon="-96.38631">
        <ele>89.7</ele>
      </trkpt>
      <trkpt lat="29.98471" lon="-96.38654">
        <ele>90.0</ele>
      </trkpt>
      <trkpt lat="29.98488" lon="-96.38701">
        <ele>90.8</ele>
      </trkpt>
      <trkpt lat="29.98504" lon="-96.3874699">
        <ele>91.4</ele>
      </trkpt>
      <trkpt lat="29.98538" lon="-96.38845">
        <ele>93.6</ele>
      </trkpt>
      <trkpt lat="29.98553" lon="-96.38887">
        <ele>94.2</ele>
      </trkpt>
      <trkpt lat="29.98582" lon="-96.38974">
        <ele>94.1</ele>
      </trkpt>
      <trkpt lat="29.98583" lon="-96.38975">
        <ele>94.1</ele>
      </trkpt>
      <trkpt lat="29.98606" lon="-96.39046">
        <ele>92.3</ele>
      </trkpt>
      <trkpt lat="29.98622" lon="-96.39087">
        <ele>90.8</ele>
      </trkpt>
      <trkpt lat="29.98627" lon="-96.39094">
        <ele>90.5</ele>
      </trkpt>
      <trkpt lat="29.98631" lon="-96.39098">
        <ele>90.3</ele>
      </trkpt>
      <trkpt lat="29.98639" lon="-96.391">
        <ele>90.1</ele>
      </trkpt>
      <trkpt lat="29.98656" lon="-96.39102">
        <ele>89.7</ele>
      </trkpt>
      <trkpt lat="29.98662" lon="-96.39102">
        <ele>89.7</ele>
      </trkpt>
      <trkpt lat="29.98781" lon="-96.39102">
        <ele>87.9</ele>
      </trkpt>
      <trkpt lat="29.98799" lon="-96.39101">
        <ele>87.9</ele>
      </trkpt>
      <trkpt lat="29.98813" lon="-96.39103">
        <ele>87.7</ele>
      </trkpt>
      <trkpt lat="29.98848" lon="-96.39116">
        <ele>86.8</ele>
      </trkpt>
      <trkpt lat="29.98915" lon="-96.39152">
        <ele>83.9</ele>
      </trkpt>
      <trkpt lat="29.98945" lon="-96.3916799">
        <ele>81.1</ele>
      </trkpt>
      <trkpt lat="29.98963" lon="-96.39179">
        <ele>80.6</ele>
      </trkpt>
      <trkpt lat="29.98982" lon="-96.39193">
        <ele>79.2</ele>
      </trkpt>
      <trkpt lat="29.98993" lon="-96.39203">
        <ele>76.5</ele>
      </trkpt>
      <trkpt lat="29.98999" lon="-96.39211">
        <ele>75.2</ele>
      </trkpt>
      <trkpt lat="29.99012" lon="-96.3922599">
        <ele>74.8</ele>
      </trkpt>
      <trkpt lat="29.99036" lon="-96.39258">
        <ele>80.1</ele>
      </trkpt>
      <trkpt lat="29.99058" lon="-96.39287">
        <ele>83.9</ele>
      </trkpt>
      <trkpt lat="29.99059" lon="-96.39289">
        <ele>84.1</ele>
      </trkpt>
      <trkpt lat="29.99066" lon="-96.39299">
        <ele>85.0</ele>
      </trkpt>
      <trkpt lat="29.99131" lon="-96.39384">
        <ele>91.8</ele>
      </trkpt>
      <trkpt lat="29.99155" lon="-96.39416">
        <ele>92.9</ele>
      </trkpt>
      <trkpt lat="29.99155" lon="-96.39416">
        <ele>92.9</ele>
      </trkpt>
      <trkpt lat="29.99055" lon="-96.3952">
        <ele>95.1</ele>
      </trkpt>
      <trkpt lat="29.99031" lon="-96.39548">
        <ele>95.0</ele>
      </trkpt>
      <trkpt lat="29.99009" lon="-96.3957">
        <ele>95.0</ele>
      </trkpt>
      <trkpt lat="29.98914" lon="-96.3967">
        <ele>95.2</ele>
      </trkpt>
      <trkpt lat="29.98859" lon="-96.39728">
        <ele>94.4</ele>
      </trkpt>
      <trkpt lat="29.98779" lon="-96.39811">
        <ele>94.5</ele>
      </trkpt>
      <trkpt lat="29.98681" lon="-96.39913">
        <ele>95.6</ele>
      </trkpt>
      <trkpt lat="29.98652" lon="-96.39945">
        <ele>95.8</ele>
      </trkpt>
      <trkpt lat="29.98645" lon="-96.39948">
        <ele>95.8</ele>
      </trkpt>
      <trkpt lat="29.98637" lon="-96.39949">
        <ele>95.8</ele>
      </trkpt>
      <trkpt lat="29.98632" lon="-96.3994699">
        <ele>95.9</ele>
      </trkpt>
      <trkpt lat="29.98627" lon="-96.39943">
        <ele>95.9</ele>
      </trkpt>
      <trkpt lat="29.98605" lon="-96.39923">
        <ele>95.7</ele>
      </trkpt>
      <trkpt lat="29.98599" lon="-96.3991999">
        <ele>95.7</ele>
      </trkpt>
      <trkpt lat="29.98592" lon="-96.39918">
        <ele>95.7</ele>
      </trkpt>
      <trkpt lat="29.98585" lon="-96.39918">
        <ele>95.6</ele>
      </trkpt>
      <trkpt lat="29.9858" lon="-96.39921">
        <ele>95.6</ele>
      </trkpt>
      <trkpt lat="29.98478" lon="-96.40028">
        <ele>91.1</ele>
      </trkpt>
      <trkpt lat="29.98426" lon="-96.40083">
        <ele>88.0</ele>
      </trkpt>
      <trkpt lat="29.98383" lon="-96.40128">
        <ele>86.3</ele>
      </trkpt>
      <trkpt lat="29.9836" lon="-96.4015299">
        <ele>84.9</ele>
      </trkpt>
      <trkpt lat="29.98318" lon="-96.40198">
        <ele>83.0</ele>
      </trkpt>
      <trkpt lat="29.98261" lon="-96.40259">
        <ele>81.6</ele>
      </trkpt>
      <trkpt lat="29.98229" lon="-96.4029">
        <ele>79.9</ele>
      </trkpt>
      <trkpt lat="29.98139" lon="-96.40388">
        <ele>77.2</ele>
      </trkpt>
      <trkpt lat="29.98108" lon="-96.40421">
        <ele>76.2</ele>
      </trkpt>
      <trkpt lat="29.98059" lon="-96.4047">
        <ele>75.6</ele>
      </trkpt>
      <trkpt lat="29.98032" lon="-96.405">
        <ele>72.9</ele>
      </trkpt>
      <trkpt lat="29.98028" lon="-96.40504">
        <ele>72.9</ele>
      </trkpt>
      <trkpt lat="29.98005" lon="-96.40528">
        <ele>74.3</ele>
      </trkpt>
      <trkpt lat="29.97998" lon="-96.40535">
        <ele>75.9</ele>
      </trkpt>
      <trkpt lat="29.97978" lon="-96.40556">
        <ele>79.2</ele>
      </trkpt>
      <trkpt lat="29.97972" lon="-96.40563">
        <ele>80.0</ele>
      </trkpt>
      <trkpt lat="29.97965" lon="-96.4057">
        <ele>81.2</ele>
      </trkpt>
      <trkpt lat="29.97926" lon="-96.40613">
        <ele>85.4</ele>
      </trkpt>
      <trkpt lat="29.97919" lon="-96.4062">
        <ele>86.5</ele>
      </trkpt>
      <trkpt lat="29.97913" lon="-96.40627">
        <ele>87.6</ele>
      </trkpt>
      <trkpt lat="29.97909" lon="-96.4063199">
        <ele>88.0</ele>
      </trkpt>
      <trkpt lat="29.97902" lon="-96.40643">
        <ele>88.3</ele>
      </trkpt>
      <trkpt lat="29.97899" lon="-96.40647">
        <ele>88.5</ele>
      </trkpt>
      <trkpt lat="29.97892" lon="-96.40658">
        <ele>89.1</ele>
      </trkpt>
      <trkpt lat="29.97891" lon="-96.40659">
        <ele>89.2</ele>
      </trkpt>
      <trkpt lat="29.97885" lon="-96.40668">
        <ele>89.8</ele>
      </trkpt>
      <trkpt lat="29.97881" lon="-96.40675">
        <ele>90.2</ele>
      </trkpt>
      <trkpt lat="29.97881" lon="-96.40675">
        <ele>90.2</ele>
      </trkpt>
      <trkpt lat="29.97888" lon="-96.40679">
        <ele>90.2</ele>
      </trkpt>
      <trkpt lat="29.97892" lon="-96.4068099">
        <ele>90.2</ele>
      </trkpt>
      <trkpt lat="29.97905" lon="-96.4068999">
        <ele>90.2</ele>
      </trkpt>
      <trkpt lat="29.97912" lon="-96.40695">
        <ele>90.2</ele>
      </trkpt>
      <trkpt lat="29.97915" lon="-96.40697">
        <ele>90.2</ele>
      </trkpt>
      <trkpt lat="29.97923" lon="-96.40703">
        <ele>90.0</ele>
      </trkpt>
      <trkpt lat="29.9793" lon="-96.40709">
        <ele>89.9</ele>
      </trkpt>
      <trkpt lat="29.97936" lon="-96.40715">
        <ele>89.8</ele>
      </trkpt>
      <trkpt lat="29.97937" lon="-96.4071699">
        <ele>89.8</ele>
      </trkpt>
      <trkpt lat="29.97944" lon="-96.40723">
        <ele>89.6</ele>
      </trkpt>
      <trkpt lat="29.97954" lon="-96.4073499">
        <ele>89.4</ele>
      </trkpt>
      <trkpt lat="29.97963" lon="-96.40746">
        <ele>89.2</ele>
      </trkpt>
      <trkpt lat="29.97968" lon="-96.40752">
        <ele>89.0</ele>
      </trkpt>
      <trkpt lat="29.97981" lon="-96.40769">
        <ele>88.8</ele>
      </trkpt>
      <trkpt lat="29.97987" lon="-96.40776">
        <ele>88.8</ele>
      </trkpt>
      <trkpt lat="29.97996" lon="-96.40787">
        <ele>88.7</ele>
      </trkpt>
      <trkpt lat="29.98023" lon="-96.40822">
        <ele>86.7</ele>
      </trkpt>
      <trkpt lat="29.98045" lon="-96.40849">
        <ele>86.1</ele>
      </trkpt>
      <trkpt lat="29.9808" lon="-96.40895">
        <ele>84.8</ele>
      </trkpt>
      <trkpt lat="29.98084" lon="-96.40899">
        <ele>84.3</ele>
      </trkpt>
      <trkpt lat="29.98096" lon="-96.4091399">
        <ele>82.8</ele>
      </trkpt>
      <trkpt lat="29.98109" lon="-96.40929">
        <ele>81.9</ele>
      </trkpt>
      <trkpt lat="29.98125" lon="-96.4095">
        <ele>82.0</ele>
      </trkpt>
      <trkpt lat="29.98139" lon="-96.40967">
        <ele>82.4</ele>
      </trkpt>
      <trkpt lat="29.98151" lon="-96.40983">
        <ele>83.2</ele>
      </trkpt>
      <trkpt lat="29.98163" lon="-96.40998">
        <ele>83.9</ele>
      </trkpt>
      <trkpt lat="29.98175" lon="-96.41013">
        <ele>84.5</ele>
      </trkpt>
      <trkpt lat="29.98187" lon="-96.41029">
        <ele>84.8</ele>
      </trkpt>
      <trkpt lat="29.982" lon="-96.41046">
        <ele>85.3</ele>
      </trkpt>
      <trkpt lat="29.98211" lon="-96.41059">
        <ele>85.9</ele>
      </trkpt>
      <trkpt lat="29.98223" lon="-96.4107499">
        <ele>86.6</ele>
      </trkpt>
      <trkpt lat="29.98235" lon="-96.4109">
        <ele>87.2</ele>
      </trkpt>
      <trkpt lat="29.98247" lon="-96.41106">
        <ele>87.4</ele>
      </trkpt>
      <trkpt lat="29.9826" lon="-96.41121">
        <ele>87.4</ele>
      </trkpt>
      <trkpt lat="29.98267" lon="-96.4113">
        <ele>87.2</ele>
      </trkpt>
      <trkpt lat="29.98296" lon="-96.41167">
        <ele>85.5</ele>
      </trkpt>
      <trkpt lat="29.98308" lon="-96.41182">
        <ele>85.0</ele>
      </trkpt>
      <trkpt lat="29.9832" lon="-96.41197">
        <ele>84.4</ele>
      </trkpt>
      <trkpt lat="29.98344" lon="-96.41228">
        <ele>85.1</ele>
      </trkpt>
      <trkpt lat="29.98357" lon="-96.41244">
        <ele>86.2</ele>
      </trkpt>
      <trkpt lat="29.98357" lon="-96.41245">
        <ele>86.2</ele>
      </trkpt>
      <trkpt lat="29.98381" lon="-96.41274">
        <ele>87.8</ele>
      </trkpt>
      <trkpt lat="29.98389" lon="-96.41285">
        <ele>88.2</ele>
      </trkpt>
      <trkpt lat="29.98436" lon="-96.41344">
        <ele>93.0</ele>
      </trkpt>
      <trkpt lat="29.98466" lon="-96.41383">
        <ele>95.1</ele>
      </trkpt>
      <trkpt lat="29.98484" lon="-96.41405">
        <ele>96.4</ele>
      </trkpt>
      <trkpt lat="29.98492" lon="-96.41416">
        <ele>96.5</ele>
      </trkpt>
      <trkpt lat="29.98502" lon="-96.41429">
        <ele>96.2</ele>
      </trkpt>
      <trkpt lat="29.98504" lon="-96.41431">
        <ele>96.1</ele>
      </trkpt>
      <trkpt lat="29.98517" lon="-96.41447">
        <ele>95.6</ele>
      </trkpt>
      <trkpt lat="29.98565" lon="-96.41508">
        <ele>91.9</ele>
      </trkpt>
      <trkpt lat="29.98578" lon="-96.4152299">
        <ele>91.6</ele>
      </trkpt>
      <trkpt lat="29.98614" lon="-96.41569">
        <ele>87.6</ele>
      </trkpt>
      <trkpt lat="29.98636" lon="-96.41597">
        <ele>90.7</ele>
      </trkpt>
      <trkpt lat="29.98658" lon="-96.41625">
        <ele>91.9</ele>
      </trkpt>
      <trkpt lat="29.98684" lon="-96.41658">
        <ele>93.5</ele>
      </trkpt>
      <trkpt lat="29.98692" lon="-96.41667">
        <ele>93.9</ele>
      </trkpt>
      <trkpt lat="29.98794" lon="-96.4179599">
        <ele>100.6</ele>
      </trkpt>
      <trkpt lat="29.98819" lon="-96.41828">
        <ele>101.2</ele>
      </trkpt>
      <trkpt lat="29.98835" lon="-96.41849">
        <ele>101.3</ele>
      </trkpt>
      <trkpt lat="29.98835" lon="-96.41849">
        <ele>101.3</ele>
      </trkpt>
      <trkpt lat="29.98846" lon="-96.41837">
        <ele>101.0</ele>
      </trkpt>
      <trkpt lat="29.9888" lon="-96.418">
        <ele>100.4</ele>
      </trkpt>
      <trkpt lat="29.98888" lon="-96.41792">
        <ele>100.4</ele>
      </trkpt>
      <trkpt lat="29.98974" lon="-96.41701">
        <ele>94.6</ele>
      </trkpt>
      <trkpt lat="29.99024" lon="-96.41649">
        <ele>92.2</ele>
      </trkpt>
      <trkpt lat="29.99143" lon="-96.41522">
        <ele>86.0</ele>
      </trkpt>
      <trkpt lat="29.99183" lon="-96.4148">
        <ele>82.4</ele>
      </trkpt>
      <trkpt lat="29.99211" lon="-96.4145">
        <ele>81.2</ele>
      </trkpt>
      <trkpt lat="29.99237" lon="-96.41424">
        <ele>82.0</ele>
      </trkpt>
      <trkpt lat="29.99237" lon="-96.41424">
        <ele>82.0</ele>
      </trkpt>
      <trkpt lat="29.99271" lon="-96.41468">
        <ele>85.6</ele>
      </trkpt>
      <trkpt lat="29.99287" lon="-96.41489">
        <ele>85.2</ele>
      </trkpt>
      <trkpt lat="29.99324" lon="-96.41535">
        <ele>84.5</ele>
      </trkpt>
      <trkpt lat="29.99397" lon="-96.41627">
        <ele>86.6</ele>
      </trkpt>
      <trkpt lat="29.99418" lon="-96.41654">
        <ele>87.8</ele>
      </trkpt>
      <trkpt lat="29.99485" lon="-96.41737">
        <ele>89.4</ele>
      </trkpt>
      <trkpt lat="29.99487" lon="-96.41738">
        <ele>89.4</ele>
      </trkpt>
      <trkpt lat="29.99494" lon="-96.41744">
        <ele>89.4</ele>
      </trkpt>
      <trkpt lat="29.99498" lon="-96.41746">
        <ele>89.4</ele>
      </trkpt>
      <trkpt lat="29.99502" lon="-96.41747">
        <ele>89.5</ele>
      </trkpt>
      <trkpt lat="29.99505" lon="-96.41747">
        <ele>89.6</ele>
      </trkpt>
      <trkpt lat="29.99511" lon="-96.41745">
        <ele>89.9</ele>
      </trkpt>
      <trkpt lat="29.99519" lon="-96.41741">
        <ele>90.3</ele>
      </trkpt>
      <trkpt lat="29.99521" lon="-96.4174">
        <ele>90.3</ele>
      </trkpt>
      <trkpt lat="29.99546" lon="-96.41713">
        <ele>91.6</ele>
      </trkpt>
      <trkpt lat="29.99607" lon="-96.41649">
        <ele>93.4</ele>
      </trkpt>
      <trkpt lat="29.99613" lon="-96.41644">
        <ele>93.5</ele>
      </trkpt>
      <trkpt lat="29.9964" lon="-96.41616">
        <ele>93.6</ele>
      </trkpt>
      <trkpt lat="29.997" lon="-96.41557">
        <ele>93.1</ele>
      </trkpt>
      <trkpt lat="29.99736" lon="-96.41522">
        <ele>91.5</ele>
      </trkpt>
      <trkpt lat="29.99746" lon="-96.41513">
        <ele>91.0</ele>
      </trkpt>
      <trkpt lat="29.99778" lon="-96.41484">
        <ele>90.4</ele>
      </trkpt>
      <trkpt lat="29.99779" lon="-96.41483">
        <ele>90.4</ele>
      </trkpt>
      <trkpt lat="29.99793" lon="-96.41474">
        <ele>90.6</ele>
      </trkpt>
      <trkpt lat="29.99803" lon="-96.41472">
        <ele>90.8</ele>
      </trkpt>
      <trkpt lat="29.99811" lon="-96.41472">
        <ele>90.9</ele>
      </trkpt>
      <trkpt lat="29.99815" lon="-96.41473">
        <ele>91.0</ele>
      </trkpt>
      <trkpt lat="29.9982" lon="-96.41477">
        <ele>91.1</ele>
      </trkpt>
      <trkpt lat="29.99827" lon="-96.41482">
        <ele>91.2</ele>
      </trkpt>
      <trkpt lat="29.9984" lon="-96.415">
        <ele>91.7</ele>
      </trkpt>
      <trkpt lat="29.99876" lon="-96.41545">
        <ele>93.3</ele>
      </trkpt>
      <trkpt lat="29.99889" lon="-96.4156">
        <ele>93.7</ele>
      </trkpt>
      <trkpt lat="30.00023" lon="-96.41739">
        <ele>102.6</ele>
      </trkpt>
      <trkpt lat="30.0003" lon="-96.4175">
        <ele>102.6</ele>
      </trkpt>
      <trkpt lat="30.0004" lon="-96.41763">
        <ele>102.7</ele>
      </trkpt>
      <trkpt lat="30.00056" lon="-96.41784">
        <ele>102.9</ele>
      </trkpt>
      <trkpt lat="30.00059" lon="-96.4178699">
        <ele>103.0</ele>
      </trkpt>
      <trkpt lat="30.00061" lon="-96.41789">
        <ele>103.0</ele>
      </trkpt>
      <trkpt lat="30.00066" lon="-96.41791">
        <ele>103.0</ele>
      </trkpt>
      <trkpt lat="30.00069" lon="-96.41791">
        <ele>103.0</ele>
      </trkpt>
      <trkpt lat="30.0007" lon="-96.41791">
        <ele>103.0</ele>
      </trkpt>
      <trkpt lat="30.00075" lon="-96.4179">
        <ele>103.0</ele>
      </trkpt>
      <trkpt lat="30.00081" lon="-96.4178699">
        <ele>103.0</ele>
      </trkpt>
      <trkpt lat="30.00095" lon="-96.41775">
        <ele>102.8</ele>
      </trkpt>
      <trkpt lat="30.00151" lon="-96.41713">
        <ele>101.7</ele>
      </trkpt>
      <trkpt lat="30.00233" lon="-96.41623">
        <ele>98.5</ele>
      </trkpt>
      <trkpt lat="30.00299" lon="-96.41555">
        <ele>96.6</ele>
      </trkpt>
      <trkpt lat="30.00379" lon="-96.41474">
        <ele>98.7</ele>
      </trkpt>
      <trkpt lat="30.00394" lon="-96.41458">
        <ele>98.6</ele>
      </trkpt>
      <trkpt lat="30.00418" lon="-96.41433">
        <ele>98.2</ele>
      </trkpt>
      <trkpt lat="30.00436" lon="-96.41413">
        <ele>97.5</ele>
      </trkpt>
      <trkpt lat="30.00456" lon="-96.41392">
        <ele>96.2</ele>
      </trkpt>
      <trkpt lat="30.00508" lon="-96.41337">
        <ele>93.9</ele>
      </trkpt>
      <trkpt lat="30.00529" lon="-96.41316">
        <ele>92.1</ele>
      </trkpt>
      <trkpt lat="30.00547" lon="-96.41296">
        <ele>90.6</ele>
      </trkpt>
      <trkpt lat="30.00573" lon="-96.41268">
        <ele>91.6</ele>
      </trkpt>
      <trkpt lat="30.00598" lon="-96.41241">
        <ele>92.8</ele>
      </trkpt>
      <trkpt lat="30.00618" lon="-96.41219">
        <ele>93.4</ele>
      </trkpt>
      <trkpt lat="30.00654" lon="-96.41184">
        <ele>94.4</ele>
      </trkpt>
      <trkpt lat="30.00699" lon="-96.41138">
        <ele>94.8</ele>
      </trkpt>
      <trkpt lat="30.00729" lon="-96.41107">
        <ele>94.7</ele>
      </trkpt>
      <trkpt lat="30.00816" lon="-96.41015">
        <ele>91.4</ele>
      </trkpt>
      <trkpt lat="30.00818" lon="-96.41012">
        <ele>91.0</ele>
      </trkpt>
      <trkpt lat="30.00861" lon="-96.40967">
        <ele>85.0</ele>
      </trkpt>
      <trkpt lat="30.00875" lon="-96.40954">
        <ele>84.0</ele>
      </trkpt>
      <trkpt lat="30.00884" lon="-96.4095">
        <ele>83.2</ele>
      </trkpt>
      <trkpt lat="30.00884" lon="-96.4095">
        <ele>83.2</ele>
      </trkpt>
      <trkpt lat="30.00887" lon="-96.40962">
        <ele>83.2</ele>
      </trkpt>
      <trkpt lat="30.00891" lon="-96.40969">
        <ele>82.9</ele>
      </trkpt>
      <trkpt lat="30.00899" lon="-96.4098">
        <ele>82.2</ele>
      </trkpt>
      <trkpt lat="30.00915" lon="-96.41">
        <ele>81.5</ele>
      </trkpt>
      <trkpt lat="30.00939" lon="-96.41031">
        <ele>82.1</ele>
      </trkpt>
      <trkpt lat="30.00941" lon="-96.41034">
        <ele>82.1</ele>
      </trkpt>
      <trkpt lat="30.00946" lon="-96.4104">
        <ele>82.5</ele>
      </trkpt>
      <trkpt lat="30.00972" lon="-96.41072">
        <ele>85.8</ele>
      </trkpt>
      <trkpt lat="30.00977" lon="-96.41079">
        <ele>86.7</ele>
      </trkpt>
      <trkpt lat="30.00983" lon="-96.41087">
        <ele>87.7</ele>
      </trkpt>
      <trkpt lat="30.00987" lon="-96.41092">
        <ele>88.3</ele>
      </trkpt>
      <trkpt lat="30.01043" lon="-96.41165">
        <ele>93.1</ele>
      </trkpt>
      <trkpt lat="30.01047" lon="-96.4117">
        <ele>93.3</ele>
      </trkpt>
      <trkpt lat="30.01056" lon="-96.41183">
        <ele>93.7</ele>
      </trkpt>
      <trkpt lat="30.01069" lon="-96.41198">
        <ele>94.2</ele>
      </trkpt>
      <trkpt lat="30.01118" lon="-96.4126">
        <ele>93.6</ele>
      </trkpt>
      <trkpt lat="30.01151" lon="-96.41301">
        <ele>91.4</ele>
      </trkpt>
      <trkpt lat="30.01151" lon="-96.41301">
        <ele>91.4</ele>
      </trkpt>
      <trkpt lat="30.01176" lon="-96.41275">
        <ele>90.8</ele>
      </trkpt>
      <trkpt lat="30.01219" lon="-96.41231">
        <ele>89.6</ele>
      </trkpt>
      <trkpt lat="30.01246" lon="-96.41203">
        <ele>89.6</ele>
      </trkpt>
      <trkpt lat="30.01286" lon="-96.41161">
        <ele>90.7</ele>
      </trkpt>
      <trkpt lat="30.01302" lon="-96.41144">
        <ele>91.5</ele>
      </trkpt>
      <trkpt lat="30.01328" lon="-96.41117">
        <ele>93.1</ele>
      </trkpt>
      <trkpt lat="30.0134" lon="-96.41105">
        <ele>93.4</ele>
      </trkpt>
      <trkpt lat="30.01355" lon="-96.41089">
        <ele>93.5</ele>
      </trkpt>
      <trkpt lat="30.01367" lon="-96.41077">
        <ele>93.4</ele>
      </trkpt>
      <trkpt lat="30.01369" lon="-96.41074">
        <ele>93.4</ele>
      </trkpt>
      <trkpt lat="30.01377" lon="-96.4106599">
        <ele>93.1</ele>
      </trkpt>
      <trkpt lat="30.01449" lon="-96.40994">
        <ele>88.6</ele>
      </trkpt>
      <trkpt lat="30.01474" lon="-96.40968">
        <ele>87.7</ele>
      </trkpt>
      <trkpt lat="30.01477" lon="-96.40965">
        <ele>87.6</ele>
      </trkpt>
      <trkpt lat="30.01482" lon="-96.4096">
        <ele>87.4</ele>
      </trkpt>
      <trkpt lat="30.01584" lon="-96.40856">
        <ele>83.5</ele>
      </trkpt>
      <trkpt lat="30.01594" lon="-96.40845">
        <ele>82.7</ele>
      </trkpt>
      <trkpt lat="30.01635" lon="-96.40803">
        <ele>83.0</ele>
      </trkpt>
      <trkpt lat="30.01679" lon="-96.40758">
        <ele>82.9</ele>
      </trkpt>
      <trkpt lat="30.01693" lon="-96.40743">
        <ele>82.9</ele>
      </trkpt>
      <trkpt lat="30.01711" lon="-96.4072599">
        <ele>83.0</ele>
      </trkpt>
      <trkpt lat="30.01734" lon="-96.40709">
        <ele>83.5</ele>
      </trkpt>
      <trkpt lat="30.01743" lon="-96.40704">
        <ele>83.7</ele>
      </trkpt>
      <trkpt lat="30.01789" lon="-96.4067">
        <ele>83.6</ele>
      </trkpt>
      <trkpt lat="30.01819" lon="-96.40647">
        <ele>82.8</ele>
      </trkpt>
      <trkpt lat="30.01851" lon="-96.40624">
        <ele>81.9</ele>
      </trkpt>
      <trkpt lat="30.01926" lon="-96.4057">
        <ele>77.6</ele>
      </trkpt>
      <trkpt lat="30.01942" lon="-96.40559">
        <ele>76.4</ele>
      </trkpt>
      <trkpt lat="30.01988" lon="-96.40533">
        <ele>73.4</ele>
      </trkpt>
      <trkpt lat="30.02018" lon="-96.40518">
        <ele>72.4</ele>
      </trkpt>
      <trkpt lat="30.0204" lon="-96.40509">
        <ele>71.7</ele>
      </trkpt>
      <trkpt lat="30.02066" lon="-96.40498">
        <ele>70.6</ele>
      </trkpt>
      <trkpt lat="30.02143" lon="-96.40473">
        <ele>67.8</ele>
      </trkpt>
      <trkpt lat="30.02155" lon="-96.40469">
        <ele>67.4</ele>
      </trkpt>
      <trkpt lat="30.02196" lon="-96.40459">
        <ele>66.7</ele>
      </trkpt>
      <trkpt lat="30.02199" lon="-96.40458">
        <ele>66.8</ele>
      </trkpt>
      <trkpt lat="30.02326" lon="-96.40428">
        <ele>65.1</ele>
      </trkpt>
      <trkpt lat="30.02337" lon="-96.4042599">
        <ele>65.0</ele>
      </trkpt>
      <trkpt lat="30.02416" lon="-96.40411">
        <ele>64.6</ele>
      </trkpt>
      <trkpt lat="30.02444" lon="-96.40409">
        <ele>64.5</ele>
      </trkpt>
      <trkpt lat="30.02459" lon="-96.4041">
        <ele>64.5</ele>
      </trkpt>
      <trkpt lat="30.02485" lon="-96.40413">
        <ele>64.6</ele>
      </trkpt>
      <trkpt lat="30.02525" lon="-96.40418">
        <ele>67.1</ele>
      </trkpt>
      <trkpt lat="30.02571" lon="-96.4042">
        <ele>69.4</ele>
      </trkpt>
      <trkpt lat="30.02643" lon="-96.40427">
        <ele>70.8</ele>
      </trkpt>
      <trkpt lat="30.02673" lon="-96.40429">
        <ele>70.5</ele>
      </trkpt>
      <trkpt lat="30.02697" lon="-96.40432">
        <ele>70.0</ele>
      </trkpt>
      <trkpt lat="30.02733" lon="-96.40436">
        <ele>69.3</ele>
      </trkpt>
      <trkpt lat="30.02739" lon="-96.40437">
        <ele>69.1</ele>
      </trkpt>
      <trkpt lat="30.02768" lon="-96.4044">
        <ele>68.5</ele>
      </trkpt>
      <trkpt lat="30.02814" lon="-96.40446">
        <ele>66.5</ele>
      </trkpt>
      <trkpt lat="30.02827" lon="-96.40446">
        <ele>64.8</ele>
      </trkpt>
      <trkpt lat="30.0284" lon="-96.4044399">
        <ele>64.0</ele>
      </trkpt>
      <trkpt lat="30.0285" lon="-96.40443">
        <ele>64.0</ele>
      </trkpt>
      <trkpt lat="30.02862" lon="-96.4044">
        <ele>64.0</ele>
      </trkpt>
      <trkpt lat="30.02878" lon="-96.40436">
        <ele>64.0</ele>
      </trkpt>
      <trkpt lat="30.02892" lon="-96.40431">
        <ele>64.0</ele>
      </trkpt>
      <trkpt lat="30.02911" lon="-96.40419">
        <ele>64.0</ele>
      </trkpt>
      <trkpt lat="30.02918" lon="-96.40414">
        <ele>64.0</ele>
      </trkpt>
      <trkpt lat="30.02945" lon="-96.40394">
        <ele>64.0</ele>
      </trkpt>
      <trkpt lat="30.02967" lon="-96.4038">
        <ele>64.0</ele>
      </trkpt>
      <trkpt lat="30.0298" lon="-96.40372">
        <ele>64.0</ele>
      </trkpt>
      <trkpt lat="30.03002" lon="-96.4036">
        <ele>64.0</ele>
      </trkpt>
      <trkpt lat="30.03015" lon="-96.40351">
        <ele>64.0</ele>
      </trkpt>
      <trkpt lat="30.03043" lon="-96.40337">
        <ele>64.0</ele>
      </trkpt>
      <trkpt lat="30.03062" lon="-96.40329">
        <ele>64.0</ele>
      </trkpt>
      <trkpt lat="30.03067" lon="-96.40327">
        <ele>64.0</ele>
      </trkpt>
      <trkpt lat="30.03113" lon="-96.40312">
        <ele>66.3</ele>
      </trkpt>
      <trkpt lat="30.03117" lon="-96.40311">
        <ele>66.6</ele>
      </trkpt>
      <trkpt lat="30.03144" lon="-96.40304">
        <ele>67.6</ele>
      </trkpt>
      <trkpt lat="30.03153" lon="-96.40302">
        <ele>67.8</ele>
      </trkpt>
      <trkpt lat="30.03214" lon="-96.40291">
        <ele>69.3</ele>
      </trkpt>
      <trkpt lat="30.0325" lon="-96.40284">
        <ele>69.9</ele>
      </trkpt>
      <trkpt lat="30.0328" lon="-96.40278">
        <ele>70.5</ele>
      </trkpt>
      <trkpt lat="30.03285" lon="-96.40277">
        <ele>70.6</ele>
      </trkpt>
      <trkpt lat="30.03338" lon="-96.40266">
        <ele>71.3</ele>
      </trkpt>
      <trkpt lat="30.03373" lon="-96.40258">
        <ele>71.3</ele>
      </trkpt>
      <trkpt lat="30.03378" lon="-96.40257">
        <ele>71.3</ele>
      </trkpt>
      <trkpt lat="30.03424" lon="-96.40248">
        <ele>70.3</ele>
      </trkpt>
      <trkpt lat="30.03438" lon="-96.40246">
        <ele>70.1</ele>
      </trkpt>
      <trkpt lat="30.03482" lon="-96.4024">
        <ele>68.8</ele>
      </trkpt>
      <trkpt lat="30.03503" lon="-96.4023799">
        <ele>68.9</ele>
      </trkpt>
      <trkpt lat="30.03534" lon="-96.4023799">
        <ele>69.3</ele>
      </trkpt>
      <trkpt lat="30.03588" lon="-96.4023799">
        <ele>69.9</ele>
      </trkpt>
      <trkpt lat="30.03592" lon="-96.4023799">
        <ele>69.9</ele>
      </trkpt>
      <trkpt lat="30.03693" lon="-96.40242">
        <ele>69.4</ele>
      </trkpt>
      <trkpt lat="30.03724" lon="-96.40243">
        <ele>70.1</ele>
      </trkpt>
      <trkpt lat="30.0375" lon="-96.40245">
        <ele>70.2</ele>
      </trkpt>
      <trkpt lat="30.03807" lon="-96.4025">
        <ele>70.3</ele>
      </trkpt>
      <trkpt lat="30.03887" lon="-96.40258">
        <ele>70.4</ele>
      </trkpt>
      <trkpt lat="30.03914" lon="-96.40265">
        <ele>70.4</ele>
      </trkpt>
      <trkpt lat="30.04011" lon="-96.40293">
        <ele>70.8</ele>
      </trkpt>
      <trkpt lat="30.04035" lon="-96.40297">
        <ele>71.0</ele>
      </trkpt>
      <trkpt lat="30.04068" lon="-96.40302">
        <ele>71.3</ele>
      </trkpt>
      <trkpt lat="30.04083" lon="-96.40304">
        <ele>71.5</ele>
      </trkpt>
      <trkpt lat="30.04154" lon="-96.40308">
        <ele>72.4</ele>
      </trkpt>
      <trkpt lat="30.04158" lon="-96.40308">
        <ele>72.4</ele>
      </trkpt>
      <trkpt lat="30.04219" lon="-96.40309">
        <ele>72.8</ele>
      </trkpt>
      <trkpt lat="30.04268" lon="-96.40308">
        <ele>73.2</ele>
      </trkpt>
      <trkpt lat="30.04284" lon="-96.40308">
        <ele>73.5</ele>
      </trkpt>
      <trkpt lat="30.04328" lon="-96.40308">
        <ele>74.1</ele>
      </trkpt>
      <trkpt lat="30.04379" lon="-96.40306">
        <ele>74.7</ele>
      </trkpt>
      <trkpt lat="30.04392" lon="-96.4030499">
        <ele>74.8</ele>
      </trkpt>
      <trkpt lat="30.04397" lon="-96.40304">
        <ele>74.9</ele>
      </trkpt>
      <trkpt lat="30.04499" lon="-96.40293">
        <ele>76.1</ele>
      </trkpt>
      <trkpt lat="30.04504" lon="-96.40293">
        <ele>76.1</ele>
      </trkpt>
      <trkpt lat="30.04544" lon="-96.4029">
        <ele>77.0</ele>
      </trkpt>
      <trkpt lat="30.04565" lon="-96.4029">
        <ele>77.6</ele>
      </trkpt>
      <trkpt lat="30.04588" lon="-96.40291">
        <ele>78.3</ele>
      </trkpt>
      <trkpt lat="30.04637" lon="-96.40297">
        <ele>79.1</ele>
      </trkpt>
      <trkpt lat="30.04661" lon="-96.40301">
        <ele>79.2</ele>
      </trkpt>
      <trkpt lat="30.0469" lon="-96.40306">
        <ele>79.4</ele>
      </trkpt>
      <trkpt lat="30.04749" lon="-96.40317">
        <ele>80.1</ele>
      </trkpt>
      <trkpt lat="30.04838" lon="-96.40334">
        <ele>80.6</ele>
      </trkpt>
      <trkpt lat="30.04879" lon="-96.40342">
        <ele>79.0</ele>
      </trkpt>
      <trkpt lat="30.04909" lon="-96.40349">
        <ele>78.4</ele>
      </trkpt>
      <trkpt lat="30.04909" lon="-96.40349">
        <ele>78.4</ele>
      </trkpt>
      <trkpt lat="30.04978" lon="-96.40364">
        <ele>76.8</ele>
      </trkpt>
      <trkpt lat="30.04984" lon="-96.40365">
        <ele>76.7</ele>
      </trkpt>
      <trkpt lat="30.04999" lon="-96.40366">
        <ele>76.8</ele>
      </trkpt>
      <trkpt lat="30.05006" lon="-96.40366">
        <ele>77.0</ele>
      </trkpt>
      <trkpt lat="30.05013" lon="-96.40364">
        <ele>77.3</ele>
      </trkpt>
      <trkpt lat="30.05022" lon="-96.40358">
        <ele>77.8</ele>
      </trkpt>
      <trkpt lat="30.05028" lon="-96.40353">
        <ele>78.2</ele>
      </trkpt>
      <trkpt lat="30.05038" lon="-96.40342">
        <ele>78.7</ele>
      </trkpt>
      <trkpt lat="30.05039" lon="-96.4034099">
        <ele>78.7</ele>
      </trkpt>
      <trkpt lat="30.05052" lon="-96.40319">
        <ele>80.5</ele>
      </trkpt>
      <trkpt lat="30.05064" lon="-96.40299">
        <ele>81.6</ele>
      </trkpt>
      <trkpt lat="30.05071" lon="-96.40288">
        <ele>81.8</ele>
      </trkpt>
      <trkpt lat="30.05123" lon="-96.40198">
        <ele>84.4</ele>
      </trkpt>
      <trkpt lat="30.05152" lon="-96.40148">
        <ele>84.8</ele>
      </trkpt>
      <trkpt lat="30.05171" lon="-96.4011">
        <ele>86.5</ele>
      </trkpt>
      <trkpt lat="30.05174" lon="-96.40103">
        <ele>86.7</ele>
      </trkpt>
      <trkpt lat="30.0518" lon="-96.40093">
        <ele>87.0</ele>
      </trkpt>
      <trkpt lat="30.05197" lon="-96.40074">
        <ele>87.6</ele>
      </trkpt>
      <trkpt lat="30.05237" lon="-96.40043">
        <ele>89.9</ele>
      </trkpt>
      <trkpt lat="30.05256" lon="-96.40028">
        <ele>90.7</ele>
      </trkpt>
      <trkpt lat="30.05289" lon="-96.39995">
        <ele>91.9</ele>
      </trkpt>
      <trkpt lat="30.05306" lon="-96.39976">
        <ele>92.4</ele>
      </trkpt>
      <trkpt lat="30.05314" lon="-96.39967">
        <ele>92.6</ele>
      </trkpt>
      <trkpt lat="30.05363" lon="-96.39914">
        <ele>94.0</ele>
      </trkpt>
      <trkpt lat="30.05372" lon="-96.39905">
        <ele>94.3</ele>
      </trkpt>
      <trkpt lat="30.05397" lon="-96.39876">
        <ele>95.7</ele>
      </trkpt>
      <trkpt lat="30.05426" lon="-96.3984399">
        <ele>97.1</ele>
      </trkpt>
      <trkpt lat="30.05436" lon="-96.39831">
        <ele>97.6</ele>
      </trkpt>
      <trkpt lat="30.05444" lon="-96.39819">
        <ele>98.3</ele>
      </trkpt>
      <trkpt lat="30.05482" lon="-96.3976799">
        <ele>100.3</ele>
      </trkpt>
      <trkpt lat="30.05509" lon="-96.39731">
        <ele>100.2</ele>
      </trkpt>
      <trkpt lat="30.05544" lon="-96.39694">
        <ele>100.0</ele>
      </trkpt>
      <trkpt lat="30.05663" lon="-96.39567">
        <ele>99.7</ele>
      </trkpt>
      <trkpt lat="30.05673" lon="-96.39556">
        <ele>99.5</ele>
      </trkpt>
      <trkpt lat="30.05761" lon="-96.3946799">
        <ele>98.6</ele>
      </trkpt>
      <trkpt lat="30.0577" lon="-96.39456">
        <ele>98.8</ele>
      </trkpt>
      <trkpt lat="30.0577" lon="-96.39456">
        <ele>98.8</ele>
      </trkpt>
      <trkpt lat="30.0578" lon="-96.39467">
        <ele>99.2</ele>
      </trkpt>
      <trkpt lat="30.05807" lon="-96.39501">
        <ele>99.9</ele>
      </trkpt>
      <trkpt lat="30.05856" lon="-96.3956199">
        <ele>101.7</ele>
      </trkpt>
      <trkpt lat="30.05904" lon="-96.39624">
        <ele>102.6</ele>
      </trkpt>
      <trkpt lat="30.05907" lon="-96.39627">
        <ele>102.6</ele>
      </trkpt>
      <trkpt lat="30.05975" lon="-96.39718">
        <ele>101.7</ele>
      </trkpt>
      <trkpt lat="30.05999" lon="-96.39749">
        <ele>101.5</ele>
      </trkpt>
      <trkpt lat="30.06006" lon="-96.39758">
        <ele>101.4</ele>
      </trkpt>
      <trkpt lat="30.06021" lon="-96.39776">
        <ele>101.1</ele>
      </trkpt>
      <trkpt lat="30.06042" lon="-96.39804">
        <ele>100.4</ele>
      </trkpt>
      <trkpt lat="30.06049" lon="-96.39809">
        <ele>100.4</ele>
      </trkpt>
      <trkpt lat="30.06049" lon="-96.3981">
        <ele>100.3</ele>
      </trkpt>
      <trkpt lat="30.06056" lon="-96.39813">
        <ele>100.3</ele>
      </trkpt>
      <trkpt lat="30.06067" lon="-96.39814">
        <ele>100.6</ele>
      </trkpt>
      <trkpt lat="30.06073" lon="-96.39813">
        <ele>100.7</ele>
      </trkpt>
      <trkpt lat="30.06078" lon="-96.3981">
        <ele>100.8</ele>
      </trkpt>
      <trkpt lat="30.06082" lon="-96.39806">
        <ele>100.9</ele>
      </trkpt>
      <trkpt lat="30.06109" lon="-96.39779">
        <ele>101.1</ele>
      </trkpt>
      <trkpt lat="30.0613" lon="-96.39757">
        <ele>100.9</ele>
      </trkpt>
      <trkpt lat="30.06138" lon="-96.39748">
        <ele>100.9</ele>
      </trkpt>
      <trkpt lat="30.06157" lon="-96.39729">
        <ele>100.0</ele>
      </trkpt>
      <trkpt lat="30.06158" lon="-96.39728">
        <ele>99.9</ele>
      </trkpt>
      <trkpt lat="30.06184" lon="-96.39702">
        <ele>97.4</ele>
      </trkpt>
      <trkpt lat="30.06197" lon="-96.39688">
        <ele>95.9</ele>
      </trkpt>
      <trkpt lat="30.06224" lon="-96.3966">
        <ele>92.3</ele>
      </trkpt>
      <trkpt lat="30.06238" lon="-96.39646">
        <ele>91.0</ele>
      </trkpt>
      <trkpt lat="30.0625" lon="-96.39634">
        <ele>90.7</ele>
      </trkpt>
      <trkpt lat="30.06251" lon="-96.39633">
        <ele>90.7</ele>
      </trkpt>
      <trkpt lat="30.06265" lon="-96.39619">
        <ele>91.1</ele>
      </trkpt>
      <trkpt lat="30.06278" lon="-96.39604">
        <ele>92.7</ele>
      </trkpt>
      <trkpt lat="30.06318" lon="-96.3956199">
        <ele>97.4</ele>
      </trkpt>
      <trkpt lat="30.06344" lon="-96.39534">
        <ele>100.4</ele>
      </trkpt>
      <trkpt lat="30.06371" lon="-96.39506">
        <ele>101.3</ele>
      </trkpt>
      <trkpt lat="30.06397" lon="-96.39478">
        <ele>99.6</ele>
      </trkpt>
      <trkpt lat="30.06399" lon="-96.39476">
        <ele>99.5</ele>
      </trkpt>
      <trkpt lat="30.06405" lon="-96.3947">
        <ele>99.3</ele>
      </trkpt>
      <trkpt lat="30.06442" lon="-96.3943199">
        <ele>98.7</ele>
      </trkpt>
      <trkpt lat="30.06464" lon="-96.39409">
        <ele>99.5</ele>
      </trkpt>
      <trkpt lat="30.06509" lon="-96.39363">
        <ele>101.3</ele>
      </trkpt>
      <trkpt lat="30.06604" lon="-96.39268">
        <ele>95.5</ele>
      </trkpt>
      <trkpt lat="30.06621" lon="-96.3925">
        <ele>96.2</ele>
      </trkpt>
      <trkpt lat="30.06657" lon="-96.39211">
        <ele>97.2</ele>
      </trkpt>
      <trkpt lat="30.06661" lon="-96.39207">
        <ele>97.2</ele>
      </trkpt>
      <trkpt lat="30.06684" lon="-96.39184">
        <ele>97.0</ele>
      </trkpt>
      <trkpt lat="30.0673" lon="-96.39138">
        <ele>93.0</ele>
      </trkpt>
      <trkpt lat="30.06748" lon="-96.3912">
        <ele>91.4</ele>
      </trkpt>
      <trkpt lat="30.06768" lon="-96.39099">
        <ele>91.3</ele>
      </trkpt>
      <trkpt lat="30.06773" lon="-96.39096">
        <ele>91.5</ele>
      </trkpt>
      <trkpt lat="30.06777" lon="-96.39095">
        <ele>91.7</ele>
      </trkpt>
      <trkpt lat="30.06781" lon="-96.39094">
        <ele>92.0</ele>
      </trkpt>
      <trkpt lat="30.06811" lon="-96.39094">
        <ele>93.9</ele>
      </trkpt>
      <trkpt lat="30.06811" lon="-96.39094">
        <ele>93.9</ele>
      </trkpt>
      <trkpt lat="30.06825" lon="-96.39124">
        <ele>93.3</ele>
      </trkpt>
      <trkpt lat="30.06827" lon="-96.39128">
        <ele>93.3</ele>
      </trkpt>
      <trkpt lat="30.06834" lon="-96.3914">
        <ele>93.5</ele>
      </trkpt>
      <trkpt lat="30.06854" lon="-96.39171">
        <ele>93.7</ele>
      </trkpt>
      <trkpt lat="30.06864" lon="-96.39184">
        <ele>93.9</ele>
      </trkpt>
      <trkpt lat="30.06894" lon="-96.39222">
        <ele>94.1</ele>
      </trkpt>
      <trkpt lat="30.06917" lon="-96.39252">
        <ele>93.4</ele>
      </trkpt>
      <trkpt lat="30.06929" lon="-96.39269">
        <ele>91.9</ele>
      </trkpt>
      <trkpt lat="30.06935" lon="-96.39277">
        <ele>91.2</ele>
      </trkpt>
      <trkpt lat="30.06942" lon="-96.39287">
        <ele>90.3</ele>
      </trkpt>
      <trkpt lat="30.06947" lon="-96.39299">
        <ele>89.3</ele>
      </trkpt>
      <trkpt lat="30.0695" lon="-96.39312">
        <ele>88.4</ele>
      </trkpt>
      <trkpt lat="30.06951" lon="-96.39317">
        <ele>88.3</ele>
      </trkpt>
      <trkpt lat="30.06951" lon="-96.39322">
        <ele>88.2</ele>
      </trkpt>
      <trkpt lat="30.06951" lon="-96.39324">
        <ele>88.2</ele>
      </trkpt>
      <trkpt lat="30.06951" lon="-96.3932899">
        <ele>88.2</ele>
      </trkpt>
      <trkpt lat="30.06948" lon="-96.39339">
        <ele>88.1</ele>
      </trkpt>
      <trkpt lat="30.06938" lon="-96.39363">
        <ele>88.1</ele>
      </trkpt>
      <trkpt lat="30.06932" lon="-96.39379">
        <ele>88.1</ele>
      </trkpt>
      <trkpt lat="30.06911" lon="-96.39416">
        <ele>88.2</ele>
      </trkpt>
      <trkpt lat="30.06903" lon="-96.3943199">
        <ele>88.2</ele>
      </trkpt>
      <trkpt lat="30.06893" lon="-96.39446">
        <ele>88.2</ele>
      </trkpt>
      <trkpt lat="30.06886" lon="-96.39457">
        <ele>88.1</ele>
      </trkpt>
      <trkpt lat="30.06865" lon="-96.3948">
        <ele>88.1</ele>
      </trkpt>
      <trkpt lat="30.06863" lon="-96.39482">
        <ele>88.1</ele>
      </trkpt>
      <trkpt lat="30.06836" lon="-96.39511">
        <ele>88.1</ele>
      </trkpt>
      <trkpt lat="30.06827" lon="-96.39521">
        <ele>88.1</ele>
      </trkpt>
      <trkpt lat="30.06812" lon="-96.39536">
        <ele>88.1</ele>
      </trkpt>
      <trkpt lat="30.06772" lon="-96.39578">
        <ele>87.6</ele>
      </trkpt>
      <trkpt lat="30.06719" lon="-96.39634">
        <ele>87.0</ele>
      </trkpt>
      <trkpt lat="30.06714" lon="-96.39639">
        <ele>86.9</ele>
      </trkpt>
      <trkpt lat="30.06644" lon="-96.3971">
        <ele>85.7</ele>
      </trkpt>
      <trkpt lat="30.06637" lon="-96.39717">
        <ele>85.7</ele>
      </trkpt>
      <trkpt lat="30.06599" lon="-96.3975899">
        <ele>85.7</ele>
      </trkpt>
      <trkpt lat="30.06595" lon="-96.39763">
        <ele>85.7</ele>
      </trkpt>
      <trkpt lat="30.06591" lon="-96.39769">
        <ele>85.7</ele>
      </trkpt>
      <trkpt lat="30.06582" lon="-96.3978">
        <ele>85.7</ele>
      </trkpt>
      <trkpt lat="30.06553" lon="-96.3984399">
        <ele>86.2</ele>
      </trkpt>
      <trkpt lat="30.06541" lon="-96.39869">
        <ele>86.2</ele>
      </trkpt>
      <trkpt lat="30.06524" lon="-96.39903">
        <ele>86.1</ele>
      </trkpt>
      <trkpt lat="30.06436" lon="-96.40062">
        <ele>85.1</ele>
      </trkpt>
      <trkpt lat="30.06377" lon="-96.40167">
        <ele>83.4</ele>
      </trkpt>
      <trkpt lat="30.06356" lon="-96.40205">
        <ele>84.5</ele>
      </trkpt>
      <trkpt lat="30.06314" lon="-96.40269">
        <ele>85.2</ele>
      </trkpt>
      <trkpt lat="30.06312" lon="-96.40271">
        <ele>85.2</ele>
      </trkpt>
      <trkpt lat="30.06278" lon="-96.40309">
        <ele>85.3</ele>
      </trkpt>
      <trkpt lat="30.06248" lon="-96.40343">
        <ele>85.2</ele>
      </trkpt>
      <trkpt lat="30.06244" lon="-96.40348">
        <ele>85.1</ele>
      </trkpt>
      <trkpt lat="30.062" lon="-96.40396">
        <ele>84.6</ele>
      </trkpt>
      <trkpt lat="30.06183" lon="-96.40415">
        <ele>84.1</ele>
      </trkpt>
      <trkpt lat="30.06176" lon="-96.40423">
        <ele>83.9</ele>
      </trkpt>
      <trkpt lat="30.06142" lon="-96.40462">
        <ele>83.8</ele>
      </trkpt>
      <trkpt lat="30.06126" lon="-96.40478">
        <ele>83.3</ele>
      </trkpt>
      <trkpt lat="30.06121" lon="-96.40491">
        <ele>83.2</ele>
      </trkpt>
      <trkpt lat="30.06118" lon="-96.40505">
        <ele>83.0</ele>
      </trkpt>
      <trkpt lat="30.06135" lon="-96.40536">
        <ele>82.5</ele>
      </trkpt>
      <trkpt lat="30.06188" lon="-96.40611">
        <ele>80.7</ele>
      </trkpt>
      <trkpt lat="30.06194" lon="-96.4062">
        <ele>80.8</ele>
      </trkpt>
      <trkpt lat="30.06207" lon="-96.40636">
        <ele>81.3</ele>
      </trkpt>
      <trkpt lat="30.06239" lon="-96.40676">
        <ele>82.1</ele>
      </trkpt>
      <trkpt lat="30.06244" lon="-96.40682">
        <ele>82.2</ele>
      </trkpt>
      <trkpt lat="30.06283" lon="-96.40727">
        <ele>84.9</ele>
      </trkpt>
      <trkpt lat="30.06294" lon="-96.40743">
        <ele>85.4</ele>
      </trkpt>
      <trkpt lat="30.06342" lon="-96.40812">
        <ele>89.0</ele>
      </trkpt>
      <trkpt lat="30.06373" lon="-96.40856">
        <ele>91.3</ele>
      </trkpt>
      <trkpt lat="30.06408" lon="-96.40904">
        <ele>94.4</ele>
      </trkpt>
      <trkpt lat="30.06432" lon="-96.40939">
        <ele>95.2</ele>
      </trkpt>
      <trkpt lat="30.06446" lon="-96.40958">
        <ele>94.8</ele>
      </trkpt>
      <trkpt lat="30.0645" lon="-96.40964">
        <ele>94.6</ele>
      </trkpt>
      <trkpt lat="30.06454" lon="-96.40968">
        <ele>94.6</ele>
      </trkpt>
      <trkpt lat="30.06459" lon="-96.40971">
        <ele>94.4</ele>
      </trkpt>
      <trkpt lat="30.06464" lon="-96.4097199">
        <ele>94.3</ele>
      </trkpt>
      <trkpt lat="30.06469" lon="-96.4097199">
        <ele>94.2</ele>
      </trkpt>
      <trkpt lat="30.06472" lon="-96.40971">
        <ele>94.1</ele>
      </trkpt>
      <trkpt lat="30.06481" lon="-96.40966">
        <ele>94.0</ele>
      </trkpt>
      <trkpt lat="30.0649" lon="-96.40958">
        <ele>94.0</ele>
      </trkpt>
      <trkpt lat="30.06498" lon="-96.40949">
        <ele>94.1</ele>
      </trkpt>
      <trkpt lat="30.06504" lon="-96.40941">
        <ele>94.2</ele>
      </trkpt>
      <trkpt lat="30.06513" lon="-96.40934">
        <ele>94.3</ele>
      </trkpt>
      <trkpt lat="30.06517" lon="-96.40931">
        <ele>94.3</ele>
      </trkpt>
      <trkpt lat="30.06523" lon="-96.40931">
        <ele>94.2</ele>
      </trkpt>
      <trkpt lat="30.06524" lon="-96.40931">
        <ele>94.2</ele>
      </trkpt>
      <trkpt lat="30.06528" lon="-96.40931">
        <ele>94.2</ele>
      </trkpt>
      <trkpt lat="30.06536" lon="-96.4093199">
        <ele>94.0</ele>
      </trkpt>
      <trkpt lat="30.06541" lon="-96.40933">
        <ele>93.9</ele>
      </trkpt>
      <trkpt lat="30.06546" lon="-96.40935">
        <ele>93.7</ele>
      </trkpt>
      <trkpt lat="30.06549" lon="-96.40937">
        <ele>93.6</ele>
      </trkpt>
      <trkpt lat="30.06556" lon="-96.40944">
        <ele>93.2</ele>
      </trkpt>
      <trkpt lat="30.066" lon="-96.4099899">
        <ele>89.0</ele>
      </trkpt>
      <trkpt lat="30.06643" lon="-96.41055">
        <ele>85.4</ele>
      </trkpt>
      <trkpt lat="30.06679" lon="-96.4110199">
        <ele>82.9</ele>
      </trkpt>
      <trkpt lat="30.06695" lon="-96.41122">
        <ele>82.0</ele>
      </trkpt>
      <trkpt lat="30.06717" lon="-96.41148">
        <ele>81.1</ele>
      </trkpt>
      <trkpt lat="30.0673" lon="-96.4116">
        <ele>81.0</ele>
      </trkpt>
      <trkpt lat="30.06734" lon="-96.41163">
        <ele>81.2</ele>
      </trkpt>
      <trkpt lat="30.06769" lon="-96.41191">
        <ele>84.2</ele>
      </trkpt>
      <trkpt lat="30.06789" lon="-96.41206">
        <ele>85.9</ele>
      </trkpt>
      <trkpt lat="30.0685" lon="-96.41252">
        <ele>91.2</ele>
      </trkpt>
      <trkpt lat="30.0688" lon="-96.41275">
        <ele>92.5</ele>
      </trkpt>
      <trkpt lat="30.06895" lon="-96.41286">
        <ele>93.3</ele>
      </trkpt>
      <trkpt lat="30.06904" lon="-96.41294">
        <ele>93.7</ele>
      </trkpt>
      <trkpt lat="30.06909" lon="-96.4129899">
        <ele>93.9</ele>
      </trkpt>
      <trkpt lat="30.0691" lon="-96.41301">
        <ele>93.9</ele>
      </trkpt>
      <trkpt lat="30.06918" lon="-96.41314">
        <ele>94.2</ele>
      </trkpt>
      <trkpt lat="30.06924" lon="-96.4132599">
        <ele>94.5</ele>
      </trkpt>
      <trkpt lat="30.0693" lon="-96.41344">
        <ele>94.8</ele>
      </trkpt>
      <trkpt lat="30.06937" lon="-96.41361">
        <ele>94.8</ele>
      </trkpt>
      <trkpt lat="30.06945" lon="-96.4138">
        <ele>94.7</ele>
      </trkpt>
      <trkpt lat="30.06947" lon="-96.41383">
        <ele>94.7</ele>
      </trkpt>
      <trkpt lat="30.06955" lon="-96.41397">
        <ele>94.6</ele>
      </trkpt>
      <trkpt lat="30.06999" lon="-96.41453">
        <ele>92.0</ele>
      </trkpt>
      <trkpt lat="30.07015" lon="-96.41473">
        <ele>91.5</ele>
      </trkpt>
      <trkpt lat="30.07036" lon="-96.41502">
        <ele>90.6</ele>
      </trkpt>
      <trkpt lat="30.07058" lon="-96.41531">
        <ele>89.8</ele>
      </trkpt>
      <trkpt lat="30.07108" lon="-96.4159899">
        <ele>85.7</ele>
      </trkpt>
      <trkpt lat="30.07172" lon="-96.4169299">
        <ele>84.0</ele>
      </trkpt>
      <trkpt lat="30.07229" lon="-96.41775">
        <ele>82.5</ele>
      </trkpt>
      <trkpt lat="30.07247" lon="-96.41802">
        <ele>82.3</ele>
      </trkpt>
      <trkpt lat="30.07307" lon="-96.4188999">
        <ele>80.5</ele>
      </trkpt>
      <trkpt lat="30.07315" lon="-96.419">
        <ele>80.4</ele>
      </trkpt>
      <trkpt lat="30.07384" lon="-96.42001">
        <ele>78.8</ele>
      </trkpt>
      <trkpt lat="30.07387" lon="-96.42004">
        <ele>78.7</ele>
      </trkpt>
      <trkpt lat="30.07388" lon="-96.42005">
        <ele>78.7</ele>
      </trkpt>
      <trkpt lat="30.07389" lon="-96.42005">
        <ele>78.7</ele>
      </trkpt>
      <trkpt lat="30.0739" lon="-96.42006">
        <ele>78.7</ele>
      </trkpt>
      <trkpt lat="30.07393" lon="-96.42007">
        <ele>78.6</ele>
      </trkpt>
      <trkpt lat="30.07397" lon="-96.42007">
        <ele>78.5</ele>
      </trkpt>
      <trkpt lat="30.07402" lon="-96.42008">
        <ele>78.3</ele>
      </trkpt>
      <trkpt lat="30.07404" lon="-96.42007">
        <ele>78.3</ele>
      </trkpt>
      <trkpt lat="30.07406" lon="-96.42007">
        <ele>78.2</ele>
      </trkpt>
      <trkpt lat="30.07412" lon="-96.42003">
        <ele>78.0</ele>
      </trkpt>
      <trkpt lat="30.07421" lon="-96.41995">
        <ele>77.6</ele>
      </trkpt>
      <trkpt lat="30.07466" lon="-96.41952">
        <ele>76.5</ele>
      </trkpt>
      <trkpt lat="30.07472" lon="-96.41946">
        <ele>76.7</ele>
      </trkpt>
      <trkpt lat="30.07503" lon="-96.4192">
        <ele>78.2</ele>
      </trkpt>
      <trkpt lat="30.07518" lon="-96.41907">
        <ele>79.0</ele>
      </trkpt>
      <trkpt lat="30.07524" lon="-96.41901">
        <ele>79.4</ele>
      </trkpt>
      <trkpt lat="30.07563" lon="-96.4186299">
        <ele>81.9</ele>
      </trkpt>
      <trkpt lat="30.07608" lon="-96.41816">
        <ele>85.4</ele>
      </trkpt>
      <trkpt lat="30.0761" lon="-96.41813">
        <ele>85.5</ele>
      </trkpt>
      <trkpt lat="30.0763" lon="-96.4179">
        <ele>85.8</ele>
      </trkpt>
      <trkpt lat="30.07648" lon="-96.41771">
        <ele>86.1</ele>
      </trkpt>
      <trkpt lat="30.07674" lon="-96.41743">
        <ele>86.7</ele>
      </trkpt>
      <trkpt lat="30.0768" lon="-96.41736">
        <ele>86.9</ele>
      </trkpt>
      <trkpt lat="30.07697" lon="-96.41717">
        <ele>87.4</ele>
      </trkpt>
      <trkpt lat="30.07705" lon="-96.4171">
        <ele>87.6</ele>
      </trkpt>
      <trkpt lat="30.07707" lon="-96.41709">
        <ele>87.6</ele>
      </trkpt>
      <trkpt lat="30.07711" lon="-96.41708">
        <ele>87.7</ele>
      </trkpt>
      <trkpt lat="30.07714" lon="-96.41707">
        <ele>87.7</ele>
      </trkpt>
      <trkpt lat="30.07716" lon="-96.41707">
        <ele>87.7</ele>
      </trkpt>
      <trkpt lat="30.07719" lon="-96.41707">
        <ele>87.7</ele>
      </trkpt>
      <trkpt lat="30.07721" lon="-96.41708">
        <ele>87.7</ele>
      </trkpt>
      <trkpt lat="30.07724" lon="-96.4171">
        <ele>87.7</ele>
      </trkpt>
      <trkpt lat="30.07733" lon="-96.41717">
        <ele>87.6</ele>
      </trkpt>
      <trkpt lat="30.07756" lon="-96.41747">
        <ele>87.2</ele>
      </trkpt>
      <trkpt lat="30.07828" lon="-96.4184">
        <ele>85.2</ele>
      </trkpt>
      <trkpt lat="30.07834" lon="-96.41848">
        <ele>85.2</ele>
      </trkpt>
      <trkpt lat="30.07843" lon="-96.41859">
        <ele>85.0</ele>
      </trkpt>
      <trkpt lat="30.07858" lon="-96.41877">
        <ele>84.5</ele>
      </trkpt>
      <trkpt lat="30.07863" lon="-96.41882">
        <ele>84.4</ele>
      </trkpt>
      <trkpt lat="30.07866" lon="-96.41884">
        <ele>84.4</ele>
      </trkpt>
      <trkpt lat="30.0787" lon="-96.41885">
        <ele>84.4</ele>
      </trkpt>
      <trkpt lat="30.07875" lon="-96.41886">
        <ele>84.4</ele>
      </trkpt>
      <trkpt lat="30.07877" lon="-96.41886">
        <ele>84.4</ele>
      </trkpt>
      <trkpt lat="30.0788" lon="-96.41885">
        <ele>84.5</ele>
      </trkpt>
      <trkpt lat="30.07886" lon="-96.4188099">
        <ele>84.6</ele>
      </trkpt>
      <trkpt lat="30.07889" lon="-96.41878">
        <ele>84.6</ele>
      </trkpt>
      <trkpt lat="30.07896" lon="-96.41869">
        <ele>84.8</ele>
      </trkpt>
      <trkpt lat="30.07896" lon="-96.41869">
        <ele>84.8</ele>
      </trkpt>
      <trkpt lat="30.07913" lon="-96.4185399">
        <ele>85.2</ele>
      </trkpt>
      <trkpt lat="30.07978" lon="-96.41785">
        <ele>86.4</ele>
      </trkpt>
      <trkpt lat="30.07999" lon="-96.41763">
        <ele>86.3</ele>
      </trkpt>
      <trkpt lat="30.0801" lon="-96.41754">
        <ele>86.2</ele>
      </trkpt>
      <trkpt lat="30.08015" lon="-96.4175">
        <ele>86.2</ele>
      </trkpt>
      <trkpt lat="30.08029" lon="-96.41747">
        <ele>86.0</ele>
      </trkpt>
      <trkpt lat="30.08044" lon="-96.4175">
        <ele>85.8</ele>
      </trkpt>
      <trkpt lat="30.08046" lon="-96.4175">
        <ele>85.7</ele>
      </trkpt>
      <trkpt lat="30.0806" lon="-96.41757">
        <ele>85.4</ele>
      </trkpt>
      <trkpt lat="30.08076" lon="-96.4177">
        <ele>84.5</ele>
      </trkpt>
      <trkpt lat="30.08083" lon="-96.41781">
        <ele>84.0</ele>
      </trkpt>
      <trkpt lat="30.08087" lon="-96.41789">
        <ele>83.7</ele>
      </trkpt>
      <trkpt lat="30.08098" lon="-96.41809">
        <ele>83.2</ele>
      </trkpt>
      <trkpt lat="30.08111" lon="-96.41833">
        <ele>82.7</ele>
      </trkpt>
      <trkpt lat="30.0815" lon="-96.41894">
        <ele>80.3</ele>
      </trkpt>
      <trkpt lat="30.08174" lon="-96.41924">
        <ele>79.4</ele>
      </trkpt>
      <trkpt lat="30.08247" lon="-96.42016">
        <ele>76.3</ele>
      </trkpt>
      <trkpt lat="30.08284" lon="-96.42062">
        <ele>75.4</ele>
      </trkpt>
      <trkpt lat="30.0832" lon="-96.42108">
        <ele>74.5</ele>
      </trkpt>
      <trkpt lat="30.08358" lon="-96.42155">
        <ele>73.5</ele>
      </trkpt>
      <trkpt lat="30.08386" lon="-96.42191">
        <ele>73.0</ele>
      </trkpt>
      <trkpt lat="30.08388" lon="-96.42193">
        <ele>73.1</ele>
      </trkpt>
      <trkpt lat="30.08398" lon="-96.42205">
        <ele>73.5</ele>
      </trkpt>
      <trkpt lat="30.08404" lon="-96.4221">
        <ele>73.7</ele>
      </trkpt>
      <trkpt lat="30.08406" lon="-96.42211">
        <ele>73.8</ele>
      </trkpt>
      <trkpt lat="30.0841" lon="-96.42212">
        <ele>73.9</ele>
      </trkpt>
      <trkpt lat="30.08414" lon="-96.42212">
        <ele>74.0</ele>
      </trkpt>
      <trkpt lat="30.08423" lon="-96.42212">
        <ele>74.6</ele>
      </trkpt>
      <trkpt lat="30.08438" lon="-96.42204">
        <ele>75.1</ele>
      </trkpt>
      <trkpt lat="30.08459" lon="-96.42182">
        <ele>75.5</ele>
      </trkpt>
      <trkpt lat="30.08509" lon="-96.42129">
        <ele>75.2</ele>
      </trkpt>
      <trkpt lat="30.08549" lon="-96.4208699">
        <ele>74.9</ele>
      </trkpt>
      <trkpt lat="30.08586" lon="-96.42047">
        <ele>74.8</ele>
      </trkpt>
      <trkpt lat="30.08634" lon="-96.41995">
        <ele>76.7</ele>
      </trkpt>
      <trkpt lat="30.08645" lon="-96.41983">
        <ele>77.1</ele>
      </trkpt>
      <trkpt lat="30.08672" lon="-96.41955">
        <ele>77.9</ele>
      </trkpt>
      <trkpt lat="30.08676" lon="-96.41951">
        <ele>78.0</ele>
      </trkpt>
      <trkpt lat="30.08677" lon="-96.4195">
        <ele>78.0</ele>
      </trkpt>
      <trkpt lat="30.08701" lon="-96.41925">
        <ele>78.4</ele>
      </trkpt>
      <trkpt lat="30.0871" lon="-96.41912">
        <ele>78.4</ele>
      </trkpt>
      <trkpt lat="30.0871" lon="-96.41911">
        <ele>78.4</ele>
      </trkpt>
      <trkpt lat="30.08712" lon="-96.41906">
        <ele>78.4</ele>
      </trkpt>
      <trkpt lat="30.08715" lon="-96.4189899">
        <ele>78.3</ele>
      </trkpt>
      <trkpt lat="30.08713" lon="-96.41829">
        <ele>77.6</ele>
      </trkpt>
      <trkpt lat="30.08712" lon="-96.41798">
        <ele>77.8</ele>
      </trkpt>
      <trkpt lat="30.08709" lon="-96.41743">
        <ele>77.8</ele>
      </trkpt>
      <trkpt lat="30.0871" lon="-96.41737">
        <ele>77.8</ele>
      </trkpt>
      <trkpt lat="30.08711" lon="-96.41736">
        <ele>77.9</ele>
      </trkpt>
      <trkpt lat="30.08714" lon="-96.41723">
        <ele>77.9</ele>
      </trkpt>
      <trkpt lat="30.08733" lon="-96.41691">
        <ele>78.4</ele>
      </trkpt>
      <trkpt lat="30.08749" lon="-96.41664">
        <ele>78.5</ele>
      </trkpt>
      <trkpt lat="30.08804" lon="-96.41571">
        <ele>78.2</ele>
      </trkpt>
      <trkpt lat="30.08825" lon="-96.41535">
        <ele>78.4</ele>
      </trkpt>
      <trkpt lat="30.08835" lon="-96.4152">
        <ele>78.5</ele>
      </trkpt>
      <trkpt lat="30.08867" lon="-96.4147">
        <ele>79.0</ele>
      </trkpt>
      <trkpt lat="30.08869" lon="-96.41466">
        <ele>79.0</ele>
      </trkpt>
      <trkpt lat="30.08874" lon="-96.41458">
        <ele>79.2</ele>
      </trkpt>
      <trkpt lat="30.0888" lon="-96.41449">
        <ele>79.6</ele>
      </trkpt>
      <trkpt lat="30.08889" lon="-96.41435">
        <ele>80.2</ele>
      </trkpt>
      <trkpt lat="30.08904" lon="-96.41409">
        <ele>81.6</ele>
      </trkpt>
      <trkpt lat="30.08929" lon="-96.41368">
        <ele>82.9</ele>
      </trkpt>
      <trkpt lat="30.08935" lon="-96.41357">
        <ele>83.1</ele>
      </trkpt>
      <trkpt lat="30.0895" lon="-96.41334">
        <ele>83.2</ele>
      </trkpt>
      <trkpt lat="30.08981" lon="-96.41283">
        <ele>82.9</ele>
      </trkpt>
      <trkpt lat="30.08981" lon="-96.41283">
        <ele>82.9</ele>
      </trkpt>
      <trkpt lat="30.08957" lon="-96.41235">
        <ele>83.3</ele>
      </trkpt>
      <trkpt lat="30.08913" lon="-96.41148">
        <ele>83.8</ele>
      </trkpt>
      <trkpt lat="30.08911" lon="-96.41145">
        <ele>83.8</ele>
      </trkpt>
      <trkpt lat="30.08878" lon="-96.4108399">
        <ele>82.3</ele>
      </trkpt>
      <trkpt lat="30.08853" lon="-96.41037">
        <ele>82.2</ele>
      </trkpt>
      <trkpt lat="30.0883" lon="-96.40993">
        <ele>81.3</ele>
      </trkpt>
      <trkpt lat="30.08829" lon="-96.4098999">
        <ele>81.3</ele>
      </trkpt>
      <trkpt lat="30.08806" lon="-96.40941">
        <ele>79.9</ele>
      </trkpt>
      <trkpt lat="30.08805" lon="-96.4094">
        <ele>79.9</ele>
      </trkpt>
      <trkpt lat="30.08793" lon="-96.4091">
        <ele>79.7</ele>
      </trkpt>
      <trkpt lat="30.08789" lon="-96.40903">
        <ele>79.7</ele>
      </trkpt>
      <trkpt lat="30.08787" lon="-96.40891">
        <ele>79.7</ele>
      </trkpt>
      <trkpt lat="30.08787" lon="-96.40879">
        <ele>79.8</ele>
      </trkpt>
      <trkpt lat="30.08789" lon="-96.40866">
        <ele>79.8</ele>
      </trkpt>
      <trkpt lat="30.08799" lon="-96.40843">
        <ele>79.9</ele>
      </trkpt>
      <trkpt lat="30.088" lon="-96.40842">
        <ele>79.9</ele>
      </trkpt>
      <trkpt lat="30.08826" lon="-96.4079">
        <ele>80.5</ele>
      </trkpt>
      <trkpt lat="30.08845" lon="-96.40752">
        <ele>81.2</ele>
      </trkpt>
      <trkpt lat="30.0886" lon="-96.40722">
        <ele>81.3</ele>
      </trkpt>
      <trkpt lat="30.08867" lon="-96.40702">
        <ele>81.1</ele>
      </trkpt>
      <trkpt lat="30.08872" lon="-96.40688">
        <ele>81.3</ele>
      </trkpt>
      <trkpt lat="30.08874" lon="-96.40665">
        <ele>81.4</ele>
      </trkpt>
      <trkpt lat="30.0887" lon="-96.40626">
        <ele>81.4</ele>
      </trkpt>
      <trkpt lat="30.0887" lon="-96.40621">
        <ele>81.4</ele>
      </trkpt>
      <trkpt lat="30.08863" lon="-96.40562">
        <ele>81.2</ele>
      </trkpt>
      <trkpt lat="30.0886" lon="-96.40532">
        <ele>80.6</ele>
      </trkpt>
      <trkpt lat="30.08862" lon="-96.40498">
        <ele>80.9</ele>
      </trkpt>
      <trkpt lat="30.08877" lon="-96.40448">
        <ele>81.9</ele>
      </trkpt>
      <trkpt lat="30.08897" lon="-96.40397">
        <ele>82.5</ele>
      </trkpt>
      <trkpt lat="30.08906" lon="-96.40375">
        <ele>82.9</ele>
      </trkpt>
      <trkpt lat="30.08914" lon="-96.40345">
        <ele>83.2</ele>
      </trkpt>
      <trkpt lat="30.08917" lon="-96.40307">
        <ele>83.3</ele>
      </trkpt>
      <trkpt lat="30.08917" lon="-96.40304">
        <ele>83.3</ele>
      </trkpt>
      <trkpt lat="30.08917" lon="-96.40297">
        <ele>83.3</ele>
      </trkpt>
      <trkpt lat="30.0892" lon="-96.40263">
        <ele>83.4</ele>
      </trkpt>
      <trkpt lat="30.08921" lon="-96.40237">
        <ele>83.4</ele>
      </trkpt>
      <trkpt lat="30.08935" lon="-96.40115">
        <ele>83.6</ele>
      </trkpt>
      <trkpt lat="30.08943" lon="-96.40049">
        <ele>83.3</ele>
      </trkpt>
      <trkpt lat="30.08949" lon="-96.39991">
        <ele>84.0</ele>
      </trkpt>
      <trkpt lat="30.08952" lon="-96.39979">
        <ele>84.4</ele>
      </trkpt>
      <trkpt lat="30.08954" lon="-96.39973">
        <ele>84.6</ele>
      </trkpt>
      <trkpt lat="30.08956" lon="-96.39967">
        <ele>84.7</ele>
      </trkpt>
      <trkpt lat="30.08959" lon="-96.39963">
        <ele>84.9</ele>
      </trkpt>
      <trkpt lat="30.0896" lon="-96.39963">
        <ele>84.9</ele>
      </trkpt>
      <trkpt lat="30.08963" lon="-96.3996">
        <ele>85.0</ele>
      </trkpt>
      <trkpt lat="30.08968" lon="-96.39958">
        <ele>85.0</ele>
      </trkpt>
      <trkpt lat="30.08975" lon="-96.39957">
        <ele>85.0</ele>
      </trkpt>
      <trkpt lat="30.08985" lon="-96.39955">
        <ele>85.1</ele>
      </trkpt>
      <trkpt lat="30.08986" lon="-96.39955">
        <ele>85.1</ele>
      </trkpt>
      <trkpt lat="30.08991" lon="-96.39955">
        <ele>85.0</ele>
      </trkpt>
      <trkpt lat="30.09003" lon="-96.39954">
        <ele>85.0</ele>
      </trkpt>
      <trkpt lat="30.09015" lon="-96.39953">
        <ele>85.0</ele>
      </trkpt>
      <trkpt lat="30.09034" lon="-96.39951">
        <ele>85.1</ele>
      </trkpt>
      <trkpt lat="30.09052" lon="-96.39949">
        <ele>85.1</ele>
      </trkpt>
      <trkpt lat="30.09141" lon="-96.39941">
        <ele>86.8</ele>
      </trkpt>
      <trkpt lat="30.09177" lon="-96.3993799">
        <ele>87.4</ele>
      </trkpt>
      <trkpt lat="30.09288" lon="-96.39927">
        <ele>90.8</ele>
      </trkpt>
      <trkpt lat="30.09327" lon="-96.39925">
        <ele>92.2</ele>
      </trkpt>
      <trkpt lat="30.09362" lon="-96.39922">
        <ele>93.4</ele>
      </trkpt>
      <trkpt lat="30.09399" lon="-96.39919">
        <ele>94.3</ele>
      </trkpt>
      <trkpt lat="30.09471" lon="-96.39914">
        <ele>97.2</ele>
      </trkpt>
      <trkpt lat="30.09496" lon="-96.39913">
        <ele>98.7</ele>
      </trkpt>
      <trkpt lat="30.09507" lon="-96.39909">
        <ele>99.3</ele>
      </trkpt>
      <trkpt lat="30.09519" lon="-96.39897">
        <ele>100.1</ele>
      </trkpt>
      <trkpt lat="30.09521" lon="-96.39881">
        <ele>100.7</ele>
      </trkpt>
      <trkpt lat="30.09512" lon="-96.39838">
        <ele>101.3</ele>
      </trkpt>
      <trkpt lat="30.09501" lon="-96.39797">
        <ele>101.4</ele>
      </trkpt>
      <trkpt lat="30.09484" lon="-96.39739">
        <ele>101.3</ele>
      </trkpt>
      <trkpt lat="30.09479" lon="-96.39717">
        <ele>101.3</ele>
      </trkpt>
      <trkpt lat="30.09463" lon="-96.39658">
        <ele>101.1</ele>
      </trkpt>
      <trkpt lat="30.09461" lon="-96.39641">
        <ele>101.1</ele>
      </trkpt>
      <trkpt lat="30.0946" lon="-96.39639">
        <ele>101.0</ele>
      </trkpt>
      <trkpt lat="30.09461" lon="-96.39621">
        <ele>101.0</ele>
      </trkpt>
      <trkpt lat="30.09468" lon="-96.39606">
        <ele>100.9</ele>
      </trkpt>
      <trkpt lat="30.09471" lon="-96.39604">
        <ele>100.9</ele>
      </trkpt>
      <trkpt lat="30.09476" lon="-96.3960199">
        <ele>100.9</ele>
      </trkpt>
      <trkpt lat="30.09501" lon="-96.39598">
        <ele>101.0</ele>
      </trkpt>
      <trkpt lat="30.09507" lon="-96.39598">
        <ele>101.0</ele>
      </trkpt>
      <trkpt lat="30.09525" lon="-96.39598">
        <ele>101.2</ele>
      </trkpt>
      <trkpt lat="30.09538" lon="-96.39598">
        <ele>101.4</ele>
      </trkpt>
      <trkpt lat="30.09543" lon="-96.39597">
        <ele>101.4</ele>
      </trkpt>
      <trkpt lat="30.09561" lon="-96.39595">
        <ele>101.7</ele>
      </trkpt>
      <trkpt lat="30.09571" lon="-96.39593">
        <ele>101.8</ele>
      </trkpt>
      <trkpt lat="30.09578" lon="-96.3959">
        <ele>101.8</ele>
      </trkpt>
      <trkpt lat="30.09612" lon="-96.39575">
        <ele>101.8</ele>
      </trkpt>
      <trkpt lat="30.09659" lon="-96.39546">
        <ele>100.7</ele>
      </trkpt>
      <trkpt lat="30.09712" lon="-96.39513">
        <ele>99.4</ele>
      </trkpt>
      <trkpt lat="30.09769" lon="-96.39477">
        <ele>102.9</ele>
      </trkpt>
      <trkpt lat="30.09775" lon="-96.39473">
        <ele>103.3</ele>
      </trkpt>
      <trkpt lat="30.09916" lon="-96.3938">
        <ele>110.0</ele>
      </trkpt>
      <trkpt lat="30.0994" lon="-96.3936499">
        <ele>111.1</ele>
      </trkpt>
      <trkpt lat="30.09947" lon="-96.3936">
        <ele>111.5</ele>
      </trkpt>
      <trkpt lat="30.09963" lon="-96.3935">
        <ele>112.1</ele>
      </trkpt>
      <trkpt lat="30.09995" lon="-96.3933">
        <ele>111.7</ele>
      </trkpt>
      <trkpt lat="30.10058" lon="-96.39292">
        <ele>109.1</ele>
      </trkpt>
      <trkpt lat="30.10101" lon="-96.39266">
        <ele>111.2</ele>
      </trkpt>
      <trkpt lat="30.10127" lon="-96.39251">
        <ele>112.5</ele>
      </trkpt>
      <trkpt lat="30.10139" lon="-96.39245">
        <ele>113.1</ele>
      </trkpt>
      <trkpt lat="30.10143" lon="-96.39241">
        <ele>113.4</ele>
      </trkpt>
      <trkpt lat="30.10147" lon="-96.39238">
        <ele>113.6</ele>
      </trkpt>
      <trkpt lat="30.1015" lon="-96.39234">
        <ele>113.8</ele>
      </trkpt>
      <trkpt lat="30.10153" lon="-96.39227">
        <ele>114.0</ele>
      </trkpt>
      <trkpt lat="30.10152" lon="-96.39214">
        <ele>114.0</ele>
      </trkpt>
      <trkpt lat="30.10135" lon="-96.39169">
        <ele>113.4</ele>
      </trkpt>
      <trkpt lat="30.10112" lon="-96.39103">
        <ele>111.9</ele>
      </trkpt>
      <trkpt lat="30.10108" lon="-96.39092">
        <ele>111.7</ele>
      </trkpt>
      <trkpt lat="30.10106" lon="-96.39084">
        <ele>111.7</ele>
      </trkpt>
      <trkpt lat="30.10105" lon="-96.39071">
        <ele>111.8</ele>
      </trkpt>
      <trkpt lat="30.10105" lon="-96.39071">
        <ele>111.8</ele>
      </trkpt>
      <trkpt lat="30.10045" lon="-96.39057">
        <ele>109.0</ele>
      </trkpt>
      <trkpt lat="30.09975" lon="-96.39036">
        <ele>105.8</ele>
      </trkpt>
      <trkpt lat="30.09975" lon="-96.39036">
        <ele>105.8</ele>
      </trkpt>
      <trkpt lat="30.09995" lon="-96.38928">
        <ele>106.0</ele>
      </trkpt>
      <trkpt lat="30.10002" lon="-96.38888">
        <ele>103.7</ele>
      </trkpt>
      <trkpt lat="30.10008" lon="-96.38846">
        <ele>102.3</ele>
      </trkpt>
      <trkpt lat="30.10015" lon="-96.38805">
        <ele>102.3</ele>
      </trkpt>
      <trkpt lat="30.10016" lon="-96.38797">
        <ele>102.5</ele>
      </trkpt>
      <trkpt lat="30.10033" lon="-96.38703">
        <ele>107.3</ele>
      </trkpt>
      <trkpt lat="30.10037" lon="-96.38669">
        <ele>107.7</ele>
      </trkpt>
      <trkpt lat="30.1004" lon="-96.3864399">
        <ele>107.7</ele>
      </trkpt>
      <trkpt lat="30.1005" lon="-96.3851">
        <ele>103.0</ele>
      </trkpt>
      <trkpt lat="30.10055" lon="-96.38439">
        <ele>102.0</ele>
      </trkpt>
      <trkpt lat="30.10057" lon="-96.38424">
        <ele>101.8</ele>
      </trkpt>
      <trkpt lat="30.10061" lon="-96.38366">
        <ele>104.1</ele>
      </trkpt>
      <trkpt lat="30.10064" lon="-96.38323">
        <ele>106.0</ele>
      </trkpt>
      <trkpt lat="30.10068" lon="-96.38272">
        <ele>107.6</ele>
      </trkpt>
      <trkpt lat="30.10071" lon="-96.38263">
        <ele>107.8</ele>
      </trkpt>
      <trkpt lat="30.10072" lon="-96.3826">
        <ele>107.8</ele>
      </trkpt>
      <trkpt lat="30.10081" lon="-96.38246">
        <ele>108.0</ele>
      </trkpt>
      <trkpt lat="30.10086" lon="-96.38239">
        <ele>108.0</ele>
      </trkpt>
      <trkpt lat="30.10087" lon="-96.38237">
        <ele>108.1</ele>
      </trkpt>
      <trkpt lat="30.10094" lon="-96.3823">
        <ele>108.1</ele>
      </trkpt>
      <trkpt lat="30.10131" lon="-96.3819">
        <ele>108.2</ele>
      </trkpt>
      <trkpt lat="30.10191" lon="-96.38116">
        <ele>110.2</ele>
      </trkpt>
      <trkpt lat="30.10192" lon="-96.38114">
        <ele>110.2</ele>
      </trkpt>
      <trkpt lat="30.10203" lon="-96.381">
        <ele>110.4</ele>
      </trkpt>
      <trkpt lat="30.10214" lon="-96.38086">
        <ele>110.5</ele>
      </trkpt>
      <trkpt lat="30.10225" lon="-96.3807099">
        <ele>110.9</ele>
      </trkpt>
      <trkpt lat="30.1023" lon="-96.38059">
        <ele>111.7</ele>
      </trkpt>
      <trkpt lat="30.10236" lon="-96.38038">
        <ele>113.0</ele>
      </trkpt>
      <trkpt lat="30.10238" lon="-96.38027">
        <ele>113.3</ele>
      </trkpt>
      <trkpt lat="30.1024" lon="-96.38013">
        <ele>113.6</ele>
      </trkpt>
      <trkpt lat="30.10247" lon="-96.37964">
        <ele>115.5</ele>
      </trkpt>
      <trkpt lat="30.10253" lon="-96.37925">
        <ele>116.1</ele>
      </trkpt>
      <trkpt lat="30.10256" lon="-96.37911">
        <ele>116.3</ele>
      </trkpt>
      <trkpt lat="30.1026" lon="-96.37882">
        <ele>116.5</ele>
      </trkpt>
      <trkpt lat="30.10265" lon="-96.37866">
        <ele>116.6</ele>
      </trkpt>
      <trkpt lat="30.10269" lon="-96.37854">
        <ele>116.7</ele>
      </trkpt>
      <trkpt lat="30.1027" lon="-96.37852">
        <ele>116.7</ele>
      </trkpt>
      <trkpt lat="30.10275" lon="-96.37842">
        <ele>116.9</ele>
      </trkpt>
      <trkpt lat="30.10282" lon="-96.37827">
        <ele>117.0</ele>
      </trkpt>
      <trkpt lat="30.10336" lon="-96.37732">
        <ele>117.2</ele>
      </trkpt>
      <trkpt lat="30.10343" lon="-96.3772">
        <ele>116.9</ele>
      </trkpt>
      <trkpt lat="30.10353" lon="-96.37699">
        <ele>116.3</ele>
      </trkpt>
      <trkpt lat="30.10356" lon="-96.3765899">
        <ele>113.7</ele>
      </trkpt>
      <trkpt lat="30.1036" lon="-96.37616">
        <ele>110.8</ele>
      </trkpt>
      <trkpt lat="30.10363" lon="-96.37575">
        <ele>108.2</ele>
      </trkpt>
      <trkpt lat="30.10365" lon="-96.37554">
        <ele>107.6</ele>
      </trkpt>
      <trkpt lat="30.10369" lon="-96.37513">
        <ele>108.8</ele>
      </trkpt>
      <trkpt lat="30.1037" lon="-96.37501">
        <ele>109.4</ele>
      </trkpt>
      <trkpt lat="30.10373" lon="-96.37438">
        <ele>112.8</ele>
      </trkpt>
      <trkpt lat="30.10373" lon="-96.3743">
        <ele>113.1</ele>
      </trkpt>
      <trkpt lat="30.10376" lon="-96.37397">
        <ele>113.3</ele>
      </trkpt>
      <trkpt lat="30.10378" lon="-96.37361">
        <ele>112.7</ele>
      </trkpt>
      <trkpt lat="30.10379" lon="-96.37356">
        <ele>112.7</ele>
      </trkpt>
      <trkpt lat="30.1038" lon="-96.37341">
        <ele>112.8</ele>
      </trkpt>
      <trkpt lat="30.1038" lon="-96.37341">
        <ele>112.8</ele>
      </trkpt>
      <trkpt lat="30.10384" lon="-96.37307">
        <ele>113.0</ele>
      </trkpt>
      <trkpt lat="30.10387" lon="-96.3728">
        <ele>112.5</ele>
      </trkpt>
      <trkpt lat="30.10389" lon="-96.37262">
        <ele>112.1</ele>
      </trkpt>
      <trkpt lat="30.10424" lon="-96.37037">
        <ele>103.2</ele>
      </trkpt>
      <trkpt lat="30.10426" lon="-96.37023">
        <ele>102.7</ele>
      </trkpt>
      <trkpt lat="30.10434" lon="-96.36976">
        <ele>101.1</ele>
      </trkpt>
      <trkpt lat="30.10448" lon="-96.36894">
        <ele>98.5</ele>
      </trkpt>
      <trkpt lat="30.10465" lon="-96.36792">
        <ele>96.3</ele>
      </trkpt>
      <trkpt lat="30.10472" lon="-96.36751">
        <ele>98.2</ele>
      </trkpt>
      <trkpt lat="30.10482" lon="-96.3669">
        <ele>100.7</ele>
      </trkpt>
      <trkpt lat="30.105" lon="-96.36583">
        <ele>106.2</ele>
      </trkpt>
      <trkpt lat="30.10509" lon="-96.36527">
        <ele>109.0</ele>
      </trkpt>
      <trkpt lat="30.10525" lon="-96.36424">
        <ele>113.5</ele>
      </trkpt>
      <trkpt lat="30.10531" lon="-96.3638299">
        <ele>114.8</ele>
      </trkpt>
      <trkpt lat="30.10532" lon="-96.36377">
        <ele>114.8</ele>
      </trkpt>
      <trkpt lat="30.10539" lon="-96.36341">
        <ele>114.6</ele>
      </trkpt>
      <trkpt lat="30.10542" lon="-96.36321">
        <ele>114.2</ele>
      </trkpt>
      <trkpt lat="30.10555" lon="-96.3625">
        <ele>112.7</ele>
      </trkpt>
      <trkpt lat="30.1056" lon="-96.3622199">
        <ele>112.1</ele>
      </trkpt>
      <trkpt lat="30.10564" lon="-96.3620399">
        <ele>111.6</ele>
      </trkpt>
      <trkpt lat="30.10571" lon="-96.36177">
        <ele>111.0</ele>
      </trkpt>
      <trkpt lat="30.10605" lon="-96.36096">
        <ele>109.9</ele>
      </trkpt>
      <trkpt lat="30.10641" lon="-96.36024">
        <ele>106.8</ele>
      </trkpt>
      <trkpt lat="30.10668" lon="-96.35969">
        <ele>103.8</ele>
      </trkpt>
      <trkpt lat="30.10691" lon="-96.35924">
        <ele>101.9</ele>
      </trkpt>
      <trkpt lat="30.10729" lon="-96.3584599">
        <ele>98.1</ele>
      </trkpt>
      <trkpt lat="30.10738" lon="-96.35829">
        <ele>97.7</ele>
      </trkpt>
      <trkpt lat="30.1079" lon="-96.35732">
        <ele>98.8</ele>
      </trkpt>
      <trkpt lat="30.10791" lon="-96.35731">
        <ele>98.8</ele>
      </trkpt>
      <trkpt lat="30.10818" lon="-96.35677">
        <ele>98.9</ele>
      </trkpt>
      <trkpt lat="30.10832" lon="-96.35647">
        <ele>98.2</ele>
      </trkpt>
      <trkpt lat="30.10881" lon="-96.35551">
        <ele>94.0</ele>
      </trkpt>
      <trkpt lat="30.10905" lon="-96.35504">
        <ele>91.3</ele>
      </trkpt>
      <trkpt lat="30.10937" lon="-96.35442">
        <ele>88.4</ele>
      </trkpt>
      <trkpt lat="30.10969" lon="-96.35378">
        <ele>95.1</ele>
      </trkpt>
      <trkpt lat="30.10979" lon="-96.35356">
        <ele>96.6</ele>
      </trkpt>
      <trkpt lat="30.10997" lon="-96.3532">
        <ele>99.0</ele>
      </trkpt>
      <trkpt lat="30.11037" lon="-96.35238">
        <ele>101.9</ele>
      </trkpt>
      <trkpt lat="30.11041" lon="-96.3523">
        <ele>102.0</ele>
      </trkpt>
      <trkpt lat="30.11068" lon="-96.35175">
        <ele>102.1</ele>
      </trkpt>
      <trkpt lat="30.11102" lon="-96.35107">
        <ele>102.5</ele>
      </trkpt>
      <trkpt lat="30.11128" lon="-96.35054">
        <ele>103.6</ele>
      </trkpt>
      <trkpt lat="30.1117" lon="-96.34971">
        <ele>107.2</ele>
      </trkpt>
      <trkpt lat="30.11184" lon="-96.34945">
        <ele>109.0</ele>
      </trkpt>
      <trkpt lat="30.11185" lon="-96.34943">
        <ele>109.1</ele>
      </trkpt>
      <trkpt lat="30.11212" lon="-96.34889">
        <ele>112.1</ele>
      </trkpt>
      <trkpt lat="30.11239" lon="-96.34835">
        <ele>113.7</ele>
      </trkpt>
      <trkpt lat="30.11246" lon="-96.3481599">
        <ele>113.5</ele>
      </trkpt>
      <trkpt lat="30.11263" lon="-96.34784">
        <ele>112.3</ele>
      </trkpt>
      <trkpt lat="30.11275" lon="-96.34759">
        <ele>110.6</ele>
      </trkpt>
      <trkpt lat="30.11308" lon="-96.34694">
        <ele>108.6</ele>
      </trkpt>
      <trkpt lat="30.11327" lon="-96.34658">
        <ele>108.1</ele>
      </trkpt>
      <trkpt lat="30.11341" lon="-96.3463">
        <ele>107.8</ele>
      </trkpt>
      <trkpt lat="30.11341" lon="-96.3463">
        <ele>107.8</ele>
      </trkpt>
      <trkpt lat="30.11282" lon="-96.34616">
        <ele>106.3</ele>
      </trkpt>
      <trkpt lat="30.11234" lon="-96.34605">
        <ele>106.7</ele>
      </trkpt>
      <trkpt lat="30.11122" lon="-96.34582">
        <ele>112.0</ele>
      </trkpt>
      <trkpt lat="30.11118" lon="-96.34581">
        <ele>112.1</ele>
      </trkpt>
      <trkpt lat="30.1108" lon="-96.34571">
        <ele>112.3</ele>
      </trkpt>
      <trkpt lat="30.11013" lon="-96.34557">
        <ele>111.3</ele>
      </trkpt>
      <trkpt lat="30.10999" lon="-96.34553">
        <ele>111.1</ele>
      </trkpt>
      <trkpt lat="30.10933" lon="-96.34538">
        <ele>111.6</ele>
      </trkpt>
      <trkpt lat="30.10912" lon="-96.34535">
        <ele>112.0</ele>
      </trkpt>
      <trkpt lat="30.10902" lon="-96.3453">
        <ele>112.4</ele>
      </trkpt>
      <trkpt lat="30.10895" lon="-96.3452499">
        <ele>112.7</ele>
      </trkpt>
      <trkpt lat="30.10892" lon="-96.34518">
        <ele>112.9</ele>
      </trkpt>
      <trkpt lat="30.10892" lon="-96.34512">
        <ele>113.1</ele>
      </trkpt>
      <trkpt lat="30.10903" lon="-96.34463">
        <ele>113.4</ele>
      </trkpt>
      <trkpt lat="30.10905" lon="-96.34453">
        <ele>113.3</ele>
      </trkpt>
      <trkpt lat="30.10911" lon="-96.34424">
        <ele>111.8</ele>
      </trkpt>
      <trkpt lat="30.1092" lon="-96.34384">
        <ele>109.5</ele>
      </trkpt>
      <trkpt lat="30.1092" lon="-96.3438199">
        <ele>109.5</ele>
      </trkpt>
      <trkpt lat="30.1092" lon="-96.3438199">
        <ele>109.5</ele>
      </trkpt>
      <trkpt lat="30.10925" lon="-96.34343">
        <ele>107.9</ele>
      </trkpt>
      <trkpt lat="30.10926" lon="-96.34342">
        <ele>107.9</ele>
      </trkpt>
      <trkpt lat="30.10938" lon="-96.34282">
        <ele>107.5</ele>
      </trkpt>
      <trkpt lat="30.1094" lon="-96.34271">
        <ele>107.5</ele>
      </trkpt>
      <trkpt lat="30.10955" lon="-96.34201">
        <ele>107.7</ele>
      </trkpt>
      <trkpt lat="30.10962" lon="-96.34169">
        <ele>107.5</ele>
      </trkpt>
      <trkpt lat="30.10977" lon="-96.3409999">
        <ele>108.1</ele>
      </trkpt>
      <trkpt lat="30.10977" lon="-96.3409999">
        <ele>108.1</ele>
      </trkpt>
      <trkpt lat="30.10936" lon="-96.34092">
        <ele>105.8</ele>
      </trkpt>
      <trkpt lat="30.10906" lon="-96.34085">
        <ele>102.6</ele>
      </trkpt>
      <trkpt lat="30.10877" lon="-96.34078">
        <ele>100.3</ele>
      </trkpt>
      <trkpt lat="30.10871" lon="-96.34076">
        <ele>99.9</ele>
      </trkpt>
      <trkpt lat="30.10836" lon="-96.34069">
        <ele>99.1</ele>
      </trkpt>
      <trkpt lat="30.10747" lon="-96.34049">
        <ele>101.9</ele>
      </trkpt>
      <trkpt lat="30.10714" lon="-96.34042">
        <ele>102.4</ele>
      </trkpt>
      <trkpt lat="30.10668" lon="-96.34031">
        <ele>102.3</ele>
      </trkpt>
      <trkpt lat="30.10583" lon="-96.34013">
        <ele>103.8</ele>
      </trkpt>
      <trkpt lat="30.10532" lon="-96.34002">
        <ele>104.5</ele>
      </trkpt>
      <trkpt lat="30.10475" lon="-96.3399">
        <ele>102.3</ele>
      </trkpt>
      <trkpt lat="30.10404" lon="-96.33972">
        <ele>97.9</ele>
      </trkpt>
      <trkpt lat="30.10369" lon="-96.33962">
        <ele>95.9</ele>
      </trkpt>
      <trkpt lat="30.1033" lon="-96.3395199">
        <ele>94.1</ele>
      </trkpt>
      <trkpt lat="30.10323" lon="-96.33951">
        <ele>93.8</ele>
      </trkpt>
      <trkpt lat="30.10302" lon="-96.33945">
        <ele>94.1</ele>
      </trkpt>
      <trkpt lat="30.10268" lon="-96.33934">
        <ele>95.6</ele>
      </trkpt>
      <trkpt lat="30.10246" lon="-96.33928">
        <ele>96.0</ele>
      </trkpt>
      <trkpt lat="30.1022" lon="-96.33922">
        <ele>96.2</ele>
      </trkpt>
      <trkpt lat="30.10193" lon="-96.33917">
        <ele>96.5</ele>
      </trkpt>
      <trkpt lat="30.10138" lon="-96.33909">
        <ele>99.5</ele>
      </trkpt>
      <trkpt lat="30.1012" lon="-96.33905">
        <ele>100.9</ele>
      </trkpt>
      <trkpt lat="30.10092" lon="-96.33899">
        <ele>102.5</ele>
      </trkpt>
      <trkpt lat="30.10057" lon="-96.33891">
        <ele>104.6</ele>
      </trkpt>
      <trkpt lat="30.10032" lon="-96.3388499">
        <ele>106.5</ele>
      </trkpt>
      <trkpt lat="30.10021" lon="-96.33883">
        <ele>106.6</ele>
      </trkpt>
      <trkpt lat="30.09986" lon="-96.3387599">
        <ele>106.2</ele>
      </trkpt>
      <trkpt lat="30.09939" lon="-96.33866">
        <ele>103.0</ele>
      </trkpt>
      <trkpt lat="30.09884" lon="-96.33854">
        <ele>99.2</ele>
      </trkpt>
      <trkpt lat="30.09798" lon="-96.33834">
        <ele>95.4</ele>
      </trkpt>
      <trkpt lat="30.09772" lon="-96.33829">
        <ele>94.6</ele>
      </trkpt>
      <trkpt lat="30.09763" lon="-96.33826">
        <ele>94.3</ele>
      </trkpt>
      <trkpt lat="30.09716" lon="-96.33815">
        <ele>92.5</ele>
      </trkpt>
      <trkpt lat="30.09663" lon="-96.33803">
        <ele>93.4</ele>
      </trkpt>
      <trkpt lat="30.09637" lon="-96.33797">
        <ele>93.5</ele>
      </trkpt>
      <trkpt lat="30.09569" lon="-96.3378199">
        <ele>90.3</ele>
      </trkpt>
      <trkpt lat="30.09569" lon="-96.3378199">
        <ele>90.3</ele>
      </trkpt>
      <trkpt lat="30.09574" lon="-96.33754">
        <ele>90.1</ele>
      </trkpt>
      <trkpt lat="30.09575" lon="-96.33732">
        <ele>89.4</ele>
      </trkpt>
      <trkpt lat="30.09576" lon="-96.33695">
        <ele>89.1</ele>
      </trkpt>
      <trkpt lat="30.0958" lon="-96.3357">
        <ele>90.5</ele>
      </trkpt>
      <trkpt lat="30.09583" lon="-96.33496">
        <ele>88.7</ele>
      </trkpt>
      <trkpt lat="30.09584" lon="-96.33461">
        <ele>87.4</ele>
      </trkpt>
      <trkpt lat="30.09584" lon="-96.33446">
        <ele>86.4</ele>
      </trkpt>
      <trkpt lat="30.09582" lon="-96.33431">
        <ele>85.4</ele>
      </trkpt>
      <trkpt lat="30.09578" lon="-96.33414">
        <ele>85.3</ele>
      </trkpt>
      <trkpt lat="30.09576" lon="-96.33398">
        <ele>85.4</ele>
      </trkpt>
      <trkpt lat="30.09578" lon="-96.33383">
        <ele>85.5</ele>
      </trkpt>
      <trkpt lat="30.09585" lon="-96.33355">
        <ele>85.6</ele>
      </trkpt>
      <trkpt lat="30.09587" lon="-96.3334">
        <ele>85.5</ele>
      </trkpt>
      <trkpt lat="30.09597" lon="-96.33262">
        <ele>85.5</ele>
      </trkpt>
      <trkpt lat="30.09605" lon="-96.33217">
        <ele>84.5</ele>
      </trkpt>
      <trkpt lat="30.09607" lon="-96.33206">
        <ele>84.1</ele>
      </trkpt>
      <trkpt lat="30.09621" lon="-96.33119">
        <ele>83.2</ele>
      </trkpt>
      <trkpt lat="30.09622" lon="-96.3311499">
        <ele>83.2</ele>
      </trkpt>
      <trkpt lat="30.09632" lon="-96.33053">
        <ele>82.9</ele>
      </trkpt>
      <trkpt lat="30.09637" lon="-96.33015">
        <ele>85.6</ele>
      </trkpt>
      <trkpt lat="30.09644" lon="-96.32971">
        <ele>87.6</ele>
      </trkpt>
      <trkpt lat="30.09651" lon="-96.3293">
        <ele>90.1</ele>
      </trkpt>
      <trkpt lat="30.0966" lon="-96.32869">
        <ele>94.1</ele>
      </trkpt>
      <trkpt lat="30.09662" lon="-96.32858">
        <ele>94.9</ele>
      </trkpt>
      <trkpt lat="30.09665" lon="-96.32842">
        <ele>96.3</ele>
      </trkpt>
      <trkpt lat="30.09678" lon="-96.32767">
        <ele>102.5</ele>
      </trkpt>
      <trkpt lat="30.09679" lon="-96.32761">
        <ele>103.0</ele>
      </trkpt>
      <trkpt lat="30.09682" lon="-96.32747">
        <ele>103.8</ele>
      </trkpt>
      <trkpt lat="30.09688" lon="-96.32719">
        <ele>104.5</ele>
      </trkpt>
      <trkpt lat="30.09693" lon="-96.32692">
        <ele>104.3</ele>
      </trkpt>
      <trkpt lat="30.09708" lon="-96.32602">
        <ele>104.1</ele>
      </trkpt>
      <trkpt lat="30.09716" lon="-96.32554">
        <ele>103.3</ele>
      </trkpt>
      <trkpt lat="30.09724" lon="-96.32513">
        <ele>101.8</ele>
      </trkpt>
      <trkpt lat="30.09742" lon="-96.32411">
        <ele>98.3</ele>
      </trkpt>
      <trkpt lat="30.09755" lon="-96.3234">
        <ele>94.5</ele>
      </trkpt>
      <trkpt lat="30.0976" lon="-96.3230899">
        <ele>94.2</ele>
      </trkpt>
      <trkpt lat="30.09766" lon="-96.32268">
        <ele>95.4</ele>
      </trkpt>
      <trkpt lat="30.0978" lon="-96.32187">
        <ele>98.3</ele>
      </trkpt>
      <trkpt lat="30.09785" lon="-96.32157">
        <ele>98.5</ele>
      </trkpt>
      <trkpt lat="30.09787" lon="-96.32146">
        <ele>98.3</ele>
      </trkpt>
      <trkpt lat="30.09793" lon="-96.32105">
        <ele>96.6</ele>
      </trkpt>
      <trkpt lat="30.098" lon="-96.32065">
        <ele>94.4</ele>
      </trkpt>
      <trkpt lat="30.09817" lon="-96.31972">
        <ele>90.5</ele>
      </trkpt>
      <trkpt lat="30.09823" lon="-96.3193">
        <ele>87.7</ele>
      </trkpt>
      <trkpt lat="30.09827" lon="-96.31909">
        <ele>86.2</ele>
      </trkpt>
      <trkpt lat="30.09831" lon="-96.31883">
        <ele>84.3</ele>
      </trkpt>
      <trkpt lat="30.09832" lon="-96.31881">
        <ele>84.2</ele>
      </trkpt>
      <trkpt lat="30.09837" lon="-96.31869">
        <ele>83.2</ele>
      </trkpt>
      <trkpt lat="30.09847" lon="-96.3185">
        <ele>81.2</ele>
      </trkpt>
      <trkpt lat="30.0985" lon="-96.31845">
        <ele>80.7</ele>
      </trkpt>
      <trkpt lat="30.09855" lon="-96.3184">
        <ele>81.1</ele>
      </trkpt>
      <trkpt lat="30.09863" lon="-96.3182999">
        <ele>82.5</ele>
      </trkpt>
      <trkpt lat="30.09871" lon="-96.3182099">
        <ele>83.4</ele>
      </trkpt>
      <trkpt lat="30.0989" lon="-96.3180299">
        <ele>84.4</ele>
      </trkpt>
      <trkpt lat="30.0989" lon="-96.31802">
        <ele>84.5</ele>
      </trkpt>
      <trkpt lat="30.09895" lon="-96.3179399">
        <ele>85.1</ele>
      </trkpt>
      <trkpt lat="30.09899" lon="-96.31775">
        <ele>86.3</ele>
      </trkpt>
      <trkpt lat="30.09904" lon="-96.31732">
        <ele>88.7</ele>
      </trkpt>
      <trkpt lat="30.09915" lon="-96.31661">
        <ele>89.3</ele>
      </trkpt>
      <trkpt lat="30.0993" lon="-96.31573">
        <ele>85.6</ele>
      </trkpt>
      <trkpt lat="30.09933" lon="-96.31559">
        <ele>84.9</ele>
      </trkpt>
      <trkpt lat="30.09939" lon="-96.31518">
        <ele>84.8</ele>
      </trkpt>
      <trkpt lat="30.09946" lon="-96.31477">
        <ele>87.1</ele>
      </trkpt>
      <trkpt lat="30.09947" lon="-96.31471">
        <ele>87.4</ele>
      </trkpt>
      <trkpt lat="30.09963" lon="-96.31375">
        <ele>90.3</ele>
      </trkpt>
      <trkpt lat="30.09968" lon="-96.31348">
        <ele>90.3</ele>
      </trkpt>
      <trkpt lat="30.09974" lon="-96.31314">
        <ele>90.0</ele>
      </trkpt>
      <trkpt lat="30.09982" lon="-96.31274">
        <ele>89.5</ele>
      </trkpt>
      <trkpt lat="30.09983" lon="-96.31269">
        <ele>89.3</ele>
      </trkpt>
      <trkpt lat="30.09986" lon="-96.31252">
        <ele>88.8</ele>
      </trkpt>
      <trkpt lat="30.10003" lon="-96.31153">
        <ele>84.9</ele>
      </trkpt>
      <trkpt lat="30.10004" lon="-96.31152">
        <ele>84.9</ele>
      </trkpt>
      <trkpt lat="30.10014" lon="-96.31096">
        <ele>83.1</ele>
      </trkpt>
      <trkpt lat="30.10018" lon="-96.3107">
        <ele>82.5</ele>
      </trkpt>
      <trkpt lat="30.10023" lon="-96.3104199">
        <ele>81.3</ele>
      </trkpt>
      <trkpt lat="30.10024" lon="-96.31035">
        <ele>81.1</ele>
      </trkpt>
      <trkpt lat="30.10027" lon="-96.31009">
        <ele>80.6</ele>
      </trkpt>
      <trkpt lat="30.10029" lon="-96.30999">
        <ele>80.5</ele>
      </trkpt>
      <trkpt lat="30.10036" lon="-96.30965">
        <ele>80.4</ele>
      </trkpt>
      <trkpt lat="30.10043" lon="-96.30917">
        <ele>80.9</ele>
      </trkpt>
      <trkpt lat="30.10044" lon="-96.30907">
        <ele>81.2</ele>
      </trkpt>
      <trkpt lat="30.10051" lon="-96.3084499">
        <ele>84.1</ele>
      </trkpt>
      <trkpt lat="30.10051" lon="-96.30844">
        <ele>84.2</ele>
      </trkpt>
      <trkpt lat="30.10063" lon="-96.30761">
        <ele>87.4</ele>
      </trkpt>
      <trkpt lat="30.10069" lon="-96.30722">
        <ele>88.6</ele>
      </trkpt>
      <trkpt lat="30.10075" lon="-96.30681">
        <ele>89.3</ele>
      </trkpt>
      <trkpt lat="30.1008" lon="-96.3065">
        <ele>89.3</ele>
      </trkpt>
      <trkpt lat="30.10082" lon="-96.3064">
        <ele>89.2</ele>
      </trkpt>
      <trkpt lat="30.10088" lon="-96.30609">
        <ele>88.0</ele>
      </trkpt>
      <trkpt lat="30.10093" lon="-96.30579">
        <ele>86.5</ele>
      </trkpt>
      <trkpt lat="30.1011" lon="-96.30481">
        <ele>81.0</ele>
      </trkpt>
      <trkpt lat="30.10111" lon="-96.30477">
        <ele>80.8</ele>
      </trkpt>
      <trkpt lat="30.10119" lon="-96.30428">
        <ele>77.9</ele>
      </trkpt>
      <trkpt lat="30.10122" lon="-96.30416">
        <ele>77.1</ele>
      </trkpt>
      <trkpt lat="30.10123" lon="-96.30414">
        <ele>77.0</ele>
      </trkpt>
      <trkpt lat="30.10127" lon="-96.30408">
        <ele>76.7</ele>
      </trkpt>
      <trkpt lat="30.10133" lon="-96.30403">
        <ele>76.6</ele>
      </trkpt>
      <trkpt lat="30.1017" lon="-96.30386">
        <ele>76.4</ele>
      </trkpt>
      <trkpt lat="30.10195" lon="-96.30371">
        <ele>75.4</ele>
      </trkpt>
      <trkpt lat="30.10217" lon="-96.30362">
        <ele>73.7</ele>
      </trkpt>
      <trkpt lat="30.1022" lon="-96.30361">
        <ele>73.7</ele>
      </trkpt>
      <trkpt lat="30.10252" lon="-96.30358">
        <ele>74.5</ele>
      </trkpt>
      <trkpt lat="30.10307" lon="-96.3035699">
        <ele>76.3</ele>
      </trkpt>
      <trkpt lat="30.10347" lon="-96.30356">
        <ele>77.2</ele>
      </trkpt>
      <trkpt lat="30.10392" lon="-96.30356">
        <ele>77.2</ele>
      </trkpt>
      <trkpt lat="30.10464" lon="-96.30356">
        <ele>76.7</ele>
      </trkpt>
      <trkpt lat="30.10579" lon="-96.30356">
        <ele>70.2</ele>
      </trkpt>
      <trkpt lat="30.10579" lon="-96.30356">
        <ele>70.2</ele>
      </trkpt>
      <trkpt lat="30.106" lon="-96.30307">
        <ele>69.8</ele>
      </trkpt>
      <trkpt lat="30.10603" lon="-96.303">
        <ele>69.7</ele>
      </trkpt>
      <trkpt lat="30.10608" lon="-96.3028999">
        <ele>69.6</ele>
      </trkpt>
      <trkpt lat="30.10614" lon="-96.3028099">
        <ele>69.6</ele>
      </trkpt>
      <trkpt lat="30.10619" lon="-96.30275">
        <ele>69.5</ele>
      </trkpt>
      <trkpt lat="30.10624" lon="-96.3027">
        <ele>69.4</ele>
      </trkpt>
      <trkpt lat="30.10631" lon="-96.30265">
        <ele>69.2</ele>
      </trkpt>
      <trkpt lat="30.10641" lon="-96.30258">
        <ele>68.9</ele>
      </trkpt>
      <trkpt lat="30.10676" lon="-96.30238">
        <ele>67.8</ele>
      </trkpt>
      <trkpt lat="30.1069" lon="-96.30231">
        <ele>67.5</ele>
      </trkpt>
      <trkpt lat="30.10716" lon="-96.30218">
        <ele>67.0</ele>
      </trkpt>
      <trkpt lat="30.10719" lon="-96.30217">
        <ele>67.0</ele>
      </trkpt>
      <trkpt lat="30.10744" lon="-96.30206">
        <ele>67.4</ele>
      </trkpt>
      <trkpt lat="30.10752" lon="-96.30206">
        <ele>67.6</ele>
      </trkpt>
      <trkpt lat="30.10758" lon="-96.30207">
        <ele>67.7</ele>
      </trkpt>
      <trkpt lat="30.10765" lon="-96.30209">
        <ele>67.8</ele>
      </trkpt>
      <trkpt lat="30.10807" lon="-96.30224">
        <ele>68.8</ele>
      </trkpt>
      <trkpt lat="30.1081" lon="-96.30225">
        <ele>68.9</ele>
      </trkpt>
      <trkpt lat="30.10832" lon="-96.30233">
        <ele>69.4</ele>
      </trkpt>
      <trkpt lat="30.10844" lon="-96.30235">
        <ele>69.7</ele>
      </trkpt>
      <trkpt lat="30.10939" lon="-96.30253">
        <ele>73.1</ele>
      </trkpt>
      <trkpt lat="30.1095" lon="-96.30255">
        <ele>73.4</ele>
      </trkpt>
      <trkpt lat="30.10968" lon="-96.30258">
        <ele>74.5</ele>
      </trkpt>
      <trkpt lat="30.10983" lon="-96.3026">
        <ele>75.3</ele>
      </trkpt>
      <trkpt lat="30.11039" lon="-96.30271">
        <ele>78.8</ele>
      </trkpt>
      <trkpt lat="30.11075" lon="-96.30277">
        <ele>81.0</ele>
      </trkpt>
      <trkpt lat="30.1111" lon="-96.30284">
        <ele>82.5</ele>
      </trkpt>
      <trkpt lat="30.11157" lon="-96.30293">
        <ele>84.4</ele>
      </trkpt>
      <trkpt lat="30.11181" lon="-96.30297">
        <ele>84.8</ele>
      </trkpt>
      <trkpt lat="30.1127" lon="-96.30314">
        <ele>85.5</ele>
      </trkpt>
      <trkpt lat="30.11294" lon="-96.30319">
        <ele>85.8</ele>
      </trkpt>
      <trkpt lat="30.11326" lon="-96.30322">
        <ele>86.2</ele>
      </trkpt>
      <trkpt lat="30.11331" lon="-96.30318">
        <ele>86.3</ele>
      </trkpt>
      <trkpt lat="30.11345" lon="-96.30297">
        <ele>86.9</ele>
      </trkpt>
      <trkpt lat="30.11358" lon="-96.3027199">
        <ele>87.5</ele>
      </trkpt>
      <trkpt lat="30.11364" lon="-96.30252">
        <ele>87.7</ele>
      </trkpt>
      <trkpt lat="30.11369" lon="-96.3023599">
        <ele>87.8</ele>
      </trkpt>
      <trkpt lat="30.11374" lon="-96.30213">
        <ele>87.6</ele>
      </trkpt>
      <trkpt lat="30.11382" lon="-96.3018">
        <ele>86.5</ele>
      </trkpt>
      <trkpt lat="30.11384" lon="-96.30172">
        <ele>86.2</ele>
      </trkpt>
      <trkpt lat="30.11407" lon="-96.30072">
        <ele>79.5</ele>
      </trkpt>
      <trkpt lat="30.1141" lon="-96.30059">
        <ele>78.4</ele>
      </trkpt>
      <trkpt lat="30.11413" lon="-96.30041">
        <ele>77.5</ele>
      </trkpt>
      <trkpt lat="30.11415" lon="-96.30032">
        <ele>77.6</ele>
      </trkpt>
      <trkpt lat="30.11424" lon="-96.29991">
        <ele>79.2</ele>
      </trkpt>
      <trkpt lat="30.11425" lon="-96.29986">
        <ele>79.4</ele>
      </trkpt>
      <trkpt lat="30.11437" lon="-96.2993">
        <ele>81.5</ele>
      </trkpt>
      <trkpt lat="30.11454" lon="-96.29849">
        <ele>84.9</ele>
      </trkpt>
      <trkpt lat="30.11458" lon="-96.29829">
        <ele>85.3</ele>
      </trkpt>
      <trkpt lat="30.11463" lon="-96.29798">
        <ele>86.0</ele>
      </trkpt>
      <trkpt lat="30.11464" lon="-96.29788">
        <ele>86.2</ele>
      </trkpt>
      <trkpt lat="30.11468" lon="-96.29747">
        <ele>85.9</ele>
      </trkpt>
      <trkpt lat="30.11472" lon="-96.29714">
        <ele>85.0</ele>
      </trkpt>
      <trkpt lat="30.11474" lon="-96.29701">
        <ele>84.5</ele>
      </trkpt>
      <trkpt lat="30.1149" lon="-96.29598">
        <ele>79.2</ele>
      </trkpt>
      <trkpt lat="30.11503" lon="-96.29516">
        <ele>76.8</ele>
      </trkpt>
      <trkpt lat="30.11521" lon="-96.2939899">
        <ele>73.7</ele>
      </trkpt>
      <trkpt lat="30.11525" lon="-96.29373">
        <ele>73.8</ele>
      </trkpt>
      <trkpt lat="30.11534" lon="-96.2931399">
        <ele>73.3</ele>
      </trkpt>
      <trkpt lat="30.11542" lon="-96.29271">
        <ele>72.8</ele>
      </trkpt>
      <trkpt lat="30.11546" lon="-96.29247">
        <ele>72.3</ele>
      </trkpt>
      <trkpt lat="30.11551" lon="-96.29231">
        <ele>71.8</ele>
      </trkpt>
      <trkpt lat="30.11552" lon="-96.29229">
        <ele>71.8</ele>
      </trkpt>
      <trkpt lat="30.11559" lon="-96.29221">
        <ele>71.5</ele>
      </trkpt>
      <trkpt lat="30.11568" lon="-96.29216">
        <ele>71.4</ele>
      </trkpt>
      <trkpt lat="30.11579" lon="-96.29215">
        <ele>71.4</ele>
      </trkpt>
      <trkpt lat="30.11681" lon="-96.29228">
        <ele>72.3</ele>
      </trkpt>
      <trkpt lat="30.11766" lon="-96.29244">
        <ele>73.3</ele>
      </trkpt>
      <trkpt lat="30.11848" lon="-96.29264">
        <ele>73.7</ele>
      </trkpt>
      <trkpt lat="30.11862" lon="-96.29267">
        <ele>73.6</ele>
      </trkpt>
      <trkpt lat="30.11944" lon="-96.2929">
        <ele>73.2</ele>
      </trkpt>
      <trkpt lat="30.11953" lon="-96.29293">
        <ele>73.2</ele>
      </trkpt>
      <trkpt lat="30.11968" lon="-96.29297">
        <ele>73.2</ele>
      </trkpt>
      <trkpt lat="30.11971" lon="-96.29297">
        <ele>73.2</ele>
      </trkpt>
      <trkpt lat="30.11987" lon="-96.29301">
        <ele>73.2</ele>
      </trkpt>
      <trkpt lat="30.11991" lon="-96.29301">
        <ele>73.2</ele>
      </trkpt>
      <trkpt lat="30.12009" lon="-96.29298">
        <ele>73.7</ele>
      </trkpt>
      <trkpt lat="30.12065" lon="-96.29289">
        <ele>75.9</ele>
      </trkpt>
      <trkpt lat="30.12183" lon="-96.2926899">
        <ele>77.7</ele>
      </trkpt>
      <trkpt lat="30.12184" lon="-96.29268">
        <ele>77.7</ele>
      </trkpt>
      <trkpt lat="30.12202" lon="-96.29265">
        <ele>78.0</ele>
      </trkpt>
      <trkpt lat="30.1222" lon="-96.29262">
        <ele>78.2</ele>
      </trkpt>
      <trkpt lat="30.12291" lon="-96.2925">
        <ele>78.4</ele>
      </trkpt>
      <trkpt lat="30.12322" lon="-96.29245">
        <ele>78.9</ele>
      </trkpt>
      <trkpt lat="30.12345" lon="-96.29242">
        <ele>79.0</ele>
      </trkpt>
      <trkpt lat="30.12362" lon="-96.29239">
        <ele>79.1</ele>
      </trkpt>
      <trkpt lat="30.12381" lon="-96.29236">
        <ele>79.8</ele>
      </trkpt>
      <trkpt lat="30.12396" lon="-96.29238">
        <ele>80.7</ele>
      </trkpt>
      <trkpt lat="30.12416" lon="-96.29243">
        <ele>81.1</ele>
      </trkpt>
      <trkpt lat="30.12454" lon="-96.29256">
        <ele>81.5</ele>
      </trkpt>
      <trkpt lat="30.12468" lon="-96.29259">
        <ele>81.8</ele>
      </trkpt>
      <trkpt lat="30.12485" lon="-96.29264">
        <ele>82.0</ele>
      </trkpt>
      <trkpt lat="30.12499" lon="-96.29267">
        <ele>82.4</ele>
      </trkpt>
      <trkpt lat="30.12526" lon="-96.29276">
        <ele>82.7</ele>
      </trkpt>
      <trkpt lat="30.1259" lon="-96.29293">
        <ele>83.0</ele>
      </trkpt>
      <trkpt lat="30.12608" lon="-96.29298">
        <ele>82.9</ele>
      </trkpt>
      <trkpt lat="30.12615" lon="-96.293">
        <ele>82.9</ele>
      </trkpt>
      <trkpt lat="30.12648" lon="-96.2931">
        <ele>82.1</ele>
      </trkpt>
      <trkpt lat="30.12648" lon="-96.2931">
        <ele>82.1</ele>
      </trkpt>
      <trkpt lat="30.12677" lon="-96.29319">
        <ele>81.8</ele>
      </trkpt>
      <trkpt lat="30.1273" lon="-96.29334">
        <ele>81.3</ele>
      </trkpt>
      <trkpt lat="30.1273" lon="-96.29334">
        <ele>81.3</ele>
      </trkpt>
      <trkpt lat="30.12738" lon="-96.29288">
        <ele>82.1</ele>
      </trkpt>
      <trkpt lat="30.1275" lon="-96.29208">
        <ele>84.7</ele>
      </trkpt>
      <trkpt lat="30.12751" lon="-96.29205">
        <ele>84.8</ele>
      </trkpt>
      <trkpt lat="30.12758" lon="-96.29164">
        <ele>85.3</ele>
      </trkpt>
      <trkpt lat="30.12762" lon="-96.29144">
        <ele>86.5</ele>
      </trkpt>
      <trkpt lat="30.12765" lon="-96.29124">
        <ele>87.8</ele>
      </trkpt>
      <trkpt lat="30.1278" lon="-96.29042">
        <ele>91.0</ele>
      </trkpt>
      <trkpt lat="30.12795" lon="-96.28952">
        <ele>94.3</ele>
      </trkpt>
      <trkpt lat="30.12807" lon="-96.28879">
        <ele>95.3</ele>
      </trkpt>
      <trkpt lat="30.1281" lon="-96.28859">
        <ele>95.4</ele>
      </trkpt>
      <trkpt lat="30.12817" lon="-96.28818">
        <ele>95.5</ele>
      </trkpt>
      <trkpt lat="30.12827" lon="-96.28755">
        <ele>95.5</ele>
      </trkpt>
      <trkpt lat="30.12832" lon="-96.28716">
        <ele>95.6</ele>
      </trkpt>
      <trkpt lat="30.12837" lon="-96.28682">
        <ele>95.6</ele>
      </trkpt>
      <trkpt lat="30.12853" lon="-96.2859299">
        <ele>95.5</ele>
      </trkpt>
      <trkpt lat="30.12855" lon="-96.28582">
        <ele>95.4</ele>
      </trkpt>
      <trkpt lat="30.12856" lon="-96.28573">
        <ele>95.2</ele>
      </trkpt>
      <trkpt lat="30.12859" lon="-96.28552">
        <ele>94.7</ele>
      </trkpt>
      <trkpt lat="30.12866" lon="-96.2848999">
        <ele>94.1</ele>
      </trkpt>
      <trkpt lat="30.12869" lon="-96.2847">
        <ele>93.2</ele>
      </trkpt>
      <trkpt lat="30.12874" lon="-96.28433">
        <ele>91.8</ele>
      </trkpt>
      <trkpt lat="30.12874" lon="-96.28429">
        <ele>91.8</ele>
      </trkpt>
      <trkpt lat="30.1288" lon="-96.28388">
        <ele>91.7</ele>
      </trkpt>
      <trkpt lat="30.12883" lon="-96.28367">
        <ele>92.0</ele>
      </trkpt>
      <trkpt lat="30.12888" lon="-96.28336">
        <ele>93.0</ele>
      </trkpt>
      <trkpt lat="30.12889" lon="-96.28326">
        <ele>93.3</ele>
      </trkpt>
      <trkpt lat="30.12898" lon="-96.28286">
        <ele>94.1</ele>
      </trkpt>
      <trkpt lat="30.1291" lon="-96.2823">
        <ele>97.4</ele>
      </trkpt>
      <trkpt lat="30.12916" lon="-96.28202">
        <ele>99.3</ele>
      </trkpt>
      <trkpt lat="30.12924" lon="-96.28175">
        <ele>100.4</ele>
      </trkpt>
      <trkpt lat="30.12935" lon="-96.28146">
        <ele>101.3</ele>
      </trkpt>
      <trkpt lat="30.12939" lon="-96.28133">
        <ele>101.6</ele>
      </trkpt>
      <trkpt lat="30.1294" lon="-96.28129">
        <ele>101.7</ele>
      </trkpt>
      <trkpt lat="30.12943" lon="-96.2811399">
        <ele>101.8</ele>
      </trkpt>
      <trkpt lat="30.12947" lon="-96.28088">
        <ele>101.9</ele>
      </trkpt>
      <trkpt lat="30.12952" lon="-96.28054">
        <ele>101.2</ele>
      </trkpt>
      <trkpt lat="30.12953" lon="-96.2804699">
        <ele>100.9</ele>
      </trkpt>
      <trkpt lat="30.12958" lon="-96.28006">
        <ele>100.5</ele>
      </trkpt>
      <trkpt lat="30.12958" lon="-96.27999">
        <ele>100.5</ele>
      </trkpt>
      <trkpt lat="30.12965" lon="-96.27946">
        <ele>97.6</ele>
      </trkpt>
      <trkpt lat="30.12965" lon="-96.27937">
        <ele>97.5</ele>
      </trkpt>
      <trkpt lat="30.12972" lon="-96.27854">
        <ele>97.1</ele>
      </trkpt>
      <trkpt lat="30.12974" lon="-96.2782299">
        <ele>97.4</ele>
      </trkpt>
      <trkpt lat="30.12978" lon="-96.2780499">
        <ele>97.6</ele>
      </trkpt>
      <trkpt lat="30.12987" lon="-96.27779">
        <ele>98.2</ele>
      </trkpt>
      <trkpt lat="30.12989" lon="-96.27774">
        <ele>98.3</ele>
      </trkpt>
      <trkpt lat="30.12993" lon="-96.27753">
        <ele>98.7</ele>
      </trkpt>
      <trkpt lat="30.13017" lon="-96.27595">
        <ele>100.7</ele>
      </trkpt>
      <trkpt lat="30.1302" lon="-96.27575">
        <ele>100.5</ele>
      </trkpt>
      <trkpt lat="30.13023" lon="-96.27554">
        <ele>100.5</ele>
      </trkpt>
      <trkpt lat="30.1304" lon="-96.2743799">
        <ele>95.4</ele>
      </trkpt>
      <trkpt lat="30.13046" lon="-96.27404">
        <ele>94.1</ele>
      </trkpt>
      <trkpt lat="30.1305" lon="-96.27385">
        <ele>93.3</ele>
      </trkpt>
      <trkpt lat="30.13056" lon="-96.27351">
        <ele>91.3</ele>
      </trkpt>
      <trkpt lat="30.1307" lon="-96.2726">
        <ele>88.3</ele>
      </trkpt>
      <trkpt lat="30.13077" lon="-96.27219">
        <ele>87.1</ele>
      </trkpt>
      <trkpt lat="30.13081" lon="-96.27193">
        <ele>87.0</ele>
      </trkpt>
      <trkpt lat="30.13083" lon="-96.27178">
        <ele>87.6</ele>
      </trkpt>
      <trkpt lat="30.13095" lon="-96.27096">
        <ele>91.1</ele>
      </trkpt>
      <trkpt lat="30.131" lon="-96.27069">
        <ele>92.3</ele>
      </trkpt>
      <trkpt lat="30.13115" lon="-96.26973">
        <ele>97.4</ele>
      </trkpt>
      <trkpt lat="30.13123" lon="-96.26917">
        <ele>98.5</ele>
      </trkpt>
      <trkpt lat="30.13137" lon="-96.26843">
        <ele>98.9</ele>
      </trkpt>
      <trkpt lat="30.13138" lon="-96.26835">
        <ele>98.8</ele>
      </trkpt>
      <trkpt lat="30.13141" lon="-96.26815">
        <ele>98.5</ele>
      </trkpt>
      <trkpt lat="30.13141" lon="-96.26815">
        <ele>98.5</ele>
      </trkpt>
      <trkpt lat="30.1312" lon="-96.26807">
        <ele>98.5</ele>
      </trkpt>
      <trkpt lat="30.13106" lon="-96.26804">
        <ele>98.6</ele>
      </trkpt>
      <trkpt lat="30.13036" lon="-96.26785">
        <ele>97.7</ele>
      </trkpt>
      <trkpt lat="30.13019" lon="-96.2678">
        <ele>97.7</ele>
      </trkpt>
      <trkpt lat="30.13001" lon="-96.26775">
        <ele>97.8</ele>
      </trkpt>
      <trkpt lat="30.12984" lon="-96.2677">
        <ele>98.1</ele>
      </trkpt>
      <trkpt lat="30.12966" lon="-96.26766">
        <ele>98.5</ele>
      </trkpt>
      <trkpt lat="30.12808" lon="-96.26723">
        <ele>100.7</ele>
      </trkpt>
      <trkpt lat="30.1276" lon="-96.26709">
        <ele>100.3</ele>
      </trkpt>
      <trkpt lat="30.12756" lon="-96.26709">
        <ele>100.3</ele>
      </trkpt>
      <trkpt lat="30.12668" lon="-96.26688">
        <ele>99.2</ele>
      </trkpt>
      <trkpt lat="30.12653" lon="-96.26685">
        <ele>99.0</ele>
      </trkpt>
      <trkpt lat="30.1265" lon="-96.26684">
        <ele>98.9</ele>
      </trkpt>
      <trkpt lat="30.12599" lon="-96.26669">
        <ele>98.0</ele>
      </trkpt>
      <trkpt lat="30.12564" lon="-96.26664">
        <ele>97.4</ele>
      </trkpt>
      <trkpt lat="30.12553" lon="-96.26662">
        <ele>97.3</ele>
      </trkpt>
      <trkpt lat="30.12526" lon="-96.26658">
        <ele>97.2</ele>
      </trkpt>
      <trkpt lat="30.12504" lon="-96.26654">
        <ele>96.8</ele>
      </trkpt>
      <trkpt lat="30.12464" lon="-96.26648">
        <ele>96.1</ele>
      </trkpt>
      <trkpt lat="30.12432" lon="-96.26645">
        <ele>96.0</ele>
      </trkpt>
      <trkpt lat="30.12432" lon="-96.26645">
        <ele>96.0</ele>
      </trkpt>
      <trkpt lat="30.12431" lon="-96.26654">
        <ele>95.8</ele>
      </trkpt>
      <trkpt lat="30.12428" lon="-96.26675">
        <ele>95.0</ele>
      </trkpt>
      <trkpt lat="30.12426" lon="-96.26688">
        <ele>94.4</ele>
      </trkpt>
      <trkpt lat="30.12421" lon="-96.2671">
        <ele>93.3</ele>
      </trkpt>
      <trkpt lat="30.12412" lon="-96.26734">
        <ele>91.5</ele>
      </trkpt>
      <trkpt lat="30.12401" lon="-96.26751">
        <ele>90.5</ele>
      </trkpt>
      <trkpt lat="30.12399" lon="-96.26755">
        <ele>90.3</ele>
      </trkpt>
      <trkpt lat="30.12382" lon="-96.26774">
        <ele>88.8</ele>
      </trkpt>
      <trkpt lat="30.12375" lon="-96.2678">
        <ele>88.4</ele>
      </trkpt>
      <trkpt lat="30.12365" lon="-96.26789">
        <ele>88.6</ele>
      </trkpt>
      <trkpt lat="30.12351" lon="-96.26798">
        <ele>89.1</ele>
      </trkpt>
      <trkpt lat="30.12346" lon="-96.26801">
        <ele>89.2</ele>
      </trkpt>
      <trkpt lat="30.12281" lon="-96.26831">
        <ele>89.6</ele>
      </trkpt>
      <trkpt lat="30.12252" lon="-96.26848">
        <ele>90.2</ele>
      </trkpt>
      <trkpt lat="30.12219" lon="-96.26866">
        <ele>90.7</ele>
      </trkpt>
      <trkpt lat="30.12196" lon="-96.26879">
        <ele>90.7</ele>
      </trkpt>
      <trkpt lat="30.12187" lon="-96.26884">
        <ele>90.3</ele>
      </trkpt>
      <trkpt lat="30.12117" lon="-96.26919">
        <ele>85.4</ele>
      </trkpt>
      <trkpt lat="30.12104" lon="-96.26926">
        <ele>84.4</ele>
      </trkpt>
      <trkpt lat="30.12079" lon="-96.26939">
        <ele>82.6</ele>
      </trkpt>
      <trkpt lat="30.12072" lon="-96.26943">
        <ele>82.6</ele>
      </trkpt>
      <trkpt lat="30.1204" lon="-96.26962">
        <ele>84.3</ele>
      </trkpt>
      <trkpt lat="30.12021" lon="-96.26972">
        <ele>86.0</ele>
      </trkpt>
      <trkpt lat="30.11959" lon="-96.27009">
        <ele>90.1</ele>
      </trkpt>
      <trkpt lat="30.11927" lon="-96.27028">
        <ele>91.5</ele>
      </trkpt>
      <trkpt lat="30.11895" lon="-96.27046">
        <ele>92.5</ele>
      </trkpt>
      <trkpt lat="30.11811" lon="-96.27095">
        <ele>92.5</ele>
      </trkpt>
      <trkpt lat="30.11808" lon="-96.27096">
        <ele>92.3</ele>
      </trkpt>
      <trkpt lat="30.11779" lon="-96.27116">
        <ele>91.8</ele>
      </trkpt>
      <trkpt lat="30.11763" lon="-96.27124">
        <ele>91.8</ele>
      </trkpt>
      <trkpt lat="30.11741" lon="-96.27135">
        <ele>91.7</ele>
      </trkpt>
      <trkpt lat="30.1171" lon="-96.27152">
        <ele>91.9</ele>
      </trkpt>
      <trkpt lat="30.11698" lon="-96.27161">
        <ele>92.0</ele>
      </trkpt>
      <trkpt lat="30.11689" lon="-96.27169">
        <ele>92.0</ele>
      </trkpt>
      <trkpt lat="30.11628" lon="-96.27254">
        <ele>93.3</ele>
      </trkpt>
      <trkpt lat="30.1161" lon="-96.27281">
        <ele>92.9</ele>
      </trkpt>
      <trkpt lat="30.11597" lon="-96.27298">
        <ele>92.3</ele>
      </trkpt>
      <trkpt lat="30.11564" lon="-96.27348">
        <ele>91.8</ele>
      </trkpt>
      <trkpt lat="30.11563" lon="-96.2735">
        <ele>91.8</ele>
      </trkpt>
      <trkpt lat="30.11542" lon="-96.27385">
        <ele>91.8</ele>
      </trkpt>
      <trkpt lat="30.11529" lon="-96.274">
        <ele>91.8</ele>
      </trkpt>
      <trkpt lat="30.11514" lon="-96.27412">
        <ele>92.1</ele>
      </trkpt>
      <trkpt lat="30.11499" lon="-96.27422">
        <ele>92.5</ele>
      </trkpt>
      <trkpt lat="30.11479" lon="-96.27432">
        <ele>92.9</ele>
      </trkpt>
      <trkpt lat="30.11441" lon="-96.2744">
        <ele>93.2</ele>
      </trkpt>
      <trkpt lat="30.11432" lon="-96.27442">
        <ele>93.2</ele>
      </trkpt>
      <trkpt lat="30.11379" lon="-96.27452">
        <ele>93.2</ele>
      </trkpt>
      <trkpt lat="30.11304" lon="-96.27467">
        <ele>92.4</ele>
      </trkpt>
      <trkpt lat="30.11184" lon="-96.27488">
        <ele>89.2</ele>
      </trkpt>
      <trkpt lat="30.11152" lon="-96.27493">
        <ele>88.5</ele>
      </trkpt>
      <trkpt lat="30.11024" lon="-96.27518">
        <ele>82.5</ele>
      </trkpt>
      <trkpt lat="30.10932" lon="-96.27536">
        <ele>79.8</ele>
      </trkpt>
      <trkpt lat="30.10883" lon="-96.27549">
        <ele>78.5</ele>
      </trkpt>
      <trkpt lat="30.10845" lon="-96.2755899">
        <ele>77.2</ele>
      </trkpt>
      <trkpt lat="30.10778" lon="-96.27579">
        <ele>75.4</ele>
      </trkpt>
      <trkpt lat="30.10743" lon="-96.27589">
        <ele>75.0</ele>
      </trkpt>
      <trkpt lat="30.10621" lon="-96.27625">
        <ele>73.1</ele>
      </trkpt>
      <trkpt lat="30.10559" lon="-96.2764399">
        <ele>71.0</ele>
      </trkpt>
      <trkpt lat="30.10506" lon="-96.27662">
        <ele>69.5</ele>
      </trkpt>
      <trkpt lat="30.10485" lon="-96.27673">
        <ele>69.5</ele>
      </trkpt>
      <trkpt lat="30.10464" lon="-96.27689">
        <ele>69.3</ele>
      </trkpt>
      <trkpt lat="30.10441" lon="-96.27712">
        <ele>68.8</ele>
      </trkpt>
      <trkpt lat="30.10437" lon="-96.27717">
        <ele>68.8</ele>
      </trkpt>
      <trkpt lat="30.10411" lon="-96.27745">
        <ele>67.8</ele>
      </trkpt>
      <trkpt lat="30.1037" lon="-96.27792">
        <ele>67.0</ele>
      </trkpt>
      <trkpt lat="30.10327" lon="-96.27849">
        <ele>66.3</ele>
      </trkpt>
      <trkpt lat="30.10286" lon="-96.27907">
        <ele>65.2</ele>
      </trkpt>
      <trkpt lat="30.10261" lon="-96.27947">
        <ele>64.5</ele>
      </trkpt>
      <trkpt lat="30.10237" lon="-96.2798399">
        <ele>64.4</ele>
      </trkpt>
      <trkpt lat="30.10209" lon="-96.2803">
        <ele>64.3</ele>
      </trkpt>
      <trkpt lat="30.10171" lon="-96.28103">
        <ele>64.0</ele>
      </trkpt>
      <trkpt lat="30.10163" lon="-96.2812">
        <ele>64.0</ele>
      </trkpt>
      <trkpt lat="30.10151" lon="-96.28144">
        <ele>63.7</ele>
      </trkpt>
      <trkpt lat="30.10145" lon="-96.2815">
        <ele>63.5</ele>
      </trkpt>
      <trkpt lat="30.10139" lon="-96.28155">
        <ele>63.4</ele>
      </trkpt>
      <trkpt lat="30.10126" lon="-96.28165">
        <ele>64.1</ele>
      </trkpt>
      <trkpt lat="30.10102" lon="-96.28182">
        <ele>66.5</ele>
      </trkpt>
      <trkpt lat="30.10095" lon="-96.28187">
        <ele>67.1</ele>
      </trkpt>
      <trkpt lat="30.10064" lon="-96.2820799">
        <ele>69.6</ele>
      </trkpt>
      <trkpt lat="30.10053" lon="-96.28216">
        <ele>70.3</ele>
      </trkpt>
      <trkpt lat="30.1004" lon="-96.2823">
        <ele>72.2</ele>
      </trkpt>
      <trkpt lat="30.10037" lon="-96.28236">
        <ele>72.5</ele>
      </trkpt>
      <trkpt lat="30.10031" lon="-96.28249">
        <ele>72.8</ele>
      </trkpt>
      <trkpt lat="30.10022" lon="-96.28273">
        <ele>73.8</ele>
      </trkpt>
      <trkpt lat="30.09996" lon="-96.28344">
        <ele>74.5</ele>
      </trkpt>
      <trkpt lat="30.09994" lon="-96.2835">
        <ele>74.6</ele>
      </trkpt>
      <trkpt lat="30.09973" lon="-96.28407">
        <ele>73.9</ele>
      </trkpt>
      <trkpt lat="30.09938" lon="-96.28503">
        <ele>70.5</ele>
      </trkpt>
      <trkpt lat="30.09918" lon="-96.28556">
        <ele>68.9</ele>
      </trkpt>
      <trkpt lat="30.09892" lon="-96.28623">
        <ele>67.6</ele>
      </trkpt>
      <trkpt lat="30.09875" lon="-96.28671">
        <ele>67.5</ele>
      </trkpt>
      <trkpt lat="30.09875" lon="-96.28672">
        <ele>67.5</ele>
      </trkpt>
      <trkpt lat="30.09851" lon="-96.28724">
        <ele>66.7</ele>
      </trkpt>
      <trkpt lat="30.0982" lon="-96.28779">
        <ele>65.9</ele>
      </trkpt>
      <trkpt lat="30.09802" lon="-96.28807">
        <ele>65.4</ele>
      </trkpt>
      <trkpt lat="30.09785" lon="-96.2882599">
        <ele>65.0</ele>
      </trkpt>
      <trkpt lat="30.09758" lon="-96.28858">
        <ele>64.3</ele>
      </trkpt>
      <trkpt lat="30.09739" lon="-96.28882">
        <ele>63.9</ele>
      </trkpt>
      <trkpt lat="30.09735" lon="-96.28885">
        <ele>63.3</ele>
      </trkpt>
      <trkpt lat="30.09727" lon="-96.28891">
        <ele>61.7</ele>
      </trkpt>
      <trkpt lat="30.09693" lon="-96.28899">
        <ele>61.0</ele>
      </trkpt>
      <trkpt lat="30.09688" lon="-96.289">
        <ele>61.0</ele>
      </trkpt>
      <trkpt lat="30.09683" lon="-96.289">
        <ele>61.0</ele>
      </trkpt>
      <trkpt lat="30.09683" lon="-96.289">
        <ele>61.0</ele>
      </trkpt>
      <trkpt lat="30.09674" lon="-96.28901">
        <ele>61.0</ele>
      </trkpt>
      <trkpt lat="30.09601" lon="-96.28888">
        <ele>64.2</ele>
      </trkpt>
      <trkpt lat="30.09595" lon="-96.28883">
        <ele>64.3</ele>
      </trkpt>
      <trkpt lat="30.09589" lon="-96.28881">
        <ele>64.4</ele>
      </trkpt>
      <trkpt lat="30.0958" lon="-96.28879">
        <ele>64.6</ele>
      </trkpt>
      <trkpt lat="30.09502" lon="-96.28867">
        <ele>66.0</ele>
      </trkpt>
      <trkpt lat="30.0945" lon="-96.28859">
        <ele>65.8</ele>
      </trkpt>
      <trkpt lat="30.09377" lon="-96.28849">
        <ele>65.8</ele>
      </trkpt>
      <trkpt lat="30.093" lon="-96.28838">
        <ele>66.5</ele>
      </trkpt>
      <trkpt lat="30.09207" lon="-96.28824">
        <ele>67.2</ele>
      </trkpt>
      <trkpt lat="30.09136" lon="-96.28819">
        <ele>69.2</ele>
      </trkpt>
      <trkpt lat="30.09127" lon="-96.28819">
        <ele>69.4</ele>
      </trkpt>
      <trkpt lat="30.09037" lon="-96.28819">
        <ele>72.5</ele>
      </trkpt>
      <trkpt lat="30.09029" lon="-96.28819">
        <ele>72.9</ele>
      </trkpt>
      <trkpt lat="30.08944" lon="-96.28818">
        <ele>76.5</ele>
      </trkpt>
      <trkpt lat="30.08929" lon="-96.28818">
        <ele>76.9</ele>
      </trkpt>
      <trkpt lat="30.08921" lon="-96.28819">
        <ele>77.2</ele>
      </trkpt>
      <trkpt lat="30.08896" lon="-96.28822">
        <ele>78.1</ele>
      </trkpt>
      <trkpt lat="30.08893" lon="-96.28822">
        <ele>78.2</ele>
      </trkpt>
      <trkpt lat="30.08857" lon="-96.28828">
        <ele>79.3</ele>
      </trkpt>
      <trkpt lat="30.08801" lon="-96.28841">
        <ele>80.8</ele>
      </trkpt>
      <trkpt lat="30.08712" lon="-96.28863">
        <ele>81.9</ele>
      </trkpt>
      <trkpt lat="30.08681" lon="-96.2887">
        <ele>82.1</ele>
      </trkpt>
      <trkpt lat="30.08646" lon="-96.28878">
        <ele>83.7</ele>
      </trkpt>
      <trkpt lat="30.08527" lon="-96.28909">
        <ele>84.6</ele>
      </trkpt>
      <trkpt lat="30.08523" lon="-96.2891">
        <ele>84.7</ele>
      </trkpt>
      <trkpt lat="30.08453" lon="-96.28929">
        <ele>85.0</ele>
      </trkpt>
      <trkpt lat="30.08348" lon="-96.28956">
        <ele>86.6</ele>
      </trkpt>
      <trkpt lat="30.08322" lon="-96.28963">
        <ele>86.6</ele>
      </trkpt>
      <trkpt lat="30.08295" lon="-96.2897">
        <ele>86.6</ele>
      </trkpt>
      <trkpt lat="30.08278" lon="-96.28974">
        <ele>86.6</ele>
      </trkpt>
      <trkpt lat="30.08269" lon="-96.28976">
        <ele>86.7</ele>
      </trkpt>
      <trkpt lat="30.08218" lon="-96.28973">
        <ele>87.7</ele>
      </trkpt>
      <trkpt lat="30.08206" lon="-96.2896899">
        <ele>88.1</ele>
      </trkpt>
      <trkpt lat="30.08206" lon="-96.2896899">
        <ele>88.1</ele>
      </trkpt>
      <trkpt lat="30.0824" lon="-96.29013">
        <ele>85.4</ele>
      </trkpt>
      <trkpt lat="30.08265" lon="-96.29041">
        <ele>85.3</ele>
      </trkpt>
      <trkpt lat="30.08329" lon="-96.29114">
        <ele>85.3</ele>
      </trkpt>
      <trkpt lat="30.08339" lon="-96.29124">
        <ele>85.3</ele>
      </trkpt>
      <trkpt lat="30.08388" lon="-96.29178">
        <ele>88.3</ele>
      </trkpt>
      <trkpt lat="30.08394" lon="-96.29186">
        <ele>88.7</ele>
      </trkpt>
      <trkpt lat="30.08403" lon="-96.292">
        <ele>89.3</ele>
      </trkpt>
      <trkpt lat="30.08406" lon="-96.29207">
        <ele>89.3</ele>
      </trkpt>
      <trkpt lat="30.08408" lon="-96.29215">
        <ele>89.3</ele>
      </trkpt>
      <trkpt lat="30.08407" lon="-96.29223">
        <ele>89.3</ele>
      </trkpt>
      <trkpt lat="30.08407" lon="-96.29228">
        <ele>89.1</ele>
      </trkpt>
      <trkpt lat="30.08387" lon="-96.29345">
        <ele>82.5</ele>
      </trkpt>
      <trkpt lat="30.0837" lon="-96.29447">
        <ele>78.5</ele>
      </trkpt>
      <trkpt lat="30.0836" lon="-96.29504">
        <ele>77.0</ele>
      </trkpt>
      <trkpt lat="30.08336" lon="-96.29651">
        <ele>70.8</ele>
      </trkpt>
      <trkpt lat="30.08336" lon="-96.2965399">
        <ele>70.7</ele>
      </trkpt>
      <trkpt lat="30.08322" lon="-96.29733">
        <ele>68.9</ele>
      </trkpt>
      <trkpt lat="30.08311" lon="-96.29794">
        <ele>67.7</ele>
      </trkpt>
      <trkpt lat="30.08308" lon="-96.29812">
        <ele>67.4</ele>
      </trkpt>
      <trkpt lat="30.08292" lon="-96.29903">
        <ele>68.3</ele>
      </trkpt>
      <trkpt lat="30.08277" lon="-96.29984">
        <ele>67.0</ele>
      </trkpt>
      <trkpt lat="30.08277" lon="-96.30017">
        <ele>67.4</ele>
      </trkpt>
      <trkpt lat="30.08274" lon="-96.30047">
        <ele>67.7</ele>
      </trkpt>
      <trkpt lat="30.08272" lon="-96.30062">
        <ele>67.8</ele>
      </trkpt>
      <trkpt lat="30.08267" lon="-96.30103">
        <ele>68.0</ele>
      </trkpt>
      <trkpt lat="30.08261" lon="-96.30137">
        <ele>68.4</ele>
      </trkpt>
      <trkpt lat="30.08251" lon="-96.30173">
        <ele>68.9</ele>
      </trkpt>
      <trkpt lat="30.0824" lon="-96.30224">
        <ele>69.8</ele>
      </trkpt>
      <trkpt lat="30.08239" lon="-96.30231">
        <ele>70.0</ele>
      </trkpt>
      <trkpt lat="30.08238" lon="-96.30235">
        <ele>70.2</ele>
      </trkpt>
      <trkpt lat="30.0822" lon="-96.30333">
        <ele>72.5</ele>
      </trkpt>
      <trkpt lat="30.08207" lon="-96.30407">
        <ele>72.5</ele>
      </trkpt>
      <trkpt lat="30.08199" lon="-96.30455">
        <ele>71.3</ele>
      </trkpt>
      <trkpt lat="30.08173" lon="-96.30614">
        <ele>79.9</ele>
      </trkpt>
      <trkpt lat="30.08172" lon="-96.30618">
        <ele>80.0</ele>
      </trkpt>
      <trkpt lat="30.08166" lon="-96.30659">
        <ele>79.6</ele>
      </trkpt>
      <trkpt lat="30.08165" lon="-96.30665">
        <ele>79.4</ele>
      </trkpt>
      <trkpt lat="30.08155" lon="-96.30716">
        <ele>78.1</ele>
      </trkpt>
      <trkpt lat="30.08159" lon="-96.3074">
        <ele>77.2</ele>
      </trkpt>
      <trkpt lat="30.08161" lon="-96.30757">
        <ele>76.2</ele>
      </trkpt>
      <trkpt lat="30.08208" lon="-96.30825">
        <ele>76.8</ele>
      </trkpt>
      <trkpt lat="30.08216" lon="-96.30837">
        <ele>77.5</ele>
      </trkpt>
      <trkpt lat="30.08253" lon="-96.30892">
        <ele>78.8</ele>
      </trkpt>
      <trkpt lat="30.08264" lon="-96.3092999">
        <ele>79.2</ele>
      </trkpt>
      <trkpt lat="30.08267" lon="-96.30938">
        <ele>79.4</ele>
      </trkpt>
      <trkpt lat="30.08272" lon="-96.31004">
        <ele>79.8</ele>
      </trkpt>
      <trkpt lat="30.08271" lon="-96.3103299">
        <ele>80.6</ele>
      </trkpt>
      <trkpt lat="30.08271" lon="-96.3105">
        <ele>80.8</ele>
      </trkpt>
      <trkpt lat="30.08265" lon="-96.31098">
        <ele>81.8</ele>
      </trkpt>
      <trkpt lat="30.08264" lon="-96.31116">
        <ele>82.1</ele>
      </trkpt>
      <trkpt lat="30.08261" lon="-96.31157">
        <ele>83.0</ele>
      </trkpt>
      <trkpt lat="30.08261" lon="-96.31158">
        <ele>83.1</ele>
      </trkpt>
      <trkpt lat="30.08262" lon="-96.31184">
        <ele>84.3</ele>
      </trkpt>
      <trkpt lat="30.08268" lon="-96.31201">
        <ele>85.4</ele>
      </trkpt>
      <trkpt lat="30.08272" lon="-96.31207">
        <ele>85.9</ele>
      </trkpt>
      <trkpt lat="30.08278" lon="-96.31209">
        <ele>86.3</ele>
      </trkpt>
      <trkpt lat="30.08291" lon="-96.3121199">
        <ele>87.4</ele>
      </trkpt>
      <trkpt lat="30.0831" lon="-96.31216">
        <ele>89.0</ele>
      </trkpt>
      <trkpt lat="30.08315" lon="-96.31219">
        <ele>89.6</ele>
      </trkpt>
      <trkpt lat="30.0832" lon="-96.3122099">
        <ele>90.1</ele>
      </trkpt>
      <trkpt lat="30.08323" lon="-96.31225">
        <ele>90.6</ele>
      </trkpt>
      <trkpt lat="30.08325" lon="-96.31227">
        <ele>90.8</ele>
      </trkpt>
      <trkpt lat="30.08326" lon="-96.31233">
        <ele>91.1</ele>
      </trkpt>
      <trkpt lat="30.08327" lon="-96.31238">
        <ele>91.3</ele>
      </trkpt>
      <trkpt lat="30.08325" lon="-96.31253">
        <ele>91.4</ele>
      </trkpt>
      <trkpt lat="30.08322" lon="-96.31274">
        <ele>91.3</ele>
      </trkpt>
      <trkpt lat="30.08306" lon="-96.31376">
        <ele>89.5</ele>
      </trkpt>
      <trkpt lat="30.08295" lon="-96.31457">
        <ele>90.9</ele>
      </trkpt>
      <trkpt lat="30.08244" lon="-96.31759">
        <ele>99.1</ele>
      </trkpt>
      <trkpt lat="30.0824" lon="-96.3178">
        <ele>99.0</ele>
      </trkpt>
      <trkpt lat="30.08234" lon="-96.3182099">
        <ele>98.2</ele>
      </trkpt>
      <trkpt lat="30.08217" lon="-96.31922">
        <ele>93.7</ele>
      </trkpt>
      <trkpt lat="30.08207" lon="-96.31983">
        <ele>91.0</ele>
      </trkpt>
      <trkpt lat="30.08197" lon="-96.3204499">
        <ele>89.1</ele>
      </trkpt>
      <trkpt lat="30.08186" lon="-96.32106">
        <ele>86.1</ele>
      </trkpt>
      <trkpt lat="30.08176" lon="-96.32167">
        <ele>87.9</ele>
      </trkpt>
      <trkpt lat="30.0817" lon="-96.32208">
        <ele>89.9</ele>
      </trkpt>
      <trkpt lat="30.08148" lon="-96.3233599">
        <ele>97.4</ele>
      </trkpt>
      <trkpt lat="30.08146" lon="-96.3235">
        <ele>97.9</ele>
      </trkpt>
      <trkpt lat="30.08145" lon="-96.32358">
        <ele>98.1</ele>
      </trkpt>
      <trkpt lat="30.08139" lon="-96.32391">
        <ele>99.7</ele>
      </trkpt>
      <trkpt lat="30.08132" lon="-96.32432">
        <ele>100.0</ele>
      </trkpt>
      <trkpt lat="30.08119" lon="-96.32513">
        <ele>99.5</ele>
      </trkpt>
      <trkpt lat="30.08105" lon="-96.32594">
        <ele>99.6</ele>
      </trkpt>
      <trkpt lat="30.08092" lon="-96.32673">
        <ele>99.5</ele>
      </trkpt>
      <trkpt lat="30.08085" lon="-96.32714">
        <ele>100.1</ele>
      </trkpt>
      <trkpt lat="30.08071" lon="-96.32794">
        <ele>102.2</ele>
      </trkpt>
      <trkpt lat="30.08069" lon="-96.32805">
        <ele>102.5</ele>
      </trkpt>
      <trkpt lat="30.08059" lon="-96.32866">
        <ele>103.7</ele>
      </trkpt>
      <trkpt lat="30.08049" lon="-96.32929">
        <ele>106.6</ele>
      </trkpt>
      <trkpt lat="30.08043" lon="-96.32968">
        <ele>107.9</ele>
      </trkpt>
      <trkpt lat="30.08041" lon="-96.32977">
        <ele>108.2</ele>
      </trkpt>
      <trkpt lat="30.08035" lon="-96.33016">
        <ele>109.0</ele>
      </trkpt>
      <trkpt lat="30.08032" lon="-96.33033">
        <ele>109.1</ele>
      </trkpt>
      <trkpt lat="30.08025" lon="-96.33074">
        <ele>108.9</ele>
      </trkpt>
      <trkpt lat="30.08003" lon="-96.33197">
        <ele>106.4</ele>
      </trkpt>
      <trkpt lat="30.08" lon="-96.33217">
        <ele>106.0</ele>
      </trkpt>
      <trkpt lat="30.07979" lon="-96.3336">
        <ele>106.7</ele>
      </trkpt>
      <trkpt lat="30.07973" lon="-96.33395">
        <ele>105.7</ele>
      </trkpt>
      <trkpt lat="30.0796" lon="-96.33481">
        <ele>102.3</ele>
      </trkpt>
      <trkpt lat="30.07959" lon="-96.3349">
        <ele>101.9</ele>
      </trkpt>
      <trkpt lat="30.07954" lon="-96.33543">
        <ele>102.9</ele>
      </trkpt>
      <trkpt lat="30.07954" lon="-96.33543">
        <ele>102.9</ele>
      </trkpt>
      <trkpt lat="30.07917" lon="-96.33534">
        <ele>102.4</ele>
      </trkpt>
      <trkpt lat="30.07864" lon="-96.33521">
        <ele>103.1</ele>
      </trkpt>
      <trkpt lat="30.07705" lon="-96.33487">
        <ele>96.9</ele>
      </trkpt>
      <trkpt lat="30.07697" lon="-96.33486">
        <ele>96.6</ele>
      </trkpt>
      <trkpt lat="30.07677" lon="-96.33483">
        <ele>95.8</ele>
      </trkpt>
      <trkpt lat="30.07669" lon="-96.33484">
        <ele>95.5</ele>
      </trkpt>
      <trkpt lat="30.07648" lon="-96.33486">
        <ele>93.1</ele>
      </trkpt>
      <trkpt lat="30.07645" lon="-96.33487">
        <ele>92.9</ele>
      </trkpt>
      <trkpt lat="30.07636" lon="-96.33488">
        <ele>92.6</ele>
      </trkpt>
      <trkpt lat="30.07585" lon="-96.3349999">
        <ele>97.2</ele>
      </trkpt>
      <trkpt lat="30.07568" lon="-96.33502">
        <ele>98.1</ele>
      </trkpt>
      <trkpt lat="30.07557" lon="-96.33504">
        <ele>99.2</ele>
      </trkpt>
      <trkpt lat="30.07544" lon="-96.33501">
        <ele>100.5</ele>
      </trkpt>
      <trkpt lat="30.07529" lon="-96.33499">
        <ele>100.8</ele>
      </trkpt>
      <trkpt lat="30.07513" lon="-96.33495">
        <ele>102.2</ele>
      </trkpt>
      <trkpt lat="30.07476" lon="-96.33485">
        <ele>105.2</ele>
      </trkpt>
      <trkpt lat="30.07451" lon="-96.33477">
        <ele>106.4</ele>
      </trkpt>
      <trkpt lat="30.07401" lon="-96.33463">
        <ele>108.3</ele>
      </trkpt>
      <trkpt lat="30.07363" lon="-96.33452">
        <ele>109.7</ele>
      </trkpt>
      <trkpt lat="30.07291" lon="-96.33433">
        <ele>112.2</ele>
      </trkpt>
      <trkpt lat="30.07241" lon="-96.33419">
        <ele>113.6</ele>
      </trkpt>
      <trkpt lat="30.0717" lon="-96.33401">
        <ele>114.2</ele>
      </trkpt>
      <trkpt lat="30.07142" lon="-96.33394">
        <ele>114.3</ele>
      </trkpt>
      <trkpt lat="30.07082" lon="-96.33378">
        <ele>112.8</ele>
      </trkpt>
      <trkpt lat="30.07028" lon="-96.33364">
        <ele>111.9</ele>
      </trkpt>
      <trkpt lat="30.0702" lon="-96.33362">
        <ele>111.6</ele>
      </trkpt>
      <trkpt lat="30.06963" lon="-96.33346">
        <ele>109.2</ele>
      </trkpt>
      <trkpt lat="30.06958" lon="-96.33345">
        <ele>109.0</ele>
      </trkpt>
      <trkpt lat="30.06943" lon="-96.33341">
        <ele>108.4</ele>
      </trkpt>
      <trkpt lat="30.06933" lon="-96.33341">
        <ele>107.9</ele>
      </trkpt>
      <trkpt lat="30.06926" lon="-96.33345">
        <ele>107.6</ele>
      </trkpt>
      <trkpt lat="30.0692" lon="-96.33351">
        <ele>107.4</ele>
      </trkpt>
      <trkpt lat="30.06911" lon="-96.3337899">
        <ele>106.2</ele>
      </trkpt>
      <trkpt lat="30.0691" lon="-96.33384">
        <ele>106.0</ele>
      </trkpt>
      <trkpt lat="30.06904" lon="-96.33426">
        <ele>104.2</ele>
      </trkpt>
      <trkpt lat="30.069" lon="-96.33446">
        <ele>103.8</ele>
      </trkpt>
      <trkpt lat="30.06896" lon="-96.33471">
        <ele>104.0</ele>
      </trkpt>
      <trkpt lat="30.0689" lon="-96.33507">
        <ele>105.1</ele>
      </trkpt>
      <trkpt lat="30.06886" lon="-96.33527">
        <ele>105.8</ele>
      </trkpt>
      <trkpt lat="30.06877" lon="-96.33588">
        <ele>107.5</ele>
      </trkpt>
      <trkpt lat="30.06877" lon="-96.33589">
        <ele>107.7</ele>
      </trkpt>
      <trkpt lat="30.06868" lon="-96.33644">
        <ele>109.7</ele>
      </trkpt>
      <trkpt lat="30.0686" lon="-96.33691">
        <ele>111.6</ele>
      </trkpt>
      <trkpt lat="30.06856" lon="-96.33711">
        <ele>112.6</ele>
      </trkpt>
      <trkpt lat="30.0685" lon="-96.3375499">
        <ele>114.2</ele>
      </trkpt>
      <trkpt lat="30.06843" lon="-96.33793">
        <ele>116.4</ele>
      </trkpt>
      <trkpt lat="30.06842" lon="-96.33795">
        <ele>116.5</ele>
      </trkpt>
      <trkpt lat="30.06837" lon="-96.33829">
        <ele>117.6</ele>
      </trkpt>
      <trkpt lat="30.06835" lon="-96.33833">
        <ele>117.6</ele>
      </trkpt>
      <trkpt lat="30.06833" lon="-96.33839">
        <ele>117.7</ele>
      </trkpt>
      <trkpt lat="30.06827" lon="-96.33842">
        <ele>117.5</ele>
      </trkpt>
      <trkpt lat="30.06821" lon="-96.33844">
        <ele>117.2</ele>
      </trkpt>
      <trkpt lat="30.06819" lon="-96.33845">
        <ele>117.1</ele>
      </trkpt>
      <trkpt lat="30.06806" lon="-96.33839">
        <ele>116.1</ele>
      </trkpt>
      <trkpt lat="30.06766" lon="-96.33789">
        <ele>113.1</ele>
      </trkpt>
      <trkpt lat="30.06714" lon="-96.33721">
        <ele>110.6</ele>
      </trkpt>
      <trkpt lat="30.0666" lon="-96.33651">
        <ele>106.8</ele>
      </trkpt>
      <trkpt lat="30.06637" lon="-96.33623">
        <ele>105.8</ele>
      </trkpt>
      <trkpt lat="30.06589" lon="-96.33559">
        <ele>102.9</ele>
      </trkpt>
      <trkpt lat="30.06504" lon="-96.33451">
        <ele>108.4</ele>
      </trkpt>
      <trkpt lat="30.06492" lon="-96.33436">
        <ele>109.4</ele>
      </trkpt>
      <trkpt lat="30.06471" lon="-96.3341">
        <ele>110.5</ele>
      </trkpt>
      <trkpt lat="30.0647" lon="-96.33408">
        <ele>110.5</ele>
      </trkpt>
      <trkpt lat="30.06449" lon="-96.33382">
        <ele>109.6</ele>
      </trkpt>
      <trkpt lat="30.064" lon="-96.33322">
        <ele>106.6</ele>
      </trkpt>
      <trkpt lat="30.06339" lon="-96.33246">
        <ele>101.0</ele>
      </trkpt>
      <trkpt lat="30.06328" lon="-96.33233">
        <ele>100.4</ele>
      </trkpt>
      <trkpt lat="30.06316" lon="-96.33214">
        <ele>99.0</ele>
      </trkpt>
      <trkpt lat="30.06316" lon="-96.33214">
        <ele>99.0</ele>
      </trkpt>
      <trkpt lat="30.06316" lon="-96.33205">
        <ele>98.4</ele>
      </trkpt>
      <trkpt lat="30.06317" lon="-96.33196">
        <ele>97.8</ele>
      </trkpt>
      <trkpt lat="30.06321" lon="-96.33181">
        <ele>97.3</ele>
      </trkpt>
      <trkpt lat="30.06325" lon="-96.33167">
        <ele>97.3</ele>
      </trkpt>
      <trkpt lat="30.06333" lon="-96.33144">
        <ele>97.3</ele>
      </trkpt>
      <trkpt lat="30.06351" lon="-96.33065">
        <ele>97.3</ele>
      </trkpt>
      <trkpt lat="30.06354" lon="-96.33038">
        <ele>97.0</ele>
      </trkpt>
      <trkpt lat="30.06355" lon="-96.3298499">
        <ele>94.6</ele>
      </trkpt>
      <trkpt lat="30.06355" lon="-96.3297">
        <ele>94.5</ele>
      </trkpt>
      <trkpt lat="30.0636" lon="-96.32862">
        <ele>89.9</ele>
      </trkpt>
      <trkpt lat="30.0636" lon="-96.32861">
        <ele>89.8</ele>
      </trkpt>
      <trkpt lat="30.06361" lon="-96.32832">
        <ele>88.6</ele>
      </trkpt>
      <trkpt lat="30.06361" lon="-96.32829">
        <ele>88.9</ele>
      </trkpt>
      <trkpt lat="30.06365" lon="-96.32774">
        <ele>93.8</ele>
      </trkpt>
      <trkpt lat="30.06364" lon="-96.32771">
        <ele>94.0</ele>
      </trkpt>
      <trkpt lat="30.06368" lon="-96.32731">
        <ele>94.8</ele>
      </trkpt>
      <trkpt lat="30.06368" lon="-96.32713">
        <ele>94.1</ele>
      </trkpt>
      <trkpt lat="30.06368" lon="-96.3271199">
        <ele>94.1</ele>
      </trkpt>
      <trkpt lat="30.06363" lon="-96.32663">
        <ele>93.6</ele>
      </trkpt>
      <trkpt lat="30.06364" lon="-96.32646">
        <ele>93.3</ele>
      </trkpt>
      <trkpt lat="30.06368" lon="-96.32598">
        <ele>92.9</ele>
      </trkpt>
      <trkpt lat="30.06372" lon="-96.32567">
        <ele>92.5</ele>
      </trkpt>
      <trkpt lat="30.064" lon="-96.32383">
        <ele>93.0</ele>
      </trkpt>
      <trkpt lat="30.06409" lon="-96.32331">
        <ele>92.4</ele>
      </trkpt>
      <trkpt lat="30.06413" lon="-96.32301">
        <ele>91.4</ele>
      </trkpt>
      <trkpt lat="30.06428" lon="-96.32199">
        <ele>87.0</ele>
      </trkpt>
      <trkpt lat="30.06437" lon="-96.32143">
        <ele>85.6</ele>
      </trkpt>
      <trkpt lat="30.06439" lon="-96.32122">
        <ele>85.8</ele>
      </trkpt>
      <trkpt lat="30.0645" lon="-96.3206">
        <ele>87.7</ele>
      </trkpt>
      <trkpt lat="30.06463" lon="-96.31979">
        <ele>91.3</ele>
      </trkpt>
      <trkpt lat="30.0647" lon="-96.31938">
        <ele>92.8</ele>
      </trkpt>
      <trkpt lat="30.06475" lon="-96.3191">
        <ele>91.9</ele>
      </trkpt>
      <trkpt lat="30.06477" lon="-96.3189699">
        <ele>91.1</ele>
      </trkpt>
      <trkpt lat="30.0649" lon="-96.31827">
        <ele>88.8</ele>
      </trkpt>
      <trkpt lat="30.065" lon="-96.31782">
        <ele>89.3</ele>
      </trkpt>
      <trkpt lat="30.06502" lon="-96.31767">
        <ele>90.3</ele>
      </trkpt>
      <trkpt lat="30.06513" lon="-96.31695">
        <ele>95.5</ele>
      </trkpt>
      <trkpt lat="30.0652" lon="-96.31644">
        <ele>95.8</ele>
      </trkpt>
      <trkpt lat="30.06524" lon="-96.31623">
        <ele>95.7</ele>
      </trkpt>
      <trkpt lat="30.06525" lon="-96.31611">
        <ele>95.6</ele>
      </trkpt>
      <trkpt lat="30.06525" lon="-96.3160599">
        <ele>95.5</ele>
      </trkpt>
      <trkpt lat="30.06525" lon="-96.31604">
        <ele>95.4</ele>
      </trkpt>
      <trkpt lat="30.06523" lon="-96.316">
        <ele>95.4</ele>
      </trkpt>
      <trkpt lat="30.06518" lon="-96.31592">
        <ele>95.2</ele>
      </trkpt>
      <trkpt lat="30.06516" lon="-96.31591">
        <ele>95.2</ele>
      </trkpt>
      <trkpt lat="30.06512" lon="-96.31588">
        <ele>95.1</ele>
      </trkpt>
      <trkpt lat="30.0651" lon="-96.31587">
        <ele>95.1</ele>
      </trkpt>
      <trkpt lat="30.06448" lon="-96.31577">
        <ele>95.9</ele>
      </trkpt>
      <trkpt lat="30.06442" lon="-96.31576">
        <ele>96.0</ele>
      </trkpt>
      <trkpt lat="30.06432" lon="-96.31572">
        <ele>96.0</ele>
      </trkpt>
      <trkpt lat="30.06431" lon="-96.31571">
        <ele>96.0</ele>
      </trkpt>
      <trkpt lat="30.0643" lon="-96.3157">
        <ele>95.9</ele>
      </trkpt>
      <trkpt lat="30.06429" lon="-96.31569">
        <ele>95.9</ele>
      </trkpt>
      <trkpt lat="30.06429" lon="-96.31568">
        <ele>95.9</ele>
      </trkpt>
      <trkpt lat="30.06429" lon="-96.31567">
        <ele>95.8</ele>
      </trkpt>
      <trkpt lat="30.06428" lon="-96.3156">
        <ele>95.6</ele>
      </trkpt>
      <trkpt lat="30.0643" lon="-96.31529">
        <ele>94.9</ele>
      </trkpt>
      <trkpt lat="30.06434" lon="-96.31487">
        <ele>94.8</ele>
      </trkpt>
      <trkpt lat="30.06438" lon="-96.31428">
        <ele>96.3</ele>
      </trkpt>
      <trkpt lat="30.06441" lon="-96.31404">
        <ele>97.0</ele>
      </trkpt>
      <trkpt lat="30.06445" lon="-96.31363">
        <ele>97.2</ele>
      </trkpt>
      <trkpt lat="30.06458" lon="-96.31242">
        <ele>94.4</ele>
      </trkpt>
      <trkpt lat="30.06458" lon="-96.3123899">
        <ele>94.4</ele>
      </trkpt>
      <trkpt lat="30.06463" lon="-96.31177">
        <ele>91.0</ele>
      </trkpt>
      <trkpt lat="30.06466" lon="-96.31146">
        <ele>88.2</ele>
      </trkpt>
      <trkpt lat="30.06478" lon="-96.3103299">
        <ele>83.2</ele>
      </trkpt>
      <trkpt lat="30.06484" lon="-96.30971">
        <ele>80.4</ele>
      </trkpt>
      <trkpt lat="30.0649" lon="-96.30909">
        <ele>78.3</ele>
      </trkpt>
      <trkpt lat="30.06498" lon="-96.30826">
        <ele>76.8</ele>
      </trkpt>
      <trkpt lat="30.06504" lon="-96.30771">
        <ele>75.2</ele>
      </trkpt>
      <trkpt lat="30.06506" lon="-96.3075099">
        <ele>75.1</ele>
      </trkpt>
      <trkpt lat="30.06509" lon="-96.30723">
        <ele>77.7</ele>
      </trkpt>
      <trkpt lat="30.06512" lon="-96.30689">
        <ele>79.9</ele>
      </trkpt>
      <trkpt lat="30.06515" lon="-96.30646">
        <ele>82.4</ele>
      </trkpt>
      <trkpt lat="30.06519" lon="-96.30607">
        <ele>83.2</ele>
      </trkpt>
      <trkpt lat="30.06523" lon="-96.30565">
        <ele>83.8</ele>
      </trkpt>
      <trkpt lat="30.06523" lon="-96.30562">
        <ele>83.9</ele>
      </trkpt>
      <trkpt lat="30.06531" lon="-96.30549">
        <ele>83.8</ele>
      </trkpt>
      <trkpt lat="30.06532" lon="-96.30548">
        <ele>83.8</ele>
      </trkpt>
      <trkpt lat="30.06545" lon="-96.30535">
        <ele>83.4</ele>
      </trkpt>
      <trkpt lat="30.06584" lon="-96.30509">
        <ele>81.9</ele>
      </trkpt>
      <trkpt lat="30.06655" lon="-96.30463">
        <ele>79.1</ele>
      </trkpt>
      <trkpt lat="30.06687" lon="-96.30443">
        <ele>77.9</ele>
      </trkpt>
      <trkpt lat="30.06692" lon="-96.30439">
        <ele>77.8</ele>
      </trkpt>
      <trkpt lat="30.06711" lon="-96.30425">
        <ele>77.8</ele>
      </trkpt>
      <trkpt lat="30.06716" lon="-96.30419">
        <ele>78.0</ele>
      </trkpt>
      <trkpt lat="30.06725" lon="-96.3041">
        <ele>78.4</ele>
      </trkpt>
      <trkpt lat="30.06732" lon="-96.30397">
        <ele>79.3</ele>
      </trkpt>
      <trkpt lat="30.06741" lon="-96.30369">
        <ele>80.5</ele>
      </trkpt>
      <trkpt lat="30.0675" lon="-96.30325">
        <ele>82.8</ele>
      </trkpt>
      <trkpt lat="30.06759" lon="-96.30277">
        <ele>84.1</ele>
      </trkpt>
      <trkpt lat="30.06779" lon="-96.30154">
        <ele>87.0</ele>
      </trkpt>
      <trkpt lat="30.06782" lon="-96.30121">
        <ele>88.6</ele>
      </trkpt>
      <trkpt lat="30.06782" lon="-96.30117">
        <ele>88.7</ele>
      </trkpt>
      <trkpt lat="30.06786" lon="-96.30053">
        <ele>90.1</ele>
      </trkpt>
      <trkpt lat="30.06788" lon="-96.30038">
        <ele>90.1</ele>
      </trkpt>
      <trkpt lat="30.06792" lon="-96.30011">
        <ele>89.9</ele>
      </trkpt>
      <trkpt lat="30.06793" lon="-96.29998">
        <ele>89.3</ele>
      </trkpt>
      <trkpt lat="30.06794" lon="-96.29997">
        <ele>89.2</ele>
      </trkpt>
      <trkpt lat="30.06797" lon="-96.29979">
        <ele>88.3</ele>
      </trkpt>
      <trkpt lat="30.06807" lon="-96.29918">
        <ele>87.6</ele>
      </trkpt>
      <trkpt lat="30.06827" lon="-96.29804">
        <ele>84.0</ele>
      </trkpt>
      <trkpt lat="30.06832" lon="-96.2977">
        <ele>82.7</ele>
      </trkpt>
      <trkpt lat="30.06851" lon="-96.29647">
        <ele>81.6</ele>
      </trkpt>
      <trkpt lat="30.06863" lon="-96.29565">
        <ele>81.9</ele>
      </trkpt>
      <trkpt lat="30.0688" lon="-96.2944799">
        <ele>84.3</ele>
      </trkpt>
      <trkpt lat="30.06881" lon="-96.29442">
        <ele>84.3</ele>
      </trkpt>
      <trkpt lat="30.06897" lon="-96.2934">
        <ele>84.4</ele>
      </trkpt>
      <trkpt lat="30.06912" lon="-96.29238">
        <ele>87.4</ele>
      </trkpt>
      <trkpt lat="30.06913" lon="-96.29231">
        <ele>87.4</ele>
      </trkpt>
      <trkpt lat="30.06918" lon="-96.29197">
        <ele>86.2</ele>
      </trkpt>
      <trkpt lat="30.06935" lon="-96.29094">
        <ele>80.4</ele>
      </trkpt>
      <trkpt lat="30.06935" lon="-96.29092">
        <ele>80.3</ele>
      </trkpt>
      <trkpt lat="30.06946" lon="-96.29034">
        <ele>77.1</ele>
      </trkpt>
      <trkpt lat="30.06954" lon="-96.28993">
        <ele>75.3</ele>
      </trkpt>
      <trkpt lat="30.0696" lon="-96.28964">
        <ele>74.0</ele>
      </trkpt>
      <trkpt lat="30.06962" lon="-96.28952">
        <ele>73.9</ele>
      </trkpt>
      <trkpt lat="30.06962" lon="-96.28951">
        <ele>74.0</ele>
      </trkpt>
      <trkpt lat="30.06973" lon="-96.28891">
        <ele>78.0</ele>
      </trkpt>
      <trkpt lat="30.06997" lon="-96.28749">
        <ele>84.3</ele>
      </trkpt>
      <trkpt lat="30.0701" lon="-96.28676">
        <ele>85.7</ele>
      </trkpt>
      <trkpt lat="30.0701" lon="-96.28676">
        <ele>85.7</ele>
      </trkpt>
      <trkpt lat="30.07069" lon="-96.2869">
        <ele>88.7</ele>
      </trkpt>
      <trkpt lat="30.07105" lon="-96.28699">
        <ele>89.4</ele>
      </trkpt>
      <trkpt lat="30.07198" lon="-96.28721">
        <ele>89.0</ele>
      </trkpt>
      <trkpt lat="30.0721" lon="-96.28724">
        <ele>88.9</ele>
      </trkpt>
      <trkpt lat="30.07316" lon="-96.28751">
        <ele>89.2</ele>
      </trkpt>
      <trkpt lat="30.07316" lon="-96.28751">
        <ele>89.2</ele>
      </trkpt>
      <trkpt lat="30.07314" lon="-96.2871399">
        <ele>90.8</ele>
      </trkpt>
      <trkpt lat="30.07312" lon="-96.28672">
        <ele>92.0</ele>
      </trkpt>
      <trkpt lat="30.0731" lon="-96.28638">
        <ele>90.7</ele>
      </trkpt>
      <trkpt lat="30.0731" lon="-96.2863">
        <ele>90.3</ele>
      </trkpt>
      <trkpt lat="30.07305" lon="-96.28548">
        <ele>86.4</ele>
      </trkpt>
      <trkpt lat="30.07301" lon="-96.28492">
        <ele>83.7</ele>
      </trkpt>
      <trkpt lat="30.07299" lon="-96.28465">
        <ele>83.5</ele>
      </trkpt>
      <trkpt lat="30.07295" lon="-96.2842299">
        <ele>85.7</ele>
      </trkpt>
      <trkpt lat="30.07285" lon="-96.28299">
        <ele>90.8</ele>
      </trkpt>
      <trkpt lat="30.07281" lon="-96.28258">
        <ele>91.0</ele>
      </trkpt>
      <trkpt lat="30.07277" lon="-96.28201">
        <ele>88.1</ele>
      </trkpt>
      <trkpt lat="30.07276" lon="-96.28196">
        <ele>88.1</ele>
      </trkpt>
      <trkpt lat="30.0727" lon="-96.28115">
        <ele>85.2</ele>
      </trkpt>
      <trkpt lat="30.07265" lon="-96.28003">
        <ele>79.7</ele>
      </trkpt>
      <trkpt lat="30.07264" lon="-96.2799">
        <ele>79.3</ele>
      </trkpt>
      <trkpt lat="30.07263" lon="-96.27975">
        <ele>78.1</ele>
      </trkpt>
      <trkpt lat="30.07262" lon="-96.27949">
        <ele>78.3</ele>
      </trkpt>
      <trkpt lat="30.0726" lon="-96.27928">
        <ele>79.3</ele>
      </trkpt>
      <trkpt lat="30.07251" lon="-96.27789">
        <ele>81.9</ele>
      </trkpt>
      <trkpt lat="30.07246" lon="-96.27703">
        <ele>83.8</ele>
      </trkpt>
      <trkpt lat="30.07234" lon="-96.27534">
        <ele>88.3</ele>
      </trkpt>
      <trkpt lat="30.07233" lon="-96.2751399">
        <ele>88.0</ele>
      </trkpt>
      <trkpt lat="30.07234" lon="-96.27493">
        <ele>86.4</ele>
      </trkpt>
      <trkpt lat="30.07234" lon="-96.27484">
        <ele>85.7</ele>
      </trkpt>
      <trkpt lat="30.07238" lon="-96.27442">
        <ele>84.5</ele>
      </trkpt>
      <trkpt lat="30.07242" lon="-96.2741">
        <ele>83.4</ele>
      </trkpt>
      <trkpt lat="30.07248" lon="-96.27369">
        <ele>83.1</ele>
      </trkpt>
      <trkpt lat="30.07254" lon="-96.27328">
        <ele>84.2</ele>
      </trkpt>
      <trkpt lat="30.07258" lon="-96.27297">
        <ele>85.2</ele>
      </trkpt>
      <trkpt lat="30.07262" lon="-96.27267">
        <ele>86.5</ele>
      </trkpt>
      <trkpt lat="30.07268" lon="-96.27226">
        <ele>85.8</ele>
      </trkpt>
      <trkpt lat="30.07273" lon="-96.27191">
        <ele>84.9</ele>
      </trkpt>
      <trkpt lat="30.07274" lon="-96.27185">
        <ele>84.7</ele>
      </trkpt>
      <trkpt lat="30.0728" lon="-96.27126">
        <ele>81.4</ele>
      </trkpt>
      <trkpt lat="30.07291" lon="-96.2704">
        <ele>76.5</ele>
      </trkpt>
      <trkpt lat="30.07296" lon="-96.26999">
        <ele>75.6</ele>
      </trkpt>
      <trkpt lat="30.07302" lon="-96.26958">
        <ele>78.1</ele>
      </trkpt>
      <trkpt lat="30.07309" lon="-96.26897">
        <ele>80.5</ele>
      </trkpt>
      <trkpt lat="30.07315" lon="-96.26855">
        <ele>81.0</ele>
      </trkpt>
      <trkpt lat="30.0732" lon="-96.2681099">
        <ele>81.2</ele>
      </trkpt>
      <trkpt lat="30.07328" lon="-96.2675299">
        <ele>81.8</ele>
      </trkpt>
      <trkpt lat="30.07334" lon="-96.26712">
        <ele>80.9</ele>
      </trkpt>
      <trkpt lat="30.07339" lon="-96.2667">
        <ele>77.4</ele>
      </trkpt>
      <trkpt lat="30.0735" lon="-96.26588">
        <ele>70.7</ele>
      </trkpt>
      <trkpt lat="30.07356" lon="-96.2654699">
        <ele>69.3</ele>
      </trkpt>
      <trkpt lat="30.07361" lon="-96.26506">
        <ele>69.7</ele>
      </trkpt>
      <trkpt lat="30.07363" lon="-96.26495">
        <ele>70.0</ele>
      </trkpt>
      <trkpt lat="30.07362" lon="-96.26487">
        <ele>70.3</ele>
      </trkpt>
      <trkpt lat="30.0736" lon="-96.26482">
        <ele>70.4</ele>
      </trkpt>
      <trkpt lat="30.07356" lon="-96.26478">
        <ele>70.3</ele>
      </trkpt>
      <trkpt lat="30.07316" lon="-96.2647">
        <ele>68.2</ele>
      </trkpt>
      <trkpt lat="30.07214" lon="-96.26451">
        <ele>61.8</ele>
      </trkpt>
      <trkpt lat="30.07121" lon="-96.26431">
        <ele>59.7</ele>
      </trkpt>
      <trkpt lat="30.06997" lon="-96.26406">
        <ele>57.8</ele>
      </trkpt>
      <trkpt lat="30.06994" lon="-96.26405">
        <ele>57.8</ele>
      </trkpt>
      <trkpt lat="30.06969" lon="-96.26399">
        <ele>58.4</ele>
      </trkpt>
      <trkpt lat="30.06961" lon="-96.26395">
        <ele>58.7</ele>
      </trkpt>
      <trkpt lat="30.06947" lon="-96.26385">
        <ele>59.1</ele>
      </trkpt>
      <trkpt lat="30.06941" lon="-96.2637699">
        <ele>59.4</ele>
      </trkpt>
      <trkpt lat="30.06936" lon="-96.2636799">
        <ele>59.7</ele>
      </trkpt>
      <trkpt lat="30.06935" lon="-96.2636">
        <ele>59.9</ele>
      </trkpt>
      <trkpt lat="30.06934" lon="-96.26347">
        <ele>60.2</ele>
      </trkpt>
      <trkpt lat="30.06927" lon="-96.26244">
        <ele>64.6</ele>
      </trkpt>
      <trkpt lat="30.06926" lon="-96.26223">
        <ele>64.3</ele>
      </trkpt>
      <trkpt lat="30.06925" lon="-96.26211">
        <ele>63.8</ele>
      </trkpt>
      <trkpt lat="30.06923" lon="-96.26182">
        <ele>63.2</ele>
      </trkpt>
      <trkpt lat="30.06919" lon="-96.26099">
        <ele>60.3</ele>
      </trkpt>
      <trkpt lat="30.06916" lon="-96.26057">
        <ele>60.0</ele>
      </trkpt>
      <trkpt lat="30.06916" lon="-96.26048">
        <ele>60.2</ele>
      </trkpt>
      <trkpt lat="30.06913" lon="-96.26016">
        <ele>61.8</ele>
      </trkpt>
      <trkpt lat="30.06907" lon="-96.25933">
        <ele>66.8</ele>
      </trkpt>
      <trkpt lat="30.06904" lon="-96.25892">
        <ele>67.0</ele>
      </trkpt>
      <trkpt lat="30.06903" lon="-96.25882">
        <ele>66.9</ele>
      </trkpt>
      <trkpt lat="30.069" lon="-96.25767">
        <ele>66.5</ele>
      </trkpt>
      <trkpt lat="30.06898" lon="-96.25719">
        <ele>67.4</ele>
      </trkpt>
      <trkpt lat="30.06899" lon="-96.25704">
        <ele>67.5</ele>
      </trkpt>
      <trkpt lat="30.06902" lon="-96.25688">
        <ele>67.6</ele>
      </trkpt>
      <trkpt lat="30.06914" lon="-96.25645">
        <ele>68.2</ele>
      </trkpt>
      <trkpt lat="30.06914" lon="-96.25643">
        <ele>68.2</ele>
      </trkpt>
      <trkpt lat="30.06919" lon="-96.25621">
        <ele>68.1</ele>
      </trkpt>
      <trkpt lat="30.0692" lon="-96.25616">
        <ele>68.0</ele>
      </trkpt>
      <trkpt lat="30.06925" lon="-96.25584">
        <ele>67.1</ele>
      </trkpt>
      <trkpt lat="30.06934" lon="-96.25525">
        <ele>66.4</ele>
      </trkpt>
      <trkpt lat="30.06935" lon="-96.25522">
        <ele>66.3</ele>
      </trkpt>
      <trkpt lat="30.06955" lon="-96.254">
        <ele>60.6</ele>
      </trkpt>
      <trkpt lat="30.06965" lon="-96.25339">
        <ele>58.3</ele>
      </trkpt>
      <trkpt lat="30.06972" lon="-96.25297">
        <ele>58.5</ele>
      </trkpt>
      <trkpt lat="30.06975" lon="-96.25277">
        <ele>58.5</ele>
      </trkpt>
      <trkpt lat="30.06988" lon="-96.2518599">
        <ele>58.0</ele>
      </trkpt>
      <trkpt lat="30.06988" lon="-96.2518599">
        <ele>58.0</ele>
      </trkpt>
      <trkpt lat="30.06926" lon="-96.25171">
        <ele>61.4</ele>
      </trkpt>
      <trkpt lat="30.0689" lon="-96.25163">
        <ele>63.6</ele>
      </trkpt>
      <trkpt lat="30.0682" lon="-96.25146">
        <ele>66.2</ele>
      </trkpt>
      <trkpt lat="30.06767" lon="-96.25134">
        <ele>69.0</ele>
      </trkpt>
      <trkpt lat="30.06702" lon="-96.25118">
        <ele>72.4</ele>
      </trkpt>
      <trkpt lat="30.06561" lon="-96.25086">
        <ele>75.9</ele>
      </trkpt>
      <trkpt lat="30.06534" lon="-96.2508">
        <ele>76.8</ele>
      </trkpt>
      <trkpt lat="30.06528" lon="-96.25079">
        <ele>76.7</ele>
      </trkpt>
      <trkpt lat="30.06526" lon="-96.25078">
        <ele>76.8</ele>
      </trkpt>
      <trkpt lat="30.06485" lon="-96.2507">
        <ele>74.4</ele>
      </trkpt>
      <trkpt lat="30.06455" lon="-96.25063">
        <ele>72.8</ele>
      </trkpt>
      <trkpt lat="30.0642" lon="-96.25055">
        <ele>70.2</ele>
      </trkpt>
      <trkpt lat="30.06367" lon="-96.25042">
        <ele>73.2</ele>
      </trkpt>
      <trkpt lat="30.0632" lon="-96.25031">
        <ele>76.5</ele>
      </trkpt>
      <trkpt lat="30.06297" lon="-96.25026">
        <ele>77.8</ele>
      </trkpt>
      <trkpt lat="30.06262" lon="-96.25018">
        <ele>79.2</ele>
      </trkpt>
      <trkpt lat="30.06151" lon="-96.24993">
        <ele>78.7</ele>
      </trkpt>
      <trkpt lat="30.06139" lon="-96.24991">
        <ele>78.5</ele>
      </trkpt>
      <trkpt lat="30.06033" lon="-96.24967">
        <ele>78.6</ele>
      </trkpt>
      <trkpt lat="30.06016" lon="-96.24963">
        <ele>78.6</ele>
      </trkpt>
      <trkpt lat="30.05945" lon="-96.24948">
        <ele>78.2</ele>
      </trkpt>
      <trkpt lat="30.05821" lon="-96.2492199">
        <ele>80.2</ele>
      </trkpt>
      <trkpt lat="30.05787" lon="-96.24915">
        <ele>80.1</ele>
      </trkpt>
      <trkpt lat="30.05768" lon="-96.24914">
        <ele>79.6</ele>
      </trkpt>
      <trkpt lat="30.05762" lon="-96.2491299">
        <ele>79.5</ele>
      </trkpt>
      <trkpt lat="30.05744" lon="-96.24914">
        <ele>79.0</ele>
      </trkpt>
      <trkpt lat="30.05721" lon="-96.2492">
        <ele>78.5</ele>
      </trkpt>
      <trkpt lat="30.05666" lon="-96.24946">
        <ele>75.3</ele>
      </trkpt>
      <trkpt lat="30.05632" lon="-96.24961">
        <ele>73.9</ele>
      </trkpt>
      <trkpt lat="30.05628" lon="-96.24963">
        <ele>73.8</ele>
      </trkpt>
      <trkpt lat="30.05608" lon="-96.24973">
        <ele>73.2</ele>
      </trkpt>
      <trkpt lat="30.056" lon="-96.24978">
        <ele>73.2</ele>
      </trkpt>
      <trkpt lat="30.05598" lon="-96.24979">
        <ele>73.2</ele>
      </trkpt>
      <trkpt lat="30.0559" lon="-96.24986">
        <ele>73.9</ele>
      </trkpt>
      <trkpt lat="30.05582" lon="-96.24997">
        <ele>75.1</ele>
      </trkpt>
      <trkpt lat="30.05577" lon="-96.2501">
        <ele>75.7</ele>
      </trkpt>
      <trkpt lat="30.05569" lon="-96.2505">
        <ele>76.8</ele>
      </trkpt>
      <trkpt lat="30.0556" lon="-96.25095">
        <ele>77.7</ele>
      </trkpt>
      <trkpt lat="30.0556" lon="-96.25096">
        <ele>77.7</ele>
      </trkpt>
      <trkpt lat="30.05557" lon="-96.25112">
        <ele>77.9</ele>
      </trkpt>
      <trkpt lat="30.05549" lon="-96.25154">
        <ele>77.0</ele>
      </trkpt>
      <trkpt lat="30.05537" lon="-96.25219">
        <ele>74.9</ele>
      </trkpt>
      <trkpt lat="30.05537" lon="-96.25219">
        <ele>74.9</ele>
      </trkpt>
      <trkpt lat="30.05531" lon="-96.25274">
        <ele>71.6</ele>
      </trkpt>
      <trkpt lat="30.05531" lon="-96.25276">
        <ele>71.5</ele>
      </trkpt>
      <trkpt lat="30.05527" lon="-96.25313">
        <ele>68.2</ele>
      </trkpt>
      <trkpt lat="30.05525" lon="-96.25332">
        <ele>70.2</ele>
      </trkpt>
      <trkpt lat="30.05523" lon="-96.2535599">
        <ele>71.2</ele>
      </trkpt>
      <trkpt lat="30.05521" lon="-96.2537">
        <ele>71.7</ele>
      </trkpt>
      <trkpt lat="30.05517" lon="-96.25408">
        <ele>73.6</ele>
      </trkpt>
      <trkpt lat="30.055" lon="-96.2549499">
        <ele>77.2</ele>
      </trkpt>
      <trkpt lat="30.0549" lon="-96.25538">
        <ele>78.9</ele>
      </trkpt>
      <trkpt lat="30.05477" lon="-96.25593">
        <ele>80.8</ele>
      </trkpt>
      <trkpt lat="30.05476" lon="-96.25597">
        <ele>80.9</ele>
      </trkpt>
      <trkpt lat="30.05454" lon="-96.25684">
        <ele>82.7</ele>
      </trkpt>
      <trkpt lat="30.0545" lon="-96.25699">
        <ele>82.6</ele>
      </trkpt>
      <trkpt lat="30.05447" lon="-96.25718">
        <ele>82.5</ele>
      </trkpt>
      <trkpt lat="30.0544" lon="-96.2575899">
        <ele>84.1</ele>
      </trkpt>
      <trkpt lat="30.05434" lon="-96.25796">
        <ele>86.2</ele>
      </trkpt>
      <trkpt lat="30.05428" lon="-96.25833">
        <ele>87.9</ele>
      </trkpt>
      <trkpt lat="30.05419" lon="-96.2589">
        <ele>90.1</ele>
      </trkpt>
      <trkpt lat="30.05416" lon="-96.25907">
        <ele>90.5</ele>
      </trkpt>
      <trkpt lat="30.05405" lon="-96.2597399">
        <ele>88.4</ele>
      </trkpt>
      <trkpt lat="30.05403" lon="-96.2598299">
        <ele>88.2</ele>
      </trkpt>
      <trkpt lat="30.05385" lon="-96.2609499">
        <ele>84.2</ele>
      </trkpt>
      <trkpt lat="30.05381" lon="-96.26122">
        <ele>83.2</ele>
      </trkpt>
      <trkpt lat="30.05371" lon="-96.2618899">
        <ele>81.3</ele>
      </trkpt>
      <trkpt lat="30.05364" lon="-96.2623799">
        <ele>79.1</ele>
      </trkpt>
      <trkpt lat="30.05361" lon="-96.26259">
        <ele>77.9</ele>
      </trkpt>
      <trkpt lat="30.05356" lon="-96.26299">
        <ele>75.8</ele>
      </trkpt>
      <trkpt lat="30.05351" lon="-96.26331">
        <ele>75.4</ele>
      </trkpt>
      <trkpt lat="30.05348" lon="-96.26348">
        <ele>75.1</ele>
      </trkpt>
      <trkpt lat="30.05344" lon="-96.26371">
        <ele>73.9</ele>
      </trkpt>
      <trkpt lat="30.05343" lon="-96.2637699">
        <ele>73.5</ele>
      </trkpt>
      <trkpt lat="30.0534" lon="-96.26396">
        <ele>73.1</ele>
      </trkpt>
      <trkpt lat="30.05336" lon="-96.26423">
        <ele>72.5</ele>
      </trkpt>
      <trkpt lat="30.05334" lon="-96.26441">
        <ele>71.9</ele>
      </trkpt>
      <trkpt lat="30.05328" lon="-96.2647999">
        <ele>70.6</ele>
      </trkpt>
      <trkpt lat="30.05313" lon="-96.26589">
        <ele>72.1</ele>
      </trkpt>
      <trkpt lat="30.0531" lon="-96.26607">
        <ele>71.7</ele>
      </trkpt>
      <trkpt lat="30.05306" lon="-96.26628">
        <ele>71.2</ele>
      </trkpt>
      <trkpt lat="30.05303" lon="-96.26648">
        <ele>71.0</ele>
      </trkpt>
      <trkpt lat="30.05292" lon="-96.26709">
        <ele>70.6</ele>
      </trkpt>
      <trkpt lat="30.0529" lon="-96.26721">
        <ele>70.9</ele>
      </trkpt>
      <trkpt lat="30.05285" lon="-96.26749">
        <ele>71.9</ele>
      </trkpt>
      <trkpt lat="30.05276" lon="-96.26797">
        <ele>74.0</ele>
      </trkpt>
      <trkpt lat="30.05274" lon="-96.26806">
        <ele>74.3</ele>
      </trkpt>
      <trkpt lat="30.05273" lon="-96.26814">
        <ele>74.6</ele>
      </trkpt>
      <trkpt lat="30.0527" lon="-96.26831">
        <ele>75.2</ele>
      </trkpt>
      <trkpt lat="30.05257" lon="-96.26907">
        <ele>79.1</ele>
      </trkpt>
      <trkpt lat="30.05256" lon="-96.26913">
        <ele>79.1</ele>
      </trkpt>
      <trkpt lat="30.05249" lon="-96.26954">
        <ele>80.1</ele>
      </trkpt>
      <trkpt lat="30.05245" lon="-96.26975">
        <ele>80.0</ele>
      </trkpt>
      <trkpt lat="30.05243" lon="-96.26991">
        <ele>79.1</ele>
      </trkpt>
      <trkpt lat="30.05235" lon="-96.27036">
        <ele>74.9</ele>
      </trkpt>
      <trkpt lat="30.05229" lon="-96.27072">
        <ele>72.7</ele>
      </trkpt>
      <trkpt lat="30.05228" lon="-96.27077">
        <ele>72.3</ele>
      </trkpt>
      <trkpt lat="30.05227" lon="-96.27084">
        <ele>71.7</ele>
      </trkpt>
      <trkpt lat="30.05225" lon="-96.27097">
        <ele>70.6</ele>
      </trkpt>
      <trkpt lat="30.05222" lon="-96.27113">
        <ele>70.0</ele>
      </trkpt>
      <trkpt lat="30.05219" lon="-96.27133">
        <ele>68.5</ele>
      </trkpt>
      <trkpt lat="30.05218" lon="-96.2713799">
        <ele>68.1</ele>
      </trkpt>
      <trkpt lat="30.05216" lon="-96.27154">
        <ele>67.2</ele>
      </trkpt>
      <trkpt lat="30.05211" lon="-96.27178">
        <ele>67.8</ele>
      </trkpt>
      <trkpt lat="30.05209" lon="-96.27194">
        <ele>69.4</ele>
      </trkpt>
      <trkpt lat="30.05198" lon="-96.2726">
        <ele>74.6</ele>
      </trkpt>
      <trkpt lat="30.05188" lon="-96.27316">
        <ele>79.4</ele>
      </trkpt>
      <trkpt lat="30.05188" lon="-96.27321">
        <ele>80.0</ele>
      </trkpt>
      <trkpt lat="30.05181" lon="-96.2736199">
        <ele>82.2</ele>
      </trkpt>
      <trkpt lat="30.05171" lon="-96.27423">
        <ele>81.4</ele>
      </trkpt>
      <trkpt lat="30.05167" lon="-96.2744699">
        <ele>81.2</ele>
      </trkpt>
      <trkpt lat="30.05164" lon="-96.27464">
        <ele>80.8</ele>
      </trkpt>
      <trkpt lat="30.0515" lon="-96.27545">
        <ele>74.9</ele>
      </trkpt>
      <trkpt lat="30.05143" lon="-96.27586">
        <ele>72.5</ele>
      </trkpt>
      <trkpt lat="30.0514" lon="-96.27606">
        <ele>72.1</ele>
      </trkpt>
      <trkpt lat="30.05133" lon="-96.27647">
        <ele>70.8</ele>
      </trkpt>
      <trkpt lat="30.05122" lon="-96.27708">
        <ele>70.3</ele>
      </trkpt>
      <trkpt lat="30.05104" lon="-96.2781">
        <ele>76.4</ele>
      </trkpt>
      <trkpt lat="30.05076" lon="-96.27973">
        <ele>85.2</ele>
      </trkpt>
      <trkpt lat="30.05072" lon="-96.28">
        <ele>86.0</ele>
      </trkpt>
      <trkpt lat="30.05066" lon="-96.28034">
        <ele>88.1</ele>
      </trkpt>
      <trkpt lat="30.05065" lon="-96.2803799">
        <ele>88.2</ele>
      </trkpt>
      <trkpt lat="30.05056" lon="-96.2809599">
        <ele>89.1</ele>
      </trkpt>
      <trkpt lat="30.05048" lon="-96.28142">
        <ele>89.2</ele>
      </trkpt>
      <trkpt lat="30.05043" lon="-96.28177">
        <ele>88.3</ele>
      </trkpt>
      <trkpt lat="30.05038" lon="-96.28219">
        <ele>87.9</ele>
      </trkpt>
      <trkpt lat="30.05034" lon="-96.28246">
        <ele>87.6</ele>
      </trkpt>
      <trkpt lat="30.05032" lon="-96.2826">
        <ele>88.0</ele>
      </trkpt>
      <trkpt lat="30.05022" lon="-96.28337">
        <ele>90.0</ele>
      </trkpt>
      <trkpt lat="30.05021" lon="-96.28342">
        <ele>90.0</ele>
      </trkpt>
      <trkpt lat="30.05015" lon="-96.28388">
        <ele>90.5</ele>
      </trkpt>
      <trkpt lat="30.05002" lon="-96.28485">
        <ele>92.8</ele>
      </trkpt>
      <trkpt lat="30.04999" lon="-96.28507">
        <ele>93.6</ele>
      </trkpt>
      <trkpt lat="30.04991" lon="-96.28558">
        <ele>96.1</ele>
      </trkpt>
      <trkpt lat="30.04983" lon="-96.28608">
        <ele>98.7</ele>
      </trkpt>
      <trkpt lat="30.04975" lon="-96.2866">
        <ele>99.9</ele>
      </trkpt>
      <trkpt lat="30.04961" lon="-96.28748">
        <ele>103.7</ele>
      </trkpt>
      <trkpt lat="30.04959" lon="-96.28762">
        <ele>104.0</ele>
      </trkpt>
      <trkpt lat="30.04957" lon="-96.28773">
        <ele>104.0</ele>
      </trkpt>
      <trkpt lat="30.04955" lon="-96.28789">
        <ele>104.1</ele>
      </trkpt>
      <trkpt lat="30.04953" lon="-96.28803">
        <ele>104.1</ele>
      </trkpt>
      <trkpt lat="30.04949" lon="-96.2883">
        <ele>104.1</ele>
      </trkpt>
      <trkpt lat="30.04944" lon="-96.2886">
        <ele>103.8</ele>
      </trkpt>
      <trkpt lat="30.04943" lon="-96.28879">
        <ele>103.0</ele>
      </trkpt>
      <trkpt lat="30.04939" lon="-96.28919">
        <ele>100.0</ele>
      </trkpt>
      <trkpt lat="30.04938" lon="-96.28933">
        <ele>99.5</ele>
      </trkpt>
      <trkpt lat="30.04935" lon="-96.2897">
        <ele>97.5</ele>
      </trkpt>
      <trkpt lat="30.04934" lon="-96.28975">
        <ele>97.3</ele>
      </trkpt>
      <trkpt lat="30.04931" lon="-96.28992">
        <ele>96.8</ele>
      </trkpt>
      <trkpt lat="30.04927" lon="-96.2901">
        <ele>97.3</ele>
      </trkpt>
      <trkpt lat="30.04926" lon="-96.29012">
        <ele>97.4</ele>
      </trkpt>
      <trkpt lat="30.04925" lon="-96.29015">
        <ele>97.6</ele>
      </trkpt>
      <trkpt lat="30.04919" lon="-96.29034">
        <ele>99.2</ele>
      </trkpt>
      <trkpt lat="30.04918" lon="-96.29036">
        <ele>99.4</ele>
      </trkpt>
      <trkpt lat="30.04902" lon="-96.29094">
        <ele>103.1</ele>
      </trkpt>
      <trkpt lat="30.04897" lon="-96.29114">
        <ele>104.0</ele>
      </trkpt>
      <trkpt lat="30.04892" lon="-96.2913">
        <ele>105.2</ele>
      </trkpt>
      <trkpt lat="30.04891" lon="-96.29133">
        <ele>105.4</ele>
      </trkpt>
      <trkpt lat="30.04886" lon="-96.29153">
        <ele>106.2</ele>
      </trkpt>
      <trkpt lat="30.04886" lon="-96.29154">
        <ele>106.3</ele>
      </trkpt>
      <trkpt lat="30.04882" lon="-96.29173">
        <ele>106.4</ele>
      </trkpt>
      <trkpt lat="30.04873" lon="-96.29222">
        <ele>103.7</ele>
      </trkpt>
      <trkpt lat="30.04871" lon="-96.29234">
        <ele>103.0</ele>
      </trkpt>
      <trkpt lat="30.04867" lon="-96.29256">
        <ele>101.8</ele>
      </trkpt>
      <trkpt lat="30.04863" lon="-96.29275">
        <ele>100.7</ele>
      </trkpt>
      <trkpt lat="30.04858" lon="-96.29304">
        <ele>98.8</ele>
      </trkpt>
      <trkpt lat="30.04855" lon="-96.2933">
        <ele>95.8</ele>
      </trkpt>
      <trkpt lat="30.04852" lon="-96.29347">
        <ele>95.9</ele>
      </trkpt>
      <trkpt lat="30.04849" lon="-96.29371">
        <ele>98.0</ele>
      </trkpt>
      <trkpt lat="30.04847" lon="-96.2938099">
        <ele>98.6</ele>
      </trkpt>
      <trkpt lat="30.04843" lon="-96.29412">
        <ele>100.6</ele>
      </trkpt>
      <trkpt lat="30.0484" lon="-96.29432">
        <ele>102.0</ele>
      </trkpt>
      <trkpt lat="30.04831" lon="-96.29494">
        <ele>106.6</ele>
      </trkpt>
      <trkpt lat="30.04827" lon="-96.29525">
        <ele>109.5</ele>
      </trkpt>
      <trkpt lat="30.04822" lon="-96.29555">
        <ele>111.5</ele>
      </trkpt>
      <trkpt lat="30.04822" lon="-96.29561">
        <ele>112.1</ele>
      </trkpt>
      <trkpt lat="30.04816" lon="-96.2959599">
        <ele>113.0</ele>
      </trkpt>
      <trkpt lat="30.04811" lon="-96.29629">
        <ele>114.8</ele>
      </trkpt>
      <trkpt lat="30.04806" lon="-96.2966">
        <ele>114.6</ele>
      </trkpt>
      <trkpt lat="30.04804" lon="-96.2967">
        <ele>114.4</ele>
      </trkpt>
      <trkpt lat="30.04801" lon="-96.2968999">
        <ele>113.9</ele>
      </trkpt>
      <trkpt lat="30.04801" lon="-96.29691">
        <ele>113.9</ele>
      </trkpt>
      <trkpt lat="30.04798" lon="-96.29706">
        <ele>113.2</ele>
      </trkpt>
      <trkpt lat="30.04796" lon="-96.29722">
        <ele>112.7</ele>
      </trkpt>
      <trkpt lat="30.04794" lon="-96.29737">
        <ele>112.3</ele>
      </trkpt>
      <trkpt lat="30.04792" lon="-96.29746">
        <ele>111.8</ele>
      </trkpt>
      <trkpt lat="30.04782" lon="-96.29818">
        <ele>108.6</ele>
      </trkpt>
      <trkpt lat="30.04775" lon="-96.29859">
        <ele>107.8</ele>
      </trkpt>
      <trkpt lat="30.04765" lon="-96.2992">
        <ele>107.1</ele>
      </trkpt>
      <trkpt lat="30.04759" lon="-96.29955">
        <ele>107.6</ele>
      </trkpt>
      <trkpt lat="30.04755" lon="-96.2998099">
        <ele>108.3</ele>
      </trkpt>
      <trkpt lat="30.04752" lon="-96.30002">
        <ele>108.6</ele>
      </trkpt>
      <trkpt lat="30.04746" lon="-96.30043">
        <ele>108.5</ele>
      </trkpt>
      <trkpt lat="30.04742" lon="-96.30063">
        <ele>108.2</ele>
      </trkpt>
      <trkpt lat="30.04739" lon="-96.3008399">
        <ele>107.5</ele>
      </trkpt>
      <trkpt lat="30.04736" lon="-96.30103">
        <ele>106.6</ele>
      </trkpt>
      <trkpt lat="30.04726" lon="-96.30165">
        <ele>103.8</ele>
      </trkpt>
      <trkpt lat="30.04718" lon="-96.30214">
        <ele>102.9</ele>
      </trkpt>
      <trkpt lat="30.04711" lon="-96.30255">
        <ele>101.9</ele>
      </trkpt>
      <trkpt lat="30.04706" lon="-96.30286">
        <ele>101.3</ele>
      </trkpt>
      <trkpt lat="30.04694" lon="-96.3035699">
        <ele>99.8</ele>
      </trkpt>
      <trkpt lat="30.04684" lon="-96.30418">
        <ele>98.1</ele>
      </trkpt>
      <trkpt lat="30.04681" lon="-96.30438">
        <ele>97.8</ele>
      </trkpt>
      <trkpt lat="30.04677" lon="-96.30453">
        <ele>98.1</ele>
      </trkpt>
      <trkpt lat="30.04675" lon="-96.30459">
        <ele>98.2</ele>
      </trkpt>
      <trkpt lat="30.04673" lon="-96.30464">
        <ele>98.3</ele>
      </trkpt>
      <trkpt lat="30.04671" lon="-96.30468">
        <ele>98.4</ele>
      </trkpt>
      <trkpt lat="30.04668" lon="-96.30472">
        <ele>98.5</ele>
      </trkpt>
      <trkpt lat="30.04665" lon="-96.30474">
        <ele>98.6</ele>
      </trkpt>
      <trkpt lat="30.04661" lon="-96.30476">
        <ele>98.8</ele>
      </trkpt>
      <trkpt lat="30.04659" lon="-96.30477">
        <ele>98.8</ele>
      </trkpt>
      <trkpt lat="30.04656" lon="-96.3047799">
        <ele>99.0</ele>
      </trkpt>
      <trkpt lat="30.04655" lon="-96.3047799">
        <ele>99.0</ele>
      </trkpt>
      <trkpt lat="30.04653" lon="-96.3047799">
        <ele>99.1</ele>
      </trkpt>
      <trkpt lat="30.04644" lon="-96.30476">
        <ele>99.5</ele>
      </trkpt>
      <trkpt lat="30.04581" lon="-96.30466">
        <ele>102.5</ele>
      </trkpt>
      <trkpt lat="30.04563" lon="-96.30462">
        <ele>103.5</ele>
      </trkpt>
      <trkpt lat="30.04547" lon="-96.30459">
        <ele>104.1</ele>
      </trkpt>
      <trkpt lat="30.04517" lon="-96.30454">
        <ele>104.3</ele>
      </trkpt>
      <trkpt lat="30.04511" lon="-96.30453">
        <ele>104.3</ele>
      </trkpt>
      <trkpt lat="30.0451" lon="-96.30453">
        <ele>104.3</ele>
      </trkpt>
      <trkpt lat="30.04505" lon="-96.30453">
        <ele>104.3</ele>
      </trkpt>
      <trkpt lat="30.04502" lon="-96.30453">
        <ele>104.3</ele>
      </trkpt>
      <trkpt lat="30.04499" lon="-96.30455">
        <ele>104.2</ele>
      </trkpt>
      <trkpt lat="30.04496" lon="-96.30456">
        <ele>104.2</ele>
      </trkpt>
      <trkpt lat="30.04493" lon="-96.30458">
        <ele>104.2</ele>
      </trkpt>
      <trkpt lat="30.0449" lon="-96.30461">
        <ele>104.2</ele>
      </trkpt>
      <trkpt lat="30.04488" lon="-96.30464">
        <ele>104.2</ele>
      </trkpt>
      <trkpt lat="30.04487" lon="-96.30467">
        <ele>104.1</ele>
      </trkpt>
      <trkpt lat="30.04485" lon="-96.30471">
        <ele>104.1</ele>
      </trkpt>
      <trkpt lat="30.04482" lon="-96.30484">
        <ele>104.0</ele>
      </trkpt>
      <trkpt lat="30.04479" lon="-96.30508">
        <ele>103.4</ele>
      </trkpt>
      <trkpt lat="30.04477" lon="-96.3051799">
        <ele>103.1</ele>
      </trkpt>
      <trkpt lat="30.04477" lon="-96.30524">
        <ele>102.9</ele>
      </trkpt>
      <trkpt lat="30.04475" lon="-96.30537">
        <ele>102.3</ele>
      </trkpt>
      <trkpt lat="30.04468" lon="-96.30578">
        <ele>100.6</ele>
      </trkpt>
      <trkpt lat="30.04465" lon="-96.30599">
        <ele>99.8</ele>
      </trkpt>
      <trkpt lat="30.04464" lon="-96.30605">
        <ele>99.6</ele>
      </trkpt>
      <trkpt lat="30.04455" lon="-96.3066">
        <ele>98.8</ele>
      </trkpt>
      <trkpt lat="30.04449" lon="-96.30701">
        <ele>100.9</ele>
      </trkpt>
      <trkpt lat="30.04448" lon="-96.30706">
        <ele>100.9</ele>
      </trkpt>
      <trkpt lat="30.04446" lon="-96.30721">
        <ele>101.1</ele>
      </trkpt>
      <trkpt lat="30.04433" lon="-96.308">
        <ele>102.8</ele>
      </trkpt>
      <trkpt lat="30.04426" lon="-96.30844">
        <ele>103.8</ele>
      </trkpt>
      <trkpt lat="30.04418" lon="-96.30886">
        <ele>104.3</ele>
      </trkpt>
      <trkpt lat="30.04415" lon="-96.30905">
        <ele>104.4</ele>
      </trkpt>
      <trkpt lat="30.04411" lon="-96.30925">
        <ele>104.6</ele>
      </trkpt>
      <trkpt lat="30.04395" lon="-96.31022">
        <ele>105.5</ele>
      </trkpt>
      <trkpt lat="30.04394" lon="-96.31027">
        <ele>105.6</ele>
      </trkpt>
      <trkpt lat="30.04392" lon="-96.31035">
        <ele>105.6</ele>
      </trkpt>
      <trkpt lat="30.04392" lon="-96.31039">
        <ele>105.7</ele>
      </trkpt>
      <trkpt lat="30.04383" lon="-96.31091">
        <ele>106.2</ele>
      </trkpt>
      <trkpt lat="30.04377" lon="-96.3112699">
        <ele>106.1</ele>
      </trkpt>
      <trkpt lat="30.04371" lon="-96.31162">
        <ele>105.9</ele>
      </trkpt>
      <trkpt lat="30.0437" lon="-96.31166">
        <ele>105.9</ele>
      </trkpt>
      <trkpt lat="30.04368" lon="-96.3117">
        <ele>105.9</ele>
      </trkpt>
      <trkpt lat="30.04365" lon="-96.31173">
        <ele>105.9</ele>
      </trkpt>
      <trkpt lat="30.04363" lon="-96.31174">
        <ele>106.0</ele>
      </trkpt>
      <trkpt lat="30.04362" lon="-96.31175">
        <ele>106.0</ele>
      </trkpt>
      <trkpt lat="30.0436" lon="-96.31177">
        <ele>106.0</ele>
      </trkpt>
      <trkpt lat="30.04358" lon="-96.31177">
        <ele>106.1</ele>
      </trkpt>
      <trkpt lat="30.04355" lon="-96.31178">
        <ele>106.1</ele>
      </trkpt>
      <trkpt lat="30.04353" lon="-96.31178">
        <ele>106.2</ele>
      </trkpt>
      <trkpt lat="30.04349" lon="-96.31178">
        <ele>106.3</ele>
      </trkpt>
      <trkpt lat="30.04334" lon="-96.31176">
        <ele>106.8</ele>
      </trkpt>
      <trkpt lat="30.04322" lon="-96.31173">
        <ele>107.0</ele>
      </trkpt>
      <trkpt lat="30.04317" lon="-96.3117199">
        <ele>107.1</ele>
      </trkpt>
      <trkpt lat="30.04309" lon="-96.31171">
        <ele>107.2</ele>
      </trkpt>
      <trkpt lat="30.0427" lon="-96.3116299">
        <ele>107.3</ele>
      </trkpt>
      <trkpt lat="30.04264" lon="-96.31162">
        <ele>107.2</ele>
      </trkpt>
      <trkpt lat="30.04246" lon="-96.31159">
        <ele>107.1</ele>
      </trkpt>
      <trkpt lat="30.04236" lon="-96.31158">
        <ele>107.0</ele>
      </trkpt>
      <trkpt lat="30.04231" lon="-96.31158">
        <ele>107.0</ele>
      </trkpt>
      <trkpt lat="30.04229" lon="-96.31158">
        <ele>106.9</ele>
      </trkpt>
      <trkpt lat="30.04225" lon="-96.31159">
        <ele>106.9</ele>
      </trkpt>
      <trkpt lat="30.04222" lon="-96.31161">
        <ele>106.9</ele>
      </trkpt>
      <trkpt lat="30.04221" lon="-96.31162">
        <ele>106.9</ele>
      </trkpt>
      <trkpt lat="30.04218" lon="-96.31164">
        <ele>106.9</ele>
      </trkpt>
      <trkpt lat="30.04214" lon="-96.31171">
        <ele>107.0</ele>
      </trkpt>
      <trkpt lat="30.04213" lon="-96.31174">
        <ele>107.0</ele>
      </trkpt>
      <trkpt lat="30.04208" lon="-96.31184">
        <ele>107.1</ele>
      </trkpt>
      <trkpt lat="30.04198" lon="-96.31202">
        <ele>107.2</ele>
      </trkpt>
      <trkpt lat="30.0418" lon="-96.31238">
        <ele>106.9</ele>
      </trkpt>
      <trkpt lat="30.04171" lon="-96.31256">
        <ele>106.6</ele>
      </trkpt>
      <trkpt lat="30.0416" lon="-96.31278">
        <ele>106.5</ele>
      </trkpt>
      <trkpt lat="30.04152" lon="-96.31295">
        <ele>106.7</ele>
      </trkpt>
      <trkpt lat="30.04142" lon="-96.3131499">
        <ele>107.9</ele>
      </trkpt>
      <trkpt lat="30.04126" lon="-96.31343">
        <ele>108.8</ele>
      </trkpt>
      <trkpt lat="30.04123" lon="-96.3135">
        <ele>108.9</ele>
      </trkpt>
      <trkpt lat="30.0412" lon="-96.31356">
        <ele>109.0</ele>
      </trkpt>
      <trkpt lat="30.04116" lon="-96.31365">
        <ele>109.3</ele>
      </trkpt>
      <trkpt lat="30.04115" lon="-96.3136899">
        <ele>109.4</ele>
      </trkpt>
      <trkpt lat="30.04114" lon="-96.31372">
        <ele>109.6</ele>
      </trkpt>
      <trkpt lat="30.04113" lon="-96.31379">
        <ele>109.9</ele>
      </trkpt>
      <trkpt lat="30.04112" lon="-96.31387">
        <ele>110.3</ele>
      </trkpt>
      <trkpt lat="30.04112" lon="-96.31389">
        <ele>110.4</ele>
      </trkpt>
      <trkpt lat="30.04111" lon="-96.31394">
        <ele>110.7</ele>
      </trkpt>
      <trkpt lat="30.04111" lon="-96.31415">
        <ele>111.7</ele>
      </trkpt>
      <trkpt lat="30.04112" lon="-96.31431">
        <ele>112.4</ele>
      </trkpt>
      <trkpt lat="30.04112" lon="-96.31441">
        <ele>112.7</ele>
      </trkpt>
      <trkpt lat="30.04113" lon="-96.31462">
        <ele>113.2</ele>
      </trkpt>
      <trkpt lat="30.04113" lon="-96.31464">
        <ele>113.3</ele>
      </trkpt>
      <trkpt lat="30.04114" lon="-96.31472">
        <ele>114.2</ele>
      </trkpt>
      <trkpt lat="30.04115" lon="-96.31486">
        <ele>115.8</ele>
      </trkpt>
      <trkpt lat="30.04115" lon="-96.31488">
        <ele>115.9</ele>
      </trkpt>
      <trkpt lat="30.04116" lon="-96.31493">
        <ele>116.1</ele>
      </trkpt>
      <trkpt lat="30.04117" lon="-96.31509">
        <ele>116.0</ele>
      </trkpt>
      <trkpt lat="30.04121" lon="-96.31534">
        <ele>115.9</ele>
      </trkpt>
      <trkpt lat="30.04123" lon="-96.3155">
        <ele>115.5</ele>
      </trkpt>
      <trkpt lat="30.04127" lon="-96.31575">
        <ele>114.6</ele>
      </trkpt>
      <trkpt lat="30.0413" lon="-96.31589">
        <ele>114.1</ele>
      </trkpt>
      <trkpt lat="30.04131" lon="-96.31595">
        <ele>113.9</ele>
      </trkpt>
      <trkpt lat="30.04132" lon="-96.31602">
        <ele>113.6</ele>
      </trkpt>
      <trkpt lat="30.04133" lon="-96.31605">
        <ele>113.5</ele>
      </trkpt>
      <trkpt lat="30.04134" lon="-96.31609">
        <ele>113.3</ele>
      </trkpt>
      <trkpt lat="30.04136" lon="-96.31616">
        <ele>113.0</ele>
      </trkpt>
      <trkpt lat="30.0414" lon="-96.31622">
        <ele>112.9</ele>
      </trkpt>
      <trkpt lat="30.04143" lon="-96.31627">
        <ele>112.8</ele>
      </trkpt>
      <trkpt lat="30.04149" lon="-96.31635">
        <ele>112.7</ele>
      </trkpt>
      <trkpt lat="30.04157" lon="-96.31644">
        <ele>112.5</ele>
      </trkpt>
      <trkpt lat="30.04159" lon="-96.31647">
        <ele>112.4</ele>
      </trkpt>
      <trkpt lat="30.04167" lon="-96.31655">
        <ele>112.4</ele>
      </trkpt>
      <trkpt lat="30.04199" lon="-96.31689">
        <ele>112.9</ele>
      </trkpt>
      <trkpt lat="30.04203" lon="-96.31694">
        <ele>113.1</ele>
      </trkpt>
      <trkpt lat="30.04212" lon="-96.31703">
        <ele>113.4</ele>
      </trkpt>
      <trkpt lat="30.04243" lon="-96.3173599">
        <ele>114.7</ele>
      </trkpt>
      <trkpt lat="30.04275" lon="-96.31772">
        <ele>116.5</ele>
      </trkpt>
      <trkpt lat="30.04277" lon="-96.31774">
        <ele>116.6</ele>
      </trkpt>
      <trkpt lat="30.0429" lon="-96.31788">
        <ele>117.2</ele>
      </trkpt>
      <trkpt lat="30.04303" lon="-96.3180299">
        <ele>117.8</ele>
      </trkpt>
      <trkpt lat="30.04315" lon="-96.31818">
        <ele>118.4</ele>
      </trkpt>
      <trkpt lat="30.04317" lon="-96.3182">
        <ele>118.5</ele>
      </trkpt>
      <trkpt lat="30.04324" lon="-96.3182999">
        <ele>118.9</ele>
      </trkpt>
      <trkpt lat="30.04334" lon="-96.31843">
        <ele>119.4</ele>
      </trkpt>
      <trkpt lat="30.04342" lon="-96.31856">
        <ele>120.0</ele>
      </trkpt>
      <trkpt lat="30.04344" lon="-96.31861">
        <ele>120.2</ele>
      </trkpt>
      <trkpt lat="30.04349" lon="-96.3187">
        <ele>120.4</ele>
      </trkpt>
      <trkpt lat="30.04353" lon="-96.31879">
        <ele>120.5</ele>
      </trkpt>
      <trkpt lat="30.04354" lon="-96.31881">
        <ele>120.5</ele>
      </trkpt>
      <trkpt lat="30.04356" lon="-96.31887">
        <ele>120.5</ele>
      </trkpt>
      <trkpt lat="30.04356" lon="-96.3188799">
        <ele>120.5</ele>
      </trkpt>
      <trkpt lat="30.04358" lon="-96.31895">
        <ele>120.4</ele>
      </trkpt>
      <trkpt lat="30.04359" lon="-96.31899">
        <ele>120.4</ele>
      </trkpt>
      <trkpt lat="30.0436" lon="-96.31902">
        <ele>120.3</ele>
      </trkpt>
      <trkpt lat="30.04361" lon="-96.31908">
        <ele>120.3</ele>
      </trkpt>
      <trkpt lat="30.04362" lon="-96.31914">
        <ele>120.1</ele>
      </trkpt>
      <trkpt lat="30.04362" lon="-96.31919">
        <ele>120.0</ele>
      </trkpt>
      <trkpt lat="30.04362" lon="-96.31921">
        <ele>120.0</ele>
      </trkpt>
      <trkpt lat="30.04361" lon="-96.31927">
        <ele>119.9</ele>
      </trkpt>
      <trkpt lat="30.04361" lon="-96.31928">
        <ele>119.9</ele>
      </trkpt>
      <trkpt lat="30.0436" lon="-96.3193299">
        <ele>119.9</ele>
      </trkpt>
      <trkpt lat="30.04359" lon="-96.31939">
        <ele>119.8</ele>
      </trkpt>
      <trkpt lat="30.04357" lon="-96.31943">
        <ele>119.9</ele>
      </trkpt>
      <trkpt lat="30.04354" lon="-96.31949">
        <ele>119.9</ele>
      </trkpt>
      <trkpt lat="30.04348" lon="-96.31957">
        <ele>120.0</ele>
      </trkpt>
      <trkpt lat="30.04348" lon="-96.31957">
        <ele>120.0</ele>
      </trkpt>
      <trkpt lat="30.0442" lon="-96.31973">
        <ele>114.5</ele>
      </trkpt>
      <trkpt lat="30.04454" lon="-96.31981">
        <ele>111.9</ele>
      </trkpt>
      <trkpt lat="30.04472" lon="-96.31985">
        <ele>111.2</ele>
      </trkpt>
      <trkpt lat="30.0449" lon="-96.31989">
        <ele>110.9</ele>
      </trkpt>
      <trkpt lat="30.04507" lon="-96.31993">
        <ele>110.6</ele>
      </trkpt>
      <trkpt lat="30.0452" lon="-96.31996">
        <ele>110.3</ele>
      </trkpt>
      <trkpt lat="30.04525" lon="-96.31998">
        <ele>110.3</ele>
      </trkpt>
      <trkpt lat="30.04535" lon="-96.32001">
        <ele>110.1</ele>
      </trkpt>
      <trkpt lat="30.04542" lon="-96.32005">
        <ele>110.0</ele>
      </trkpt>
      <trkpt lat="30.0455" lon="-96.3200899">
        <ele>109.9</ele>
      </trkpt>
      <trkpt lat="30.04557" lon="-96.32015">
        <ele>110.0</ele>
      </trkpt>
      <trkpt lat="30.04558" lon="-96.32016">
        <ele>110.0</ele>
      </trkpt>
      <trkpt lat="30.04565" lon="-96.32025">
        <ele>110.4</ele>
      </trkpt>
      <trkpt lat="30.04572" lon="-96.32035">
        <ele>111.0</ele>
      </trkpt>
      <trkpt lat="30.04581" lon="-96.32059">
        <ele>112.1</ele>
      </trkpt>
      <trkpt lat="30.04586" lon="-96.32073">
        <ele>112.5</ele>
      </trkpt>
      <trkpt lat="30.0459" lon="-96.32088">
        <ele>112.9</ele>
      </trkpt>
      <trkpt lat="30.04591" lon="-96.32101">
        <ele>113.0</ele>
      </trkpt>
      <trkpt lat="30.04592" lon="-96.32111">
        <ele>113.1</ele>
      </trkpt>
      <trkpt lat="30.04592" lon="-96.3211199">
        <ele>113.1</ele>
      </trkpt>
      <trkpt lat="30.04592" lon="-96.32122">
        <ele>113.3</ele>
      </trkpt>
      <trkpt lat="30.04592" lon="-96.32135">
        <ele>113.5</ele>
      </trkpt>
      <trkpt lat="30.04592" lon="-96.3214799">
        <ele>114.1</ele>
      </trkpt>
      <trkpt lat="30.04593" lon="-96.32158">
        <ele>114.4</ele>
      </trkpt>
      <trkpt lat="30.04594" lon="-96.32167">
        <ele>114.5</ele>
      </trkpt>
      <trkpt lat="30.04597" lon="-96.32182">
        <ele>114.3</ele>
      </trkpt>
      <trkpt lat="30.04601" lon="-96.32191">
        <ele>114.1</ele>
      </trkpt>
      <trkpt lat="30.04611" lon="-96.32207">
        <ele>113.8</ele>
      </trkpt>
      <trkpt lat="30.04612" lon="-96.32209">
        <ele>113.7</ele>
      </trkpt>
      <trkpt lat="30.04622" lon="-96.32226">
        <ele>113.6</ele>
      </trkpt>
      <trkpt lat="30.04622" lon="-96.32227">
        <ele>113.6</ele>
      </trkpt>
      <trkpt lat="30.04629" lon="-96.32243">
        <ele>113.4</ele>
      </trkpt>
      <trkpt lat="30.04631" lon="-96.32245">
        <ele>113.4</ele>
      </trkpt>
      <trkpt lat="30.04639" lon="-96.32265">
        <ele>113.8</ele>
      </trkpt>
      <trkpt lat="30.04646" lon="-96.3228199">
        <ele>114.2</ele>
      </trkpt>
      <trkpt lat="30.04652" lon="-96.3229999">
        <ele>114.5</ele>
      </trkpt>
      <trkpt lat="30.04659" lon="-96.32322">
        <ele>115.1</ele>
      </trkpt>
      <trkpt lat="30.04665" lon="-96.32341">
        <ele>115.4</ele>
      </trkpt>
      <trkpt lat="30.04667" lon="-96.32347">
        <ele>115.4</ele>
      </trkpt>
      <trkpt lat="30.04678" lon="-96.3238">
        <ele>115.8</ele>
      </trkpt>
      <trkpt lat="30.04683" lon="-96.32397">
        <ele>116.2</ele>
      </trkpt>
      <trkpt lat="30.04698" lon="-96.32444">
        <ele>116.4</ele>
      </trkpt>
      <trkpt lat="30.0471" lon="-96.32478">
        <ele>117.0</ele>
      </trkpt>
      <trkpt lat="30.04716" lon="-96.32494">
        <ele>117.2</ele>
      </trkpt>
      <trkpt lat="30.04729" lon="-96.32526">
        <ele>117.5</ele>
      </trkpt>
      <trkpt lat="30.0474" lon="-96.32554">
        <ele>117.8</ele>
      </trkpt>
      <trkpt lat="30.04751" lon="-96.32581">
        <ele>118.2</ele>
      </trkpt>
      <trkpt lat="30.04766" lon="-96.32615">
        <ele>118.6</ele>
      </trkpt>
      <trkpt lat="30.04781" lon="-96.32645">
        <ele>118.8</ele>
      </trkpt>
      <trkpt lat="30.04789" lon="-96.3266">
        <ele>118.8</ele>
      </trkpt>
      <trkpt lat="30.04819" lon="-96.32717">
        <ele>118.9</ele>
      </trkpt>
      <trkpt lat="30.04824" lon="-96.32727">
        <ele>118.9</ele>
      </trkpt>
      <trkpt lat="30.04844" lon="-96.32762">
        <ele>118.8</ele>
      </trkpt>
      <trkpt lat="30.04854" lon="-96.3277899">
        <ele>118.7</ele>
      </trkpt>
      <trkpt lat="30.04858" lon="-96.32785">
        <ele>118.6</ele>
      </trkpt>
    </trkseg>
  </trk>
</gpx>
