<?xml version="1.0" encoding="UTF-8"?>
<gpx xmlns:gpxdata="http://www.cluetrust.com/XML/GPXDATA/1/0" xmlns:xsi="http://www.w3.org/2001/XMLSchema-instance" xmlns="http://www.topografix.com/GPX/1/1" version="1.1" creator="http://ridewithgps.com/" xsi:schemaLocation="http://www.topografix.com/GPX/1/1 http://www.topografix.com/GPX/1/1/gpx.xsd http://www.cluetrust.com/XML/GPXDATA/1/0 http://www.cluetrust.com/Schemas/gpxdata10.xsd">
  <metadata>
    <name>Zimmerhanzel Express 60 2026</name>
    <link href="https://ridewithgps.com/routes/41520828">
      <text>Zimmerhanzel Express 60 2026</text>
    </link>
    <time>2022-11-28T12:03:02Z</time>
  </metadata>
  <trk>
    <name>Zimmerhanzel Express 60 2026</name>
    <trkseg>
      <trkpt lat="29.95448" lon="-97.15348">
        <ele>115.2</ele>
      </trkpt>
      <trkpt lat="29.95455" lon="-97.15324">
        <ele>114.6</ele>
      </trkpt>
      <trkpt lat="29.95439" lon="-97.15317">
        <ele>114.3</ele>
      </trkpt>
      <trkpt lat="29.95411" lon="-97.15299">
        <ele>113.5</ele>
      </trkpt>
      <trkpt lat="29.95385" lon="-97.15275">
        <ele>113.2</ele>
      </trkpt>
      <trkpt lat="29.95347" lon="-97.152289">
        <ele>113.4</ele>
      </trkpt>
      <trkpt lat="29.9531" lon="-97.15182">
        <ele>113.7</ele>
      </trkpt>
      <trkpt lat="29.95258" lon="-97.15122">
        <ele>112.8</ele>
      </trkpt>
      <trkpt lat="29.95207" lon="-97.15061">
        <ele>111.9</ele>
      </trkpt>
      <trkpt lat="29.95155" lon="-97.15001">
        <ele>110.9</ele>
      </trkpt>
      <trkpt lat="29.95106" lon="-97.14948">
        <ele>109.9</ele>
      </trkpt>
      <trkpt lat="29.95056" lon="-97.14895">
        <ele>108.6</ele>
      </trkpt>
      <trkpt lat="29.95007" lon="-97.14843">
        <ele>106.8</ele>
      </trkpt>
      <trkpt lat="29.94963" lon="-97.14794">
        <ele>105.4</ele>
      </trkpt>
      <trkpt lat="29.94919" lon="-97.14745">
        <ele>103.3</ele>
      </trkpt>
      <trkpt lat="29.94882" lon="-97.14708">
        <ele>101.4</ele>
      </trkpt>
      <trkpt lat="29.94845" lon="-97.1467">
        <ele>100.3</ele>
      </trkpt>
      <trkpt lat="29.94822" lon="-97.14654">
        <ele>100.0</ele>
      </trkpt>
      <trkpt lat="29.94792" lon="-97.14639">
        <ele>99.5</ele>
      </trkpt>
      <trkpt lat="29.94776" lon="-97.14633">
        <ele>99.3</ele>
      </trkpt>
      <trkpt lat="29.94711" lon="-97.14615">
        <ele>98.6</ele>
      </trkpt>
      <trkpt lat="29.94645" lon="-97.14598">
        <ele>98.2</ele>
      </trkpt>
      <trkpt lat="29.94579" lon="-97.1458">
        <ele>97.7</ele>
      </trkpt>
      <trkpt lat="29.94564" lon="-97.14575">
        <ele>97.5</ele>
      </trkpt>
      <trkpt lat="29.9455" lon="-97.14568">
        <ele>96.8</ele>
      </trkpt>
      <trkpt lat="29.94502" lon="-97.14534">
        <ele>95.7</ele>
      </trkpt>
      <trkpt lat="29.94454" lon="-97.145">
        <ele>99.2</ele>
      </trkpt>
      <trkpt lat="29.94379" lon="-97.14452">
        <ele>105.3</ele>
      </trkpt>
      <trkpt lat="29.94334" lon="-97.14428">
        <ele>107.3</ele>
      </trkpt>
      <trkpt lat="29.94309" lon="-97.1442">
        <ele>108.2</ele>
      </trkpt>
      <trkpt lat="29.94253" lon="-97.14408">
        <ele>111.6</ele>
      </trkpt>
      <trkpt lat="29.94173" lon="-97.14394">
        <ele>112.1</ele>
      </trkpt>
      <trkpt lat="29.94094" lon="-97.1438">
        <ele>113.2</ele>
      </trkpt>
      <trkpt lat="29.94031" lon="-97.14367">
        <ele>114.5</ele>
      </trkpt>
      <trkpt lat="29.93969" lon="-97.14354">
        <ele>115.1</ele>
      </trkpt>
      <trkpt lat="29.93918" lon="-97.1433">
        <ele>116.2</ele>
      </trkpt>
      <trkpt lat="29.93868" lon="-97.14307">
        <ele>117.1</ele>
      </trkpt>
      <trkpt lat="29.93811" lon="-97.14259">
        <ele>118.0</ele>
      </trkpt>
      <trkpt lat="29.93754" lon="-97.14212">
        <ele>119.4</ele>
      </trkpt>
      <trkpt lat="29.93697" lon="-97.14164">
        <ele>120.6</ele>
      </trkpt>
      <trkpt lat="29.93644" lon="-97.14112">
        <ele>121.1</ele>
      </trkpt>
      <trkpt lat="29.93623" lon="-97.14094">
        <ele>120.7</ele>
      </trkpt>
      <trkpt lat="29.93568" lon="-97.14052">
        <ele>116.5</ele>
      </trkpt>
      <trkpt lat="29.93543" lon="-97.14039">
        <ele>114.0</ele>
      </trkpt>
      <trkpt lat="29.93513" lon="-97.140199">
        <ele>113.1</ele>
      </trkpt>
      <trkpt lat="29.93458" lon="-97.13979">
        <ele>117.0</ele>
      </trkpt>
      <trkpt lat="29.93404" lon="-97.13938">
        <ele>120.8</ele>
      </trkpt>
      <trkpt lat="29.93362" lon="-97.13899">
        <ele>123.3</ele>
      </trkpt>
      <trkpt lat="29.93312" lon="-97.138589">
        <ele>125.9</ele>
      </trkpt>
      <trkpt lat="29.93292" lon="-97.13848">
        <ele>126.3</ele>
      </trkpt>
      <trkpt lat="29.93241" lon="-97.13827">
        <ele>127.2</ele>
      </trkpt>
      <trkpt lat="29.93217" lon="-97.13822">
        <ele>127.4</ele>
      </trkpt>
      <trkpt lat="29.93192" lon="-97.13824">
        <ele>127.4</ele>
      </trkpt>
      <trkpt lat="29.93155" lon="-97.13837">
        <ele>127.5</ele>
      </trkpt>
      <trkpt lat="29.93131" lon="-97.13849">
        <ele>128.2</ele>
      </trkpt>
      <trkpt lat="29.93074" lon="-97.13885">
        <ele>129.1</ele>
      </trkpt>
      <trkpt lat="29.93016" lon="-97.13922">
        <ele>129.4</ele>
      </trkpt>
      <trkpt lat="29.92976" lon="-97.13952">
        <ele>130.0</ele>
      </trkpt>
      <trkpt lat="29.92936" lon="-97.13982">
        <ele>130.9</ele>
      </trkpt>
      <trkpt lat="29.9287" lon="-97.14014">
        <ele>131.7</ele>
      </trkpt>
      <trkpt lat="29.92815" lon="-97.14034">
        <ele>132.1</ele>
      </trkpt>
      <trkpt lat="29.92761" lon="-97.14055">
        <ele>132.4</ele>
      </trkpt>
      <trkpt lat="29.92714" lon="-97.14078">
        <ele>132.7</ele>
      </trkpt>
      <trkpt lat="29.92667" lon="-97.14101">
        <ele>132.9</ele>
      </trkpt>
      <trkpt lat="29.92635" lon="-97.14111">
        <ele>132.7</ele>
      </trkpt>
      <trkpt lat="29.92612" lon="-97.14113">
        <ele>132.4</ele>
      </trkpt>
      <trkpt lat="29.92561" lon="-97.14111">
        <ele>132.2</ele>
      </trkpt>
      <trkpt lat="29.92511" lon="-97.1411">
        <ele>133.2</ele>
      </trkpt>
      <trkpt lat="29.92468" lon="-97.14113">
        <ele>133.8</ele>
      </trkpt>
      <trkpt lat="29.92422" lon="-97.1412">
        <ele>134.4</ele>
      </trkpt>
      <trkpt lat="29.92376" lon="-97.14127">
        <ele>135.1</ele>
      </trkpt>
      <trkpt lat="29.92301" lon="-97.141409">
        <ele>135.1</ele>
      </trkpt>
      <trkpt lat="29.92225" lon="-97.14155">
        <ele>134.8</ele>
      </trkpt>
      <trkpt lat="29.9215" lon="-97.1417">
        <ele>135.1</ele>
      </trkpt>
      <trkpt lat="29.921" lon="-97.14176">
        <ele>134.9</ele>
      </trkpt>
      <trkpt lat="29.92049" lon="-97.14183">
        <ele>134.5</ele>
      </trkpt>
      <trkpt lat="29.92025" lon="-97.14183">
        <ele>134.1</ele>
      </trkpt>
      <trkpt lat="29.92002" lon="-97.14179">
        <ele>133.6</ele>
      </trkpt>
      <trkpt lat="29.91979" lon="-97.14174">
        <ele>133.1</ele>
      </trkpt>
      <trkpt lat="29.91954" lon="-97.14164">
        <ele>132.7</ele>
      </trkpt>
      <trkpt lat="29.91899" lon="-97.1414">
        <ele>132.1</ele>
      </trkpt>
      <trkpt lat="29.91829" lon="-97.14103">
        <ele>133.4</ele>
      </trkpt>
      <trkpt lat="29.91759" lon="-97.14066">
        <ele>134.5</ele>
      </trkpt>
      <trkpt lat="29.917" lon="-97.1403">
        <ele>134.5</ele>
      </trkpt>
      <trkpt lat="29.9164" lon="-97.13994">
        <ele>133.6</ele>
      </trkpt>
      <trkpt lat="29.91587" lon="-97.139529">
        <ele>133.5</ele>
      </trkpt>
      <trkpt lat="29.91533" lon="-97.13913">
        <ele>134.7</ele>
      </trkpt>
      <trkpt lat="29.91493" lon="-97.138769">
        <ele>133.9</ele>
      </trkpt>
      <trkpt lat="29.91454" lon="-97.138409">
        <ele>133.7</ele>
      </trkpt>
      <trkpt lat="29.91394" lon="-97.13777">
        <ele>135.7</ele>
      </trkpt>
      <trkpt lat="29.91334" lon="-97.13714">
        <ele>136.2</ele>
      </trkpt>
      <trkpt lat="29.913" lon="-97.13691">
        <ele>136.2</ele>
      </trkpt>
      <trkpt lat="29.91259" lon="-97.13675">
        <ele>135.6</ele>
      </trkpt>
      <trkpt lat="29.91221" lon="-97.13667">
        <ele>134.8</ele>
      </trkpt>
      <trkpt lat="29.91157" lon="-97.13659">
        <ele>133.1</ele>
      </trkpt>
      <trkpt lat="29.91089" lon="-97.13658">
        <ele>132.0</ele>
      </trkpt>
      <trkpt lat="29.9102" lon="-97.13656">
        <ele>132.1</ele>
      </trkpt>
      <trkpt lat="29.90971" lon="-97.13656">
        <ele>132.8</ele>
      </trkpt>
      <trkpt lat="29.90922" lon="-97.13656">
        <ele>134.2</ele>
      </trkpt>
      <trkpt lat="29.90842" lon="-97.13654">
        <ele>134.8</ele>
      </trkpt>
      <trkpt lat="29.90763" lon="-97.13652">
        <ele>135.2</ele>
      </trkpt>
      <trkpt lat="29.90713" lon="-97.1365">
        <ele>135.2</ele>
      </trkpt>
      <trkpt lat="29.90664" lon="-97.13648">
        <ele>134.9</ele>
      </trkpt>
      <trkpt lat="29.90591" lon="-97.13647">
        <ele>133.7</ele>
      </trkpt>
      <trkpt lat="29.90519" lon="-97.13647">
        <ele>133.1</ele>
      </trkpt>
      <trkpt lat="29.90457" lon="-97.136439">
        <ele>132.5</ele>
      </trkpt>
      <trkpt lat="29.90394" lon="-97.136439">
        <ele>132.1</ele>
      </trkpt>
      <trkpt lat="29.90331" lon="-97.136439">
        <ele>132.0</ele>
      </trkpt>
      <trkpt lat="29.90253" lon="-97.13642">
        <ele>131.6</ele>
      </trkpt>
      <trkpt lat="29.90175" lon="-97.1364">
        <ele>130.8</ele>
      </trkpt>
      <trkpt lat="29.90096" lon="-97.13638">
        <ele>129.9</ele>
      </trkpt>
      <trkpt lat="29.90018" lon="-97.13637">
        <ele>127.7</ele>
      </trkpt>
      <trkpt lat="29.89932" lon="-97.13634">
        <ele>127.2</ele>
      </trkpt>
      <trkpt lat="29.89845" lon="-97.13631">
        <ele>128.8</ele>
      </trkpt>
      <trkpt lat="29.89759" lon="-97.13628">
        <ele>130.0</ele>
      </trkpt>
      <trkpt lat="29.89672" lon="-97.13625">
        <ele>130.2</ele>
      </trkpt>
      <trkpt lat="29.89604" lon="-97.13624">
        <ele>130.3</ele>
      </trkpt>
      <trkpt lat="29.89536" lon="-97.13623">
        <ele>130.4</ele>
      </trkpt>
      <trkpt lat="29.89468" lon="-97.1362">
        <ele>130.4</ele>
      </trkpt>
      <trkpt lat="29.89399" lon="-97.13617">
        <ele>130.6</ele>
      </trkpt>
      <trkpt lat="29.89331" lon="-97.13614">
        <ele>130.4</ele>
      </trkpt>
      <trkpt lat="29.89305" lon="-97.13615">
        <ele>130.3</ele>
      </trkpt>
      <trkpt lat="29.89268" lon="-97.13619">
        <ele>130.4</ele>
      </trkpt>
      <trkpt lat="29.89209" lon="-97.1364">
        <ele>131.0</ele>
      </trkpt>
      <trkpt lat="29.89175" lon="-97.13657">
        <ele>131.4</ele>
      </trkpt>
      <trkpt lat="29.89143" lon="-97.1367">
        <ele>131.6</ele>
      </trkpt>
      <trkpt lat="29.89072" lon="-97.13707">
        <ele>130.7</ele>
      </trkpt>
      <trkpt lat="29.89029" lon="-97.13737">
        <ele>130.1</ele>
      </trkpt>
      <trkpt lat="29.88958" lon="-97.13781">
        <ele>129.5</ele>
      </trkpt>
      <trkpt lat="29.88886" lon="-97.13825">
        <ele>129.2</ele>
      </trkpt>
      <trkpt lat="29.88886" lon="-97.138769">
        <ele>128.3</ele>
      </trkpt>
      <trkpt lat="29.88885" lon="-97.13938">
        <ele>125.8</ele>
      </trkpt>
      <trkpt lat="29.88884" lon="-97.13999">
        <ele>123.4</ele>
      </trkpt>
      <trkpt lat="29.88884" lon="-97.14021">
        <ele>122.8</ele>
      </trkpt>
      <trkpt lat="29.88889" lon="-97.14034">
        <ele>122.6</ele>
      </trkpt>
      <trkpt lat="29.88941" lon="-97.1409">
        <ele>120.8</ele>
      </trkpt>
      <trkpt lat="29.88975" lon="-97.1412">
        <ele>119.0</ele>
      </trkpt>
      <trkpt lat="29.89001" lon="-97.14148">
        <ele>118.7</ele>
      </trkpt>
      <trkpt lat="29.89051" lon="-97.14216">
        <ele>121.1</ele>
      </trkpt>
      <trkpt lat="29.89049" lon="-97.14307">
        <ele>121.3</ele>
      </trkpt>
      <trkpt lat="29.89049" lon="-97.14402">
        <ele>122.7</ele>
      </trkpt>
      <trkpt lat="29.89051" lon="-97.144319">
        <ele>122.6</ele>
      </trkpt>
      <trkpt lat="29.8906" lon="-97.14509">
        <ele>120.5</ele>
      </trkpt>
      <trkpt lat="29.8907" lon="-97.14585">
        <ele>117.8</ele>
      </trkpt>
      <trkpt lat="29.8908" lon="-97.14657">
        <ele>115.8</ele>
      </trkpt>
      <trkpt lat="29.8909" lon="-97.14729">
        <ele>115.3</ele>
      </trkpt>
      <trkpt lat="29.891" lon="-97.14801">
        <ele>115.6</ele>
      </trkpt>
      <trkpt lat="29.89111" lon="-97.14825">
        <ele>115.7</ele>
      </trkpt>
      <trkpt lat="29.8914" lon="-97.14872">
        <ele>116.0</ele>
      </trkpt>
      <trkpt lat="29.89145" lon="-97.148929">
        <ele>116.5</ele>
      </trkpt>
      <trkpt lat="29.89148" lon="-97.14955">
        <ele>117.6</ele>
      </trkpt>
      <trkpt lat="29.89147" lon="-97.15057">
        <ele>119.5</ele>
      </trkpt>
      <trkpt lat="29.89145" lon="-97.15159">
        <ele>121.8</ele>
      </trkpt>
      <trkpt lat="29.89144" lon="-97.15261">
        <ele>122.9</ele>
      </trkpt>
      <trkpt lat="29.89142" lon="-97.15363">
        <ele>121.8</ele>
      </trkpt>
      <trkpt lat="29.8914" lon="-97.15465">
        <ele>119.6</ele>
      </trkpt>
      <trkpt lat="29.89139" lon="-97.15567">
        <ele>117.1</ele>
      </trkpt>
      <trkpt lat="29.89136" lon="-97.1564">
        <ele>115.7</ele>
      </trkpt>
      <trkpt lat="29.89134" lon="-97.15713">
        <ele>114.9</ele>
      </trkpt>
      <trkpt lat="29.89131" lon="-97.15786">
        <ele>114.5</ele>
      </trkpt>
      <trkpt lat="29.89129" lon="-97.15832">
        <ele>114.3</ele>
      </trkpt>
      <trkpt lat="29.89131" lon="-97.15922">
        <ele>116.9</ele>
      </trkpt>
      <trkpt lat="29.89133" lon="-97.16013">
        <ele>119.5</ele>
      </trkpt>
      <trkpt lat="29.89139" lon="-97.160259">
        <ele>119.7</ele>
      </trkpt>
      <trkpt lat="29.8915" lon="-97.1603">
        <ele>119.7</ele>
      </trkpt>
      <trkpt lat="29.89229" lon="-97.16031">
        <ele>119.6</ele>
      </trkpt>
      <trkpt lat="29.89308" lon="-97.16032">
        <ele>119.7</ele>
      </trkpt>
      <trkpt lat="29.8938" lon="-97.160349">
        <ele>121.3</ele>
      </trkpt>
      <trkpt lat="29.89452" lon="-97.16038">
        <ele>122.4</ele>
      </trkpt>
      <trkpt lat="29.89525" lon="-97.16041">
        <ele>123.8</ele>
      </trkpt>
      <trkpt lat="29.89597" lon="-97.16043">
        <ele>125.0</ele>
      </trkpt>
      <trkpt lat="29.89615" lon="-97.16045">
        <ele>125.3</ele>
      </trkpt>
      <trkpt lat="29.89618" lon="-97.16047">
        <ele>125.3</ele>
      </trkpt>
      <trkpt lat="29.89622" lon="-97.16054">
        <ele>125.4</ele>
      </trkpt>
      <trkpt lat="29.89624" lon="-97.16069">
        <ele>125.5</ele>
      </trkpt>
      <trkpt lat="29.89624" lon="-97.16144">
        <ele>126.0</ele>
      </trkpt>
      <trkpt lat="29.89624" lon="-97.16219">
        <ele>126.1</ele>
      </trkpt>
      <trkpt lat="29.89622" lon="-97.16304">
        <ele>125.6</ele>
      </trkpt>
      <trkpt lat="29.8962" lon="-97.1639">
        <ele>124.3</ele>
      </trkpt>
      <trkpt lat="29.89619" lon="-97.16475">
        <ele>122.7</ele>
      </trkpt>
      <trkpt lat="29.89617" lon="-97.1656">
        <ele>120.6</ele>
      </trkpt>
      <trkpt lat="29.89618" lon="-97.16658">
        <ele>119.4</ele>
      </trkpt>
      <trkpt lat="29.89616" lon="-97.16709">
        <ele>120.3</ele>
      </trkpt>
      <trkpt lat="29.89614" lon="-97.16761">
        <ele>121.4</ele>
      </trkpt>
      <trkpt lat="29.89612" lon="-97.16859">
        <ele>124.9</ele>
      </trkpt>
      <trkpt lat="29.8961" lon="-97.16956">
        <ele>126.3</ele>
      </trkpt>
      <trkpt lat="29.89608" lon="-97.17053">
        <ele>126.1</ele>
      </trkpt>
      <trkpt lat="29.89606" lon="-97.17151">
        <ele>125.9</ele>
      </trkpt>
      <trkpt lat="29.89604" lon="-97.172479">
        <ele>126.1</ele>
      </trkpt>
      <trkpt lat="29.89602" lon="-97.17346">
        <ele>125.9</ele>
      </trkpt>
      <trkpt lat="29.896" lon="-97.17443">
        <ele>125.7</ele>
      </trkpt>
      <trkpt lat="29.89598" lon="-97.1754">
        <ele>125.4</ele>
      </trkpt>
      <trkpt lat="29.89596" lon="-97.17632">
        <ele>123.7</ele>
      </trkpt>
      <trkpt lat="29.89594" lon="-97.17723">
        <ele>121.4</ele>
      </trkpt>
      <trkpt lat="29.89592" lon="-97.17815">
        <ele>119.7</ele>
      </trkpt>
      <trkpt lat="29.8959" lon="-97.17907">
        <ele>119.4</ele>
      </trkpt>
      <trkpt lat="29.89588" lon="-97.17998">
        <ele>121.6</ele>
      </trkpt>
      <trkpt lat="29.89587" lon="-97.1809">
        <ele>123.2</ele>
      </trkpt>
      <trkpt lat="29.89585" lon="-97.18182">
        <ele>123.0</ele>
      </trkpt>
      <trkpt lat="29.89583" lon="-97.18283">
        <ele>121.8</ele>
      </trkpt>
      <trkpt lat="29.89582" lon="-97.18385">
        <ele>122.4</ele>
      </trkpt>
      <trkpt lat="29.89581" lon="-97.18486">
        <ele>123.3</ele>
      </trkpt>
      <trkpt lat="29.8958" lon="-97.18587">
        <ele>124.4</ele>
      </trkpt>
      <trkpt lat="29.89579" lon="-97.18689">
        <ele>124.9</ele>
      </trkpt>
      <trkpt lat="29.89579" lon="-97.1876">
        <ele>124.9</ele>
      </trkpt>
      <trkpt lat="29.89579" lon="-97.18832">
        <ele>124.8</ele>
      </trkpt>
      <trkpt lat="29.89577" lon="-97.18895">
        <ele>125.3</ele>
      </trkpt>
      <trkpt lat="29.89576" lon="-97.18957">
        <ele>125.4</ele>
      </trkpt>
      <trkpt lat="29.89576" lon="-97.19016">
        <ele>125.5</ele>
      </trkpt>
      <trkpt lat="29.89575" lon="-97.19075">
        <ele>125.6</ele>
      </trkpt>
      <trkpt lat="29.89574" lon="-97.19149">
        <ele>125.6</ele>
      </trkpt>
      <trkpt lat="29.89573" lon="-97.19223">
        <ele>125.6</ele>
      </trkpt>
      <trkpt lat="29.89573" lon="-97.19286">
        <ele>125.6</ele>
      </trkpt>
      <trkpt lat="29.89573" lon="-97.19349">
        <ele>125.5</ele>
      </trkpt>
      <trkpt lat="29.89571" lon="-97.19422">
        <ele>125.3</ele>
      </trkpt>
      <trkpt lat="29.89491" lon="-97.1942">
        <ele>125.0</ele>
      </trkpt>
      <trkpt lat="29.8941" lon="-97.19418">
        <ele>123.1</ele>
      </trkpt>
      <trkpt lat="29.8933" lon="-97.19417">
        <ele>122.3</ele>
      </trkpt>
      <trkpt lat="29.8925" lon="-97.194149">
        <ele>122.1</ele>
      </trkpt>
      <trkpt lat="29.89265" lon="-97.19455">
        <ele>122.0</ele>
      </trkpt>
      <trkpt lat="29.89269" lon="-97.19488">
        <ele>122.4</ele>
      </trkpt>
      <trkpt lat="29.89269" lon="-97.19524">
        <ele>123.2</ele>
      </trkpt>
      <trkpt lat="29.89267" lon="-97.196209">
        <ele>125.3</ele>
      </trkpt>
      <trkpt lat="29.89265" lon="-97.19717">
        <ele>125.7</ele>
      </trkpt>
      <trkpt lat="29.89263" lon="-97.19814">
        <ele>126.0</ele>
      </trkpt>
      <trkpt lat="29.8926" lon="-97.198849">
        <ele>126.2</ele>
      </trkpt>
      <trkpt lat="29.8926" lon="-97.19901">
        <ele>126.3</ele>
      </trkpt>
      <trkpt lat="29.89259" lon="-97.19994">
        <ele>126.4</ele>
      </trkpt>
      <trkpt lat="29.89258" lon="-97.20086">
        <ele>126.4</ele>
      </trkpt>
      <trkpt lat="29.89257" lon="-97.20179">
        <ele>126.3</ele>
      </trkpt>
      <trkpt lat="29.89255" lon="-97.20269">
        <ele>126.2</ele>
      </trkpt>
      <trkpt lat="29.89253" lon="-97.20359">
        <ele>126.2</ele>
      </trkpt>
      <trkpt lat="29.89252" lon="-97.20449">
        <ele>126.1</ele>
      </trkpt>
      <trkpt lat="29.8925" lon="-97.20539">
        <ele>125.9</ele>
      </trkpt>
      <trkpt lat="29.89248" lon="-97.20629">
        <ele>125.3</ele>
      </trkpt>
      <trkpt lat="29.89246" lon="-97.20719">
        <ele>122.9</ele>
      </trkpt>
      <trkpt lat="29.89245" lon="-97.20817">
        <ele>126.9</ele>
      </trkpt>
      <trkpt lat="29.89244" lon="-97.20914">
        <ele>128.5</ele>
      </trkpt>
      <trkpt lat="29.89242" lon="-97.21012">
        <ele>128.9</ele>
      </trkpt>
      <trkpt lat="29.89241" lon="-97.21109">
        <ele>128.9</ele>
      </trkpt>
      <trkpt lat="29.8924" lon="-97.21207">
        <ele>128.4</ele>
      </trkpt>
      <trkpt lat="29.89238" lon="-97.21304">
        <ele>127.7</ele>
      </trkpt>
      <trkpt lat="29.89237" lon="-97.21402">
        <ele>128.0</ele>
      </trkpt>
      <trkpt lat="29.89236" lon="-97.21481">
        <ele>126.7</ele>
      </trkpt>
      <trkpt lat="29.89236" lon="-97.21559">
        <ele>126.1</ele>
      </trkpt>
      <trkpt lat="29.89235" lon="-97.21638">
        <ele>127.2</ele>
      </trkpt>
      <trkpt lat="29.89231" lon="-97.21656">
        <ele>127.5</ele>
      </trkpt>
      <trkpt lat="29.89225" lon="-97.2167">
        <ele>127.7</ele>
      </trkpt>
      <trkpt lat="29.89217" lon="-97.21684">
        <ele>127.9</ele>
      </trkpt>
      <trkpt lat="29.89198" lon="-97.21703">
        <ele>128.4</ele>
      </trkpt>
      <trkpt lat="29.89186" lon="-97.21711">
        <ele>128.7</ele>
      </trkpt>
      <trkpt lat="29.89165" lon="-97.21719">
        <ele>129.2</ele>
      </trkpt>
      <trkpt lat="29.89078" lon="-97.21718">
        <ele>130.1</ele>
      </trkpt>
      <trkpt lat="29.88992" lon="-97.21716">
        <ele>130.4</ele>
      </trkpt>
      <trkpt lat="29.88905" lon="-97.21714">
        <ele>130.5</ele>
      </trkpt>
      <trkpt lat="29.88819" lon="-97.21713">
        <ele>130.5</ele>
      </trkpt>
      <trkpt lat="29.88733" lon="-97.21711">
        <ele>129.4</ele>
      </trkpt>
      <trkpt lat="29.88646" lon="-97.21709">
        <ele>127.7</ele>
      </trkpt>
      <trkpt lat="29.8856" lon="-97.21708">
        <ele>126.5</ele>
      </trkpt>
      <trkpt lat="29.88474" lon="-97.21706">
        <ele>125.4</ele>
      </trkpt>
      <trkpt lat="29.88387" lon="-97.21704">
        <ele>126.3</ele>
      </trkpt>
      <trkpt lat="29.88301" lon="-97.21703">
        <ele>126.2</ele>
      </trkpt>
      <trkpt lat="29.88282" lon="-97.21706">
        <ele>126.0</ele>
      </trkpt>
      <trkpt lat="29.88262" lon="-97.21714">
        <ele>125.8</ele>
      </trkpt>
      <trkpt lat="29.88246" lon="-97.2173">
        <ele>125.9</ele>
      </trkpt>
      <trkpt lat="29.88232" lon="-97.21753">
        <ele>125.9</ele>
      </trkpt>
      <trkpt lat="29.88225" lon="-97.21776">
        <ele>125.8</ele>
      </trkpt>
      <trkpt lat="29.88222" lon="-97.21794">
        <ele>125.7</ele>
      </trkpt>
      <trkpt lat="29.88225" lon="-97.21776">
        <ele>125.8</ele>
      </trkpt>
      <trkpt lat="29.88232" lon="-97.21753">
        <ele>125.9</ele>
      </trkpt>
      <trkpt lat="29.88246" lon="-97.2173">
        <ele>125.9</ele>
      </trkpt>
      <trkpt lat="29.88262" lon="-97.21714">
        <ele>125.8</ele>
      </trkpt>
      <trkpt lat="29.88282" lon="-97.21706">
        <ele>126.0</ele>
      </trkpt>
      <trkpt lat="29.88301" lon="-97.21703">
        <ele>126.2</ele>
      </trkpt>
      <trkpt lat="29.88387" lon="-97.21704">
        <ele>126.3</ele>
      </trkpt>
      <trkpt lat="29.88472" lon="-97.21706">
        <ele>125.4</ele>
      </trkpt>
      <trkpt lat="29.88558" lon="-97.21708">
        <ele>126.4</ele>
      </trkpt>
      <trkpt lat="29.88644" lon="-97.21709">
        <ele>127.6</ele>
      </trkpt>
      <trkpt lat="29.88558" lon="-97.21708">
        <ele>126.4</ele>
      </trkpt>
      <trkpt lat="29.88472" lon="-97.21706">
        <ele>125.4</ele>
      </trkpt>
      <trkpt lat="29.88387" lon="-97.21704">
        <ele>126.3</ele>
      </trkpt>
      <trkpt lat="29.88301" lon="-97.21703">
        <ele>126.2</ele>
      </trkpt>
      <trkpt lat="29.88282" lon="-97.21706">
        <ele>126.0</ele>
      </trkpt>
      <trkpt lat="29.88262" lon="-97.21714">
        <ele>125.8</ele>
      </trkpt>
      <trkpt lat="29.88246" lon="-97.2173">
        <ele>125.9</ele>
      </trkpt>
      <trkpt lat="29.88232" lon="-97.21753">
        <ele>125.9</ele>
      </trkpt>
      <trkpt lat="29.88225" lon="-97.21776">
        <ele>125.8</ele>
      </trkpt>
      <trkpt lat="29.88221" lon="-97.21806">
        <ele>125.6</ele>
      </trkpt>
      <trkpt lat="29.8822" lon="-97.21859">
        <ele>125.4</ele>
      </trkpt>
      <trkpt lat="29.8822" lon="-97.21912">
        <ele>125.5</ele>
      </trkpt>
      <trkpt lat="29.88216" lon="-97.219489">
        <ele>125.6</ele>
      </trkpt>
      <trkpt lat="29.88206" lon="-97.21969">
        <ele>125.7</ele>
      </trkpt>
      <trkpt lat="29.88186" lon="-97.21992">
        <ele>125.9</ele>
      </trkpt>
      <trkpt lat="29.88165" lon="-97.22002">
        <ele>126.2</ele>
      </trkpt>
      <trkpt lat="29.88146" lon="-97.22005">
        <ele>126.5</ele>
      </trkpt>
      <trkpt lat="29.88065" lon="-97.22003">
        <ele>127.8</ele>
      </trkpt>
      <trkpt lat="29.87984" lon="-97.22002">
        <ele>129.8</ele>
      </trkpt>
      <trkpt lat="29.87904" lon="-97.22">
        <ele>131.3</ele>
      </trkpt>
      <trkpt lat="29.87823" lon="-97.21998">
        <ele>132.5</ele>
      </trkpt>
      <trkpt lat="29.87742" lon="-97.21996">
        <ele>133.9</ele>
      </trkpt>
      <trkpt lat="29.87662" lon="-97.21995">
        <ele>135.8</ele>
      </trkpt>
      <trkpt lat="29.87581" lon="-97.21993">
        <ele>137.9</ele>
      </trkpt>
      <trkpt lat="29.87574" lon="-97.21995">
        <ele>138.0</ele>
      </trkpt>
      <trkpt lat="29.87568" lon="-97.22001">
        <ele>138.1</ele>
      </trkpt>
      <trkpt lat="29.87565" lon="-97.22009">
        <ele>138.2</ele>
      </trkpt>
      <trkpt lat="29.87566" lon="-97.22087">
        <ele>137.3</ele>
      </trkpt>
      <trkpt lat="29.87565" lon="-97.22188">
        <ele>135.9</ele>
      </trkpt>
      <trkpt lat="29.87563" lon="-97.2229">
        <ele>134.4</ele>
      </trkpt>
      <trkpt lat="29.87562" lon="-97.22392">
        <ele>132.3</ele>
      </trkpt>
      <trkpt lat="29.8756" lon="-97.22401">
        <ele>132.1</ele>
      </trkpt>
      <trkpt lat="29.87554" lon="-97.22414">
        <ele>131.8</ele>
      </trkpt>
      <trkpt lat="29.87548" lon="-97.22421">
        <ele>131.7</ele>
      </trkpt>
      <trkpt lat="29.87541" lon="-97.22426">
        <ele>131.6</ele>
      </trkpt>
      <trkpt lat="29.8753" lon="-97.22432">
        <ele>131.4</ele>
      </trkpt>
      <trkpt lat="29.87521" lon="-97.22433">
        <ele>131.1</ele>
      </trkpt>
      <trkpt lat="29.87441" lon="-97.22431">
        <ele>133.2</ele>
      </trkpt>
      <trkpt lat="29.87362" lon="-97.22429">
        <ele>134.5</ele>
      </trkpt>
      <trkpt lat="29.87282" lon="-97.22427">
        <ele>135.2</ele>
      </trkpt>
      <trkpt lat="29.87202" lon="-97.22425">
        <ele>136.2</ele>
      </trkpt>
      <trkpt lat="29.87122" lon="-97.22423">
        <ele>137.4</ele>
      </trkpt>
      <trkpt lat="29.87113" lon="-97.22427">
        <ele>137.4</ele>
      </trkpt>
      <trkpt lat="29.87108" lon="-97.224369">
        <ele>137.4</ele>
      </trkpt>
      <trkpt lat="29.87107" lon="-97.22533">
        <ele>137.7</ele>
      </trkpt>
      <trkpt lat="29.87105" lon="-97.22629">
        <ele>138.3</ele>
      </trkpt>
      <trkpt lat="29.87104" lon="-97.22724">
        <ele>139.6</ele>
      </trkpt>
      <trkpt lat="29.87102" lon="-97.2282">
        <ele>141.5</ele>
      </trkpt>
      <trkpt lat="29.87101" lon="-97.229159">
        <ele>143.5</ele>
      </trkpt>
      <trkpt lat="29.871" lon="-97.23012">
        <ele>144.2</ele>
      </trkpt>
      <trkpt lat="29.87098" lon="-97.23108">
        <ele>144.0</ele>
      </trkpt>
      <trkpt lat="29.87022" lon="-97.23101">
        <ele>143.2</ele>
      </trkpt>
      <trkpt lat="29.87005" lon="-97.231">
        <ele>143.1</ele>
      </trkpt>
      <trkpt lat="29.86932" lon="-97.23099">
        <ele>141.2</ele>
      </trkpt>
      <trkpt lat="29.86858" lon="-97.23098">
        <ele>140.1</ele>
      </trkpt>
      <trkpt lat="29.86785" lon="-97.23096">
        <ele>139.7</ele>
      </trkpt>
      <trkpt lat="29.86712" lon="-97.23095">
        <ele>139.3</ele>
      </trkpt>
      <trkpt lat="29.8663" lon="-97.23094">
        <ele>138.8</ele>
      </trkpt>
      <trkpt lat="29.86547" lon="-97.23093">
        <ele>138.6</ele>
      </trkpt>
      <trkpt lat="29.86465" lon="-97.23092">
        <ele>138.7</ele>
      </trkpt>
      <trkpt lat="29.86413" lon="-97.2309">
        <ele>138.3</ele>
      </trkpt>
      <trkpt lat="29.86361" lon="-97.23089">
        <ele>137.5</ele>
      </trkpt>
      <trkpt lat="29.86284" lon="-97.23089">
        <ele>137.0</ele>
      </trkpt>
      <trkpt lat="29.86276" lon="-97.2309">
        <ele>136.9</ele>
      </trkpt>
      <trkpt lat="29.8627" lon="-97.23095">
        <ele>136.9</ele>
      </trkpt>
      <trkpt lat="29.86267" lon="-97.23101">
        <ele>136.9</ele>
      </trkpt>
      <trkpt lat="29.86265" lon="-97.2311">
        <ele>136.8</ele>
      </trkpt>
      <trkpt lat="29.86262" lon="-97.23197">
        <ele>137.0</ele>
      </trkpt>
      <trkpt lat="29.8626" lon="-97.23295">
        <ele>137.6</ele>
      </trkpt>
      <trkpt lat="29.86259" lon="-97.23393">
        <ele>138.2</ele>
      </trkpt>
      <trkpt lat="29.86257" lon="-97.2349">
        <ele>138.3</ele>
      </trkpt>
      <trkpt lat="29.86255" lon="-97.23588">
        <ele>138.2</ele>
      </trkpt>
      <trkpt lat="29.86254" lon="-97.23685">
        <ele>137.8</ele>
      </trkpt>
      <trkpt lat="29.86252" lon="-97.23783">
        <ele>137.0</ele>
      </trkpt>
      <trkpt lat="29.8625" lon="-97.23881">
        <ele>135.4</ele>
      </trkpt>
      <trkpt lat="29.86249" lon="-97.23978">
        <ele>131.8</ele>
      </trkpt>
      <trkpt lat="29.86247" lon="-97.24076">
        <ele>132.1</ele>
      </trkpt>
      <trkpt lat="29.86246" lon="-97.24087">
        <ele>132.1</ele>
      </trkpt>
      <trkpt lat="29.8624" lon="-97.241069">
        <ele>132.1</ele>
      </trkpt>
      <trkpt lat="29.86233" lon="-97.24118">
        <ele>132.2</ele>
      </trkpt>
      <trkpt lat="29.86208" lon="-97.24168">
        <ele>132.9</ele>
      </trkpt>
      <trkpt lat="29.86182" lon="-97.242189">
        <ele>133.5</ele>
      </trkpt>
      <trkpt lat="29.86127" lon="-97.24187">
        <ele>133.3</ele>
      </trkpt>
      <trkpt lat="29.86071" lon="-97.24155">
        <ele>133.0</ele>
      </trkpt>
      <trkpt lat="29.86016" lon="-97.24123">
        <ele>132.8</ele>
      </trkpt>
      <trkpt lat="29.85953" lon="-97.24087">
        <ele>131.9</ele>
      </trkpt>
      <trkpt lat="29.8589" lon="-97.24051">
        <ele>131.1</ele>
      </trkpt>
      <trkpt lat="29.85827" lon="-97.24015">
        <ele>130.1</ele>
      </trkpt>
      <trkpt lat="29.85764" lon="-97.23978">
        <ele>130.0</ele>
      </trkpt>
      <trkpt lat="29.85694" lon="-97.23939">
        <ele>129.8</ele>
      </trkpt>
      <trkpt lat="29.85623" lon="-97.239">
        <ele>129.5</ele>
      </trkpt>
      <trkpt lat="29.85615" lon="-97.23897">
        <ele>129.5</ele>
      </trkpt>
      <trkpt lat="29.85554" lon="-97.23861">
        <ele>129.2</ele>
      </trkpt>
      <trkpt lat="29.85493" lon="-97.238249">
        <ele>128.3</ele>
      </trkpt>
      <trkpt lat="29.85467" lon="-97.23808">
        <ele>128.3</ele>
      </trkpt>
      <trkpt lat="29.85423" lon="-97.23797">
        <ele>128.6</ele>
      </trkpt>
      <trkpt lat="29.85339" lon="-97.23796">
        <ele>129.6</ele>
      </trkpt>
      <trkpt lat="29.85256" lon="-97.23794">
        <ele>130.7</ele>
      </trkpt>
      <trkpt lat="29.85172" lon="-97.23792">
        <ele>132.3</ele>
      </trkpt>
      <trkpt lat="29.85089" lon="-97.2379">
        <ele>133.2</ele>
      </trkpt>
      <trkpt lat="29.85006" lon="-97.23788">
        <ele>132.7</ele>
      </trkpt>
      <trkpt lat="29.84936" lon="-97.23785">
        <ele>131.9</ele>
      </trkpt>
      <trkpt lat="29.84866" lon="-97.23781">
        <ele>130.1</ele>
      </trkpt>
      <trkpt lat="29.84845" lon="-97.23779">
        <ele>129.4</ele>
      </trkpt>
      <trkpt lat="29.84835" lon="-97.23776">
        <ele>129.1</ele>
      </trkpt>
      <trkpt lat="29.84816" lon="-97.23766">
        <ele>129.1</ele>
      </trkpt>
      <trkpt lat="29.84769" lon="-97.23725">
        <ele>129.4</ele>
      </trkpt>
      <trkpt lat="29.84721" lon="-97.23685">
        <ele>131.0</ele>
      </trkpt>
      <trkpt lat="29.84681" lon="-97.23653">
        <ele>131.8</ele>
      </trkpt>
      <trkpt lat="29.84641" lon="-97.23622">
        <ele>131.8</ele>
      </trkpt>
      <trkpt lat="29.84587" lon="-97.23577">
        <ele>130.5</ele>
      </trkpt>
      <trkpt lat="29.84534" lon="-97.23532">
        <ele>128.7</ele>
      </trkpt>
      <trkpt lat="29.8452" lon="-97.23522">
        <ele>128.9</ele>
      </trkpt>
      <trkpt lat="29.84491" lon="-97.23506">
        <ele>130.0</ele>
      </trkpt>
      <trkpt lat="29.84475" lon="-97.235">
        <ele>130.5</ele>
      </trkpt>
      <trkpt lat="29.84389" lon="-97.23476">
        <ele>132.4</ele>
      </trkpt>
      <trkpt lat="29.84302" lon="-97.23452">
        <ele>134.8</ele>
      </trkpt>
      <trkpt lat="29.84216" lon="-97.23428">
        <ele>136.7</ele>
      </trkpt>
      <trkpt lat="29.84129" lon="-97.234039">
        <ele>139.1</ele>
      </trkpt>
      <trkpt lat="29.84043" lon="-97.2338">
        <ele>140.9</ele>
      </trkpt>
      <trkpt lat="29.83998" lon="-97.23368">
        <ele>141.1</ele>
      </trkpt>
      <trkpt lat="29.83952" lon="-97.23356">
        <ele>141.1</ele>
      </trkpt>
      <trkpt lat="29.83885" lon="-97.23326">
        <ele>140.9</ele>
      </trkpt>
      <trkpt lat="29.83817" lon="-97.23297">
        <ele>140.2</ele>
      </trkpt>
      <trkpt lat="29.83749" lon="-97.23267">
        <ele>139.6</ele>
      </trkpt>
      <trkpt lat="29.83681" lon="-97.23237">
        <ele>138.7</ele>
      </trkpt>
      <trkpt lat="29.8363" lon="-97.23218">
        <ele>138.1</ele>
      </trkpt>
      <trkpt lat="29.83575" lon="-97.23213">
        <ele>137.4</ele>
      </trkpt>
      <trkpt lat="29.8352" lon="-97.232069">
        <ele>136.6</ele>
      </trkpt>
      <trkpt lat="29.83489" lon="-97.232">
        <ele>136.4</ele>
      </trkpt>
      <trkpt lat="29.83409" lon="-97.23168">
        <ele>137.3</ele>
      </trkpt>
      <trkpt lat="29.83328" lon="-97.23136">
        <ele>137.7</ele>
      </trkpt>
      <trkpt lat="29.83247" lon="-97.231039">
        <ele>137.3</ele>
      </trkpt>
      <trkpt lat="29.83199" lon="-97.2309">
        <ele>137.1</ele>
      </trkpt>
      <trkpt lat="29.8315" lon="-97.23076">
        <ele>136.8</ele>
      </trkpt>
      <trkpt lat="29.83074" lon="-97.23045">
        <ele>136.4</ele>
      </trkpt>
      <trkpt lat="29.83006" lon="-97.23015">
        <ele>135.9</ele>
      </trkpt>
      <trkpt lat="29.82938" lon="-97.22985">
        <ele>135.4</ele>
      </trkpt>
      <trkpt lat="29.8287" lon="-97.22956">
        <ele>135.3</ele>
      </trkpt>
      <trkpt lat="29.82802" lon="-97.22926">
        <ele>135.6</ele>
      </trkpt>
      <trkpt lat="29.82745" lon="-97.22906">
        <ele>135.8</ele>
      </trkpt>
      <trkpt lat="29.82688" lon="-97.22886">
        <ele>136.0</ele>
      </trkpt>
      <trkpt lat="29.82636" lon="-97.2287">
        <ele>135.8</ele>
      </trkpt>
      <trkpt lat="29.82585" lon="-97.22855">
        <ele>135.3</ele>
      </trkpt>
      <trkpt lat="29.82517" lon="-97.22832">
        <ele>135.0</ele>
      </trkpt>
      <trkpt lat="29.8245" lon="-97.22808">
        <ele>135.8</ele>
      </trkpt>
      <trkpt lat="29.82382" lon="-97.22785">
        <ele>136.9</ele>
      </trkpt>
      <trkpt lat="29.82297" lon="-97.22752">
        <ele>136.4</ele>
      </trkpt>
      <trkpt lat="29.82212" lon="-97.2272">
        <ele>135.0</ele>
      </trkpt>
      <trkpt lat="29.82184" lon="-97.22707">
        <ele>134.3</ele>
      </trkpt>
      <trkpt lat="29.82158" lon="-97.22692">
        <ele>132.8</ele>
      </trkpt>
      <trkpt lat="29.82124" lon="-97.22666">
        <ele>134.5</ele>
      </trkpt>
      <trkpt lat="29.82106" lon="-97.22658">
        <ele>134.8</ele>
      </trkpt>
      <trkpt lat="29.82087" lon="-97.22655">
        <ele>134.8</ele>
      </trkpt>
      <trkpt lat="29.82005" lon="-97.2265">
        <ele>134.7</ele>
      </trkpt>
      <trkpt lat="29.81924" lon="-97.22645">
        <ele>135.3</ele>
      </trkpt>
      <trkpt lat="29.81843" lon="-97.2264">
        <ele>137.8</ele>
      </trkpt>
      <trkpt lat="29.81763" lon="-97.22642">
        <ele>138.4</ele>
      </trkpt>
      <trkpt lat="29.81679" lon="-97.22642">
        <ele>138.5</ele>
      </trkpt>
      <trkpt lat="29.81594" lon="-97.22642">
        <ele>138.3</ele>
      </trkpt>
      <trkpt lat="29.81509" lon="-97.22641">
        <ele>137.0</ele>
      </trkpt>
      <trkpt lat="29.81437" lon="-97.22639">
        <ele>135.5</ele>
      </trkpt>
      <trkpt lat="29.81366" lon="-97.22636">
        <ele>133.6</ele>
      </trkpt>
      <trkpt lat="29.81311" lon="-97.22637">
        <ele>132.2</ele>
      </trkpt>
      <trkpt lat="29.8124" lon="-97.22638">
        <ele>130.4</ele>
      </trkpt>
      <trkpt lat="29.81183" lon="-97.22635">
        <ele>128.7</ele>
      </trkpt>
      <trkpt lat="29.81127" lon="-97.22632">
        <ele>128.8</ele>
      </trkpt>
      <trkpt lat="29.81057" lon="-97.2263">
        <ele>129.9</ele>
      </trkpt>
      <trkpt lat="29.80988" lon="-97.22628">
        <ele>129.9</ele>
      </trkpt>
      <trkpt lat="29.80903" lon="-97.22626">
        <ele>127.9</ele>
      </trkpt>
      <trkpt lat="29.80818" lon="-97.22624">
        <ele>126.1</ele>
      </trkpt>
      <trkpt lat="29.80733" lon="-97.22622">
        <ele>124.5</ele>
      </trkpt>
      <trkpt lat="29.80648" lon="-97.2262">
        <ele>123.5</ele>
      </trkpt>
      <trkpt lat="29.80563" lon="-97.22618">
        <ele>122.4</ele>
      </trkpt>
      <trkpt lat="29.80479" lon="-97.22617">
        <ele>121.5</ele>
      </trkpt>
      <trkpt lat="29.80394" lon="-97.22615">
        <ele>120.6</ele>
      </trkpt>
      <trkpt lat="29.80309" lon="-97.22613">
        <ele>119.0</ele>
      </trkpt>
      <trkpt lat="29.80224" lon="-97.22611">
        <ele>119.7</ele>
      </trkpt>
      <trkpt lat="29.80194" lon="-97.22614">
        <ele>119.8</ele>
      </trkpt>
      <trkpt lat="29.80251" lon="-97.22655">
        <ele>119.0</ele>
      </trkpt>
      <trkpt lat="29.80259" lon="-97.22666">
        <ele>118.8</ele>
      </trkpt>
      <trkpt lat="29.80263" lon="-97.22677">
        <ele>118.6</ele>
      </trkpt>
      <trkpt lat="29.80264" lon="-97.22684">
        <ele>118.5</ele>
      </trkpt>
      <trkpt lat="29.80263" lon="-97.22786">
        <ele>117.6</ele>
      </trkpt>
      <trkpt lat="29.80262" lon="-97.22889">
        <ele>117.3</ele>
      </trkpt>
      <trkpt lat="29.80261" lon="-97.22991">
        <ele>116.3</ele>
      </trkpt>
      <trkpt lat="29.80259" lon="-97.23087">
        <ele>118.0</ele>
      </trkpt>
      <trkpt lat="29.80256" lon="-97.23183">
        <ele>119.1</ele>
      </trkpt>
      <trkpt lat="29.80253" lon="-97.23279">
        <ele>120.0</ele>
      </trkpt>
      <trkpt lat="29.8025" lon="-97.23374">
        <ele>120.5</ele>
      </trkpt>
      <trkpt lat="29.8025" lon="-97.23471">
        <ele>119.7</ele>
      </trkpt>
      <trkpt lat="29.80249" lon="-97.23567">
        <ele>118.4</ele>
      </trkpt>
      <trkpt lat="29.80248" lon="-97.23663">
        <ele>118.5</ele>
      </trkpt>
      <trkpt lat="29.80248" lon="-97.23759">
        <ele>116.2</ele>
      </trkpt>
      <trkpt lat="29.80247" lon="-97.23855">
        <ele>115.8</ele>
      </trkpt>
      <trkpt lat="29.80246" lon="-97.23951">
        <ele>113.2</ele>
      </trkpt>
      <trkpt lat="29.80249" lon="-97.240039">
        <ele>113.1</ele>
      </trkpt>
      <trkpt lat="29.80259" lon="-97.24073">
        <ele>110.4</ele>
      </trkpt>
      <trkpt lat="29.80261" lon="-97.2413">
        <ele>112.6</ele>
      </trkpt>
      <trkpt lat="29.8026" lon="-97.24213">
        <ele>113.9</ele>
      </trkpt>
      <trkpt lat="29.80257" lon="-97.24316">
        <ele>113.4</ele>
      </trkpt>
      <trkpt lat="29.80254" lon="-97.24418">
        <ele>114.7</ele>
      </trkpt>
      <trkpt lat="29.80252" lon="-97.24521">
        <ele>115.5</ele>
      </trkpt>
      <trkpt lat="29.80249" lon="-97.24624">
        <ele>116.3</ele>
      </trkpt>
      <trkpt lat="29.80246" lon="-97.24726">
        <ele>117.1</ele>
      </trkpt>
      <trkpt lat="29.80244" lon="-97.24829">
        <ele>118.1</ele>
      </trkpt>
      <trkpt lat="29.80241" lon="-97.24931">
        <ele>119.3</ele>
      </trkpt>
      <trkpt lat="29.80239" lon="-97.25034">
        <ele>120.7</ele>
      </trkpt>
      <trkpt lat="29.80236" lon="-97.25137">
        <ele>121.5</ele>
      </trkpt>
      <trkpt lat="29.80233" lon="-97.25239">
        <ele>121.9</ele>
      </trkpt>
      <trkpt lat="29.80231" lon="-97.25342">
        <ele>126.0</ele>
      </trkpt>
      <trkpt lat="29.80228" lon="-97.25445">
        <ele>127.8</ele>
      </trkpt>
      <trkpt lat="29.80229" lon="-97.25535">
        <ele>127.5</ele>
      </trkpt>
      <trkpt lat="29.80227" lon="-97.25625">
        <ele>127.0</ele>
      </trkpt>
      <trkpt lat="29.80225" lon="-97.25715">
        <ele>125.8</ele>
      </trkpt>
      <trkpt lat="29.80223" lon="-97.25805">
        <ele>127.1</ele>
      </trkpt>
      <trkpt lat="29.80221" lon="-97.25895">
        <ele>129.0</ele>
      </trkpt>
      <trkpt lat="29.80219" lon="-97.25985">
        <ele>132.0</ele>
      </trkpt>
      <trkpt lat="29.80217" lon="-97.25994">
        <ele>132.2</ele>
      </trkpt>
      <trkpt lat="29.80209" lon="-97.26002">
        <ele>132.6</ele>
      </trkpt>
      <trkpt lat="29.80204" lon="-97.26003">
        <ele>132.7</ele>
      </trkpt>
      <trkpt lat="29.80128" lon="-97.25993">
        <ele>133.1</ele>
      </trkpt>
      <trkpt lat="29.8006" lon="-97.25982">
        <ele>133.7</ele>
      </trkpt>
      <trkpt lat="29.79991" lon="-97.25971">
        <ele>134.5</ele>
      </trkpt>
      <trkpt lat="29.79923" lon="-97.2596">
        <ele>133.6</ele>
      </trkpt>
      <trkpt lat="29.79882" lon="-97.25957">
        <ele>133.1</ele>
      </trkpt>
      <trkpt lat="29.798" lon="-97.25955">
        <ele>131.3</ele>
      </trkpt>
      <trkpt lat="29.79719" lon="-97.25952">
        <ele>129.8</ele>
      </trkpt>
      <trkpt lat="29.79637" lon="-97.2595">
        <ele>127.5</ele>
      </trkpt>
      <trkpt lat="29.79556" lon="-97.259469">
        <ele>126.3</ele>
      </trkpt>
      <trkpt lat="29.79475" lon="-97.25945">
        <ele>125.9</ele>
      </trkpt>
      <trkpt lat="29.79387" lon="-97.25942">
        <ele>124.7</ele>
      </trkpt>
      <trkpt lat="29.79299" lon="-97.259379">
        <ele>122.6</ele>
      </trkpt>
      <trkpt lat="29.79211" lon="-97.25935">
        <ele>120.7</ele>
      </trkpt>
      <trkpt lat="29.79201" lon="-97.2593">
        <ele>120.7</ele>
      </trkpt>
      <trkpt lat="29.79195" lon="-97.2593">
        <ele>120.6</ele>
      </trkpt>
      <trkpt lat="29.79183" lon="-97.25933">
        <ele>120.4</ele>
      </trkpt>
      <trkpt lat="29.79178" lon="-97.25937">
        <ele>120.2</ele>
      </trkpt>
      <trkpt lat="29.79172" lon="-97.25944">
        <ele>120.0</ele>
      </trkpt>
      <trkpt lat="29.79167" lon="-97.25957">
        <ele>119.7</ele>
      </trkpt>
      <trkpt lat="29.79162" lon="-97.26007">
        <ele>118.8</ele>
      </trkpt>
      <trkpt lat="29.79152" lon="-97.26023">
        <ele>118.3</ele>
      </trkpt>
      <trkpt lat="29.79138" lon="-97.260319">
        <ele>118.0</ele>
      </trkpt>
      <trkpt lat="29.79068" lon="-97.26042">
        <ele>118.1</ele>
      </trkpt>
      <trkpt lat="29.78998" lon="-97.26051">
        <ele>118.4</ele>
      </trkpt>
      <trkpt lat="29.78928" lon="-97.26061">
        <ele>118.0</ele>
      </trkpt>
      <trkpt lat="29.78911" lon="-97.26066">
        <ele>117.7</ele>
      </trkpt>
      <trkpt lat="29.78835" lon="-97.26097">
        <ele>116.6</ele>
      </trkpt>
      <trkpt lat="29.78778" lon="-97.26115">
        <ele>115.9</ele>
      </trkpt>
      <trkpt lat="29.7876" lon="-97.26116">
        <ele>116.2</ele>
      </trkpt>
      <trkpt lat="29.78747" lon="-97.26111">
        <ele>116.3</ele>
      </trkpt>
      <trkpt lat="29.78718" lon="-97.260859">
        <ele>115.8</ele>
      </trkpt>
      <trkpt lat="29.7869" lon="-97.26067">
        <ele>115.9</ele>
      </trkpt>
      <trkpt lat="29.78669" lon="-97.26058">
        <ele>116.1</ele>
      </trkpt>
      <trkpt lat="29.78584" lon="-97.26026">
        <ele>116.5</ele>
      </trkpt>
      <trkpt lat="29.78534" lon="-97.26009">
        <ele>116.3</ele>
      </trkpt>
      <trkpt lat="29.78485" lon="-97.259919">
        <ele>115.4</ele>
      </trkpt>
      <trkpt lat="29.78449" lon="-97.25984">
        <ele>114.9</ele>
      </trkpt>
      <trkpt lat="29.78373" lon="-97.25972">
        <ele>113.6</ele>
      </trkpt>
      <trkpt lat="29.78328" lon="-97.25963">
        <ele>113.5</ele>
      </trkpt>
      <trkpt lat="29.78282" lon="-97.25955">
        <ele>113.1</ele>
      </trkpt>
      <trkpt lat="29.7821" lon="-97.25944">
        <ele>113.0</ele>
      </trkpt>
      <trkpt lat="29.78139" lon="-97.25933">
        <ele>113.4</ele>
      </trkpt>
      <trkpt lat="29.78094" lon="-97.259289">
        <ele>113.3</ele>
      </trkpt>
      <trkpt lat="29.78049" lon="-97.25925">
        <ele>112.9</ele>
      </trkpt>
      <trkpt lat="29.78024" lon="-97.25903">
        <ele>112.7</ele>
      </trkpt>
      <trkpt lat="29.77978" lon="-97.2585">
        <ele>112.6</ele>
      </trkpt>
      <trkpt lat="29.77962" lon="-97.25837">
        <ele>112.7</ele>
      </trkpt>
      <trkpt lat="29.77954" lon="-97.25831">
        <ele>112.7</ele>
      </trkpt>
      <trkpt lat="29.77944" lon="-97.25827">
        <ele>112.7</ele>
      </trkpt>
      <trkpt lat="29.77925" lon="-97.25822">
        <ele>112.7</ele>
      </trkpt>
      <trkpt lat="29.77847" lon="-97.25813">
        <ele>112.7</ele>
      </trkpt>
      <trkpt lat="29.77767" lon="-97.25796">
        <ele>112.6</ele>
      </trkpt>
      <trkpt lat="29.77758" lon="-97.25792">
        <ele>112.6</ele>
      </trkpt>
      <trkpt lat="29.77754" lon="-97.25788">
        <ele>112.6</ele>
      </trkpt>
      <trkpt lat="29.77749" lon="-97.25778">
        <ele>112.6</ele>
      </trkpt>
      <trkpt lat="29.77747" lon="-97.25772">
        <ele>112.6</ele>
      </trkpt>
      <trkpt lat="29.77748" lon="-97.25688">
        <ele>113.5</ele>
      </trkpt>
      <trkpt lat="29.77749" lon="-97.25604">
        <ele>114.5</ele>
      </trkpt>
      <trkpt lat="29.7775" lon="-97.255439">
        <ele>115.3</ele>
      </trkpt>
      <trkpt lat="29.77751" lon="-97.25483">
        <ele>116.5</ele>
      </trkpt>
      <trkpt lat="29.77749" lon="-97.2548">
        <ele>116.6</ele>
      </trkpt>
      <trkpt lat="29.77743" lon="-97.25475">
        <ele>116.6</ele>
      </trkpt>
      <trkpt lat="29.77682" lon="-97.25473">
        <ele>115.7</ele>
      </trkpt>
      <trkpt lat="29.77622" lon="-97.25471">
        <ele>115.5</ele>
      </trkpt>
      <trkpt lat="29.77537" lon="-97.25469">
        <ele>115.5</ele>
      </trkpt>
      <trkpt lat="29.77453" lon="-97.25467">
        <ele>113.5</ele>
      </trkpt>
      <trkpt lat="29.77368" lon="-97.25466">
        <ele>112.1</ele>
      </trkpt>
      <trkpt lat="29.77284" lon="-97.25464">
        <ele>111.4</ele>
      </trkpt>
      <trkpt lat="29.772" lon="-97.25462">
        <ele>110.6</ele>
      </trkpt>
      <trkpt lat="29.77115" lon="-97.2546">
        <ele>109.7</ele>
      </trkpt>
      <trkpt lat="29.77031" lon="-97.25458">
        <ele>110.4</ele>
      </trkpt>
      <trkpt lat="29.76946" lon="-97.25457">
        <ele>112.0</ele>
      </trkpt>
      <trkpt lat="29.76888" lon="-97.25457">
        <ele>110.4</ele>
      </trkpt>
      <trkpt lat="29.76837" lon="-97.25455">
        <ele>113.5</ele>
      </trkpt>
      <trkpt lat="29.76786" lon="-97.25453">
        <ele>117.7</ele>
      </trkpt>
      <trkpt lat="29.76719" lon="-97.25455">
        <ele>119.1</ele>
      </trkpt>
      <trkpt lat="29.76635" lon="-97.25461">
        <ele>118.3</ele>
      </trkpt>
      <trkpt lat="29.76552" lon="-97.254679">
        <ele>116.2</ele>
      </trkpt>
      <trkpt lat="29.76468" lon="-97.25474">
        <ele>117.6</ele>
      </trkpt>
      <trkpt lat="29.76393" lon="-97.25481">
        <ele>117.9</ele>
      </trkpt>
      <trkpt lat="29.76318" lon="-97.25488">
        <ele>117.3</ele>
      </trkpt>
      <trkpt lat="29.76243" lon="-97.254949">
        <ele>117.2</ele>
      </trkpt>
      <trkpt lat="29.76168" lon="-97.25501">
        <ele>116.4</ele>
      </trkpt>
      <trkpt lat="29.76093" lon="-97.25508">
        <ele>115.4</ele>
      </trkpt>
      <trkpt lat="29.76018" lon="-97.25515">
        <ele>114.2</ele>
      </trkpt>
      <trkpt lat="29.75943" lon="-97.2552">
        <ele>113.1</ele>
      </trkpt>
      <trkpt lat="29.75855" lon="-97.25523">
        <ele>111.7</ele>
      </trkpt>
      <trkpt lat="29.75767" lon="-97.25522">
        <ele>110.1</ele>
      </trkpt>
      <trkpt lat="29.7568" lon="-97.2552">
        <ele>108.9</ele>
      </trkpt>
      <trkpt lat="29.75593" lon="-97.25518">
        <ele>107.7</ele>
      </trkpt>
      <trkpt lat="29.75538" lon="-97.25516">
        <ele>107.0</ele>
      </trkpt>
      <trkpt lat="29.75482" lon="-97.25515">
        <ele>105.6</ele>
      </trkpt>
      <trkpt lat="29.75466" lon="-97.25519">
        <ele>105.3</ele>
      </trkpt>
      <trkpt lat="29.75415" lon="-97.25536">
        <ele>104.8</ele>
      </trkpt>
      <trkpt lat="29.75365" lon="-97.255529">
        <ele>106.5</ele>
      </trkpt>
      <trkpt lat="29.75354" lon="-97.25559">
        <ele>107.0</ele>
      </trkpt>
      <trkpt lat="29.75341" lon="-97.255619">
        <ele>107.3</ele>
      </trkpt>
      <trkpt lat="29.75327" lon="-97.255619">
        <ele>107.4</ele>
      </trkpt>
      <trkpt lat="29.75314" lon="-97.25559">
        <ele>107.4</ele>
      </trkpt>
      <trkpt lat="29.75228" lon="-97.25557">
        <ele>107.8</ele>
      </trkpt>
      <trkpt lat="29.75143" lon="-97.25556">
        <ele>108.8</ele>
      </trkpt>
      <trkpt lat="29.75057" lon="-97.25554">
        <ele>109.4</ele>
      </trkpt>
      <trkpt lat="29.75056" lon="-97.256559">
        <ele>111.8</ele>
      </trkpt>
      <trkpt lat="29.75055" lon="-97.25758">
        <ele>113.9</ele>
      </trkpt>
      <trkpt lat="29.75054" lon="-97.25847">
        <ele>115.5</ele>
      </trkpt>
      <trkpt lat="29.75054" lon="-97.25935">
        <ele>116.5</ele>
      </trkpt>
      <trkpt lat="29.75056" lon="-97.26036">
        <ele>117.6</ele>
      </trkpt>
      <trkpt lat="29.75058" lon="-97.26136">
        <ele>117.1</ele>
      </trkpt>
      <trkpt lat="29.75061" lon="-97.26237">
        <ele>115.8</ele>
      </trkpt>
      <trkpt lat="29.75063" lon="-97.263229">
        <ele>114.9</ele>
      </trkpt>
      <trkpt lat="29.75066" lon="-97.26409">
        <ele>116.0</ele>
      </trkpt>
      <trkpt lat="29.75068" lon="-97.26496">
        <ele>116.3</ele>
      </trkpt>
      <trkpt lat="29.75065" lon="-97.26563">
        <ele>117.8</ele>
      </trkpt>
      <trkpt lat="29.75061" lon="-97.26631">
        <ele>119.4</ele>
      </trkpt>
      <trkpt lat="29.75059" lon="-97.26703">
        <ele>121.6</ele>
      </trkpt>
      <trkpt lat="29.75056" lon="-97.26776">
        <ele>123.4</ele>
      </trkpt>
      <trkpt lat="29.75053" lon="-97.26804">
        <ele>124.6</ele>
      </trkpt>
      <trkpt lat="29.75049" lon="-97.26825">
        <ele>125.6</ele>
      </trkpt>
      <trkpt lat="29.75041" lon="-97.26852">
        <ele>126.3</ele>
      </trkpt>
      <trkpt lat="29.75031" lon="-97.26878">
        <ele>127.9</ele>
      </trkpt>
      <trkpt lat="29.75021" lon="-97.26899">
        <ele>128.2</ele>
      </trkpt>
      <trkpt lat="29.75002" lon="-97.26931">
        <ele>128.9</ele>
      </trkpt>
      <trkpt lat="29.7498" lon="-97.26961">
        <ele>129.6</ele>
      </trkpt>
      <trkpt lat="29.74968" lon="-97.26974">
        <ele>129.8</ele>
      </trkpt>
      <trkpt lat="29.74968" lon="-97.26974">
        <ele>129.8</ele>
      </trkpt>
      <trkpt lat="29.74941" lon="-97.27002">
        <ele>129.7</ele>
      </trkpt>
      <trkpt lat="29.74888" lon="-97.27033">
        <ele>127.5</ele>
      </trkpt>
      <trkpt lat="29.74859" lon="-97.27043">
        <ele>125.3</ele>
      </trkpt>
      <trkpt lat="29.74824" lon="-97.27051">
        <ele>123.5</ele>
      </trkpt>
      <trkpt lat="29.74735" lon="-97.27054">
        <ele>121.5</ele>
      </trkpt>
      <trkpt lat="29.74646" lon="-97.27057">
        <ele>124.6</ele>
      </trkpt>
      <trkpt lat="29.74556" lon="-97.2706">
        <ele>128.3</ele>
      </trkpt>
      <trkpt lat="29.74467" lon="-97.270619">
        <ele>131.6</ele>
      </trkpt>
      <trkpt lat="29.74378" lon="-97.27065">
        <ele>130.4</ele>
      </trkpt>
      <trkpt lat="29.74288" lon="-97.27068">
        <ele>128.0</ele>
      </trkpt>
      <trkpt lat="29.74242" lon="-97.270709">
        <ele>126.5</ele>
      </trkpt>
      <trkpt lat="29.74194" lon="-97.27079">
        <ele>125.3</ele>
      </trkpt>
      <trkpt lat="29.74155" lon="-97.2709">
        <ele>125.2</ele>
      </trkpt>
      <trkpt lat="29.74155" lon="-97.27094">
        <ele>125.2</ele>
      </trkpt>
      <trkpt lat="29.7418" lon="-97.2714">
        <ele>125.5</ele>
      </trkpt>
      <trkpt lat="29.74213" lon="-97.27204">
        <ele>126.5</ele>
      </trkpt>
      <trkpt lat="29.74245" lon="-97.27269">
        <ele>127.7</ele>
      </trkpt>
      <trkpt lat="29.7425" lon="-97.27283">
        <ele>127.9</ele>
      </trkpt>
      <trkpt lat="29.74287" lon="-97.27352">
        <ele>129.9</ele>
      </trkpt>
      <trkpt lat="29.74311" lon="-97.274019">
        <ele>131.1</ele>
      </trkpt>
      <trkpt lat="29.74335" lon="-97.27452">
        <ele>132.1</ele>
      </trkpt>
      <trkpt lat="29.74367" lon="-97.275139">
        <ele>133.0</ele>
      </trkpt>
      <trkpt lat="29.744" lon="-97.27577">
        <ele>132.5</ele>
      </trkpt>
      <trkpt lat="29.74432" lon="-97.2764">
        <ele>129.4</ele>
      </trkpt>
      <trkpt lat="29.74445" lon="-97.27671">
        <ele>127.6</ele>
      </trkpt>
      <trkpt lat="29.7445" lon="-97.27706">
        <ele>126.2</ele>
      </trkpt>
      <trkpt lat="29.74453" lon="-97.27804">
        <ele>122.6</ele>
      </trkpt>
      <trkpt lat="29.74456" lon="-97.27902">
        <ele>120.0</ele>
      </trkpt>
      <trkpt lat="29.74459" lon="-97.27974">
        <ele>118.5</ele>
      </trkpt>
      <trkpt lat="29.74462" lon="-97.28046">
        <ele>118.3</ele>
      </trkpt>
      <trkpt lat="29.74466" lon="-97.28117">
        <ele>117.3</ele>
      </trkpt>
      <trkpt lat="29.74468" lon="-97.28219">
        <ele>115.4</ele>
      </trkpt>
      <trkpt lat="29.74471" lon="-97.2829">
        <ele>115.6</ele>
      </trkpt>
      <trkpt lat="29.74472" lon="-97.28298">
        <ele>115.5</ele>
      </trkpt>
      <trkpt lat="29.74476" lon="-97.283109">
        <ele>115.5</ele>
      </trkpt>
      <trkpt lat="29.74485" lon="-97.28323">
        <ele>115.6</ele>
      </trkpt>
      <trkpt lat="29.74503" lon="-97.2833">
        <ele>115.9</ele>
      </trkpt>
      <trkpt lat="29.7458" lon="-97.28339">
        <ele>116.5</ele>
      </trkpt>
      <trkpt lat="29.74647" lon="-97.28343">
        <ele>119.3</ele>
      </trkpt>
      <trkpt lat="29.74658" lon="-97.28347">
        <ele>119.3</ele>
      </trkpt>
      <trkpt lat="29.74666" lon="-97.28358">
        <ele>119.2</ele>
      </trkpt>
      <trkpt lat="29.74701" lon="-97.28426">
        <ele>118.5</ele>
      </trkpt>
      <trkpt lat="29.74735" lon="-97.28495">
        <ele>120.8</ele>
      </trkpt>
      <trkpt lat="29.7477" lon="-97.28564">
        <ele>124.8</ele>
      </trkpt>
      <trkpt lat="29.74814" lon="-97.28651">
        <ele>122.6</ele>
      </trkpt>
      <trkpt lat="29.74859" lon="-97.28739">
        <ele>120.1</ele>
      </trkpt>
      <trkpt lat="29.74904" lon="-97.288259">
        <ele>117.9</ele>
      </trkpt>
      <trkpt lat="29.74949" lon="-97.28914">
        <ele>115.5</ele>
      </trkpt>
      <trkpt lat="29.74994" lon="-97.29001">
        <ele>114.4</ele>
      </trkpt>
      <trkpt lat="29.75025" lon="-97.29071">
        <ele>114.2</ele>
      </trkpt>
      <trkpt lat="29.75038" lon="-97.29092">
        <ele>114.8</ele>
      </trkpt>
      <trkpt lat="29.75062" lon="-97.29141">
        <ele>117.1</ele>
      </trkpt>
      <trkpt lat="29.75085" lon="-97.2919">
        <ele>119.2</ele>
      </trkpt>
      <trkpt lat="29.75095" lon="-97.29214">
        <ele>119.8</ele>
      </trkpt>
      <trkpt lat="29.75105" lon="-97.29223">
        <ele>120.1</ele>
      </trkpt>
      <trkpt lat="29.75162" lon="-97.29244">
        <ele>121.5</ele>
      </trkpt>
      <trkpt lat="29.75235" lon="-97.29266">
        <ele>122.8</ele>
      </trkpt>
      <trkpt lat="29.75274" lon="-97.29281">
        <ele>123.3</ele>
      </trkpt>
      <trkpt lat="29.75328" lon="-97.29301">
        <ele>123.7</ele>
      </trkpt>
      <trkpt lat="29.75354" lon="-97.29308">
        <ele>123.9</ele>
      </trkpt>
      <trkpt lat="29.7537" lon="-97.29308">
        <ele>123.9</ele>
      </trkpt>
      <trkpt lat="29.75395" lon="-97.29295">
        <ele>123.3</ele>
      </trkpt>
      <trkpt lat="29.75458" lon="-97.2927">
        <ele>122.2</ele>
      </trkpt>
      <trkpt lat="29.75502" lon="-97.29237">
        <ele>120.0</ele>
      </trkpt>
      <trkpt lat="29.75571" lon="-97.292">
        <ele>120.0</ele>
      </trkpt>
      <trkpt lat="29.7562" lon="-97.29171">
        <ele>120.6</ele>
      </trkpt>
      <trkpt lat="29.75662" lon="-97.29143">
        <ele>121.9</ele>
      </trkpt>
      <trkpt lat="29.75705" lon="-97.29115">
        <ele>123.0</ele>
      </trkpt>
      <trkpt lat="29.75718" lon="-97.29109">
        <ele>123.3</ele>
      </trkpt>
      <trkpt lat="29.75725" lon="-97.291079">
        <ele>123.4</ele>
      </trkpt>
      <trkpt lat="29.75738" lon="-97.29109">
        <ele>123.5</ele>
      </trkpt>
      <trkpt lat="29.75744" lon="-97.29112">
        <ele>123.5</ele>
      </trkpt>
      <trkpt lat="29.75753" lon="-97.2912">
        <ele>123.3</ele>
      </trkpt>
      <trkpt lat="29.75766" lon="-97.29141">
        <ele>122.7</ele>
      </trkpt>
      <trkpt lat="29.75795" lon="-97.29197">
        <ele>123.4</ele>
      </trkpt>
      <trkpt lat="29.75803" lon="-97.29206">
        <ele>124.0</ele>
      </trkpt>
      <trkpt lat="29.75814" lon="-97.2921">
        <ele>124.4</ele>
      </trkpt>
      <trkpt lat="29.75826" lon="-97.29209">
        <ele>124.8</ele>
      </trkpt>
      <trkpt lat="29.75844" lon="-97.29201">
        <ele>125.5</ele>
      </trkpt>
      <trkpt lat="29.7591" lon="-97.29158">
        <ele>126.7</ele>
      </trkpt>
      <trkpt lat="29.75976" lon="-97.29114">
        <ele>128.6</ele>
      </trkpt>
      <trkpt lat="29.76041" lon="-97.29074">
        <ele>130.0</ele>
      </trkpt>
      <trkpt lat="29.76105" lon="-97.29037">
        <ele>131.7</ele>
      </trkpt>
      <trkpt lat="29.76168" lon="-97.28999">
        <ele>132.9</ele>
      </trkpt>
      <trkpt lat="29.76232" lon="-97.28962">
        <ele>134.4</ele>
      </trkpt>
      <trkpt lat="29.76271" lon="-97.28935">
        <ele>136.4</ele>
      </trkpt>
      <trkpt lat="29.76298" lon="-97.28914">
        <ele>136.9</ele>
      </trkpt>
      <trkpt lat="29.76345" lon="-97.28853">
        <ele>138.2</ele>
      </trkpt>
      <trkpt lat="29.76391" lon="-97.28792">
        <ele>139.0</ele>
      </trkpt>
      <trkpt lat="29.76437" lon="-97.2873">
        <ele>139.6</ele>
      </trkpt>
      <trkpt lat="29.76483" lon="-97.286689">
        <ele>140.6</ele>
      </trkpt>
      <trkpt lat="29.76523" lon="-97.286109">
        <ele>140.8</ele>
      </trkpt>
      <trkpt lat="29.76562" lon="-97.28553">
        <ele>139.0</ele>
      </trkpt>
      <trkpt lat="29.76605" lon="-97.28485">
        <ele>136.3</ele>
      </trkpt>
      <trkpt lat="29.76647" lon="-97.28418">
        <ele>133.5</ele>
      </trkpt>
      <trkpt lat="29.76648" lon="-97.28406">
        <ele>133.2</ele>
      </trkpt>
      <trkpt lat="29.76642" lon="-97.28395">
        <ele>133.0</ele>
      </trkpt>
      <trkpt lat="29.76595" lon="-97.28352">
        <ele>132.9</ele>
      </trkpt>
      <trkpt lat="29.76548" lon="-97.28318">
        <ele>133.4</ele>
      </trkpt>
      <trkpt lat="29.76597" lon="-97.28286">
        <ele>132.1</ele>
      </trkpt>
      <trkpt lat="29.76647" lon="-97.28255">
        <ele>130.3</ele>
      </trkpt>
      <trkpt lat="29.76666" lon="-97.28241">
        <ele>129.1</ele>
      </trkpt>
      <trkpt lat="29.76677" lon="-97.28236">
        <ele>128.6</ele>
      </trkpt>
      <trkpt lat="29.76699" lon="-97.2823">
        <ele>127.6</ele>
      </trkpt>
      <trkpt lat="29.7671" lon="-97.28229">
        <ele>127.1</ele>
      </trkpt>
      <trkpt lat="29.76787" lon="-97.28229">
        <ele>124.3</ele>
      </trkpt>
      <trkpt lat="29.76864" lon="-97.2823">
        <ele>123.5</ele>
      </trkpt>
      <trkpt lat="29.76946" lon="-97.28231">
        <ele>122.4</ele>
      </trkpt>
      <trkpt lat="29.77028" lon="-97.28232">
        <ele>123.6</ele>
      </trkpt>
      <trkpt lat="29.77111" lon="-97.28234">
        <ele>126.7</ele>
      </trkpt>
      <trkpt lat="29.77193" lon="-97.282349">
        <ele>127.1</ele>
      </trkpt>
      <trkpt lat="29.77276" lon="-97.28237">
        <ele>127.4</ele>
      </trkpt>
      <trkpt lat="29.77358" lon="-97.28238">
        <ele>132.1</ele>
      </trkpt>
      <trkpt lat="29.7744" lon="-97.28239">
        <ele>134.9</ele>
      </trkpt>
      <trkpt lat="29.77523" lon="-97.28241">
        <ele>135.1</ele>
      </trkpt>
      <trkpt lat="29.7753" lon="-97.28238">
        <ele>135.0</ele>
      </trkpt>
      <trkpt lat="29.77535" lon="-97.282349">
        <ele>134.9</ele>
      </trkpt>
      <trkpt lat="29.77538" lon="-97.28233">
        <ele>134.8</ele>
      </trkpt>
      <trkpt lat="29.77542" lon="-97.28224">
        <ele>134.6</ele>
      </trkpt>
      <trkpt lat="29.77543" lon="-97.28133">
        <ele>131.5</ele>
      </trkpt>
      <trkpt lat="29.77543" lon="-97.28042">
        <ele>127.7</ele>
      </trkpt>
      <trkpt lat="29.77543" lon="-97.27951">
        <ele>124.7</ele>
      </trkpt>
      <trkpt lat="29.77544" lon="-97.2786">
        <ele>122.4</ele>
      </trkpt>
      <trkpt lat="29.77544" lon="-97.27769">
        <ele>121.0</ele>
      </trkpt>
      <trkpt lat="29.77545" lon="-97.27678">
        <ele>121.9</ele>
      </trkpt>
      <trkpt lat="29.77545" lon="-97.2758">
        <ele>124.7</ele>
      </trkpt>
      <trkpt lat="29.77545" lon="-97.27482">
        <ele>126.9</ele>
      </trkpt>
      <trkpt lat="29.77546" lon="-97.27384">
        <ele>126.4</ele>
      </trkpt>
      <trkpt lat="29.77546" lon="-97.27286">
        <ele>126.0</ele>
      </trkpt>
      <trkpt lat="29.77546" lon="-97.27188">
        <ele>127.1</ele>
      </trkpt>
      <trkpt lat="29.77547" lon="-97.2709">
        <ele>126.1</ele>
      </trkpt>
      <trkpt lat="29.77548" lon="-97.27085">
        <ele>126.0</ele>
      </trkpt>
      <trkpt lat="29.77553" lon="-97.27079">
        <ele>126.0</ele>
      </trkpt>
      <trkpt lat="29.77562" lon="-97.27076">
        <ele>126.0</ele>
      </trkpt>
      <trkpt lat="29.77617" lon="-97.27078">
        <ele>126.8</ele>
      </trkpt>
      <trkpt lat="29.77671" lon="-97.2708">
        <ele>127.9</ele>
      </trkpt>
      <trkpt lat="29.77757" lon="-97.27081">
        <ele>129.1</ele>
      </trkpt>
      <trkpt lat="29.77843" lon="-97.27083">
        <ele>130.2</ele>
      </trkpt>
      <trkpt lat="29.77929" lon="-97.27084">
        <ele>130.4</ele>
      </trkpt>
      <trkpt lat="29.78015" lon="-97.27086">
        <ele>130.7</ele>
      </trkpt>
      <trkpt lat="29.78024" lon="-97.27083">
        <ele>130.7</ele>
      </trkpt>
      <trkpt lat="29.78028" lon="-97.27079">
        <ele>130.8</ele>
      </trkpt>
      <trkpt lat="29.78031" lon="-97.27067">
        <ele>131.0</ele>
      </trkpt>
      <trkpt lat="29.78031" lon="-97.26982">
        <ele>131.8</ele>
      </trkpt>
      <trkpt lat="29.78034" lon="-97.2689">
        <ele>129.7</ele>
      </trkpt>
      <trkpt lat="29.78036" lon="-97.26798">
        <ele>125.7</ele>
      </trkpt>
      <trkpt lat="29.78038" lon="-97.26706">
        <ele>121.8</ele>
      </trkpt>
      <trkpt lat="29.78039" lon="-97.26608">
        <ele>120.7</ele>
      </trkpt>
      <trkpt lat="29.7804" lon="-97.26511">
        <ele>118.7</ele>
      </trkpt>
      <trkpt lat="29.78041" lon="-97.26413">
        <ele>118.1</ele>
      </trkpt>
      <trkpt lat="29.78042" lon="-97.26316">
        <ele>116.2</ele>
      </trkpt>
      <trkpt lat="29.78044" lon="-97.26218">
        <ele>115.3</ele>
      </trkpt>
      <trkpt lat="29.78045" lon="-97.2612">
        <ele>115.2</ele>
      </trkpt>
      <trkpt lat="29.78047" lon="-97.26022">
        <ele>114.5</ele>
      </trkpt>
      <trkpt lat="29.78049" lon="-97.25925">
        <ele>112.9</ele>
      </trkpt>
      <trkpt lat="29.78094" lon="-97.259289">
        <ele>113.3</ele>
      </trkpt>
      <trkpt lat="29.78139" lon="-97.25933">
        <ele>113.4</ele>
      </trkpt>
      <trkpt lat="29.7821" lon="-97.25944">
        <ele>113.0</ele>
      </trkpt>
      <trkpt lat="29.78282" lon="-97.25955">
        <ele>113.1</ele>
      </trkpt>
      <trkpt lat="29.78328" lon="-97.25963">
        <ele>113.5</ele>
      </trkpt>
      <trkpt lat="29.78373" lon="-97.25972">
        <ele>113.6</ele>
      </trkpt>
      <trkpt lat="29.78449" lon="-97.25984">
        <ele>114.9</ele>
      </trkpt>
      <trkpt lat="29.78485" lon="-97.259919">
        <ele>115.4</ele>
      </trkpt>
      <trkpt lat="29.78534" lon="-97.26009">
        <ele>116.3</ele>
      </trkpt>
      <trkpt lat="29.78584" lon="-97.26026">
        <ele>116.5</ele>
      </trkpt>
      <trkpt lat="29.78669" lon="-97.26058">
        <ele>116.1</ele>
      </trkpt>
      <trkpt lat="29.7869" lon="-97.26067">
        <ele>115.9</ele>
      </trkpt>
      <trkpt lat="29.78718" lon="-97.260859">
        <ele>115.8</ele>
      </trkpt>
      <trkpt lat="29.78747" lon="-97.26111">
        <ele>116.3</ele>
      </trkpt>
      <trkpt lat="29.7876" lon="-97.26116">
        <ele>116.2</ele>
      </trkpt>
      <trkpt lat="29.78778" lon="-97.26115">
        <ele>115.9</ele>
      </trkpt>
      <trkpt lat="29.78835" lon="-97.26097">
        <ele>116.6</ele>
      </trkpt>
      <trkpt lat="29.78911" lon="-97.26066">
        <ele>117.7</ele>
      </trkpt>
      <trkpt lat="29.78928" lon="-97.26061">
        <ele>118.0</ele>
      </trkpt>
      <trkpt lat="29.78998" lon="-97.26051">
        <ele>118.4</ele>
      </trkpt>
      <trkpt lat="29.79068" lon="-97.26042">
        <ele>118.1</ele>
      </trkpt>
      <trkpt lat="29.79138" lon="-97.260319">
        <ele>118.0</ele>
      </trkpt>
      <trkpt lat="29.79152" lon="-97.26023">
        <ele>118.3</ele>
      </trkpt>
      <trkpt lat="29.79162" lon="-97.26007">
        <ele>118.8</ele>
      </trkpt>
      <trkpt lat="29.79167" lon="-97.25957">
        <ele>119.7</ele>
      </trkpt>
      <trkpt lat="29.79172" lon="-97.25944">
        <ele>120.0</ele>
      </trkpt>
      <trkpt lat="29.79178" lon="-97.25937">
        <ele>120.2</ele>
      </trkpt>
      <trkpt lat="29.79183" lon="-97.25933">
        <ele>120.4</ele>
      </trkpt>
      <trkpt lat="29.79195" lon="-97.2593">
        <ele>120.6</ele>
      </trkpt>
      <trkpt lat="29.79201" lon="-97.2593">
        <ele>120.7</ele>
      </trkpt>
      <trkpt lat="29.79211" lon="-97.25935">
        <ele>120.7</ele>
      </trkpt>
      <trkpt lat="29.79288" lon="-97.259379">
        <ele>122.3</ele>
      </trkpt>
      <trkpt lat="29.79365" lon="-97.25941">
        <ele>124.0</ele>
      </trkpt>
      <trkpt lat="29.79288" lon="-97.259379">
        <ele>122.3</ele>
      </trkpt>
      <trkpt lat="29.79211" lon="-97.25935">
        <ele>120.7</ele>
      </trkpt>
      <trkpt lat="29.79201" lon="-97.2593">
        <ele>120.7</ele>
      </trkpt>
      <trkpt lat="29.79195" lon="-97.2593">
        <ele>120.6</ele>
      </trkpt>
      <trkpt lat="29.79183" lon="-97.25933">
        <ele>120.4</ele>
      </trkpt>
      <trkpt lat="29.79178" lon="-97.25937">
        <ele>120.2</ele>
      </trkpt>
      <trkpt lat="29.79182" lon="-97.259829">
        <ele>119.2</ele>
      </trkpt>
      <trkpt lat="29.79178" lon="-97.26036">
        <ele>118.0</ele>
      </trkpt>
      <trkpt lat="29.79174" lon="-97.26125">
        <ele>118.3</ele>
      </trkpt>
      <trkpt lat="29.7917" lon="-97.26214">
        <ele>121.3</ele>
      </trkpt>
      <trkpt lat="29.79165" lon="-97.26303">
        <ele>125.2</ele>
      </trkpt>
      <trkpt lat="29.79163" lon="-97.26371">
        <ele>127.8</ele>
      </trkpt>
      <trkpt lat="29.79161" lon="-97.26439">
        <ele>130.7</ele>
      </trkpt>
      <trkpt lat="29.79159" lon="-97.26515">
        <ele>133.6</ele>
      </trkpt>
      <trkpt lat="29.79158" lon="-97.26575">
        <ele>134.2</ele>
      </trkpt>
      <trkpt lat="29.79158" lon="-97.26635">
        <ele>132.8</ele>
      </trkpt>
      <trkpt lat="29.79154" lon="-97.26718">
        <ele>128.4</ele>
      </trkpt>
      <trkpt lat="29.79155" lon="-97.26808">
        <ele>131.8</ele>
      </trkpt>
      <trkpt lat="29.79153" lon="-97.26899">
        <ele>134.0</ele>
      </trkpt>
      <trkpt lat="29.79152" lon="-97.2699">
        <ele>135.1</ele>
      </trkpt>
      <trkpt lat="29.79151" lon="-97.27081">
        <ele>133.2</ele>
      </trkpt>
      <trkpt lat="29.79149" lon="-97.27172">
        <ele>130.7</ele>
      </trkpt>
      <trkpt lat="29.79151" lon="-97.27245">
        <ele>128.6</ele>
      </trkpt>
      <trkpt lat="29.7915" lon="-97.27297">
        <ele>126.1</ele>
      </trkpt>
      <trkpt lat="29.7915" lon="-97.2735">
        <ele>127.9</ele>
      </trkpt>
      <trkpt lat="29.79147" lon="-97.27423">
        <ele>132.6</ele>
      </trkpt>
      <trkpt lat="29.79144" lon="-97.274959">
        <ele>134.4</ele>
      </trkpt>
      <trkpt lat="29.79146" lon="-97.27521">
        <ele>135.2</ele>
      </trkpt>
      <trkpt lat="29.79152" lon="-97.27545">
        <ele>136.0</ele>
      </trkpt>
      <trkpt lat="29.79184" lon="-97.27634">
        <ele>138.8</ele>
      </trkpt>
      <trkpt lat="29.79217" lon="-97.27722">
        <ele>140.8</ele>
      </trkpt>
      <trkpt lat="29.79243" lon="-97.27786">
        <ele>141.3</ele>
      </trkpt>
      <trkpt lat="29.79263" lon="-97.27839">
        <ele>142.1</ele>
      </trkpt>
      <trkpt lat="29.79283" lon="-97.27892">
        <ele>142.9</ele>
      </trkpt>
      <trkpt lat="29.79312" lon="-97.27966">
        <ele>141.9</ele>
      </trkpt>
      <trkpt lat="29.79341" lon="-97.2804">
        <ele>138.6</ele>
      </trkpt>
      <trkpt lat="29.7937" lon="-97.28122">
        <ele>136.5</ele>
      </trkpt>
      <trkpt lat="29.79393" lon="-97.28175">
        <ele>137.4</ele>
      </trkpt>
      <trkpt lat="29.79423" lon="-97.28254">
        <ele>139.6</ele>
      </trkpt>
      <trkpt lat="29.79453" lon="-97.28333">
        <ele>143.1</ele>
      </trkpt>
      <trkpt lat="29.79482" lon="-97.28411">
        <ele>144.4</ele>
      </trkpt>
      <trkpt lat="29.79517" lon="-97.284989">
        <ele>141.6</ele>
      </trkpt>
      <trkpt lat="29.79551" lon="-97.28587">
        <ele>142.9</ele>
      </trkpt>
      <trkpt lat="29.79586" lon="-97.28675">
        <ele>143.5</ele>
      </trkpt>
      <trkpt lat="29.79609" lon="-97.28741">
        <ele>140.6</ele>
      </trkpt>
      <trkpt lat="29.79644" lon="-97.2883">
        <ele>136.5</ele>
      </trkpt>
      <trkpt lat="29.79679" lon="-97.28918">
        <ele>132.8</ele>
      </trkpt>
      <trkpt lat="29.79714" lon="-97.29007">
        <ele>129.7</ele>
      </trkpt>
      <trkpt lat="29.79738" lon="-97.29073">
        <ele>128.0</ele>
      </trkpt>
      <trkpt lat="29.79769" lon="-97.29151">
        <ele>128.1</ele>
      </trkpt>
      <trkpt lat="29.798" lon="-97.2923">
        <ele>128.0</ele>
      </trkpt>
      <trkpt lat="29.79831" lon="-97.29308">
        <ele>129.8</ele>
      </trkpt>
      <trkpt lat="29.79853" lon="-97.29368">
        <ele>131.9</ele>
      </trkpt>
      <trkpt lat="29.79875" lon="-97.29429">
        <ele>130.1</ele>
      </trkpt>
      <trkpt lat="29.79901" lon="-97.29486">
        <ele>127.1</ele>
      </trkpt>
      <trkpt lat="29.79927" lon="-97.29552">
        <ele>125.4</ele>
      </trkpt>
      <trkpt lat="29.79953" lon="-97.29619">
        <ele>125.8</ele>
      </trkpt>
      <trkpt lat="29.79969" lon="-97.2967">
        <ele>126.2</ele>
      </trkpt>
      <trkpt lat="29.79991" lon="-97.29719">
        <ele>124.9</ele>
      </trkpt>
      <trkpt lat="29.8" lon="-97.29746">
        <ele>124.5</ele>
      </trkpt>
      <trkpt lat="29.80028" lon="-97.29816">
        <ele>123.8</ele>
      </trkpt>
      <trkpt lat="29.80051" lon="-97.29883">
        <ele>123.8</ele>
      </trkpt>
      <trkpt lat="29.80076" lon="-97.29943">
        <ele>126.1</ele>
      </trkpt>
      <trkpt lat="29.80076" lon="-97.29949">
        <ele>126.4</ele>
      </trkpt>
      <trkpt lat="29.80079" lon="-97.29956">
        <ele>126.8</ele>
      </trkpt>
      <trkpt lat="29.80145" lon="-97.29938">
        <ele>128.5</ele>
      </trkpt>
      <trkpt lat="29.80219" lon="-97.29899">
        <ele>130.8</ele>
      </trkpt>
      <trkpt lat="29.80294" lon="-97.29861">
        <ele>131.9</ele>
      </trkpt>
      <trkpt lat="29.80284" lon="-97.29868">
        <ele>132.0</ele>
      </trkpt>
      <trkpt lat="29.80273" lon="-97.29882">
        <ele>132.3</ele>
      </trkpt>
      <trkpt lat="29.80269" lon="-97.29895">
        <ele>132.8</ele>
      </trkpt>
      <trkpt lat="29.80268" lon="-97.29914">
        <ele>133.5</ele>
      </trkpt>
      <trkpt lat="29.80282" lon="-97.29958">
        <ele>134.8</ele>
      </trkpt>
      <trkpt lat="29.80301" lon="-97.30014">
        <ele>136.9</ele>
      </trkpt>
      <trkpt lat="29.80321" lon="-97.3007">
        <ele>138.2</ele>
      </trkpt>
      <trkpt lat="29.80357" lon="-97.30162">
        <ele>131.3</ele>
      </trkpt>
      <trkpt lat="29.80394" lon="-97.302539">
        <ele>126.5</ele>
      </trkpt>
      <trkpt lat="29.8043" lon="-97.30346">
        <ele>125.4</ele>
      </trkpt>
      <trkpt lat="29.80467" lon="-97.30438">
        <ele>125.9</ele>
      </trkpt>
      <trkpt lat="29.80503" lon="-97.30531">
        <ele>127.2</ele>
      </trkpt>
      <trkpt lat="29.80534" lon="-97.30609">
        <ele>128.4</ele>
      </trkpt>
      <trkpt lat="29.80565" lon="-97.30687">
        <ele>128.9</ele>
      </trkpt>
      <trkpt lat="29.80596" lon="-97.30765">
        <ele>129.7</ele>
      </trkpt>
      <trkpt lat="29.80631" lon="-97.30856">
        <ele>130.7</ele>
      </trkpt>
      <trkpt lat="29.80666" lon="-97.30946">
        <ele>131.9</ele>
      </trkpt>
      <trkpt lat="29.80701" lon="-97.31037">
        <ele>132.9</ele>
      </trkpt>
      <trkpt lat="29.80737" lon="-97.31128">
        <ele>133.9</ele>
      </trkpt>
      <trkpt lat="29.80772" lon="-97.31218">
        <ele>135.2</ele>
      </trkpt>
      <trkpt lat="29.80807" lon="-97.31309">
        <ele>136.6</ele>
      </trkpt>
      <trkpt lat="29.80819" lon="-97.31336">
        <ele>136.9</ele>
      </trkpt>
      <trkpt lat="29.80829" lon="-97.31363">
        <ele>137.4</ele>
      </trkpt>
      <trkpt lat="29.8085" lon="-97.3143">
        <ele>139.7</ele>
      </trkpt>
      <trkpt lat="29.80871" lon="-97.31496">
        <ele>141.0</ele>
      </trkpt>
      <trkpt lat="29.80885" lon="-97.31531">
        <ele>141.4</ele>
      </trkpt>
      <trkpt lat="29.80894" lon="-97.31523">
        <ele>141.5</ele>
      </trkpt>
      <trkpt lat="29.80901" lon="-97.3152">
        <ele>141.5</ele>
      </trkpt>
      <trkpt lat="29.80909" lon="-97.31519">
        <ele>141.6</ele>
      </trkpt>
      <trkpt lat="29.80929" lon="-97.31519">
        <ele>141.7</ele>
      </trkpt>
      <trkpt lat="29.80978" lon="-97.315209">
        <ele>142.0</ele>
      </trkpt>
      <trkpt lat="29.81028" lon="-97.31523">
        <ele>142.0</ele>
      </trkpt>
      <trkpt lat="29.81049" lon="-97.31529">
        <ele>142.0</ele>
      </trkpt>
      <trkpt lat="29.81096" lon="-97.315569">
        <ele>142.0</ele>
      </trkpt>
      <trkpt lat="29.81143" lon="-97.31585">
        <ele>141.2</ele>
      </trkpt>
      <trkpt lat="29.8116" lon="-97.315969">
        <ele>141.1</ele>
      </trkpt>
      <trkpt lat="29.8117" lon="-97.31601">
        <ele>140.9</ele>
      </trkpt>
      <trkpt lat="29.8119" lon="-97.31607">
        <ele>139.4</ele>
      </trkpt>
      <trkpt lat="29.81206" lon="-97.31608">
        <ele>137.9</ele>
      </trkpt>
      <trkpt lat="29.81239" lon="-97.316059">
        <ele>141.0</ele>
      </trkpt>
      <trkpt lat="29.8126" lon="-97.316">
        <ele>141.7</ele>
      </trkpt>
      <trkpt lat="29.81326" lon="-97.31571">
        <ele>145.1</ele>
      </trkpt>
      <trkpt lat="29.81351" lon="-97.31562">
        <ele>146.3</ele>
      </trkpt>
      <trkpt lat="29.81398" lon="-97.3155">
        <ele>147.1</ele>
      </trkpt>
      <trkpt lat="29.81444" lon="-97.31538">
        <ele>148.0</ele>
      </trkpt>
      <trkpt lat="29.81464" lon="-97.31535">
        <ele>148.4</ele>
      </trkpt>
      <trkpt lat="29.81544" lon="-97.315299">
        <ele>150.1</ele>
      </trkpt>
      <trkpt lat="29.81612" lon="-97.31518">
        <ele>151.2</ele>
      </trkpt>
      <trkpt lat="29.81631" lon="-97.3151">
        <ele>151.4</ele>
      </trkpt>
      <trkpt lat="29.81679" lon="-97.31484">
        <ele>151.6</ele>
      </trkpt>
      <trkpt lat="29.81726" lon="-97.31457">
        <ele>151.3</ele>
      </trkpt>
      <trkpt lat="29.81744" lon="-97.31444">
        <ele>150.9</ele>
      </trkpt>
      <trkpt lat="29.81805" lon="-97.31382">
        <ele>151.6</ele>
      </trkpt>
      <trkpt lat="29.81866" lon="-97.3132">
        <ele>151.8</ele>
      </trkpt>
      <trkpt lat="29.81927" lon="-97.31258">
        <ele>151.0</ele>
      </trkpt>
      <trkpt lat="29.81988" lon="-97.31196">
        <ele>148.9</ele>
      </trkpt>
      <trkpt lat="29.82049" lon="-97.311359">
        <ele>148.9</ele>
      </trkpt>
      <trkpt lat="29.82109" lon="-97.31075">
        <ele>149.2</ele>
      </trkpt>
      <trkpt lat="29.82169" lon="-97.310149">
        <ele>149.2</ele>
      </trkpt>
      <trkpt lat="29.8223" lon="-97.30954">
        <ele>148.4</ele>
      </trkpt>
      <trkpt lat="29.82273" lon="-97.3092">
        <ele>148.5</ele>
      </trkpt>
      <trkpt lat="29.8232" lon="-97.30892">
        <ele>148.9</ele>
      </trkpt>
      <trkpt lat="29.82397" lon="-97.308539">
        <ele>148.2</ele>
      </trkpt>
      <trkpt lat="29.82474" lon="-97.30817">
        <ele>147.3</ele>
      </trkpt>
      <trkpt lat="29.82552" lon="-97.30779">
        <ele>147.9</ele>
      </trkpt>
      <trkpt lat="29.82629" lon="-97.307419">
        <ele>147.4</ele>
      </trkpt>
      <trkpt lat="29.82706" lon="-97.30704">
        <ele>146.7</ele>
      </trkpt>
      <trkpt lat="29.8276" lon="-97.30676">
        <ele>146.1</ele>
      </trkpt>
      <trkpt lat="29.82813" lon="-97.30649">
        <ele>145.0</ele>
      </trkpt>
      <trkpt lat="29.82827" lon="-97.306389">
        <ele>144.6</ele>
      </trkpt>
      <trkpt lat="29.82841" lon="-97.306209">
        <ele>144.4</ele>
      </trkpt>
      <trkpt lat="29.8285" lon="-97.30599">
        <ele>144.1</ele>
      </trkpt>
      <trkpt lat="29.82853" lon="-97.30587">
        <ele>144.1</ele>
      </trkpt>
      <trkpt lat="29.82853" lon="-97.305629">
        <ele>144.0</ele>
      </trkpt>
      <trkpt lat="29.82843" lon="-97.30506">
        <ele>143.0</ele>
      </trkpt>
      <trkpt lat="29.82845" lon="-97.30489">
        <ele>142.5</ele>
      </trkpt>
      <trkpt lat="29.82848" lon="-97.304779">
        <ele>142.3</ele>
      </trkpt>
      <trkpt lat="29.82866" lon="-97.30437">
        <ele>141.3</ele>
      </trkpt>
      <trkpt lat="29.82904" lon="-97.3036">
        <ele>142.1</ele>
      </trkpt>
      <trkpt lat="29.82941" lon="-97.30284">
        <ele>142.5</ele>
      </trkpt>
      <trkpt lat="29.8298" lon="-97.30213">
        <ele>141.9</ele>
      </trkpt>
      <trkpt lat="29.83018" lon="-97.30143">
        <ele>141.6</ele>
      </trkpt>
      <trkpt lat="29.83056" lon="-97.30073">
        <ele>141.4</ele>
      </trkpt>
      <trkpt lat="29.83059" lon="-97.30061">
        <ele>141.4</ele>
      </trkpt>
      <trkpt lat="29.83059" lon="-97.30049">
        <ele>141.4</ele>
      </trkpt>
      <trkpt lat="29.83057" lon="-97.30042">
        <ele>141.5</ele>
      </trkpt>
      <trkpt lat="29.83029" lon="-97.29965">
        <ele>141.2</ele>
      </trkpt>
      <trkpt lat="29.83" lon="-97.29888">
        <ele>140.7</ele>
      </trkpt>
      <trkpt lat="29.82972" lon="-97.29811">
        <ele>139.8</ele>
      </trkpt>
      <trkpt lat="29.8297" lon="-97.29801">
        <ele>139.6</ele>
      </trkpt>
      <trkpt lat="29.8297" lon="-97.2978">
        <ele>139.3</ele>
      </trkpt>
      <trkpt lat="29.82977" lon="-97.29761">
        <ele>139.1</ele>
      </trkpt>
      <trkpt lat="29.82982" lon="-97.29752">
        <ele>139.0</ele>
      </trkpt>
      <trkpt lat="29.82989" lon="-97.29745">
        <ele>138.9</ele>
      </trkpt>
      <trkpt lat="29.8305" lon="-97.29698">
        <ele>138.3</ele>
      </trkpt>
      <trkpt lat="29.83112" lon="-97.29651">
        <ele>137.0</ele>
      </trkpt>
      <trkpt lat="29.83163" lon="-97.29611">
        <ele>135.5</ele>
      </trkpt>
      <trkpt lat="29.83215" lon="-97.2957">
        <ele>134.0</ele>
      </trkpt>
      <trkpt lat="29.83267" lon="-97.29529">
        <ele>132.7</ele>
      </trkpt>
      <trkpt lat="29.8332" lon="-97.29489">
        <ele>130.9</ele>
      </trkpt>
      <trkpt lat="29.83373" lon="-97.29449">
        <ele>131.1</ele>
      </trkpt>
      <trkpt lat="29.83391" lon="-97.29438">
        <ele>131.2</ele>
      </trkpt>
      <trkpt lat="29.83465" lon="-97.29391">
        <ele>131.6</ele>
      </trkpt>
      <trkpt lat="29.83539" lon="-97.29344">
        <ele>133.5</ele>
      </trkpt>
      <trkpt lat="29.83606" lon="-97.293049">
        <ele>136.2</ele>
      </trkpt>
      <trkpt lat="29.83672" lon="-97.29267">
        <ele>138.6</ele>
      </trkpt>
      <trkpt lat="29.83739" lon="-97.29229">
        <ele>140.6</ele>
      </trkpt>
      <trkpt lat="29.83806" lon="-97.29191">
        <ele>141.6</ele>
      </trkpt>
      <trkpt lat="29.83873" lon="-97.29153">
        <ele>142.7</ele>
      </trkpt>
      <trkpt lat="29.83911" lon="-97.29134">
        <ele>142.4</ele>
      </trkpt>
      <trkpt lat="29.83962" lon="-97.29115">
        <ele>142.3</ele>
      </trkpt>
      <trkpt lat="29.84042" lon="-97.29091">
        <ele>142.0</ele>
      </trkpt>
      <trkpt lat="29.84122" lon="-97.29068">
        <ele>142.4</ele>
      </trkpt>
      <trkpt lat="29.84201" lon="-97.29044">
        <ele>142.6</ele>
      </trkpt>
      <trkpt lat="29.84281" lon="-97.2902">
        <ele>142.3</ele>
      </trkpt>
      <trkpt lat="29.84322" lon="-97.29006">
        <ele>141.8</ele>
      </trkpt>
      <trkpt lat="29.84398" lon="-97.28964">
        <ele>139.9</ele>
      </trkpt>
      <trkpt lat="29.84473" lon="-97.28922">
        <ele>139.1</ele>
      </trkpt>
      <trkpt lat="29.84548" lon="-97.2888">
        <ele>138.6</ele>
      </trkpt>
      <trkpt lat="29.84624" lon="-97.28838">
        <ele>137.3</ele>
      </trkpt>
      <trkpt lat="29.84699" lon="-97.28796">
        <ele>138.4</ele>
      </trkpt>
      <trkpt lat="29.84757" lon="-97.28762">
        <ele>139.0</ele>
      </trkpt>
      <trkpt lat="29.84815" lon="-97.28729">
        <ele>139.2</ele>
      </trkpt>
      <trkpt lat="29.84873" lon="-97.28695">
        <ele>139.3</ele>
      </trkpt>
      <trkpt lat="29.84943" lon="-97.28656">
        <ele>139.5</ele>
      </trkpt>
      <trkpt lat="29.85012" lon="-97.28617">
        <ele>139.4</ele>
      </trkpt>
      <trkpt lat="29.85082" lon="-97.28577">
        <ele>138.9</ele>
      </trkpt>
      <trkpt lat="29.85163" lon="-97.28536">
        <ele>137.2</ele>
      </trkpt>
      <trkpt lat="29.85244" lon="-97.28495">
        <ele>136.2</ele>
      </trkpt>
      <trkpt lat="29.85311" lon="-97.28455">
        <ele>135.0</ele>
      </trkpt>
      <trkpt lat="29.85356" lon="-97.28431">
        <ele>134.5</ele>
      </trkpt>
      <trkpt lat="29.85402" lon="-97.28407">
        <ele>137.0</ele>
      </trkpt>
      <trkpt lat="29.85467" lon="-97.28371">
        <ele>138.7</ele>
      </trkpt>
      <trkpt lat="29.85532" lon="-97.28335">
        <ele>140.6</ele>
      </trkpt>
      <trkpt lat="29.85612" lon="-97.28289">
        <ele>142.0</ele>
      </trkpt>
      <trkpt lat="29.85692" lon="-97.28242">
        <ele>142.5</ele>
      </trkpt>
      <trkpt lat="29.85771" lon="-97.28196">
        <ele>142.6</ele>
      </trkpt>
      <trkpt lat="29.85825" lon="-97.28166">
        <ele>142.5</ele>
      </trkpt>
      <trkpt lat="29.85878" lon="-97.28137">
        <ele>142.4</ele>
      </trkpt>
      <trkpt lat="29.85953" lon="-97.280959">
        <ele>142.3</ele>
      </trkpt>
      <trkpt lat="29.86028" lon="-97.28056">
        <ele>142.4</ele>
      </trkpt>
      <trkpt lat="29.86103" lon="-97.28015">
        <ele>142.4</ele>
      </trkpt>
      <trkpt lat="29.86179" lon="-97.27974">
        <ele>142.2</ele>
      </trkpt>
      <trkpt lat="29.86254" lon="-97.27934">
        <ele>141.9</ele>
      </trkpt>
      <trkpt lat="29.86329" lon="-97.27893">
        <ele>141.5</ele>
      </trkpt>
      <trkpt lat="29.86405" lon="-97.27852">
        <ele>140.9</ele>
      </trkpt>
      <trkpt lat="29.8648" lon="-97.27811">
        <ele>140.1</ele>
      </trkpt>
      <trkpt lat="29.86469" lon="-97.27777">
        <ele>140.0</ele>
      </trkpt>
      <trkpt lat="29.86434" lon="-97.27685">
        <ele>139.0</ele>
      </trkpt>
      <trkpt lat="29.86398" lon="-97.27594">
        <ele>137.6</ele>
      </trkpt>
      <trkpt lat="29.86362" lon="-97.27502">
        <ele>136.6</ele>
      </trkpt>
      <trkpt lat="29.86326" lon="-97.274109">
        <ele>135.6</ele>
      </trkpt>
      <trkpt lat="29.86291" lon="-97.27319">
        <ele>134.9</ele>
      </trkpt>
      <trkpt lat="29.8626" lon="-97.2724">
        <ele>134.5</ele>
      </trkpt>
      <trkpt lat="29.86229" lon="-97.2716">
        <ele>133.9</ele>
      </trkpt>
      <trkpt lat="29.86198" lon="-97.2708">
        <ele>132.6</ele>
      </trkpt>
      <trkpt lat="29.86167" lon="-97.27001">
        <ele>131.9</ele>
      </trkpt>
      <trkpt lat="29.86165" lon="-97.26989">
        <ele>131.8</ele>
      </trkpt>
      <trkpt lat="29.8617" lon="-97.26977">
        <ele>131.7</ele>
      </trkpt>
      <trkpt lat="29.86179" lon="-97.26971">
        <ele>131.7</ele>
      </trkpt>
      <trkpt lat="29.8619" lon="-97.26972">
        <ele>131.7</ele>
      </trkpt>
      <trkpt lat="29.86248" lon="-97.26944">
        <ele>131.4</ele>
      </trkpt>
      <trkpt lat="29.86306" lon="-97.26917">
        <ele>131.3</ele>
      </trkpt>
      <trkpt lat="29.86364" lon="-97.2689">
        <ele>133.8</ele>
      </trkpt>
      <trkpt lat="29.86437" lon="-97.26851">
        <ele>135.9</ele>
      </trkpt>
      <trkpt lat="29.86509" lon="-97.26813">
        <ele>136.0</ele>
      </trkpt>
      <trkpt lat="29.86582" lon="-97.26774">
        <ele>136.2</ele>
      </trkpt>
      <trkpt lat="29.86655" lon="-97.26736">
        <ele>135.5</ele>
      </trkpt>
      <trkpt lat="29.86683" lon="-97.26718">
        <ele>135.1</ele>
      </trkpt>
      <trkpt lat="29.8671" lon="-97.26698">
        <ele>135.4</ele>
      </trkpt>
      <trkpt lat="29.8674" lon="-97.26672">
        <ele>135.8</ele>
      </trkpt>
      <trkpt lat="29.86797" lon="-97.26604">
        <ele>135.9</ele>
      </trkpt>
      <trkpt lat="29.86804" lon="-97.26598">
        <ele>135.8</ele>
      </trkpt>
      <trkpt lat="29.8681" lon="-97.26597">
        <ele>135.5</ele>
      </trkpt>
      <trkpt lat="29.86821" lon="-97.266">
        <ele>134.6</ele>
      </trkpt>
      <trkpt lat="29.86851" lon="-97.26628">
        <ele>136.0</ele>
      </trkpt>
      <trkpt lat="29.86864" lon="-97.266319">
        <ele>137.5</ele>
      </trkpt>
      <trkpt lat="29.86874" lon="-97.2663">
        <ele>138.2</ele>
      </trkpt>
      <trkpt lat="29.8694" lon="-97.26595">
        <ele>138.6</ele>
      </trkpt>
      <trkpt lat="29.87005" lon="-97.26561">
        <ele>141.9</ele>
      </trkpt>
      <trkpt lat="29.87078" lon="-97.26524">
        <ele>145.2</ele>
      </trkpt>
      <trkpt lat="29.87151" lon="-97.26487">
        <ele>146.0</ele>
      </trkpt>
      <trkpt lat="29.87224" lon="-97.2645">
        <ele>145.9</ele>
      </trkpt>
      <trkpt lat="29.87297" lon="-97.26413">
        <ele>144.8</ele>
      </trkpt>
      <trkpt lat="29.87369" lon="-97.26376">
        <ele>144.8</ele>
      </trkpt>
      <trkpt lat="29.87442" lon="-97.26339">
        <ele>147.1</ele>
      </trkpt>
      <trkpt lat="29.8745" lon="-97.26333">
        <ele>147.0</ele>
      </trkpt>
      <trkpt lat="29.87453" lon="-97.26327">
        <ele>146.7</ele>
      </trkpt>
      <trkpt lat="29.87456" lon="-97.26317">
        <ele>146.0</ele>
      </trkpt>
      <trkpt lat="29.87455" lon="-97.26307">
        <ele>145.1</ele>
      </trkpt>
      <trkpt lat="29.87426" lon="-97.26232">
        <ele>140.5</ele>
      </trkpt>
      <trkpt lat="29.87398" lon="-97.26158">
        <ele>143.9</ele>
      </trkpt>
      <trkpt lat="29.87362" lon="-97.26071">
        <ele>146.2</ele>
      </trkpt>
      <trkpt lat="29.87335" lon="-97.26">
        <ele>145.7</ele>
      </trkpt>
      <trkpt lat="29.87308" lon="-97.259289">
        <ele>147.3</ele>
      </trkpt>
      <trkpt lat="29.87281" lon="-97.25858">
        <ele>150.4</ele>
      </trkpt>
      <trkpt lat="29.87244" lon="-97.25765">
        <ele>153.4</ele>
      </trkpt>
      <trkpt lat="29.87207" lon="-97.25673">
        <ele>153.1</ele>
      </trkpt>
      <trkpt lat="29.8717" lon="-97.255799">
        <ele>151.2</ele>
      </trkpt>
      <trkpt lat="29.87133" lon="-97.25487">
        <ele>152.8</ele>
      </trkpt>
      <trkpt lat="29.87096" lon="-97.25394">
        <ele>151.7</ele>
      </trkpt>
      <trkpt lat="29.87059" lon="-97.25302">
        <ele>149.8</ele>
      </trkpt>
      <trkpt lat="29.87025" lon="-97.25212">
        <ele>147.8</ele>
      </trkpt>
      <trkpt lat="29.8699" lon="-97.25123">
        <ele>146.7</ele>
      </trkpt>
      <trkpt lat="29.86956" lon="-97.25034">
        <ele>145.7</ele>
      </trkpt>
      <trkpt lat="29.86926" lon="-97.24955">
        <ele>144.7</ele>
      </trkpt>
      <trkpt lat="29.86897" lon="-97.24876">
        <ele>144.4</ele>
      </trkpt>
      <trkpt lat="29.86867" lon="-97.24797">
        <ele>144.3</ele>
      </trkpt>
      <trkpt lat="29.86848" lon="-97.2475">
        <ele>143.6</ele>
      </trkpt>
      <trkpt lat="29.86828" lon="-97.24702">
        <ele>142.6</ele>
      </trkpt>
      <trkpt lat="29.86827" lon="-97.24688">
        <ele>142.5</ele>
      </trkpt>
      <trkpt lat="29.86829" lon="-97.24674">
        <ele>142.4</ele>
      </trkpt>
      <trkpt lat="29.86852" lon="-97.24632">
        <ele>142.3</ele>
      </trkpt>
      <trkpt lat="29.86858" lon="-97.24602">
        <ele>141.8</ele>
      </trkpt>
      <trkpt lat="29.86888" lon="-97.24521">
        <ele>139.9</ele>
      </trkpt>
      <trkpt lat="29.86917" lon="-97.2444">
        <ele>138.1</ele>
      </trkpt>
      <trkpt lat="29.86943" lon="-97.24363">
        <ele>136.7</ele>
      </trkpt>
      <trkpt lat="29.86969" lon="-97.24285">
        <ele>139.4</ele>
      </trkpt>
      <trkpt lat="29.86996" lon="-97.24208">
        <ele>142.1</ele>
      </trkpt>
      <trkpt lat="29.87027" lon="-97.241159">
        <ele>143.8</ele>
      </trkpt>
      <trkpt lat="29.87058" lon="-97.24025">
        <ele>144.3</ele>
      </trkpt>
      <trkpt lat="29.8709" lon="-97.23933">
        <ele>144.1</ele>
      </trkpt>
      <trkpt lat="29.87121" lon="-97.23841">
        <ele>142.9</ele>
      </trkpt>
      <trkpt lat="29.87135" lon="-97.23805">
        <ele>141.9</ele>
      </trkpt>
      <trkpt lat="29.87153" lon="-97.23794">
        <ele>141.7</ele>
      </trkpt>
      <trkpt lat="29.87173" lon="-97.23787">
        <ele>141.6</ele>
      </trkpt>
      <trkpt lat="29.87226" lon="-97.237799">
        <ele>142.4</ele>
      </trkpt>
      <trkpt lat="29.87279" lon="-97.23772">
        <ele>143.1</ele>
      </trkpt>
      <trkpt lat="29.87321" lon="-97.2377">
        <ele>143.7</ele>
      </trkpt>
      <trkpt lat="29.87398" lon="-97.23771">
        <ele>144.3</ele>
      </trkpt>
      <trkpt lat="29.87476" lon="-97.23772">
        <ele>145.3</ele>
      </trkpt>
      <trkpt lat="29.87554" lon="-97.23774">
        <ele>146.1</ele>
      </trkpt>
      <trkpt lat="29.87632" lon="-97.23775">
        <ele>147.1</ele>
      </trkpt>
      <trkpt lat="29.87709" lon="-97.23776">
        <ele>147.9</ele>
      </trkpt>
      <trkpt lat="29.87787" lon="-97.23777">
        <ele>147.4</ele>
      </trkpt>
      <trkpt lat="29.87865" lon="-97.23778">
        <ele>145.7</ele>
      </trkpt>
      <trkpt lat="29.87943" lon="-97.237799">
        <ele>143.6</ele>
      </trkpt>
      <trkpt lat="29.88021" lon="-97.23783">
        <ele>142.3</ele>
      </trkpt>
      <trkpt lat="29.88099" lon="-97.23785">
        <ele>140.1</ele>
      </trkpt>
      <trkpt lat="29.88178" lon="-97.23787">
        <ele>139.7</ele>
      </trkpt>
      <trkpt lat="29.88187" lon="-97.23791">
        <ele>139.5</ele>
      </trkpt>
      <trkpt lat="29.88193" lon="-97.23799">
        <ele>139.2</ele>
      </trkpt>
      <trkpt lat="29.88195" lon="-97.23809">
        <ele>139.0</ele>
      </trkpt>
      <trkpt lat="29.88192" lon="-97.23908">
        <ele>138.1</ele>
      </trkpt>
      <trkpt lat="29.88189" lon="-97.24007">
        <ele>140.4</ele>
      </trkpt>
      <trkpt lat="29.88191" lon="-97.24018">
        <ele>140.6</ele>
      </trkpt>
      <trkpt lat="29.88194" lon="-97.24025">
        <ele>140.8</ele>
      </trkpt>
      <trkpt lat="29.88201" lon="-97.24032">
        <ele>140.9</ele>
      </trkpt>
      <trkpt lat="29.88213" lon="-97.24037">
        <ele>140.9</ele>
      </trkpt>
      <trkpt lat="29.88298" lon="-97.24041">
        <ele>140.7</ele>
      </trkpt>
      <trkpt lat="29.88383" lon="-97.24045">
        <ele>139.2</ele>
      </trkpt>
      <trkpt lat="29.88468" lon="-97.24048">
        <ele>137.4</ele>
      </trkpt>
      <trkpt lat="29.88554" lon="-97.24052">
        <ele>134.9</ele>
      </trkpt>
      <trkpt lat="29.88642" lon="-97.24054">
        <ele>136.1</ele>
      </trkpt>
      <trkpt lat="29.8873" lon="-97.24057">
        <ele>137.9</ele>
      </trkpt>
      <trkpt lat="29.88818" lon="-97.2406">
        <ele>139.5</ele>
      </trkpt>
      <trkpt lat="29.88907" lon="-97.24062">
        <ele>140.9</ele>
      </trkpt>
      <trkpt lat="29.88995" lon="-97.24065">
        <ele>142.0</ele>
      </trkpt>
      <trkpt lat="29.89083" lon="-97.24068">
        <ele>143.5</ele>
      </trkpt>
      <trkpt lat="29.8917" lon="-97.2407">
        <ele>144.1</ele>
      </trkpt>
      <trkpt lat="29.89258" lon="-97.24073">
        <ele>144.2</ele>
      </trkpt>
      <trkpt lat="29.89345" lon="-97.24075">
        <ele>144.2</ele>
      </trkpt>
      <trkpt lat="29.89432" lon="-97.24077">
        <ele>143.9</ele>
      </trkpt>
      <trkpt lat="29.8952" lon="-97.240799">
        <ele>144.7</ele>
      </trkpt>
      <trkpt lat="29.89607" lon="-97.24082">
        <ele>146.0</ele>
      </trkpt>
      <trkpt lat="29.89694" lon="-97.24084">
        <ele>147.5</ele>
      </trkpt>
      <trkpt lat="29.89781" lon="-97.24086">
        <ele>148.9</ele>
      </trkpt>
      <trkpt lat="29.89869" lon="-97.240889">
        <ele>149.1</ele>
      </trkpt>
      <trkpt lat="29.89935" lon="-97.24092">
        <ele>148.1</ele>
      </trkpt>
      <trkpt lat="29.90001" lon="-97.24094">
        <ele>147.9</ele>
      </trkpt>
      <trkpt lat="29.90067" lon="-97.24097">
        <ele>147.8</ele>
      </trkpt>
      <trkpt lat="29.90122" lon="-97.24097">
        <ele>147.2</ele>
      </trkpt>
      <trkpt lat="29.90178" lon="-97.24096">
        <ele>146.3</ele>
      </trkpt>
      <trkpt lat="29.90242" lon="-97.24096">
        <ele>143.2</ele>
      </trkpt>
      <trkpt lat="29.90314" lon="-97.24097">
        <ele>141.0</ele>
      </trkpt>
      <trkpt lat="29.90386" lon="-97.240979">
        <ele>139.4</ele>
      </trkpt>
      <trkpt lat="29.90458" lon="-97.24099">
        <ele>138.6</ele>
      </trkpt>
      <trkpt lat="29.9053" lon="-97.24102">
        <ele>137.3</ele>
      </trkpt>
      <trkpt lat="29.90601" lon="-97.24104">
        <ele>136.5</ele>
      </trkpt>
      <trkpt lat="29.90673" lon="-97.241069">
        <ele>135.8</ele>
      </trkpt>
      <trkpt lat="29.9073" lon="-97.24111">
        <ele>135.2</ele>
      </trkpt>
      <trkpt lat="29.90741" lon="-97.24109">
        <ele>135.0</ele>
      </trkpt>
      <trkpt lat="29.90748" lon="-97.24106">
        <ele>134.9</ele>
      </trkpt>
      <trkpt lat="29.90793" lon="-97.24077">
        <ele>133.8</ele>
      </trkpt>
      <trkpt lat="29.90837" lon="-97.24048">
        <ele>133.4</ele>
      </trkpt>
      <trkpt lat="29.90909" lon="-97.239949">
        <ele>132.5</ele>
      </trkpt>
      <trkpt lat="29.90982" lon="-97.23942">
        <ele>130.9</ele>
      </trkpt>
      <trkpt lat="29.91012" lon="-97.239279">
        <ele>130.9</ele>
      </trkpt>
      <trkpt lat="29.91043" lon="-97.239189">
        <ele>130.9</ele>
      </trkpt>
      <trkpt lat="29.91075" lon="-97.23916">
        <ele>131.2</ele>
      </trkpt>
      <trkpt lat="29.91151" lon="-97.23918">
        <ele>132.6</ele>
      </trkpt>
      <trkpt lat="29.91227" lon="-97.23921">
        <ele>133.5</ele>
      </trkpt>
      <trkpt lat="29.91288" lon="-97.23921">
        <ele>134.0</ele>
      </trkpt>
      <trkpt lat="29.9135" lon="-97.23922">
        <ele>135.2</ele>
      </trkpt>
      <trkpt lat="29.91411" lon="-97.23923">
        <ele>136.8</ele>
      </trkpt>
      <trkpt lat="29.91497" lon="-97.23926">
        <ele>139.1</ele>
      </trkpt>
      <trkpt lat="29.91582" lon="-97.23929">
        <ele>140.7</ele>
      </trkpt>
      <trkpt lat="29.91668" lon="-97.23932">
        <ele>141.1</ele>
      </trkpt>
      <trkpt lat="29.91737" lon="-97.23932">
        <ele>139.2</ele>
      </trkpt>
      <trkpt lat="29.91808" lon="-97.23936">
        <ele>136.7</ele>
      </trkpt>
      <trkpt lat="29.91897" lon="-97.23938">
        <ele>136.8</ele>
      </trkpt>
      <trkpt lat="29.91985" lon="-97.2394">
        <ele>136.7</ele>
      </trkpt>
      <trkpt lat="29.92074" lon="-97.23942">
        <ele>136.5</ele>
      </trkpt>
      <trkpt lat="29.92163" lon="-97.23944">
        <ele>136.1</ele>
      </trkpt>
      <trkpt lat="29.92173" lon="-97.23939">
        <ele>135.9</ele>
      </trkpt>
      <trkpt lat="29.92179" lon="-97.23929">
        <ele>135.7</ele>
      </trkpt>
      <trkpt lat="29.92181" lon="-97.23828">
        <ele>136.6</ele>
      </trkpt>
      <trkpt lat="29.92184" lon="-97.23728">
        <ele>137.6</ele>
      </trkpt>
      <trkpt lat="29.92186" lon="-97.23627">
        <ele>136.8</ele>
      </trkpt>
      <trkpt lat="29.92188" lon="-97.23527">
        <ele>135.5</ele>
      </trkpt>
      <trkpt lat="29.9219" lon="-97.23444">
        <ele>134.5</ele>
      </trkpt>
      <trkpt lat="29.92191" lon="-97.23361">
        <ele>133.4</ele>
      </trkpt>
      <trkpt lat="29.92192" lon="-97.23278">
        <ele>133.5</ele>
      </trkpt>
      <trkpt lat="29.92194" lon="-97.23195">
        <ele>134.1</ele>
      </trkpt>
      <trkpt lat="29.92195" lon="-97.23112">
        <ele>134.2</ele>
      </trkpt>
      <trkpt lat="29.92196" lon="-97.2302">
        <ele>133.9</ele>
      </trkpt>
      <trkpt lat="29.92198" lon="-97.22929">
        <ele>133.3</ele>
      </trkpt>
      <trkpt lat="29.92199" lon="-97.22838">
        <ele>132.5</ele>
      </trkpt>
      <trkpt lat="29.922" lon="-97.227459">
        <ele>130.8</ele>
      </trkpt>
      <trkpt lat="29.92201" lon="-97.22655">
        <ele>129.7</ele>
      </trkpt>
      <trkpt lat="29.92201" lon="-97.22577">
        <ele>128.0</ele>
      </trkpt>
      <trkpt lat="29.92202" lon="-97.225">
        <ele>126.9</ele>
      </trkpt>
      <trkpt lat="29.92202" lon="-97.22422">
        <ele>125.7</ele>
      </trkpt>
      <trkpt lat="29.92202" lon="-97.223519">
        <ele>124.5</ele>
      </trkpt>
      <trkpt lat="29.92202" lon="-97.22281">
        <ele>124.3</ele>
      </trkpt>
      <trkpt lat="29.92202" lon="-97.22211">
        <ele>125.4</ele>
      </trkpt>
      <trkpt lat="29.92201" lon="-97.222">
        <ele>125.4</ele>
      </trkpt>
      <trkpt lat="29.92196" lon="-97.22179">
        <ele>125.3</ele>
      </trkpt>
      <trkpt lat="29.9217" lon="-97.22183">
        <ele>125.7</ele>
      </trkpt>
      <trkpt lat="29.9216" lon="-97.22183">
        <ele>125.7</ele>
      </trkpt>
      <trkpt lat="29.92075" lon="-97.22179">
        <ele>125.4</ele>
      </trkpt>
      <trkpt lat="29.92005" lon="-97.22178">
        <ele>125.1</ele>
      </trkpt>
      <trkpt lat="29.91929" lon="-97.22176">
        <ele>125.1</ele>
      </trkpt>
      <trkpt lat="29.91853" lon="-97.22174">
        <ele>126.3</ele>
      </trkpt>
      <trkpt lat="29.91777" lon="-97.22171">
        <ele>127.4</ele>
      </trkpt>
      <trkpt lat="29.91701" lon="-97.22169">
        <ele>127.3</ele>
      </trkpt>
      <trkpt lat="29.91625" lon="-97.22167">
        <ele>127.4</ele>
      </trkpt>
      <trkpt lat="29.91549" lon="-97.221639">
        <ele>127.6</ele>
      </trkpt>
      <trkpt lat="29.9146" lon="-97.22163">
        <ele>130.5</ele>
      </trkpt>
      <trkpt lat="29.91372" lon="-97.22161">
        <ele>133.8</ele>
      </trkpt>
      <trkpt lat="29.91283" lon="-97.2216">
        <ele>137.5</ele>
      </trkpt>
      <trkpt lat="29.91194" lon="-97.22158">
        <ele>141.0</ele>
      </trkpt>
      <trkpt lat="29.91121" lon="-97.22156">
        <ele>141.4</ele>
      </trkpt>
      <trkpt lat="29.91048" lon="-97.22153">
        <ele>140.9</ele>
      </trkpt>
      <trkpt lat="29.90975" lon="-97.2215">
        <ele>141.6</ele>
      </trkpt>
      <trkpt lat="29.90966" lon="-97.22132">
        <ele>141.3</ele>
      </trkpt>
      <trkpt lat="29.90965" lon="-97.22087">
        <ele>140.8</ele>
      </trkpt>
      <trkpt lat="29.90967" lon="-97.22017">
        <ele>139.9</ele>
      </trkpt>
      <trkpt lat="29.90968" lon="-97.21935">
        <ele>139.6</ele>
      </trkpt>
      <trkpt lat="29.90966" lon="-97.2184">
        <ele>139.6</ele>
      </trkpt>
      <trkpt lat="29.90968" lon="-97.21751">
        <ele>139.6</ele>
      </trkpt>
      <trkpt lat="29.9097" lon="-97.21661">
        <ele>138.5</ele>
      </trkpt>
      <trkpt lat="29.90971" lon="-97.21571">
        <ele>137.4</ele>
      </trkpt>
      <trkpt lat="29.90973" lon="-97.21481">
        <ele>135.1</ele>
      </trkpt>
      <trkpt lat="29.90967" lon="-97.2145">
        <ele>134.1</ele>
      </trkpt>
      <trkpt lat="29.90963" lon="-97.21438">
        <ele>133.8</ele>
      </trkpt>
      <trkpt lat="29.9094" lon="-97.2142">
        <ele>133.7</ele>
      </trkpt>
      <trkpt lat="29.90925" lon="-97.21416">
        <ele>134.0</ele>
      </trkpt>
      <trkpt lat="29.90864" lon="-97.21414">
        <ele>136.1</ele>
      </trkpt>
      <trkpt lat="29.90803" lon="-97.21412">
        <ele>137.4</ele>
      </trkpt>
      <trkpt lat="29.90743" lon="-97.2141">
        <ele>137.7</ele>
      </trkpt>
      <trkpt lat="29.90675" lon="-97.21408">
        <ele>137.5</ele>
      </trkpt>
      <trkpt lat="29.90607" lon="-97.21406">
        <ele>137.3</ele>
      </trkpt>
      <trkpt lat="29.90539" lon="-97.21405">
        <ele>137.5</ele>
      </trkpt>
      <trkpt lat="29.90471" lon="-97.214029">
        <ele>137.9</ele>
      </trkpt>
      <trkpt lat="29.90401" lon="-97.21402">
        <ele>138.0</ele>
      </trkpt>
      <trkpt lat="29.90332" lon="-97.21402">
        <ele>138.0</ele>
      </trkpt>
      <trkpt lat="29.90254" lon="-97.21402">
        <ele>137.8</ele>
      </trkpt>
      <trkpt lat="29.90176" lon="-97.214029">
        <ele>137.5</ele>
      </trkpt>
      <trkpt lat="29.90094" lon="-97.21402">
        <ele>136.2</ele>
      </trkpt>
      <trkpt lat="29.90012" lon="-97.21401">
        <ele>134.6</ele>
      </trkpt>
      <trkpt lat="29.89931" lon="-97.214">
        <ele>133.6</ele>
      </trkpt>
      <trkpt lat="29.89849" lon="-97.21398">
        <ele>132.8</ele>
      </trkpt>
      <trkpt lat="29.89767" lon="-97.21397">
        <ele>132.1</ele>
      </trkpt>
      <trkpt lat="29.89696" lon="-97.21396">
        <ele>131.7</ele>
      </trkpt>
      <trkpt lat="29.89626" lon="-97.213939">
        <ele>131.5</ele>
      </trkpt>
      <trkpt lat="29.89555" lon="-97.21393">
        <ele>131.2</ele>
      </trkpt>
      <trkpt lat="29.89484" lon="-97.21391">
        <ele>130.5</ele>
      </trkpt>
      <trkpt lat="29.89409" lon="-97.21389">
        <ele>129.3</ele>
      </trkpt>
      <trkpt lat="29.89334" lon="-97.21386">
        <ele>128.6</ele>
      </trkpt>
      <trkpt lat="29.89259" lon="-97.21384">
        <ele>128.2</ele>
      </trkpt>
      <trkpt lat="29.89247" lon="-97.21388">
        <ele>128.1</ele>
      </trkpt>
      <trkpt lat="29.8924" lon="-97.21396">
        <ele>128.1</ele>
      </trkpt>
      <trkpt lat="29.89237" lon="-97.21402">
        <ele>128.0</ele>
      </trkpt>
      <trkpt lat="29.89237" lon="-97.214">
        <ele>128.0</ele>
      </trkpt>
      <trkpt lat="29.89238" lon="-97.21303">
        <ele>127.7</ele>
      </trkpt>
      <trkpt lat="29.8924" lon="-97.21205">
        <ele>128.4</ele>
      </trkpt>
      <trkpt lat="29.89241" lon="-97.21108">
        <ele>128.9</ele>
      </trkpt>
      <trkpt lat="29.89242" lon="-97.21011">
        <ele>128.9</ele>
      </trkpt>
      <trkpt lat="29.89244" lon="-97.20914">
        <ele>128.5</ele>
      </trkpt>
      <trkpt lat="29.89245" lon="-97.20816">
        <ele>126.9</ele>
      </trkpt>
      <trkpt lat="29.89246" lon="-97.20719">
        <ele>122.9</ele>
      </trkpt>
      <trkpt lat="29.89248" lon="-97.20629">
        <ele>125.3</ele>
      </trkpt>
      <trkpt lat="29.8925" lon="-97.20539">
        <ele>125.9</ele>
      </trkpt>
      <trkpt lat="29.89252" lon="-97.20449">
        <ele>126.1</ele>
      </trkpt>
      <trkpt lat="29.89253" lon="-97.20359">
        <ele>126.2</ele>
      </trkpt>
      <trkpt lat="29.89255" lon="-97.20269">
        <ele>126.2</ele>
      </trkpt>
      <trkpt lat="29.89257" lon="-97.20179">
        <ele>126.3</ele>
      </trkpt>
      <trkpt lat="29.89258" lon="-97.20081">
        <ele>126.4</ele>
      </trkpt>
      <trkpt lat="29.89259" lon="-97.19983">
        <ele>126.4</ele>
      </trkpt>
      <trkpt lat="29.8926" lon="-97.198849">
        <ele>126.2</ele>
      </trkpt>
      <trkpt lat="29.89263" lon="-97.19814">
        <ele>126.0</ele>
      </trkpt>
      <trkpt lat="29.89264" lon="-97.19758">
        <ele>125.9</ele>
      </trkpt>
      <trkpt lat="29.89266" lon="-97.19703">
        <ele>125.7</ele>
      </trkpt>
      <trkpt lat="29.89267" lon="-97.19614">
        <ele>125.3</ele>
      </trkpt>
      <trkpt lat="29.89269" lon="-97.19524">
        <ele>123.2</ele>
      </trkpt>
      <trkpt lat="29.89269" lon="-97.19488">
        <ele>122.4</ele>
      </trkpt>
      <trkpt lat="29.89265" lon="-97.19455">
        <ele>122.0</ele>
      </trkpt>
      <trkpt lat="29.8925" lon="-97.194149">
        <ele>122.1</ele>
      </trkpt>
      <trkpt lat="29.8933" lon="-97.19417">
        <ele>122.3</ele>
      </trkpt>
      <trkpt lat="29.8941" lon="-97.19418">
        <ele>123.1</ele>
      </trkpt>
      <trkpt lat="29.89491" lon="-97.1942">
        <ele>125.0</ele>
      </trkpt>
      <trkpt lat="29.89571" lon="-97.19422">
        <ele>125.3</ele>
      </trkpt>
      <trkpt lat="29.89573" lon="-97.19349">
        <ele>125.5</ele>
      </trkpt>
      <trkpt lat="29.89573" lon="-97.19286">
        <ele>125.6</ele>
      </trkpt>
      <trkpt lat="29.89573" lon="-97.19223">
        <ele>125.6</ele>
      </trkpt>
      <trkpt lat="29.89574" lon="-97.19149">
        <ele>125.6</ele>
      </trkpt>
      <trkpt lat="29.89575" lon="-97.19075">
        <ele>125.6</ele>
      </trkpt>
      <trkpt lat="29.89576" lon="-97.19016">
        <ele>125.5</ele>
      </trkpt>
      <trkpt lat="29.89576" lon="-97.18957">
        <ele>125.4</ele>
      </trkpt>
      <trkpt lat="29.89577" lon="-97.18895">
        <ele>125.3</ele>
      </trkpt>
      <trkpt lat="29.89579" lon="-97.18832">
        <ele>124.8</ele>
      </trkpt>
      <trkpt lat="29.89579" lon="-97.1876">
        <ele>124.9</ele>
      </trkpt>
      <trkpt lat="29.89579" lon="-97.18689">
        <ele>124.9</ele>
      </trkpt>
      <trkpt lat="29.8958" lon="-97.18587">
        <ele>124.4</ele>
      </trkpt>
      <trkpt lat="29.89581" lon="-97.18486">
        <ele>123.3</ele>
      </trkpt>
      <trkpt lat="29.89582" lon="-97.18385">
        <ele>122.4</ele>
      </trkpt>
      <trkpt lat="29.89583" lon="-97.18283">
        <ele>121.8</ele>
      </trkpt>
      <trkpt lat="29.89585" lon="-97.18182">
        <ele>123.0</ele>
      </trkpt>
      <trkpt lat="29.89587" lon="-97.180809">
        <ele>123.1</ele>
      </trkpt>
      <trkpt lat="29.89589" lon="-97.17981">
        <ele>121.2</ele>
      </trkpt>
      <trkpt lat="29.89591" lon="-97.1788">
        <ele>118.8</ele>
      </trkpt>
      <trkpt lat="29.89593" lon="-97.17779">
        <ele>120.2</ele>
      </trkpt>
      <trkpt lat="29.89595" lon="-97.17677">
        <ele>122.4</ele>
      </trkpt>
      <trkpt lat="29.89597" lon="-97.175749">
        <ele>125.0</ele>
      </trkpt>
      <trkpt lat="29.89599" lon="-97.17474">
        <ele>125.6</ele>
      </trkpt>
      <trkpt lat="29.89601" lon="-97.17372">
        <ele>125.8</ele>
      </trkpt>
      <trkpt lat="29.89603" lon="-97.1727">
        <ele>126.0</ele>
      </trkpt>
      <trkpt lat="29.89606" lon="-97.17168">
        <ele>126.0</ele>
      </trkpt>
      <trkpt lat="29.89608" lon="-97.17067">
        <ele>126.0</ele>
      </trkpt>
      <trkpt lat="29.8961" lon="-97.16965">
        <ele>126.3</ele>
      </trkpt>
      <trkpt lat="29.89612" lon="-97.168629">
        <ele>125.0</ele>
      </trkpt>
      <trkpt lat="29.89614" lon="-97.16761">
        <ele>121.4</ele>
      </trkpt>
      <trkpt lat="29.89616" lon="-97.16709">
        <ele>120.3</ele>
      </trkpt>
      <trkpt lat="29.89618" lon="-97.16658">
        <ele>119.4</ele>
      </trkpt>
      <trkpt lat="29.89617" lon="-97.1656">
        <ele>120.6</ele>
      </trkpt>
      <trkpt lat="29.89619" lon="-97.16475">
        <ele>122.7</ele>
      </trkpt>
      <trkpt lat="29.8962" lon="-97.1639">
        <ele>124.3</ele>
      </trkpt>
      <trkpt lat="29.89622" lon="-97.16304">
        <ele>125.6</ele>
      </trkpt>
      <trkpt lat="29.89624" lon="-97.16219">
        <ele>126.1</ele>
      </trkpt>
      <trkpt lat="29.89624" lon="-97.16144">
        <ele>126.0</ele>
      </trkpt>
      <trkpt lat="29.89624" lon="-97.16069">
        <ele>125.5</ele>
      </trkpt>
      <trkpt lat="29.89622" lon="-97.16054">
        <ele>125.4</ele>
      </trkpt>
      <trkpt lat="29.89618" lon="-97.16047">
        <ele>125.3</ele>
      </trkpt>
      <trkpt lat="29.89615" lon="-97.16045">
        <ele>125.3</ele>
      </trkpt>
      <trkpt lat="29.89597" lon="-97.16043">
        <ele>125.0</ele>
      </trkpt>
      <trkpt lat="29.89525" lon="-97.16041">
        <ele>123.8</ele>
      </trkpt>
      <trkpt lat="29.89452" lon="-97.16038">
        <ele>122.4</ele>
      </trkpt>
      <trkpt lat="29.8938" lon="-97.160349">
        <ele>121.3</ele>
      </trkpt>
      <trkpt lat="29.89308" lon="-97.16032">
        <ele>119.7</ele>
      </trkpt>
      <trkpt lat="29.89229" lon="-97.16031">
        <ele>119.6</ele>
      </trkpt>
      <trkpt lat="29.8915" lon="-97.1603">
        <ele>119.7</ele>
      </trkpt>
      <trkpt lat="29.89139" lon="-97.160259">
        <ele>119.7</ele>
      </trkpt>
      <trkpt lat="29.89133" lon="-97.16013">
        <ele>119.5</ele>
      </trkpt>
      <trkpt lat="29.89131" lon="-97.15922">
        <ele>116.9</ele>
      </trkpt>
      <trkpt lat="29.89129" lon="-97.15832">
        <ele>114.3</ele>
      </trkpt>
      <trkpt lat="29.89131" lon="-97.15786">
        <ele>114.5</ele>
      </trkpt>
      <trkpt lat="29.89134" lon="-97.15713">
        <ele>114.9</ele>
      </trkpt>
      <trkpt lat="29.89136" lon="-97.1564">
        <ele>115.7</ele>
      </trkpt>
      <trkpt lat="29.89139" lon="-97.15567">
        <ele>117.1</ele>
      </trkpt>
      <trkpt lat="29.8914" lon="-97.15465">
        <ele>119.6</ele>
      </trkpt>
      <trkpt lat="29.89142" lon="-97.15363">
        <ele>121.8</ele>
      </trkpt>
      <trkpt lat="29.89144" lon="-97.15261">
        <ele>122.9</ele>
      </trkpt>
      <trkpt lat="29.89145" lon="-97.15159">
        <ele>121.8</ele>
      </trkpt>
      <trkpt lat="29.89147" lon="-97.15057">
        <ele>119.5</ele>
      </trkpt>
      <trkpt lat="29.89148" lon="-97.14955">
        <ele>117.6</ele>
      </trkpt>
      <trkpt lat="29.89145" lon="-97.148929">
        <ele>116.5</ele>
      </trkpt>
      <trkpt lat="29.8914" lon="-97.14872">
        <ele>116.0</ele>
      </trkpt>
      <trkpt lat="29.89111" lon="-97.14825">
        <ele>115.7</ele>
      </trkpt>
      <trkpt lat="29.891" lon="-97.14801">
        <ele>115.6</ele>
      </trkpt>
      <trkpt lat="29.8909" lon="-97.14729">
        <ele>115.3</ele>
      </trkpt>
      <trkpt lat="29.8908" lon="-97.14657">
        <ele>115.8</ele>
      </trkpt>
      <trkpt lat="29.8907" lon="-97.14585">
        <ele>117.8</ele>
      </trkpt>
      <trkpt lat="29.8906" lon="-97.14505">
        <ele>120.6</ele>
      </trkpt>
      <trkpt lat="29.8905" lon="-97.14426">
        <ele>122.6</ele>
      </trkpt>
      <trkpt lat="29.89049" lon="-97.14402">
        <ele>122.7</ele>
      </trkpt>
      <trkpt lat="29.89049" lon="-97.14307">
        <ele>121.3</ele>
      </trkpt>
      <trkpt lat="29.89051" lon="-97.14216">
        <ele>121.1</ele>
      </trkpt>
      <trkpt lat="29.89001" lon="-97.14148">
        <ele>118.7</ele>
      </trkpt>
      <trkpt lat="29.88975" lon="-97.1412">
        <ele>119.0</ele>
      </trkpt>
      <trkpt lat="29.88941" lon="-97.1409">
        <ele>120.8</ele>
      </trkpt>
      <trkpt lat="29.88889" lon="-97.14034">
        <ele>122.6</ele>
      </trkpt>
      <trkpt lat="29.88884" lon="-97.14021">
        <ele>122.8</ele>
      </trkpt>
      <trkpt lat="29.88884" lon="-97.13999">
        <ele>123.4</ele>
      </trkpt>
      <trkpt lat="29.88885" lon="-97.13938">
        <ele>125.8</ele>
      </trkpt>
      <trkpt lat="29.88886" lon="-97.138769">
        <ele>128.3</ele>
      </trkpt>
      <trkpt lat="29.88886" lon="-97.13825">
        <ele>129.2</ele>
      </trkpt>
      <trkpt lat="29.88958" lon="-97.13781">
        <ele>129.5</ele>
      </trkpt>
      <trkpt lat="29.89029" lon="-97.13737">
        <ele>130.1</ele>
      </trkpt>
      <trkpt lat="29.89072" lon="-97.13707">
        <ele>130.7</ele>
      </trkpt>
      <trkpt lat="29.89143" lon="-97.1367">
        <ele>131.6</ele>
      </trkpt>
      <trkpt lat="29.89175" lon="-97.13657">
        <ele>131.4</ele>
      </trkpt>
      <trkpt lat="29.89209" lon="-97.1364">
        <ele>131.0</ele>
      </trkpt>
      <trkpt lat="29.89268" lon="-97.13619">
        <ele>130.4</ele>
      </trkpt>
      <trkpt lat="29.89305" lon="-97.13615">
        <ele>130.3</ele>
      </trkpt>
      <trkpt lat="29.89331" lon="-97.13614">
        <ele>130.4</ele>
      </trkpt>
      <trkpt lat="29.89399" lon="-97.13617">
        <ele>130.6</ele>
      </trkpt>
      <trkpt lat="29.89468" lon="-97.1362">
        <ele>130.4</ele>
      </trkpt>
      <trkpt lat="29.89536" lon="-97.13623">
        <ele>130.4</ele>
      </trkpt>
      <trkpt lat="29.89597" lon="-97.13624">
        <ele>130.3</ele>
      </trkpt>
      <trkpt lat="29.89657" lon="-97.13625">
        <ele>130.2</ele>
      </trkpt>
      <trkpt lat="29.89729" lon="-97.13627">
        <ele>130.3</ele>
      </trkpt>
      <trkpt lat="29.89801" lon="-97.1363">
        <ele>129.4</ele>
      </trkpt>
      <trkpt lat="29.89874" lon="-97.13632">
        <ele>128.2</ele>
      </trkpt>
      <trkpt lat="29.89946" lon="-97.13634">
        <ele>127.1</ele>
      </trkpt>
      <trkpt lat="29.90018" lon="-97.13637">
        <ele>127.7</ele>
      </trkpt>
      <trkpt lat="29.90096" lon="-97.13638">
        <ele>129.9</ele>
      </trkpt>
      <trkpt lat="29.90175" lon="-97.1364">
        <ele>130.8</ele>
      </trkpt>
      <trkpt lat="29.90253" lon="-97.13642">
        <ele>131.6</ele>
      </trkpt>
      <trkpt lat="29.90331" lon="-97.136439">
        <ele>132.0</ele>
      </trkpt>
      <trkpt lat="29.90394" lon="-97.136439">
        <ele>132.1</ele>
      </trkpt>
      <trkpt lat="29.90457" lon="-97.136439">
        <ele>132.5</ele>
      </trkpt>
      <trkpt lat="29.90519" lon="-97.13647">
        <ele>133.1</ele>
      </trkpt>
      <trkpt lat="29.90591" lon="-97.13647">
        <ele>133.7</ele>
      </trkpt>
      <trkpt lat="29.90664" lon="-97.13648">
        <ele>134.9</ele>
      </trkpt>
      <trkpt lat="29.90713" lon="-97.1365">
        <ele>135.2</ele>
      </trkpt>
      <trkpt lat="29.90763" lon="-97.13652">
        <ele>135.2</ele>
      </trkpt>
      <trkpt lat="29.90842" lon="-97.13654">
        <ele>134.8</ele>
      </trkpt>
      <trkpt lat="29.90922" lon="-97.13656">
        <ele>134.2</ele>
      </trkpt>
      <trkpt lat="29.90971" lon="-97.13656">
        <ele>132.8</ele>
      </trkpt>
      <trkpt lat="29.9102" lon="-97.13656">
        <ele>132.1</ele>
      </trkpt>
      <trkpt lat="29.91089" lon="-97.13658">
        <ele>132.0</ele>
      </trkpt>
      <trkpt lat="29.91157" lon="-97.13659">
        <ele>133.1</ele>
      </trkpt>
      <trkpt lat="29.91197" lon="-97.13664">
        <ele>134.2</ele>
      </trkpt>
      <trkpt lat="29.91221" lon="-97.13667">
        <ele>134.8</ele>
      </trkpt>
      <trkpt lat="29.91259" lon="-97.13675">
        <ele>135.6</ele>
      </trkpt>
      <trkpt lat="29.913" lon="-97.13691">
        <ele>136.2</ele>
      </trkpt>
      <trkpt lat="29.91334" lon="-97.13714">
        <ele>136.2</ele>
      </trkpt>
      <trkpt lat="29.91394" lon="-97.13777">
        <ele>135.7</ele>
      </trkpt>
      <trkpt lat="29.91454" lon="-97.138409">
        <ele>133.7</ele>
      </trkpt>
      <trkpt lat="29.91493" lon="-97.138769">
        <ele>133.9</ele>
      </trkpt>
      <trkpt lat="29.91533" lon="-97.13913">
        <ele>134.7</ele>
      </trkpt>
      <trkpt lat="29.91587" lon="-97.139529">
        <ele>133.5</ele>
      </trkpt>
      <trkpt lat="29.9164" lon="-97.13994">
        <ele>133.6</ele>
      </trkpt>
      <trkpt lat="29.917" lon="-97.1403">
        <ele>134.5</ele>
      </trkpt>
      <trkpt lat="29.91759" lon="-97.14066">
        <ele>134.5</ele>
      </trkpt>
      <trkpt lat="29.91829" lon="-97.14103">
        <ele>133.4</ele>
      </trkpt>
      <trkpt lat="29.91899" lon="-97.1414">
        <ele>132.1</ele>
      </trkpt>
      <trkpt lat="29.91979" lon="-97.14174">
        <ele>133.1</ele>
      </trkpt>
      <trkpt lat="29.92002" lon="-97.14179">
        <ele>133.6</ele>
      </trkpt>
      <trkpt lat="29.92025" lon="-97.14183">
        <ele>134.1</ele>
      </trkpt>
      <trkpt lat="29.92049" lon="-97.14183">
        <ele>134.5</ele>
      </trkpt>
      <trkpt lat="29.921" lon="-97.14176">
        <ele>134.9</ele>
      </trkpt>
      <trkpt lat="29.9215" lon="-97.1417">
        <ele>135.1</ele>
      </trkpt>
      <trkpt lat="29.92225" lon="-97.14155">
        <ele>134.8</ele>
      </trkpt>
      <trkpt lat="29.92301" lon="-97.141409">
        <ele>135.1</ele>
      </trkpt>
      <trkpt lat="29.92376" lon="-97.14127">
        <ele>135.1</ele>
      </trkpt>
      <trkpt lat="29.92422" lon="-97.1412">
        <ele>134.4</ele>
      </trkpt>
      <trkpt lat="29.92468" lon="-97.14113">
        <ele>133.8</ele>
      </trkpt>
      <trkpt lat="29.92511" lon="-97.1411">
        <ele>133.2</ele>
      </trkpt>
      <trkpt lat="29.92561" lon="-97.14111">
        <ele>132.2</ele>
      </trkpt>
      <trkpt lat="29.92612" lon="-97.14113">
        <ele>132.4</ele>
      </trkpt>
      <trkpt lat="29.92635" lon="-97.14111">
        <ele>132.7</ele>
      </trkpt>
      <trkpt lat="29.92667" lon="-97.14101">
        <ele>132.9</ele>
      </trkpt>
      <trkpt lat="29.92714" lon="-97.14078">
        <ele>132.7</ele>
      </trkpt>
      <trkpt lat="29.92761" lon="-97.14055">
        <ele>132.4</ele>
      </trkpt>
      <trkpt lat="29.92815" lon="-97.14034">
        <ele>132.1</ele>
      </trkpt>
      <trkpt lat="29.9287" lon="-97.14014">
        <ele>131.7</ele>
      </trkpt>
      <trkpt lat="29.92936" lon="-97.13982">
        <ele>130.9</ele>
      </trkpt>
      <trkpt lat="29.92976" lon="-97.13952">
        <ele>130.0</ele>
      </trkpt>
      <trkpt lat="29.93016" lon="-97.13922">
        <ele>129.4</ele>
      </trkpt>
      <trkpt lat="29.93074" lon="-97.13885">
        <ele>129.1</ele>
      </trkpt>
      <trkpt lat="29.93131" lon="-97.13849">
        <ele>128.2</ele>
      </trkpt>
      <trkpt lat="29.93155" lon="-97.13837">
        <ele>127.5</ele>
      </trkpt>
      <trkpt lat="29.93192" lon="-97.13824">
        <ele>127.4</ele>
      </trkpt>
      <trkpt lat="29.93217" lon="-97.13822">
        <ele>127.4</ele>
      </trkpt>
      <trkpt lat="29.93241" lon="-97.13827">
        <ele>127.2</ele>
      </trkpt>
      <trkpt lat="29.93292" lon="-97.13848">
        <ele>126.3</ele>
      </trkpt>
      <trkpt lat="29.93312" lon="-97.138589">
        <ele>125.9</ele>
      </trkpt>
      <trkpt lat="29.93362" lon="-97.13899">
        <ele>123.3</ele>
      </trkpt>
      <trkpt lat="29.93404" lon="-97.13938">
        <ele>120.8</ele>
      </trkpt>
      <trkpt lat="29.93458" lon="-97.13979">
        <ele>117.0</ele>
      </trkpt>
      <trkpt lat="29.93513" lon="-97.140199">
        <ele>113.1</ele>
      </trkpt>
      <trkpt lat="29.93543" lon="-97.14039">
        <ele>114.0</ele>
      </trkpt>
      <trkpt lat="29.93568" lon="-97.14052">
        <ele>116.5</ele>
      </trkpt>
      <trkpt lat="29.93623" lon="-97.14094">
        <ele>120.7</ele>
      </trkpt>
      <trkpt lat="29.93644" lon="-97.14112">
        <ele>121.1</ele>
      </trkpt>
      <trkpt lat="29.93697" lon="-97.14164">
        <ele>120.6</ele>
      </trkpt>
      <trkpt lat="29.93754" lon="-97.14212">
        <ele>119.4</ele>
      </trkpt>
      <trkpt lat="29.93811" lon="-97.14259">
        <ele>118.0</ele>
      </trkpt>
      <trkpt lat="29.93868" lon="-97.14307">
        <ele>117.1</ele>
      </trkpt>
      <trkpt lat="29.93924" lon="-97.14333">
        <ele>116.0</ele>
      </trkpt>
      <trkpt lat="29.93969" lon="-97.14354">
        <ele>115.1</ele>
      </trkpt>
      <trkpt lat="29.94031" lon="-97.14367">
        <ele>114.5</ele>
      </trkpt>
      <trkpt lat="29.94094" lon="-97.1438">
        <ele>113.2</ele>
      </trkpt>
      <trkpt lat="29.94173" lon="-97.14394">
        <ele>112.1</ele>
      </trkpt>
      <trkpt lat="29.94253" lon="-97.14408">
        <ele>111.6</ele>
      </trkpt>
      <trkpt lat="29.94309" lon="-97.1442">
        <ele>108.2</ele>
      </trkpt>
      <trkpt lat="29.94334" lon="-97.14428">
        <ele>107.3</ele>
      </trkpt>
      <trkpt lat="29.94379" lon="-97.14452">
        <ele>105.3</ele>
      </trkpt>
      <trkpt lat="29.94454" lon="-97.145">
        <ele>99.2</ele>
      </trkpt>
      <trkpt lat="29.94502" lon="-97.14534">
        <ele>95.7</ele>
      </trkpt>
      <trkpt lat="29.9455" lon="-97.14568">
        <ele>96.8</ele>
      </trkpt>
      <trkpt lat="29.94564" lon="-97.14575">
        <ele>97.5</ele>
      </trkpt>
      <trkpt lat="29.94579" lon="-97.1458">
        <ele>97.7</ele>
      </trkpt>
      <trkpt lat="29.94645" lon="-97.14598">
        <ele>98.2</ele>
      </trkpt>
      <trkpt lat="29.94711" lon="-97.14615">
        <ele>98.6</ele>
      </trkpt>
      <trkpt lat="29.94776" lon="-97.14633">
        <ele>99.3</ele>
      </trkpt>
      <trkpt lat="29.94792" lon="-97.14639">
        <ele>99.5</ele>
      </trkpt>
      <trkpt lat="29.94822" lon="-97.14654">
        <ele>100.0</ele>
      </trkpt>
      <trkpt lat="29.94845" lon="-97.1467">
        <ele>100.3</ele>
      </trkpt>
      <trkpt lat="29.94882" lon="-97.14708">
        <ele>101.4</ele>
      </trkpt>
      <trkpt lat="29.94919" lon="-97.14745">
        <ele>103.3</ele>
      </trkpt>
      <trkpt lat="29.94963" lon="-97.14794">
        <ele>105.4</ele>
      </trkpt>
      <trkpt lat="29.95007" lon="-97.14843">
        <ele>106.8</ele>
      </trkpt>
      <trkpt lat="29.95056" lon="-97.14895">
        <ele>108.6</ele>
      </trkpt>
      <trkpt lat="29.95106" lon="-97.14948">
        <ele>109.9</ele>
      </trkpt>
      <trkpt lat="29.95155" lon="-97.15001">
        <ele>110.9</ele>
      </trkpt>
      <trkpt lat="29.95207" lon="-97.15061">
        <ele>111.9</ele>
      </trkpt>
      <trkpt lat="29.95258" lon="-97.15122">
        <ele>112.8</ele>
      </trkpt>
      <trkpt lat="29.9531" lon="-97.15182">
        <ele>113.7</ele>
      </trkpt>
      <trkpt lat="29.95347" lon="-97.152289">
        <ele>113.4</ele>
      </trkpt>
      <trkpt lat="29.95385" lon="-97.15275">
        <ele>113.2</ele>
      </trkpt>
      <trkpt lat="29.95411" lon="-97.15299">
        <ele>113.5</ele>
      </trkpt>
      <trkpt lat="29.95405" lon="-97.1531">
        <ele>113.8</ele>
      </trkpt>
      <trkpt lat="29.95399" lon="-97.15318">
        <ele>114.0</ele>
      </trkpt>
      <trkpt lat="29.95391" lon="-97.15324">
        <ele>114.1</ele>
      </trkpt>
    </trkseg>
  </trk>
</gpx>
