{"type": "FeatureCollection", "features": [{"type": "Feature", "geometry": {"type": "LineString", "coordinates": [[-99.13055, 30.4447], [-99.13051, 30.44519], [-99.13051, 30.44525], [-99.13051, 30.44543], [-99.13051, 30.44595], [-99.13051, 30.44617], [-99.13051, 30.44628], [-99.1305, 30.44651], [-99.1305, 30.44723], [-99.1305, 30.44741], [-99.1305, 30.44766], [-99.13049, 30.44922], [-99.13049, 30.44926], [-99.13049, 30.44931], [-99.13048, 30.45057], [-99.13048, 30.45083], [-99.13047, 30.45118], [-99.13047, 30.4519], [-99.13046, 30.45243], [-99.13046, 30.45335], [-99.13046, 30.45531], [-99.13046, 30.45549], [-99.13046, 30.45567], [-99.13046, 30.45585], [-99.13046, 30.45647], [-99.13046, 30.45719], [-99.13046, 30.45737], [-99.13046, 30.45755], [-99.13046, 30.45815], [-99.13047, 30.45861], [-99.13047, 30.45899], [-99.13047, 30.45958], [-99.13047, 30.46007], [-99.13047, 30.46025], [-99.13047, 30.46079], [-99.13047, 30.46109], [-99.13046, 30.46187], [-99.13046, 30.46205], [-99.13046, 30.46223], [-99.13046, 30.46231], [-99.13046, 30.46241], [-99.13046, 30.46261], [-99.13046, 30.46295], [-99.13046, 30.46313], [-99.13045, 30.46388], [-99.13044, 30.46505], [-99.13044, 30.46523], [-99.13044, 30.46541], [-99.13044, 30.46667], [-99.13044, 30.46683], [-99.13043, 30.46721], [-99.13043, 30.46811], [-99.13043, 30.46829], [-99.13043, 30.46847], [-99.13043, 30.46901], [-99.13042, 30.46937], [-99.13042, 30.47009], [-99.13042, 30.47045], [-99.13042, 30.4706], [-99.13042, 30.47063], [-99.13042, 30.47081], [-99.13042, 30.47099], [-99.13042, 30.47117], [-99.13041, 30.47189], [-99.13041, 30.47207], [-99.13041, 30.47213], [-99.13041, 30.47225], [-99.13041, 30.47243], [-99.1304, 30.47261], [-99.1304, 30.47279], [-99.1304, 30.47297], [-99.1304, 30.47315], [-99.1304, 30.47333], [-99.1304, 30.47351], [-99.13039, 30.47387], [-99.13039, 30.47423], [-99.13039, 30.47441], [-99.13039, 30.47459], [-99.13039, 30.47477], [-99.13039, 30.47513], [-99.13038, 30.47531], [-99.13038, 30.47601], [-99.13037, 30.47638], [-99.13037, 30.47656], [-99.13037, 30.47674], [-99.13036, 30.47692], [-99.13036, 30.4771], [-99.13035, 30.47764], [-99.13035, 30.47782], [-99.13035, 30.47792], [-99.13035, 30.478], [-99.13035, 30.47818], [-99.13035, 30.47872], [-99.13034, 30.4789], [-99.13034, 30.47908], [-99.13034, 30.47926], [-99.13034, 30.47936], [-99.13034, 30.47944], [-99.13033, 30.47962], [-99.13032, 30.47998], [-99.13032, 30.48016], [-99.13032, 30.48034], [-99.13031, 30.48106], [-99.1303, 30.48149], [-99.1303, 30.48231], [-99.13029, 30.48321], [-99.13029, 30.48339], [-99.13029, 30.48361], [-99.13028, 30.48411], [-99.13028, 30.48437], [-99.13029, 30.48473], [-99.1303, 30.4859], [-99.1303, 30.48608], [-99.1303, 30.4862], [-99.13031, 30.48662], [-99.13031, 30.4868], [-99.13031, 30.48701], [-99.13031, 30.48742], [-99.13031, 30.48752], [-99.13032, 30.4877], [-99.13032, 30.48783], [-99.13032, 30.48788], [-99.13033, 30.48806], [-99.13033, 30.48808], [-99.13033, 30.48811], [-99.13035, 30.48837], [-99.13036, 30.48842], [-99.13038, 30.48857], [-99.13041, 30.48876], [-99.13045, 30.48901], [-99.13047, 30.48913], [-99.1305, 30.48931], [-99.13053, 30.48949], [-99.13054, 30.48954], [-99.13057, 30.48966], [-99.13058, 30.48975], [-99.13062, 30.48993], [-99.13063, 30.49002], [-99.13066, 30.49018], [-99.1307, 30.49037], [-99.13073, 30.49055], [-99.13077, 30.49083], [-99.13078, 30.49094], [-99.13082, 30.49132], [-99.13083, 30.49164], [-99.13083, 30.49166], [-99.13083, 30.49181], [-99.13082, 30.49212], [-99.13081, 30.49225], [-99.13079, 30.49246], [-99.13077, 30.49261], [-99.13076, 30.49267], [-99.13075, 30.49279], [-99.13073, 30.49295], [-99.13073, 30.49297], [-99.13072, 30.49303], [-99.1307, 30.49315], [-99.13069, 30.49321], [-99.13068, 30.49332], [-99.13066, 30.4935], [-99.13064, 30.49362], [-99.13062, 30.49384], [-99.13059, 30.49404], [-99.13057, 30.49419], [-99.13057, 30.49422], [-99.13052, 30.49459], [-99.1305, 30.49476], [-99.1305, 30.49482], [-99.13048, 30.49493], [-99.13048, 30.49509], [-99.13047, 30.49529], [-99.13049, 30.49558], [-99.1305, 30.49565], [-99.13051, 30.49568], [-99.13053, 30.49582], [-99.13053, 30.49583], [-99.13056, 30.49597], [-99.13057, 30.496], [-99.13057, 30.49601], [-99.13062, 30.49618], [-99.13063, 30.49621], [-99.13065, 30.49628], [-99.13067, 30.49635], [-99.1308, 30.49667], [-99.13096, 30.49704], [-99.13112, 30.4974], [-99.13118, 30.49755], [-99.13119, 30.49757], [-99.13125, 30.49772], [-99.13133, 30.49788], [-99.13134, 30.49791], [-99.1314, 30.49805], [-99.13141, 30.49808], [-99.13147, 30.49822], [-99.13163, 30.49858], [-99.1317, 30.49875], [-99.13172, 30.49879], [-99.13187, 30.49912], [-99.1321, 30.49965], [-99.13211, 30.49969], [-99.13214, 30.49976], [-99.13222, 30.49993], [-99.13239, 30.50033], [-99.13241, 30.50037], [-99.13245, 30.50046], [-99.13251, 30.5006], [-99.13261, 30.50083], [-99.13263, 30.50087], [-99.13266, 30.50094], [-99.13273, 30.50111], [-99.13278, 30.50124], [-99.1328, 30.50128], [-99.1331, 30.50195], [-99.13317, 30.50212], [-99.1332, 30.50218], [-99.13339, 30.50263], [-99.13346, 30.50279], [-99.13361, 30.50313], [-99.13383, 30.50364], [-99.13427, 30.50465], [-99.13441, 30.50498], [-99.13473, 30.50573], [-99.13478, 30.50584], [-99.13493, 30.50619], [-99.13501, 30.50636], [-99.13528, 30.50698], [-99.13545, 30.50737], [-99.13552, 30.50753], [-99.13581, 30.50821], [-99.13609, 30.50886], [-99.13617, 30.50902], [-99.13624, 30.50919], [-99.13631, 30.50936], [-99.13668, 30.5102], [-99.13675, 30.51037], [-99.1369, 30.51071], [-99.13715, 30.51128], [-99.13719, 30.51138], [-99.13724, 30.5115], [-99.13726, 30.51155]]}, "properties": {"surface": "pavement", "label": "Pavement", "color": "#4A5568", "miles": 4.69, "start_mi": 0.0, "end_mi": 4.69, "road": "Ranch Road 783", "elev_ft": [1730, 1728, 1728, 1728, 1727, 1727, 1726, 1726, 1725, 1725, 1724, 1721, 1720, 1720, 1715, 1714, 1712, 1709, 1707, 1705, 1701, 1700, 1698, 1698, 1692, 1684, 1683, 1682, 1681, 1679, 1678, 1677, 1676, 1676, 1671, 1665, 1656, 1655, 1652, 1651, 1650, 1648, 1646, 1647, 1652, 1662, 1664, 1664, 1664, 1664, 1666, 1671, 1672, 1673, 1677, 1680, 1681, 1681, 1681, 1681, 1681, 1681, 1681, 1680, 1679, 1679, 1679, 1680, 1680, 1682, 1683, 1684, 1684, 1684, 1683, 1681, 1680, 1680, 1680, 1681, 1682, 1686, 1686, 1686, 1685, 1685, 1685, 1683, 1683, 1683, 1683, 1683, 1682, 1681, 1681, 1681, 1681, 1681, 1682, 1686, 1688, 1691, 1699, 1701, 1699, 1690, 1688, 1687, 1684, 1683, 1682, 1670, 1668, 1667, 1665, 1665, 1665, 1664, 1663, 1662, 1661, 1661, 1658, 1658, 1657, 1652, 1650, 1648, 1645, 1641, 1639, 1637, 1635, 1635, 1633, 1632, 1629, 1628, 1626, 1624, 1622, 1616, 1617, 1622, 1623, 1623, 1622, 1621, 1621, 1622, 1623, 1623, 1624, 1626, 1627, 1629, 1636, 1638, 1641, 1644, 1646, 1649, 1652, 1654, 1654, 1656, 1658, 1659, 1660, 1661, 1664, 1669, 1671, 1671, 1674, 1675, 1678, 1678, 1679, 1683, 1683, 1684, 1684, 1683, 1682, 1683, 1685, 1685, 1686, 1686, 1686, 1686, 1686, 1686, 1684, 1683, 1683, 1682, 1680, 1680, 1680, 1680, 1680, 1680, 1680, 1680, 1681, 1681, 1681, 1683, 1685, 1686, 1697, 1698, 1698, 1700, 1701, 1702, 1704, 1710, 1712, 1718, 1718, 1720, 1720, 1722, 1723, 1723, 1725, 1727, 1728, 1729, 1729, 1734, 1735, 1737, 1740, 1740, 1741, 1741]}}, {"type": "Feature", "geometry": {"type": "LineString", "coordinates": [[-99.13763, 30.51239], [-99.13763, 30.51239], [-99.13785, 30.5124], [-99.13797, 30.5124], [-99.13807, 30.5124], [-99.13834, 30.51241], [-99.13872, 30.51241], [-99.13872, 30.51241], [-99.13874, 30.51241], [-99.13901, 30.51241], [-99.14011, 30.5124], [-99.14015, 30.51239], [-99.14041, 30.51236], [-99.14056, 30.51233], [-99.14071, 30.51229], [-99.14086, 30.51223], [-99.14095, 30.51219], [-99.14105, 30.51215], [-99.14118, 30.5121], [-99.14138, 30.51202], [-99.14149, 30.51198], [-99.14164, 30.51194], [-99.14172, 30.51193], [-99.14189, 30.51192], [-99.14204, 30.51192], [-99.14246, 30.51192], [-99.14263, 30.51192], [-99.14267, 30.51192], [-99.14308, 30.51192], [-99.14318, 30.51192], [-99.14346, 30.51192], [-99.14385, 30.51191], [-99.14434, 30.51191], [-99.14444, 30.51191], [-99.14517, 30.5119], [-99.14524, 30.5119], [-99.14611, 30.51191], [-99.14622, 30.51191], [-99.14624, 30.51191], [-99.14631, 30.51192], [-99.14633, 30.51192], [-99.14642, 30.51194], [-99.14648, 30.51195], [-99.14677, 30.51202], [-99.14703, 30.51208], [-99.14723, 30.51212], [-99.14752, 30.51218], [-99.14766, 30.51225], [-99.14776, 30.51238], [-99.14789, 30.5126], [-99.14792, 30.51265], [-99.14794, 30.51269], [-99.14802, 30.51286], [-99.14809, 30.51301], [-99.14821, 30.51333], [-99.14826, 30.51354], [-99.14827, 30.51359], [-99.14828, 30.51363], [-99.14829, 30.51369], [-99.14829, 30.51372], [-99.14834, 30.51419], [-99.14836, 30.51477], [-99.14836, 30.5148], [-99.14837, 30.5149], [-99.1484, 30.51497], [-99.14846, 30.51508], [-99.14864, 30.51519], [-99.14898, 30.51535], [-99.14928, 30.51548], [-99.14959, 30.51559], [-99.1499, 30.51566], [-99.15004, 30.51568], [-99.15022, 30.5157], [-99.15058, 30.5157], [-99.15108, 30.51571], [-99.15118, 30.51572], [-99.15171, 30.51573], [-99.15261, 30.51574], [-99.15275, 30.51575], [-99.15296, 30.51575], [-99.15351, 30.51577], [-99.15381, 30.5158], [-99.154, 30.51581], [-99.15414, 30.51583], [-99.15421, 30.51584], [-99.1543, 30.51585], [-99.15442, 30.51586], [-99.15488, 30.5159], [-99.15545, 30.51596], [-99.15555, 30.51597], [-99.15586, 30.51597], [-99.15598, 30.51597], [-99.15619, 30.51597], [-99.15627, 30.51597], [-99.15636, 30.51597], [-99.1564, 30.51598], [-99.15698, 30.51601], [-99.1575, 30.51603], [-99.15786, 30.51606], [-99.1581, 30.51609], [-99.15849, 30.51616], [-99.15881, 30.51624], [-99.15907, 30.51632], [-99.15927, 30.51637], [-99.15967, 30.51648], [-99.15976, 30.51651], [-99.16002, 30.51656], [-99.16007, 30.51657], [-99.16032, 30.5166], [-99.16049, 30.5166], [-99.16051, 30.5166], [-99.16069, 30.51659], [-99.16079, 30.51658], [-99.1609, 30.51657], [-99.16099, 30.51656], [-99.16152, 30.51651], [-99.16173, 30.51649], [-99.16199, 30.51647], [-99.16219, 30.51642], [-99.16239, 30.5163], [-99.16254, 30.51617], [-99.16262, 30.5161], [-99.16276, 30.51596], [-99.16285, 30.51586], [-99.16289, 30.51582], [-99.16332, 30.51543], [-99.16335, 30.5154], [-99.16346, 30.51529], [-99.16367, 30.51508], [-99.16387, 30.51488], [-99.16412, 30.51464], [-99.16428, 30.51448], [-99.16436, 30.51439], [-99.1647, 30.51415], [-99.16481, 30.51413], [-99.164983, 30.514106], [-99.16503, 30.5141], [-99.165159, 30.5141], [-99.16517, 30.5141], [-99.16517, 30.5141], [-99.1654, 30.51464], [-99.16547, 30.51482], [-99.16553, 30.51497], [-99.16553, 30.51497], [-99.16575, 30.5155], [-99.16577, 30.51555], [-99.16581, 30.51567], [-99.16595, 30.51601], [-99.16654, 30.51754], [-99.16661, 30.51772], [-99.16668, 30.51789], [-99.16728, 30.51942], [-99.1673, 30.51947], [-99.16735, 30.51959], [-99.16743, 30.51979], [-99.16751, 30.51992], [-99.16759, 30.52005], [-99.16761, 30.52008], [-99.1678, 30.52028], [-99.16804, 30.52051], [-99.16831, 30.52074], [-99.16861, 30.52098], [-99.16895, 30.52122], [-99.1691, 30.52133], [-99.16926, 30.52144], [-99.1693, 30.52146], [-99.16942, 30.52156], [-99.16962, 30.5217], [-99.16974, 30.52179], [-99.17064, 30.52244], [-99.1707, 30.52248], [-99.17146, 30.52304], [-99.17169, 30.52321], [-99.17193, 30.52339], [-99.17209, 30.52351], [-99.17234, 30.52369], [-99.17293, 30.5241], [-99.17306, 30.5242], [-99.17313, 30.5243], [-99.17315, 30.52435], [-99.17319, 30.52443], [-99.17324, 30.52452], [-99.17325, 30.52455], [-99.17327, 30.52469], [-99.17328, 30.52487], [-99.1733, 30.52505], [-99.17334, 30.52559], [-99.17341, 30.52613], [-99.17346, 30.52649], [-99.17346, 30.52655], [-99.17348, 30.52666], [-99.1735, 30.52684], [-99.17364, 30.52792], [-99.17365, 30.52795], [-99.17366, 30.52809], [-99.17369, 30.52827], [-99.17373, 30.52863], [-99.17376, 30.52881], [-99.17378, 30.52899], [-99.17379, 30.52903], [-99.17383, 30.52935], [-99.17383, 30.52941], [-99.17388, 30.5297], [-99.1739, 30.52988], [-99.17393, 30.53006], [-99.17395, 30.5302], [-99.17399, 30.53057], [-99.17404, 30.53101], [-99.17406, 30.53111], [-99.17408, 30.53123], [-99.17409, 30.53129], [-99.1741, 30.53145], [-99.1741, 30.53147], [-99.1741, 30.53163], [-99.1741, 30.53165], [-99.1741, 30.53176], [-99.17413, 30.53206], [-99.17419, 30.53236], [-99.17426, 30.5326], [-99.1744, 30.53306], [-99.17445, 30.53323], [-99.17445, 30.53325], [-99.17449, 30.53336], [-99.1745, 30.53341], [-99.17479, 30.53434], [-99.17502, 30.53508], [-99.17506, 30.5352], [-99.17556, 30.53677], [-99.1757, 30.53722], [-99.17586, 30.5377], [-99.17589, 30.5378], [-99.1761, 30.53847], [-99.17618, 30.53872], [-99.17622, 30.53885], [-99.17637, 30.53935], [-99.17654, 30.53989], [-99.1766, 30.54006], [-99.17666, 30.54024], [-99.17671, 30.54041], [-99.17694, 30.5411], [-99.17705, 30.54145], [-99.17711, 30.54162], [-99.17744, 30.54273], [-99.17753, 30.54301], [-99.17757, 30.54313], [-99.17765, 30.54336], [-99.17781, 30.54391], [-99.17788, 30.54414], [-99.17793, 30.54425], [-99.17793, 30.54425], [-99.17803, 30.54417], [-99.1781, 30.5441], [-99.17821, 30.54393], [-99.17842, 30.54367], [-99.17855, 30.54354], [-99.1788, 30.54329], [-99.17917, 30.54293], [-99.17938, 30.54273], [-99.17983, 30.5423], [-99.18084, 30.54144], [-99.18121, 30.54112], [-99.18194, 30.54049], [-99.18225, 30.54024], [-99.18235, 30.54016], [-99.1824, 30.54012], [-99.18255, 30.53999], [-99.18314, 30.53949], [-99.18344, 30.53924], [-99.18359, 30.53911], [-99.18364, 30.53907], [-99.18374, 30.53899], [-99.18449, 30.53836], [-99.18479, 30.53811], [-99.1849, 30.53803], [-99.18539, 30.53761], [-99.18604, 30.53707], [-99.18675, 30.53646], [-99.18678, 30.53644], [-99.18728, 30.53602], [-99.18748, 30.53589], [-99.18764, 30.53582], [-99.18776, 30.53579], [-99.18785, 30.53577], [-99.18791, 30.53576], [-99.18815, 30.53575], [-99.18826, 30.53576], [-99.1886, 30.53587], [-99.18891, 30.53599], [-99.18904, 30.53603], [-99.18949, 30.5362], [-99.18961, 30.53625], [-99.18971, 30.53629], [-99.1898, 30.53632], [-99.19018, 30.53647], [-99.19037, 30.53654], [-99.19075, 30.53668], [-99.19107, 30.53682], [-99.19113, 30.53684], [-99.19123, 30.53688], [-99.19133, 30.53691], [-99.19161, 30.53702], [-99.19171, 30.53706], [-99.19209, 30.5372], [-99.19218, 30.53723], [-99.19219, 30.53724], [-99.19228, 30.53727], [-99.19304, 30.53757], [-99.19323, 30.53764], [-99.19342, 30.53772], [-99.19352, 30.53776], [-99.19371, 30.53783], [-99.19399, 30.53794], [-99.19419, 30.53801], [-99.19447, 30.53812], [-99.19449, 30.53812], [-99.19457, 30.53815], [-99.19484, 30.53825], [-99.1949, 30.53828], [-99.19547, 30.5385], [-99.19585, 30.53865], [-99.197, 30.53909], [-99.19776, 30.53938], [-99.19842, 30.53963], [-99.19843, 30.53964], [-99.19919, 30.53993], [-99.19928, 30.53997], [-99.20091, 30.54058], [-99.2011, 30.54065], [-99.20148, 30.5408], [-99.20179, 30.54092], [-99.20263, 30.54124], [-99.2032, 30.54146], [-99.20339, 30.54153], [-99.20358, 30.5416], [-99.20391, 30.54173], [-99.20492, 30.54212], [-99.2051, 30.54219], [-99.20511, 30.54219], [-99.20559, 30.54237], [-99.20585, 30.54246], [-99.20657, 30.54273], [-99.20716, 30.54294], [-99.20784, 30.5432], [-99.20822, 30.54335], [-99.20825, 30.54337], [-99.20896, 30.54368], [-99.20915, 30.54376], [-99.20917, 30.54377], [-99.20952, 30.54392], [-99.21009, 30.54415], [-99.21035, 30.54426], [-99.21084, 30.54447], [-99.2114, 30.5447], [-99.21159, 30.54478], [-99.21192, 30.54491], [-99.21253, 30.54518], [-99.21271, 30.54526], [-99.21309, 30.54542], [-99.21328, 30.5455], [-99.21358, 30.54563], [-99.21439, 30.54599], [-99.21516, 30.54632], [-99.2157, 30.54655], [-99.21589, 30.54663], [-99.21626, 30.54679], [-99.21683, 30.54702], [-99.21701, 30.5471], [-99.21705, 30.54711], [-99.21757, 30.54735], [-99.21793, 30.54753], [-99.21795, 30.54753], [-99.21812, 30.54761], [-99.21814, 30.54762], [-99.21826, 30.54764], [-99.21836, 30.54764], [-99.21851, 30.54762], [-99.21873, 30.54758], [-99.21885, 30.54755], [-99.21894, 30.54754], [-99.21914, 30.5475], [-99.21927, 30.54747], [-99.21934, 30.54746], [-99.21954, 30.54742], [-99.21955, 30.54742], [-99.2197, 30.54736], [-99.21987, 30.54727], [-99.22006, 30.54714], [-99.22029, 30.54698], [-99.22053, 30.54679], [-99.22078, 30.5466], [-99.22086, 30.54654], [-99.22102, 30.54642], [-99.22103, 30.54641], [-99.22127, 30.54626], [-99.22156, 30.54606], [-99.22168, 30.54598], [-99.22196, 30.5458], [-99.22218, 30.54564], [-99.22233, 30.54553], [-99.22259, 30.54535], [-99.22282, 30.54519], [-99.22288, 30.54515], [-99.22298, 30.54508], [-99.22328, 30.54487], [-99.22331, 30.54485], [-99.22347, 30.54474], [-99.22364, 30.54461], [-99.22405, 30.54433], [-99.22428, 30.54418], [-99.22443, 30.54408], [-99.22445, 30.54407], [-99.2247, 30.5439], [-99.22477, 30.54384], [-99.22494, 30.54372], [-99.22519, 30.5435], [-99.22522, 30.54347], [-99.22537, 30.54331], [-99.22562, 30.54303], [-99.22584, 30.54277], [-99.226, 30.54248], [-99.22626, 30.54195], [-99.22658, 30.54128], [-99.22665, 30.54115], [-99.22666, 30.54112], [-99.22675, 30.54095], [-99.22683, 30.54078], [-99.22711, 30.54016], [-99.22738, 30.53962], [-99.22746, 30.53946], [-99.22751, 30.53935], [-99.22761, 30.53912], [-99.22769, 30.53895], [-99.22782, 30.53865], [-99.22799, 30.53828], [-99.22807, 30.53811], [-99.22815, 30.53795], [-99.22825, 30.53778], [-99.22842, 30.5375], [-99.22844, 30.53747], [-99.22855, 30.53733], [-99.22862, 30.53724], [-99.2287, 30.53717], [-99.22874, 30.53714], [-99.2288, 30.5371], [-99.22893, 30.53701], [-99.22916, 30.53687], [-99.22941, 30.53672], [-99.22941, 30.53671], [-99.22974, 30.53649], [-99.22999, 30.53631], [-99.23022, 30.53615], [-99.2303, 30.5361], [-99.23038, 30.53604], [-99.23054, 30.53592], [-99.23085, 30.5357], [-99.23119, 30.53547], [-99.23128, 30.53541], [-99.23136, 30.53537], [-99.23162, 30.53523], [-99.23186, 30.53513], [-99.2322, 30.53502], [-99.2324, 30.535], [-99.23259, 30.53497], [-99.23304, 30.5349], [-99.23329, 30.53486], [-99.23343, 30.53485], [-99.23364, 30.53483], [-99.23365, 30.53483], [-99.234, 30.53484], [-99.23421, 30.53486], [-99.23453, 30.53487], [-99.23468, 30.53487], [-99.23473, 30.53487], [-99.2349, 30.53485], [-99.23492, 30.53484], [-99.23515, 30.53481], [-99.23538, 30.53475], [-99.23546, 30.53474], [-99.23558, 30.53471], [-99.23561, 30.53471], [-99.23587, 30.53466], [-99.23617, 30.53459], [-99.23659, 30.5345], [-99.23662, 30.53449], [-99.237, 30.5344], [-99.23707, 30.53439], [-99.23734, 30.53432], [-99.23739, 30.53431], [-99.23743, 30.5343], [-99.23793, 30.53419], [-99.23801, 30.53417], [-99.23849, 30.53405], [-99.2386, 30.53401], [-99.23877, 30.53395], [-99.23908, 30.53382], [-99.23938, 30.53368], [-99.23962, 30.53354], [-99.23965, 30.53351], [-99.24019, 30.53318], [-99.2407, 30.53286], [-99.24092, 30.53273], [-99.24112, 30.53261], [-99.24121, 30.53255], [-99.24139, 30.53245], [-99.24166, 30.53229], [-99.242, 30.5321], [-99.24225, 30.53195], [-99.24245, 30.53184], [-99.24322, 30.53136], [-99.24328, 30.53133], [-99.24363, 30.53111], [-99.24396, 30.53091], [-99.24444, 30.53062], [-99.24447, 30.5306], [-99.24464, 30.5305], [-99.24498, 30.5303], [-99.24532, 30.53008], [-99.24534, 30.53006], [-99.24549, 30.52998], [-99.24561, 30.52991], [-99.24638, 30.52945], [-99.24652, 30.52936], [-99.2471, 30.529], [-99.24737, 30.52884], [-99.24757, 30.52871], [-99.24805, 30.52843], [-99.24813, 30.52838], [-99.24822, 30.52834], [-99.24826, 30.52831], [-99.24832, 30.52828], [-99.24837, 30.52827], [-99.24841, 30.52826], [-99.24849, 30.52824], [-99.24863, 30.52824], [-99.24922, 30.52824], [-99.24988, 30.52824], [-99.25053, 30.52825], [-99.25119, 30.52824], [-99.25134, 30.52824], [-99.25155, 30.52824], [-99.25176, 30.52824], [-99.25187, 30.52824], [-99.25222, 30.52824], [-99.25301, 30.52825], [-99.25321, 30.52825], [-99.25322, 30.52825], [-99.25343, 30.52825], [-99.25362, 30.52824], [-99.25401, 30.52822], [-99.25435, 30.52818], [-99.2544, 30.52818]]}, "properties": {"surface": "unknown", "label": "Unverified", "color": "#9A9389", "miles": 9.72, "start_mi": 4.69, "end_mi": 14.41, "road": "Salt Branch Loop", "elev_ft": [1741, 1741, 1743, 1744, 1744, 1746, 1747, 1747, 1748, 1748, 1751, 1751, 1751, 1751, 1751, 1751, 1751, 1751, 1751, 1750, 1750, 1750, 1750, 1751, 1751, 1751, 1751, 1752, 1751, 1751, 1752, 1752, 1753, 1753, 1755, 1755, 1758, 1758, 1758, 1758, 1758, 1759, 1759, 1760, 1760, 1760, 1760, 1761, 1762, 1763, 1764, 1764, 1765, 1766, 1768, 1769, 1769, 1770, 1770, 1770, 1772, 1775, 1775, 1775, 1776, 1776, 1777, 1778, 1779, 1780, 1781, 1781, 1781, 1781, 1781, 1781, 1781, 1781, 1781, 1780, 1778, 1777, 1776, 1775, 1774, 1774, 1773, 1770, 1765, 1765, 1762, 1762, 1760, 1760, 1760, 1760, 1763, 1767, 1769, 1771, 1773, 1775, 1776, 1778, 1780, 1781, 1782, 1782, 1784, 1784, 1784, 1784, 1784, 1785, 1785, 1781, 1779, 1775, 1772, 1766, 1761, 1760, 1758, 1757, 1757, 1754, 1754, 1754, 1754, 1755, 1756, 1757, 1757, 1760, 1761, 1763, 1764, 1766, 1766, 1766, 1767, 1766, 1766, 1766, 1766, 1766, 1766, 1767, 1767, 1766, 1766, 1757, 1756, 1756, 1758, 1760, 1762, 1763, 1765, 1765, 1768, 1773, 1784, 1785, 1785, 1785, 1785, 1785, 1785, 1783, 1783, 1777, 1777, 1777, 1778, 1781, 1789, 1792, 1793, 1793, 1793, 1794, 1794, 1793, 1792, 1791, 1788, 1786, 1784, 1783, 1782, 1780, 1769, 1769, 1769, 1768, 1768, 1767, 1768, 1768, 1771, 1772, 1779, 1781, 1783, 1784, 1786, 1787, 1788, 1788, 1788, 1788, 1788, 1788, 1788, 1788, 1787, 1785, 1783, 1775, 1772, 1772, 1771, 1771, 1773, 1777, 1778, 1793, 1795, 1798, 1798, 1802, 1804, 1805, 1807, 1808, 1809, 1809, 1809, 1809, 1809, 1809, 1810, 1810, 1809, 1809, 1810, 1811, 1811, 1811, 1810, 1810, 1808, 1806, 1804, 1802, 1799, 1797, 1795, 1784, 1779, 1764, 1764, 1765, 1765, 1766, 1778, 1782, 1783, 1783, 1783, 1785, 1788, 1789, 1794, 1799, 1794, 1794, 1792, 1791, 1790, 1789, 1789, 1788, 1786, 1785, 1782, 1780, 1780, 1778, 1778, 1778, 1778, 1778, 1779, 1779, 1778, 1778, 1778, 1778, 1778, 1778, 1777, 1776, 1776, 1775, 1765, 1762, 1760, 1760, 1759, 1758, 1757, 1756, 1756, 1756, 1758, 1758, 1761, 1762, 1758, 1758, 1762, 1762, 1766, 1767, 1778, 1778, 1780, 1781, 1784, 1788, 1789, 1791, 1794, 1796, 1796, 1796, 1796, 1796, 1796, 1796, 1799, 1805, 1805, 1811, 1811, 1811, 1812, 1808, 1803, 1797, 1795, 1794, 1792, 1785, 1782, 1780, 1782, 1785, 1783, 1776, 1776, 1776, 1776, 1776, 1777, 1777, 1785, 1784, 1784, 1784, 1784, 1785, 1786, 1786, 1787, 1787, 1787, 1788, 1789, 1789, 1791, 1791, 1792, 1793, 1794, 1793, 1792, 1790, 1790, 1788, 1788, 1788, 1787, 1785, 1778, 1775, 1773, 1770, 1768, 1768, 1768, 1769, 1769, 1769, 1770, 1773, 1775, 1776, 1776, 1782, 1786, 1789, 1782, 1781, 1779, 1777, 1777, 1777, 1777, 1777, 1776, 1776, 1775, 1773, 1766, 1759, 1757, 1756, 1753, 1751, 1748, 1746, 1746, 1745, 1743, 1738, 1736, 1737, 1742, 1744, 1745, 1747, 1749, 1754, 1757, 1757, 1762, 1760, 1756, 1754, 1752, 1748, 1741, 1739, 1739, 1738, 1738, 1740, 1743, 1744, 1747, 1754, 1757, 1757, 1759, 1759, 1764, 1767, 1776, 1779, 1780, 1781, 1781, 1781, 1781, 1781, 1781, 1781, 1780, 1779, 1778, 1778, 1778, 1778, 1779, 1779, 1779, 1780, 1781, 1782, 1782, 1783, 1783, 1783, 1782, 1782, 1782, 1781, 1781, 1780, 1780, 1781, 1784, 1791, 1795, 1797, 1800, 1800, 1802, 1803, 1803, 1803, 1802, 1802, 1804, 1804, 1804, 1804, 1804, 1805, 1812, 1815, 1817, 1821, 1821, 1822, 1822, 1823, 1823, 1823, 1823, 1824, 1827, 1830, 1837, 1843, 1844, 1845, 1846, 1847, 1847, 1846, 1846, 1846, 1847, 1848, 1851, 1853, 1853]}}, {"type": "Feature", "geometry": {"type": "LineString", "coordinates": [[-99.25468, 30.52816], [-99.25486, 30.52813], [-99.25508, 30.52812], [-99.25541, 30.52813], [-99.2558, 30.52815], [-99.25584, 30.52815], [-99.25605, 30.52815], [-99.25626, 30.52816], [-99.25647, 30.52817], [-99.25658, 30.52817], [-99.25668, 30.52817], [-99.25688, 30.52818], [-99.25712, 30.52818], [-99.25747, 30.5282], [-99.25782, 30.52821], [-99.25814, 30.52821], [-99.25818, 30.52821], [-99.25834, 30.5282], [-99.25876, 30.52818], [-99.25897, 30.52816], [-99.25918, 30.52815], [-99.25926, 30.52815], [-99.25955, 30.52812], [-99.25959, 30.52812], [-99.2598, 30.5281], [-99.25986, 30.52809], [-99.26063, 30.52804], [-99.26084, 30.52803], [-99.2611, 30.528], [-99.26167, 30.52796], [-99.26187, 30.52795], [-99.26209, 30.52794], [-99.26228, 30.52793], [-99.26251, 30.52791], [-99.26264, 30.5279], [-99.26271, 30.52789], [-99.26287, 30.52788], [-99.26292, 30.52788], [-99.26305, 30.52787], [-99.26334, 30.52783], [-99.26342, 30.52782], [-99.26344, 30.52782], [-99.26357, 30.5278], [-99.26378, 30.52778], [-99.26413, 30.52774], [-99.26431, 30.5277], [-99.2646, 30.52766], [-99.26505, 30.52759], [-99.26522, 30.52757], [-99.26542, 30.52753], [-99.26645, 30.52738], [-99.26651, 30.52737], [-99.26666, 30.52735], [-99.26711, 30.52727], [-99.26789, 30.52717], [-99.2682, 30.52712], [-99.26851, 30.52708], [-99.26872, 30.52704], [-99.26915, 30.52698], [-99.26974, 30.52688], [-99.27066, 30.52674], [-99.27199, 30.52655], [-99.27209, 30.52653], [-99.2721, 30.52653], [-99.2723, 30.5265], [-99.2725, 30.52646], [-99.27264, 30.52644], [-99.2733, 30.52634], [-99.27353, 30.52631], [-99.27374, 30.52628], [-99.27396, 30.52625], [-99.27436, 30.52619], [-99.27497, 30.5261], [-99.27511, 30.52608], [-99.27518, 30.52607], [-99.27538, 30.52603], [-99.27544, 30.52602], [-99.27559, 30.526], [-99.27642, 30.52587], [-99.27662, 30.52584], [-99.27724, 30.52575], [-99.27744, 30.52572], [-99.27781, 30.52566], [-99.27806, 30.52563], [-99.27826, 30.5256], [-99.27827, 30.5256], [-99.27847, 30.52557], [-99.2785, 30.52557], [-99.27918, 30.52546], [-99.27929, 30.52544], [-99.2795, 30.52541], [-99.27991, 30.52534], [-99.28032, 30.52528], [-99.28089, 30.52519], [-99.28135, 30.52513], [-99.28136, 30.52513], [-99.28159, 30.52509], [-99.28184, 30.52504], [-99.28199, 30.52499], [-99.28205, 30.52497], [-99.28224, 30.52487], [-99.28243, 30.52472], [-99.28289, 30.52433], [-99.28311, 30.52414], [-99.28341, 30.52389], [-99.28362, 30.52371], [-99.28371, 30.52364], [-99.2838, 30.52355], [-99.2843, 30.52313], [-99.28445, 30.52301], [-99.28462, 30.52286], [-99.28475, 30.52275], [-99.28511, 30.52245], [-99.28519, 30.52238], [-99.28534, 30.52225], [-99.28549, 30.52213], [-99.28566, 30.52199], [-99.2858, 30.52186], [-99.28607, 30.52163], [-99.28629, 30.52144], [-99.28639, 30.52135], [-99.28648, 30.52127], [-99.28675, 30.52102], [-99.28682, 30.52096], [-99.28696, 30.52084], [-99.28709, 30.52076], [-99.28715, 30.52073], [-99.28719, 30.52071], [-99.28729, 30.52068], [-99.28734, 30.52067], [-99.28739, 30.52066], [-99.28755, 30.52065], [-99.28778, 30.52064], [-99.2879, 30.52062], [-99.28801, 30.52061], [-99.28818, 30.5206], [-99.28828, 30.52061], [-99.2884, 30.52063], [-99.28851, 30.52066], [-99.28861, 30.52069], [-99.28882, 30.52074], [-99.28896, 30.52076], [-99.28906, 30.52077], [-99.28912, 30.52077], [-99.2892, 30.52075], [-99.28928, 30.52071], [-99.28942, 30.52066], [-99.2897, 30.52052], [-99.28986, 30.52045], [-99.28998, 30.5204], [-99.29004, 30.52037], [-99.29014, 30.52032], [-99.29027, 30.52023], [-99.29037, 30.52015], [-99.29046, 30.52005], [-99.29055, 30.51996], [-99.29064, 30.51983], [-99.29081, 30.51954], [-99.2909, 30.51938], [-99.29101, 30.5192], [-99.29109, 30.51906], [-99.29118, 30.51891], [-99.29119, 30.5189], [-99.29141, 30.51853], [-99.29158, 30.51827], [-99.29159, 30.51825], [-99.29166, 30.51818], [-99.29173, 30.51814], [-99.29183, 30.51811], [-99.29193, 30.5181], [-99.29208, 30.51807]]}, "properties": {"surface": "two_track", "label": "Ranch two-track", "color": "#6B5A45", "miles": 2.46, "start_mi": 14.41, "end_mi": 16.87, "road": "Salt Branch Loop", "elev_ft": [1855, 1856, 1857, 1859, 1862, 1862, 1863, 1864, 1863, 1863, 1862, 1860, 1859, 1857, 1854, 1851, 1850, 1849, 1844, 1844, 1845, 1845, 1847, 1847, 1849, 1850, 1855, 1855, 1855, 1854, 1854, 1854, 1855, 1856, 1856, 1856, 1856, 1856, 1856, 1854, 1854, 1853, 1852, 1851, 1846, 1843, 1838, 1831, 1829, 1825, 1815, 1814, 1813, 1808, 1801, 1799, 1796, 1795, 1791, 1787, 1784, 1782, 1782, 1782, 1781, 1781, 1782, 1783, 1784, 1783, 1783, 1781, 1778, 1778, 1778, 1778, 1778, 1779, 1784, 1785, 1784, 1784, 1783, 1783, 1782, 1782, 1781, 1781, 1777, 1777, 1776, 1776, 1777, 1780, 1781, 1781, 1782, 1782, 1782, 1782, 1782, 1781, 1776, 1773, 1770, 1767, 1766, 1764, 1758, 1755, 1752, 1749, 1743, 1741, 1738, 1736, 1732, 1728, 1720, 1717, 1716, 1714, 1709, 1708, 1706, 1704, 1703, 1703, 1702, 1701, 1701, 1698, 1698, 1700, 1702, 1705, 1706, 1707, 1708, 1708, 1708, 1709, 1708, 1708, 1707, 1707, 1705, 1703, 1705, 1706, 1706, 1708, 1709, 1711, 1712, 1714, 1714, 1716, 1716, 1716, 1716, 1716, 1716, 1716, 1716, 1716, 1716, 1716, 1717, 1717, 1717]}}, {"type": "Feature", "geometry": {"type": "LineString", "coordinates": [[-99.29217, 30.51804], [-99.29221, 30.51802], [-99.29223, 30.51801], [-99.29228, 30.51797], [-99.29235, 30.51791], [-99.29236, 30.5179], [-99.29241, 30.51785], [-99.29248, 30.51777], [-99.29268, 30.51753], [-99.29286, 30.51733], [-99.29287, 30.51731], [-99.29294, 30.51724], [-99.29299, 30.51719], [-99.29325, 30.51691], [-99.29333, 30.51682], [-99.29338, 30.51676], [-99.29357, 30.51655], [-99.29386, 30.51627], [-99.2939, 30.51623], [-99.29411, 30.516], [-99.29418, 30.51593], [-99.29431, 30.51579], [-99.29488, 30.51512], [-99.29518, 30.51478], [-99.29547, 30.51445], [-99.29556, 30.51435], [-99.29594, 30.51392], [-99.29597, 30.51389]]}, "properties": {"surface": "unknown", "label": "Unverified", "color": "#9A9389", "miles": 0.37, "start_mi": 16.87, "end_mi": 17.24, "road": "", "elev_ft": [1718, 1719, 1719, 1720, 1722, 1722, 1724, 1726, 1736, 1743, 1743, 1744, 1745, 1750, 1752, 1753, 1757, 1757, 1757, 1757, 1757, 1758, 1762, 1763, 1764, 1765, 1765, 1765]}}, {"type": "Feature", "geometry": {"type": "LineString", "coordinates": [[-99.29635, 30.51348], [-99.29653, 30.51327], [-99.29659, 30.51321], [-99.29672, 30.51308], [-99.29704, 30.51272], [-99.29756, 30.51214], [-99.29766, 30.51203], [-99.29795, 30.51171], [-99.29822, 30.51142], [-99.29836, 30.5113], [-99.29853, 30.5112], [-99.29853, 30.5112], [-99.29903, 30.51114], [-99.29938, 30.51113], [-99.30312, 30.51118], [-99.30333, 30.51118], [-99.30352, 30.51118], [-99.30459, 30.5112], [-99.30496, 30.5112], [-99.30551, 30.51119], [-99.30552, 30.51119], [-99.30631, 30.51119], [-99.30677, 30.51119], [-99.30719, 30.5112], [-99.30782, 30.51121], [-99.30803, 30.51121], [-99.30834, 30.51122], [-99.30866, 30.51122], [-99.30895, 30.51122], [-99.30907, 30.51122], [-99.30917, 30.51123], [-99.30943, 30.51124], [-99.309471, 30.51124], [-99.30951, 30.51124], [-99.30957, 30.51124], [-99.30962, 30.51123], [-99.30969, 30.51122], [-99.30969, 30.51122], [-99.30969, 30.511236], [-99.30969, 30.51131], [-99.30965, 30.51165], [-99.30963, 30.51184], [-99.30961, 30.51205], [-99.3096, 30.51222], [-99.30959, 30.51239], [-99.30959, 30.51248], [-99.30959, 30.51266], [-99.30958, 30.51285], [-99.30958, 30.51329], [-99.30957, 30.51391], [-99.30957, 30.51427], [-99.30957, 30.5145], [-99.30957, 30.51482], [-99.30957, 30.51533], [-99.30957, 30.51603], [-99.30957, 30.51632], [-99.30957, 30.51665], [-99.30957, 30.51725], [-99.30957, 30.5173], [-99.30957, 30.51762], [-99.30957, 30.51812], [-99.30958, 30.51861], [-99.30958, 30.51875], [-99.30958, 30.51936], [-99.30958, 30.51969], [-99.30958, 30.51995], [-99.30957, 30.52058], [-99.30957, 30.52116], [-99.30957, 30.52149], [-99.30957, 30.52179], [-99.30957, 30.52233], [-99.30957, 30.52239], [-99.30956, 30.52283], [-99.30956, 30.5235], [-99.30957, 30.52401], [-99.30957, 30.52415], [-99.30956, 30.5247], [-99.30957, 30.52529], [-99.30957, 30.52575], [-99.30957, 30.52598], [-99.30957, 30.52602], [-99.30958, 30.52639], [-99.30958, 30.52663], [-99.30958, 30.52663], [-99.30958, 30.52671], [-99.30959, 30.52691], [-99.30959, 30.52752], [-99.30959, 30.52761], [-99.30959, 30.52779], [-99.30959, 30.52802], [-99.30959, 30.52876], [-99.30959, 30.52934], [-99.30959, 30.5294], [-99.30958, 30.52958], [-99.30958, 30.52997], [-99.30957, 30.53016], [-99.30958, 30.53043], [-99.3096, 30.53056], [-99.30964, 30.53068], [-99.3097, 30.53083], [-99.30977, 30.53098], [-99.30984, 30.53108], [-99.3099, 30.53116], [-99.30997, 30.53124], [-99.31002, 30.53129], [-99.3101, 30.53137], [-99.31016, 30.53142], [-99.31038, 30.5316], [-99.31083, 30.53196], [-99.31092, 30.53204], [-99.31122, 30.53231], [-99.31149, 30.53257], [-99.31163, 30.5327], [-99.31176, 30.53284], [-99.31182, 30.5329], [-99.31189, 30.53298], [-99.3119, 30.533], [-99.31198, 30.53311], [-99.31204, 30.5332], [-99.31212, 30.53333], [-99.31229, 30.53367], [-99.31243, 30.53395], [-99.31257, 30.53424], [-99.31277, 30.53466], [-99.31293, 30.53497], [-99.31294, 30.53498], [-99.31301, 30.53511], [-99.31311, 30.53525], [-99.31314, 30.53529], [-99.31326, 30.53545], [-99.31346, 30.53567], [-99.31351, 30.53572], [-99.31356, 30.53577], [-99.31365, 30.53585], [-99.31366, 30.53586], [-99.31382, 30.53597], [-99.3141, 30.53614], [-99.31432, 30.53628], [-99.31433, 30.53628], [-99.31449, 30.53639], [-99.31468, 30.5365], [-99.31483, 30.53662], [-99.31495, 30.53673], [-99.31496, 30.53674], [-99.3151, 30.53687], [-99.31518, 30.53695], [-99.31523, 30.53701], [-99.31526, 30.53704], [-99.31534, 30.53714], [-99.31538, 30.53722], [-99.31542, 30.53731], [-99.31543, 30.53733], [-99.31546, 30.53742], [-99.31552, 30.53767], [-99.31553, 30.5378], [-99.31554, 30.53791], [-99.31553, 30.53801], [-99.3155, 30.53812], [-99.31547, 30.53821], [-99.31536, 30.53845], [-99.31527, 30.53865], [-99.31525, 30.53872], [-99.31524, 30.53874], [-99.31522, 30.53883], [-99.31521, 30.53889], [-99.31519, 30.53901], [-99.31518, 30.53921], [-99.31517, 30.53932], [-99.31517, 30.53945], [-99.31517, 30.53956], [-99.3152, 30.53969], [-99.31523, 30.53985], [-99.31527, 30.53996], [-99.31531, 30.54009], [-99.31532, 30.54013], [-99.31545, 30.54051], [-99.31556, 30.54081], [-99.31571, 30.54122], [-99.3158, 30.54147], [-99.31582, 30.54151], [-99.31591, 30.54169], [-99.31602, 30.54195], [-99.31618, 30.54235], [-99.3162, 30.54239], [-99.31625, 30.54252], [-99.31633, 30.54269], [-99.31639, 30.54287], [-99.31647, 30.54312], [-99.3165, 30.54321], [-99.31656, 30.54341], [-99.31661, 30.54356], [-99.31661, 30.54357], [-99.31668, 30.54384], [-99.31669, 30.54391], [-99.31674, 30.54408], [-99.31676, 30.54422], [-99.3168, 30.54433], [-99.31685, 30.5445], [-99.31689, 30.54459], [-99.31693, 30.54466], [-99.317, 30.54477], [-99.31706, 30.54485], [-99.31714, 30.54495], [-99.31726, 30.5451], [-99.31747, 30.54535], [-99.31759, 30.5455], [-99.31771, 30.54564], [-99.31785, 30.54583], [-99.31794, 30.54595], [-99.31808, 30.54614], [-99.31816, 30.54624], [-99.31817, 30.54625], [-99.31824, 30.54633], [-99.3183, 30.54638], [-99.31837, 30.54643], [-99.31843, 30.54646], [-99.31851, 30.54649], [-99.31859, 30.54652], [-99.31872, 30.54656], [-99.31882, 30.54657], [-99.31893, 30.54658], [-99.31909, 30.54659], [-99.31949, 30.54658], [-99.31993, 30.54656], [-99.32014, 30.54655], [-99.32027, 30.54654], [-99.32076, 30.54652], [-99.32078, 30.54652], [-99.3209, 30.54651], [-99.32097, 30.5465], [-99.32099, 30.5465], [-99.32107, 30.54648], [-99.32113, 30.54645], [-99.32116, 30.54643], [-99.32119, 30.54642], [-99.3213, 30.54635], [-99.32141, 30.54629], [-99.3215, 30.54624], [-99.32151, 30.54624], [-99.32157, 30.54622], [-99.32164, 30.5462], [-99.32173, 30.54619], [-99.32178, 30.54619], [-99.32198, 30.5462], [-99.32206, 30.54622], [-99.32222, 30.54625], [-99.32233, 30.54627], [-99.32253, 30.54633], [-99.32268, 30.54636], [-99.32294, 30.54643], [-99.32307, 30.54647], [-99.32312, 30.54649], [-99.32317, 30.54652], [-99.32321, 30.54655], [-99.32325, 30.54659], [-99.32327, 30.54661], [-99.3233, 30.54664], [-99.32332, 30.54668], [-99.323333, 30.546705], [-99.32336, 30.54676], [-99.32336, 30.54677], [-99.32338, 30.54685], [-99.32343, 30.54703], [-99.32345, 30.54712], [-99.32349, 30.54726], [-99.32355, 30.54747], [-99.32356, 30.54751], [-99.3236, 30.54765], [-99.32363, 30.5478], [-99.32364, 30.54783], [-99.32365, 30.54794], [-99.32367, 30.548], [-99.32367, 30.54802], [-99.32369, 30.54809], [-99.32374, 30.54821], [-99.32378, 30.54828], [-99.32382, 30.54836], [-99.32386, 30.54843], [-99.32389, 30.54847], [-99.32392, 30.5485], [-99.32397, 30.54856], [-99.32405, 30.54862], [-99.32422, 30.54874], [-99.32422, 30.54875], [-99.32441, 30.54887], [-99.32455, 30.54896], [-99.32476, 30.5491], [-99.32486, 30.54917], [-99.32496, 30.54924], [-99.32502, 30.54931], [-99.32506, 30.54938], [-99.32508, 30.54942], [-99.32509, 30.54947], [-99.32509, 30.54948], [-99.32511, 30.54954], [-99.32511, 30.54963], [-99.32511, 30.54966], [-99.32511, 30.5497], [-99.32511, 30.5498], [-99.32511, 30.54984], [-99.3251, 30.54989], [-99.32509, 30.54998], [-99.32506, 30.55012], [-99.32503, 30.55022], [-99.325, 30.55032], [-99.32499, 30.55037], [-99.32498, 30.55047], [-99.32498, 30.55054], [-99.32498, 30.55055], [-99.325, 30.55061], [-99.32502, 30.55072], [-99.32503, 30.55077], [-99.32506, 30.5509], [-99.32506, 30.55091], [-99.3251, 30.55108], [-99.3251, 30.55111], [-99.32516, 30.5513], [-99.32517, 30.55137], [-99.32518, 30.55143], [-99.32518, 30.55144], [-99.32518, 30.55153], [-99.32517, 30.55161], [-99.32517, 30.55165], [-99.32516, 30.55175], [-99.325151, 30.551786], [-99.32515, 30.55179], [-99.32514, 30.55193], [-99.32513, 30.55197], [-99.32513, 30.55204], [-99.32511, 30.55215], [-99.32509, 30.55228], [-99.32509, 30.55232], [-99.32509, 30.55236], [-99.32509, 30.55241], [-99.32509, 30.55245], [-99.3251, 30.55252], [-99.32512, 30.55258], [-99.32519, 30.55271], [-99.32526, 30.55283], [-99.32527, 30.55285], [-99.32535, 30.55302], [-99.32543, 30.55316], [-99.32548, 30.55327], [-99.32556, 30.55344], [-99.32559, 30.5535], [-99.32566, 30.55367], [-99.32571, 30.55376], [-99.32578, 30.55389], [-99.32585, 30.55399], [-99.32595, 30.55414], [-99.32617, 30.55446], [-99.32632, 30.55467], [-99.32641, 30.5548], [-99.32652, 30.555], [-99.32657, 30.5551], [-99.32662, 30.55524], [-99.32664, 30.55533], [-99.32667, 30.55542], [-99.32667, 30.55543], [-99.32669, 30.55561], [-99.3267, 30.55571], [-99.32671, 30.55579], [-99.32671, 30.55582], [-99.32673, 30.55592], [-99.32674, 30.55596], [-99.32675, 30.55599], [-99.32678, 30.55606], [-99.32681, 30.55611], [-99.32686, 30.55619], [-99.32691, 30.55626], [-99.32697, 30.55632], [-99.32707, 30.5564], [-99.32708, 30.55641], [-99.32723, 30.55652], [-99.32729, 30.55657], [-99.32738, 30.55665], [-99.32749, 30.55673], [-99.32753, 30.55677], [-99.32761, 30.55683], [-99.32781, 30.557], [-99.32784, 30.55702], [-99.328, 30.55716], [-99.32811, 30.55727], [-99.32818, 30.55735], [-99.32827, 30.55747], [-99.32832, 30.55755], [-99.32834, 30.55758], [-99.32837, 30.55763], [-99.32843, 30.55773], [-99.32843, 30.55774], [-99.32847, 30.55782], [-99.32848, 30.5579], [-99.32849, 30.55792], [-99.32849, 30.55797], [-99.32849, 30.55803], [-99.32849, 30.5581], [-99.32848, 30.55816], [-99.32846, 30.55828], [-99.32845, 30.55836], [-99.32843, 30.55842], [-99.32841, 30.55845], [-99.32834, 30.55859], [-99.32828, 30.55872], [-99.32825, 30.55877], [-99.32822, 30.55884], [-99.32821, 30.55888], [-99.3282, 30.55895], [-99.32819, 30.55905], [-99.3282, 30.55913], [-99.3282, 30.55914], [-99.32822, 30.55922], [-99.32825, 30.55931], [-99.3283, 30.55942], [-99.32833, 30.55947], [-99.32838, 30.55955], [-99.32842, 30.55962], [-99.32847, 30.5597], [-99.32853, 30.55977], [-99.32855, 30.55978], [-99.32862, 30.55984], [-99.32871, 30.55992], [-99.32885, 30.56003], [-99.329, 30.56016], [-99.32923, 30.56034], [-99.32946, 30.56054], [-99.3296, 30.56065], [-99.32967, 30.56072], [-99.32984, 30.56086], [-99.32989, 30.56091], [-99.33, 30.56101], [-99.33003, 30.56105], [-99.33005, 30.56107], [-99.33012, 30.56116], [-99.33019, 30.56127], [-99.33028, 30.56142], [-99.33039, 30.56162], [-99.33042, 30.56168], [-99.33047, 30.56176], [-99.3305, 30.56184], [-99.33051, 30.56185], [-99.33053, 30.56189], [-99.33058, 30.56201], [-99.33062, 30.56217], [-99.33063, 30.56219], [-99.33065, 30.56229], [-99.33067, 30.56239], [-99.33069, 30.56254], [-99.33069, 30.56259], [-99.33072, 30.56276], [-99.33073, 30.56286], [-99.33077, 30.56315], [-99.33078, 30.56322], [-99.33079, 30.56333], [-99.33081, 30.56351], [-99.33083, 30.56368], [-99.33083, 30.56384], [-99.33083, 30.56394], [-99.33083, 30.5641], [-99.33083, 30.56418], [-99.33083, 30.56422], [-99.33082, 30.56425], [-99.33081, 30.56429], [-99.33078, 30.56437], [-99.33073, 30.56446], [-99.33066, 30.56457], [-99.3306, 30.56466], [-99.330572, 30.564695], [-99.33056, 30.56471], [-99.3305, 30.56476], [-99.33047, 30.56479], [-99.33035, 30.56489], [-99.3303, 30.56494], [-99.33021, 30.56502], [-99.33018, 30.56507], [-99.33016, 30.5651], [-99.33015, 30.56513], [-99.33013, 30.56518], [-99.33008, 30.56536], [-99.33008, 30.56537], [-99.33008, 30.56541], [-99.33008, 30.56543], [-99.33008, 30.56545], [-99.3301, 30.56549], [-99.33012, 30.56551], [-99.33016, 30.56555], [-99.33019, 30.56557], [-99.33029, 30.56563], [-99.33035, 30.56568], [-99.33041, 30.56573], [-99.33045, 30.56579], [-99.3305, 30.56588], [-99.33053, 30.56593], [-99.33054, 30.56599], [-99.33055, 30.56605], [-99.33055, 30.56611], [-99.33054, 30.56616], [-99.33051, 30.56632], [-99.33049, 30.56642], [-99.33049, 30.56646], [-99.33048, 30.56649], [-99.33047, 30.56658], [-99.33048, 30.56675], [-99.33048, 30.56682], [-99.33049, 30.56699], [-99.33049, 30.567], [-99.3305, 30.56718], [-99.3305, 30.56731], [-99.33052, 30.56755], [-99.33052, 30.56769], [-99.33052, 30.56775], [-99.33051, 30.5678], [-99.33045, 30.56787], [-99.33038, 30.56795], [-99.32999, 30.56833], [-99.32958, 30.56872], [-99.32955, 30.56875], [-99.32931, 30.56898], [-99.32913, 30.56916], [-99.32895, 30.56933], [-99.32881, 30.56945], [-99.32873, 30.56951], [-99.32869, 30.56953], [-99.32866, 30.56955], [-99.32861, 30.56957], [-99.32833, 30.56971], [-99.32826, 30.56974], [-99.32797, 30.56988], [-99.32764, 30.57004], [-99.32742, 30.57014], [-99.32712, 30.57028], [-99.327, 30.57033], [-99.32689, 30.57036], [-99.32685, 30.57037], [-99.32682, 30.57037], [-99.3267, 30.57038], [-99.32614, 30.57042], [-99.32563, 30.57044], [-99.3252, 30.57046], [-99.32513, 30.57046], [-99.32505, 30.57047], [-99.32499, 30.57049], [-99.32498, 30.57049], [-99.32493, 30.57051], [-99.32486, 30.57053], [-99.3248, 30.57056], [-99.32472, 30.5706], [-99.32461, 30.57066], [-99.32459, 30.57067], [-99.32443, 30.57078], [-99.32432, 30.57087], [-99.32429, 30.5709], [-99.32425, 30.57094], [-99.32422, 30.571], [-99.32419, 30.57105], [-99.32416, 30.5711], [-99.32412, 30.5712], [-99.32412, 30.57122], [-99.32408, 30.57137], [-99.32404, 30.57147], [-99.32402, 30.57153], [-99.32399, 30.57157], [-99.32397, 30.57161], [-99.32393, 30.57167], [-99.32388, 30.57172], [-99.32386, 30.57174], [-99.32383, 30.57179], [-99.32379, 30.57185], [-99.323719, 30.57198], [-99.32368, 30.57205], [-99.32353, 30.57224], [-99.32334, 30.57249], [-99.32332, 30.57251], [-99.3232, 30.57266], [-99.32309, 30.57281], [-99.32291, 30.57304], [-99.32288, 30.57308], [-99.32286, 30.57312], [-99.3228, 30.57329], [-99.32279, 30.57331], [-99.32275, 30.5734], [-99.32274, 30.57344], [-99.32273, 30.57348], [-99.32273, 30.57356], [-99.32273, 30.57362], [-99.32271, 30.57368], [-99.32269, 30.57375], [-99.32268, 30.57381], [-99.32267, 30.57384], [-99.32264, 30.57398], [-99.32264, 30.57399], [-99.32262, 30.57412], [-99.32261, 30.57416], [-99.32259, 30.57421], [-99.32251, 30.57436], [-99.3224, 30.57453], [-99.32226, 30.57469], [-99.32219, 30.57479], [-99.32212, 30.57488], [-99.32209, 30.57493], [-99.32208, 30.57494], [-99.32206, 30.57497], [-99.32193, 30.57525], [-99.32192, 30.57527], [-99.32185, 30.57544], [-99.32184, 30.57546], [-99.3218, 30.57554], [-99.32175, 30.57568], [-99.32166, 30.57594], [-99.32156, 30.57626], [-99.32145, 30.57658], [-99.32142, 30.57665], [-99.32131, 30.57692], [-99.32117, 30.57726], [-99.32102, 30.57761], [-99.32092, 30.57783], [-99.32077, 30.57816], [-99.32073, 30.57825], [-99.32059, 30.57855], [-99.32045, 30.57882], [-99.32034, 30.57904], [-99.32011, 30.57949], [-99.32008, 30.57955], [-99.3199, 30.5799], [-99.31976, 30.58014], [-99.31961, 30.58041], [-99.3195, 30.58061], [-99.31939, 30.58078], [-99.31937, 30.58081], [-99.31929, 30.58094], [-99.31921, 30.58107], [-99.31919, 30.5811], [-99.31911, 30.58121], [-99.31894, 30.58144], [-99.31885, 30.58155], [-99.31878, 30.58163], [-99.31872, 30.5817], [-99.31867, 30.58176], [-99.31852, 30.58189], [-99.31844, 30.58196], [-99.31842, 30.58198], [-99.31836, 30.58202], [-99.3183, 30.58205], [-99.31825, 30.58207], [-99.31819, 30.58209], [-99.31814, 30.5821], [-99.31803, 30.58212], [-99.31779, 30.58215], [-99.31744, 30.58219], [-99.31728, 30.58221], [-99.31661, 30.5823], [-99.3166, 30.5823], [-99.31651, 30.58232], [-99.31572, 30.58242], [-99.31538, 30.58247], [-99.31536, 30.58247], [-99.31518, 30.58251], [-99.31506, 30.58254], [-99.31483, 30.58264], [-99.31479, 30.58266], [-99.31444, 30.58283], [-99.31408, 30.58301], [-99.31376, 30.58318], [-99.31353, 30.58329], [-99.31352, 30.5833], [-99.31335, 30.58338], [-99.31316, 30.58348], [-99.31278, 30.58367], [-99.31264, 30.58376], [-99.3125, 30.58384], [-99.31228, 30.58396], [-99.31219, 30.58401], [-99.31193, 30.58416], [-99.31188, 30.58419], [-99.31176, 30.58426], [-99.31163, 30.58434], [-99.3116, 30.58437], [-99.3115, 30.58444], [-99.3114, 30.58452], [-99.31132, 30.58462], [-99.31124, 30.58474], [-99.3111, 30.58497], [-99.31087, 30.58544], [-99.31083, 30.58552], [-99.31067, 30.58576], [-99.31059, 30.58587], [-99.3105, 30.58597], [-99.31041, 30.58606], [-99.31011, 30.58629], [-99.30998, 30.58639], [-99.30996, 30.58641], [-99.30987, 30.58649], [-99.3097, 30.58667], [-99.30944, 30.58697], [-99.30925, 30.5872], [-99.30919, 30.58726], [-99.30916, 30.58729], [-99.309, 30.58744], [-99.30875, 30.58768], [-99.30855, 30.58786], [-99.30838, 30.58802], [-99.30833, 30.58805], [-99.30828, 30.58809], [-99.30817, 30.58816], [-99.30814, 30.58818], [-99.30806, 30.58822], [-99.30795, 30.58825], [-99.30774, 30.5883], [-99.3075, 30.58834], [-99.30717, 30.58842], [-99.30697, 30.58847], [-99.3067, 30.58854], [-99.30657, 30.58857], [-99.30653, 30.58858], [-99.3064, 30.58862], [-99.30638, 30.58863], [-99.30634, 30.58865], [-99.3063, 30.58868], [-99.30625, 30.58872], [-99.30621, 30.58877], [-99.30619, 30.58882], [-99.30616, 30.58891], [-99.30611, 30.58909], [-99.30609, 30.58915], [-99.30607, 30.5892], [-99.30604, 30.58924], [-99.306, 30.58928], [-99.30592, 30.58934], [-99.30576, 30.58945], [-99.30567, 30.5895], [-99.30556, 30.58958], [-99.3055, 30.58964], [-99.30543, 30.58971], [-99.30536, 30.58979], [-99.30533, 30.58984], [-99.30529, 30.58996], [-99.30527, 30.59001], [-99.30526, 30.59005], [-99.30524, 30.59018], [-99.30523, 30.59026], [-99.30524, 30.59037], [-99.30524, 30.59038], [-99.30524, 30.59048], [-99.30526, 30.59058], [-99.3053, 30.59077], [-99.30532, 30.59092], [-99.30536, 30.59108], [-99.30538, 30.59117], [-99.30543, 30.59134], [-99.30556, 30.59178], [-99.30557, 30.59182], [-99.30559, 30.59194], [-99.3056, 30.592], [-99.30561, 30.59206], [-99.30561, 30.59212], [-99.3056, 30.59213], [-99.3056, 30.5922], [-99.30558, 30.59232], [-99.30555, 30.59245], [-99.30549, 30.59267], [-99.30543, 30.59289], [-99.3054, 30.59301], [-99.30531, 30.59332], [-99.30523, 30.59362], [-99.3052, 30.59371], [-99.30516, 30.59384], [-99.30514, 30.59389], [-99.30508, 30.59406], [-99.30506, 30.59414], [-99.30502, 30.59423], [-99.30493, 30.59444], [-99.30488, 30.59457], [-99.30482, 30.59471], [-99.30481, 30.59474], [-99.30474, 30.59494], [-99.30471, 30.59504], [-99.30469, 30.5951], [-99.30468, 30.59517], [-99.30468, 30.59526], [-99.30467, 30.59528], [-99.30467, 30.59537], [-99.30469, 30.59561], [-99.3047, 30.59573], [-99.30475, 30.59603], [-99.30477, 30.59621], [-99.3048, 30.59642], [-99.30486, 30.5969], [-99.30489, 30.5971], [-99.30491, 30.59728], [-99.30494, 30.59756], [-99.30497, 30.59785], [-99.30501, 30.59811], [-99.30507, 30.59848], [-99.30508, 30.59853], [-99.30511, 30.59871], [-99.30515, 30.59888], [-99.30515, 30.59889], [-99.30517, 30.59905], [-99.30518, 30.59906], [-99.30519, 30.59918], [-99.30519, 30.59928], [-99.30519, 30.59935], [-99.30518, 30.59945], [-99.30515, 30.59955], [-99.30511, 30.59967], [-99.30507, 30.59977], [-99.30507, 30.59978], [-99.30498, 30.59992], [-99.30498, 30.59993], [-99.30493, 30.60001], [-99.30488, 30.60008], [-99.30486, 30.6001], [-99.30476, 30.60022], [-99.30462, 30.60037], [-99.30448, 30.60051], [-99.30443, 30.60056], [-99.3042, 30.60078], [-99.30404, 30.60093], [-99.30401, 30.60096], [-99.30386, 30.60109], [-99.30378, 30.60114], [-99.3037, 30.6012], [-99.30364, 30.60125], [-99.30353, 30.60132], [-99.3034, 30.6014], [-99.30303, 30.6016], [-99.30261, 30.60182], [-99.30248, 30.60189], [-99.30221, 30.60203], [-99.30195, 30.60218], [-99.30188, 30.60222], [-99.30161, 30.60238], [-99.3016, 30.60239], [-99.3015, 30.60246], [-99.3014, 30.60253], [-99.30113, 30.60273], [-99.30089, 30.60291], [-99.30043, 30.60322], [-99.30031, 30.60329], [-99.30015, 30.6034], [-99.30009, 30.60344], [-99.29989, 30.60357], [-99.29965, 30.60373], [-99.2994, 30.60392], [-99.29879, 30.6044], [-99.29859, 30.60455], [-99.29833, 30.60475], [-99.29827, 30.60479], [-99.29811, 30.60491], [-99.29801, 30.605], [-99.29791, 30.60508], [-99.29785, 30.60514], [-99.29777, 30.60522], [-99.29768, 30.60532], [-99.29762, 30.60539], [-99.29757, 30.60545], [-99.29747, 30.60556], [-99.29745, 30.6056], [-99.29733, 30.60575], [-99.29732, 30.60576], [-99.29721, 30.60589], [-99.29709, 30.60604], [-99.29702, 30.60613], [-99.29698, 30.60619], [-99.29686, 30.60634], [-99.29678, 30.60644], [-99.29654, 30.60674], [-99.29651, 30.60679], [-99.29642, 30.60689], [-99.29627, 30.60705], [-99.29617, 30.60716], [-99.29601, 30.60731], [-99.2959, 30.60741], [-99.29582, 30.60746], [-99.29572, 30.60754], [-99.29566, 30.60758], [-99.29559, 30.60763], [-99.29548, 30.6077], [-99.29536, 30.60777], [-99.29529, 30.6078], [-99.29514, 30.60785], [-99.29498, 30.60789], [-99.29481, 30.60792], [-99.29461, 30.60794], [-99.29444, 30.60795], [-99.29431, 30.60795], [-99.29415, 30.60793], [-99.29407, 30.60792], [-99.29391, 30.6079], [-99.29377, 30.60787], [-99.29369, 30.60785], [-99.29362, 30.60782], [-99.29355, 30.6078], [-99.2935, 30.60777], [-99.29344, 30.60773], [-99.29335, 30.60767], [-99.29328, 30.60762], [-99.29319, 30.60754], [-99.29315, 30.60752], [-99.29312, 30.60751], [-99.2931, 30.6075], [-99.29306, 30.6075], [-99.29303, 30.6075], [-99.293, 30.6075], [-99.29294, 30.60752], [-99.29287, 30.60755], [-99.29281, 30.60759], [-99.29267, 30.60769], [-99.29264, 30.60771], [-99.29252, 30.60779], [-99.29236, 30.6079], [-99.29221, 30.608], [-99.29217, 30.60803], [-99.29212, 30.60807], [-99.29209, 30.60811], [-99.29205, 30.60815], [-99.292, 30.60826], [-99.29193, 30.60838], [-99.2919, 30.60843], [-99.29186, 30.60848], [-99.29179, 30.60857], [-99.29177, 30.6086], [-99.29169, 30.60869], [-99.29167, 30.60872], [-99.29158, 30.60881], [-99.2915, 30.60889], [-99.29132, 30.60904], [-99.29124, 30.60911], [-99.29108, 30.60926], [-99.29097, 30.60935], [-99.29087, 30.60945], [-99.29072, 30.60956], [-99.29051, 30.60971], [-99.29037, 30.60983], [-99.2903, 30.60987], [-99.29025, 30.60992], [-99.29024, 30.60993], [-99.29007, 30.6101], [-99.28989, 30.61029], [-99.28959, 30.61062], [-99.28945, 30.61077], [-99.28928, 30.61094], [-99.289, 30.61124], [-99.28888, 30.61135], [-99.28864, 30.61155], [-99.28858, 30.61159], [-99.28855, 30.6116], [-99.2885, 30.61163], [-99.28844, 30.61165], [-99.28839, 30.61167], [-99.28838, 30.61167], [-99.28829, 30.61169], [-99.28804, 30.61175], [-99.28778, 30.61182], [-99.28747, 30.61189], [-99.28738, 30.61191], [-99.28688, 30.61203], [-99.28658, 30.6121], [-99.28653, 30.61211], [-99.28638, 30.61215], [-99.28635, 30.61216], [-99.28597, 30.61225], [-99.28575, 30.61231], [-99.28557, 30.61236], [-99.28554, 30.61237], [-99.28548, 30.61239], [-99.28544, 30.61241], [-99.28538, 30.61244], [-99.28533, 30.61248], [-99.28528, 30.61252], [-99.28519, 30.61261], [-99.28511, 30.61272], [-99.28501, 30.61286], [-99.28498, 30.61291], [-99.28487, 30.61307], [-99.28479, 30.61317], [-99.28474, 30.61323], [-99.28451, 30.61351], [-99.2843, 30.61375], [-99.28416, 30.61392], [-99.28376, 30.61437], [-99.28367, 30.61447], [-99.28347, 30.61469], [-99.28316, 30.61505], [-99.28285, 30.6154], [-99.28253, 30.61576], [-99.28245, 30.61586], [-99.28229, 30.61606], [-99.28224, 30.61614], [-99.2822, 30.6162], [-99.28214, 30.61632], [-99.28208, 30.61646], [-99.28205, 30.61655], [-99.28201, 30.61667], [-99.28197, 30.61677], [-99.28191, 30.61691], [-99.28183, 30.61709], [-99.28176, 30.61722], [-99.28166, 30.61742], [-99.28159, 30.61755], [-99.28147, 30.61776], [-99.28128, 30.6181], [-99.28123, 30.6182], [-99.2812, 30.61825], [-99.28111, 30.61839], [-99.28103, 30.61849], [-99.28088, 30.61866], [-99.28071, 30.61886], [-99.28065, 30.61894], [-99.28061, 30.619], [-99.28058, 30.61906], [-99.28056, 30.61911], [-99.28047, 30.61931], [-99.28033, 30.61961], [-99.28031, 30.61965], [-99.28023, 30.6198], [-99.28016, 30.61994], [-99.28014, 30.61998], [-99.2801, 30.62005], [-99.28005, 30.62011], [-99.28, 30.62016], [-99.27992, 30.62022], [-99.27988, 30.62026], [-99.27973, 30.62039], [-99.27942, 30.62063], [-99.27928, 30.62075], [-99.27896, 30.62099], [-99.2789, 30.62104], [-99.27851, 30.62136], [-99.2785, 30.62136], [-99.27792, 30.62182], [-99.2776, 30.62208], [-99.27746, 30.62219], [-99.27705, 30.62251], [-99.27675, 30.62276], [-99.27654, 30.62292], [-99.27623, 30.62317], [-99.27606, 30.62331], [-99.2757, 30.62359], [-99.27549, 30.62376], [-99.27547, 30.62378], [-99.27536, 30.62387], [-99.27531, 30.6239], [-99.27497, 30.62416], [-99.27469, 30.62437], [-99.27453, 30.6245], [-99.27439, 30.62461], [-99.27438, 30.62462], [-99.27422, 30.62475], [-99.27413, 30.62483], [-99.27406, 30.62489], [-99.27395, 30.62501], [-99.27388, 30.62508], [-99.27377, 30.62519], [-99.27368, 30.62527], [-99.27367, 30.62528], [-99.27358, 30.62535], [-99.27351, 30.6254], [-99.27342, 30.62546], [-99.27334, 30.62551], [-99.27333, 30.62551], [-99.27327, 30.62554], [-99.2732, 30.62556], [-99.27315, 30.62557], [-99.27314, 30.62558], [-99.27308, 30.62558], [-99.27304, 30.62558], [-99.27298, 30.62558], [-99.27294, 30.62558], [-99.27282, 30.62557], [-99.2723, 30.62553], [-99.27197, 30.62551], [-99.2719, 30.62551], [-99.27162, 30.62549], [-99.27148, 30.62549], [-99.27129, 30.62549], [-99.27128, 30.62549], [-99.27105, 30.62549], [-99.27072, 30.62551], [-99.2703, 30.62555], [-99.27003, 30.62558], [-99.26996, 30.62558], [-99.26953, 30.62561], [-99.26919, 30.62563], [-99.26916, 30.62563], [-99.26898, 30.62565], [-99.26878, 30.62567], [-99.26874, 30.62567], [-99.26857, 30.62569], [-99.2684, 30.62571], [-99.26808, 30.62574], [-99.26797, 30.62575], [-99.26784, 30.62577], [-99.26774, 30.62579], [-99.26759, 30.62583], [-99.26754, 30.62584], [-99.2674, 30.62587], [-99.26734, 30.62589], [-99.26704, 30.62597], [-99.26641, 30.62614], [-99.26634, 30.62615], [-99.266, 30.62624], [-99.26582, 30.62628], [-99.26578, 30.62629], [-99.26573, 30.6263], [-99.26569, 30.6263], [-99.2656, 30.62631], [-99.26552, 30.6263], [-99.26544, 30.6263], [-99.26528, 30.62628], [-99.26511, 30.62625], [-99.26495, 30.62622], [-99.26474, 30.62618], [-99.26456, 30.62614], [-99.26436, 30.62609], [-99.26431, 30.62608], [-99.26406, 30.62601], [-99.26393, 30.62598], [-99.26383, 30.62597], [-99.26369, 30.62597], [-99.26358, 30.62599], [-99.2635, 30.62602], [-99.26348, 30.62603], [-99.26339, 30.62607], [-99.26332, 30.62612], [-99.26329, 30.62614], [-99.26322, 30.62618], [-99.26314, 30.62626], [-99.26307, 30.62633], [-99.26298, 30.62645], [-99.26285, 30.62663], [-99.26281, 30.62668], [-99.26274, 30.62679], [-99.2627, 30.62683], [-99.26261, 30.62694], [-99.26247, 30.62712], [-99.26247, 30.62713], [-99.26224, 30.62744], [-99.26215, 30.62756], [-99.26197, 30.6278], [-99.26183, 30.62799], [-99.2618, 30.62805], [-99.26157, 30.62839], [-99.26149, 30.62852], [-99.26143, 30.62861], [-99.26129, 30.62883], [-99.26119, 30.62899], [-99.26118, 30.62902], [-99.2611, 30.62915], [-99.26108, 30.62919], [-99.26103, 30.62931], [-99.26102, 30.62932], [-99.26099, 30.62938], [-99.26095, 30.62945], [-99.26093, 30.62948], [-99.26089, 30.62954], [-99.2608, 30.62968], [-99.26072, 30.62979], [-99.26071, 30.62979], [-99.26065, 30.62989], [-99.26062, 30.62995], [-99.26062, 30.62996], [-99.2606, 30.63003], [-99.26058, 30.6301], [-99.26058, 30.63013], [-99.26055, 30.63023], [-99.26053, 30.6303], [-99.2605, 30.63043], [-99.26049, 30.63048], [-99.26044, 30.63065], [-99.26044, 30.63066], [-99.2604, 30.63077], [-99.26037, 30.6309], [-99.26035, 30.63096], [-99.26035, 30.631], [-99.26034, 30.63105], [-99.26034, 30.63118], [-99.26034, 30.63125], [-99.26033, 30.63136], [-99.26033, 30.63144], [-99.26033, 30.63154], [-99.26033, 30.63165], [-99.26032, 30.63172], [-99.26031, 30.6319], [-99.26031, 30.63196], [-99.2603, 30.63207], [-99.2603, 30.63208], [-99.2603, 30.63226], [-99.26029, 30.63244], [-99.26029, 30.63245], [-99.26028, 30.63273], [-99.26028, 30.6328], [-99.26029, 30.63296], [-99.26029, 30.63298], [-99.26029, 30.63318], [-99.2603, 30.63352], [-99.2603, 30.6337], [-99.2603, 30.63382], [-99.2603, 30.63388], [-99.26031, 30.63406], [-99.26031, 30.63416], [-99.26031, 30.63424], [-99.2603, 30.6344], [-99.2603, 30.63442], [-99.26029, 30.63453], [-99.26028, 30.6346], [-99.26028, 30.63464], [-99.26025, 30.63479], [-99.26022, 30.63486], [-99.26018, 30.63495], [-99.26017, 30.63498], [-99.26009, 30.63512], [-99.25987, 30.63546], [-99.2598, 30.63559], [-99.25972, 30.63573], [-99.25963, 30.63591], [-99.25955, 30.63608], [-99.25948, 30.63623], [-99.2594, 30.6364], [-99.2593, 30.63663], [-99.25923, 30.63683], [-99.25916, 30.63699], [-99.25913, 30.63707], [-99.25912, 30.63709], [-99.25907, 30.6372], [-99.25901, 30.63735], [-99.25896, 30.63744], [-99.25889, 30.6376], [-99.25885, 30.6377], [-99.25876, 30.63787], [-99.25874, 30.63793], [-99.25867, 30.63808], [-99.25861, 30.6382], [-99.25858, 30.63826], [-99.25856, 30.6383], [-99.25853, 30.63838], [-99.25852, 30.63842], [-99.25847, 30.63853], [-99.25845, 30.6386], [-99.25842, 30.63866], [-99.25842, 30.63868], [-99.25837, 30.63878], [-99.25826, 30.63901], [-99.25817, 30.63918], [-99.2581, 30.63931], [-99.25809, 30.63932], [-99.25802, 30.63945], [-99.25797, 30.63953], [-99.25792, 30.63962], [-99.2578, 30.6398], [-99.25779, 30.63982], [-99.25763, 30.64005], [-99.25751, 30.64023], [-99.25748, 30.64026], [-99.25734, 30.64048], [-99.25705, 30.64091], [-99.25701, 30.64098], [-99.25693, 30.64109], [-99.25683, 30.64125], [-99.25681, 30.64129], [-99.25675, 30.64138], [-99.2567, 30.64145], [-99.25667, 30.64149], [-99.2566, 30.64159], [-99.2566, 30.6416], [-99.25645, 30.64183], [-99.25633, 30.642], [-99.25629, 30.64207], [-99.25622, 30.64218], [-99.25613, 30.64232], [-99.2561, 30.64239], [-99.25607, 30.64243], [-99.256, 30.64255], [-99.25599, 30.64257], [-99.25587, 30.64278], [-99.25581, 30.64287], [-99.25576, 30.64295], [-99.2557, 30.64303], [-99.25565, 30.64309], [-99.25557, 30.64318], [-99.25548, 30.64328], [-99.25544, 30.64331], [-99.25538, 30.64337], [-99.2553, 30.64344], [-99.25529, 30.64344], [-99.25516, 30.64354], [-99.25514, 30.64356], [-99.25507, 30.64361], [-99.25499, 30.64367], [-99.2549, 30.64374], [-99.2548, 30.64381], [-99.25469, 30.64388], [-99.25466, 30.6439], [-99.25456, 30.64396], [-99.25431, 30.6441], [-99.2542, 30.64416], [-99.25402, 30.64426], [-99.25392, 30.64433], [-99.25379, 30.64442], [-99.25374, 30.64446], [-99.25357, 30.64459], [-99.25348, 30.64467], [-99.2534, 30.64474], [-99.25333, 30.64479], [-99.25328, 30.64484], [-99.25323, 30.64487], [-99.25318, 30.64491], [-99.25316, 30.64492], [-99.25307, 30.64497], [-99.253, 30.64501], [-99.25294, 30.64503], [-99.25284, 30.64508], [-99.25282, 30.64509], [-99.2526, 30.64519], [-99.25247, 30.64526], [-99.25245, 30.64527], [-99.25227, 30.64536], [-99.25209, 30.64545], [-99.25198, 30.64551], [-99.25192, 30.64554], [-99.25191, 30.64554], [-99.25186, 30.64556], [-99.2518, 30.64557], [-99.25175, 30.64559], [-99.25168, 30.6456], [-99.25162, 30.64561], [-99.2516, 30.64561], [-99.25148, 30.64562], [-99.25141, 30.64562], [-99.25131, 30.64563], [-99.25108, 30.64564], [-99.25078, 30.64565], [-99.25071, 30.64565], [-99.25057, 30.64566], [-99.2504, 30.64567], [-99.25011, 30.64569], [-99.24995, 30.6457], [-99.24993, 30.6457], [-99.24986, 30.64571], [-99.24977, 30.64571], [-99.24974, 30.64571], [-99.24967, 30.6457], [-99.24955, 30.64569], [-99.24938, 30.64567], [-99.24922, 30.64565], [-99.24912, 30.64564], [-99.2491, 30.64564], [-99.24896, 30.64563], [-99.24891, 30.64562], [-99.2487, 30.64561], [-99.24863, 30.6456], [-99.24835, 30.64559], [-99.24828, 30.64558], [-99.24814, 30.64557], [-99.24808, 30.64557], [-99.24793, 30.64557], [-99.2478, 30.64556], [-99.24779, 30.64556], [-99.24767, 30.64555], [-99.24759, 30.64555], [-99.2475, 30.64554], [-99.24717, 30.64552], [-99.24696, 30.64551], [-99.24677, 30.64551], [-99.24672, 30.64552], [-99.24669, 30.64554], [-99.24667, 30.64555], [-99.24664, 30.64557], [-99.24662, 30.64559], [-99.246613, 30.645596], [-99.24652, 30.64568], [-99.24652, 30.64568], [-99.24663, 30.64577], [-99.24678, 30.64591], [-99.24689, 30.64601], [-99.24695, 30.64606], [-99.24697, 30.64608], [-99.24706, 30.64616], [-99.24712, 30.6462], [-99.24743, 30.64644]]}, "properties": {"surface": "two_track", "label": "Ranch two-track", "color": "#6B5A45", "miles": 13.72, "start_mi": 17.24, "end_mi": 30.96, "road": "James River Road", "elev_ft": [1766, 1766, 1767, 1767, 1767, 1767, 1767, 1767, 1767, 1766, 1766, 1766, 1768, 1769, 1784, 1784, 1785, 1787, 1788, 1790, 1790, 1794, 1796, 1798, 1801, 1802, 1803, 1805, 1806, 1806, 1806, 1807, 1807, 1807, 1807, 1807, 1807, 1807, 1807, 1807, 1806, 1806, 1805, 1805, 1805, 1804, 1804, 1803, 1802, 1801, 1800, 1799, 1797, 1795, 1791, 1789, 1787, 1784, 1784, 1783, 1783, 1784, 1785, 1786, 1787, 1787, 1788, 1789, 1789, 1788, 1788, 1788, 1788, 1788, 1789, 1789, 1790, 1790, 1791, 1792, 1792, 1793, 1794, 1794, 1795, 1795, 1795, 1795, 1795, 1795, 1795, 1795, 1795, 1795, 1794, 1795, 1794, 1794, 1793, 1792, 1791, 1790, 1790, 1789, 1789, 1788, 1788, 1787, 1785, 1785, 1785, 1784, 1783, 1783, 1782, 1782, 1781, 1781, 1780, 1778, 1772, 1768, 1766, 1762, 1758, 1758, 1756, 1754, 1753, 1751, 1749, 1749, 1749, 1749, 1749, 1751, 1756, 1759, 1759, 1762, 1763, 1763, 1763, 1763, 1763, 1763, 1762, 1762, 1760, 1759, 1757, 1757, 1755, 1748, 1746, 1745, 1744, 1744, 1743, 1739, 1733, 1731, 1731, 1728, 1727, 1725, 1720, 1717, 1713, 1709, 1706, 1702, 1699, 1696, 1695, 1685, 1681, 1673, 1669, 1668, 1665, 1660, 1649, 1648, 1645, 1642, 1634, 1620, 1616, 1614, 1614, 1614, 1615, 1615, 1615, 1615, 1615, 1616, 1616, 1616, 1616, 1616, 1616, 1615, 1614, 1614, 1612, 1612, 1612, 1612, 1612, 1612, 1611, 1611, 1610, 1610, 1609, 1608, 1607, 1606, 1605, 1603, 1599, 1600, 1602, 1604, 1604, 1604, 1604, 1604, 1604, 1604, 1604, 1604, 1603, 1603, 1602, 1602, 1602, 1602, 1601, 1600, 1599, 1597, 1596, 1594, 1592, 1588, 1586, 1582, 1579, 1577, 1574, 1571, 1569, 1568, 1566, 1565, 1565, 1564, 1564, 1564, 1565, 1565, 1565, 1566, 1566, 1566, 1566, 1566, 1566, 1566, 1566, 1566, 1566, 1566, 1566, 1566, 1566, 1566, 1566, 1566, 1565, 1565, 1564, 1564, 1564, 1563, 1563, 1563, 1563, 1563, 1563, 1563, 1563, 1563, 1563, 1563, 1563, 1563, 1563, 1563, 1563, 1563, 1563, 1563, 1563, 1563, 1563, 1562, 1562, 1562, 1562, 1562, 1561, 1560, 1562, 1563, 1563, 1563, 1563, 1561, 1560, 1559, 1559, 1559, 1558, 1558, 1558, 1558, 1558, 1558, 1558, 1559, 1560, 1561, 1563, 1566, 1568, 1568, 1570, 1571, 1570, 1568, 1567, 1566, 1566, 1566, 1566, 1567, 1566, 1562, 1561, 1560, 1559, 1559, 1559, 1559, 1559, 1559, 1558, 1558, 1558, 1558, 1558, 1558, 1558, 1557, 1558, 1558, 1559, 1561, 1561, 1564, 1566, 1567, 1570, 1572, 1575, 1582, 1583, 1589, 1595, 1599, 1606, 1611, 1613, 1615, 1620, 1620, 1623, 1626, 1627, 1628, 1630, 1631, 1632, 1632, 1632, 1632, 1632, 1633, 1632, 1632, 1631, 1631, 1630, 1629, 1627, 1627, 1626, 1625, 1624, 1624, 1623, 1623, 1622, 1620, 1620, 1617, 1613, 1606, 1600, 1591, 1580, 1575, 1572, 1564, 1562, 1558, 1558, 1557, 1555, 1553, 1550, 1545, 1543, 1540, 1539, 1538, 1538, 1536, 1534, 1533, 1532, 1530, 1526, 1525, 1521, 1520, 1518, 1517, 1514, 1510, 1507, 1505, 1504, 1503, 1503, 1502, 1502, 1502, 1501, 1500, 1499, 1498, 1498, 1497, 1495, 1494, 1490, 1490, 1490, 1490, 1490, 1490, 1490, 1490, 1490, 1490, 1490, 1490, 1490, 1490, 1490, 1490, 1493, 1496, 1498, 1500, 1505, 1508, 1512, 1515, 1518, 1519, 1521, 1522, 1523, 1523, 1524, 1525, 1526, 1528, 1528, 1530, 1532, 1535, 1537, 1537, 1538, 1538, 1539, 1544, 1542, 1542, 1539, 1538, 1537, 1536, 1536, 1536, 1535, 1535, 1534, 1533, 1531, 1527, 1524, 1521, 1520, 1519, 1519, 1519, 1518, 1515, 1511, 1507, 1506, 1505, 1505, 1504, 1504, 1503, 1503, 1502, 1500, 1500, 1496, 1494, 1493, 1492, 1491, 1490, 1489, 1487, 1487, 1484, 1482, 1481, 1480, 1479, 1478, 1478, 1477, 1477, 1476, 1472, 1471, 1469, 1469, 1469, 1469, 1469, 1475, 1477, 1477, 1477, 1477, 1478, 1477, 1477, 1475, 1475, 1476, 1477, 1478, 1480, 1487, 1487, 1489, 1489, 1489, 1491, 1493, 1495, 1496, 1497, 1497, 1497, 1497, 1497, 1497, 1497, 1497, 1497, 1498, 1497, 1496, 1495, 1495, 1495, 1495, 1494, 1494, 1493, 1493, 1493, 1493, 1493, 1493, 1493, 1493, 1493, 1492, 1491, 1491, 1490, 1489, 1488, 1487, 1485, 1478, 1469, 1468, 1469, 1470, 1474, 1475, 1476, 1476, 1477, 1477, 1478, 1479, 1481, 1484, 1490, 1492, 1495, 1495, 1495, 1499, 1503, 1503, 1504, 1505, 1506, 1506, 1507, 1506, 1504, 1504, 1504, 1505, 1506, 1506, 1505, 1504, 1503, 1505, 1510, 1510, 1509, 1507, 1507, 1505, 1505, 1504, 1504, 1503, 1493, 1492, 1490, 1490, 1490, 1490, 1490, 1490, 1490, 1490, 1490, 1490, 1487, 1488, 1488, 1489, 1490, 1491, 1491, 1491, 1491, 1492, 1492, 1492, 1493, 1493, 1490, 1485, 1478, 1479, 1479, 1480, 1482, 1481, 1478, 1475, 1473, 1472, 1470, 1469, 1464, 1464, 1466, 1468, 1469, 1471, 1474, 1475, 1477, 1480, 1483, 1485, 1486, 1487, 1488, 1488, 1489, 1490, 1489, 1489, 1486, 1483, 1481, 1482, 1484, 1486, 1490, 1495, 1495, 1496, 1496, 1496, 1496, 1496, 1496, 1497, 1496, 1496, 1495, 1495, 1495, 1496, 1496, 1497, 1497, 1495, 1494, 1493, 1492, 1492, 1490, 1490, 1487, 1485, 1484, 1482, 1481, 1481, 1481, 1484, 1485, 1489, 1491, 1492, 1494, 1495, 1496, 1497, 1497, 1498, 1503, 1504, 1505, 1506, 1506, 1506, 1506, 1506, 1507, 1507, 1508, 1509, 1509, 1508, 1508, 1508, 1508, 1508, 1507, 1507, 1507, 1508, 1510, 1510, 1510, 1510, 1509, 1508, 1507, 1506, 1505, 1504, 1503, 1500, 1498, 1498, 1497, 1496, 1496, 1496, 1496, 1495, 1495, 1499, 1502, 1504, 1504, 1503, 1503, 1503, 1503, 1503, 1506, 1502, 1498, 1497, 1494, 1490, 1486, 1482, 1479, 1478, 1477, 1476, 1473, 1473, 1469, 1469, 1465, 1461, 1460, 1459, 1463, 1465, 1472, 1472, 1472, 1472, 1470, 1468, 1467, 1467, 1467, 1468, 1469, 1471, 1472, 1472, 1471, 1469, 1469, 1469, 1469, 1469, 1469, 1469, 1469, 1470, 1470, 1470, 1470, 1470, 1470, 1470, 1469, 1468, 1467, 1467, 1466, 1465, 1465, 1464, 1462, 1459, 1455, 1457, 1458, 1461, 1461, 1461, 1461, 1462, 1463, 1463, 1463, 1464, 1465, 1465, 1466, 1465, 1464, 1463, 1462, 1462, 1462, 1462, 1464, 1465, 1466, 1467, 1469, 1469, 1469, 1469, 1469, 1469, 1469, 1467, 1466, 1466, 1469, 1472, 1476, 1477, 1478, 1478, 1479, 1481, 1481, 1483, 1491, 1500, 1505, 1505, 1510, 1514, 1515, 1516, 1517, 1516, 1514, 1512, 1512, 1511, 1511, 1510, 1510, 1509, 1506, 1503, 1500, 1499, 1498, 1497, 1497, 1493, 1489, 1485, 1478, 1478, 1477, 1473, 1470, 1459, 1458, 1457, 1457, 1457, 1456, 1456, 1455, 1453, 1451, 1450, 1448, 1447, 1446, 1445, 1444, 1444, 1444, 1445, 1444, 1443, 1439, 1438, 1438, 1438, 1437, 1437, 1435, 1432, 1432, 1430, 1430, 1429, 1429, 1428, 1428, 1427, 1427, 1426, 1424, 1423, 1419, 1419, 1416, 1415, 1412, 1408, 1407, 1404, 1404, 1404, 1404, 1404, 1399, 1396, 1395, 1394, 1393, 1391, 1391, 1392, 1391, 1391, 1390, 1389, 1388, 1387, 1385, 1384, 1381, 1381, 1379, 1379, 1379, 1379, 1380, 1380, 1380, 1380, 1380, 1380, 1380, 1381, 1381, 1382, 1386, 1388, 1388, 1390, 1391, 1391, 1391, 1392, 1394, 1395, 1395, 1395, 1394, 1394, 1394, 1395, 1398, 1398, 1401, 1403, 1407, 1408, 1410, 1412, 1414, 1415, 1416, 1416, 1416, 1411, 1411, 1412, 1413, 1413, 1413, 1413, 1413, 1413, 1413, 1412, 1412, 1412, 1411, 1411, 1410, 1410, 1409, 1409, 1408, 1407, 1406, 1406, 1406, 1405, 1403, 1404, 1405, 1406, 1407, 1408, 1408, 1409, 1410, 1411, 1412, 1415, 1415, 1421, 1424, 1428, 1431, 1431, 1429, 1429, 1431, 1433, 1434, 1434, 1434, 1433, 1432, 1431, 1430, 1428, 1427, 1424, 1418, 1415, 1415, 1413, 1411, 1411, 1410, 1410, 1411, 1412, 1412, 1411, 1410, 1405, 1405, 1402, 1399, 1399, 1399, 1400, 1403, 1404, 1406, 1408, 1409, 1410, 1411, 1412, 1411, 1410, 1410, 1405, 1398, 1398, 1393, 1392, 1388, 1388, 1386, 1386, 1385, 1384, 1383, 1377, 1371, 1367, 1361, 1360, 1359, 1361, 1362, 1364, 1364, 1364, 1364, 1365, 1370, 1370, 1370, 1370, 1369, 1370, 1370, 1369, 1366, 1363, 1362, 1361, 1362, 1364, 1365, 1366, 1366, 1366, 1366, 1365, 1364, 1363, 1362, 1360, 1359, 1357, 1356, 1356, 1356, 1356, 1356, 1355, 1355, 1355, 1355, 1355, 1354, 1354, 1354, 1351, 1344, 1343, 1342, 1351, 1353, 1355, 1355, 1355, 1355, 1355, 1355, 1355, 1355, 1355, 1356, 1356, 1356, 1356, 1356, 1356, 1356, 1356, 1355, 1355, 1355, 1355, 1355, 1355, 1355, 1355, 1355, 1355, 1355, 1357, 1357, 1359, 1361, 1364, 1367, 1372, 1373, 1378, 1383, 1384, 1390, 1394, 1396, 1397, 1404, 1408, 1410, 1411, 1411, 1411, 1411, 1411, 1410, 1408, 1407, 1406, 1406, 1407, 1407, 1407, 1411, 1414, 1414, 1413, 1413, 1413, 1412, 1411, 1410, 1410, 1409, 1408, 1408, 1407, 1405, 1395, 1392, 1391, 1393, 1397, 1399, 1399, 1399, 1400, 1400, 1400, 1398, 1396, 1395, 1394, 1394, 1393, 1393, 1390, 1390, 1385, 1385, 1382, 1381, 1379, 1376, 1376, 1372, 1370, 1367, 1360, 1357, 1359, 1359, 1360, 1360, 1360, 1361, 1361, 1361, 1361, 1359, 1354, 1352, 1351, 1351, 1350, 1349, 1346]}}, {"type": "Feature", "geometry": {"type": "LineString", "coordinates": [[-99.24797, 30.64688], [-99.24812, 30.64699], [-99.24826, 30.64714], [-99.24841, 30.64731], [-99.2488, 30.64776], [-99.24891, 30.64788], [-99.24904, 30.64803], [-99.24905, 30.64804], [-99.24913, 30.64814], [-99.24915, 30.64816], [-99.24916, 30.64818], [-99.24923, 30.64827], [-99.24927, 30.64832], [-99.24939, 30.64847], [-99.24963, 30.64877], [-99.24975, 30.64892], [-99.24987, 30.64907], [-99.24998, 30.64922], [-99.25009, 30.64937], [-99.25039, 30.64977], [-99.25055, 30.64997], [-99.25063, 30.65007], [-99.25067, 30.65012], [-99.25069, 30.65014], [-99.25074, 30.65021], [-99.25078, 30.65027], [-99.2509, 30.65042], [-99.25094, 30.65048], [-99.251, 30.65058], [-99.2511, 30.65078], [-99.25116, 30.65091], [-99.2512, 30.65102], [-99.25126, 30.65121], [-99.25127, 30.65126], [-99.25132, 30.65151], [-99.25133, 30.65161], [-99.25134, 30.65176], [-99.25134, 30.65179], [-99.25134, 30.65197], [-99.251346, 30.651995], [-99.25135, 30.65201], [-99.25134, 30.65216], [-99.25132, 30.65242], [-99.25131, 30.65245], [-99.25129, 30.65251], [-99.25126, 30.65263], [-99.25126, 30.65264], [-99.25121, 30.65281], [-99.25119, 30.65289], [-99.25116, 30.65297], [-99.25115, 30.65299], [-99.25114, 30.65302], [-99.25108, 30.65316], [-99.25106, 30.6532], [-99.251, 30.65331], [-99.25098, 30.65334], [-99.25098, 30.65334], [-99.2507, 30.6538], [-99.25051, 30.65409], [-99.25041, 30.65426], [-99.25021, 30.65459], [-99.25006, 30.65483], [-99.24976, 30.65531], [-99.24972, 30.65538], [-99.24966, 30.65547], [-99.24958, 30.6556], [-99.24956, 30.65562], [-99.24944, 30.65586], [-99.24939, 30.65595], [-99.2493, 30.65611], [-99.24927, 30.65618], [-99.24926, 30.6562], [-99.24918, 30.65637], [-99.24915, 30.65645], [-99.24914, 30.6565], [-99.24913, 30.65652], [-99.24909, 30.65662], [-99.24895, 30.65696], [-99.24882, 30.6573], [-99.24865, 30.65769], [-99.24854, 30.65798], [-99.24848, 30.65815], [-99.24842, 30.65832], [-99.2483, 30.65865], [-99.24829, 30.65867], [-99.24824, 30.65884], [-99.2482, 30.65895], [-99.2481, 30.65918], [-99.248, 30.65938], [-99.24787, 30.65972], [-99.2477, 30.6602], [-99.24751, 30.66072], [-99.24739, 30.66106], [-99.24733, 30.66122], [-99.24733, 30.66123], [-99.24727, 30.66144], [-99.24724, 30.66159], [-99.24718, 30.66181], [-99.24714, 30.66203], [-99.24712, 30.66211], [-99.24712, 30.66214], [-99.24709, 30.66229], [-99.24707, 30.66247], [-99.24706, 30.66254], [-99.24704, 30.66265], [-99.24704, 30.66269], [-99.24703, 30.66283], [-99.24702, 30.66293], [-99.24696, 30.66474], [-99.24695, 30.6651], [-99.24695, 30.66528], [-99.24695, 30.66534], [-99.24695, 30.66564], [-99.24695, 30.66567], [-99.24694, 30.66582], [-99.24694, 30.66598], [-99.24693, 30.66625], [-99.24691, 30.66643], [-99.24689, 30.66657], [-99.24686, 30.66673], [-99.24682, 30.66685], [-99.24678, 30.66694], [-99.24666, 30.6672], [-99.24665, 30.66722], [-99.24654, 30.66741], [-99.24638, 30.66761], [-99.24624, 30.66776], [-99.24602, 30.66799], [-99.24601, 30.668], [-99.24581, 30.66817], [-99.24576, 30.66821], [-99.24559, 30.66833], [-99.24542, 30.66844], [-99.24525, 30.66854], [-99.24514, 30.6686], [-99.24494, 30.66871], [-99.24443, 30.66897], [-99.24422, 30.66908], [-99.24404, 30.66919], [-99.24373, 30.66941], [-99.24352, 30.66958], [-99.24338, 30.66972], [-99.24321, 30.66991], [-99.24298, 30.67021], [-99.2429, 30.67035], [-99.24289, 30.67037], [-99.24281, 30.67052], [-99.2428, 30.67054], [-99.24272, 30.67074], [-99.24266, 30.67093], [-99.24263, 30.67103], [-99.24257, 30.67137], [-99.24254, 30.67156], [-99.24251, 30.67174], [-99.24249, 30.67192], [-99.24246, 30.6721], [-99.24244, 30.67228], [-99.24242, 30.67246], [-99.24235, 30.67291], [-99.24234, 30.67299], [-99.24229, 30.67335], [-99.24227, 30.67353], [-99.24225, 30.67364], [-99.24222, 30.67386], [-99.24222, 30.67389], [-99.2422, 30.674], [-99.24211, 30.67475], [-99.24211, 30.67486], [-99.24211, 30.67493], [-99.24211, 30.67496], [-99.2421, 30.67498], [-99.2421, 30.67503]]}, "properties": {"surface": "pavement", "label": "Pavement", "color": "#4A5568", "miles": 2.16, "start_mi": 30.96, "end_mi": 33.12, "road": "Ranch to Market Road 2389", "elev_ft": [1346, 1345, 1344, 1341, 1327, 1323, 1322, 1322, 1322, 1322, 1322, 1321, 1321, 1321, 1320, 1320, 1321, 1321, 1320, 1319, 1317, 1315, 1315, 1315, 1315, 1318, 1329, 1334, 1337, 1343, 1349, 1354, 1357, 1359, 1367, 1372, 1378, 1378, 1382, 1382, 1383, 1385, 1389, 1389, 1390, 1392, 1392, 1396, 1398, 1400, 1400, 1401, 1402, 1403, 1404, 1404, 1404, 1410, 1413, 1416, 1421, 1425, 1440, 1443, 1443, 1443, 1443, 1450, 1453, 1456, 1456, 1456, 1457, 1457, 1457, 1457, 1456, 1448, 1443, 1431, 1426, 1423, 1423, 1421, 1421, 1422, 1423, 1428, 1434, 1443, 1453, 1456, 1457, 1457, 1457, 1452, 1448, 1444, 1442, 1441, 1440, 1440, 1441, 1442, 1442, 1443, 1444, 1445, 1463, 1464, 1463, 1463, 1461, 1461, 1461, 1460, 1456, 1454, 1452, 1450, 1448, 1448, 1445, 1445, 1443, 1441, 1440, 1440, 1440, 1440, 1440, 1440, 1440, 1439, 1438, 1438, 1437, 1436, 1436, 1435, 1434, 1433, 1432, 1430, 1429, 1429, 1428, 1428, 1427, 1426, 1426, 1423, 1421, 1416, 1415, 1421, 1434, 1439, 1451, 1451, 1454, 1454, 1454, 1455, 1455, 1454, 1448, 1453, 1456, 1458, 1458, 1460]}}, {"type": "Feature", "geometry": {"type": "LineString", "coordinates": [[-99.24208, 30.67513], [-99.24207, 30.6752], [-99.24207, 30.67521], [-99.24206, 30.67524], [-99.24205, 30.67528], [-99.24204, 30.67532], [-99.24203, 30.67537], [-99.24199, 30.67556], [-99.24197, 30.67564], [-99.24195, 30.67573], [-99.24194, 30.67579], [-99.24193, 30.67584], [-99.24191, 30.67589], [-99.24189, 30.67595], [-99.24185, 30.67609], [-99.24184, 30.67612], [-99.24182, 30.67617], [-99.2418, 30.67621], [-99.24177, 30.6763], [-99.24174, 30.67635], [-99.24171, 30.67643], [-99.2417, 30.67646], [-99.24168, 30.6765], [-99.24164, 30.67657], [-99.24163, 30.6766], [-99.24163, 30.67661], [-99.24162, 30.67664], [-99.2416, 30.67667], [-99.24158, 30.67671], [-99.24157, 30.67674], [-99.24155, 30.67676], [-99.24154, 30.67678], [-99.24147, 30.67689], [-99.24145, 30.67692], [-99.24143, 30.67697], [-99.24139, 30.67703], [-99.24136, 30.67708], [-99.2413, 30.67718], [-99.24125, 30.67725], [-99.24123, 30.67729], [-99.2412, 30.67733], [-99.24115, 30.6774], [-99.24108, 30.6775], [-99.24104, 30.67755], [-99.24084, 30.67786], [-99.24068, 30.6781], [-99.24063, 30.67817], [-99.2406, 30.67822], [-99.24043, 30.67849], [-99.24032, 30.67864], [-99.24016, 30.6789], [-99.24012, 30.67896], [-99.24002, 30.67911], [-99.24001, 30.67911], [-99.2399, 30.67929], [-99.23979, 30.67945], [-99.23975, 30.67954], [-99.23952, 30.67998], [-99.23949, 30.68003], [-99.2394, 30.68019], [-99.23936, 30.68027], [-99.23925, 30.68053], [-99.23923, 30.68056], [-99.23914, 30.68087], [-99.23904, 30.68103], [-99.23896, 30.68172], [-99.23895, 30.68181], [-99.23895, 30.68198], [-99.23895, 30.68199], [-99.23893, 30.68253], [-99.23893, 30.6827], [-99.23892, 30.68288], [-99.23892, 30.68289], [-99.2389, 30.68342], [-99.2389, 30.68343], [-99.23883, 30.68504], [-99.23883, 30.68511], [-99.23881, 30.68554], [-99.23879, 30.68589], [-99.23878, 30.68594], [-99.23875, 30.68606], [-99.23874, 30.68612], [-99.23868, 30.68629], [-99.2386, 30.68657], [-99.23857, 30.68664], [-99.2385, 30.6868], [-99.2385, 30.68681], [-99.23848, 30.68684], [-99.23842, 30.68697], [-99.23835, 30.68709], [-99.23833, 30.68713], [-99.23819, 30.68734], [-99.23813, 30.68743], [-99.23812, 30.68745], [-99.23801, 30.6876], [-99.23796, 30.68767], [-99.23776, 30.68786], [-99.23737, 30.68822], [-99.23731, 30.68827], [-99.23686, 30.68864], [-99.23671, 30.68877], [-99.23641, 30.68902], [-99.23627, 30.68915], [-99.23612, 30.68928], [-99.23582, 30.68953], [-99.23537, 30.68991], [-99.23522, 30.69003], [-99.23462, 30.69054], [-99.2343, 30.69081], [-99.23358, 30.69142], [-99.23343, 30.69154], [-99.23313, 30.6918], [-99.23298, 30.69192], [-99.23241, 30.6924], [-99.23239, 30.69243], [-99.23224, 30.69255], [-99.23194, 30.6928], [-99.23179, 30.69293], [-99.23164, 30.69306], [-99.23119, 30.69343], [-99.22975, 30.69465], [-99.22938, 30.69496], [-99.22907, 30.69523], [-99.22878, 30.69546], [-99.22848, 30.6957], [-99.22754, 30.69643], [-99.22744, 30.69651], [-99.22739, 30.69655], [-99.22715, 30.69674], [-99.22635, 30.69736], [-99.22574, 30.69783], [-99.22559, 30.69795], [-99.22543, 30.69807], [-99.22513, 30.69832], [-99.22469, 30.69866], [-99.22426, 30.69899], [-99.22365, 30.69944], [-99.22337, 30.69963], [-99.22331, 30.69966], [-99.22322, 30.69972], [-99.22304, 30.69982], [-99.22297, 30.69986], [-99.22281, 30.69996], [-99.22234, 30.70021], [-99.22216, 30.7003], [-99.22204, 30.70036], [-99.22198, 30.70039], [-99.2219, 30.70044], [-99.2218, 30.70049], [-99.22173, 30.70053], [-99.22155, 30.70062], [-99.2215, 30.70065], [-99.22145, 30.70068], [-99.22137, 30.70072], [-99.22056, 30.70115], [-99.22038, 30.70124], [-99.2203, 30.70128], [-99.22026, 30.70131], [-99.21995, 30.70147], [-99.21976, 30.70157], [-99.21915, 30.7019], [-99.21906, 30.70194], [-99.21888, 30.70204], [-99.21872, 30.70212], [-99.2187, 30.70213], [-99.21795, 30.70254], [-99.21772, 30.70264], [-99.21772, 30.70264], [-99.21769, 30.7022], [-99.21769, 30.70218], [-99.21767, 30.70195], [-99.21766, 30.70188], [-99.21762, 30.70164], [-99.21762, 30.70164], [-99.21761, 30.70155], [-99.21758, 30.70149], [-99.21756, 30.70142], [-99.21746, 30.70115], [-99.21744, 30.70107], [-99.21742, 30.70103], [-99.21731, 30.70081], [-99.21698, 30.70036], [-99.21691, 30.7003], [-99.21683, 30.70023], [-99.21677, 30.70017], [-99.21675, 30.70014], [-99.21664, 30.70003], [-99.21632, 30.69976], [-99.21604, 30.69952], [-99.21559, 30.69915], [-99.21536, 30.69896], [-99.21529, 30.6989], [-99.21514, 30.69878], [-99.2149, 30.69858], [-99.21464, 30.69836], [-99.21439, 30.69815], [-99.2143, 30.69808], [-99.21424, 30.69803], [-99.21409, 30.6979], [-99.21406, 30.69788], [-99.214, 30.69783], [-99.21393, 30.69778], [-99.21378, 30.69766], [-99.21369, 30.69759], [-99.21365, 30.69755], [-99.21343, 30.69732], [-99.21326, 30.69713], [-99.21308, 30.69685], [-99.21304, 30.69679], [-99.21301, 30.69675], [-99.21286, 30.6964], [-99.21272, 30.69604], [-99.21267, 30.69591], [-99.21259, 30.69566], [-99.21247, 30.6953], [-99.21227, 30.69478], [-99.21208, 30.69427], [-99.21201, 30.6941], [-99.21179, 30.69347], [-99.21166, 30.69317], [-99.21158, 30.69302], [-99.2114, 30.69276], [-99.21135, 30.6927], [-99.21133, 30.69266], [-99.21128, 30.6926], [-99.21124, 30.69254], [-99.21103, 30.69233], [-99.21092, 30.69222], [-99.21043, 30.69181], [-99.20999, 30.69143], [-99.20904, 30.69062], [-99.20875, 30.69037], [-99.2086, 30.69024], [-99.20801, 30.68973], [-99.20766, 30.68943], [-99.20698, 30.68884], [-99.20687, 30.68875], [-99.20627, 30.68819], [-99.20612, 30.68805], [-99.20545, 30.68744], [-99.2054, 30.68739], [-99.20531, 30.68731], [-99.20512, 30.68713], [-99.20498, 30.687], [-99.20488, 30.68691], [-99.20485, 30.68688], [-99.20481, 30.68685], [-99.20475, 30.68679], [-99.2044, 30.68648], [-99.20438, 30.68646], [-99.20424, 30.68633], [-99.20382, 30.68596], [-99.2038, 30.68594], [-99.20379, 30.68593], [-99.20342, 30.68559], [-99.20321, 30.68541], [-99.20284, 30.68506]]}, "properties": {"surface": "pavement", "label": "Pavement", "color": "#4A5568", "miles": 4.05, "start_mi": 33.12, "end_mi": 37.18, "road": "Ranch to Market Road 2389", "elev_ft": [1462, 1463, 1463, 1465, 1466, 1468, 1471, 1480, 1482, 1484, 1485, 1485, 1486, 1487, 1489, 1489, 1490, 1491, 1493, 1495, 1497, 1498, 1499, 1500, 1501, 1501, 1501, 1501, 1502, 1502, 1502, 1503, 1504, 1504, 1504, 1505, 1505, 1505, 1505, 1505, 1505, 1506, 1506, 1505, 1502, 1494, 1492, 1491, 1484, 1477, 1467, 1465, 1462, 1462, 1462, 1465, 1467, 1482, 1483, 1487, 1488, 1493, 1494, 1492, 1489, 1482, 1483, 1484, 1484, 1488, 1490, 1491, 1491, 1497, 1497, 1515, 1517, 1523, 1527, 1528, 1530, 1531, 1533, 1536, 1536, 1537, 1537, 1537, 1537, 1537, 1536, 1534, 1535, 1535, 1536, 1537, 1537, 1537, 1537, 1536, 1536, 1537, 1539, 1541, 1544, 1546, 1546, 1549, 1552, 1554, 1554, 1554, 1553, 1552, 1552, 1552, 1553, 1553, 1553, 1555, 1566, 1567, 1569, 1570, 1571, 1560, 1560, 1560, 1560, 1561, 1563, 1562, 1562, 1560, 1557, 1552, 1547, 1546, 1545, 1545, 1545, 1544, 1544, 1542, 1541, 1540, 1540, 1540, 1540, 1540, 1537, 1536, 1534, 1532, 1520, 1515, 1513, 1511, 1506, 1504, 1501, 1500, 1500, 1500, 1500, 1488, 1486, 1486, 1483, 1484, 1486, 1487, 1493, 1493, 1495, 1495, 1496, 1497, 1497, 1497, 1496, 1494, 1493, 1493, 1493, 1493, 1492, 1491, 1490, 1491, 1493, 1494, 1495, 1496, 1497, 1501, 1501, 1502, 1503, 1503, 1503, 1503, 1502, 1502, 1502, 1500, 1499, 1497, 1497, 1497, 1496, 1497, 1497, 1497, 1497, 1498, 1499, 1499, 1497, 1495, 1494, 1492, 1491, 1491, 1490, 1490, 1488, 1487, 1483, 1480, 1486, 1485, 1484, 1480, 1479, 1476, 1475, 1469, 1466, 1459, 1458, 1458, 1459, 1459, 1459, 1459, 1459, 1459, 1458, 1458, 1457, 1456, 1456, 1456, 1455, 1456, 1458]}}, {"type": "Feature", "geometry": {"type": "LineString", "coordinates": [[-99.20252, 30.68476], [-99.20252, 30.68476], [-99.20247, 30.6847], [-99.20239, 30.68462], [-99.20234, 30.68457], [-99.20208, 30.68428], [-99.20188, 30.68402], [-99.20187, 30.684], [-99.20169, 30.68376], [-99.20166, 30.68372], [-99.20158, 30.68361], [-99.20121, 30.6831], [-99.20113, 30.683], [-99.2011, 30.68296], [-99.20104, 30.68287], [-99.20102, 30.68285], [-99.20095, 30.68276], [-99.20091, 30.6827], [-99.20088, 30.68266], [-99.2008, 30.68255], [-99.20069, 30.68239], [-99.20061, 30.68228], [-99.20047, 30.68209], [-99.20012, 30.68158], [-99.20004, 30.68147], [-99.19979, 30.68114], [-99.19972, 30.68104], [-99.19967, 30.68097], [-99.19963, 30.68092], [-99.1995, 30.68074], [-99.19916, 30.68028], [-99.19904, 30.68013], [-99.19899, 30.68006], [-99.19897, 30.68003], [-99.19893, 30.67998], [-99.19884, 30.67982], [-99.19881, 30.67975], [-99.19879, 30.67969], [-99.19876, 30.67948], [-99.19874, 30.67925], [-99.19873, 30.67916], [-99.19873, 30.67907], [-99.19872, 30.67871], [-99.19871, 30.67853], [-99.1987, 30.67836], [-99.1987, 30.67835], [-99.1987, 30.67832], [-99.1987, 30.67824], [-99.1987, 30.67817], [-99.1987, 30.67799], [-99.1987, 30.67783], [-99.19869, 30.67771], [-99.19866, 30.6776], [-99.19861, 30.67746], [-99.19859, 30.6774], [-99.19852, 30.67732], [-99.19843, 30.67723], [-99.19836, 30.67718], [-99.19832, 30.67715], [-99.19802, 30.67696], [-99.19738, 30.67655], [-99.19735, 30.67653], [-99.19719, 30.67642], [-99.19702, 30.67632], [-99.19652, 30.67599], [-99.19618, 30.67578], [-99.19533, 30.67525], [-99.19497, 30.67502], [-99.19394, 30.67437], [-99.19377, 30.67427], [-99.19333, 30.67399], [-99.19259, 30.67352], [-99.19242, 30.67341], [-99.19212, 30.67322], [-99.19192, 30.67309], [-99.19176, 30.67298], [-99.19175, 30.67297], [-99.1916, 30.67286], [-99.19144, 30.67274], [-99.19105, 30.67246], [-99.19096, 30.67239], [-99.19087, 30.67233], [-99.1908, 30.67228], [-99.19018, 30.6718], [-99.19004, 30.6717], [-99.18987, 30.67156], [-99.18971, 30.67144], [-99.18956, 30.67132], [-99.1894, 30.6712], [-99.18936, 30.67116], [-99.18898, 30.67089], [-99.18892, 30.67085], [-99.18881, 30.67076], [-99.18861, 30.67061], [-99.18857, 30.67058], [-99.18845, 30.67049], [-99.18841, 30.67047], [-99.18778, 30.66998], [-99.18738, 30.66969], [-99.18735, 30.66967], [-99.18681, 30.66925], [-99.18672, 30.66919], [-99.18657, 30.66906], [-99.18645, 30.66896], [-99.18642, 30.66894], [-99.18572, 30.66834], [-99.18568, 30.6683], [-99.18553, 30.66818], [-99.18508, 30.6678], [-99.185, 30.66773], [-99.18494, 30.66767], [-99.18445, 30.66723], [-99.18429, 30.66708], [-99.18414, 30.66693], [-99.18409, 30.66687], [-99.18385, 30.66661], [-99.18356, 30.66626], [-99.18346, 30.66615], [-99.18334, 30.66601], [-99.18305, 30.66568], [-99.18283, 30.66544], [-99.18271, 30.66529], [-99.18233, 30.66486], [-99.18208, 30.66457], [-99.18183, 30.66429], [-99.18132, 30.66371], [-99.1812, 30.66357], [-99.18118, 30.66355], [-99.18108, 30.66342], [-99.18106, 30.6634], [-99.18096, 30.66327], [-99.18094, 30.66324], [-99.18074, 30.66297], [-99.1806, 30.66279], [-99.18016, 30.66222], [-99.18005, 30.66207], [-99.17993, 30.66192], [-99.17987, 30.66185], [-99.17966, 30.66158], [-99.17955, 30.66144], [-99.17945, 30.66133], [-99.17945, 30.66132], [-99.17936, 30.66121], [-99.17934, 30.66118], [-99.17927, 30.6611], [-99.17909, 30.66098], [-99.17902, 30.66095], [-99.17892, 30.6609], [-99.17875, 30.66082], [-99.17856, 30.66075], [-99.17846, 30.66071], [-99.17836, 30.66068], [-99.17808, 30.66057], [-99.17789, 30.66049], [-99.17769, 30.66042], [-99.17729, 30.66026], [-99.17655, 30.65998], [-99.17639, 30.65993], [-99.17619, 30.65985], [-99.17598, 30.65976], [-99.17579, 30.65969], [-99.1756, 30.65961], [-99.17556, 30.6596], [-99.17468, 30.6593], [-99.17447, 30.65921], [-99.17434, 30.65916], [-99.17417, 30.65909], [-99.174, 30.65901], [-99.17385, 30.65892], [-99.1737, 30.65882], [-99.1736, 30.65874], [-99.17309, 30.65833], [-99.17263, 30.65797], [-99.17169, 30.65724], [-99.17166, 30.65722], [-99.17154, 30.65712], [-99.17138, 30.65699], [-99.17127, 30.65687], [-99.17126, 30.65686], [-99.17119, 30.65675], [-99.17114, 30.65663], [-99.17103, 30.65636], [-99.17103, 30.65635], [-99.17097, 30.65619], [-99.17055, 30.65498], [-99.1705, 30.65482], [-99.17045, 30.65463], [-99.17043, 30.65447], [-99.17043, 30.65431], [-99.17044, 30.65409], [-99.17045, 30.65391], [-99.17046, 30.65355], [-99.17046, 30.65337], [-99.17048, 30.65292], [-99.17048, 30.65283], [-99.17048, 30.65273], [-99.17049, 30.65265], [-99.17051, 30.6523], [-99.17052, 30.65218], [-99.17053, 30.65194], [-99.17053, 30.65182], [-99.17054, 30.65176], [-99.17055, 30.65163], [-99.17054, 30.65144], [-99.17054, 30.6514], [-99.17054, 30.65128], [-99.17054, 30.65111], [-99.17057, 30.65096], [-99.17061, 30.65086], [-99.17062, 30.65082], [-99.17068, 30.65069], [-99.17075, 30.65053], [-99.17083, 30.65036], [-99.1709, 30.65019], [-99.17092, 30.65014], [-99.17119, 30.64959], [-99.17151, 30.64892], [-99.17159, 30.64876], [-99.17168, 30.64857], [-99.17178, 30.64838], [-99.17198, 30.64793], [-99.17198, 30.64792], [-99.17203, 30.64777], [-99.17207, 30.64765], [-99.17214, 30.64722], [-99.17217, 30.64704], [-99.17222, 30.6467], [-99.17226, 30.64646], [-99.17231, 30.64615], [-99.17241, 30.64554], [-99.17243, 30.64544], [-99.17246, 30.64521], [-99.17253, 30.64476], [-99.17256, 30.64447], [-99.17256, 30.64434], [-99.17254, 30.6442], [-99.1725, 30.64409], [-99.17244, 30.64397], [-99.17237, 30.64387], [-99.17236, 30.64386], [-99.17225, 30.64371], [-99.17192, 30.64326], [-99.17168, 30.64295], [-99.17155, 30.64276], [-99.17149, 30.64267], [-99.17141, 30.64261], [-99.17134, 30.64255], [-99.17123, 30.6425], [-99.17111, 30.64245], [-99.17093, 30.64238], [-99.17055, 30.64222], [-99.17036, 30.64214], [-99.16967, 30.64184], [-99.16962, 30.64182], [-99.16943, 30.64174], [-99.16924, 30.64166], [-99.16911, 30.6416], [-99.169, 30.64154], [-99.16891, 30.64147], [-99.1689, 30.64146], [-99.16883, 30.6414], [-99.16877, 30.64133], [-99.16876, 30.64132], [-99.16868, 30.64119], [-99.16866, 30.64116], [-99.16861, 30.64106], [-99.16858, 30.641], [-99.16857, 30.64096], [-99.16852, 30.64087], [-99.16849, 30.6408], [-99.1684, 30.64063], [-99.16832, 30.64046], [-99.16824, 30.6403], [-99.16821, 30.64023], [-99.16816, 30.64013], [-99.16812, 30.64005], [-99.16811, 30.64001], [-99.16809, 30.63996], [-99.16805, 30.63986], [-99.16802, 30.63979], [-99.16794, 30.63963], [-99.16786, 30.63946], [-99.16781, 30.63936], [-99.16781, 30.63936], [-99.16778, 30.6393], [-99.16762, 30.63896], [-99.16754, 30.6388], [-99.16746, 30.63863], [-99.16738, 30.63846], [-99.16722, 30.63813], [-99.16691, 30.63747]]}, "properties": {"surface": "unknown", "label": "Unverified", "color": "#9A9389", "miles": 4.26, "start_mi": 37.18, "end_mi": 41.44, "road": "Simonsville Road", "elev_ft": [1459, 1459, 1459, 1460, 1460, 1464, 1465, 1465, 1464, 1463, 1463, 1459, 1455, 1454, 1450, 1450, 1450, 1452, 1453, 1459, 1461, 1462, 1465, 1473, 1475, 1480, 1482, 1485, 1486, 1492, 1503, 1511, 1513, 1513, 1513, 1513, 1512, 1511, 1506, 1503, 1501, 1499, 1491, 1487, 1484, 1483, 1483, 1482, 1481, 1483, 1488, 1495, 1500, 1501, 1502, 1502, 1503, 1504, 1504, 1504, 1498, 1497, 1496, 1496, 1495, 1493, 1484, 1481, 1494, 1493, 1491, 1487, 1490, 1494, 1494, 1494, 1494, 1494, 1494, 1490, 1489, 1487, 1486, 1479, 1478, 1477, 1476, 1475, 1474, 1473, 1469, 1469, 1468, 1466, 1466, 1466, 1467, 1470, 1471, 1471, 1474, 1474, 1475, 1475, 1475, 1473, 1473, 1472, 1470, 1469, 1469, 1469, 1469, 1469, 1470, 1469, 1468, 1467, 1466, 1467, 1470, 1472, 1475, 1477, 1481, 1503, 1504, 1504, 1503, 1503, 1503, 1503, 1497, 1491, 1470, 1467, 1463, 1461, 1452, 1446, 1442, 1441, 1439, 1438, 1437, 1434, 1433, 1432, 1429, 1427, 1426, 1426, 1424, 1423, 1422, 1417, 1407, 1407, 1406, 1406, 1405, 1404, 1404, 1397, 1395, 1394, 1393, 1391, 1389, 1389, 1388, 1385, 1380, 1370, 1370, 1369, 1368, 1367, 1367, 1366, 1365, 1363, 1363, 1362, 1360, 1357, 1355, 1354, 1353, 1351, 1349, 1344, 1343, 1339, 1338, 1338, 1337, 1335, 1334, 1333, 1333, 1333, 1332, 1331, 1331, 1330, 1329, 1328, 1327, 1327, 1326, 1325, 1323, 1323, 1322, 1319, 1322, 1323, 1324, 1326, 1330, 1330, 1332, 1333, 1336, 1337, 1337, 1338, 1338, 1336, 1336, 1334, 1331, 1329, 1329, 1329, 1329, 1330, 1331, 1331, 1331, 1331, 1325, 1323, 1324, 1324, 1324, 1324, 1324, 1325, 1323, 1321, 1318, 1318, 1317, 1317, 1316, 1315, 1313, 1313, 1310, 1307, 1307, 1302, 1301, 1298, 1296, 1294, 1289, 1285, 1278, 1278, 1278, 1278, 1278, 1278, 1278, 1278, 1279, 1279, 1279, 1282, 1286, 1286, 1289, 1301, 1302, 1303, 1304, 1306, 1310]}}, {"type": "Feature", "geometry": {"type": "LineString", "coordinates": [[-99.16675, 30.63713], [-99.16667, 30.63697], [-99.16663, 30.6369], [-99.16655, 30.63682], [-99.16601, 30.63627], [-99.16588, 30.63613], [-99.16574, 30.636], [-99.16561, 30.63586], [-99.16547, 30.63572], [-99.16534, 30.63558], [-99.1652, 30.63545], [-99.16506, 30.63531], [-99.16487, 30.63511], [-99.16426, 30.63448], [-99.16392, 30.63416], [-99.16386, 30.63411], [-99.16368, 30.63393], [-99.16362, 30.63387], [-99.16339, 30.63363], [-99.16308, 30.63333], [-99.16274, 30.633], [-99.16265, 30.6329], [-99.16262, 30.63287], [-99.16253, 30.63279], [-99.1624, 30.63267], [-99.16208, 30.6324], [-99.16206, 30.63238], [-99.16199, 30.63232], [-99.16195, 30.63226], [-99.16192, 30.63222], [-99.16189, 30.6321], [-99.1619, 30.63197], [-99.16191, 30.63183], [-99.16191, 30.63157], [-99.16192, 30.63136], [-99.16192, 30.6312], [-99.16192, 30.63117], [-99.16192, 30.6308], [-99.16192, 30.63048], [-99.16193, 30.6303], [-99.16193, 30.62994], [-99.16194, 30.62976], [-99.16194, 30.62973], [-99.16194, 30.6294], [-99.16195, 30.62922], [-99.16197, 30.62886], [-99.16198, 30.62864], [-99.16198, 30.6285], [-99.16198, 30.62803], [-99.16197, 30.62796], [-99.16196, 30.62794], [-99.16196, 30.62793], [-99.16194, 30.62786], [-99.1619, 30.62779], [-99.16189, 30.62777], [-99.16183, 30.62769], [-99.16175, 30.62763], [-99.16174, 30.62762], [-99.16163, 30.62757], [-99.16149, 30.62752], [-99.16131, 30.62746], [-99.16116, 30.62743], [-99.16113, 30.62742], [-99.16065, 30.6273], [-99.16014, 30.62718], [-99.15998, 30.62714], [-99.15952, 30.62703], [-99.15875, 30.62685], [-99.15822, 30.62674], [-99.15808, 30.6267], [-99.1579, 30.62666], [-99.1575, 30.62657], [-99.15746, 30.62656], [-99.15709, 30.62648], [-99.15689, 30.62643], [-99.15661, 30.62637], [-99.15608, 30.62625], [-99.15572, 30.62616], [-99.15568, 30.62615], [-99.15527, 30.62606], [-99.15509, 30.62603], [-99.15467, 30.62593], [-99.15448, 30.62587], [-99.15447, 30.62587], [-99.1543, 30.62581], [-99.15428, 30.6258], [-99.15412, 30.62574], [-99.15409, 30.62573], [-99.1537, 30.62558], [-99.15341, 30.62547], [-99.15254, 30.62518], [-99.15244, 30.62515], [-99.15234, 30.62512], [-99.15206, 30.62503], [-99.1519, 30.625], [-99.15165, 30.62496], [-99.15123, 30.6249], [-99.15112, 30.62489], [-99.15081, 30.62486], [-99.15071, 30.62485], [-99.14996, 30.62479], [-99.14904, 30.62474], [-99.1489, 30.62474], [-99.14821, 30.62466], [-99.14798, 30.62464], [-99.14779, 30.62462], [-99.14764, 30.6246], [-99.14733, 30.62455], [-99.14705, 30.62449], [-99.14678, 30.62442], [-99.14671, 30.6244], [-99.14638, 30.62431], [-99.14598, 30.6242], [-99.14578, 30.62416], [-99.14573, 30.62415], [-99.14558, 30.62411], [-99.14524, 30.62405], [-99.14516, 30.62404], [-99.14513, 30.62404], [-99.14476, 30.62402], [-99.14441, 30.62401], [-99.14328, 30.62401], [-99.14308, 30.62401], [-99.14224, 30.62401], [-99.14203, 30.62401], [-99.1414, 30.62401], [-99.14044, 30.62401], [-99.14015, 30.624], [-99.13976, 30.624], [-99.13974, 30.624], [-99.13973, 30.624], [-99.13943, 30.62398], [-99.13904, 30.62389], [-99.13869, 30.62374], [-99.1384, 30.62349], [-99.13814, 30.62326], [-99.13812, 30.62323], [-99.13802, 30.62311], [-99.13778, 30.62278], [-99.13774, 30.62271], [-99.13741, 30.62221], [-99.13694, 30.62148], [-99.1369, 30.62142], [-99.13673, 30.6212], [-99.1364, 30.62063], [-99.1362, 30.6203], [-99.13611, 30.62016], [-99.13587, 30.61979], [-99.13576, 30.61955], [-99.13574, 30.61951], [-99.13569, 30.61934], [-99.13568, 30.6193], [-99.13566, 30.61901], [-99.13564, 30.61862], [-99.13564, 30.61844], [-99.13564, 30.61842], [-99.13561, 30.61826], [-99.13559, 30.61815], [-99.13546, 30.61793], [-99.13532, 30.61779], [-99.13527, 30.61774], [-99.13517, 30.61767], [-99.13502, 30.61755], [-99.13486, 30.61743], [-99.13474, 30.61733], [-99.13441, 30.61704], [-99.1342, 30.61686], [-99.13379, 30.61651], [-99.13376, 30.61647], [-99.13347, 30.61622], [-99.13333, 30.6161], [-99.13332, 30.61609], [-99.13314, 30.61592], [-99.13303, 30.61583], [-99.13247, 30.61535], [-99.13244, 30.61532], [-99.13215, 30.61508], [-99.13214, 30.61507], [-99.13184, 30.61482], [-99.13112, 30.61421], [-99.13109, 30.61419], [-99.13079, 30.61394], [-99.13033, 30.61357], [-99.13, 30.6133], [-99.12971, 30.61309], [-99.12958, 30.61301], [-99.12881, 30.6125], [-99.1285, 30.61228], [-99.12824, 30.61209], [-99.12788, 30.61184], [-99.12753, 30.6116], [-99.12737, 30.61148], [-99.12673, 30.61104], [-99.12656, 30.61091], [-99.12639, 30.61079], [-99.12607, 30.61054], [-99.12592, 30.61042], [-99.12589, 30.6104], [-99.12579, 30.61031], [-99.12566, 30.6102], [-99.12564, 30.61018], [-99.12543, 30.60997], [-99.12536, 30.60989], [-99.12525, 30.60978], [-99.12524, 30.60977], [-99.1251, 30.60963], [-99.12503, 30.60957], [-99.12496, 30.6095], [-99.12473, 30.60931], [-99.12435, 30.60901], [-99.1242, 30.60888], [-99.12418, 30.60887], [-99.12414, 30.60884], [-99.12319, 30.60811], [-99.12284, 30.60785], [-99.12279, 30.60781], [-99.12263, 30.6077], [-99.12261, 30.60769], [-99.1223, 30.60748], [-99.12182, 30.60715], [-99.12149, 30.60694], [-99.12116, 30.60675], [-99.1208, 30.60659], [-99.12075, 30.60657], [-99.12073, 30.60656], [-99.12056, 30.60649], [-99.12018, 30.60634], [-99.12016, 30.60633], [-99.11999, 30.60627], [-99.11961, 30.60611], [-99.11942, 30.60603], [-99.1194, 30.60602], [-99.1188, 30.60578], [-99.11846, 30.60564], [-99.11829, 30.60558], [-99.1181, 30.6055], [-99.11808, 30.60549], [-99.1179, 30.60544], [-99.11777, 30.60539], [-99.11768, 30.60537], [-99.1175, 30.60534], [-99.1174, 30.60531], [-99.11728, 30.60529], [-99.1171, 30.60526], [-99.11694, 30.60523], [-99.11669, 30.60518], [-99.11666, 30.60518], [-99.11506, 30.60487], [-99.11485, 30.60483], [-99.11483, 30.60482], [-99.11444, 30.60475], [-99.11442, 30.60475], [-99.11363, 30.60459], [-99.1136, 30.60459], [-99.11342, 30.60456], [-99.11286, 30.60445], [-99.11247, 30.60436], [-99.11241, 30.60434], [-99.11238, 30.60434], [-99.11201, 30.60423], [-99.11199, 30.60422], [-99.11162, 30.60411], [-99.11159, 30.60411], [-99.11063, 30.60383], [-99.11043, 30.60377], [-99.1104, 30.60376], [-99.11027, 30.60372], [-99.11023, 30.60371], [-99.11003, 30.60365], [-99.10983, 30.60359], [-99.10964, 30.60353], [-99.10962, 30.60353], [-99.10946, 30.60348], [-99.10944, 30.60348], [-99.109279, 30.603448], [-99.10924, 30.60344], [-99.10921, 30.60344], [-99.10911, 30.60342], [-99.10903, 30.60342], [-99.10873, 30.6034], [-99.10873, 30.6034]]}, "properties": {"surface": "caliche", "label": "Caliche / gravel", "color": "#C98A24", "miles": 4.56, "start_mi": 41.44, "end_mi": 46.01, "road": "Simonsville Road", "elev_ft": [1311, 1312, 1313, 1313, 1315, 1316, 1316, 1316, 1317, 1317, 1317, 1317, 1318, 1319, 1320, 1320, 1321, 1321, 1323, 1325, 1327, 1327, 1328, 1328, 1329, 1330, 1331, 1331, 1332, 1332, 1333, 1334, 1335, 1337, 1339, 1340, 1340, 1344, 1348, 1350, 1354, 1356, 1357, 1361, 1364, 1370, 1374, 1376, 1385, 1386, 1386, 1386, 1388, 1389, 1389, 1390, 1390, 1390, 1389, 1388, 1387, 1386, 1386, 1386, 1387, 1387, 1386, 1384, 1382, 1382, 1383, 1385, 1385, 1386, 1387, 1389, 1392, 1393, 1393, 1392, 1391, 1389, 1388, 1388, 1387, 1387, 1387, 1387, 1387, 1384, 1383, 1385, 1385, 1387, 1387, 1388, 1387, 1388, 1388, 1388, 1387, 1386, 1385, 1386, 1386, 1385, 1385, 1385, 1385, 1384, 1384, 1384, 1382, 1380, 1379, 1377, 1377, 1378, 1378, 1381, 1382, 1386, 1387, 1391, 1391, 1393, 1402, 1404, 1405, 1405, 1405, 1406, 1404, 1404, 1405, 1406, 1406, 1406, 1408, 1408, 1422, 1423, 1423, 1422, 1417, 1423, 1427, 1438, 1445, 1446, 1448, 1448, 1452, 1453, 1452, 1452, 1453, 1454, 1460, 1466, 1469, 1471, 1474, 1471, 1468, 1457, 1449, 1437, 1436, 1430, 1427, 1427, 1422, 1420, 1413, 1412, 1407, 1407, 1402, 1395, 1395, 1393, 1388, 1385, 1384, 1384, 1385, 1384, 1382, 1379, 1376, 1375, 1367, 1366, 1364, 1361, 1361, 1361, 1361, 1362, 1362, 1364, 1365, 1367, 1367, 1371, 1372, 1374, 1378, 1385, 1387, 1388, 1388, 1399, 1402, 1402, 1404, 1404, 1405, 1407, 1410, 1413, 1415, 1416, 1416, 1417, 1418, 1418, 1420, 1425, 1431, 1431, 1440, 1443, 1445, 1445, 1445, 1446, 1446, 1446, 1446, 1446, 1446, 1446, 1446, 1446, 1446, 1435, 1433, 1433, 1428, 1428, 1426, 1426, 1426, 1426, 1425, 1425, 1424, 1422, 1422, 1418, 1418, 1406, 1403, 1402, 1400, 1400, 1396, 1394, 1393, 1392, 1391, 1390, 1388, 1388, 1387, 1386, 1385, 1383, 1383]}}, {"type": "Feature", "geometry": {"type": "LineString", "coordinates": [[-99.10882, 30.60307], [-99.10883, 30.60305], [-99.10888, 30.60287], [-99.1089, 30.60282], [-99.10892, 30.60275], [-99.10892, 30.60275], [-99.10893, 30.6027], [-99.10899, 30.6025], [-99.1091, 30.60212], [-99.10915, 30.60195], [-99.10922, 30.60165], [-99.10923, 30.60158], [-99.10925, 30.60147], [-99.10928, 30.60129], [-99.10929, 30.60122], [-99.1093, 30.60111], [-99.10933, 30.60094], [-99.10933, 30.60093], [-99.10935, 30.60081], [-99.10938, 30.60058], [-99.1094, 30.60051], [-99.10942, 30.6004], [-99.10951, 30.60005], [-99.10966, 30.59953], [-99.10967, 30.59949], [-99.10976, 30.59918], [-99.10981, 30.599], [-99.10986, 30.59883], [-99.11012, 30.59796], [-99.11029, 30.5974], [-99.11045, 30.59687], [-99.11058, 30.59643], [-99.11076, 30.59582], [-99.11083, 30.59556], [-99.11088, 30.59539], [-99.11089, 30.59539], [-99.11094, 30.59522], [-99.11104, 30.59486], [-99.11109, 30.59469], [-99.1112, 30.59434], [-99.1112, 30.59431], [-99.11145, 30.59347], [-99.1115, 30.5933], [-99.1115, 30.59329], [-99.11153, 30.59318], [-99.11155, 30.59313], [-99.11155, 30.59312], [-99.11174, 30.5925], [-99.11176, 30.59242], [-99.11183, 30.59219], [-99.11186, 30.59208], [-99.11186, 30.59207], [-99.11207, 30.59138], [-99.11217, 30.59103], [-99.11248, 30.58999], [-99.11248, 30.58998], [-99.11254, 30.58981], [-99.11262, 30.58955], [-99.11264, 30.5895], [-99.11265, 30.58947], [-99.11265, 30.58946], [-99.1127, 30.58934], [-99.11271, 30.5893], [-99.11272, 30.58929], [-99.11276, 30.58918], [-99.11279, 30.58912], [-99.11283, 30.58902], [-99.11286, 30.58896], [-99.11292, 30.58884], [-99.11301, 30.58869], [-99.11304, 30.58863], [-99.11307, 30.58858], [-99.11326, 30.5883], [-99.11342, 30.58807], [-99.11347, 30.58802], [-99.11359, 30.58787], [-99.11362, 30.58783], [-99.11383, 30.58758], [-99.11403, 30.58733]]}, "properties": {"surface": "pavement", "label": "Pavement", "color": "#4A5568", "miles": 1.14, "start_mi": 46.01, "end_mi": 47.14, "road": "Ranch Road 783", "elev_ft": [1388, 1389, 1392, 1393, 1394, 1394, 1396, 1400, 1404, 1406, 1411, 1412, 1415, 1419, 1421, 1421, 1423, 1423, 1422, 1421, 1420, 1419, 1415, 1407, 1407, 1403, 1401, 1400, 1397, 1394, 1394, 1395, 1398, 1399, 1400, 1400, 1401, 1401, 1402, 1402, 1402, 1404, 1403, 1403, 1404, 1404, 1404, 1409, 1410, 1412, 1413, 1413, 1420, 1422, 1429, 1429, 1431, 1436, 1437, 1437, 1437, 1440, 1440, 1440, 1442, 1442, 1444, 1444, 1446, 1447, 1448, 1449, 1455, 1460, 1461, 1464, 1465, 1469, 1473]}}, {"type": "Feature", "geometry": {"type": "LineString", "coordinates": [[-99.11443, 30.58684], [-99.11458, 30.58666], [-99.11535, 30.58572], [-99.11535, 30.58572], [-99.11542, 30.58571], [-99.11549, 30.58569], [-99.11559, 30.58565], [-99.11579, 30.58555], [-99.11622, 30.58533], [-99.11627, 30.58531], [-99.11633, 30.58528], [-99.11645, 30.58522], [-99.11651, 30.58519], [-99.11651, 30.58518], [-99.11669, 30.58509], [-99.11686, 30.585], [-99.11686, 30.585], [-99.11708, 30.58489], [-99.11798, 30.58446], [-99.11814, 30.58438], [-99.11874, 30.58409], [-99.11887, 30.58403], [-99.11924, 30.58385], [-99.11997, 30.5835], [-99.12012, 30.58342], [-99.12015, 30.58341], [-99.1203, 30.58333], [-99.12102, 30.58298], [-99.12121, 30.58288], [-99.12123, 30.58287], [-99.12175, 30.58262], [-99.12202, 30.58248], [-99.1223, 30.58235], [-99.12232, 30.58234], [-99.12233, 30.58234], [-99.12248, 30.58227], [-99.12267, 30.58218], [-99.12269, 30.58217], [-99.12306, 30.58199], [-99.12323, 30.58189], [-99.12331, 30.58183], [-99.1234, 30.58171], [-99.1235, 30.58154], [-99.12357, 30.5814], [-99.1237, 30.58114], [-99.12376, 30.58106], [-99.12378, 30.58103], [-99.1239, 30.58092], [-99.124, 30.58085], [-99.12407, 30.58082], [-99.12412, 30.5808], [-99.12425, 30.58075], [-99.12426, 30.58074], [-99.12443, 30.58068], [-99.12445, 30.58068], [-99.1245, 30.58066], [-99.12462, 30.58063], [-99.12546, 30.58044], [-99.12587, 30.58035], [-99.12605, 30.58031], [-99.12627, 30.58026], [-99.12689, 30.58012], [-99.12708, 30.58007], [-99.1271, 30.58007], [-99.12726, 30.58003], [-99.12727, 30.58003], [-99.12729, 30.58003], [-99.12739, 30.58002], [-99.1277, 30.58001], [-99.12788, 30.58001], [-99.12796, 30.58001], [-99.12809, 30.58001], [-99.12811, 30.58001], [-99.12815, 30.58001], [-99.12826, 30.58001], [-99.12851, 30.58], [-99.12853, 30.58], [-99.12862, 30.58], [-99.12881, 30.58], [-99.12912, 30.58], [-99.12927, 30.57999], [-99.12935, 30.57999], [-99.13032, 30.57999], [-99.13039, 30.57999], [-99.13046, 30.57999], [-99.13164, 30.57999], [-99.1324, 30.57999], [-99.13303, 30.57998], [-99.13324, 30.57998], [-99.13408, 30.57998], [-99.13429, 30.57998], [-99.13449, 30.57998], [-99.13546, 30.57999], [-99.13601, 30.57998], [-99.13737, 30.57998], [-99.13743, 30.57998], [-99.13758, 30.57998], [-99.13821, 30.57998], [-99.13883, 30.57998], [-99.13946, 30.57998], [-99.14009, 30.57998], [-99.14022, 30.57998], [-99.14117, 30.57998], [-99.1421, 30.57999], [-99.14229, 30.57999], [-99.14259, 30.57998], [-99.14264, 30.57998], [-99.14277, 30.57998], [-99.14298, 30.57996], [-99.14314, 30.57993], [-99.14336, 30.57984], [-99.14358, 30.57971], [-99.14377, 30.57955], [-99.14395, 30.57938], [-99.14419, 30.57916], [-99.1447, 30.57871], [-99.14482, 30.5786], [-99.14496, 30.57847], [-99.1452, 30.57826], [-99.14579, 30.57772], [-99.14629, 30.57728], [-99.14672, 30.57691], [-99.14688, 30.57676], [-99.14702, 30.57663], [-99.14778, 30.57596], [-99.14794, 30.57583], [-99.14804, 30.57574], [-99.14808, 30.5757], [-99.14819, 30.57561], [-99.14823, 30.57557], [-99.14852, 30.57531], [-99.14878, 30.57508], [-99.14924, 30.57464], [-99.14943, 30.57448], [-99.15012, 30.57387], [-99.15014, 30.57385], [-99.15027, 30.57374], [-99.15031, 30.57371], [-99.15038, 30.57364], [-99.1505, 30.57352], [-99.1507, 30.5733], [-99.15082, 30.57312], [-99.15088, 30.57296], [-99.15088, 30.57269], [-99.1509, 30.57249], [-99.15091, 30.57233], [-99.15094, 30.57216], [-99.15105, 30.57191], [-99.15119, 30.57166], [-99.15124, 30.5716], [-99.15132, 30.57147], [-99.15141, 30.57134], [-99.15153, 30.57115], [-99.15161, 30.57102], [-99.15163, 30.57099], [-99.15203, 30.57039], [-99.15213, 30.57022], [-99.15228, 30.57002], [-99.15237, 30.56994], [-99.15249, 30.56982], [-99.15261, 30.56973], [-99.1528, 30.56961], [-99.15297, 30.56953], [-99.15312, 30.56947], [-99.15322, 30.56945], [-99.15335, 30.56943], [-99.15343, 30.56941], [-99.15361, 30.56937], [-99.15383, 30.56934], [-99.15396, 30.56932], [-99.15424, 30.56927], [-99.15445, 30.56923], [-99.15455, 30.56921], [-99.15465, 30.5692], [-99.15547, 30.56905], [-99.15605, 30.56895], [-99.15609, 30.56894], [-99.1569, 30.56879], [-99.15731, 30.56871], [-99.15744, 30.56869], [-99.15772, 30.56864], [-99.15854, 30.5685], [-99.15876, 30.56846], [-99.15895, 30.56843], [-99.15915, 30.56839], [-99.15923, 30.56838], [-99.15936, 30.56835], [-99.15956, 30.56832], [-99.15958, 30.56831], [-99.15959, 30.56831], [-99.16, 30.56822], [-99.16017, 30.56817], [-99.16019, 30.56816], [-99.16045, 30.56806], [-99.16058, 30.56797], [-99.16069, 30.5679], [-99.16092, 30.56771], [-99.1612, 30.56749], [-99.16136, 30.56735], [-99.16182, 30.56696], [-99.16195, 30.56686], [-99.16233, 30.56656], [-99.16267, 30.5663], [-99.16287, 30.56613], [-99.16294, 30.56606], [-99.16307, 30.56595], [-99.16317, 30.56582], [-99.16326, 30.56564], [-99.16334, 30.56545], [-99.16342, 30.56529], [-99.16348, 30.56521], [-99.16358, 30.56511], [-99.16372, 30.56502], [-99.16383, 30.56496], [-99.16401, 30.56489], [-99.16408, 30.56487], [-99.16428, 30.56483], [-99.16437, 30.56481], [-99.16453, 30.56478], [-99.16487, 30.56468], [-99.16505, 30.5646], [-99.16521, 30.56452], [-99.16531, 30.56447], [-99.16571, 30.56426], [-99.16606, 30.56404], [-99.16617, 30.56396], [-99.16653, 30.56372], [-99.16689, 30.56344], [-99.16697, 30.56338], [-99.16743, 30.56302], [-99.1675, 30.56297], [-99.16774, 30.56278], [-99.1682, 30.56241], [-99.16823, 30.56239], [-99.16852, 30.56217], [-99.16854, 30.56215], [-99.16884, 30.56195], [-99.1689, 30.56191], [-99.16916, 30.56171], [-99.16932, 30.5616], [-99.16935, 30.56157], [-99.16969, 30.5613], [-99.17005, 30.56096], [-99.17008, 30.56093], [-99.17018, 30.56082], [-99.17037, 30.56062], [-99.17098, 30.55994], [-99.17134, 30.55954], [-99.1719, 30.5589], [-99.17218, 30.5586], [-99.17265, 30.55807], [-99.17267, 30.55805], [-99.1728, 30.55791], [-99.17325, 30.55739], [-99.17368, 30.5569], [-99.17381, 30.55676], [-99.1739, 30.55665], [-99.17438, 30.55612], [-99.17465, 30.55585], [-99.17493, 30.55558], [-99.17514, 30.55538], [-99.17523, 30.55529], [-99.17529, 30.55525], [-99.17556, 30.55501], [-99.17591, 30.55467], [-99.176, 30.55459], [-99.17641, 30.55421], [-99.17657, 30.55406], [-99.17672, 30.55392], [-99.17686, 30.55376], [-99.17695, 30.55362], [-99.17703, 30.55344], [-99.17708, 30.55324], [-99.17712, 30.55294], [-99.17714, 30.55278], [-99.1772, 30.55212], [-99.17722, 30.55187], [-99.17728, 30.55108], [-99.17731, 30.55079], [-99.17734, 30.55061], [-99.17736, 30.55041], [-99.17737, 30.55025], [-99.1774, 30.54989], [-99.17744, 30.54932], [-99.17745, 30.54918], [-99.17747, 30.549], [-99.17756, 30.54816], [-99.17759, 30.54774], [-99.1776, 30.54756], [-99.17764, 30.54702], [-99.17766, 30.54684], [-99.17766, 30.5468], [-99.17772, 30.54613], [-99.17774, 30.54595], [-99.17779, 30.54541], [-99.17792, 30.54436], [-99.17792, 30.54436], [-99.17793, 30.54425], [-99.17803, 30.54417], [-99.1781, 30.5441], [-99.17821, 30.54393], [-99.17842, 30.54367], [-99.17855, 30.54354], [-99.1788, 30.54329], [-99.17917, 30.54293], [-99.17938, 30.54273], [-99.17983, 30.5423], [-99.18084, 30.54144], [-99.18121, 30.54112], [-99.18194, 30.54049], [-99.18225, 30.54024], [-99.18235, 30.54016], [-99.1824, 30.54012], [-99.18255, 30.53999], [-99.18314, 30.53949], [-99.18344, 30.53924], [-99.18359, 30.53911], [-99.18364, 30.53907], [-99.18374, 30.53899], [-99.18449, 30.53836], [-99.18479, 30.53811], [-99.1849, 30.53803], [-99.18539, 30.53761], [-99.18604, 30.53707], [-99.18675, 30.53646], [-99.18678, 30.53644], [-99.18728, 30.53602], [-99.18748, 30.53589], [-99.18764, 30.53582], [-99.18776, 30.53579], [-99.18785, 30.53577], [-99.18791, 30.53576], [-99.18815, 30.53575], [-99.18826, 30.53576], [-99.1886, 30.53587], [-99.18891, 30.53599], [-99.18904, 30.53603], [-99.18949, 30.5362], [-99.18961, 30.53625], [-99.18971, 30.53629], [-99.1898, 30.53632], [-99.19018, 30.53647], [-99.19037, 30.53654], [-99.19075, 30.53668], [-99.19107, 30.53682], [-99.19113, 30.53684], [-99.19123, 30.53688], [-99.19133, 30.53691], [-99.19161, 30.53702], [-99.19171, 30.53706], [-99.19209, 30.5372], [-99.19218, 30.53723], [-99.19219, 30.53724], [-99.19228, 30.53727], [-99.19304, 30.53757], [-99.19323, 30.53764], [-99.19342, 30.53772], [-99.19352, 30.53776], [-99.19371, 30.53783], [-99.19399, 30.53794], [-99.19419, 30.53801], [-99.19447, 30.53812], [-99.19449, 30.53812], [-99.19457, 30.53815], [-99.19484, 30.53825], [-99.1949, 30.53828], [-99.19547, 30.5385], [-99.19585, 30.53865], [-99.197, 30.53909], [-99.19776, 30.53938], [-99.19842, 30.53963], [-99.19843, 30.53964], [-99.19919, 30.53993], [-99.19928, 30.53997], [-99.20091, 30.54058], [-99.2011, 30.54065], [-99.20148, 30.5408], [-99.20179, 30.54092], [-99.20263, 30.54124], [-99.2032, 30.54146], [-99.20339, 30.54153], [-99.20358, 30.5416], [-99.20391, 30.54173], [-99.20492, 30.54212], [-99.2051, 30.54219], [-99.20511, 30.54219], [-99.20559, 30.54237], [-99.20585, 30.54246], [-99.20657, 30.54273], [-99.20716, 30.54294], [-99.20784, 30.5432], [-99.20822, 30.54335], [-99.20825, 30.54337], [-99.20896, 30.54368], [-99.20915, 30.54376], [-99.20917, 30.54377], [-99.20952, 30.54392], [-99.21009, 30.54415], [-99.21035, 30.54426], [-99.21084, 30.54447], [-99.2114, 30.5447], [-99.21159, 30.54478], [-99.21192, 30.54491], [-99.21253, 30.54518], [-99.21271, 30.54526], [-99.21309, 30.54542], [-99.21328, 30.5455], [-99.21358, 30.54563], [-99.21439, 30.54599], [-99.21516, 30.54632], [-99.2157, 30.54655], [-99.21589, 30.54663], [-99.21626, 30.54679], [-99.21683, 30.54702], [-99.21701, 30.5471], [-99.21705, 30.54711], [-99.21757, 30.54735], [-99.21793, 30.54753], [-99.21795, 30.54753], [-99.21812, 30.54761], [-99.21814, 30.54762], [-99.21826, 30.54764], [-99.21836, 30.54764], [-99.21851, 30.54762], [-99.21873, 30.54758], [-99.21885, 30.54755], [-99.21894, 30.54754], [-99.21914, 30.5475], [-99.21927, 30.54747], [-99.21934, 30.54746], [-99.21954, 30.54742], [-99.21955, 30.54742], [-99.2197, 30.54736], [-99.21987, 30.54727], [-99.22006, 30.54714], [-99.22029, 30.54698], [-99.22053, 30.54679], [-99.22078, 30.5466], [-99.22086, 30.54654], [-99.22102, 30.54642], [-99.22103, 30.54641], [-99.22127, 30.54626], [-99.22156, 30.54606], [-99.22168, 30.54598], [-99.22196, 30.5458], [-99.22218, 30.54564], [-99.22233, 30.54553], [-99.22259, 30.54535], [-99.22282, 30.54519], [-99.22288, 30.54515], [-99.22298, 30.54508], [-99.22328, 30.54487], [-99.22331, 30.54485], [-99.22347, 30.54474], [-99.22364, 30.54461], [-99.22405, 30.54433], [-99.22428, 30.54418], [-99.22443, 30.54408], [-99.22445, 30.54407], [-99.2247, 30.5439], [-99.22477, 30.54384], [-99.22494, 30.54372], [-99.22519, 30.5435], [-99.22522, 30.54347], [-99.22537, 30.54331], [-99.22562, 30.54303], [-99.22584, 30.54277], [-99.226, 30.54248], [-99.22626, 30.54195], [-99.22658, 30.54128], [-99.22665, 30.54115], [-99.22666, 30.54112], [-99.22675, 30.54095], [-99.22683, 30.54078], [-99.22711, 30.54016], [-99.22738, 30.53962], [-99.22746, 30.53946], [-99.22751, 30.53935], [-99.22761, 30.53912], [-99.22769, 30.53895], [-99.22782, 30.53865], [-99.22799, 30.53828], [-99.22807, 30.53811], [-99.22815, 30.53795], [-99.22825, 30.53778], [-99.22842, 30.5375], [-99.22844, 30.53747], [-99.22855, 30.53733], [-99.22862, 30.53724], [-99.2287, 30.53717], [-99.22874, 30.53714], [-99.2288, 30.5371], [-99.22893, 30.53701], [-99.22916, 30.53687], [-99.22941, 30.53672], [-99.22941, 30.53671], [-99.22974, 30.53649], [-99.22999, 30.53631], [-99.23022, 30.53615], [-99.2303, 30.5361], [-99.23038, 30.53604], [-99.23054, 30.53592], [-99.23085, 30.5357], [-99.23119, 30.53547], [-99.23128, 30.53541], [-99.23136, 30.53537], [-99.23162, 30.53523], [-99.23186, 30.53513], [-99.2322, 30.53502], [-99.2324, 30.535], [-99.23259, 30.53497], [-99.23304, 30.5349], [-99.23329, 30.53486], [-99.23343, 30.53485], [-99.23364, 30.53483], [-99.23365, 30.53483], [-99.234, 30.53484], [-99.23421, 30.53486], [-99.23453, 30.53487], [-99.23468, 30.53487], [-99.23473, 30.53487], [-99.2349, 30.53485], [-99.23492, 30.53484], [-99.23515, 30.53481], [-99.23538, 30.53475], [-99.23546, 30.53474], [-99.23558, 30.53471], [-99.23561, 30.53471], [-99.23587, 30.53466], [-99.23617, 30.53459], [-99.23659, 30.5345], [-99.23662, 30.53449], [-99.237, 30.5344], [-99.23707, 30.53439], [-99.23734, 30.53432], [-99.23739, 30.53431], [-99.23743, 30.5343], [-99.23793, 30.53419], [-99.23801, 30.53417], [-99.23849, 30.53405], [-99.2386, 30.53401], [-99.23877, 30.53395], [-99.23908, 30.53382], [-99.23938, 30.53368], [-99.23962, 30.53354], [-99.23965, 30.53351], [-99.24019, 30.53318], [-99.2407, 30.53286], [-99.24092, 30.53273], [-99.24112, 30.53261], [-99.24121, 30.53255], [-99.24139, 30.53245], [-99.24166, 30.53229], [-99.242, 30.5321], [-99.24225, 30.53195], [-99.24245, 30.53184], [-99.24322, 30.53136], [-99.24328, 30.53133], [-99.24363, 30.53111], [-99.24396, 30.53091], [-99.24444, 30.53062], [-99.24447, 30.5306], [-99.24464, 30.5305], [-99.24498, 30.5303], [-99.24532, 30.53008], [-99.24534, 30.53006], [-99.24549, 30.52998], [-99.24561, 30.52991], [-99.24638, 30.52945], [-99.24652, 30.52936], [-99.2471, 30.529], [-99.24737, 30.52884], [-99.24757, 30.52871], [-99.24805, 30.52843], [-99.24813, 30.52838], [-99.24822, 30.52834], [-99.24826, 30.52831], [-99.24832, 30.52828], [-99.24837, 30.52827], [-99.24841, 30.52826], [-99.24849, 30.52824], [-99.24863, 30.52824], [-99.24922, 30.52824], [-99.24988, 30.52824], [-99.25053, 30.52825], [-99.25119, 30.52824], [-99.25134, 30.52824], [-99.25155, 30.52824], [-99.25176, 30.52824], [-99.25187, 30.52824], [-99.25222, 30.52824], [-99.25301, 30.52825], [-99.25321, 30.52825], [-99.25322, 30.52825], [-99.25343, 30.52825], [-99.25362, 30.52824], [-99.25401, 30.52822], [-99.25435, 30.52818], [-99.2544, 30.52818]]}, "properties": {"surface": "unknown", "label": "Unverified", "color": "#9A9389", "miles": 10.88, "start_mi": 47.14, "end_mi": 58.02, "road": "Salt Branch Loop", "elev_ft": [1483, 1485, 1490, 1490, 1490, 1491, 1492, 1495, 1500, 1500, 1501, 1501, 1502, 1502, 1502, 1503, 1503, 1504, 1504, 1502, 1496, 1495, 1493, 1500, 1501, 1502, 1502, 1504, 1505, 1505, 1507, 1509, 1510, 1510, 1510, 1510, 1509, 1509, 1507, 1509, 1510, 1510, 1512, 1513, 1516, 1517, 1517, 1519, 1520, 1522, 1523, 1526, 1526, 1529, 1530, 1530, 1531, 1537, 1538, 1538, 1537, 1536, 1537, 1537, 1537, 1537, 1537, 1538, 1538, 1539, 1540, 1541, 1542, 1542, 1544, 1546, 1546, 1547, 1548, 1550, 1550, 1551, 1552, 1552, 1552, 1554, 1554, 1555, 1555, 1555, 1555, 1555, 1555, 1554, 1553, 1553, 1553, 1553, 1553, 1553, 1554, 1554, 1556, 1557, 1557, 1558, 1558, 1558, 1558, 1558, 1558, 1559, 1559, 1560, 1563, 1567, 1568, 1569, 1571, 1573, 1575, 1576, 1577, 1578, 1582, 1582, 1582, 1582, 1582, 1582, 1583, 1583, 1583, 1584, 1588, 1588, 1590, 1591, 1592, 1594, 1598, 1600, 1602, 1603, 1604, 1605, 1606, 1607, 1609, 1609, 1610, 1612, 1615, 1616, 1617, 1624, 1623, 1624, 1624, 1624, 1624, 1624, 1625, 1626, 1627, 1628, 1629, 1632, 1634, 1635, 1636, 1636, 1636, 1636, 1627, 1624, 1624, 1607, 1599, 1598, 1600, 1610, 1611, 1610, 1609, 1608, 1607, 1604, 1604, 1603, 1599, 1597, 1597, 1596, 1596, 1596, 1596, 1597, 1598, 1601, 1602, 1602, 1604, 1606, 1607, 1608, 1609, 1611, 1613, 1615, 1615, 1616, 1617, 1617, 1618, 1618, 1617, 1617, 1617, 1617, 1617, 1617, 1616, 1616, 1617, 1618, 1621, 1622, 1622, 1624, 1624, 1629, 1639, 1639, 1641, 1641, 1643, 1643, 1644, 1645, 1645, 1646, 1647, 1647, 1647, 1648, 1650, 1651, 1653, 1654, 1656, 1656, 1656, 1657, 1659, 1662, 1665, 1675, 1678, 1685, 1691, 1692, 1693, 1694, 1693, 1693, 1692, 1693, 1694, 1694, 1694, 1695, 1697, 1701, 1708, 1732, 1739, 1759, 1769, 1776, 1781, 1782, 1784, 1786, 1787, 1790, 1798, 1800, 1801, 1804, 1805, 1805, 1807, 1808, 1811, 1811, 1811, 1811, 1810, 1810, 1808, 1806, 1804, 1802, 1799, 1797, 1795, 1784, 1779, 1764, 1764, 1765, 1765, 1766, 1778, 1782, 1783, 1783, 1783, 1785, 1788, 1789, 1794, 1799, 1794, 1794, 1792, 1791, 1790, 1789, 1789, 1788, 1786, 1785, 1782, 1780, 1780, 1778, 1778, 1778, 1778, 1778, 1779, 1779, 1778, 1778, 1778, 1778, 1778, 1778, 1777, 1776, 1776, 1775, 1765, 1762, 1760, 1760, 1759, 1758, 1757, 1756, 1756, 1756, 1758, 1758, 1761, 1762, 1758, 1758, 1762, 1762, 1766, 1767, 1778, 1778, 1780, 1781, 1784, 1788, 1789, 1791, 1794, 1796, 1796, 1796, 1796, 1796, 1796, 1796, 1799, 1805, 1805, 1811, 1811, 1811, 1812, 1808, 1803, 1797, 1795, 1794, 1792, 1785, 1782, 1780, 1782, 1785, 1783, 1776, 1776, 1776, 1776, 1776, 1777, 1777, 1785, 1784, 1784, 1784, 1784, 1785, 1786, 1786, 1787, 1787, 1787, 1788, 1789, 1789, 1791, 1791, 1792, 1793, 1794, 1793, 1792, 1790, 1790, 1788, 1788, 1788, 1787, 1785, 1778, 1775, 1773, 1770, 1768, 1768, 1768, 1769, 1769, 1769, 1770, 1773, 1775, 1776, 1776, 1782, 1786, 1789, 1782, 1781, 1779, 1777, 1777, 1777, 1777, 1777, 1776, 1776, 1775, 1773, 1766, 1759, 1757, 1756, 1753, 1751, 1748, 1746, 1746, 1745, 1743, 1738, 1736, 1737, 1742, 1744, 1745, 1747, 1749, 1754, 1757, 1757, 1762, 1760, 1756, 1754, 1752, 1748, 1741, 1739, 1739, 1738, 1738, 1740, 1743, 1744, 1747, 1754, 1757, 1757, 1759, 1759, 1764, 1767, 1776, 1779, 1780, 1781, 1781, 1781, 1781, 1781, 1781, 1781, 1780, 1779, 1778, 1778, 1778, 1778, 1779, 1779, 1779, 1780, 1781, 1782, 1782, 1783, 1783, 1783, 1782, 1782, 1782, 1781, 1781, 1780, 1780, 1781, 1784, 1791, 1795, 1797, 1800, 1800, 1802, 1803, 1803, 1803, 1802, 1802, 1804, 1804, 1804, 1804, 1804, 1805, 1812, 1815, 1817, 1821, 1821, 1822, 1822, 1823, 1823, 1823, 1823, 1824, 1827, 1830, 1837, 1843, 1844, 1845, 1846, 1847, 1847, 1846, 1846, 1846, 1847, 1848, 1851, 1853, 1853]}}, {"type": "Feature", "geometry": {"type": "LineString", "coordinates": [[-99.25468, 30.52816], [-99.25486, 30.52813], [-99.25508, 30.52812], [-99.25541, 30.52813], [-99.2558, 30.52815], [-99.25584, 30.52815], [-99.25605, 30.52815], [-99.25626, 30.52816], [-99.25647, 30.52817], [-99.25658, 30.52817], [-99.25668, 30.52817], [-99.25688, 30.52818], [-99.25712, 30.52818], [-99.25747, 30.5282], [-99.25782, 30.52821], [-99.25814, 30.52821], [-99.25818, 30.52821], [-99.25834, 30.5282], [-99.25876, 30.52818], [-99.25897, 30.52816], [-99.25918, 30.52815], [-99.25926, 30.52815], [-99.25955, 30.52812], [-99.25959, 30.52812], [-99.2598, 30.5281], [-99.25986, 30.52809], [-99.26063, 30.52804], [-99.26084, 30.52803], [-99.2611, 30.528], [-99.26167, 30.52796], [-99.26187, 30.52795], [-99.26209, 30.52794], [-99.26228, 30.52793], [-99.26251, 30.52791], [-99.26264, 30.5279], [-99.26271, 30.52789], [-99.26287, 30.52788], [-99.26292, 30.52788], [-99.26305, 30.52787], [-99.26334, 30.52783], [-99.26342, 30.52782], [-99.26344, 30.52782], [-99.26357, 30.5278], [-99.26378, 30.52778], [-99.26413, 30.52774], [-99.26431, 30.5277], [-99.2646, 30.52766], [-99.26505, 30.52759], [-99.26522, 30.52757], [-99.26542, 30.52753], [-99.26645, 30.52738], [-99.26651, 30.52737], [-99.26666, 30.52735], [-99.26711, 30.52727], [-99.26789, 30.52717], [-99.2682, 30.52712], [-99.26851, 30.52708], [-99.26872, 30.52704], [-99.26915, 30.52698], [-99.26974, 30.52688], [-99.27066, 30.52674], [-99.27199, 30.52655], [-99.27209, 30.52653], [-99.2721, 30.52653], [-99.2723, 30.5265], [-99.2725, 30.52646], [-99.27264, 30.52644], [-99.2733, 30.52634], [-99.27353, 30.52631], [-99.27374, 30.52628], [-99.27396, 30.52625], [-99.27436, 30.52619], [-99.27497, 30.5261], [-99.27511, 30.52608], [-99.27518, 30.52607], [-99.27538, 30.52603], [-99.27544, 30.52602], [-99.27559, 30.526], [-99.27642, 30.52587], [-99.27662, 30.52584], [-99.27724, 30.52575], [-99.27744, 30.52572], [-99.27781, 30.52566], [-99.27806, 30.52563], [-99.27826, 30.5256], [-99.27827, 30.5256], [-99.27847, 30.52557], [-99.2785, 30.52557], [-99.27918, 30.52546], [-99.27929, 30.52544], [-99.2795, 30.52541], [-99.27991, 30.52534], [-99.28032, 30.52528], [-99.28089, 30.52519], [-99.28135, 30.52513], [-99.28136, 30.52513], [-99.28159, 30.52509], [-99.28184, 30.52504], [-99.28199, 30.52499], [-99.28205, 30.52497], [-99.28224, 30.52487], [-99.28243, 30.52472], [-99.28289, 30.52433], [-99.28311, 30.52414], [-99.28341, 30.52389], [-99.28362, 30.52371], [-99.28371, 30.52364], [-99.2838, 30.52355], [-99.2843, 30.52313], [-99.28445, 30.52301], [-99.28462, 30.52286], [-99.28475, 30.52275], [-99.28511, 30.52245], [-99.28519, 30.52238], [-99.28534, 30.52225], [-99.28549, 30.52213], [-99.28566, 30.52199], [-99.2858, 30.52186], [-99.28607, 30.52163], [-99.28629, 30.52144], [-99.28639, 30.52135], [-99.28648, 30.52127], [-99.28675, 30.52102], [-99.28682, 30.52096], [-99.28696, 30.52084], [-99.28709, 30.52076], [-99.28715, 30.52073], [-99.28719, 30.52071], [-99.28729, 30.52068], [-99.28734, 30.52067], [-99.28739, 30.52066], [-99.28755, 30.52065], [-99.28778, 30.52064], [-99.2879, 30.52062], [-99.28801, 30.52061], [-99.28818, 30.5206], [-99.28828, 30.52061], [-99.2884, 30.52063], [-99.28851, 30.52066], [-99.28861, 30.52069], [-99.28882, 30.52074], [-99.28896, 30.52076], [-99.28906, 30.52077], [-99.28912, 30.52077], [-99.2892, 30.52075], [-99.28928, 30.52071], [-99.28942, 30.52066], [-99.2897, 30.52052], [-99.28986, 30.52045], [-99.28998, 30.5204], [-99.29004, 30.52037], [-99.29014, 30.52032], [-99.29027, 30.52023], [-99.29037, 30.52015], [-99.29046, 30.52005], [-99.29055, 30.51996], [-99.29064, 30.51983], [-99.29081, 30.51954], [-99.2909, 30.51938], [-99.29101, 30.5192], [-99.29109, 30.51906], [-99.29118, 30.51891], [-99.29119, 30.5189], [-99.29141, 30.51853], [-99.29158, 30.51827], [-99.29159, 30.51825], [-99.29166, 30.51818], [-99.29173, 30.51814], [-99.29183, 30.51811], [-99.29193, 30.5181], [-99.29208, 30.51807]]}, "properties": {"surface": "two_track", "label": "Ranch two-track", "color": "#6B5A45", "miles": 2.46, "start_mi": 58.02, "end_mi": 60.48, "road": "Salt Branch Loop", "elev_ft": [1855, 1856, 1857, 1859, 1862, 1862, 1863, 1864, 1863, 1863, 1862, 1860, 1859, 1857, 1854, 1851, 1850, 1849, 1844, 1844, 1845, 1845, 1847, 1847, 1849, 1850, 1855, 1855, 1855, 1854, 1854, 1854, 1855, 1856, 1856, 1856, 1856, 1856, 1856, 1854, 1854, 1853, 1852, 1851, 1846, 1843, 1838, 1831, 1829, 1825, 1815, 1814, 1813, 1808, 1801, 1799, 1796, 1795, 1791, 1787, 1784, 1782, 1782, 1782, 1781, 1781, 1782, 1783, 1784, 1783, 1783, 1781, 1778, 1778, 1778, 1778, 1778, 1779, 1784, 1785, 1784, 1784, 1783, 1783, 1782, 1782, 1781, 1781, 1777, 1777, 1776, 1776, 1777, 1780, 1781, 1781, 1782, 1782, 1782, 1782, 1782, 1781, 1776, 1773, 1770, 1767, 1766, 1764, 1758, 1755, 1752, 1749, 1743, 1741, 1738, 1736, 1732, 1728, 1720, 1717, 1716, 1714, 1709, 1708, 1706, 1704, 1703, 1703, 1702, 1701, 1701, 1698, 1698, 1700, 1702, 1705, 1706, 1707, 1708, 1708, 1708, 1709, 1708, 1708, 1707, 1707, 1705, 1703, 1705, 1706, 1706, 1708, 1709, 1711, 1712, 1714, 1714, 1716, 1716, 1716, 1716, 1716, 1716, 1716, 1716, 1716, 1716, 1716, 1717, 1717, 1717]}}, {"type": "Feature", "geometry": {"type": "LineString", "coordinates": [[-99.29217, 30.51804], [-99.29221, 30.51802], [-99.29223, 30.51801], [-99.29228, 30.51797], [-99.29235, 30.51791], [-99.29236, 30.5179], [-99.29241, 30.51785], [-99.29248, 30.51777], [-99.29268, 30.51753], [-99.29286, 30.51733], [-99.29287, 30.51731], [-99.29294, 30.51724], [-99.29299, 30.51719], [-99.29325, 30.51691], [-99.29333, 30.51682], [-99.29338, 30.51676], [-99.29357, 30.51655], [-99.29386, 30.51627], [-99.2939, 30.51623], [-99.29411, 30.516], [-99.29418, 30.51593], [-99.29431, 30.51579], [-99.29488, 30.51512], [-99.29518, 30.51478], [-99.29547, 30.51445], [-99.29556, 30.51435], [-99.29594, 30.51392], [-99.29597, 30.51389]]}, "properties": {"surface": "unknown", "label": "Unverified", "color": "#9A9389", "miles": 0.37, "start_mi": 60.48, "end_mi": 60.85, "road": "", "elev_ft": [1718, 1719, 1719, 1720, 1722, 1722, 1724, 1726, 1736, 1743, 1743, 1744, 1745, 1750, 1752, 1753, 1757, 1757, 1757, 1757, 1757, 1758, 1762, 1763, 1764, 1765, 1765, 1765]}}, {"type": "Feature", "geometry": {"type": "LineString", "coordinates": [[-99.29635, 30.51348], [-99.29653, 30.51327], [-99.29659, 30.51321], [-99.29672, 30.51308], [-99.29704, 30.51272], [-99.29756, 30.51214], [-99.29766, 30.51203], [-99.29795, 30.51171], [-99.29822, 30.51142], [-99.29836, 30.5113], [-99.29853, 30.5112], [-99.29853, 30.5112], [-99.29903, 30.51114], [-99.29938, 30.51113], [-99.30312, 30.51118], [-99.30333, 30.51118], [-99.30352, 30.51118], [-99.30459, 30.5112], [-99.30496, 30.5112], [-99.30551, 30.51119], [-99.30552, 30.51119], [-99.30631, 30.51119], [-99.30677, 30.51119], [-99.30719, 30.5112], [-99.30782, 30.51121], [-99.30803, 30.51121], [-99.30834, 30.51122], [-99.30866, 30.51122], [-99.30895, 30.51122], [-99.30907, 30.51122], [-99.30917, 30.51123], [-99.30943, 30.51124], [-99.30951, 30.51124], [-99.30957, 30.51124], [-99.30962, 30.51123], [-99.30969, 30.51122], [-99.30969, 30.51122], [-99.30969, 30.51131], [-99.30966, 30.51151], [-99.30966, 30.51151], [-99.30965, 30.51165], [-99.30963, 30.51184], [-99.30961, 30.51205], [-99.3096, 30.51222], [-99.30959, 30.51239], [-99.30959, 30.51248], [-99.30959, 30.51266], [-99.30958, 30.51285], [-99.30958, 30.51329], [-99.30957, 30.51391], [-99.30957, 30.51427], [-99.30957, 30.5145], [-99.30957, 30.51482], [-99.30957, 30.51533], [-99.30957, 30.51603], [-99.30957, 30.51632], [-99.30957, 30.51665], [-99.30957, 30.51725], [-99.30957, 30.5173], [-99.30957, 30.51762], [-99.30957, 30.51812], [-99.30958, 30.51861], [-99.30958, 30.51875], [-99.30958, 30.51936], [-99.30958, 30.51969], [-99.30958, 30.51995], [-99.30957, 30.52058], [-99.30957, 30.52116], [-99.30957, 30.52149], [-99.30957, 30.52179], [-99.30957, 30.52233], [-99.30957, 30.52239], [-99.30956, 30.52283], [-99.30956, 30.5235], [-99.30957, 30.52401], [-99.30957, 30.52415], [-99.30956, 30.5247], [-99.30957, 30.52529], [-99.30957, 30.52575], [-99.30957, 30.52598], [-99.30957, 30.52602], [-99.30958, 30.52639], [-99.30958, 30.52671], [-99.30959, 30.52691], [-99.30959, 30.52752], [-99.30959, 30.52761], [-99.30959, 30.52779], [-99.30959, 30.52802], [-99.30959, 30.52876], [-99.30959, 30.52934], [-99.30959, 30.5294], [-99.30958, 30.52958], [-99.30958, 30.52997], [-99.30957, 30.53016], [-99.30958, 30.53043], [-99.3096, 30.53056], [-99.30964, 30.53068], [-99.3097, 30.53083], [-99.30977, 30.53098], [-99.30984, 30.53108], [-99.3099, 30.53116], [-99.30997, 30.53124], [-99.31002, 30.53129], [-99.3101, 30.53137], [-99.31016, 30.53142], [-99.31038, 30.5316], [-99.31083, 30.53196], [-99.31092, 30.53204], [-99.31122, 30.53231], [-99.31149, 30.53257], [-99.31163, 30.5327], [-99.31176, 30.53284], [-99.31182, 30.5329], [-99.31189, 30.53298], [-99.3119, 30.533], [-99.31198, 30.53311], [-99.31204, 30.5332], [-99.31212, 30.53333], [-99.31229, 30.53367], [-99.31243, 30.53395], [-99.31257, 30.53424], [-99.31277, 30.53466], [-99.31293, 30.53497], [-99.31294, 30.53498], [-99.31301, 30.53511], [-99.31311, 30.53525], [-99.31314, 30.53529], [-99.31326, 30.53545], [-99.31346, 30.53567], [-99.31351, 30.53572], [-99.31356, 30.53577], [-99.31365, 30.53585], [-99.31366, 30.53586], [-99.31382, 30.53597], [-99.3141, 30.53614], [-99.31432, 30.53628], [-99.31433, 30.53628], [-99.31449, 30.53639], [-99.31468, 30.5365], [-99.31483, 30.53662], [-99.31495, 30.53673], [-99.31496, 30.53674], [-99.3151, 30.53687], [-99.31518, 30.53695], [-99.31523, 30.53701], [-99.31526, 30.53704], [-99.31534, 30.53714], [-99.31538, 30.53722], [-99.31542, 30.53731], [-99.31543, 30.53733], [-99.31546, 30.53742], [-99.31552, 30.53767], [-99.31553, 30.5378], [-99.31554, 30.53791], [-99.31553, 30.53801], [-99.3155, 30.53812], [-99.31547, 30.53821], [-99.31536, 30.53845], [-99.31527, 30.53865], [-99.31525, 30.53872], [-99.31524, 30.53874], [-99.31522, 30.53883], [-99.31521, 30.53889], [-99.31519, 30.53901], [-99.31518, 30.53921], [-99.31517, 30.53932], [-99.31517, 30.53945], [-99.31517, 30.53956], [-99.3152, 30.53969], [-99.31523, 30.53985], [-99.31527, 30.53996], [-99.31531, 30.54009], [-99.31532, 30.54013], [-99.31545, 30.54051], [-99.31556, 30.54081], [-99.31571, 30.54122], [-99.3158, 30.54147], [-99.31582, 30.54151], [-99.31591, 30.54169], [-99.31602, 30.54195], [-99.31618, 30.54235], [-99.3162, 30.54239], [-99.31625, 30.54252], [-99.31633, 30.54269], [-99.31639, 30.54287], [-99.31647, 30.54312], [-99.3165, 30.54321], [-99.31656, 30.54341], [-99.31661, 30.54356], [-99.31661, 30.54357], [-99.31668, 30.54384], [-99.31669, 30.54391], [-99.31674, 30.54408], [-99.31676, 30.54422], [-99.3168, 30.54433], [-99.31685, 30.5445], [-99.31689, 30.54459], [-99.31693, 30.54466], [-99.317, 30.54477], [-99.31706, 30.54485], [-99.31714, 30.54495], [-99.31726, 30.5451], [-99.31747, 30.54535], [-99.31759, 30.5455], [-99.31771, 30.54564], [-99.31785, 30.54583], [-99.31794, 30.54595], [-99.31808, 30.54614], [-99.31816, 30.54624], [-99.31817, 30.54625], [-99.31824, 30.54633], [-99.3183, 30.54638], [-99.31837, 30.54643], [-99.31843, 30.54646], [-99.31851, 30.54649], [-99.31859, 30.54652], [-99.31872, 30.54656], [-99.31882, 30.54657], [-99.31893, 30.54658], [-99.31909, 30.54659], [-99.31949, 30.54658], [-99.31993, 30.54656], [-99.32014, 30.54655], [-99.32027, 30.54654], [-99.32076, 30.54652], [-99.32078, 30.54652], [-99.3209, 30.54651], [-99.32097, 30.5465], [-99.32099, 30.5465], [-99.32107, 30.54648], [-99.32113, 30.54645], [-99.32116, 30.54643], [-99.32119, 30.54642], [-99.3213, 30.54635], [-99.32141, 30.54629], [-99.3215, 30.54624], [-99.32151, 30.54624], [-99.32157, 30.54622], [-99.32164, 30.5462], [-99.32173, 30.54619], [-99.32178, 30.54619], [-99.32198, 30.5462], [-99.32206, 30.54622], [-99.32222, 30.54625], [-99.32233, 30.54627], [-99.32253, 30.54633], [-99.32268, 30.54636], [-99.32294, 30.54643], [-99.32307, 30.54647], [-99.32312, 30.54649], [-99.32317, 30.54652], [-99.32321, 30.54655], [-99.32325, 30.54659], [-99.32327, 30.54661], [-99.3233, 30.54664], [-99.32332, 30.54668], [-99.32336, 30.54676], [-99.32336, 30.54677], [-99.32338, 30.54685], [-99.32343, 30.54703], [-99.32345, 30.54712], [-99.32349, 30.54726], [-99.32355, 30.54747], [-99.32356, 30.54751], [-99.3236, 30.54765], [-99.32363, 30.5478], [-99.32364, 30.54783], [-99.32365, 30.54794], [-99.32367, 30.548], [-99.32367, 30.54802], [-99.32369, 30.54809], [-99.32374, 30.54821], [-99.32378, 30.54828], [-99.32382, 30.54836], [-99.32386, 30.54843], [-99.32389, 30.54847], [-99.32392, 30.5485], [-99.32397, 30.54856], [-99.32405, 30.54862], [-99.32422, 30.54874], [-99.32422, 30.54875], [-99.32441, 30.54887], [-99.32455, 30.54896], [-99.32476, 30.5491], [-99.32486, 30.54917], [-99.32496, 30.54924], [-99.32502, 30.54931], [-99.32506, 30.54938], [-99.32508, 30.54942], [-99.32509, 30.54947], [-99.32509, 30.54948], [-99.32511, 30.54954], [-99.32511, 30.54963], [-99.32511, 30.54966], [-99.32511, 30.5497], [-99.32511, 30.5498], [-99.32511, 30.54984], [-99.3251, 30.54989], [-99.32509, 30.54998], [-99.32506, 30.55012], [-99.32503, 30.55022], [-99.325, 30.55032], [-99.32499, 30.55037], [-99.32498, 30.55047], [-99.32498, 30.55054], [-99.32498, 30.55055], [-99.325, 30.55061], [-99.32502, 30.55072], [-99.32503, 30.55077], [-99.32506, 30.5509], [-99.32506, 30.55091], [-99.3251, 30.55108], [-99.3251, 30.55111], [-99.32516, 30.5513], [-99.32517, 30.55137], [-99.32518, 30.55143], [-99.32518, 30.55144], [-99.32518, 30.55153], [-99.32517, 30.55161], [-99.32517, 30.55165], [-99.32516, 30.55175], [-99.32515, 30.55179], [-99.32514, 30.55193], [-99.32513, 30.55197], [-99.32513, 30.55204], [-99.32511, 30.55215], [-99.32509, 30.55228], [-99.32509, 30.55232], [-99.32509, 30.55236], [-99.32509, 30.55241], [-99.32509, 30.55245], [-99.3251, 30.55252], [-99.32512, 30.55258], [-99.32519, 30.55271], [-99.32526, 30.55283], [-99.32527, 30.55285], [-99.32535, 30.55302], [-99.32543, 30.55316], [-99.32548, 30.55327], [-99.32556, 30.55344], [-99.32559, 30.5535], [-99.32566, 30.55367], [-99.32571, 30.55376], [-99.32578, 30.55389], [-99.32585, 30.55399], [-99.32595, 30.55414], [-99.32617, 30.55446], [-99.32632, 30.55467], [-99.32641, 30.5548], [-99.32652, 30.555], [-99.32657, 30.5551], [-99.32662, 30.55524], [-99.32664, 30.55533], [-99.32667, 30.55542], [-99.32667, 30.55543], [-99.32669, 30.55561], [-99.3267, 30.55571], [-99.32671, 30.55579], [-99.32671, 30.55582], [-99.32673, 30.55592], [-99.32674, 30.55596], [-99.32675, 30.55599], [-99.32678, 30.55606], [-99.32681, 30.55611], [-99.32686, 30.55619], [-99.32691, 30.55626], [-99.32697, 30.55632], [-99.32707, 30.5564], [-99.32708, 30.55641], [-99.32723, 30.55652], [-99.32729, 30.55657], [-99.32738, 30.55665], [-99.32749, 30.55673], [-99.32753, 30.55677], [-99.32761, 30.55683], [-99.32781, 30.557], [-99.32784, 30.55702], [-99.328, 30.55716], [-99.32811, 30.55727], [-99.32818, 30.55735], [-99.32827, 30.55747], [-99.32832, 30.55755], [-99.32834, 30.55758], [-99.32837, 30.55763], [-99.32843, 30.55773], [-99.32843, 30.55774], [-99.32847, 30.55782], [-99.32848, 30.5579], [-99.32849, 30.55792], [-99.32849, 30.55797], [-99.32849, 30.55803], [-99.32849, 30.5581], [-99.32848, 30.55816], [-99.32846, 30.55828], [-99.32845, 30.55836], [-99.32843, 30.55842], [-99.32841, 30.55845], [-99.32834, 30.55859], [-99.32828, 30.55872], [-99.32825, 30.55877], [-99.32822, 30.55884], [-99.32821, 30.55888], [-99.3282, 30.55895], [-99.32819, 30.55905], [-99.3282, 30.55913], [-99.3282, 30.55914], [-99.32822, 30.55922], [-99.32825, 30.55931], [-99.3283, 30.55942], [-99.32833, 30.55947], [-99.32838, 30.55955], [-99.32842, 30.55962], [-99.32847, 30.5597], [-99.32853, 30.55977], [-99.32855, 30.55978], [-99.32862, 30.55984], [-99.32871, 30.55992], [-99.32885, 30.56003], [-99.329, 30.56016], [-99.32923, 30.56034], [-99.32946, 30.56054], [-99.3296, 30.56065], [-99.32967, 30.56072], [-99.32984, 30.56086], [-99.32989, 30.56091], [-99.33, 30.56101], [-99.33003, 30.56105], [-99.33005, 30.56107], [-99.33012, 30.56116], [-99.33019, 30.56127], [-99.33028, 30.56142], [-99.33039, 30.56162], [-99.33042, 30.56168], [-99.33047, 30.56176], [-99.3305, 30.56184], [-99.33051, 30.56185], [-99.33053, 30.56189], [-99.33058, 30.56201], [-99.33062, 30.56217], [-99.33063, 30.56219], [-99.33065, 30.56229], [-99.33067, 30.56239], [-99.33069, 30.56254], [-99.33069, 30.56259], [-99.33072, 30.56276], [-99.33073, 30.56286], [-99.33077, 30.56315], [-99.33078, 30.56322], [-99.33079, 30.56333], [-99.33081, 30.56351], [-99.33083, 30.56368], [-99.33083, 30.56384], [-99.33083, 30.56394], [-99.33083, 30.5641], [-99.33083, 30.56418], [-99.33083, 30.56422], [-99.33082, 30.56425], [-99.33081, 30.56429], [-99.33078, 30.56437], [-99.33073, 30.56446], [-99.33066, 30.56457], [-99.3306, 30.56466], [-99.33056, 30.56471], [-99.3305, 30.56476], [-99.33047, 30.56479], [-99.33035, 30.56489], [-99.3303, 30.56494], [-99.33021, 30.56502], [-99.33018, 30.56507], [-99.33016, 30.5651], [-99.33015, 30.56513], [-99.33013, 30.56518], [-99.33008, 30.56536], [-99.33008, 30.56537], [-99.33008, 30.56541], [-99.33008, 30.56543], [-99.33008, 30.56545], [-99.3301, 30.56549], [-99.33012, 30.56551], [-99.33016, 30.56555], [-99.33019, 30.56557], [-99.33029, 30.56563], [-99.33035, 30.56568], [-99.33041, 30.56573], [-99.33045, 30.56579], [-99.3305, 30.56588], [-99.33053, 30.56593], [-99.33054, 30.56599], [-99.33055, 30.56605], [-99.33055, 30.56611], [-99.33054, 30.56616], [-99.33051, 30.56632], [-99.33049, 30.56642], [-99.33049, 30.56646], [-99.33048, 30.56649], [-99.33047, 30.56658], [-99.33048, 30.56675], [-99.33048, 30.56682], [-99.33049, 30.56699], [-99.33049, 30.567], [-99.3305, 30.56718], [-99.3305, 30.56731], [-99.33052, 30.56755], [-99.33052, 30.56769], [-99.33052, 30.56775], [-99.33051, 30.5678], [-99.33045, 30.56787], [-99.33038, 30.56795], [-99.32999, 30.56833], [-99.32958, 30.56872], [-99.32955, 30.56875], [-99.32931, 30.56898], [-99.32913, 30.56916], [-99.32895, 30.56933], [-99.32881, 30.56945], [-99.32873, 30.56951], [-99.32869, 30.56953], [-99.32866, 30.56955], [-99.32861, 30.56957], [-99.32833, 30.56971], [-99.32826, 30.56974], [-99.32797, 30.56988], [-99.32764, 30.57004], [-99.32742, 30.57014], [-99.32712, 30.57028], [-99.327, 30.57033], [-99.32689, 30.57036], [-99.32685, 30.57037], [-99.32682, 30.57037], [-99.3267, 30.57038], [-99.32614, 30.57042], [-99.32563, 30.57044], [-99.3252, 30.57046], [-99.32513, 30.57046], [-99.32505, 30.57047], [-99.32499, 30.57049], [-99.32498, 30.57049], [-99.32493, 30.57051], [-99.32486, 30.57053], [-99.3248, 30.57056], [-99.32472, 30.5706], [-99.32461, 30.57066], [-99.32459, 30.57067], [-99.32443, 30.57078], [-99.32432, 30.57087], [-99.32429, 30.5709], [-99.32425, 30.57094], [-99.32422, 30.571], [-99.32419, 30.57105], [-99.32416, 30.5711], [-99.32412, 30.5712], [-99.32412, 30.57122], [-99.32408, 30.57137], [-99.32404, 30.57147], [-99.32402, 30.57153], [-99.32399, 30.57157], [-99.32397, 30.57161], [-99.32393, 30.57167], [-99.32388, 30.57172], [-99.32386, 30.57174], [-99.32383, 30.57179], [-99.32379, 30.57185], [-99.32368, 30.57205], [-99.32353, 30.57224], [-99.32334, 30.57249], [-99.32332, 30.57251], [-99.3232, 30.57266], [-99.32309, 30.57281], [-99.32291, 30.57304], [-99.32288, 30.57308], [-99.32286, 30.57312], [-99.3228, 30.57329], [-99.32279, 30.57331], [-99.32275, 30.5734], [-99.32274, 30.57344], [-99.32273, 30.57348], [-99.32273, 30.57356], [-99.32273, 30.57362], [-99.32271, 30.57368], [-99.32269, 30.57375], [-99.32268, 30.57381], [-99.32267, 30.57384], [-99.32264, 30.57398], [-99.32264, 30.57399], [-99.32262, 30.57412], [-99.32261, 30.57416], [-99.32259, 30.57421], [-99.32251, 30.57436], [-99.3224, 30.57453], [-99.32226, 30.57469], [-99.32219, 30.57479], [-99.32212, 30.57488], [-99.32209, 30.57493], [-99.32208, 30.57494], [-99.32206, 30.57497], [-99.32193, 30.57525], [-99.32192, 30.57527], [-99.32185, 30.57544], [-99.32184, 30.57546], [-99.3218, 30.57554], [-99.32175, 30.57568], [-99.32166, 30.57594], [-99.32156, 30.57626], [-99.32145, 30.57658], [-99.32142, 30.57665], [-99.32131, 30.57692], [-99.32117, 30.57726], [-99.32102, 30.57761], [-99.32092, 30.57783], [-99.32077, 30.57816], [-99.32073, 30.57825], [-99.32059, 30.57855], [-99.32045, 30.57882], [-99.32034, 30.57904], [-99.32011, 30.57949], [-99.32008, 30.57955], [-99.3199, 30.5799], [-99.31976, 30.58014], [-99.31961, 30.58041], [-99.3195, 30.58061], [-99.31939, 30.58078], [-99.31937, 30.58081], [-99.31929, 30.58094], [-99.31921, 30.58107], [-99.31919, 30.5811], [-99.31911, 30.58121], [-99.31894, 30.58144], [-99.31885, 30.58155], [-99.31878, 30.58163], [-99.31872, 30.5817], [-99.31867, 30.58176], [-99.31852, 30.58189], [-99.31844, 30.58196], [-99.31842, 30.58198], [-99.31836, 30.58202], [-99.3183, 30.58205], [-99.31825, 30.58207], [-99.31819, 30.58209], [-99.31814, 30.5821], [-99.31803, 30.58212], [-99.31779, 30.58215], [-99.31744, 30.58219], [-99.31728, 30.58221], [-99.31661, 30.5823], [-99.3166, 30.5823], [-99.31651, 30.58232], [-99.31572, 30.58242], [-99.31538, 30.58247], [-99.31536, 30.58247], [-99.31518, 30.58251], [-99.31506, 30.58254], [-99.31483, 30.58264], [-99.31479, 30.58266], [-99.31444, 30.58283], [-99.31408, 30.58301], [-99.31376, 30.58318], [-99.31353, 30.58329], [-99.31352, 30.5833], [-99.31335, 30.58338], [-99.31316, 30.58348], [-99.31278, 30.58367], [-99.31264, 30.58376], [-99.3125, 30.58384], [-99.31228, 30.58396], [-99.31219, 30.58401], [-99.31193, 30.58416], [-99.31188, 30.58419], [-99.31176, 30.58426], [-99.31163, 30.58434], [-99.3116, 30.58437], [-99.3115, 30.58444], [-99.3114, 30.58452], [-99.31132, 30.58462], [-99.31124, 30.58474], [-99.3111, 30.58497], [-99.31087, 30.58544], [-99.31083, 30.58552], [-99.31067, 30.58576], [-99.31059, 30.58587], [-99.3105, 30.58597], [-99.31041, 30.58606], [-99.31011, 30.58629], [-99.30998, 30.58639], [-99.30996, 30.58641], [-99.30987, 30.58649], [-99.3097, 30.58667], [-99.30944, 30.58697], [-99.30925, 30.5872], [-99.30919, 30.58726], [-99.30916, 30.58729], [-99.309, 30.58744], [-99.30875, 30.58768], [-99.30855, 30.58786], [-99.30838, 30.58802], [-99.30833, 30.58805], [-99.30828, 30.58809], [-99.30817, 30.58816], [-99.30814, 30.58818], [-99.30806, 30.58822], [-99.30795, 30.58825], [-99.30774, 30.5883], [-99.3075, 30.58834], [-99.30717, 30.58842], [-99.30697, 30.58847], [-99.3067, 30.58854], [-99.30657, 30.58857], [-99.30653, 30.58858], [-99.3064, 30.58862], [-99.30638, 30.58863], [-99.30634, 30.58865], [-99.3063, 30.58868], [-99.30625, 30.58872], [-99.30621, 30.58877], [-99.30619, 30.58882], [-99.30616, 30.58891], [-99.30611, 30.58909], [-99.30609, 30.58915], [-99.30607, 30.5892], [-99.30604, 30.58924], [-99.306, 30.58928], [-99.30592, 30.58934], [-99.30576, 30.58945], [-99.30567, 30.5895], [-99.30556, 30.58958], [-99.3055, 30.58964], [-99.30543, 30.58971], [-99.30536, 30.58979], [-99.30533, 30.58984], [-99.30529, 30.58996], [-99.30527, 30.59001], [-99.30526, 30.59005], [-99.30524, 30.59018], [-99.30523, 30.59026], [-99.30524, 30.59037], [-99.30524, 30.59038], [-99.30524, 30.59048], [-99.30526, 30.59058], [-99.3053, 30.59077], [-99.30532, 30.59092], [-99.30536, 30.59108], [-99.30538, 30.59117], [-99.30543, 30.59134], [-99.30556, 30.59178], [-99.30557, 30.59182], [-99.30559, 30.59194], [-99.3056, 30.592], [-99.30561, 30.59206], [-99.30561, 30.59212], [-99.3056, 30.59213], [-99.3056, 30.5922], [-99.30558, 30.59232], [-99.30555, 30.59245], [-99.30549, 30.59267], [-99.30543, 30.59289], [-99.3054, 30.59301], [-99.30531, 30.59332], [-99.30523, 30.59362], [-99.3052, 30.59371], [-99.30516, 30.59384], [-99.30514, 30.59389], [-99.30508, 30.59406], [-99.30506, 30.59414], [-99.30502, 30.59423], [-99.30493, 30.59444], [-99.30488, 30.59457], [-99.30482, 30.59471], [-99.30481, 30.59474], [-99.30474, 30.59494], [-99.30471, 30.59504], [-99.30469, 30.5951], [-99.30468, 30.59517], [-99.30468, 30.59526], [-99.30467, 30.59528], [-99.30467, 30.59537], [-99.30469, 30.59561], [-99.3047, 30.59573], [-99.30475, 30.59603], [-99.30477, 30.59621], [-99.3048, 30.59642], [-99.30486, 30.5969], [-99.30489, 30.5971], [-99.30491, 30.59728], [-99.30494, 30.59756], [-99.30497, 30.59785], [-99.30501, 30.59811], [-99.30507, 30.59848], [-99.30508, 30.59853], [-99.30511, 30.59871], [-99.30515, 30.59888], [-99.30515, 30.59889], [-99.30517, 30.59905], [-99.30518, 30.59906], [-99.30519, 30.59918], [-99.30519, 30.59928], [-99.30519, 30.59935], [-99.30518, 30.59945], [-99.30515, 30.59955], [-99.30511, 30.59967], [-99.30507, 30.59977], [-99.30507, 30.59978], [-99.30498, 30.59992], [-99.30498, 30.59993], [-99.30493, 30.60001], [-99.30488, 30.60008], [-99.30486, 30.6001], [-99.30476, 30.60022], [-99.30462, 30.60037], [-99.30448, 30.60051], [-99.30443, 30.60056], [-99.3042, 30.60078], [-99.30404, 30.60093], [-99.30401, 30.60096], [-99.30386, 30.60109], [-99.30378, 30.60114], [-99.3037, 30.6012], [-99.30364, 30.60125], [-99.30353, 30.60132], [-99.3034, 30.6014], [-99.30303, 30.6016], [-99.30261, 30.60182], [-99.30248, 30.60189], [-99.30221, 30.60203], [-99.30195, 30.60218], [-99.30188, 30.60222], [-99.30161, 30.60238], [-99.3016, 30.60239], [-99.3015, 30.60246], [-99.3014, 30.60253], [-99.30113, 30.60273], [-99.30089, 30.60291], [-99.30043, 30.60322], [-99.30031, 30.60329], [-99.30015, 30.6034], [-99.30009, 30.60344], [-99.29989, 30.60357], [-99.29965, 30.60373], [-99.2994, 30.60392], [-99.29879, 30.6044], [-99.29859, 30.60455], [-99.29833, 30.60475], [-99.29827, 30.60479], [-99.29811, 30.60491], [-99.29801, 30.605], [-99.29791, 30.60508], [-99.29785, 30.60514], [-99.29777, 30.60522], [-99.29768, 30.60532], [-99.29762, 30.60539], [-99.29757, 30.60545], [-99.29747, 30.60556], [-99.29745, 30.6056], [-99.29733, 30.60575], [-99.29732, 30.60576], [-99.29721, 30.60589], [-99.29709, 30.60604], [-99.29702, 30.60613], [-99.29698, 30.60619], [-99.29686, 30.60634], [-99.29678, 30.60644], [-99.29654, 30.60674], [-99.29651, 30.60679], [-99.29642, 30.60689], [-99.29627, 30.60705], [-99.29617, 30.60716], [-99.29601, 30.60731], [-99.2959, 30.60741], [-99.29582, 30.60746], [-99.29572, 30.60754], [-99.29566, 30.60758], [-99.29559, 30.60763], [-99.29548, 30.6077], [-99.29536, 30.60777], [-99.29529, 30.6078], [-99.29514, 30.60785], [-99.29498, 30.60789], [-99.29481, 30.60792], [-99.29461, 30.60794], [-99.29444, 30.60795], [-99.29431, 30.60795], [-99.29415, 30.60793], [-99.29407, 30.60792], [-99.29391, 30.6079], [-99.29377, 30.60787], [-99.29369, 30.60785], [-99.29362, 30.60782], [-99.29355, 30.6078], [-99.2935, 30.60777], [-99.29344, 30.60773], [-99.29335, 30.60767], [-99.29328, 30.60762], [-99.29319, 30.60754], [-99.29315, 30.60752], [-99.29312, 30.60751], [-99.2931, 30.6075], [-99.29306, 30.6075], [-99.29303, 30.6075], [-99.293, 30.6075], [-99.29294, 30.60752], [-99.29287, 30.60755], [-99.29281, 30.60759], [-99.29267, 30.60769], [-99.29264, 30.60771], [-99.29252, 30.60779], [-99.29236, 30.6079], [-99.29221, 30.608], [-99.29217, 30.60803], [-99.29212, 30.60807], [-99.29209, 30.60811], [-99.29205, 30.60815], [-99.292, 30.60826], [-99.29193, 30.60838], [-99.2919, 30.60843], [-99.29186, 30.60848], [-99.29179, 30.60857], [-99.29177, 30.6086], [-99.29169, 30.60869], [-99.29167, 30.60872], [-99.29158, 30.60881], [-99.2915, 30.60889], [-99.29132, 30.60904], [-99.29124, 30.60911], [-99.29108, 30.60926], [-99.29097, 30.60935], [-99.29087, 30.60945], [-99.29072, 30.60956], [-99.29051, 30.60971], [-99.29037, 30.60983], [-99.2903, 30.60987], [-99.29025, 30.60992], [-99.29024, 30.60993], [-99.29007, 30.6101], [-99.28989, 30.61029], [-99.28959, 30.61062], [-99.28945, 30.61077], [-99.28928, 30.61094], [-99.289, 30.61124], [-99.28888, 30.61135], [-99.28864, 30.61155], [-99.28858, 30.61159], [-99.28855, 30.6116], [-99.2885, 30.61163], [-99.28844, 30.61165], [-99.28839, 30.61167], [-99.28838, 30.61167], [-99.28829, 30.61169], [-99.28804, 30.61175], [-99.28778, 30.61182], [-99.28747, 30.61189], [-99.28738, 30.61191], [-99.28688, 30.61203], [-99.28658, 30.6121], [-99.28653, 30.61211], [-99.28638, 30.61215], [-99.28635, 30.61216], [-99.28597, 30.61225], [-99.28575, 30.61231], [-99.28557, 30.61236], [-99.28554, 30.61237], [-99.28548, 30.61239], [-99.28544, 30.61241], [-99.28538, 30.61244], [-99.28533, 30.61248], [-99.28528, 30.61252], [-99.28519, 30.61261], [-99.28511, 30.61272], [-99.28501, 30.61286], [-99.28498, 30.61291], [-99.28487, 30.61307], [-99.28479, 30.61317], [-99.28474, 30.61323], [-99.28451, 30.61351], [-99.2843, 30.61375], [-99.28416, 30.61392], [-99.28376, 30.61437], [-99.28367, 30.61447], [-99.28347, 30.61469], [-99.28316, 30.61505], [-99.28285, 30.6154], [-99.28253, 30.61576], [-99.28245, 30.61586], [-99.28229, 30.61606], [-99.28224, 30.61614], [-99.2822, 30.6162], [-99.28214, 30.61632], [-99.28208, 30.61646], [-99.28205, 30.61655], [-99.28201, 30.61667], [-99.28197, 30.61677], [-99.28191, 30.61691], [-99.28183, 30.61709], [-99.28176, 30.61722], [-99.28166, 30.61742], [-99.28159, 30.61755], [-99.28147, 30.61776], [-99.28128, 30.6181], [-99.28123, 30.6182], [-99.2812, 30.61825], [-99.28111, 30.61839], [-99.28103, 30.61849], [-99.28088, 30.61866], [-99.28071, 30.61886], [-99.28065, 30.61894], [-99.28061, 30.619], [-99.28058, 30.61906], [-99.28056, 30.61911], [-99.28047, 30.61931], [-99.28033, 30.61961], [-99.28031, 30.61965], [-99.28023, 30.6198], [-99.28016, 30.61994], [-99.28014, 30.61998], [-99.2801, 30.62005], [-99.28005, 30.62011], [-99.28, 30.62016], [-99.27992, 30.62022], [-99.27988, 30.62026], [-99.27973, 30.62039], [-99.27942, 30.62063], [-99.27928, 30.62075], [-99.27896, 30.62099], [-99.2789, 30.62104], [-99.27851, 30.62136], [-99.2785, 30.62136], [-99.27792, 30.62182], [-99.2776, 30.62208], [-99.27746, 30.62219], [-99.27705, 30.62251], [-99.27675, 30.62276], [-99.27654, 30.62292], [-99.27623, 30.62317], [-99.27606, 30.62331], [-99.2757, 30.62359], [-99.27549, 30.62376], [-99.27547, 30.62378], [-99.27536, 30.62387], [-99.27531, 30.6239], [-99.27497, 30.62416], [-99.27469, 30.62437], [-99.27453, 30.6245], [-99.27439, 30.62461], [-99.27438, 30.62462], [-99.27422, 30.62475], [-99.27413, 30.62483], [-99.27406, 30.62489], [-99.27395, 30.62501], [-99.27388, 30.62508], [-99.27377, 30.62519], [-99.27368, 30.62527], [-99.27367, 30.62528], [-99.27358, 30.62535], [-99.27351, 30.6254], [-99.27342, 30.62546], [-99.27334, 30.62551], [-99.27333, 30.62551], [-99.27327, 30.62554], [-99.2732, 30.62556], [-99.27315, 30.62557], [-99.27314, 30.62558], [-99.27308, 30.62558], [-99.27304, 30.62558], [-99.27298, 30.62558], [-99.27294, 30.62558], [-99.27282, 30.62557], [-99.2723, 30.62553], [-99.27197, 30.62551], [-99.2719, 30.62551], [-99.27162, 30.62549], [-99.27148, 30.62549], [-99.27129, 30.62549], [-99.27128, 30.62549], [-99.27105, 30.62549], [-99.27072, 30.62551], [-99.2703, 30.62555], [-99.27003, 30.62558], [-99.26996, 30.62558], [-99.26953, 30.62561], [-99.26919, 30.62563], [-99.26916, 30.62563], [-99.26898, 30.62565], [-99.26878, 30.62567], [-99.26874, 30.62567], [-99.26857, 30.62569], [-99.2684, 30.62571], [-99.26808, 30.62574], [-99.26797, 30.62575], [-99.26784, 30.62577], [-99.26774, 30.62579], [-99.26759, 30.62583], [-99.26754, 30.62584], [-99.2674, 30.62587], [-99.26734, 30.62589], [-99.26704, 30.62597], [-99.26641, 30.62614], [-99.26634, 30.62615], [-99.266, 30.62624], [-99.26582, 30.62628], [-99.26578, 30.62629], [-99.26573, 30.6263], [-99.26569, 30.6263], [-99.2656, 30.62631], [-99.26552, 30.6263], [-99.26544, 30.6263], [-99.26528, 30.62628], [-99.26511, 30.62625], [-99.26495, 30.62622], [-99.26474, 30.62618], [-99.26456, 30.62614], [-99.26436, 30.62609], [-99.26431, 30.62608], [-99.26406, 30.62601], [-99.26393, 30.62598], [-99.26383, 30.62597], [-99.26369, 30.62597], [-99.26358, 30.62599], [-99.2635, 30.62602], [-99.26348, 30.62603], [-99.26339, 30.62607], [-99.26332, 30.62612], [-99.26329, 30.62614], [-99.26322, 30.62618], [-99.26314, 30.62626], [-99.26307, 30.62633], [-99.26298, 30.62645], [-99.26285, 30.62663], [-99.26281, 30.62668], [-99.26274, 30.62679], [-99.2627, 30.62683], [-99.26261, 30.62694], [-99.26247, 30.62712], [-99.26247, 30.62713], [-99.26224, 30.62744], [-99.26215, 30.62756], [-99.26197, 30.6278], [-99.26183, 30.62799], [-99.2618, 30.62805], [-99.26157, 30.62839], [-99.26149, 30.62852], [-99.26143, 30.62861], [-99.26129, 30.62883], [-99.26119, 30.62899], [-99.26118, 30.62902], [-99.2611, 30.62915], [-99.26108, 30.62919], [-99.26103, 30.62931], [-99.26102, 30.62932], [-99.26099, 30.62938], [-99.26095, 30.62945], [-99.26093, 30.62948], [-99.26089, 30.62954], [-99.2608, 30.62968], [-99.26072, 30.62979], [-99.26071, 30.62979], [-99.26065, 30.62989], [-99.26062, 30.62995], [-99.26062, 30.62996], [-99.2606, 30.63003], [-99.26058, 30.6301], [-99.26058, 30.63013], [-99.26055, 30.63023], [-99.26053, 30.6303], [-99.2605, 30.63043], [-99.26049, 30.63048], [-99.26044, 30.63065], [-99.26044, 30.63066], [-99.2604, 30.63077], [-99.26037, 30.6309], [-99.26035, 30.63096], [-99.26035, 30.631], [-99.26034, 30.63105], [-99.26034, 30.63118], [-99.26034, 30.63125], [-99.26033, 30.63136], [-99.26033, 30.63144], [-99.26033, 30.63154], [-99.26033, 30.63165], [-99.26032, 30.63172], [-99.26031, 30.6319], [-99.26031, 30.63196], [-99.2603, 30.63207], [-99.2603, 30.63208], [-99.2603, 30.63226], [-99.26029, 30.63244], [-99.26029, 30.63245], [-99.26028, 30.63273], [-99.26028, 30.6328], [-99.26029, 30.63296], [-99.26029, 30.63298], [-99.26029, 30.63318], [-99.2603, 30.63352], [-99.2603, 30.6337], [-99.2603, 30.63382], [-99.2603, 30.63388], [-99.26031, 30.63406], [-99.26031, 30.63416], [-99.26031, 30.63424], [-99.2603, 30.6344], [-99.2603, 30.63442], [-99.26029, 30.63453], [-99.26028, 30.6346], [-99.26028, 30.63464], [-99.26025, 30.63479], [-99.26022, 30.63486], [-99.26018, 30.63495], [-99.26017, 30.63498], [-99.26009, 30.63512], [-99.25987, 30.63546], [-99.2598, 30.63559], [-99.25972, 30.63573], [-99.25963, 30.63591], [-99.25955, 30.63608], [-99.25948, 30.63623], [-99.2594, 30.6364], [-99.2593, 30.63663], [-99.25923, 30.63683], [-99.25916, 30.63699], [-99.25913, 30.63707], [-99.25912, 30.63709], [-99.25907, 30.6372], [-99.25901, 30.63735], [-99.25896, 30.63744], [-99.25889, 30.6376], [-99.25885, 30.6377], [-99.25876, 30.63787], [-99.25874, 30.63793], [-99.25867, 30.63808], [-99.25861, 30.6382], [-99.25858, 30.63826], [-99.25856, 30.6383], [-99.25853, 30.63838], [-99.25852, 30.63842], [-99.25847, 30.63853], [-99.25845, 30.6386], [-99.25842, 30.63866], [-99.25842, 30.63868], [-99.25837, 30.63878], [-99.25826, 30.63901], [-99.25817, 30.63918], [-99.2581, 30.63931], [-99.25809, 30.63932], [-99.25802, 30.63945], [-99.25797, 30.63953], [-99.25792, 30.63962], [-99.2578, 30.6398], [-99.25779, 30.63982], [-99.25763, 30.64005], [-99.25751, 30.64023], [-99.25748, 30.64026], [-99.25734, 30.64048], [-99.25705, 30.64091], [-99.25701, 30.64098], [-99.25693, 30.64109], [-99.25683, 30.64125], [-99.25681, 30.64129], [-99.25675, 30.64138], [-99.2567, 30.64145], [-99.25667, 30.64149], [-99.2566, 30.64159], [-99.2566, 30.6416], [-99.25645, 30.64183], [-99.25633, 30.642], [-99.25629, 30.64207], [-99.25622, 30.64218], [-99.25613, 30.64232], [-99.2561, 30.64239], [-99.25607, 30.64243], [-99.256, 30.64255], [-99.25599, 30.64257], [-99.25587, 30.64278], [-99.25581, 30.64287], [-99.25576, 30.64295], [-99.2557, 30.64303], [-99.25565, 30.64309], [-99.25557, 30.64318], [-99.25548, 30.64328], [-99.25544, 30.64331], [-99.25538, 30.64337], [-99.2553, 30.64344], [-99.25529, 30.64344], [-99.25516, 30.64354], [-99.25514, 30.64356], [-99.25507, 30.64361], [-99.25499, 30.64367], [-99.2549, 30.64374], [-99.2548, 30.64381], [-99.25469, 30.64388], [-99.25466, 30.6439], [-99.25456, 30.64396], [-99.25431, 30.6441], [-99.2542, 30.64416], [-99.25402, 30.64426], [-99.25392, 30.64433], [-99.25379, 30.64442], [-99.25374, 30.64446], [-99.25357, 30.64459], [-99.25348, 30.64467], [-99.2534, 30.64474], [-99.25333, 30.64479], [-99.25328, 30.64484], [-99.25323, 30.64487], [-99.25318, 30.64491], [-99.25316, 30.64492], [-99.25307, 30.64497], [-99.253, 30.64501], [-99.25294, 30.64503], [-99.25284, 30.64508], [-99.25282, 30.64509], [-99.2526, 30.64519], [-99.25247, 30.64526], [-99.25245, 30.64527], [-99.25227, 30.64536], [-99.25209, 30.64545], [-99.25198, 30.64551], [-99.25192, 30.64554], [-99.25191, 30.64554], [-99.25186, 30.64556], [-99.2518, 30.64557], [-99.25175, 30.64559], [-99.25168, 30.6456], [-99.25162, 30.64561], [-99.2516, 30.64561], [-99.25148, 30.64562], [-99.25141, 30.64562], [-99.25131, 30.64563], [-99.25108, 30.64564], [-99.25078, 30.64565], [-99.25071, 30.64565], [-99.25057, 30.64566], [-99.2504, 30.64567], [-99.25011, 30.64569], [-99.24995, 30.6457], [-99.24993, 30.6457], [-99.24986, 30.64571], [-99.24977, 30.64571], [-99.24974, 30.64571], [-99.24967, 30.6457], [-99.24955, 30.64569], [-99.24938, 30.64567], [-99.24922, 30.64565], [-99.24912, 30.64564], [-99.2491, 30.64564], [-99.24896, 30.64563], [-99.24891, 30.64562], [-99.2487, 30.64561], [-99.24863, 30.6456], [-99.24835, 30.64559], [-99.24828, 30.64558], [-99.24814, 30.64557], [-99.24808, 30.64557], [-99.24793, 30.64557], [-99.2478, 30.64556], [-99.24779, 30.64556], [-99.24767, 30.64555], [-99.24759, 30.64555], [-99.2475, 30.64554], [-99.24717, 30.64552], [-99.24696, 30.64551], [-99.24677, 30.64551], [-99.24672, 30.64552], [-99.24669, 30.64554], [-99.24667, 30.64555], [-99.24664, 30.64557], [-99.24662, 30.64559], [-99.24652, 30.64568], [-99.24652, 30.64568], [-99.24663, 30.64577], [-99.24678, 30.64591], [-99.24689, 30.64601], [-99.24695, 30.64606], [-99.24697, 30.64608], [-99.24706, 30.64616], [-99.24712, 30.6462], [-99.24743, 30.64644]]}, "properties": {"surface": "two_track", "label": "Ranch two-track", "color": "#6B5A45", "miles": 13.72, "start_mi": 60.85, "end_mi": 74.57, "road": "James River Road", "elev_ft": [1766, 1766, 1767, 1767, 1767, 1767, 1767, 1767, 1767, 1766, 1766, 1766, 1768, 1769, 1784, 1784, 1785, 1787, 1788, 1790, 1790, 1794, 1796, 1798, 1801, 1802, 1803, 1805, 1806, 1806, 1806, 1807, 1807, 1807, 1807, 1807, 1807, 1807, 1807, 1807, 1806, 1806, 1805, 1805, 1805, 1804, 1804, 1803, 1802, 1801, 1800, 1799, 1797, 1795, 1791, 1789, 1787, 1784, 1784, 1783, 1783, 1784, 1785, 1786, 1787, 1787, 1788, 1789, 1789, 1788, 1788, 1788, 1788, 1788, 1789, 1789, 1790, 1790, 1791, 1792, 1792, 1793, 1795, 1795, 1795, 1795, 1795, 1795, 1795, 1795, 1795, 1795, 1794, 1795, 1794, 1794, 1793, 1792, 1791, 1790, 1790, 1789, 1789, 1788, 1788, 1787, 1785, 1785, 1785, 1784, 1783, 1783, 1782, 1782, 1781, 1781, 1780, 1778, 1772, 1768, 1766, 1762, 1758, 1758, 1756, 1754, 1753, 1751, 1749, 1749, 1749, 1749, 1749, 1751, 1756, 1759, 1759, 1762, 1763, 1763, 1763, 1763, 1763, 1763, 1762, 1762, 1760, 1759, 1757, 1757, 1755, 1748, 1746, 1745, 1744, 1744, 1743, 1739, 1733, 1731, 1731, 1728, 1727, 1725, 1720, 1717, 1713, 1709, 1706, 1702, 1699, 1696, 1695, 1685, 1681, 1673, 1669, 1668, 1665, 1660, 1649, 1648, 1645, 1642, 1634, 1620, 1616, 1614, 1614, 1614, 1615, 1615, 1615, 1615, 1615, 1616, 1616, 1616, 1616, 1616, 1616, 1615, 1614, 1614, 1612, 1612, 1612, 1612, 1612, 1612, 1611, 1611, 1610, 1610, 1609, 1608, 1607, 1606, 1605, 1603, 1599, 1600, 1602, 1604, 1604, 1604, 1604, 1604, 1604, 1604, 1604, 1604, 1603, 1603, 1602, 1602, 1602, 1602, 1601, 1600, 1599, 1597, 1596, 1594, 1592, 1588, 1586, 1582, 1579, 1577, 1574, 1571, 1569, 1568, 1566, 1565, 1564, 1564, 1564, 1565, 1565, 1565, 1566, 1566, 1566, 1566, 1566, 1566, 1566, 1566, 1566, 1566, 1566, 1566, 1566, 1566, 1566, 1566, 1566, 1565, 1565, 1564, 1564, 1564, 1563, 1563, 1563, 1563, 1563, 1563, 1563, 1563, 1563, 1563, 1563, 1563, 1563, 1563, 1563, 1563, 1563, 1563, 1563, 1563, 1563, 1563, 1562, 1562, 1562, 1562, 1562, 1561, 1560, 1562, 1563, 1563, 1563, 1563, 1561, 1560, 1559, 1559, 1558, 1558, 1558, 1558, 1558, 1558, 1558, 1559, 1560, 1561, 1563, 1566, 1568, 1568, 1570, 1571, 1570, 1568, 1567, 1566, 1566, 1566, 1566, 1567, 1566, 1562, 1561, 1560, 1559, 1559, 1559, 1559, 1559, 1559, 1558, 1558, 1558, 1558, 1558, 1558, 1558, 1557, 1558, 1558, 1559, 1561, 1561, 1564, 1566, 1567, 1570, 1572, 1575, 1582, 1583, 1589, 1595, 1599, 1606, 1611, 1613, 1615, 1620, 1620, 1623, 1626, 1627, 1628, 1630, 1631, 1632, 1632, 1632, 1632, 1632, 1633, 1632, 1632, 1631, 1631, 1630, 1629, 1627, 1627, 1626, 1625, 1624, 1624, 1623, 1623, 1622, 1620, 1620, 1617, 1613, 1606, 1600, 1591, 1580, 1575, 1572, 1564, 1562, 1558, 1558, 1557, 1555, 1553, 1550, 1545, 1543, 1540, 1539, 1538, 1538, 1536, 1534, 1533, 1532, 1530, 1526, 1525, 1521, 1520, 1518, 1517, 1514, 1510, 1507, 1505, 1504, 1503, 1503, 1502, 1502, 1502, 1501, 1500, 1499, 1498, 1497, 1495, 1494, 1490, 1490, 1490, 1490, 1490, 1490, 1490, 1490, 1490, 1490, 1490, 1490, 1490, 1490, 1490, 1490, 1493, 1496, 1498, 1500, 1505, 1508, 1512, 1515, 1518, 1519, 1521, 1522, 1523, 1523, 1524, 1525, 1526, 1528, 1528, 1530, 1532, 1535, 1537, 1537, 1538, 1538, 1539, 1544, 1542, 1542, 1539, 1538, 1537, 1536, 1536, 1536, 1535, 1535, 1534, 1533, 1531, 1527, 1524, 1521, 1520, 1519, 1519, 1519, 1518, 1515, 1511, 1507, 1506, 1505, 1505, 1504, 1504, 1503, 1503, 1502, 1500, 1500, 1496, 1494, 1493, 1492, 1491, 1490, 1489, 1487, 1487, 1484, 1482, 1481, 1480, 1479, 1478, 1478, 1477, 1477, 1476, 1471, 1469, 1469, 1469, 1469, 1469, 1475, 1477, 1477, 1477, 1477, 1478, 1477, 1477, 1475, 1475, 1476, 1477, 1478, 1480, 1487, 1487, 1489, 1489, 1489, 1491, 1493, 1495, 1496, 1497, 1497, 1497, 1497, 1497, 1497, 1497, 1497, 1497, 1498, 1497, 1496, 1495, 1495, 1495, 1495, 1494, 1494, 1493, 1493, 1493, 1493, 1493, 1493, 1493, 1493, 1493, 1492, 1491, 1491, 1490, 1489, 1488, 1487, 1485, 1478, 1469, 1468, 1469, 1470, 1474, 1475, 1476, 1476, 1477, 1477, 1478, 1479, 1481, 1484, 1490, 1492, 1495, 1495, 1495, 1499, 1503, 1503, 1504, 1505, 1506, 1506, 1507, 1506, 1504, 1504, 1504, 1505, 1506, 1506, 1505, 1504, 1503, 1505, 1510, 1510, 1509, 1507, 1507, 1505, 1505, 1504, 1504, 1503, 1493, 1492, 1490, 1490, 1490, 1490, 1490, 1490, 1490, 1490, 1490, 1490, 1487, 1488, 1488, 1489, 1490, 1491, 1491, 1491, 1491, 1492, 1492, 1492, 1493, 1493, 1490, 1485, 1478, 1479, 1479, 1480, 1482, 1481, 1478, 1475, 1473, 1472, 1470, 1469, 1464, 1464, 1466, 1468, 1469, 1471, 1474, 1475, 1477, 1480, 1483, 1485, 1486, 1487, 1488, 1488, 1489, 1490, 1489, 1489, 1486, 1483, 1481, 1482, 1484, 1486, 1490, 1495, 1495, 1496, 1496, 1496, 1496, 1496, 1496, 1497, 1496, 1496, 1495, 1495, 1495, 1496, 1496, 1497, 1497, 1495, 1494, 1493, 1492, 1492, 1490, 1490, 1487, 1485, 1484, 1482, 1481, 1481, 1481, 1484, 1485, 1489, 1491, 1492, 1494, 1495, 1496, 1497, 1497, 1498, 1503, 1504, 1505, 1506, 1506, 1506, 1506, 1506, 1507, 1507, 1508, 1509, 1509, 1508, 1508, 1508, 1508, 1508, 1507, 1507, 1507, 1508, 1510, 1510, 1510, 1510, 1509, 1508, 1507, 1506, 1505, 1504, 1503, 1500, 1498, 1498, 1497, 1496, 1496, 1496, 1496, 1495, 1495, 1499, 1502, 1504, 1504, 1503, 1503, 1503, 1503, 1503, 1506, 1502, 1498, 1497, 1494, 1490, 1486, 1482, 1479, 1478, 1477, 1476, 1473, 1473, 1469, 1469, 1465, 1461, 1460, 1459, 1463, 1465, 1472, 1472, 1472, 1472, 1470, 1468, 1467, 1467, 1467, 1468, 1469, 1471, 1472, 1472, 1471, 1469, 1469, 1469, 1469, 1469, 1469, 1469, 1469, 1470, 1470, 1470, 1470, 1470, 1470, 1470, 1469, 1468, 1467, 1467, 1466, 1465, 1465, 1464, 1462, 1459, 1455, 1457, 1458, 1461, 1461, 1461, 1461, 1462, 1463, 1463, 1463, 1464, 1465, 1465, 1466, 1465, 1464, 1463, 1462, 1462, 1462, 1462, 1464, 1465, 1466, 1467, 1469, 1469, 1469, 1469, 1469, 1469, 1469, 1467, 1466, 1466, 1469, 1472, 1476, 1477, 1478, 1478, 1479, 1481, 1481, 1483, 1491, 1500, 1505, 1505, 1510, 1514, 1515, 1516, 1517, 1516, 1514, 1512, 1512, 1511, 1511, 1510, 1510, 1509, 1506, 1503, 1500, 1499, 1498, 1497, 1497, 1493, 1489, 1485, 1478, 1478, 1477, 1473, 1470, 1459, 1458, 1457, 1457, 1457, 1456, 1456, 1455, 1453, 1451, 1450, 1448, 1447, 1446, 1445, 1444, 1444, 1444, 1445, 1444, 1443, 1439, 1438, 1438, 1438, 1437, 1437, 1435, 1432, 1432, 1430, 1430, 1429, 1429, 1428, 1428, 1427, 1427, 1426, 1424, 1423, 1419, 1419, 1416, 1415, 1412, 1408, 1407, 1404, 1404, 1404, 1404, 1404, 1399, 1396, 1395, 1394, 1393, 1391, 1391, 1392, 1391, 1391, 1390, 1389, 1388, 1387, 1385, 1384, 1381, 1381, 1379, 1379, 1379, 1379, 1380, 1380, 1380, 1380, 1380, 1380, 1380, 1381, 1381, 1382, 1386, 1388, 1388, 1390, 1391, 1391, 1391, 1392, 1394, 1395, 1395, 1395, 1394, 1394, 1394, 1395, 1398, 1398, 1401, 1403, 1407, 1408, 1410, 1412, 1414, 1415, 1416, 1416, 1416, 1411, 1411, 1412, 1413, 1413, 1413, 1413, 1413, 1413, 1413, 1412, 1412, 1412, 1411, 1411, 1410, 1410, 1409, 1409, 1408, 1407, 1406, 1406, 1406, 1405, 1403, 1404, 1405, 1406, 1407, 1408, 1408, 1409, 1410, 1411, 1412, 1415, 1415, 1421, 1424, 1428, 1431, 1431, 1429, 1429, 1431, 1433, 1434, 1434, 1434, 1433, 1432, 1431, 1430, 1428, 1427, 1424, 1418, 1415, 1415, 1413, 1411, 1411, 1410, 1410, 1411, 1412, 1412, 1411, 1410, 1405, 1405, 1402, 1399, 1399, 1399, 1400, 1403, 1404, 1406, 1408, 1409, 1410, 1411, 1412, 1411, 1410, 1410, 1405, 1398, 1398, 1393, 1392, 1388, 1388, 1386, 1386, 1385, 1384, 1383, 1377, 1371, 1367, 1361, 1360, 1359, 1361, 1362, 1364, 1364, 1364, 1364, 1365, 1370, 1370, 1370, 1370, 1369, 1370, 1370, 1369, 1366, 1363, 1362, 1361, 1362, 1364, 1365, 1366, 1366, 1366, 1366, 1365, 1364, 1363, 1362, 1360, 1359, 1357, 1356, 1356, 1356, 1356, 1356, 1355, 1355, 1355, 1355, 1355, 1354, 1354, 1354, 1351, 1344, 1343, 1342, 1351, 1353, 1355, 1355, 1355, 1355, 1355, 1355, 1355, 1355, 1355, 1356, 1356, 1356, 1356, 1356, 1356, 1356, 1356, 1355, 1355, 1355, 1355, 1355, 1355, 1355, 1355, 1355, 1355, 1355, 1357, 1357, 1359, 1361, 1364, 1367, 1372, 1373, 1378, 1383, 1384, 1390, 1394, 1396, 1397, 1404, 1408, 1410, 1411, 1411, 1411, 1411, 1411, 1410, 1408, 1407, 1406, 1406, 1407, 1407, 1407, 1411, 1414, 1414, 1413, 1413, 1413, 1412, 1411, 1410, 1410, 1409, 1408, 1408, 1407, 1405, 1395, 1392, 1391, 1393, 1397, 1399, 1399, 1399, 1400, 1400, 1400, 1398, 1396, 1395, 1394, 1394, 1393, 1393, 1390, 1390, 1385, 1385, 1382, 1381, 1379, 1376, 1376, 1372, 1370, 1367, 1360, 1357, 1359, 1359, 1360, 1360, 1360, 1361, 1361, 1361, 1359, 1354, 1352, 1351, 1351, 1350, 1349, 1346]}}, {"type": "Feature", "geometry": {"type": "LineString", "coordinates": [[-99.24797, 30.64688], [-99.24812, 30.64699], [-99.24826, 30.64714], [-99.24841, 30.64731], [-99.2488, 30.64776], [-99.24891, 30.64788], [-99.24904, 30.64803], [-99.24905, 30.64804], [-99.24913, 30.64814], [-99.24915, 30.64816], [-99.24916, 30.64818], [-99.24923, 30.64827], [-99.24927, 30.64832], [-99.24939, 30.64847], [-99.24963, 30.64877], [-99.24975, 30.64892], [-99.24987, 30.64907], [-99.24998, 30.64922], [-99.25009, 30.64937], [-99.25039, 30.64977], [-99.25055, 30.64997], [-99.25063, 30.65007], [-99.25067, 30.65012], [-99.25069, 30.65014], [-99.25074, 30.65021], [-99.25078, 30.65027], [-99.2509, 30.65042], [-99.25094, 30.65048], [-99.251, 30.65058], [-99.2511, 30.65078], [-99.25116, 30.65091], [-99.2512, 30.65102], [-99.25126, 30.65121], [-99.25127, 30.65126], [-99.25132, 30.65151], [-99.25133, 30.65161], [-99.25134, 30.65176], [-99.25134, 30.65179], [-99.25134, 30.65197], [-99.25135, 30.65201], [-99.25134, 30.65216], [-99.25132, 30.65242], [-99.25131, 30.65245], [-99.25129, 30.65251], [-99.25126, 30.65263], [-99.25126, 30.65264], [-99.25121, 30.65281], [-99.25119, 30.65289], [-99.25116, 30.65297], [-99.25115, 30.65299], [-99.25114, 30.65302], [-99.25108, 30.65316], [-99.25106, 30.6532], [-99.251, 30.65331], [-99.2507, 30.6538], [-99.25051, 30.65409], [-99.25041, 30.65426], [-99.25021, 30.65459], [-99.25006, 30.65483], [-99.24976, 30.65531], [-99.24972, 30.65538], [-99.24966, 30.65547], [-99.24958, 30.6556], [-99.24956, 30.65562], [-99.24944, 30.65586], [-99.24939, 30.65595], [-99.2493, 30.65611], [-99.24927, 30.65618], [-99.24926, 30.6562], [-99.24918, 30.65637], [-99.24915, 30.65645], [-99.24914, 30.6565], [-99.24913, 30.65652], [-99.24909, 30.65662], [-99.24895, 30.65696], [-99.24882, 30.6573], [-99.24865, 30.65769], [-99.24854, 30.65798], [-99.24848, 30.65815], [-99.24842, 30.65832], [-99.2483, 30.65865], [-99.24829, 30.65867], [-99.24824, 30.65884], [-99.2482, 30.65895], [-99.2481, 30.65918], [-99.248, 30.65938], [-99.24787, 30.65972], [-99.2477, 30.6602], [-99.24751, 30.66072], [-99.24739, 30.66106], [-99.24733, 30.66122], [-99.24733, 30.66123], [-99.24727, 30.66144], [-99.24724, 30.66159], [-99.24718, 30.66181], [-99.24714, 30.66203], [-99.24712, 30.66211], [-99.24712, 30.66214], [-99.24709, 30.66229], [-99.24707, 30.66247], [-99.24706, 30.66254], [-99.24704, 30.66265], [-99.24704, 30.66269], [-99.24703, 30.66283], [-99.24702, 30.66293], [-99.24696, 30.66474], [-99.24695, 30.6651], [-99.24695, 30.66528], [-99.24695, 30.66534], [-99.24695, 30.66564], [-99.24695, 30.66567], [-99.24694, 30.66582], [-99.24694, 30.66598], [-99.24693, 30.66625], [-99.24691, 30.66643], [-99.24689, 30.66657], [-99.24686, 30.66673], [-99.24682, 30.66685], [-99.24678, 30.66694], [-99.24666, 30.6672], [-99.24665, 30.66722], [-99.24654, 30.66741], [-99.24638, 30.66761], [-99.24624, 30.66776], [-99.24602, 30.66799], [-99.24601, 30.668], [-99.24581, 30.66817], [-99.24576, 30.66821], [-99.24559, 30.66833], [-99.24542, 30.66844], [-99.24525, 30.66854], [-99.24514, 30.6686], [-99.24494, 30.66871], [-99.24443, 30.66897], [-99.24422, 30.66908], [-99.24404, 30.66919], [-99.24373, 30.66941], [-99.24352, 30.66958], [-99.24338, 30.66972], [-99.24321, 30.66991], [-99.24298, 30.67021], [-99.2429, 30.67035], [-99.24289, 30.67037], [-99.24281, 30.67052], [-99.2428, 30.67054], [-99.24272, 30.67074], [-99.24266, 30.67093], [-99.24263, 30.67103], [-99.24257, 30.67137], [-99.24254, 30.67156], [-99.24251, 30.67174], [-99.24249, 30.67192], [-99.24246, 30.6721], [-99.24244, 30.67228], [-99.24242, 30.67246], [-99.24235, 30.67291], [-99.24234, 30.67299], [-99.24229, 30.67335], [-99.24227, 30.67353], [-99.24225, 30.67364], [-99.24222, 30.67386], [-99.24222, 30.67389], [-99.2422, 30.674], [-99.24211, 30.67475], [-99.24211, 30.67486], [-99.24211, 30.67493], [-99.24211, 30.67496], [-99.2421, 30.67498], [-99.2421, 30.67503]]}, "properties": {"surface": "pavement", "label": "Pavement", "color": "#4A5568", "miles": 2.16, "start_mi": 74.57, "end_mi": 76.73, "road": "Ranch to Market Road 2389", "elev_ft": [1346, 1345, 1344, 1341, 1327, 1323, 1322, 1322, 1322, 1322, 1322, 1321, 1321, 1321, 1320, 1320, 1321, 1321, 1320, 1319, 1317, 1315, 1315, 1315, 1315, 1318, 1329, 1334, 1337, 1343, 1349, 1354, 1357, 1359, 1367, 1372, 1378, 1378, 1382, 1383, 1385, 1389, 1389, 1390, 1392, 1392, 1396, 1398, 1400, 1400, 1401, 1402, 1403, 1404, 1410, 1413, 1416, 1421, 1425, 1440, 1443, 1443, 1443, 1443, 1450, 1453, 1456, 1456, 1456, 1457, 1457, 1457, 1457, 1456, 1448, 1443, 1431, 1426, 1423, 1423, 1421, 1421, 1422, 1423, 1428, 1434, 1443, 1453, 1456, 1457, 1457, 1457, 1452, 1448, 1444, 1442, 1441, 1440, 1440, 1441, 1442, 1442, 1443, 1444, 1445, 1463, 1464, 1463, 1463, 1461, 1461, 1461, 1460, 1456, 1454, 1452, 1450, 1448, 1448, 1445, 1445, 1443, 1441, 1440, 1440, 1440, 1440, 1440, 1440, 1440, 1439, 1438, 1438, 1437, 1436, 1436, 1435, 1434, 1433, 1432, 1430, 1429, 1429, 1428, 1428, 1427, 1426, 1426, 1423, 1421, 1416, 1415, 1421, 1434, 1439, 1451, 1451, 1454, 1454, 1454, 1455, 1455, 1454, 1448, 1453, 1456, 1458, 1458, 1460]}}, {"type": "Feature", "geometry": {"type": "LineString", "coordinates": [[-99.24208, 30.67513], [-99.24207, 30.6752], [-99.24207, 30.67521], [-99.24206, 30.67524], [-99.24205, 30.67528], [-99.24204, 30.67532], [-99.24203, 30.67537], [-99.24199, 30.67556], [-99.24197, 30.67564], [-99.24195, 30.67573], [-99.24194, 30.67579], [-99.24193, 30.67584], [-99.24191, 30.67589], [-99.24189, 30.67595], [-99.24185, 30.67609], [-99.24184, 30.67612], [-99.24182, 30.67617], [-99.2418, 30.67621], [-99.24177, 30.6763], [-99.24174, 30.67635], [-99.24171, 30.67643], [-99.2417, 30.67646], [-99.24168, 30.6765], [-99.24164, 30.67657], [-99.24163, 30.6766], [-99.24163, 30.67661], [-99.24162, 30.67664], [-99.2416, 30.67667], [-99.24158, 30.67671], [-99.24157, 30.67674], [-99.24155, 30.67676], [-99.24154, 30.67678], [-99.24147, 30.67689], [-99.24145, 30.67692], [-99.24143, 30.67697], [-99.24139, 30.67703], [-99.24136, 30.67708], [-99.2413, 30.67718], [-99.24125, 30.67725], [-99.24123, 30.67729], [-99.2412, 30.67733], [-99.24115, 30.6774], [-99.24108, 30.6775], [-99.24104, 30.67755], [-99.24084, 30.67786], [-99.24068, 30.6781], [-99.24063, 30.67817], [-99.2406, 30.67822], [-99.24043, 30.67849], [-99.24032, 30.67864], [-99.24016, 30.6789], [-99.24012, 30.67896], [-99.24002, 30.67911], [-99.24001, 30.67911], [-99.2399, 30.67929], [-99.23979, 30.67945], [-99.23975, 30.67954], [-99.23952, 30.67998], [-99.23949, 30.68003], [-99.2394, 30.68019], [-99.23936, 30.68027], [-99.23925, 30.68053], [-99.23923, 30.68056], [-99.23914, 30.68087], [-99.23904, 30.68103], [-99.23896, 30.68172], [-99.23895, 30.68181], [-99.23895, 30.68198], [-99.23895, 30.68199], [-99.23893, 30.68253], [-99.23893, 30.6827], [-99.23892, 30.68288], [-99.23892, 30.68289], [-99.2389, 30.68342], [-99.2389, 30.68343], [-99.23883, 30.68504], [-99.23883, 30.68511], [-99.23881, 30.68554], [-99.23879, 30.68589], [-99.23878, 30.68594], [-99.23875, 30.68606], [-99.23874, 30.68612], [-99.23868, 30.68629], [-99.2386, 30.68657], [-99.23857, 30.68664], [-99.2385, 30.6868], [-99.2385, 30.68681], [-99.23848, 30.68684], [-99.23842, 30.68697], [-99.23835, 30.68709], [-99.23833, 30.68713], [-99.23819, 30.68734], [-99.23813, 30.68743], [-99.23812, 30.68745], [-99.23801, 30.6876], [-99.23796, 30.68767], [-99.23776, 30.68786], [-99.23737, 30.68822], [-99.23731, 30.68827], [-99.23686, 30.68864], [-99.23671, 30.68877], [-99.23641, 30.68902], [-99.23627, 30.68915], [-99.23612, 30.68928], [-99.23582, 30.68953], [-99.23537, 30.68991], [-99.23522, 30.69003], [-99.23462, 30.69054], [-99.2343, 30.69081], [-99.23358, 30.69142], [-99.23343, 30.69154], [-99.23313, 30.6918], [-99.23298, 30.69192], [-99.23241, 30.6924], [-99.23239, 30.69243], [-99.23224, 30.69255], [-99.23194, 30.6928], [-99.23179, 30.69293], [-99.23164, 30.69306], [-99.23119, 30.69343], [-99.22975, 30.69465], [-99.22938, 30.69496], [-99.22907, 30.69523], [-99.22878, 30.69546], [-99.22848, 30.6957], [-99.22754, 30.69643], [-99.22744, 30.69651], [-99.22739, 30.69655], [-99.22715, 30.69674], [-99.22635, 30.69736], [-99.22574, 30.69783], [-99.22559, 30.69795], [-99.22543, 30.69807], [-99.22513, 30.69832], [-99.22469, 30.69866], [-99.22426, 30.69899], [-99.22365, 30.69944], [-99.22337, 30.69963], [-99.22331, 30.69966], [-99.22322, 30.69972], [-99.22304, 30.69982], [-99.22297, 30.69986], [-99.22281, 30.69996], [-99.22234, 30.70021], [-99.22216, 30.7003], [-99.22204, 30.70036], [-99.22198, 30.70039], [-99.2219, 30.70044], [-99.2218, 30.70049], [-99.2218, 30.70049], [-99.22173, 30.70053], [-99.22155, 30.70062], [-99.2215, 30.70065], [-99.22145, 30.70068], [-99.22137, 30.70072], [-99.22056, 30.70115], [-99.22038, 30.70124], [-99.2203, 30.70128], [-99.22026, 30.70131], [-99.21995, 30.70147], [-99.21976, 30.70157], [-99.21915, 30.7019], [-99.21906, 30.70194], [-99.21888, 30.70204], [-99.21872, 30.70212], [-99.2187, 30.70213], [-99.21795, 30.70254], [-99.21772, 30.70264], [-99.21772, 30.70264], [-99.21769, 30.7022], [-99.21769, 30.70218], [-99.21767, 30.70195], [-99.21766, 30.70188], [-99.21761, 30.70155], [-99.21758, 30.70149], [-99.21756, 30.70142], [-99.21746, 30.70115], [-99.21744, 30.70107], [-99.21742, 30.70103], [-99.21731, 30.70081], [-99.21698, 30.70036], [-99.21691, 30.7003], [-99.21683, 30.70023], [-99.21677, 30.70017], [-99.21675, 30.70014], [-99.21664, 30.70003], [-99.21632, 30.69976], [-99.21604, 30.69952], [-99.21559, 30.69915], [-99.21536, 30.69896], [-99.21529, 30.6989], [-99.21514, 30.69878], [-99.2149, 30.69858], [-99.21464, 30.69836], [-99.21439, 30.69815], [-99.2143, 30.69808], [-99.21424, 30.69803], [-99.21409, 30.6979], [-99.21406, 30.69788], [-99.214, 30.69783], [-99.21393, 30.69778], [-99.21378, 30.69766], [-99.21369, 30.69759], [-99.21365, 30.69755], [-99.21343, 30.69732], [-99.21326, 30.69713], [-99.21308, 30.69685], [-99.21304, 30.69679], [-99.21301, 30.69675], [-99.21286, 30.6964], [-99.21272, 30.69604], [-99.21267, 30.69591], [-99.21259, 30.69566], [-99.21247, 30.6953], [-99.21227, 30.69478], [-99.21208, 30.69427], [-99.21201, 30.6941], [-99.21179, 30.69347], [-99.21166, 30.69317], [-99.21158, 30.69302], [-99.2114, 30.69276], [-99.21135, 30.6927], [-99.21133, 30.69266], [-99.21128, 30.6926], [-99.21124, 30.69254], [-99.21103, 30.69233], [-99.21092, 30.69222], [-99.21043, 30.69181], [-99.20999, 30.69143], [-99.20904, 30.69062], [-99.20875, 30.69037], [-99.2086, 30.69024], [-99.20801, 30.68973], [-99.20766, 30.68943], [-99.20698, 30.68884], [-99.20687, 30.68875], [-99.20627, 30.68819], [-99.20612, 30.68805], [-99.20545, 30.68744], [-99.2054, 30.68739], [-99.20531, 30.68731], [-99.20512, 30.68713], [-99.20498, 30.687], [-99.20488, 30.68691], [-99.20485, 30.68688], [-99.20481, 30.68685], [-99.20475, 30.68679], [-99.2044, 30.68648], [-99.20438, 30.68646], [-99.20424, 30.68633], [-99.20382, 30.68596], [-99.2038, 30.68594], [-99.20379, 30.68593], [-99.20342, 30.68559], [-99.20321, 30.68541], [-99.20284, 30.68506]]}, "properties": {"surface": "pavement", "label": "Pavement", "color": "#4A5568", "miles": 4.05, "start_mi": 76.73, "end_mi": 80.79, "road": "Ranch to Market Road 2389", "elev_ft": [1462, 1463, 1463, 1465, 1466, 1468, 1471, 1480, 1482, 1484, 1485, 1485, 1486, 1487, 1489, 1489, 1490, 1491, 1493, 1495, 1497, 1498, 1499, 1500, 1501, 1501, 1501, 1501, 1502, 1502, 1502, 1503, 1504, 1504, 1504, 1505, 1505, 1505, 1505, 1505, 1505, 1506, 1506, 1505, 1502, 1494, 1492, 1491, 1484, 1477, 1467, 1465, 1462, 1462, 1462, 1465, 1467, 1482, 1483, 1487, 1488, 1493, 1494, 1492, 1489, 1482, 1483, 1484, 1484, 1488, 1490, 1491, 1491, 1497, 1497, 1515, 1517, 1523, 1527, 1528, 1530, 1531, 1533, 1536, 1536, 1537, 1537, 1537, 1537, 1537, 1536, 1534, 1535, 1535, 1536, 1537, 1537, 1537, 1537, 1536, 1536, 1537, 1539, 1541, 1544, 1546, 1546, 1549, 1552, 1554, 1554, 1554, 1553, 1552, 1552, 1552, 1553, 1553, 1553, 1555, 1566, 1567, 1569, 1570, 1571, 1560, 1560, 1560, 1560, 1561, 1563, 1562, 1562, 1560, 1557, 1552, 1547, 1546, 1545, 1545, 1545, 1544, 1544, 1542, 1541, 1540, 1540, 1540, 1540, 1540, 1540, 1537, 1536, 1534, 1532, 1520, 1515, 1513, 1511, 1506, 1504, 1501, 1500, 1500, 1500, 1500, 1488, 1486, 1486, 1483, 1484, 1486, 1487, 1495, 1495, 1496, 1497, 1497, 1497, 1496, 1494, 1493, 1493, 1493, 1493, 1492, 1491, 1490, 1491, 1493, 1494, 1495, 1496, 1497, 1501, 1501, 1502, 1503, 1503, 1503, 1503, 1502, 1502, 1502, 1500, 1499, 1497, 1497, 1497, 1496, 1497, 1497, 1497, 1497, 1498, 1499, 1499, 1497, 1495, 1494, 1492, 1491, 1491, 1490, 1490, 1488, 1487, 1483, 1480, 1486, 1485, 1484, 1480, 1479, 1476, 1475, 1469, 1466, 1459, 1458, 1458, 1459, 1459, 1459, 1459, 1459, 1459, 1458, 1458, 1457, 1456, 1456, 1456, 1455, 1456, 1458]}}, {"type": "Feature", "geometry": {"type": "LineString", "coordinates": [[-99.20252, 30.68476], [-99.20252, 30.68476], [-99.20247, 30.6847], [-99.20239, 30.68462], [-99.20234, 30.68457], [-99.20208, 30.68428], [-99.20188, 30.68402], [-99.20187, 30.684], [-99.20169, 30.68376], [-99.20166, 30.68372], [-99.20158, 30.68361], [-99.20121, 30.6831], [-99.20113, 30.683], [-99.2011, 30.68296], [-99.20104, 30.68287], [-99.20102, 30.68285], [-99.20095, 30.68276], [-99.20091, 30.6827], [-99.20088, 30.68266], [-99.2008, 30.68255], [-99.20069, 30.68239], [-99.20061, 30.68228], [-99.20047, 30.68209], [-99.20012, 30.68158], [-99.20004, 30.68147], [-99.19979, 30.68114], [-99.19972, 30.68104], [-99.19967, 30.68097], [-99.19963, 30.68092], [-99.1995, 30.68074], [-99.19916, 30.68028], [-99.19904, 30.68013], [-99.19899, 30.68006], [-99.19897, 30.68003], [-99.19893, 30.67998], [-99.19884, 30.67982], [-99.19881, 30.67975], [-99.19879, 30.67969], [-99.19876, 30.67948], [-99.19874, 30.67925], [-99.19873, 30.67916], [-99.19873, 30.67907], [-99.19872, 30.67871], [-99.19871, 30.67853], [-99.1987, 30.67836], [-99.1987, 30.67835], [-99.1987, 30.67832], [-99.1987, 30.67824], [-99.1987, 30.67817], [-99.1987, 30.67799], [-99.1987, 30.67783], [-99.19869, 30.67771], [-99.19866, 30.6776], [-99.19861, 30.67746], [-99.19859, 30.6774], [-99.19852, 30.67732], [-99.19843, 30.67723], [-99.19836, 30.67718], [-99.19832, 30.67715], [-99.19802, 30.67696], [-99.19738, 30.67655], [-99.19735, 30.67653], [-99.19719, 30.67642], [-99.19702, 30.67632], [-99.19652, 30.67599], [-99.19618, 30.67578], [-99.19533, 30.67525], [-99.19497, 30.67502], [-99.19394, 30.67437], [-99.19377, 30.67427], [-99.19333, 30.67399], [-99.19259, 30.67352], [-99.19242, 30.67341], [-99.19212, 30.67322], [-99.19192, 30.67309], [-99.19176, 30.67298], [-99.19175, 30.67297], [-99.1916, 30.67286], [-99.19144, 30.67274], [-99.19105, 30.67246], [-99.19096, 30.67239], [-99.19087, 30.67233], [-99.1908, 30.67228], [-99.19018, 30.6718], [-99.19004, 30.6717], [-99.18987, 30.67156], [-99.18971, 30.67144], [-99.18956, 30.67132], [-99.1894, 30.6712], [-99.18936, 30.67116], [-99.18898, 30.67089], [-99.18892, 30.67085], [-99.18881, 30.67076], [-99.18861, 30.67061], [-99.18857, 30.67058], [-99.18845, 30.67049], [-99.18841, 30.67047], [-99.18778, 30.66998], [-99.18738, 30.66969], [-99.18735, 30.66967], [-99.18681, 30.66925], [-99.18672, 30.66919], [-99.18657, 30.66906], [-99.18645, 30.66896], [-99.18642, 30.66894], [-99.18572, 30.66834], [-99.18568, 30.6683], [-99.18553, 30.66818], [-99.18508, 30.6678], [-99.185, 30.66773], [-99.18494, 30.66767], [-99.18445, 30.66723], [-99.18429, 30.66708], [-99.18414, 30.66693], [-99.18409, 30.66687], [-99.18385, 30.66661], [-99.18356, 30.66626], [-99.18346, 30.66615], [-99.18334, 30.66601], [-99.18305, 30.66568], [-99.18283, 30.66544], [-99.18271, 30.66529], [-99.18233, 30.66486], [-99.18208, 30.66457], [-99.18183, 30.66429], [-99.18132, 30.66371], [-99.1812, 30.66357], [-99.18118, 30.66355], [-99.18108, 30.66342], [-99.18106, 30.6634], [-99.18096, 30.66327], [-99.18094, 30.66324], [-99.18074, 30.66297], [-99.1806, 30.66279], [-99.18016, 30.66222], [-99.18005, 30.66207], [-99.17993, 30.66192], [-99.17987, 30.66185], [-99.17966, 30.66158], [-99.17955, 30.66144], [-99.17945, 30.66133], [-99.17945, 30.66132], [-99.17936, 30.66121], [-99.17934, 30.66118], [-99.17927, 30.6611], [-99.17909, 30.66098], [-99.17902, 30.66095], [-99.17892, 30.6609], [-99.17875, 30.66082], [-99.17856, 30.66075], [-99.17846, 30.66071], [-99.17836, 30.66068], [-99.17808, 30.66057], [-99.17789, 30.66049], [-99.17769, 30.66042], [-99.17729, 30.66026], [-99.17655, 30.65998], [-99.17639, 30.65993], [-99.17619, 30.65985], [-99.17598, 30.65976], [-99.17579, 30.65969], [-99.1756, 30.65961], [-99.17556, 30.6596], [-99.17468, 30.6593], [-99.17447, 30.65921], [-99.17434, 30.65916], [-99.17417, 30.65909], [-99.174, 30.65901], [-99.17385, 30.65892], [-99.1737, 30.65882], [-99.1736, 30.65874], [-99.17309, 30.65833], [-99.17263, 30.65797], [-99.17169, 30.65724], [-99.17166, 30.65722], [-99.17154, 30.65712], [-99.17138, 30.65699], [-99.17127, 30.65687], [-99.17126, 30.65686], [-99.17119, 30.65675], [-99.17114, 30.65663], [-99.17103, 30.65636], [-99.17103, 30.65635], [-99.17097, 30.65619], [-99.17055, 30.65498], [-99.1705, 30.65482], [-99.17045, 30.65463], [-99.17043, 30.65447], [-99.17043, 30.65431], [-99.17044, 30.65409], [-99.17045, 30.65391], [-99.17046, 30.65355], [-99.17046, 30.65337], [-99.17048, 30.65292], [-99.17048, 30.65283], [-99.17048, 30.65273], [-99.17049, 30.65265], [-99.17051, 30.6523], [-99.17052, 30.65218], [-99.17053, 30.65194], [-99.17053, 30.65182], [-99.17054, 30.65176], [-99.17055, 30.65163], [-99.17054, 30.65144], [-99.17054, 30.6514], [-99.17054, 30.65128], [-99.17054, 30.65111], [-99.17057, 30.65096], [-99.17061, 30.65086], [-99.17062, 30.65082], [-99.17068, 30.65069], [-99.17075, 30.65053], [-99.17083, 30.65036], [-99.1709, 30.65019], [-99.17092, 30.65014], [-99.17119, 30.64959], [-99.17151, 30.64892], [-99.17159, 30.64876], [-99.17168, 30.64857], [-99.17178, 30.64838], [-99.17198, 30.64793], [-99.17198, 30.64792], [-99.17203, 30.64777], [-99.17207, 30.64765], [-99.17214, 30.64722], [-99.17217, 30.64704], [-99.17222, 30.6467], [-99.17226, 30.64646], [-99.17231, 30.64615], [-99.17241, 30.64554], [-99.17243, 30.64544], [-99.17246, 30.64521], [-99.17253, 30.64476], [-99.17256, 30.64447], [-99.17256, 30.64434], [-99.17254, 30.6442], [-99.1725, 30.64409], [-99.17244, 30.64397], [-99.17237, 30.64387], [-99.17236, 30.64386], [-99.17225, 30.64371], [-99.17192, 30.64326], [-99.17168, 30.64295], [-99.17155, 30.64276], [-99.17149, 30.64267], [-99.17141, 30.64261], [-99.17134, 30.64255], [-99.17123, 30.6425], [-99.17111, 30.64245], [-99.17093, 30.64238], [-99.17055, 30.64222], [-99.17036, 30.64214], [-99.16967, 30.64184], [-99.16962, 30.64182], [-99.16943, 30.64174], [-99.16924, 30.64166], [-99.16911, 30.6416], [-99.169, 30.64154], [-99.16891, 30.64147], [-99.1689, 30.64146], [-99.16883, 30.6414], [-99.16877, 30.64133], [-99.16876, 30.64132], [-99.16868, 30.64119], [-99.16866, 30.64116], [-99.16861, 30.64106], [-99.16858, 30.641], [-99.16857, 30.64096], [-99.16852, 30.64087], [-99.16849, 30.6408], [-99.1684, 30.64063], [-99.16832, 30.64046], [-99.16824, 30.6403], [-99.16821, 30.64023], [-99.16816, 30.64013], [-99.16812, 30.64005], [-99.16811, 30.64001], [-99.16809, 30.63996], [-99.16805, 30.63986], [-99.16802, 30.63979], [-99.16794, 30.63963], [-99.16786, 30.63946], [-99.16778, 30.6393], [-99.16762, 30.63896], [-99.16754, 30.6388], [-99.16746, 30.63863], [-99.16746, 30.63862], [-99.16746, 30.63862], [-99.16738, 30.63846], [-99.16722, 30.63813], [-99.16691, 30.63747]]}, "properties": {"surface": "unknown", "label": "Unverified", "color": "#9A9389", "miles": 4.26, "start_mi": 80.79, "end_mi": 85.05, "road": "Simonsville Road", "elev_ft": [1459, 1459, 1459, 1460, 1460, 1464, 1465, 1465, 1464, 1463, 1463, 1459, 1455, 1454, 1450, 1450, 1450, 1452, 1453, 1459, 1461, 1462, 1465, 1473, 1475, 1480, 1482, 1485, 1486, 1492, 1503, 1511, 1513, 1513, 1513, 1513, 1512, 1511, 1506, 1503, 1501, 1499, 1491, 1487, 1484, 1483, 1483, 1482, 1481, 1483, 1488, 1495, 1500, 1501, 1502, 1502, 1503, 1504, 1504, 1504, 1498, 1497, 1496, 1496, 1495, 1493, 1484, 1481, 1494, 1493, 1491, 1487, 1490, 1494, 1494, 1494, 1494, 1494, 1494, 1490, 1489, 1487, 1486, 1479, 1478, 1477, 1476, 1475, 1474, 1473, 1469, 1469, 1468, 1466, 1466, 1466, 1467, 1470, 1471, 1471, 1474, 1474, 1475, 1475, 1475, 1473, 1473, 1472, 1470, 1469, 1469, 1469, 1469, 1469, 1470, 1469, 1468, 1467, 1466, 1467, 1470, 1472, 1475, 1477, 1481, 1503, 1504, 1504, 1503, 1503, 1503, 1503, 1497, 1491, 1470, 1467, 1463, 1461, 1452, 1446, 1442, 1441, 1439, 1438, 1437, 1434, 1433, 1432, 1429, 1427, 1426, 1426, 1424, 1423, 1422, 1417, 1407, 1407, 1406, 1406, 1405, 1404, 1404, 1397, 1395, 1394, 1393, 1391, 1389, 1389, 1388, 1385, 1380, 1370, 1370, 1369, 1368, 1367, 1367, 1366, 1365, 1363, 1363, 1362, 1360, 1357, 1355, 1354, 1353, 1351, 1349, 1344, 1343, 1339, 1338, 1338, 1337, 1335, 1334, 1333, 1333, 1333, 1332, 1331, 1331, 1330, 1329, 1328, 1327, 1327, 1326, 1325, 1323, 1323, 1322, 1319, 1322, 1323, 1324, 1326, 1330, 1330, 1332, 1333, 1336, 1337, 1337, 1338, 1338, 1336, 1336, 1334, 1331, 1329, 1329, 1329, 1329, 1330, 1331, 1331, 1331, 1331, 1325, 1323, 1324, 1324, 1324, 1324, 1324, 1325, 1323, 1321, 1318, 1318, 1317, 1317, 1316, 1315, 1313, 1313, 1310, 1307, 1307, 1302, 1301, 1298, 1296, 1294, 1289, 1285, 1278, 1278, 1278, 1278, 1278, 1278, 1278, 1278, 1279, 1279, 1279, 1282, 1289, 1301, 1302, 1303, 1303, 1303, 1304, 1306, 1310]}}, {"type": "Feature", "geometry": {"type": "LineString", "coordinates": [[-99.16675, 30.63713], [-99.16667, 30.63697], [-99.16663, 30.6369], [-99.16655, 30.63682], [-99.16601, 30.63627], [-99.16588, 30.63613], [-99.16574, 30.636], [-99.16561, 30.63586], [-99.16547, 30.63572], [-99.16534, 30.63558], [-99.1652, 30.63545], [-99.16506, 30.63531], [-99.16487, 30.63511], [-99.16426, 30.63448], [-99.16392, 30.63416], [-99.16386, 30.63411], [-99.16368, 30.63393], [-99.16362, 30.63387], [-99.16339, 30.63363], [-99.16308, 30.63333], [-99.16274, 30.633], [-99.16265, 30.6329], [-99.16262, 30.63287], [-99.16253, 30.63279], [-99.1624, 30.63267], [-99.16208, 30.6324], [-99.16206, 30.63238], [-99.16199, 30.63232], [-99.16195, 30.63226], [-99.16192, 30.63222], [-99.16189, 30.6321], [-99.1619, 30.63197], [-99.16191, 30.63183], [-99.16191, 30.63157], [-99.16192, 30.63136], [-99.16192, 30.6312], [-99.16192, 30.63117], [-99.16192, 30.6308], [-99.16192, 30.63048], [-99.16193, 30.6303], [-99.16193, 30.62994], [-99.16194, 30.62976], [-99.16194, 30.62973], [-99.16194, 30.6294], [-99.16195, 30.62922], [-99.16197, 30.62886], [-99.16198, 30.62864], [-99.16198, 30.6285], [-99.16198, 30.62803], [-99.16197, 30.62796], [-99.16196, 30.62794], [-99.16196, 30.62793], [-99.16194, 30.62786], [-99.1619, 30.62779], [-99.16189, 30.62777], [-99.16183, 30.62769], [-99.16175, 30.62763], [-99.16174, 30.62762], [-99.16163, 30.62757], [-99.16149, 30.62752], [-99.16131, 30.62746], [-99.16116, 30.62743], [-99.16113, 30.62742], [-99.16065, 30.6273], [-99.16014, 30.62718], [-99.15998, 30.62714], [-99.15952, 30.62703], [-99.15875, 30.62685], [-99.15822, 30.62674], [-99.15808, 30.6267], [-99.1579, 30.62666], [-99.1575, 30.62657], [-99.15746, 30.62656], [-99.15709, 30.62648], [-99.15689, 30.62643], [-99.15661, 30.62637], [-99.15608, 30.62625], [-99.15572, 30.62616], [-99.15568, 30.62615], [-99.15527, 30.62606], [-99.15509, 30.62603], [-99.15467, 30.62593], [-99.15448, 30.62587], [-99.15447, 30.62587], [-99.1543, 30.62581], [-99.15428, 30.6258], [-99.15412, 30.62574], [-99.15409, 30.62573], [-99.1537, 30.62558], [-99.15341, 30.62547], [-99.15254, 30.62518], [-99.15244, 30.62515], [-99.15234, 30.62512], [-99.15206, 30.62503], [-99.1519, 30.625], [-99.15165, 30.62496], [-99.15123, 30.6249], [-99.15112, 30.62489], [-99.15081, 30.62486], [-99.15071, 30.62485], [-99.14996, 30.62479], [-99.14904, 30.62474], [-99.1489, 30.62474], [-99.14821, 30.62466], [-99.14798, 30.62464], [-99.14779, 30.62462], [-99.14764, 30.6246], [-99.14733, 30.62455], [-99.14705, 30.62449], [-99.14678, 30.62442], [-99.14671, 30.6244], [-99.14638, 30.62431], [-99.14598, 30.6242], [-99.14578, 30.62416], [-99.14573, 30.62415], [-99.14558, 30.62411], [-99.14524, 30.62405], [-99.14516, 30.62404], [-99.14513, 30.62404], [-99.14476, 30.62402], [-99.14441, 30.62401], [-99.14328, 30.62401], [-99.14308, 30.62401], [-99.14224, 30.62401], [-99.14203, 30.62401], [-99.1414, 30.62401], [-99.14044, 30.62401], [-99.14015, 30.624], [-99.13976, 30.624], [-99.13974, 30.624], [-99.13973, 30.624], [-99.13943, 30.62398], [-99.13904, 30.62389], [-99.13869, 30.62374], [-99.1384, 30.62349], [-99.13814, 30.62326], [-99.13812, 30.62323], [-99.13802, 30.62311], [-99.13778, 30.62278], [-99.13774, 30.62271], [-99.13741, 30.62221], [-99.13694, 30.62148], [-99.1369, 30.62142], [-99.13673, 30.6212], [-99.1364, 30.62063], [-99.1362, 30.6203], [-99.13611, 30.62016], [-99.13587, 30.61979], [-99.13576, 30.61955], [-99.13574, 30.61951], [-99.13569, 30.61934], [-99.13568, 30.6193], [-99.13566, 30.61901], [-99.13564, 30.61862], [-99.13564, 30.61844], [-99.13564, 30.61842], [-99.13561, 30.61826], [-99.13559, 30.61815], [-99.13546, 30.61793], [-99.13532, 30.61779], [-99.13527, 30.61774], [-99.13517, 30.61767], [-99.13502, 30.61755], [-99.13486, 30.61743], [-99.13474, 30.61733], [-99.13441, 30.61704], [-99.1342, 30.61686], [-99.13379, 30.61651], [-99.13376, 30.61647], [-99.13347, 30.61622], [-99.13333, 30.6161], [-99.13332, 30.61609], [-99.13314, 30.61592], [-99.13303, 30.61583], [-99.13247, 30.61535], [-99.13244, 30.61532], [-99.13215, 30.61508], [-99.13214, 30.61507], [-99.13184, 30.61482], [-99.13112, 30.61421], [-99.13109, 30.61419], [-99.13079, 30.61394], [-99.13033, 30.61357], [-99.13, 30.6133], [-99.12971, 30.61309], [-99.12958, 30.61301], [-99.12881, 30.6125], [-99.1285, 30.61228], [-99.12824, 30.61209], [-99.12788, 30.61184], [-99.12753, 30.6116], [-99.12737, 30.61148], [-99.12673, 30.61104], [-99.12656, 30.61091], [-99.12639, 30.61079], [-99.12607, 30.61054], [-99.12592, 30.61042], [-99.12589, 30.6104], [-99.12579, 30.61031], [-99.12566, 30.6102], [-99.12564, 30.61018], [-99.12543, 30.60997], [-99.12536, 30.60989], [-99.12525, 30.60978], [-99.12524, 30.60977], [-99.1251, 30.60963], [-99.12503, 30.60957], [-99.12496, 30.6095], [-99.12473, 30.60931], [-99.12435, 30.60901], [-99.1242, 30.60888], [-99.12418, 30.60887], [-99.12414, 30.60884], [-99.12319, 30.60811], [-99.12284, 30.60785], [-99.12279, 30.60781], [-99.12263, 30.6077], [-99.12261, 30.60769], [-99.1223, 30.60748], [-99.12182, 30.60715], [-99.12149, 30.60694], [-99.12116, 30.60675], [-99.1208, 30.60659], [-99.12075, 30.60657], [-99.12073, 30.60656], [-99.12056, 30.60649], [-99.12018, 30.60634], [-99.12016, 30.60633], [-99.11999, 30.60627], [-99.11961, 30.60611], [-99.11942, 30.60603], [-99.1194, 30.60602], [-99.1188, 30.60578], [-99.11846, 30.60564], [-99.11829, 30.60558], [-99.1181, 30.6055], [-99.11808, 30.60549], [-99.1179, 30.60544], [-99.11777, 30.60539], [-99.11768, 30.60537], [-99.1175, 30.60534], [-99.1174, 30.60531], [-99.11728, 30.60529], [-99.1171, 30.60526], [-99.11694, 30.60523], [-99.11669, 30.60518], [-99.11666, 30.60518], [-99.11506, 30.60487], [-99.11485, 30.60483], [-99.11483, 30.60482], [-99.11444, 30.60475], [-99.11442, 30.60475], [-99.11363, 30.60459], [-99.1136, 30.60459], [-99.11342, 30.60456], [-99.11286, 30.60445], [-99.11247, 30.60436], [-99.11241, 30.60434], [-99.11238, 30.60434], [-99.11201, 30.60423], [-99.11199, 30.60422], [-99.11162, 30.60411], [-99.11159, 30.60411], [-99.11063, 30.60383], [-99.11043, 30.60377], [-99.1104, 30.60376], [-99.11027, 30.60372], [-99.11023, 30.60371], [-99.11003, 30.60365], [-99.10983, 30.60359], [-99.10964, 30.60353], [-99.10962, 30.60353], [-99.10946, 30.60348], [-99.10944, 30.60348], [-99.10924, 30.60344], [-99.10921, 30.60344], [-99.10911, 30.60342], [-99.1091, 30.60342], [-99.1091, 30.60342], [-99.10903, 30.60342], [-99.10873, 30.6034], [-99.10873, 30.6034]]}, "properties": {"surface": "caliche", "label": "Caliche / gravel", "color": "#C98A24", "miles": 4.56, "start_mi": 85.05, "end_mi": 89.61, "road": "Simonsville Road", "elev_ft": [1311, 1312, 1313, 1313, 1315, 1316, 1316, 1316, 1317, 1317, 1317, 1317, 1318, 1319, 1320, 1320, 1321, 1321, 1323, 1325, 1327, 1327, 1328, 1328, 1329, 1330, 1331, 1331, 1332, 1332, 1333, 1334, 1335, 1337, 1339, 1340, 1340, 1344, 1348, 1350, 1354, 1356, 1357, 1361, 1364, 1370, 1374, 1376, 1385, 1386, 1386, 1386, 1388, 1389, 1389, 1390, 1390, 1390, 1389, 1388, 1387, 1386, 1386, 1386, 1387, 1387, 1386, 1384, 1382, 1382, 1383, 1385, 1385, 1386, 1387, 1389, 1392, 1393, 1393, 1392, 1391, 1389, 1388, 1388, 1387, 1387, 1387, 1387, 1387, 1384, 1383, 1385, 1385, 1387, 1387, 1388, 1387, 1388, 1388, 1388, 1387, 1386, 1385, 1386, 1386, 1385, 1385, 1385, 1385, 1384, 1384, 1384, 1382, 1380, 1379, 1377, 1377, 1378, 1378, 1381, 1382, 1386, 1387, 1391, 1391, 1393, 1402, 1404, 1405, 1405, 1405, 1406, 1404, 1404, 1405, 1406, 1406, 1406, 1408, 1408, 1422, 1423, 1423, 1422, 1417, 1423, 1427, 1438, 1445, 1446, 1448, 1448, 1452, 1453, 1452, 1452, 1453, 1454, 1460, 1466, 1469, 1471, 1474, 1471, 1468, 1457, 1449, 1437, 1436, 1430, 1427, 1427, 1422, 1420, 1413, 1412, 1407, 1407, 1402, 1395, 1395, 1393, 1388, 1385, 1384, 1384, 1385, 1384, 1382, 1379, 1376, 1375, 1367, 1366, 1364, 1361, 1361, 1361, 1361, 1362, 1362, 1364, 1365, 1367, 1367, 1371, 1372, 1374, 1378, 1385, 1387, 1388, 1388, 1399, 1402, 1402, 1404, 1404, 1405, 1407, 1410, 1413, 1415, 1416, 1416, 1417, 1418, 1418, 1420, 1425, 1431, 1431, 1440, 1443, 1445, 1445, 1445, 1446, 1446, 1446, 1446, 1446, 1446, 1446, 1446, 1446, 1446, 1435, 1433, 1433, 1428, 1428, 1426, 1426, 1426, 1426, 1425, 1425, 1424, 1422, 1422, 1418, 1418, 1406, 1403, 1402, 1400, 1400, 1396, 1394, 1393, 1392, 1391, 1390, 1388, 1387, 1386, 1386, 1386, 1385, 1383, 1383]}}, {"type": "Feature", "geometry": {"type": "LineString", "coordinates": [[-99.10882, 30.60307], [-99.10883, 30.60305], [-99.10888, 30.60287], [-99.1089, 30.60282], [-99.10893, 30.6027], [-99.10899, 30.6025], [-99.1091, 30.60212], [-99.10915, 30.60195], [-99.10922, 30.60165], [-99.10923, 30.60158], [-99.10925, 30.60147], [-99.10928, 30.60129], [-99.10929, 30.60122], [-99.1093, 30.60111], [-99.10933, 30.60094], [-99.10933, 30.60093], [-99.10935, 30.60081], [-99.10938, 30.60058], [-99.1094, 30.60051], [-99.10942, 30.6004], [-99.10951, 30.60005], [-99.10966, 30.59953], [-99.10967, 30.59949], [-99.10976, 30.59918], [-99.10981, 30.599], [-99.10986, 30.59883], [-99.11012, 30.59796], [-99.11029, 30.5974], [-99.11045, 30.59687], [-99.11058, 30.59643], [-99.11076, 30.59582], [-99.11083, 30.59556], [-99.11088, 30.59539], [-99.11089, 30.59539], [-99.11094, 30.59522], [-99.11104, 30.59486], [-99.11109, 30.59469], [-99.1112, 30.59434], [-99.1112, 30.59431], [-99.11145, 30.59347], [-99.1115, 30.5933], [-99.1115, 30.59329], [-99.11153, 30.59318], [-99.11155, 30.59313], [-99.11155, 30.59312], [-99.11174, 30.5925], [-99.11176, 30.59242], [-99.11183, 30.59219], [-99.11186, 30.59208], [-99.11186, 30.59207], [-99.11207, 30.59138], [-99.11217, 30.59103], [-99.11248, 30.58999], [-99.11248, 30.58998], [-99.11254, 30.58981], [-99.11262, 30.58955], [-99.11264, 30.5895], [-99.11265, 30.58947], [-99.11265, 30.58946], [-99.1127, 30.58934], [-99.11271, 30.5893], [-99.11272, 30.58929], [-99.11276, 30.58918], [-99.11279, 30.58912], [-99.11283, 30.58902], [-99.11286, 30.58896], [-99.11292, 30.58884], [-99.11301, 30.58869], [-99.11304, 30.58863], [-99.11307, 30.58858], [-99.11326, 30.5883], [-99.11342, 30.58807], [-99.11347, 30.58802], [-99.11359, 30.58787], [-99.11362, 30.58783], [-99.11383, 30.58758], [-99.11403, 30.58733]]}, "properties": {"surface": "pavement", "label": "Pavement", "color": "#4A5568", "miles": 1.14, "start_mi": 89.61, "end_mi": 90.75, "road": "Ranch Road 783", "elev_ft": [1388, 1389, 1392, 1393, 1396, 1400, 1404, 1406, 1411, 1412, 1415, 1419, 1421, 1421, 1423, 1423, 1422, 1421, 1420, 1419, 1415, 1407, 1407, 1403, 1401, 1400, 1397, 1394, 1394, 1395, 1398, 1399, 1400, 1400, 1401, 1401, 1402, 1402, 1402, 1404, 1403, 1403, 1404, 1404, 1404, 1409, 1410, 1412, 1413, 1413, 1420, 1422, 1429, 1429, 1431, 1436, 1437, 1437, 1437, 1440, 1440, 1440, 1442, 1442, 1444, 1444, 1446, 1447, 1448, 1449, 1455, 1460, 1461, 1464, 1465, 1469, 1473]}}, {"type": "Feature", "geometry": {"type": "LineString", "coordinates": [[-99.11443, 30.58684], [-99.11458, 30.58666], [-99.11535, 30.58572], [-99.11535, 30.58572], [-99.11542, 30.58571], [-99.11549, 30.58569], [-99.11559, 30.58565], [-99.11579, 30.58555], [-99.11614, 30.58537], [-99.11614, 30.58537], [-99.11622, 30.58533], [-99.11627, 30.58531], [-99.11633, 30.58528], [-99.11645, 30.58522], [-99.11651, 30.58519], [-99.11651, 30.58518], [-99.11669, 30.58509], [-99.11708, 30.58489], [-99.11798, 30.58446], [-99.11814, 30.58438], [-99.11874, 30.58409], [-99.11887, 30.58403], [-99.11924, 30.58385], [-99.11997, 30.5835], [-99.12012, 30.58342], [-99.12015, 30.58341], [-99.1203, 30.58333], [-99.12102, 30.58298], [-99.12121, 30.58288], [-99.12123, 30.58287], [-99.12175, 30.58262], [-99.12202, 30.58248], [-99.1223, 30.58235], [-99.12232, 30.58234], [-99.12233, 30.58234], [-99.12248, 30.58227], [-99.12267, 30.58218], [-99.12269, 30.58217], [-99.12306, 30.58199], [-99.12323, 30.58189], [-99.12331, 30.58183], [-99.1234, 30.58171], [-99.1235, 30.58154], [-99.12357, 30.5814], [-99.1237, 30.58114], [-99.12376, 30.58106], [-99.12378, 30.58103], [-99.1239, 30.58092], [-99.124, 30.58085], [-99.12407, 30.58082], [-99.12412, 30.5808], [-99.12425, 30.58075], [-99.12426, 30.58074], [-99.12443, 30.58068], [-99.12445, 30.58068], [-99.1245, 30.58066], [-99.12462, 30.58063], [-99.12546, 30.58044], [-99.12587, 30.58035], [-99.12605, 30.58031], [-99.12627, 30.58026], [-99.12689, 30.58012], [-99.12708, 30.58007], [-99.1271, 30.58007], [-99.12726, 30.58003], [-99.12727, 30.58003], [-99.12729, 30.58003], [-99.12739, 30.58002], [-99.1277, 30.58001], [-99.12788, 30.58001], [-99.12796, 30.58001], [-99.12809, 30.58001], [-99.12811, 30.58001], [-99.12815, 30.58001], [-99.12826, 30.58001], [-99.12851, 30.58], [-99.12853, 30.58], [-99.12862, 30.58], [-99.12881, 30.58], [-99.12912, 30.58], [-99.12927, 30.57999], [-99.12935, 30.57999], [-99.13032, 30.57999], [-99.13039, 30.57999], [-99.13046, 30.57999], [-99.13164, 30.57999], [-99.1324, 30.57999], [-99.13303, 30.57998], [-99.13324, 30.57998], [-99.13408, 30.57998], [-99.13429, 30.57998], [-99.13449, 30.57998], [-99.13546, 30.57999], [-99.13601, 30.57998], [-99.13737, 30.57998], [-99.13743, 30.57998], [-99.13758, 30.57998], [-99.13821, 30.57998], [-99.13883, 30.57998], [-99.13946, 30.57998], [-99.14009, 30.57998], [-99.14022, 30.57998], [-99.14117, 30.57998], [-99.1421, 30.57999], [-99.14229, 30.57999], [-99.14259, 30.57998], [-99.14264, 30.57998], [-99.14277, 30.57998], [-99.14298, 30.57996], [-99.14314, 30.57993], [-99.14336, 30.57984], [-99.14358, 30.57971], [-99.14377, 30.57955], [-99.14395, 30.57938], [-99.14419, 30.57916], [-99.1447, 30.57871], [-99.14482, 30.5786], [-99.14496, 30.57847], [-99.1452, 30.57826], [-99.14579, 30.57772], [-99.14629, 30.57728], [-99.14672, 30.57691], [-99.14688, 30.57676], [-99.14702, 30.57663], [-99.14778, 30.57596], [-99.14794, 30.57583], [-99.14804, 30.57574], [-99.14808, 30.5757], [-99.14819, 30.57561], [-99.14823, 30.57557], [-99.14852, 30.57531], [-99.14878, 30.57508], [-99.14924, 30.57464], [-99.14943, 30.57448], [-99.15012, 30.57387], [-99.15014, 30.57385], [-99.15027, 30.57374], [-99.15031, 30.57371], [-99.15038, 30.57364], [-99.1505, 30.57352], [-99.1507, 30.5733], [-99.15082, 30.57312], [-99.15088, 30.57296], [-99.15088, 30.57269], [-99.1509, 30.57249], [-99.15091, 30.57233], [-99.15094, 30.57216], [-99.15105, 30.57191], [-99.15119, 30.57166], [-99.15124, 30.5716], [-99.15132, 30.57147], [-99.15141, 30.57134], [-99.15153, 30.57115], [-99.15161, 30.57102], [-99.15163, 30.57099], [-99.15203, 30.57039], [-99.15213, 30.57022], [-99.15228, 30.57002], [-99.15237, 30.56994], [-99.15249, 30.56982], [-99.15261, 30.56973], [-99.1528, 30.56961], [-99.15297, 30.56953], [-99.15312, 30.56947], [-99.15322, 30.56945], [-99.15335, 30.56943], [-99.15343, 30.56941], [-99.15361, 30.56937], [-99.15383, 30.56934], [-99.15396, 30.56932], [-99.15424, 30.56927], [-99.15445, 30.56923], [-99.15455, 30.56921], [-99.15465, 30.5692], [-99.15547, 30.56905], [-99.15605, 30.56895], [-99.15609, 30.56894], [-99.1569, 30.56879], [-99.15731, 30.56871], [-99.15744, 30.56869], [-99.15772, 30.56864], [-99.15854, 30.5685], [-99.15876, 30.56846], [-99.15895, 30.56843], [-99.15915, 30.56839], [-99.15923, 30.56838], [-99.15936, 30.56835], [-99.15956, 30.56832], [-99.15958, 30.56831], [-99.15959, 30.56831], [-99.16, 30.56822], [-99.16017, 30.56817], [-99.16019, 30.56816], [-99.16045, 30.56806], [-99.16058, 30.56797], [-99.16069, 30.5679], [-99.16092, 30.56771], [-99.1612, 30.56749], [-99.16136, 30.56735], [-99.16182, 30.56696], [-99.16195, 30.56686], [-99.16233, 30.56656], [-99.16267, 30.5663], [-99.16287, 30.56613], [-99.16294, 30.56606], [-99.16307, 30.56595], [-99.16317, 30.56582], [-99.16326, 30.56564], [-99.16334, 30.56545], [-99.16342, 30.56529], [-99.16348, 30.56521], [-99.16358, 30.56511], [-99.16372, 30.56502], [-99.16383, 30.56496], [-99.16401, 30.56489], [-99.16408, 30.56487], [-99.16428, 30.56483], [-99.16437, 30.56481], [-99.16453, 30.56478], [-99.16487, 30.56468], [-99.16505, 30.5646], [-99.16521, 30.56452], [-99.16531, 30.56447], [-99.16571, 30.56426], [-99.16606, 30.56404], [-99.16617, 30.56396], [-99.16653, 30.56372], [-99.16689, 30.56344], [-99.16697, 30.56338], [-99.16743, 30.56302], [-99.1675, 30.56297], [-99.16774, 30.56278], [-99.1682, 30.56241], [-99.16823, 30.56239], [-99.16852, 30.56217], [-99.16854, 30.56215], [-99.16884, 30.56195], [-99.1689, 30.56191], [-99.16916, 30.56171], [-99.16932, 30.5616], [-99.16935, 30.56157], [-99.16969, 30.5613], [-99.17005, 30.56096], [-99.17008, 30.56093], [-99.17018, 30.56082], [-99.17037, 30.56062], [-99.17098, 30.55994], [-99.17134, 30.55954], [-99.1719, 30.5589], [-99.17218, 30.5586], [-99.17265, 30.55807], [-99.17267, 30.55805], [-99.1728, 30.55791], [-99.17325, 30.55739], [-99.17368, 30.5569], [-99.17381, 30.55676], [-99.1739, 30.55665], [-99.17438, 30.55612], [-99.17465, 30.55585], [-99.17493, 30.55558], [-99.17514, 30.55538], [-99.17523, 30.55529], [-99.17529, 30.55525], [-99.17556, 30.55501], [-99.17591, 30.55467], [-99.176, 30.55459], [-99.17641, 30.55421], [-99.17657, 30.55406], [-99.17672, 30.55392], [-99.17686, 30.55376], [-99.17695, 30.55362], [-99.17703, 30.55344], [-99.17708, 30.55324], [-99.17712, 30.55294], [-99.17714, 30.55278], [-99.1772, 30.55212], [-99.17722, 30.55187], [-99.17728, 30.55108], [-99.17731, 30.55079], [-99.17734, 30.55061], [-99.17736, 30.55041], [-99.17737, 30.55025], [-99.1774, 30.54989], [-99.17744, 30.54932], [-99.17745, 30.54918], [-99.17747, 30.549], [-99.17756, 30.54816], [-99.17759, 30.54774], [-99.1776, 30.54756], [-99.17764, 30.54702], [-99.17766, 30.54684], [-99.17766, 30.5468], [-99.17772, 30.54613], [-99.17774, 30.54595], [-99.17779, 30.54541], [-99.17793, 30.54425], [-99.17793, 30.54425], [-99.17788, 30.54414], [-99.17781, 30.54391], [-99.17772, 30.5436], [-99.17772, 30.5436], [-99.17765, 30.54336], [-99.17757, 30.54313], [-99.17753, 30.54301], [-99.17744, 30.54273], [-99.17711, 30.54162], [-99.17705, 30.54145], [-99.17694, 30.5411], [-99.17671, 30.54041], [-99.17666, 30.54024], [-99.1766, 30.54006], [-99.17654, 30.53989], [-99.17637, 30.53935], [-99.17622, 30.53885], [-99.17618, 30.53872], [-99.1761, 30.53847], [-99.17589, 30.5378], [-99.17586, 30.5377], [-99.1757, 30.53722], [-99.17556, 30.53677], [-99.17506, 30.5352], [-99.17502, 30.53508], [-99.17479, 30.53434], [-99.1745, 30.53341], [-99.17449, 30.53336], [-99.17445, 30.53325], [-99.17445, 30.53323], [-99.1744, 30.53306], [-99.17426, 30.5326], [-99.17419, 30.53236], [-99.17413, 30.53206], [-99.1741, 30.53176], [-99.1741, 30.53165], [-99.1741, 30.53163], [-99.1741, 30.53147], [-99.1741, 30.53145], [-99.17409, 30.53129], [-99.17408, 30.53123], [-99.17406, 30.53111], [-99.17404, 30.53101], [-99.17399, 30.53057], [-99.17395, 30.5302], [-99.17393, 30.53006], [-99.1739, 30.52988], [-99.17388, 30.5297], [-99.17383, 30.52941], [-99.17383, 30.52935], [-99.17379, 30.52903], [-99.17378, 30.52899], [-99.17376, 30.52881], [-99.17373, 30.52863], [-99.17369, 30.52827], [-99.17366, 30.52809], [-99.17365, 30.52795], [-99.17364, 30.52792], [-99.1735, 30.52684], [-99.17348, 30.52666], [-99.17346, 30.52655], [-99.17346, 30.52649], [-99.17341, 30.52613], [-99.17334, 30.52559], [-99.1733, 30.52505], [-99.17328, 30.52487], [-99.17327, 30.52469], [-99.17325, 30.52455], [-99.17324, 30.52452], [-99.17319, 30.52443], [-99.17315, 30.52435], [-99.17313, 30.5243], [-99.17306, 30.5242], [-99.17293, 30.5241], [-99.17234, 30.52369], [-99.17209, 30.52351], [-99.17193, 30.52339], [-99.17169, 30.52321], [-99.17146, 30.52304], [-99.1707, 30.52248], [-99.17064, 30.52244], [-99.16974, 30.52179], [-99.16962, 30.5217], [-99.16942, 30.52156], [-99.1693, 30.52146], [-99.16926, 30.52144], [-99.1691, 30.52133], [-99.16895, 30.52122], [-99.16861, 30.52098], [-99.16831, 30.52074], [-99.16804, 30.52051], [-99.1678, 30.52028], [-99.16761, 30.52008], [-99.16759, 30.52005], [-99.16751, 30.51992], [-99.16743, 30.51979], [-99.16735, 30.51959], [-99.1673, 30.51947], [-99.16728, 30.51942], [-99.16668, 30.51789], [-99.16661, 30.51772], [-99.16654, 30.51754], [-99.16595, 30.51601], [-99.16581, 30.51567], [-99.16577, 30.51555], [-99.16575, 30.5155], [-99.16547, 30.51482], [-99.1654, 30.51464], [-99.16517, 30.5141], [-99.16517, 30.5141], [-99.16503, 30.5141], [-99.16481, 30.51413], [-99.1647, 30.51415], [-99.16436, 30.51439], [-99.16428, 30.51448], [-99.16412, 30.51464], [-99.16387, 30.51488], [-99.16367, 30.51508], [-99.16346, 30.51529], [-99.16335, 30.5154], [-99.16332, 30.51543], [-99.16289, 30.51582], [-99.16285, 30.51586], [-99.16276, 30.51596], [-99.16262, 30.5161], [-99.16254, 30.51617], [-99.16239, 30.5163], [-99.16219, 30.51642], [-99.16199, 30.51647], [-99.16173, 30.51649], [-99.16152, 30.51651], [-99.16099, 30.51656], [-99.1609, 30.51657], [-99.16079, 30.51658], [-99.16069, 30.51659], [-99.16051, 30.5166], [-99.16049, 30.5166], [-99.16032, 30.5166], [-99.16007, 30.51657], [-99.16002, 30.51656], [-99.15976, 30.51651], [-99.15967, 30.51648], [-99.15927, 30.51637], [-99.15907, 30.51632], [-99.15881, 30.51624], [-99.15849, 30.51616], [-99.1581, 30.51609], [-99.15786, 30.51606], [-99.1575, 30.51603], [-99.15698, 30.51601], [-99.1564, 30.51598], [-99.15636, 30.51597], [-99.15627, 30.51597], [-99.15619, 30.51597], [-99.15598, 30.51597], [-99.15586, 30.51597], [-99.15555, 30.51597], [-99.15545, 30.51596], [-99.15488, 30.5159], [-99.15442, 30.51586], [-99.1543, 30.51585], [-99.15421, 30.51584], [-99.15414, 30.51583], [-99.154, 30.51581], [-99.15381, 30.5158], [-99.15351, 30.51577], [-99.15296, 30.51575], [-99.15275, 30.51575], [-99.15261, 30.51574], [-99.15171, 30.51573], [-99.15118, 30.51572], [-99.15108, 30.51571], [-99.15058, 30.5157], [-99.15022, 30.5157], [-99.15004, 30.51568], [-99.1499, 30.51566], [-99.14959, 30.51559], [-99.14928, 30.51548], [-99.14898, 30.51535], [-99.14864, 30.51519], [-99.14846, 30.51508], [-99.1484, 30.51497], [-99.14837, 30.5149], [-99.14836, 30.5148], [-99.14836, 30.51477], [-99.14834, 30.51419], [-99.14829, 30.51372], [-99.14829, 30.51369], [-99.14828, 30.51363], [-99.14827, 30.51359], [-99.14826, 30.51354], [-99.14821, 30.51333], [-99.14809, 30.51301], [-99.14802, 30.51286], [-99.14794, 30.51269], [-99.14792, 30.51265], [-99.14789, 30.5126], [-99.14776, 30.51238], [-99.14766, 30.51225], [-99.14752, 30.51218], [-99.14723, 30.51212], [-99.14703, 30.51208], [-99.14677, 30.51202], [-99.14648, 30.51195], [-99.14642, 30.51194], [-99.14633, 30.51192], [-99.14631, 30.51192], [-99.14624, 30.51191], [-99.14622, 30.51191], [-99.14611, 30.51191], [-99.14524, 30.5119], [-99.14517, 30.5119], [-99.14444, 30.51191], [-99.14434, 30.51191], [-99.14385, 30.51191], [-99.14346, 30.51192], [-99.14318, 30.51192], [-99.14308, 30.51192], [-99.14267, 30.51192], [-99.14263, 30.51192], [-99.14246, 30.51192], [-99.14204, 30.51192], [-99.14189, 30.51192], [-99.14172, 30.51193], [-99.14164, 30.51194], [-99.14149, 30.51198], [-99.14138, 30.51202], [-99.14118, 30.5121], [-99.14105, 30.51215], [-99.14095, 30.51219], [-99.14086, 30.51223], [-99.14071, 30.51229], [-99.14056, 30.51233], [-99.14041, 30.51236], [-99.14015, 30.51239], [-99.14011, 30.5124], [-99.13901, 30.51241], [-99.13874, 30.51241], [-99.13834, 30.51241], [-99.13807, 30.5124], [-99.13797, 30.5124], [-99.13797, 30.5124], [-99.13785, 30.5124], [-99.13763, 30.51239], [-99.13763, 30.51239]]}, "properties": {"surface": "unknown", "label": "Unverified", "color": "#9A9389", "miles": 9.52, "start_mi": 90.75, "end_mi": 100.28, "road": "Salt Branch Loop", "elev_ft": [1483, 1485, 1490, 1490, 1490, 1491, 1492, 1495, 1499, 1499, 1500, 1500, 1501, 1501, 1502, 1502, 1502, 1504, 1504, 1502, 1496, 1495, 1493, 1500, 1501, 1502, 1502, 1504, 1505, 1505, 1507, 1509, 1510, 1510, 1510, 1510, 1509, 1509, 1507, 1509, 1510, 1510, 1512, 1513, 1516, 1517, 1517, 1519, 1520, 1522, 1523, 1526, 1526, 1529, 1530, 1530, 1531, 1537, 1538, 1538, 1537, 1536, 1537, 1537, 1537, 1537, 1537, 1538, 1538, 1539, 1540, 1541, 1542, 1542, 1544, 1546, 1546, 1547, 1548, 1550, 1550, 1551, 1552, 1552, 1552, 1554, 1554, 1555, 1555, 1555, 1555, 1555, 1555, 1554, 1553, 1553, 1553, 1553, 1553, 1553, 1554, 1554, 1556, 1557, 1557, 1558, 1558, 1558, 1558, 1558, 1558, 1559, 1559, 1560, 1563, 1567, 1568, 1569, 1571, 1573, 1575, 1576, 1577, 1578, 1582, 1582, 1582, 1582, 1582, 1582, 1583, 1583, 1583, 1584, 1588, 1588, 1590, 1591, 1592, 1594, 1598, 1600, 1602, 1603, 1604, 1605, 1606, 1607, 1609, 1609, 1610, 1612, 1615, 1616, 1617, 1624, 1623, 1624, 1624, 1624, 1624, 1624, 1625, 1626, 1627, 1628, 1629, 1632, 1634, 1635, 1636, 1636, 1636, 1636, 1627, 1624, 1624, 1607, 1599, 1598, 1600, 1610, 1611, 1610, 1609, 1608, 1607, 1604, 1604, 1603, 1599, 1597, 1597, 1596, 1596, 1596, 1596, 1597, 1598, 1601, 1602, 1602, 1604, 1606, 1607, 1608, 1609, 1611, 1613, 1615, 1615, 1616, 1617, 1617, 1618, 1618, 1617, 1617, 1617, 1617, 1617, 1617, 1616, 1616, 1617, 1618, 1621, 1622, 1622, 1624, 1624, 1629, 1639, 1639, 1641, 1641, 1643, 1643, 1644, 1645, 1645, 1646, 1647, 1647, 1647, 1648, 1650, 1651, 1653, 1654, 1656, 1656, 1656, 1657, 1659, 1662, 1665, 1675, 1678, 1685, 1691, 1692, 1693, 1694, 1693, 1693, 1692, 1693, 1694, 1694, 1694, 1695, 1697, 1701, 1708, 1732, 1739, 1759, 1769, 1776, 1781, 1782, 1784, 1786, 1787, 1790, 1798, 1800, 1801, 1804, 1805, 1805, 1807, 1808, 1811, 1811, 1811, 1811, 1810, 1810, 1810, 1809, 1809, 1810, 1810, 1809, 1809, 1809, 1809, 1809, 1809, 1808, 1807, 1805, 1804, 1802, 1798, 1798, 1795, 1793, 1778, 1777, 1773, 1771, 1771, 1772, 1772, 1775, 1783, 1785, 1787, 1788, 1788, 1788, 1788, 1788, 1788, 1788, 1788, 1787, 1786, 1784, 1783, 1781, 1779, 1772, 1771, 1768, 1768, 1767, 1768, 1768, 1769, 1769, 1769, 1780, 1782, 1783, 1784, 1786, 1788, 1791, 1792, 1793, 1794, 1794, 1793, 1793, 1793, 1792, 1789, 1781, 1778, 1777, 1777, 1777, 1783, 1783, 1785, 1785, 1785, 1785, 1785, 1785, 1784, 1773, 1768, 1765, 1765, 1763, 1762, 1760, 1758, 1756, 1756, 1757, 1766, 1766, 1767, 1767, 1766, 1766, 1766, 1766, 1767, 1766, 1766, 1764, 1761, 1760, 1757, 1757, 1756, 1755, 1754, 1754, 1754, 1754, 1757, 1757, 1758, 1760, 1761, 1766, 1772, 1775, 1779, 1781, 1785, 1785, 1784, 1784, 1784, 1784, 1784, 1782, 1782, 1781, 1780, 1778, 1776, 1775, 1773, 1771, 1769, 1767, 1763, 1760, 1760, 1760, 1760, 1762, 1762, 1765, 1765, 1770, 1773, 1774, 1774, 1775, 1776, 1777, 1778, 1780, 1781, 1781, 1781, 1781, 1781, 1781, 1781, 1781, 1781, 1780, 1779, 1778, 1777, 1776, 1776, 1775, 1775, 1775, 1772, 1770, 1770, 1770, 1769, 1769, 1768, 1766, 1765, 1764, 1764, 1763, 1762, 1761, 1760, 1760, 1760, 1760, 1759, 1759, 1758, 1758, 1758, 1758, 1758, 1755, 1755, 1753, 1753, 1752, 1752, 1751, 1751, 1752, 1751, 1751, 1751, 1751, 1750, 1750, 1750, 1750, 1751, 1751, 1751, 1751, 1751, 1751, 1751, 1751, 1751, 1748, 1748, 1746, 1744, 1744, 1744, 1743, 1741, 1741]}}, {"type": "Feature", "geometry": {"type": "LineString", "coordinates": [[-99.13726, 30.51155], [-99.13724, 30.5115], [-99.13719, 30.51138], [-99.13715, 30.51128], [-99.1369, 30.51071], [-99.13675, 30.51037], [-99.13668, 30.5102], [-99.13631, 30.50936], [-99.13624, 30.50919], [-99.13617, 30.50902], [-99.13609, 30.50886], [-99.13581, 30.50821], [-99.13552, 30.50753], [-99.13545, 30.50737], [-99.13528, 30.50698], [-99.13501, 30.50636], [-99.13493, 30.50619], [-99.13478, 30.50584], [-99.13473, 30.50573], [-99.13441, 30.50498], [-99.13427, 30.50465], [-99.13383, 30.50364], [-99.13361, 30.50313], [-99.13346, 30.50279], [-99.13339, 30.50263], [-99.1332, 30.50218], [-99.13317, 30.50212], [-99.1331, 30.50195], [-99.1328, 30.50128], [-99.13278, 30.50124], [-99.13273, 30.50111], [-99.13266, 30.50094], [-99.13263, 30.50087], [-99.13261, 30.50083], [-99.13251, 30.5006], [-99.13245, 30.50046], [-99.13241, 30.50037], [-99.13239, 30.50033], [-99.13222, 30.49993], [-99.13214, 30.49976], [-99.13211, 30.49969], [-99.1321, 30.49965], [-99.13187, 30.49912], [-99.13172, 30.49879], [-99.1317, 30.49875], [-99.13163, 30.49858], [-99.13147, 30.49822], [-99.13141, 30.49808], [-99.1314, 30.49805], [-99.13134, 30.49791], [-99.13133, 30.49788], [-99.13125, 30.49772], [-99.13119, 30.49757], [-99.13118, 30.49755], [-99.13112, 30.4974], [-99.13096, 30.49704], [-99.1308, 30.49667], [-99.13067, 30.49635], [-99.13065, 30.49628], [-99.13063, 30.49621], [-99.13062, 30.49618], [-99.13057, 30.49601], [-99.13057, 30.496], [-99.13056, 30.49597], [-99.13053, 30.49583], [-99.13053, 30.49582], [-99.13051, 30.49568], [-99.1305, 30.49565], [-99.13049, 30.49558], [-99.13047, 30.49529], [-99.13048, 30.49509], [-99.13048, 30.49493], [-99.1305, 30.49482], [-99.1305, 30.49476], [-99.13052, 30.49459], [-99.13057, 30.49422], [-99.13057, 30.49419], [-99.13059, 30.49404], [-99.13062, 30.49384], [-99.13064, 30.49362], [-99.13066, 30.4935], [-99.13068, 30.49332], [-99.13069, 30.49321], [-99.1307, 30.49315], [-99.13072, 30.49303], [-99.13073, 30.49297], [-99.13073, 30.49295], [-99.13075, 30.49279], [-99.13076, 30.49267], [-99.13077, 30.49261], [-99.13079, 30.49246], [-99.13081, 30.49225], [-99.13082, 30.49212], [-99.13083, 30.49181], [-99.13083, 30.49166], [-99.13083, 30.49164], [-99.13082, 30.49132], [-99.13078, 30.49094], [-99.13077, 30.49083], [-99.13073, 30.49055], [-99.1307, 30.49037], [-99.13066, 30.49018], [-99.13063, 30.49002], [-99.13062, 30.48993], [-99.13058, 30.48975], [-99.13057, 30.48966], [-99.13054, 30.48954], [-99.13053, 30.48949], [-99.1305, 30.48931], [-99.13047, 30.48913], [-99.13045, 30.48901], [-99.13041, 30.48876], [-99.13038, 30.48857], [-99.13036, 30.48842], [-99.13035, 30.48837], [-99.13033, 30.48811], [-99.13033, 30.48808], [-99.13033, 30.48806], [-99.13032, 30.48788], [-99.13032, 30.48783], [-99.13032, 30.4877], [-99.13031, 30.48752], [-99.13031, 30.48742], [-99.13031, 30.48701], [-99.13031, 30.4868], [-99.13031, 30.48662], [-99.1303, 30.4862], [-99.1303, 30.48608], [-99.1303, 30.4859], [-99.13029, 30.48473], [-99.13028, 30.48437], [-99.13028, 30.48411], [-99.13029, 30.48361], [-99.13029, 30.48339], [-99.13029, 30.48321], [-99.1303, 30.48231], [-99.1303, 30.48149], [-99.13031, 30.48106], [-99.13032, 30.48034], [-99.13032, 30.48016], [-99.13032, 30.47998], [-99.13033, 30.47962], [-99.13034, 30.47944], [-99.13034, 30.47936], [-99.13034, 30.47926], [-99.13034, 30.47908], [-99.13034, 30.4789], [-99.13035, 30.47872], [-99.13035, 30.47818], [-99.13035, 30.478], [-99.13035, 30.47792], [-99.13035, 30.47782], [-99.13035, 30.47764], [-99.13036, 30.4771], [-99.13036, 30.47692], [-99.13037, 30.47674], [-99.13037, 30.47656], [-99.13037, 30.47638], [-99.13038, 30.47601], [-99.13038, 30.47531], [-99.13039, 30.47513], [-99.13039, 30.47477], [-99.13039, 30.47459], [-99.13039, 30.47441], [-99.13039, 30.47423], [-99.13039, 30.47387], [-99.1304, 30.47351], [-99.1304, 30.47333], [-99.1304, 30.47315], [-99.1304, 30.47297], [-99.1304, 30.47279], [-99.1304, 30.47261], [-99.13041, 30.47243], [-99.13041, 30.47225], [-99.13041, 30.47213], [-99.13041, 30.47207], [-99.13041, 30.47189], [-99.13042, 30.47117], [-99.13042, 30.47099], [-99.13042, 30.47081], [-99.13042, 30.47063], [-99.13042, 30.4706], [-99.13042, 30.47045], [-99.13042, 30.47009], [-99.13042, 30.46937], [-99.13043, 30.46901], [-99.13043, 30.46847], [-99.13043, 30.46829], [-99.13043, 30.46811], [-99.13043, 30.46721], [-99.13044, 30.46683], [-99.13044, 30.46667], [-99.13044, 30.46541], [-99.13044, 30.46523], [-99.13044, 30.46505], [-99.13045, 30.46388], [-99.13046, 30.46313], [-99.13046, 30.46295], [-99.13046, 30.46261], [-99.13046, 30.46241], [-99.13046, 30.46231], [-99.13046, 30.46223], [-99.13046, 30.46205], [-99.13046, 30.46187], [-99.13047, 30.46109], [-99.13047, 30.46079], [-99.13047, 30.46025], [-99.13047, 30.46007], [-99.13047, 30.45958], [-99.13047, 30.45899], [-99.13047, 30.45861], [-99.13046, 30.45815], [-99.13046, 30.45755], [-99.13046, 30.45737], [-99.13046, 30.45719], [-99.13046, 30.45647], [-99.13046, 30.45585], [-99.13046, 30.45567], [-99.13046, 30.45549], [-99.13046, 30.45531], [-99.13046, 30.45335], [-99.13046, 30.45243], [-99.13047, 30.4519], [-99.13047, 30.45118], [-99.13048, 30.45083], [-99.13048, 30.45057], [-99.13049, 30.44931], [-99.13049, 30.44926], [-99.13049, 30.44922], [-99.1305, 30.44766], [-99.1305, 30.44741], [-99.1305, 30.44723], [-99.1305, 30.44651], [-99.13051, 30.44628], [-99.13051, 30.44617], [-99.13051, 30.44595], [-99.13051, 30.44543], [-99.13051, 30.44525], [-99.13051, 30.44519], [-99.13055, 30.4447], [-99.13057, 30.44463]]}, "properties": {"surface": "pavement", "label": "Pavement", "color": "#4A5568", "miles": 4.7, "start_mi": 100.28, "end_mi": 104.98, "road": "Ranch Road 783", "elev_ft": [1741, 1741, 1740, 1740, 1737, 1735, 1734, 1729, 1729, 1728, 1727, 1725, 1723, 1723, 1722, 1720, 1720, 1718, 1718, 1712, 1710, 1704, 1702, 1701, 1700, 1698, 1698, 1697, 1686, 1685, 1683, 1681, 1681, 1681, 1680, 1680, 1680, 1680, 1680, 1680, 1680, 1680, 1682, 1683, 1683, 1684, 1686, 1686, 1686, 1686, 1686, 1686, 1685, 1685, 1683, 1682, 1683, 1684, 1684, 1683, 1683, 1679, 1678, 1678, 1675, 1674, 1671, 1671, 1669, 1664, 1661, 1660, 1659, 1658, 1656, 1654, 1654, 1652, 1649, 1646, 1644, 1641, 1638, 1636, 1629, 1627, 1626, 1624, 1623, 1623, 1622, 1621, 1621, 1622, 1623, 1623, 1622, 1617, 1616, 1622, 1624, 1626, 1628, 1629, 1632, 1633, 1635, 1635, 1637, 1639, 1641, 1645, 1648, 1650, 1652, 1657, 1658, 1658, 1661, 1661, 1662, 1663, 1664, 1665, 1665, 1665, 1667, 1668, 1670, 1682, 1683, 1684, 1687, 1688, 1690, 1699, 1701, 1699, 1691, 1688, 1686, 1682, 1681, 1681, 1681, 1681, 1681, 1682, 1683, 1683, 1683, 1683, 1683, 1685, 1685, 1685, 1686, 1686, 1686, 1682, 1681, 1680, 1680, 1680, 1681, 1683, 1684, 1684, 1684, 1683, 1682, 1680, 1680, 1679, 1679, 1679, 1680, 1681, 1681, 1681, 1681, 1681, 1681, 1681, 1680, 1677, 1673, 1672, 1671, 1666, 1664, 1664, 1664, 1664, 1662, 1652, 1647, 1646, 1648, 1650, 1651, 1652, 1655, 1656, 1665, 1671, 1676, 1676, 1677, 1678, 1679, 1681, 1682, 1683, 1684, 1692, 1698, 1698, 1700, 1701, 1705, 1707, 1709, 1712, 1714, 1715, 1720, 1720, 1721, 1724, 1725, 1725, 1726, 1726, 1727, 1727, 1728, 1728, 1728, 1730, 1730]}}]}